
==============================================================================
EXPERIMENT: Ablation_NoL3_LabelFlip20pct
SEED:       52
STARTED:    2026-09-16T01:12:49+00:00
TIMEOUT:    180.0 min
COMMAND:
/app/.venv/bin/python train.py --num-clients 10 --num-rounds 50 --nrows 150000 --batch-size 512 --epochs-per-round 10 --results-dir ./results/seed_52 --save-model ./results/seed_52/models/Ablation_NoL3_LabelFlip20pct.pt --seed 52 --run-label Ablation_NoL3_LabelFlip20pct --disable-layer3 --num-adversaries 2 --attack-type label_flip
==============================================================================
Device: cuda
  GPU: NVIDIA GeForce RTX 3060
  VRAM: 12.9 GB

Loading data from: ./data/raw
/app/.venv/lib/python3.14/site-packages/numpy/lib/_function_base_impl.py:3036: RuntimeWarning: invalid value encountered in divide
  c /= stddev[:, None]
/app/.venv/lib/python3.14/site-packages/numpy/lib/_function_base_impl.py:3037: RuntimeWarning: invalid value encountered in divide
  c /= stddev[None, :]
/app/data/loader.py:132: PerformanceWarning: DataFrame is highly fragmented.  This is usually the result of calling `frame.insert` many times, which has poor performance.  Consider joining all columns at once using pd.concat(axis=1) instead. To get a de-fragmented frame, use `newframe = frame.copy()`
  X_df["uid_fraud_mean"] = y_series.groupby(by=uid_series).transform("mean").values
/app/data/loader.py:133: PerformanceWarning: DataFrame is highly fragmented.  This is usually the result of calling `frame.insert` many times, which has poor performance.  Consider joining all columns at once using pd.concat(axis=1) instead. To get a de-fragmented frame, use `newframe = frame.copy()`
  X_df["uid_count"]      = uid_series.groupby(by=uid_series).transform("count").astype(np.float32).values
/app/data/loader.py:134: PerformanceWarning: DataFrame is highly fragmented.  This is usually the result of calling `frame.insert` many times, which has poor performance.  Consider joining all columns at once using pd.concat(axis=1) instead. To get a de-fragmented frame, use `newframe = frame.copy()`
  X_df["uid_amt_mean"]   = amt_series.groupby(by=uid_series).transform("mean").astype(np.float32).values
/app/data/loader.py:135: PerformanceWarning: DataFrame is highly fragmented.  This is usually the result of calling `frame.insert` many times, which has poor performance.  Consider joining all columns at once using pd.concat(axis=1) instead. To get a de-fragmented frame, use `newframe = frame.copy()`
  X_df["uid_amt_std"]    = amt_series.groupby(by=uid_series).transform("std").fillna(0).astype(np.float32).values
/app/data/loader.py:142: PerformanceWarning: DataFrame is highly fragmented.  This is usually the result of calling `frame.insert` many times, which has poor performance.  Consider joining all columns at once using pd.concat(axis=1) instead. To get a de-fragmented frame, use `newframe = frame.copy()`
  X_df["log_TransactionAmt"] = np.log1p(
/app/data/loader.py:147: PerformanceWarning: DataFrame is highly fragmented.  This is usually the result of calling `frame.insert` many times, which has poor performance.  Consider joining all columns at once using pd.concat(axis=1) instead. To get a de-fragmented frame, use `newframe = frame.copy()`
  X_df["amt_uid_ratio"] = (
  Train samples: 120000
  Test samples:  30000
  Input dim: 122
Strategy: CascadeRouter

Starting FL simulation:
  Clients:      10
  Rounds:       50
  Adversaries:  2
  Attack:       label_flip
[93mWARNING [0m:   DEPRECATED FEATURE: flwr.simulation.start_simulation() is deprecated.
	Instead, use the `flwr run` CLI command to start a local simulation in your Flower app, as shown for example below:

		$ flwr new  # Create a new Flower app from a template

		$ flwr run  # Run the Flower app in Simulation Mode

	Using `start_simulation()` is deprecated.

            This is a deprecated feature. It will be removed
            entirely in future versions of Flower.
        
[92mINFO [0m:      Starting Flower simulation, config: num_rounds=50, no round_timeout
2026-09-16 01:13:08,146	INFO worker.py:2024 -- Started a local Ray instance.
[92mINFO [0m:      Flower VCE: Ray initialized with resources: {'accelerator_type:GeForce-RTX-3060': 1.0, 'node:__internal_head__': 1.0, 'memory': 4787905741.0, 'GPU': 1.0, 'object_store_memory': 2051959603.0, 'CPU': 20.0, 'node:172.18.0.2': 1.0}
[92mINFO [0m:      Optimize your simulation with Flower VCE: https://flower.ai/docs/framework/how-to-run-simulations.html
[92mINFO [0m:      Flower VCE: Resources for each Virtual Client: {'num_cpus': 10, 'num_gpus': 0.5}
[92mINFO [0m:      Flower VCE: Creating VirtualClientEngineActorPool with 2 actors
[92mINFO [0m:      [INIT]
[92mINFO [0m:      Requesting initial parameters from one random client
[36m(ClientAppActor pid=272310)[0m [93mWARNING [0m:   DEPRECATED FEATURE: `client_fn` now expects a signature `def client_fn(context: Context)`.The provided `client_fn` has signature: {'cid': <Parameter "cid: str">}. You can import the `Context` like this: `from flwr.app import Context`
[36m(ClientAppActor pid=272310)[0m 
[36m(ClientAppActor pid=272310)[0m             This is a deprecated feature. It will be removed
[36m(ClientAppActor pid=272310)[0m             entirely in future versions of Flower.
[36m(ClientAppActor pid=272310)[0m         
[92mINFO [0m:      Received initial parameters from one random client
[92mINFO [0m:      Starting evaluation of initial global parameters
[92mINFO [0m:      Evaluation returned no results (`None`)
[92mINFO [0m:      
[92mINFO [0m:      [ROUND 1]
[92mINFO [0m:      configure_fit: strategy sampled 10 clients (out of 10)
[36m(ClientAppActor pid=272310)[0m [93mWARNING [0m:   DEPRECATED FEATURE: `client_fn` now expects a signature `def client_fn(context: Context)`.The provided `client_fn` has signature: {'cid': <Parameter "cid: str">}. You can import the `Context` like this: `from flwr.app import Context`
[36m(ClientAppActor pid=272310)[0m 
[36m(ClientAppActor pid=272310)[0m             This is a deprecated feature. It will be removed
[36m(ClientAppActor pid=272310)[0m             entirely in future versions of Flower.
[36m(ClientAppActor pid=272310)[0m         
[36m(ClientAppActor pid=272310)[0m [Client 4] Training on NVIDIA GeForce RTX 3060
[36m(ClientAppActor pid=272319)[0m 
[36m(ClientAppActor pid=272319)[0m         
[36m(ClientAppActor pid=272319)[0m 
[36m(ClientAppActor pid=272319)[0m         
[36m(ClientAppActor pid=272319)[0m [93mWARNING [0m:   DEPRECATED FEATURE: `client_fn` now expects a signature `def client_fn(context: Context)`.The provided `client_fn` has signature: {'cid': <Parameter "cid: str">}. You can import the `Context` like this: `from flwr.app import Context`[32m [repeated 2x across cluster] (Ray deduplicates logs by default. Set RAY_DEDUP_LOGS=0 to disable log deduplication, or see https://docs.ray.io/en/master/ray-observability/user-guides/configure-logging.html#log-deduplication for more options.)[0m
[36m(ClientAppActor pid=272319)[0m             This is a deprecated feature. It will be removed[32m [repeated 2x across cluster][0m
[36m(ClientAppActor pid=272319)[0m             entirely in future versions of Flower.[32m [repeated 2x across cluster][0m
[36m(ClientAppActor pid=272319)[0m [Client 9] Training on NVIDIA GeForce RTX 3060[32m [repeated 2x across cluster][0m
[36m(ClientAppActor pid=272319)[0m 
[36m(ClientAppActor pid=272319)[0m         
[36m(ClientAppActor pid=272310)[0m 
[36m(ClientAppActor pid=272310)[0m         
[36m(ClientAppActor pid=272319)[0m 
[36m(ClientAppActor pid=272319)[0m         
[36m(ClientAppActor pid=272319)[0m 
[36m(ClientAppActor pid=272319)[0m         
[36m(ClientAppActor pid=272319)[0m [93mWARNING [0m:   DEPRECATED FEATURE: `client_fn` now expects a signature `def client_fn(context: Context)`.The provided `client_fn` has signature: {'cid': <Parameter "cid: str">}. You can import the `Context` like this: `from flwr.app import Context`[32m [repeated 4x across cluster][0m
[36m(ClientAppActor pid=272319)[0m             This is a deprecated feature. It will be removed[32m [repeated 4x across cluster][0m
[36m(ClientAppActor pid=272319)[0m             entirely in future versions of Flower.[32m [repeated 4x across cluster][0m
[36m(ClientAppActor pid=272319)[0m [Client 6] Training on NVIDIA GeForce RTX 3060[32m [repeated 4x across cluster][0m
[36m(ClientAppActor pid=272310)[0m 
[36m(ClientAppActor pid=272310)[0m         
[36m(ClientAppActor pid=272319)[0m 
[36m(ClientAppActor pid=272319)[0m         
[36m(ClientAppActor pid=272319)[0m 
[36m(ClientAppActor pid=272319)[0m         
[92mINFO [0m:      aggregate_fit: received 10 results and 0 failures
[CascadeRouter] Round 1: 10 clients, 24578 parameters/client
[92mINFO [0m:      configure_evaluate: strategy sampled 10 clients (out of 10)
INFO:flwr:configure_evaluate: strategy sampled 10 clients (out of 10)
[36m(ClientAppActor pid=272310)[0m 
[36m(ClientAppActor pid=272310)[0m         
[36m(ClientAppActor pid=272319)[0m 
[36m(ClientAppActor pid=272319)[0m         
[36m(ClientAppActor pid=272310)[0m 
[36m(ClientAppActor pid=272310)[0m         
[36m(ClientAppActor pid=272319)[0m 
[36m(ClientAppActor pid=272319)[0m         
[36m(ClientAppActor pid=272310)[0m 
[36m(ClientAppActor pid=272310)[0m         
[36m(ClientAppActor pid=272319)[0m 
[36m(ClientAppActor pid=272319)[0m         
[36m(ClientAppActor pid=272310)[0m 
[36m(ClientAppActor pid=272310)[0m         
[36m(ClientAppActor pid=272319)[0m 
[36m(ClientAppActor pid=272319)[0m         
[36m(ClientAppActor pid=272310)[0m 
[36m(ClientAppActor pid=272310)[0m         
[36m(ClientAppActor pid=272319)[0m 
[36m(ClientAppActor pid=272319)[0m         
[92mINFO [0m:      aggregate_evaluate: received 10 results and 0 failures
INFO:flwr:aggregate_evaluate: received 10 results and 0 failures
[92mINFO [0m:      
INFO:flwr:
[92mINFO [0m:      [ROUND 2]
INFO:flwr:[ROUND 2]
[92mINFO [0m:      configure_fit: strategy sampled 10 clients (out of 10)
INFO:flwr:configure_fit: strategy sampled 10 clients (out of 10)
[36m(ClientAppActor pid=272319)[0m 
[36m(ClientAppActor pid=272319)[0m         
[36m(ClientAppActor pid=272310)[0m 
[36m(ClientAppActor pid=272310)[0m         
[36m(ClientAppActor pid=272319)[0m 
[36m(ClientAppActor pid=272319)[0m         
[36m(ClientAppActor pid=272310)[0m 
[36m(ClientAppActor pid=272310)[0m         
[36m(ClientAppActor pid=272310)[0m [93mWARNING [0m:   DEPRECATED FEATURE: `client_fn` now expects a signature `def client_fn(context: Context)`.The provided `client_fn` has signature: {'cid': <Parameter "cid: str">}. You can import the `Context` like this: `from flwr.app import Context`[32m [repeated 17x across cluster][0m
[36m(ClientAppActor pid=272310)[0m             This is a deprecated feature. It will be removed[32m [repeated 17x across cluster][0m
[36m(ClientAppActor pid=272310)[0m             entirely in future versions of Flower.[32m [repeated 17x across cluster][0m
[36m(ClientAppActor pid=272310)[0m [Client 1] Training on NVIDIA GeForce RTX 3060[32m [repeated 7x across cluster][0m
[36m(ClientAppActor pid=272310)[0m 
[36m(ClientAppActor pid=272310)[0m         
[36m(ClientAppActor pid=272310)[0m 
[36m(ClientAppActor pid=272310)[0m         
[36m(ClientAppActor pid=272319)[0m 
[36m(ClientAppActor pid=272319)[0m         
[36m(ClientAppActor pid=272319)[0m 
[36m(ClientAppActor pid=272319)[0m         
[36m(ClientAppActor pid=272319)[0m [93mWARNING [0m:   DEPRECATED FEATURE: `client_fn` now expects a signature `def client_fn(context: Context)`.The provided `client_fn` has signature: {'cid': <Parameter "cid: str">}. You can import the `Context` like this: `from flwr.app import Context`[32m [repeated 4x across cluster][0m
[36m(ClientAppActor pid=272319)[0m             This is a deprecated feature. It will be removed[32m [repeated 4x across cluster][0m
[36m(ClientAppActor pid=272319)[0m             entirely in future versions of Flower.[32m [repeated 4x across cluster][0m
[36m(ClientAppActor pid=272319)[0m [Client 0] Training on NVIDIA GeForce RTX 3060[32m [repeated 4x across cluster][0m
[36m(ClientAppActor pid=272310)[0m 
[36m(ClientAppActor pid=272310)[0m         
[36m(ClientAppActor pid=272319)[0m 
[36m(ClientAppActor pid=272319)[0m         
[92mINFO [0m:      aggregate_fit: received 10 results and 0 failures
INFO:flwr:aggregate_fit: received 10 results and 0 failures
[CascadeRouter] Round 2: 10 clients, 24578 parameters/client
[92mINFO [0m:      configure_evaluate: strategy sampled 10 clients (out of 10)
INFO:flwr:configure_evaluate: strategy sampled 10 clients (out of 10)
[36m(ClientAppActor pid=272310)[0m 
[36m(ClientAppActor pid=272310)[0m         
[36m(ClientAppActor pid=272319)[0m 
[36m(ClientAppActor pid=272319)[0m         
[36m(ClientAppActor pid=272310)[0m 
[36m(ClientAppActor pid=272310)[0m         
[36m(ClientAppActor pid=272319)[0m 
[36m(ClientAppActor pid=272319)[0m         
[36m(ClientAppActor pid=272310)[0m 
[36m(ClientAppActor pid=272310)[0m         
[36m(ClientAppActor pid=272319)[0m 
[36m(ClientAppActor pid=272319)[0m         
[36m(ClientAppActor pid=272310)[0m 
[36m(ClientAppActor pid=272310)[0m         
[36m(ClientAppActor pid=272319)[0m 
[36m(ClientAppActor pid=272319)[0m         
[36m(ClientAppActor pid=272310)[0m 
[36m(ClientAppActor pid=272310)[0m         
[36m(ClientAppActor pid=272319)[0m 
[36m(ClientAppActor pid=272319)[0m         
[92mINFO [0m:      aggregate_evaluate: received 10 results and 0 failures
INFO:flwr:aggregate_evaluate: received 10 results and 0 failures
[92mINFO [0m:      
INFO:flwr:
[92mINFO [0m:      [ROUND 3]
INFO:flwr:[ROUND 3]
[92mINFO [0m:      configure_fit: strategy sampled 10 clients (out of 10)
INFO:flwr:configure_fit: strategy sampled 10 clients (out of 10)
[36m(ClientAppActor pid=272310)[0m 
[36m(ClientAppActor pid=272310)[0m         
[36m(ClientAppActor pid=272310)[0m [93mWARNING [0m:   DEPRECATED FEATURE: `client_fn` now expects a signature `def client_fn(context: Context)`.The provided `client_fn` has signature: {'cid': <Parameter "cid: str">}. You can import the `Context` like this: `from flwr.app import Context`[32m [repeated 13x across cluster][0m
[36m(ClientAppActor pid=272310)[0m             This is a deprecated feature. It will be removed[32m [repeated 13x across cluster][0m
[36m(ClientAppActor pid=272310)[0m             entirely in future versions of Flower.[32m [repeated 13x across cluster][0m
[36m(ClientAppActor pid=272319)[0m 
[36m(ClientAppActor pid=272319)[0m         
[36m(ClientAppActor pid=272319)[0m [Client 8] Training on NVIDIA GeForce RTX 3060[32m [repeated 3x across cluster][0m
[36m(ClientAppActor pid=272310)[0m 
[36m(ClientAppActor pid=272310)[0m         
[36m(ClientAppActor pid=272319)[0m 
[36m(ClientAppActor pid=272319)[0m         
[36m(ClientAppActor pid=272310)[0m 
[36m(ClientAppActor pid=272310)[0m         
[36m(ClientAppActor pid=272310)[0m [93mWARNING [0m:   DEPRECATED FEATURE: `client_fn` now expects a signature `def client_fn(context: Context)`.The provided `client_fn` has signature: {'cid': <Parameter "cid: str">}. You can import the `Context` like this: `from flwr.app import Context`[32m [repeated 4x across cluster][0m
[36m(ClientAppActor pid=272310)[0m             This is a deprecated feature. It will be removed[32m [repeated 4x across cluster][0m
[36m(ClientAppActor pid=272310)[0m             entirely in future versions of Flower.[32m [repeated 4x across cluster][0m
[36m(ClientAppActor pid=272310)[0m [Client 6] Training on NVIDIA GeForce RTX 3060[32m [repeated 4x across cluster][0m
[36m(ClientAppActor pid=272310)[0m 
[36m(ClientAppActor pid=272310)[0m         
[36m(ClientAppActor pid=272310)[0m 
[36m(ClientAppActor pid=272310)[0m         
[36m(ClientAppActor pid=272310)[0m 
[36m(ClientAppActor pid=272310)[0m         
[36m(ClientAppActor pid=272319)[0m 
[36m(ClientAppActor pid=272319)[0m         
[36m(ClientAppActor pid=272319)[0m 
[36m(ClientAppActor pid=272319)[0m         
[36m(ClientAppActor pid=272319)[0m [93mWARNING [0m:   DEPRECATED FEATURE: `client_fn` now expects a signature `def client_fn(context: Context)`.The provided `client_fn` has signature: {'cid': <Parameter "cid: str">}. You can import the `Context` like this: `from flwr.app import Context`[32m [repeated 5x across cluster][0m
[36m(ClientAppActor pid=272319)[0m             This is a deprecated feature. It will be removed[32m [repeated 5x across cluster][0m
[36m(ClientAppActor pid=272319)[0m             entirely in future versions of Flower.[32m [repeated 5x across cluster][0m
[36m(ClientAppActor pid=272319)[0m [Client 9] Training on NVIDIA GeForce RTX 3060[32m [repeated 5x across cluster][0m
[92mINFO [0m:      aggregate_fit: received 10 results and 0 failures
INFO:flwr:aggregate_fit: received 10 results and 0 failures
[CascadeRouter] Round 3: 10 clients, 24578 parameters/client
[92mINFO [0m:      configure_evaluate: strategy sampled 10 clients (out of 10)
INFO:flwr:configure_evaluate: strategy sampled 10 clients (out of 10)
[36m(ClientAppActor pid=272310)[0m 
[36m(ClientAppActor pid=272310)[0m         
[36m(ClientAppActor pid=272319)[0m 
[36m(ClientAppActor pid=272319)[0m         
[36m(ClientAppActor pid=272310)[0m 
[36m(ClientAppActor pid=272310)[0m         
[36m(ClientAppActor pid=272319)[0m 
[36m(ClientAppActor pid=272319)[0m         
[36m(ClientAppActor pid=272310)[0m 
[36m(ClientAppActor pid=272310)[0m         
[36m(ClientAppActor pid=272319)[0m 
[36m(ClientAppActor pid=272319)[0m         
[36m(ClientAppActor pid=272310)[0m 
[36m(ClientAppActor pid=272310)[0m         
[36m(ClientAppActor pid=272319)[0m 
[36m(ClientAppActor pid=272319)[0m         
[36m(ClientAppActor pid=272310)[0m 
[36m(ClientAppActor pid=272310)[0m         
[36m(ClientAppActor pid=272319)[0m 
[36m(ClientAppActor pid=272319)[0m         
[92mINFO [0m:      aggregate_evaluate: received 10 results and 0 failures
INFO:flwr:aggregate_evaluate: received 10 results and 0 failures
[92mINFO [0m:      
INFO:flwr:
[92mINFO [0m:      [ROUND 4]
INFO:flwr:[ROUND 4]
[92mINFO [0m:      configure_fit: strategy sampled 10 clients (out of 10)
INFO:flwr:configure_fit: strategy sampled 10 clients (out of 10)
[36m(ClientAppActor pid=272319)[0m 
[36m(ClientAppActor pid=272319)[0m         
[36m(ClientAppActor pid=272310)[0m 
[36m(ClientAppActor pid=272310)[0m         
[36m(ClientAppActor pid=272319)[0m 
[36m(ClientAppActor pid=272319)[0m         
[36m(ClientAppActor pid=272319)[0m 
[36m(ClientAppActor pid=272319)[0m         
[36m(ClientAppActor pid=272319)[0m 
[36m(ClientAppActor pid=272319)[0m         
[36m(ClientAppActor pid=272319)[0m [93mWARNING [0m:   DEPRECATED FEATURE: `client_fn` now expects a signature `def client_fn(context: Context)`.The provided `client_fn` has signature: {'cid': <Parameter "cid: str">}. You can import the `Context` like this: `from flwr.app import Context`[32m [repeated 15x across cluster][0m
[36m(ClientAppActor pid=272319)[0m             This is a deprecated feature. It will be removed[32m [repeated 15x across cluster][0m
[36m(ClientAppActor pid=272319)[0m             entirely in future versions of Flower.[32m [repeated 15x across cluster][0m
[36m(ClientAppActor pid=272319)[0m [Client 3] Training on NVIDIA GeForce RTX 3060[32m [repeated 5x across cluster][0m
[36m(ClientAppActor pid=272310)[0m 
[36m(ClientAppActor pid=272310)[0m         
[36m(ClientAppActor pid=272319)[0m 
[36m(ClientAppActor pid=272319)[0m         
[36m(ClientAppActor pid=272319)[0m 
[36m(ClientAppActor pid=272319)[0m         
[36m(ClientAppActor pid=272319)[0m [93mWARNING [0m:   DEPRECATED FEATURE: `client_fn` now expects a signature `def client_fn(context: Context)`.The provided `client_fn` has signature: {'cid': <Parameter "cid: str">}. You can import the `Context` like this: `from flwr.app import Context`[32m [repeated 3x across cluster][0m
[36m(ClientAppActor pid=272319)[0m             This is a deprecated feature. It will be removed[32m [repeated 3x across cluster][0m
[36m(ClientAppActor pid=272319)[0m             entirely in future versions of Flower.[32m [repeated 3x across cluster][0m
[36m(ClientAppActor pid=272319)[0m [Client 9] Training on NVIDIA GeForce RTX 3060[32m [repeated 3x across cluster][0m
[36m(ClientAppActor pid=272310)[0m 
[36m(ClientAppActor pid=272310)[0m         
[36m(ClientAppActor pid=272319)[0m 
[36m(ClientAppActor pid=272319)[0m         
[92mINFO [0m:      aggregate_fit: received 10 results and 0 failures
INFO:flwr:aggregate_fit: received 10 results and 0 failures
[CascadeRouter] Round 4: 10 clients, 24578 parameters/client
[92mINFO [0m:      configure_evaluate: strategy sampled 10 clients (out of 10)
INFO:flwr:configure_evaluate: strategy sampled 10 clients (out of 10)
[36m(ClientAppActor pid=272310)[0m 
[36m(ClientAppActor pid=272310)[0m         
[36m(ClientAppActor pid=272319)[0m 
[36m(ClientAppActor pid=272319)[0m         
[36m(ClientAppActor pid=272310)[0m 
[36m(ClientAppActor pid=272310)[0m         
[36m(ClientAppActor pid=272319)[0m 
[36m(ClientAppActor pid=272319)[0m         
[36m(ClientAppActor pid=272310)[0m 
[36m(ClientAppActor pid=272310)[0m         
[36m(ClientAppActor pid=272319)[0m 
[36m(ClientAppActor pid=272319)[0m         
[36m(ClientAppActor pid=272310)[0m 
[36m(ClientAppActor pid=272310)[0m         
[36m(ClientAppActor pid=272319)[0m 
[36m(ClientAppActor pid=272319)[0m         
[36m(ClientAppActor pid=272310)[0m 
[36m(ClientAppActor pid=272310)[0m         
[36m(ClientAppActor pid=272319)[0m 
[36m(ClientAppActor pid=272319)[0m         
[92mINFO [0m:      aggregate_evaluate: received 10 results and 0 failures
INFO:flwr:aggregate_evaluate: received 10 results and 0 failures
[92mINFO [0m:      
INFO:flwr:
[92mINFO [0m:      [ROUND 5]
INFO:flwr:[ROUND 5]
[92mINFO [0m:      configure_fit: strategy sampled 10 clients (out of 10)
INFO:flwr:configure_fit: strategy sampled 10 clients (out of 10)
[36m(ClientAppActor pid=272319)[0m 
[36m(ClientAppActor pid=272319)[0m         
[36m(ClientAppActor pid=272310)[0m 
[36m(ClientAppActor pid=272310)[0m         
[36m(ClientAppActor pid=272319)[0m 
[36m(ClientAppActor pid=272319)[0m         
[36m(ClientAppActor pid=272319)[0m [93mWARNING [0m:   DEPRECATED FEATURE: `client_fn` now expects a signature `def client_fn(context: Context)`.The provided `client_fn` has signature: {'cid': <Parameter "cid: str">}. You can import the `Context` like this: `from flwr.app import Context`[32m [repeated 15x across cluster][0m
[36m(ClientAppActor pid=272319)[0m             This is a deprecated feature. It will be removed[32m [repeated 15x across cluster][0m
[36m(ClientAppActor pid=272319)[0m             entirely in future versions of Flower.[32m [repeated 15x across cluster][0m
[36m(ClientAppActor pid=272319)[0m [Client 8] Training on NVIDIA GeForce RTX 3060[32m [repeated 5x across cluster][0m
[36m(ClientAppActor pid=272310)[0m 
[36m(ClientAppActor pid=272310)[0m         
[36m(ClientAppActor pid=272310)[0m 
[36m(ClientAppActor pid=272310)[0m         
[36m(ClientAppActor pid=272310)[0m 
[36m(ClientAppActor pid=272310)[0m         
[36m(ClientAppActor pid=272310)[0m 
[36m(ClientAppActor pid=272310)[0m         
[36m(ClientAppActor pid=272319)[0m 
[36m(ClientAppActor pid=272319)[0m         
[36m(ClientAppActor pid=272310)[0m 
[36m(ClientAppActor pid=272310)[0m         
[36m(ClientAppActor pid=272319)[0m 
[36m(ClientAppActor pid=272319)[0m         
[92mINFO [0m:      aggregate_fit: received 10 results and 0 failures
INFO:flwr:aggregate_fit: received 10 results and 0 failures
[CascadeRouter] Round 5: 10 clients, 24578 parameters/client
[92mINFO [0m:      configure_evaluate: strategy sampled 10 clients (out of 10)
INFO:flwr:configure_evaluate: strategy sampled 10 clients (out of 10)
[36m(ClientAppActor pid=272319)[0m 
[36m(ClientAppActor pid=272319)[0m         
[36m(ClientAppActor pid=272319)[0m [93mWARNING [0m:   DEPRECATED FEATURE: `client_fn` now expects a signature `def client_fn(context: Context)`.The provided `client_fn` has signature: {'cid': <Parameter "cid: str">}. You can import the `Context` like this: `from flwr.app import Context`[32m [repeated 8x across cluster][0m
[36m(ClientAppActor pid=272319)[0m             This is a deprecated feature. It will be removed[32m [repeated 8x across cluster][0m
[36m(ClientAppActor pid=272319)[0m             entirely in future versions of Flower.[32m [repeated 8x across cluster][0m
[36m(ClientAppActor pid=272310)[0m 
[36m(ClientAppActor pid=272310)[0m         
[36m(ClientAppActor pid=272310)[0m 
[36m(ClientAppActor pid=272310)[0m         
[36m(ClientAppActor pid=272319)[0m 
[36m(ClientAppActor pid=272319)[0m         
[36m(ClientAppActor pid=272310)[0m 
[36m(ClientAppActor pid=272310)[0m         
[36m(ClientAppActor pid=272319)[0m 
[36m(ClientAppActor pid=272319)[0m         
[36m(ClientAppActor pid=272319)[0m 
[36m(ClientAppActor pid=272319)[0m         
[36m(ClientAppActor pid=272310)[0m 
[36m(ClientAppActor pid=272310)[0m         
[36m(ClientAppActor pid=272310)[0m 
[36m(ClientAppActor pid=272310)[0m         
[36m(ClientAppActor pid=272319)[0m 
[36m(ClientAppActor pid=272319)[0m         
[92mINFO [0m:      aggregate_evaluate: received 10 results and 0 failures
INFO:flwr:aggregate_evaluate: received 10 results and 0 failures
[92mINFO [0m:      
INFO:flwr:
[92mINFO [0m:      [ROUND 6]
INFO:flwr:[ROUND 6]
[92mINFO [0m:      configure_fit: strategy sampled 10 clients (out of 10)
INFO:flwr:configure_fit: strategy sampled 10 clients (out of 10)
[36m(ClientAppActor pid=272310)[0m 
[36m(ClientAppActor pid=272310)[0m         
[36m(ClientAppActor pid=272310)[0m [Client 9] Training on NVIDIA GeForce RTX 3060[32m [repeated 8x across cluster][0m
[36m(ClientAppActor pid=272319)[0m 
[36m(ClientAppActor pid=272319)[0m         
[36m(ClientAppActor pid=272310)[0m 
[36m(ClientAppActor pid=272310)[0m         
[36m(ClientAppActor pid=272310)[0m 
[36m(ClientAppActor pid=272310)[0m         
[36m(ClientAppActor pid=272319)[0m 
[36m(ClientAppActor pid=272319)[0m         
[36m(ClientAppActor pid=272310)[0m 
[36m(ClientAppActor pid=272310)[0m         
[36m(ClientAppActor pid=272310)[0m 
[36m(ClientAppActor pid=272310)[0m         
[36m(ClientAppActor pid=272310)[0m [93mWARNING [0m:   DEPRECATED FEATURE: `client_fn` now expects a signature `def client_fn(context: Context)`.The provided `client_fn` has signature: {'cid': <Parameter "cid: str">}. You can import the `Context` like this: `from flwr.app import Context`[32m [repeated 16x across cluster][0m
[36m(ClientAppActor pid=272310)[0m             This is a deprecated feature. It will be removed[32m [repeated 16x across cluster][0m
[36m(ClientAppActor pid=272310)[0m             entirely in future versions of Flower.[32m [repeated 16x across cluster][0m
[36m(ClientAppActor pid=272310)[0m [Client 4] Training on NVIDIA GeForce RTX 3060[32m [repeated 6x across cluster][0m
[36m(ClientAppActor pid=272310)[0m 
[36m(ClientAppActor pid=272310)[0m         
[36m(ClientAppActor pid=272319)[0m 
[36m(ClientAppActor pid=272319)[0m         
[36m(ClientAppActor pid=272310)[0m 
[36m(ClientAppActor pid=272310)[0m         
[36m(ClientAppActor pid=272310)[0m [93mWARNING [0m:   DEPRECATED FEATURE: `client_fn` now expects a signature `def client_fn(context: Context)`.The provided `client_fn` has signature: {'cid': <Parameter "cid: str">}. You can import the `Context` like this: `from flwr.app import Context`[32m [repeated 3x across cluster][0m
[36m(ClientAppActor pid=272310)[0m             This is a deprecated feature. It will be removed[32m [repeated 3x across cluster][0m
[36m(ClientAppActor pid=272310)[0m             entirely in future versions of Flower.[32m [repeated 3x across cluster][0m
[36m(ClientAppActor pid=272310)[0m [Client 0] Training on NVIDIA GeForce RTX 3060[32m [repeated 3x across cluster][0m
[92mINFO [0m:      aggregate_fit: received 10 results and 0 failures
INFO:flwr:aggregate_fit: received 10 results and 0 failures
[CascadeRouter] Round 6: 10 clients, 24578 parameters/client
[92mINFO [0m:      configure_evaluate: strategy sampled 10 clients (out of 10)
INFO:flwr:configure_evaluate: strategy sampled 10 clients (out of 10)
[36m(ClientAppActor pid=272310)[0m 
[36m(ClientAppActor pid=272310)[0m         
[36m(ClientAppActor pid=272319)[0m 
[36m(ClientAppActor pid=272319)[0m         
[36m(ClientAppActor pid=272310)[0m 
[36m(ClientAppActor pid=272310)[0m         
[36m(ClientAppActor pid=272319)[0m 
[36m(ClientAppActor pid=272319)[0m         
[36m(ClientAppActor pid=272310)[0m 
[36m(ClientAppActor pid=272310)[0m         
[36m(ClientAppActor pid=272319)[0m 
[36m(ClientAppActor pid=272319)[0m         
[36m(ClientAppActor pid=272310)[0m 
[36m(ClientAppActor pid=272310)[0m         
[36m(ClientAppActor pid=272319)[0m 
[36m(ClientAppActor pid=272319)[0m         
[36m(ClientAppActor pid=272310)[0m 
[36m(ClientAppActor pid=272310)[0m         
[36m(ClientAppActor pid=272319)[0m 
[36m(ClientAppActor pid=272319)[0m         
[92mINFO [0m:      aggregate_evaluate: received 10 results and 0 failures
INFO:flwr:aggregate_evaluate: received 10 results and 0 failures
[92mINFO [0m:      
INFO:flwr:
[92mINFO [0m:      [ROUND 7]
INFO:flwr:[ROUND 7]
[92mINFO [0m:      configure_fit: strategy sampled 10 clients (out of 10)
INFO:flwr:configure_fit: strategy sampled 10 clients (out of 10)
[36m(ClientAppActor pid=272319)[0m 
[36m(ClientAppActor pid=272319)[0m         
[36m(ClientAppActor pid=272310)[0m 
[36m(ClientAppActor pid=272310)[0m         
[36m(ClientAppActor pid=272310)[0m 
[36m(ClientAppActor pid=272310)[0m         
[36m(ClientAppActor pid=272319)[0m 
[36m(ClientAppActor pid=272319)[0m         
[36m(ClientAppActor pid=272319)[0m [93mWARNING [0m:   DEPRECATED FEATURE: `client_fn` now expects a signature `def client_fn(context: Context)`.The provided `client_fn` has signature: {'cid': <Parameter "cid: str">}. You can import the `Context` like this: `from flwr.app import Context`[32m [repeated 14x across cluster][0m
[36m(ClientAppActor pid=272319)[0m             This is a deprecated feature. It will be removed[32m [repeated 14x across cluster][0m
[36m(ClientAppActor pid=272319)[0m             entirely in future versions of Flower.[32m [repeated 14x across cluster][0m
[36m(ClientAppActor pid=272319)[0m [Client 7] Training on NVIDIA GeForce RTX 3060[32m [repeated 4x across cluster][0m
[36m(ClientAppActor pid=272310)[0m 
[36m(ClientAppActor pid=272310)[0m         
[36m(ClientAppActor pid=272319)[0m 
[36m(ClientAppActor pid=272319)[0m         
[36m(ClientAppActor pid=272319)[0m 
[36m(ClientAppActor pid=272319)[0m         
[36m(ClientAppActor pid=272310)[0m 
[36m(ClientAppActor pid=272310)[0m         
[36m(ClientAppActor pid=272319)[0m 
[36m(ClientAppActor pid=272319)[0m         
[36m(ClientAppActor pid=272310)[0m 
[36m(ClientAppActor pid=272310)[0m         
[36m(ClientAppActor pid=272310)[0m [93mWARNING [0m:   DEPRECATED FEATURE: `client_fn` now expects a signature `def client_fn(context: Context)`.The provided `client_fn` has signature: {'cid': <Parameter "cid: str">}. You can import the `Context` like this: `from flwr.app import Context`[32m [repeated 6x across cluster][0m
[36m(ClientAppActor pid=272310)[0m             This is a deprecated feature. It will be removed[32m [repeated 6x across cluster][0m
[36m(ClientAppActor pid=272310)[0m             entirely in future versions of Flower.[32m [repeated 6x across cluster][0m
[36m(ClientAppActor pid=272310)[0m [Client 2] Training on NVIDIA GeForce RTX 3060[32m [repeated 6x across cluster][0m
[92mINFO [0m:      aggregate_fit: received 10 results and 0 failures
INFO:flwr:aggregate_fit: received 10 results and 0 failures
[CascadeRouter] Round 7: 10 clients, 24578 parameters/client
[92mINFO [0m:      configure_evaluate: strategy sampled 10 clients (out of 10)
INFO:flwr:configure_evaluate: strategy sampled 10 clients (out of 10)
[36m(ClientAppActor pid=272319)[0m 
[36m(ClientAppActor pid=272319)[0m         
[36m(ClientAppActor pid=272310)[0m 
[36m(ClientAppActor pid=272310)[0m         
[36m(ClientAppActor pid=272310)[0m 
[36m(ClientAppActor pid=272310)[0m         
[36m(ClientAppActor pid=272319)[0m 
[36m(ClientAppActor pid=272319)[0m         
[36m(ClientAppActor pid=272319)[0m 
[36m(ClientAppActor pid=272319)[0m         
[36m(ClientAppActor pid=272310)[0m 
[36m(ClientAppActor pid=272310)[0m         
[36m(ClientAppActor pid=272319)[0m 
[36m(ClientAppActor pid=272319)[0m         
[36m(ClientAppActor pid=272310)[0m 
[36m(ClientAppActor pid=272310)[0m         
[36m(ClientAppActor pid=272319)[0m 
[36m(ClientAppActor pid=272319)[0m         
[36m(ClientAppActor pid=272310)[0m 
[36m(ClientAppActor pid=272310)[0m         
[92mINFO [0m:      aggregate_evaluate: received 10 results and 0 failures
INFO:flwr:aggregate_evaluate: received 10 results and 0 failures
[92mINFO [0m:      
INFO:flwr:
[92mINFO [0m:      [ROUND 8]
INFO:flwr:[ROUND 8]
[92mINFO [0m:      configure_fit: strategy sampled 10 clients (out of 10)
INFO:flwr:configure_fit: strategy sampled 10 clients (out of 10)
[36m(ClientAppActor pid=272310)[0m 
[36m(ClientAppActor pid=272310)[0m         
[36m(ClientAppActor pid=272310)[0m [93mWARNING [0m:   DEPRECATED FEATURE: `client_fn` now expects a signature `def client_fn(context: Context)`.The provided `client_fn` has signature: {'cid': <Parameter "cid: str">}. You can import the `Context` like this: `from flwr.app import Context`[32m [repeated 11x across cluster][0m
[36m(ClientAppActor pid=272310)[0m             This is a deprecated feature. It will be removed[32m [repeated 11x across cluster][0m
[36m(ClientAppActor pid=272310)[0m             entirely in future versions of Flower.[32m [repeated 11x across cluster][0m
[36m(ClientAppActor pid=272310)[0m [Client 4] Training on NVIDIA GeForce RTX 3060
[36m(ClientAppActor pid=272319)[0m 
[36m(ClientAppActor pid=272319)[0m         
[36m(ClientAppActor pid=272319)[0m [Client 3] Training on NVIDIA GeForce RTX 3060
[36m(ClientAppActor pid=272310)[0m 
[36m(ClientAppActor pid=272310)[0m         
[36m(ClientAppActor pid=272319)[0m 
[36m(ClientAppActor pid=272319)[0m         
[36m(ClientAppActor pid=272319)[0m 
[36m(ClientAppActor pid=272319)[0m         
[36m(ClientAppActor pid=272310)[0m 
[36m(ClientAppActor pid=272310)[0m         
[36m(ClientAppActor pid=272319)[0m 
[36m(ClientAppActor pid=272319)[0m         
[36m(ClientAppActor pid=272319)[0m 
[36m(ClientAppActor pid=272319)[0m         
[36m(ClientAppActor pid=272319)[0m 
[36m(ClientAppActor pid=272319)[0m         
[36m(ClientAppActor pid=272319)[0m [93mWARNING [0m:   DEPRECATED FEATURE: `client_fn` now expects a signature `def client_fn(context: Context)`.The provided `client_fn` has signature: {'cid': <Parameter "cid: str">}. You can import the `Context` like this: `from flwr.app import Context`[32m [repeated 8x across cluster][0m
[36m(ClientAppActor pid=272319)[0m             This is a deprecated feature. It will be removed[32m [repeated 8x across cluster][0m
[36m(ClientAppActor pid=272319)[0m             entirely in future versions of Flower.[32m [repeated 8x across cluster][0m
[36m(ClientAppActor pid=272319)[0m [Client 6] Training on NVIDIA GeForce RTX 3060[32m [repeated 7x across cluster][0m
[36m(ClientAppActor pid=272319)[0m 
[36m(ClientAppActor pid=272319)[0m         
[92mINFO [0m:      aggregate_fit: received 10 results and 0 failures
INFO:flwr:aggregate_fit: received 10 results and 0 failures
[CascadeRouter] Round 8: 10 clients, 24578 parameters/client
[92mINFO [0m:      configure_evaluate: strategy sampled 10 clients (out of 10)
INFO:flwr:configure_evaluate: strategy sampled 10 clients (out of 10)
[36m(ClientAppActor pid=272310)[0m 
[36m(ClientAppActor pid=272310)[0m         
[36m(ClientAppActor pid=272319)[0m 
[36m(ClientAppActor pid=272319)[0m         
[36m(ClientAppActor pid=272310)[0m 
[36m(ClientAppActor pid=272310)[0m         
[36m(ClientAppActor pid=272319)[0m 
[36m(ClientAppActor pid=272319)[0m         
[36m(ClientAppActor pid=272319)[0m 
[36m(ClientAppActor pid=272319)[0m         
[36m(ClientAppActor pid=272310)[0m 
[36m(ClientAppActor pid=272310)[0m         
[36m(ClientAppActor pid=272310)[0m 
[36m(ClientAppActor pid=272310)[0m         
[36m(ClientAppActor pid=272319)[0m 
[36m(ClientAppActor pid=272319)[0m         
[36m(ClientAppActor pid=272319)[0m 
[36m(ClientAppActor pid=272319)[0m         
[36m(ClientAppActor pid=272310)[0m 
[36m(ClientAppActor pid=272310)[0m         
[92mINFO [0m:      aggregate_evaluate: received 10 results and 0 failures
INFO:flwr:aggregate_evaluate: received 10 results and 0 failures
[92mINFO [0m:      
INFO:flwr:
[92mINFO [0m:      [ROUND 9]
INFO:flwr:[ROUND 9]
[92mINFO [0m:      configure_fit: strategy sampled 10 clients (out of 10)
INFO:flwr:configure_fit: strategy sampled 10 clients (out of 10)
[36m(ClientAppActor pid=272310)[0m 
[36m(ClientAppActor pid=272310)[0m         
[36m(ClientAppActor pid=272319)[0m 
[36m(ClientAppActor pid=272319)[0m         
[36m(ClientAppActor pid=272319)[0m 
[36m(ClientAppActor pid=272319)[0m         
[36m(ClientAppActor pid=272319)[0m [93mWARNING [0m:   DEPRECATED FEATURE: `client_fn` now expects a signature `def client_fn(context: Context)`.The provided `client_fn` has signature: {'cid': <Parameter "cid: str">}. You can import the `Context` like this: `from flwr.app import Context`[32m [repeated 14x across cluster][0m
[36m(ClientAppActor pid=272319)[0m             This is a deprecated feature. It will be removed[32m [repeated 14x across cluster][0m
[36m(ClientAppActor pid=272319)[0m             entirely in future versions of Flower.[32m [repeated 14x across cluster][0m
[36m(ClientAppActor pid=272319)[0m [Client 6] Training on NVIDIA GeForce RTX 3060[32m [repeated 4x across cluster][0m
[36m(ClientAppActor pid=272310)[0m 
[36m(ClientAppActor pid=272310)[0m         
[36m(ClientAppActor pid=272319)[0m 
[36m(ClientAppActor pid=272319)[0m         
[36m(ClientAppActor pid=272319)[0m 
[36m(ClientAppActor pid=272319)[0m         
[36m(ClientAppActor pid=272319)[0m 
[36m(ClientAppActor pid=272319)[0m         
[36m(ClientAppActor pid=272310)[0m 
[36m(ClientAppActor pid=272310)[0m         
[36m(ClientAppActor pid=272310)[0m [93mWARNING [0m:   DEPRECATED FEATURE: `client_fn` now expects a signature `def client_fn(context: Context)`.The provided `client_fn` has signature: {'cid': <Parameter "cid: str">}. You can import the `Context` like this: `from flwr.app import Context`[32m [repeated 5x across cluster][0m
[36m(ClientAppActor pid=272310)[0m             This is a deprecated feature. It will be removed[32m [repeated 5x across cluster][0m
[36m(ClientAppActor pid=272310)[0m             entirely in future versions of Flower.[32m [repeated 5x across cluster][0m
[36m(ClientAppActor pid=272310)[0m [Client 8] Training on NVIDIA GeForce RTX 3060[32m [repeated 5x across cluster][0m
[36m(ClientAppActor pid=272319)[0m 
[36m(ClientAppActor pid=272319)[0m         
[36m(ClientAppActor pid=272319)[0m 
[36m(ClientAppActor pid=272319)[0m         
[92mINFO [0m:      aggregate_fit: received 10 results and 0 failures
INFO:flwr:aggregate_fit: received 10 results and 0 failures
[CascadeRouter] Round 9: 10 clients, 24578 parameters/client
[92mINFO [0m:      configure_evaluate: strategy sampled 10 clients (out of 10)
INFO:flwr:configure_evaluate: strategy sampled 10 clients (out of 10)
[36m(ClientAppActor pid=272310)[0m 
[36m(ClientAppActor pid=272310)[0m         
[36m(ClientAppActor pid=272319)[0m 
[36m(ClientAppActor pid=272319)[0m         
[36m(ClientAppActor pid=272310)[0m 
[36m(ClientAppActor pid=272310)[0m         
[36m(ClientAppActor pid=272319)[0m 
[36m(ClientAppActor pid=272319)[0m         
[36m(ClientAppActor pid=272310)[0m 
[36m(ClientAppActor pid=272310)[0m         
[36m(ClientAppActor pid=272319)[0m 
[36m(ClientAppActor pid=272319)[0m         
[36m(ClientAppActor pid=272310)[0m 
[36m(ClientAppActor pid=272310)[0m         
[36m(ClientAppActor pid=272319)[0m 
[36m(ClientAppActor pid=272319)[0m         
[36m(ClientAppActor pid=272310)[0m 
[36m(ClientAppActor pid=272310)[0m         
[36m(ClientAppActor pid=272319)[0m 
[36m(ClientAppActor pid=272319)[0m         
[92mINFO [0m:      aggregate_evaluate: received 10 results and 0 failures
INFO:flwr:aggregate_evaluate: received 10 results and 0 failures
[92mINFO [0m:      
INFO:flwr:
[92mINFO [0m:      [ROUND 10]
INFO:flwr:[ROUND 10]
[92mINFO [0m:      configure_fit: strategy sampled 10 clients (out of 10)
INFO:flwr:configure_fit: strategy sampled 10 clients (out of 10)
[36m(ClientAppActor pid=272319)[0m 
[36m(ClientAppActor pid=272319)[0m         
[36m(ClientAppActor pid=272310)[0m 
[36m(ClientAppActor pid=272310)[0m         
[36m(ClientAppActor pid=272319)[0m 
[36m(ClientAppActor pid=272319)[0m         
[36m(ClientAppActor pid=272319)[0m [93mWARNING [0m:   DEPRECATED FEATURE: `client_fn` now expects a signature `def client_fn(context: Context)`.The provided `client_fn` has signature: {'cid': <Parameter "cid: str">}. You can import the `Context` like this: `from flwr.app import Context`[32m [repeated 15x across cluster][0m
[36m(ClientAppActor pid=272319)[0m             This is a deprecated feature. It will be removed[32m [repeated 15x across cluster][0m
[36m(ClientAppActor pid=272319)[0m             entirely in future versions of Flower.[32m [repeated 15x across cluster][0m
[36m(ClientAppActor pid=272319)[0m [Client 9] Training on NVIDIA GeForce RTX 3060[32m [repeated 5x across cluster][0m
[36m(ClientAppActor pid=272319)[0m 
[36m(ClientAppActor pid=272319)[0m         
[36m(ClientAppActor pid=272310)[0m 
[36m(ClientAppActor pid=272310)[0m         
[36m(ClientAppActor pid=272319)[0m 
[36m(ClientAppActor pid=272319)[0m         
[36m(ClientAppActor pid=272319)[0m 
[36m(ClientAppActor pid=272319)[0m         
[36m(ClientAppActor pid=272319)[0m 
[36m(ClientAppActor pid=272319)[0m         
[36m(ClientAppActor pid=272310)[0m 
[36m(ClientAppActor pid=272310)[0m         
[36m(ClientAppActor pid=272310)[0m [93mWARNING [0m:   DEPRECATED FEATURE: `client_fn` now expects a signature `def client_fn(context: Context)`.The provided `client_fn` has signature: {'cid': <Parameter "cid: str">}. You can import the `Context` like this: `from flwr.app import Context`[32m [repeated 6x across cluster][0m
[36m(ClientAppActor pid=272310)[0m             This is a deprecated feature. It will be removed[32m [repeated 6x across cluster][0m
[36m(ClientAppActor pid=272310)[0m             entirely in future versions of Flower.[32m [repeated 6x across cluster][0m
[36m(ClientAppActor pid=272310)[0m [Client 3] Training on NVIDIA GeForce RTX 3060[32m [repeated 6x across cluster][0m
[36m(ClientAppActor pid=272319)[0m 
[36m(ClientAppActor pid=272319)[0m         
[92mINFO [0m:      aggregate_fit: received 10 results and 0 failures
INFO:flwr:aggregate_fit: received 10 results and 0 failures
[CascadeRouter] Round 10: 10 clients, 24578 parameters/client
[92mINFO [0m:      configure_evaluate: strategy sampled 10 clients (out of 10)
INFO:flwr:configure_evaluate: strategy sampled 10 clients (out of 10)
[36m(ClientAppActor pid=272310)[0m 
[36m(ClientAppActor pid=272310)[0m         
[36m(ClientAppActor pid=272319)[0m 
[36m(ClientAppActor pid=272319)[0m         
[36m(ClientAppActor pid=272310)[0m 
[36m(ClientAppActor pid=272310)[0m         
[36m(ClientAppActor pid=272319)[0m 
[36m(ClientAppActor pid=272319)[0m         
[36m(ClientAppActor pid=272310)[0m 
[36m(ClientAppActor pid=272310)[0m         
[36m(ClientAppActor pid=272319)[0m 
[36m(ClientAppActor pid=272319)[0m         
[36m(ClientAppActor pid=272310)[0m 
[36m(ClientAppActor pid=272310)[0m         
[36m(ClientAppActor pid=272319)[0m 
[36m(ClientAppActor pid=272319)[0m         
[36m(ClientAppActor pid=272310)[0m 
[36m(ClientAppActor pid=272310)[0m         
[36m(ClientAppActor pid=272319)[0m 
[36m(ClientAppActor pid=272319)[0m         
[92mINFO [0m:      aggregate_evaluate: received 10 results and 0 failures
INFO:flwr:aggregate_evaluate: received 10 results and 0 failures
[92mINFO [0m:      
INFO:flwr:
[92mINFO [0m:      [ROUND 11]
INFO:flwr:[ROUND 11]
[92mINFO [0m:      configure_fit: strategy sampled 10 clients (out of 10)
INFO:flwr:configure_fit: strategy sampled 10 clients (out of 10)
[36m(ClientAppActor pid=272319)[0m 
[36m(ClientAppActor pid=272319)[0m         
[36m(ClientAppActor pid=272310)[0m 
[36m(ClientAppActor pid=272310)[0m         
[36m(ClientAppActor pid=272310)[0m 
[36m(ClientAppActor pid=272310)[0m         
[36m(ClientAppActor pid=272319)[0m 
[36m(ClientAppActor pid=272319)[0m         
[36m(ClientAppActor pid=272319)[0m [93mWARNING [0m:   DEPRECATED FEATURE: `client_fn` now expects a signature `def client_fn(context: Context)`.The provided `client_fn` has signature: {'cid': <Parameter "cid: str">}. You can import the `Context` like this: `from flwr.app import Context`[32m [repeated 15x across cluster][0m
[36m(ClientAppActor pid=272319)[0m             This is a deprecated feature. It will be removed[32m [repeated 15x across cluster][0m
[36m(ClientAppActor pid=272319)[0m             entirely in future versions of Flower.[32m [repeated 15x across cluster][0m
[36m(ClientAppActor pid=272319)[0m [Client 1] Training on NVIDIA GeForce RTX 3060[32m [repeated 5x across cluster][0m
[36m(ClientAppActor pid=272310)[0m 
[36m(ClientAppActor pid=272310)[0m         
[36m(ClientAppActor pid=272310)[0m 
[36m(ClientAppActor pid=272310)[0m         
[36m(ClientAppActor pid=272319)[0m 
[36m(ClientAppActor pid=272319)[0m         
[36m(ClientAppActor pid=272319)[0m 
[36m(ClientAppActor pid=272319)[0m         
[36m(ClientAppActor pid=272319)[0m 
[36m(ClientAppActor pid=272319)[0m         
[36m(ClientAppActor pid=272319)[0m [Client 5] Training on NVIDIA GeForce RTX 3060[32m [repeated 5x across cluster][0m
[36m(ClientAppActor pid=272310)[0m 
[36m(ClientAppActor pid=272310)[0m         
[36m(ClientAppActor pid=272310)[0m [93mWARNING [0m:   DEPRECATED FEATURE: `client_fn` now expects a signature `def client_fn(context: Context)`.The provided `client_fn` has signature: {'cid': <Parameter "cid: str">}. You can import the `Context` like this: `from flwr.app import Context`[32m [repeated 6x across cluster][0m
[36m(ClientAppActor pid=272310)[0m             This is a deprecated feature. It will be removed[32m [repeated 6x across cluster][0m
[36m(ClientAppActor pid=272310)[0m             entirely in future versions of Flower.[32m [repeated 6x across cluster][0m
[92mINFO [0m:      aggregate_fit: received 10 results and 0 failures
INFO:flwr:aggregate_fit: received 10 results and 0 failures
[CascadeRouter] Round 11: 10 clients, 24578 parameters/client
[92mINFO [0m:      configure_evaluate: strategy sampled 10 clients (out of 10)
INFO:flwr:configure_evaluate: strategy sampled 10 clients (out of 10)
[36m(ClientAppActor pid=272310)[0m 
[36m(ClientAppActor pid=272310)[0m         
[36m(ClientAppActor pid=272319)[0m 
[36m(ClientAppActor pid=272319)[0m         
[36m(ClientAppActor pid=272319)[0m 
[36m(ClientAppActor pid=272319)[0m         
[36m(ClientAppActor pid=272310)[0m 
[36m(ClientAppActor pid=272310)[0m         
[36m(ClientAppActor pid=272319)[0m 
[36m(ClientAppActor pid=272319)[0m         
[36m(ClientAppActor pid=272310)[0m 
[36m(ClientAppActor pid=272310)[0m         
[36m(ClientAppActor pid=272310)[0m 
[36m(ClientAppActor pid=272310)[0m         
[36m(ClientAppActor pid=272319)[0m 
[36m(ClientAppActor pid=272319)[0m         
[36m(ClientAppActor pid=272319)[0m 
[36m(ClientAppActor pid=272319)[0m         
[36m(ClientAppActor pid=272319)[0m [93mWARNING [0m:   DEPRECATED FEATURE: `client_fn` now expects a signature `def client_fn(context: Context)`.The provided `client_fn` has signature: {'cid': <Parameter "cid: str">}. You can import the `Context` like this: `from flwr.app import Context`[32m [repeated 9x across cluster][0m
[36m(ClientAppActor pid=272319)[0m             This is a deprecated feature. It will be removed[32m [repeated 9x across cluster][0m
[36m(ClientAppActor pid=272319)[0m             entirely in future versions of Flower.[32m [repeated 9x across cluster][0m
[36m(ClientAppActor pid=272310)[0m 
[36m(ClientAppActor pid=272310)[0m         
[92mINFO [0m:      aggregate_evaluate: received 10 results and 0 failures
INFO:flwr:aggregate_evaluate: received 10 results and 0 failures
[92mINFO [0m:      
INFO:flwr:
[92mINFO [0m:      [ROUND 12]
INFO:flwr:[ROUND 12]
[92mINFO [0m:      configure_fit: strategy sampled 10 clients (out of 10)
INFO:flwr:configure_fit: strategy sampled 10 clients (out of 10)
[36m(ClientAppActor pid=272310)[0m 
[36m(ClientAppActor pid=272310)[0m         
[36m(ClientAppActor pid=272319)[0m 
[36m(ClientAppActor pid=272319)[0m         
[36m(ClientAppActor pid=272319)[0m [Client 5] Training on NVIDIA GeForce RTX 3060[32m [repeated 2x across cluster][0m
[36m(ClientAppActor pid=272310)[0m 
[36m(ClientAppActor pid=272310)[0m         
[36m(ClientAppActor pid=272310)[0m 
[36m(ClientAppActor pid=272310)[0m         
[36m(ClientAppActor pid=272310)[0m 
[36m(ClientAppActor pid=272310)[0m         
[36m(ClientAppActor pid=272310)[0m 
[36m(ClientAppActor pid=272310)[0m         
[36m(ClientAppActor pid=272310)[0m [93mWARNING [0m:   DEPRECATED FEATURE: `client_fn` now expects a signature `def client_fn(context: Context)`.The provided `client_fn` has signature: {'cid': <Parameter "cid: str">}. You can import the `Context` like this: `from flwr.app import Context`[32m [repeated 7x across cluster][0m
[36m(ClientAppActor pid=272310)[0m             This is a deprecated feature. It will be removed[32m [repeated 7x across cluster][0m
[36m(ClientAppActor pid=272310)[0m             entirely in future versions of Flower.[32m [repeated 7x across cluster][0m
[36m(ClientAppActor pid=272310)[0m 
[36m(ClientAppActor pid=272310)[0m         
[36m(ClientAppActor pid=272310)[0m [Client 1] Training on NVIDIA GeForce RTX 3060[32m [repeated 6x across cluster][0m
[36m(ClientAppActor pid=272319)[0m 
[36m(ClientAppActor pid=272319)[0m         
[36m(ClientAppActor pid=272319)[0m 
[36m(ClientAppActor pid=272319)[0m         
[36m(ClientAppActor pid=272310)[0m 
[36m(ClientAppActor pid=272310)[0m         
[92mINFO [0m:      aggregate_fit: received 10 results and 0 failures
INFO:flwr:aggregate_fit: received 10 results and 0 failures
[CascadeRouter] Round 12: 10 clients, 24578 parameters/client
[92mINFO [0m:      configure_evaluate: strategy sampled 10 clients (out of 10)
INFO:flwr:configure_evaluate: strategy sampled 10 clients (out of 10)
[36m(ClientAppActor pid=272310)[0m 
[36m(ClientAppActor pid=272310)[0m         
[36m(ClientAppActor pid=272310)[0m [93mWARNING [0m:   DEPRECATED FEATURE: `client_fn` now expects a signature `def client_fn(context: Context)`.The provided `client_fn` has signature: {'cid': <Parameter "cid: str">}. You can import the `Context` like this: `from flwr.app import Context`[32m [repeated 5x across cluster][0m
[36m(ClientAppActor pid=272310)[0m             This is a deprecated feature. It will be removed[32m [repeated 5x across cluster][0m
[36m(ClientAppActor pid=272310)[0m             entirely in future versions of Flower.[32m [repeated 5x across cluster][0m
[36m(ClientAppActor pid=272319)[0m 
[36m(ClientAppActor pid=272319)[0m         
[36m(ClientAppActor pid=272310)[0m 
[36m(ClientAppActor pid=272310)[0m         
[36m(ClientAppActor pid=272319)[0m 
[36m(ClientAppActor pid=272319)[0m         
[36m(ClientAppActor pid=272310)[0m 
[36m(ClientAppActor pid=272310)[0m         
[36m(ClientAppActor pid=272319)[0m 
[36m(ClientAppActor pid=272319)[0m         
[36m(ClientAppActor pid=272310)[0m 
[36m(ClientAppActor pid=272310)[0m         
[36m(ClientAppActor pid=272319)[0m 
[36m(ClientAppActor pid=272319)[0m         
[36m(ClientAppActor pid=272310)[0m 
[36m(ClientAppActor pid=272310)[0m         
[36m(ClientAppActor pid=272319)[0m 
[36m(ClientAppActor pid=272319)[0m         
[92mINFO [0m:      aggregate_evaluate: received 10 results and 0 failures
INFO:flwr:aggregate_evaluate: received 10 results and 0 failures
[92mINFO [0m:      
INFO:flwr:
[92mINFO [0m:      [ROUND 13]
INFO:flwr:[ROUND 13]
[92mINFO [0m:      configure_fit: strategy sampled 10 clients (out of 10)
INFO:flwr:configure_fit: strategy sampled 10 clients (out of 10)
[36m(ClientAppActor pid=272310)[0m 
[36m(ClientAppActor pid=272310)[0m         
[36m(ClientAppActor pid=272319)[0m 
[36m(ClientAppActor pid=272319)[0m         
[36m(ClientAppActor pid=272319)[0m [Client 0] Training on NVIDIA GeForce RTX 3060[32m [repeated 4x across cluster][0m
[36m(ClientAppActor pid=272310)[0m 
[36m(ClientAppActor pid=272310)[0m         
[36m(ClientAppActor pid=272310)[0m 
[36m(ClientAppActor pid=272310)[0m         
[36m(ClientAppActor pid=272319)[0m 
[36m(ClientAppActor pid=272319)[0m         
[36m(ClientAppActor pid=272319)[0m 
[36m(ClientAppActor pid=272319)[0m         
[36m(ClientAppActor pid=272319)[0m 
[36m(ClientAppActor pid=272319)[0m         
[36m(ClientAppActor pid=272319)[0m 
[36m(ClientAppActor pid=272319)[0m         
[36m(ClientAppActor pid=272319)[0m [93mWARNING [0m:   DEPRECATED FEATURE: `client_fn` now expects a signature `def client_fn(context: Context)`.The provided `client_fn` has signature: {'cid': <Parameter "cid: str">}. You can import the `Context` like this: `from flwr.app import Context`[32m [repeated 17x across cluster][0m
[36m(ClientAppActor pid=272319)[0m             This is a deprecated feature. It will be removed[32m [repeated 17x across cluster][0m
[36m(ClientAppActor pid=272319)[0m             entirely in future versions of Flower.[32m [repeated 17x across cluster][0m
[36m(ClientAppActor pid=272319)[0m [Client 4] Training on NVIDIA GeForce RTX 3060[32m [repeated 7x across cluster][0m
[36m(ClientAppActor pid=272310)[0m 
[36m(ClientAppActor pid=272310)[0m         
[36m(ClientAppActor pid=272319)[0m 
[36m(ClientAppActor pid=272319)[0m         
[92mINFO [0m:      aggregate_fit: received 10 results and 0 failures
INFO:flwr:aggregate_fit: received 10 results and 0 failures
[CascadeRouter] Round 13: 10 clients, 24578 parameters/client
[92mINFO [0m:      configure_evaluate: strategy sampled 10 clients (out of 10)
INFO:flwr:configure_evaluate: strategy sampled 10 clients (out of 10)
[36m(ClientAppActor pid=272319)[0m 
[36m(ClientAppActor pid=272319)[0m         
[36m(ClientAppActor pid=272319)[0m [93mWARNING [0m:   DEPRECATED FEATURE: `client_fn` now expects a signature `def client_fn(context: Context)`.The provided `client_fn` has signature: {'cid': <Parameter "cid: str">}. You can import the `Context` like this: `from flwr.app import Context`[32m [repeated 3x across cluster][0m
[36m(ClientAppActor pid=272319)[0m             This is a deprecated feature. It will be removed[32m [repeated 3x across cluster][0m
[36m(ClientAppActor pid=272319)[0m             entirely in future versions of Flower.[32m [repeated 3x across cluster][0m
[36m(ClientAppActor pid=272310)[0m 
[36m(ClientAppActor pid=272310)[0m         
[36m(ClientAppActor pid=272319)[0m 
[36m(ClientAppActor pid=272319)[0m         
[36m(ClientAppActor pid=272310)[0m 
[36m(ClientAppActor pid=272310)[0m         
[36m(ClientAppActor pid=272319)[0m 
[36m(ClientAppActor pid=272319)[0m         
[36m(ClientAppActor pid=272310)[0m 
[36m(ClientAppActor pid=272310)[0m         
[36m(ClientAppActor pid=272319)[0m 
[36m(ClientAppActor pid=272319)[0m         
[36m(ClientAppActor pid=272310)[0m 
[36m(ClientAppActor pid=272310)[0m         
[36m(ClientAppActor pid=272319)[0m 
[36m(ClientAppActor pid=272319)[0m         
[36m(ClientAppActor pid=272310)[0m 
[36m(ClientAppActor pid=272310)[0m         
[92mINFO [0m:      aggregate_evaluate: received 10 results and 0 failures
INFO:flwr:aggregate_evaluate: received 10 results and 0 failures
[92mINFO [0m:      
INFO:flwr:
[92mINFO [0m:      [ROUND 14]
INFO:flwr:[ROUND 14]
[92mINFO [0m:      configure_fit: strategy sampled 10 clients (out of 10)
INFO:flwr:configure_fit: strategy sampled 10 clients (out of 10)
[36m(ClientAppActor pid=272310)[0m 
[36m(ClientAppActor pid=272310)[0m         
[36m(ClientAppActor pid=272319)[0m 
[36m(ClientAppActor pid=272319)[0m         
[36m(ClientAppActor pid=272319)[0m [Client 0] Training on NVIDIA GeForce RTX 3060[32m [repeated 3x across cluster][0m
[36m(ClientAppActor pid=272319)[0m 
[36m(ClientAppActor pid=272319)[0m         
[36m(ClientAppActor pid=272319)[0m 
[36m(ClientAppActor pid=272319)[0m         
[36m(ClientAppActor pid=272319)[0m [93mWARNING [0m:   DEPRECATED FEATURE: `client_fn` now expects a signature `def client_fn(context: Context)`.The provided `client_fn` has signature: {'cid': <Parameter "cid: str">}. You can import the `Context` like this: `from flwr.app import Context`[32m [repeated 13x across cluster][0m
[36m(ClientAppActor pid=272319)[0m             This is a deprecated feature. It will be removed[32m [repeated 13x across cluster][0m
[36m(ClientAppActor pid=272319)[0m             entirely in future versions of Flower.[32m [repeated 13x across cluster][0m
[36m(ClientAppActor pid=272319)[0m [Client 2] Training on NVIDIA GeForce RTX 3060[32m [repeated 3x across cluster][0m
[36m(ClientAppActor pid=272319)[0m 
[36m(ClientAppActor pid=272319)[0m         
[36m(ClientAppActor pid=272310)[0m 
[36m(ClientAppActor pid=272310)[0m         
[36m(ClientAppActor pid=272319)[0m 
[36m(ClientAppActor pid=272319)[0m         
[36m(ClientAppActor pid=272310)[0m 
[36m(ClientAppActor pid=272310)[0m         
[36m(ClientAppActor pid=272310)[0m 
[36m(ClientAppActor pid=272310)[0m         
[36m(ClientAppActor pid=272310)[0m 
[36m(ClientAppActor pid=272310)[0m         
[92mINFO [0m:      aggregate_fit: received 10 results and 0 failures
INFO:flwr:aggregate_fit: received 10 results and 0 failures
[CascadeRouter] Round 14: 10 clients, 24578 parameters/client
[92mINFO [0m:      configure_evaluate: strategy sampled 10 clients (out of 10)
INFO:flwr:configure_evaluate: strategy sampled 10 clients (out of 10)
[36m(ClientAppActor pid=272310)[0m 
[36m(ClientAppActor pid=272310)[0m         
[36m(ClientAppActor pid=272310)[0m [93mWARNING [0m:   DEPRECATED FEATURE: `client_fn` now expects a signature `def client_fn(context: Context)`.The provided `client_fn` has signature: {'cid': <Parameter "cid: str">}. You can import the `Context` like this: `from flwr.app import Context`[32m [repeated 7x across cluster][0m
[36m(ClientAppActor pid=272310)[0m             This is a deprecated feature. It will be removed[32m [repeated 7x across cluster][0m
[36m(ClientAppActor pid=272310)[0m             entirely in future versions of Flower.[32m [repeated 7x across cluster][0m
[36m(ClientAppActor pid=272319)[0m 
[36m(ClientAppActor pid=272319)[0m         
[36m(ClientAppActor pid=272310)[0m 
[36m(ClientAppActor pid=272310)[0m         
[36m(ClientAppActor pid=272319)[0m 
[36m(ClientAppActor pid=272319)[0m         
[36m(ClientAppActor pid=272310)[0m 
[36m(ClientAppActor pid=272310)[0m         
[36m(ClientAppActor pid=272319)[0m 
[36m(ClientAppActor pid=272319)[0m         
[36m(ClientAppActor pid=272310)[0m 
[36m(ClientAppActor pid=272310)[0m         
[36m(ClientAppActor pid=272319)[0m 
[36m(ClientAppActor pid=272319)[0m         
[36m(ClientAppActor pid=272310)[0m 
[36m(ClientAppActor pid=272310)[0m         
[36m(ClientAppActor pid=272319)[0m 
[36m(ClientAppActor pid=272319)[0m         
[92mINFO [0m:      aggregate_evaluate: received 10 results and 0 failures
INFO:flwr:aggregate_evaluate: received 10 results and 0 failures
[92mINFO [0m:      
INFO:flwr:
[92mINFO [0m:      [ROUND 15]
INFO:flwr:[ROUND 15]
[92mINFO [0m:      configure_fit: strategy sampled 10 clients (out of 10)
INFO:flwr:configure_fit: strategy sampled 10 clients (out of 10)
[36m(ClientAppActor pid=272310)[0m 
[36m(ClientAppActor pid=272310)[0m         
[36m(ClientAppActor pid=272319)[0m 
[36m(ClientAppActor pid=272319)[0m         
[36m(ClientAppActor pid=272319)[0m [Client 9] Training on NVIDIA GeForce RTX 3060[32m [repeated 7x across cluster][0m
[36m(ClientAppActor pid=272319)[0m 
[36m(ClientAppActor pid=272319)[0m         
[36m(ClientAppActor pid=272319)[0m 
[36m(ClientAppActor pid=272319)[0m         
[36m(ClientAppActor pid=272310)[0m 
[36m(ClientAppActor pid=272310)[0m         
[36m(ClientAppActor pid=272319)[0m 
[36m(ClientAppActor pid=272319)[0m         
[36m(ClientAppActor pid=272319)[0m [93mWARNING [0m:   DEPRECATED FEATURE: `client_fn` now expects a signature `def client_fn(context: Context)`.The provided `client_fn` has signature: {'cid': <Parameter "cid: str">}. You can import the `Context` like this: `from flwr.app import Context`[32m [repeated 15x across cluster][0m
[36m(ClientAppActor pid=272319)[0m             This is a deprecated feature. It will be removed[32m [repeated 15x across cluster][0m
[36m(ClientAppActor pid=272319)[0m             entirely in future versions of Flower.[32m [repeated 15x across cluster][0m
[36m(ClientAppActor pid=272319)[0m 
[36m(ClientAppActor pid=272319)[0m         
[36m(ClientAppActor pid=272319)[0m 
[36m(ClientAppActor pid=272319)[0m         
[36m(ClientAppActor pid=272319)[0m [Client 4] Training on NVIDIA GeForce RTX 3060[32m [repeated 7x across cluster][0m
[36m(ClientAppActor pid=272310)[0m 
[36m(ClientAppActor pid=272310)[0m         
[36m(ClientAppActor pid=272310)[0m [93mWARNING [0m:   DEPRECATED FEATURE: `client_fn` now expects a signature `def client_fn(context: Context)`.The provided `client_fn` has signature: {'cid': <Parameter "cid: str">}. You can import the `Context` like this: `from flwr.app import Context`[32m [repeated 3x across cluster][0m
[36m(ClientAppActor pid=272310)[0m             This is a deprecated feature. It will be removed[32m [repeated 3x across cluster][0m
[36m(ClientAppActor pid=272310)[0m             entirely in future versions of Flower.[32m [repeated 3x across cluster][0m
[36m(ClientAppActor pid=272319)[0m 
[36m(ClientAppActor pid=272319)[0m         
[92mINFO [0m:      aggregate_fit: received 10 results and 0 failures
INFO:flwr:aggregate_fit: received 10 results and 0 failures
[CascadeRouter] Round 15: 10 clients, 24578 parameters/client
[92mINFO [0m:      configure_evaluate: strategy sampled 10 clients (out of 10)
INFO:flwr:configure_evaluate: strategy sampled 10 clients (out of 10)
[36m(ClientAppActor pid=272319)[0m 
[36m(ClientAppActor pid=272319)[0m         
[36m(ClientAppActor pid=272310)[0m 
[36m(ClientAppActor pid=272310)[0m         
[36m(ClientAppActor pid=272319)[0m 
[36m(ClientAppActor pid=272319)[0m         
[36m(ClientAppActor pid=272310)[0m 
[36m(ClientAppActor pid=272310)[0m         
[36m(ClientAppActor pid=272310)[0m 
[36m(ClientAppActor pid=272310)[0m         
[36m(ClientAppActor pid=272319)[0m 
[36m(ClientAppActor pid=272319)[0m         
[36m(ClientAppActor pid=272319)[0m 
[36m(ClientAppActor pid=272319)[0m         
[36m(ClientAppActor pid=272310)[0m 
[36m(ClientAppActor pid=272310)[0m         
[36m(ClientAppActor pid=272310)[0m 
[36m(ClientAppActor pid=272310)[0m         
[36m(ClientAppActor pid=272319)[0m 
[36m(ClientAppActor pid=272319)[0m         
[92mINFO [0m:      aggregate_evaluate: received 10 results and 0 failures
INFO:flwr:aggregate_evaluate: received 10 results and 0 failures
[92mINFO [0m:      
INFO:flwr:
[92mINFO [0m:      [ROUND 16]
INFO:flwr:[ROUND 16]
[92mINFO [0m:      configure_fit: strategy sampled 10 clients (out of 10)
INFO:flwr:configure_fit: strategy sampled 10 clients (out of 10)
[36m(ClientAppActor pid=272310)[0m 
[36m(ClientAppActor pid=272310)[0m         
[36m(ClientAppActor pid=272319)[0m 
[36m(ClientAppActor pid=272319)[0m         
[36m(ClientAppActor pid=272310)[0m 
[36m(ClientAppActor pid=272310)[0m         
[36m(ClientAppActor pid=272310)[0m [Client 8] Training on NVIDIA GeForce RTX 3060[32m [repeated 5x across cluster][0m
[36m(ClientAppActor pid=272319)[0m 
[36m(ClientAppActor pid=272319)[0m         
[36m(ClientAppActor pid=272319)[0m 
[36m(ClientAppActor pid=272319)[0m         
[36m(ClientAppActor pid=272319)[0m [93mWARNING [0m:   DEPRECATED FEATURE: `client_fn` now expects a signature `def client_fn(context: Context)`.The provided `client_fn` has signature: {'cid': <Parameter "cid: str">}. You can import the `Context` like this: `from flwr.app import Context`[32m [repeated 16x across cluster][0m
[36m(ClientAppActor pid=272319)[0m             This is a deprecated feature. It will be removed[32m [repeated 16x across cluster][0m
[36m(ClientAppActor pid=272319)[0m             entirely in future versions of Flower.[32m [repeated 16x across cluster][0m
[36m(ClientAppActor pid=272310)[0m 
[36m(ClientAppActor pid=272310)[0m         
[36m(ClientAppActor pid=272310)[0m 
[36m(ClientAppActor pid=272310)[0m         
[36m(ClientAppActor pid=272310)[0m 
[36m(ClientAppActor pid=272310)[0m         
[36m(ClientAppActor pid=272319)[0m 
[36m(ClientAppActor pid=272319)[0m         
[36m(ClientAppActor pid=272319)[0m 
[36m(ClientAppActor pid=272319)[0m         
[92mINFO [0m:      aggregate_fit: received 10 results and 0 failures
INFO:flwr:aggregate_fit: received 10 results and 0 failures
[CascadeRouter] Round 16: 10 clients, 24578 parameters/client
[92mINFO [0m:      configure_evaluate: strategy sampled 10 clients (out of 10)
INFO:flwr:configure_evaluate: strategy sampled 10 clients (out of 10)
[36m(ClientAppActor pid=272319)[0m 
[36m(ClientAppActor pid=272319)[0m         
[36m(ClientAppActor pid=272319)[0m [93mWARNING [0m:   DEPRECATED FEATURE: `client_fn` now expects a signature `def client_fn(context: Context)`.The provided `client_fn` has signature: {'cid': <Parameter "cid: str">}. You can import the `Context` like this: `from flwr.app import Context`[32m [repeated 6x across cluster][0m
[36m(ClientAppActor pid=272319)[0m             This is a deprecated feature. It will be removed[32m [repeated 6x across cluster][0m
[36m(ClientAppActor pid=272319)[0m             entirely in future versions of Flower.[32m [repeated 6x across cluster][0m
[36m(ClientAppActor pid=272310)[0m 
[36m(ClientAppActor pid=272310)[0m         
[36m(ClientAppActor pid=272319)[0m 
[36m(ClientAppActor pid=272319)[0m         
[36m(ClientAppActor pid=272310)[0m 
[36m(ClientAppActor pid=272310)[0m         
[36m(ClientAppActor pid=272319)[0m 
[36m(ClientAppActor pid=272319)[0m         
[36m(ClientAppActor pid=272310)[0m 
[36m(ClientAppActor pid=272310)[0m         
[36m(ClientAppActor pid=272319)[0m 
[36m(ClientAppActor pid=272319)[0m         
[36m(ClientAppActor pid=272310)[0m 
[36m(ClientAppActor pid=272310)[0m         
[36m(ClientAppActor pid=272319)[0m 
[36m(ClientAppActor pid=272319)[0m         
[36m(ClientAppActor pid=272310)[0m 
[36m(ClientAppActor pid=272310)[0m         
[92mINFO [0m:      aggregate_evaluate: received 10 results and 0 failures
INFO:flwr:aggregate_evaluate: received 10 results and 0 failures
[92mINFO [0m:      
INFO:flwr:
[92mINFO [0m:      [ROUND 17]
INFO:flwr:[ROUND 17]
[92mINFO [0m:      configure_fit: strategy sampled 10 clients (out of 10)
INFO:flwr:configure_fit: strategy sampled 10 clients (out of 10)
[36m(ClientAppActor pid=272310)[0m 
[36m(ClientAppActor pid=272310)[0m         
[36m(ClientAppActor pid=272319)[0m 
[36m(ClientAppActor pid=272319)[0m         
[36m(ClientAppActor pid=272319)[0m [Client 2] Training on NVIDIA GeForce RTX 3060[32m [repeated 8x across cluster][0m
[36m(ClientAppActor pid=272310)[0m 
[36m(ClientAppActor pid=272310)[0m         
[36m(ClientAppActor pid=272319)[0m 
[36m(ClientAppActor pid=272319)[0m         
[36m(ClientAppActor pid=272310)[0m 
[36m(ClientAppActor pid=272310)[0m         
[36m(ClientAppActor pid=272310)[0m 
[36m(ClientAppActor pid=272310)[0m         
[36m(ClientAppActor pid=272319)[0m 
[36m(ClientAppActor pid=272319)[0m         
[36m(ClientAppActor pid=272319)[0m 
[36m(ClientAppActor pid=272319)[0m         
[36m(ClientAppActor pid=272319)[0m [93mWARNING [0m:   DEPRECATED FEATURE: `client_fn` now expects a signature `def client_fn(context: Context)`.The provided `client_fn` has signature: {'cid': <Parameter "cid: str">}. You can import the `Context` like this: `from flwr.app import Context`[32m [repeated 17x across cluster][0m
[36m(ClientAppActor pid=272319)[0m             This is a deprecated feature. It will be removed[32m [repeated 17x across cluster][0m
[36m(ClientAppActor pid=272319)[0m             entirely in future versions of Flower.[32m [repeated 17x across cluster][0m
[36m(ClientAppActor pid=272319)[0m [Client 3] Training on NVIDIA GeForce RTX 3060[32m [repeated 7x across cluster][0m
[36m(ClientAppActor pid=272310)[0m 
[36m(ClientAppActor pid=272310)[0m         
[36m(ClientAppActor pid=272319)[0m 
[36m(ClientAppActor pid=272319)[0m         
[92mINFO [0m:      aggregate_fit: received 10 results and 0 failures
INFO:flwr:aggregate_fit: received 10 results and 0 failures
[CascadeRouter] Round 17: 10 clients, 24578 parameters/client
[92mINFO [0m:      configure_evaluate: strategy sampled 10 clients (out of 10)
INFO:flwr:configure_evaluate: strategy sampled 10 clients (out of 10)
[36m(ClientAppActor pid=272310)[0m 
[36m(ClientAppActor pid=272310)[0m         
[36m(ClientAppActor pid=272310)[0m [93mWARNING [0m:   DEPRECATED FEATURE: `client_fn` now expects a signature `def client_fn(context: Context)`.The provided `client_fn` has signature: {'cid': <Parameter "cid: str">}. You can import the `Context` like this: `from flwr.app import Context`[32m [repeated 3x across cluster][0m
[36m(ClientAppActor pid=272310)[0m             This is a deprecated feature. It will be removed[32m [repeated 3x across cluster][0m
[36m(ClientAppActor pid=272310)[0m             entirely in future versions of Flower.[32m [repeated 3x across cluster][0m
[36m(ClientAppActor pid=272319)[0m 
[36m(ClientAppActor pid=272319)[0m         
[36m(ClientAppActor pid=272310)[0m 
[36m(ClientAppActor pid=272310)[0m         
[36m(ClientAppActor pid=272319)[0m 
[36m(ClientAppActor pid=272319)[0m         
[36m(ClientAppActor pid=272319)[0m 
[36m(ClientAppActor pid=272319)[0m         
[36m(ClientAppActor pid=272310)[0m 
[36m(ClientAppActor pid=272310)[0m         
[36m(ClientAppActor pid=272319)[0m 
[36m(ClientAppActor pid=272319)[0m         
[36m(ClientAppActor pid=272310)[0m 
[36m(ClientAppActor pid=272310)[0m         
[36m(ClientAppActor pid=272319)[0m 
[36m(ClientAppActor pid=272319)[0m         
[36m(ClientAppActor pid=272310)[0m 
[36m(ClientAppActor pid=272310)[0m         
[92mINFO [0m:      aggregate_evaluate: received 10 results and 0 failures
INFO:flwr:aggregate_evaluate: received 10 results and 0 failures
[92mINFO [0m:      
INFO:flwr:
[92mINFO [0m:      [ROUND 18]
INFO:flwr:[ROUND 18]
[92mINFO [0m:      configure_fit: strategy sampled 10 clients (out of 10)
INFO:flwr:configure_fit: strategy sampled 10 clients (out of 10)
[36m(ClientAppActor pid=272310)[0m 
[36m(ClientAppActor pid=272310)[0m         
[36m(ClientAppActor pid=272319)[0m 
[36m(ClientAppActor pid=272319)[0m         
[36m(ClientAppActor pid=272310)[0m [Client 0] Training on NVIDIA GeForce RTX 3060[32m [repeated 3x across cluster][0m
[36m(ClientAppActor pid=272319)[0m 
[36m(ClientAppActor pid=272319)[0m         
[36m(ClientAppActor pid=272319)[0m 
[36m(ClientAppActor pid=272319)[0m         
[36m(ClientAppActor pid=272310)[0m 
[36m(ClientAppActor pid=272310)[0m         
[36m(ClientAppActor pid=272310)[0m 
[36m(ClientAppActor pid=272310)[0m         
[36m(ClientAppActor pid=272310)[0m [93mWARNING [0m:   DEPRECATED FEATURE: `client_fn` now expects a signature `def client_fn(context: Context)`.The provided `client_fn` has signature: {'cid': <Parameter "cid: str">}. You can import the `Context` like this: `from flwr.app import Context`[32m [repeated 15x across cluster][0m
[36m(ClientAppActor pid=272310)[0m             This is a deprecated feature. It will be removed[32m [repeated 15x across cluster][0m
[36m(ClientAppActor pid=272310)[0m             entirely in future versions of Flower.[32m [repeated 15x across cluster][0m
[36m(ClientAppActor pid=272310)[0m [Client 7] Training on NVIDIA GeForce RTX 3060[32m [repeated 5x across cluster][0m
[36m(ClientAppActor pid=272310)[0m 
[36m(ClientAppActor pid=272310)[0m         
[36m(ClientAppActor pid=272310)[0m 
[36m(ClientAppActor pid=272310)[0m         
[36m(ClientAppActor pid=272319)[0m 
[36m(ClientAppActor pid=272319)[0m         
[36m(ClientAppActor pid=272319)[0m 
[36m(ClientAppActor pid=272319)[0m         
[92mINFO [0m:      aggregate_fit: received 10 results and 0 failures
INFO:flwr:aggregate_fit: received 10 results and 0 failures
[CascadeRouter] Round 18: 10 clients, 24578 parameters/client
[92mINFO [0m:      configure_evaluate: strategy sampled 10 clients (out of 10)
INFO:flwr:configure_evaluate: strategy sampled 10 clients (out of 10)
[36m(ClientAppActor pid=272319)[0m 
[36m(ClientAppActor pid=272319)[0m         
[36m(ClientAppActor pid=272319)[0m [93mWARNING [0m:   DEPRECATED FEATURE: `client_fn` now expects a signature `def client_fn(context: Context)`.The provided `client_fn` has signature: {'cid': <Parameter "cid: str">}. You can import the `Context` like this: `from flwr.app import Context`[32m [repeated 5x across cluster][0m
[36m(ClientAppActor pid=272319)[0m             This is a deprecated feature. It will be removed[32m [repeated 5x across cluster][0m
[36m(ClientAppActor pid=272319)[0m             entirely in future versions of Flower.[32m [repeated 5x across cluster][0m
[36m(ClientAppActor pid=272310)[0m 
[36m(ClientAppActor pid=272310)[0m         
[36m(ClientAppActor pid=272319)[0m 
[36m(ClientAppActor pid=272319)[0m         
[36m(ClientAppActor pid=272310)[0m 
[36m(ClientAppActor pid=272310)[0m         
[36m(ClientAppActor pid=272319)[0m 
[36m(ClientAppActor pid=272319)[0m         
[36m(ClientAppActor pid=272310)[0m 
[36m(ClientAppActor pid=272310)[0m         
[36m(ClientAppActor pid=272310)[0m 
[36m(ClientAppActor pid=272310)[0m         
[36m(ClientAppActor pid=272319)[0m 
[36m(ClientAppActor pid=272319)[0m         
[36m(ClientAppActor pid=272319)[0m 
[36m(ClientAppActor pid=272319)[0m         
[36m(ClientAppActor pid=272310)[0m 
[36m(ClientAppActor pid=272310)[0m         
[92mINFO [0m:      aggregate_evaluate: received 10 results and 0 failures
INFO:flwr:aggregate_evaluate: received 10 results and 0 failures
[92mINFO [0m:      
INFO:flwr:
[92mINFO [0m:      [ROUND 19]
INFO:flwr:[ROUND 19]
[92mINFO [0m:      configure_fit: strategy sampled 10 clients (out of 10)
INFO:flwr:configure_fit: strategy sampled 10 clients (out of 10)
[36m(ClientAppActor pid=272310)[0m 
[36m(ClientAppActor pid=272310)[0m         
[36m(ClientAppActor pid=272319)[0m 
[36m(ClientAppActor pid=272319)[0m         
[36m(ClientAppActor pid=272319)[0m [Client 5] Training on NVIDIA GeForce RTX 3060[32m [repeated 5x across cluster][0m
[36m(ClientAppActor pid=272310)[0m 
[36m(ClientAppActor pid=272310)[0m         
[36m(ClientAppActor pid=272310)[0m [93mWARNING [0m:   DEPRECATED FEATURE: `client_fn` now expects a signature `def client_fn(context: Context)`.The provided `client_fn` has signature: {'cid': <Parameter "cid: str">}. You can import the `Context` like this: `from flwr.app import Context`[32m [repeated 12x across cluster][0m
[36m(ClientAppActor pid=272310)[0m             This is a deprecated feature. It will be removed[32m [repeated 12x across cluster][0m
[36m(ClientAppActor pid=272310)[0m             entirely in future versions of Flower.[32m [repeated 12x across cluster][0m
[36m(ClientAppActor pid=272310)[0m 
[36m(ClientAppActor pid=272310)[0m         
[36m(ClientAppActor pid=272319)[0m 
[36m(ClientAppActor pid=272319)[0m         
[36m(ClientAppActor pid=272319)[0m [Client 1] Training on NVIDIA GeForce RTX 3060[32m [repeated 4x across cluster][0m
[36m(ClientAppActor pid=272310)[0m 
[36m(ClientAppActor pid=272310)[0m         
[36m(ClientAppActor pid=272310)[0m 
[36m(ClientAppActor pid=272310)[0m         
[36m(ClientAppActor pid=272310)[0m 
[36m(ClientAppActor pid=272310)[0m         
[36m(ClientAppActor pid=272310)[0m 
[36m(ClientAppActor pid=272310)[0m         
[36m(ClientAppActor pid=272319)[0m 
[36m(ClientAppActor pid=272319)[0m         
[36m(ClientAppActor pid=272319)[0m [93mWARNING [0m:   DEPRECATED FEATURE: `client_fn` now expects a signature `def client_fn(context: Context)`.The provided `client_fn` has signature: {'cid': <Parameter "cid: str">}. You can import the `Context` like this: `from flwr.app import Context`[32m [repeated 7x across cluster][0m
[36m(ClientAppActor pid=272319)[0m             This is a deprecated feature. It will be removed[32m [repeated 7x across cluster][0m
[36m(ClientAppActor pid=272319)[0m             entirely in future versions of Flower.[32m [repeated 7x across cluster][0m
[92mINFO [0m:      aggregate_fit: received 10 results and 0 failures
INFO:flwr:aggregate_fit: received 10 results and 0 failures
[CascadeRouter] Round 19: 10 clients, 24578 parameters/client
[92mINFO [0m:      configure_evaluate: strategy sampled 10 clients (out of 10)
INFO:flwr:configure_evaluate: strategy sampled 10 clients (out of 10)
[36m(ClientAppActor pid=272310)[0m 
[36m(ClientAppActor pid=272310)[0m         
[36m(ClientAppActor pid=272319)[0m 
[36m(ClientAppActor pid=272319)[0m         
[36m(ClientAppActor pid=272319)[0m 
[36m(ClientAppActor pid=272319)[0m         
[36m(ClientAppActor pid=272310)[0m 
[36m(ClientAppActor pid=272310)[0m         
[36m(ClientAppActor pid=272319)[0m 
[36m(ClientAppActor pid=272319)[0m         
[36m(ClientAppActor pid=272310)[0m 
[36m(ClientAppActor pid=272310)[0m         
[36m(ClientAppActor pid=272319)[0m 
[36m(ClientAppActor pid=272319)[0m         
[36m(ClientAppActor pid=272310)[0m 
[36m(ClientAppActor pid=272310)[0m         
[36m(ClientAppActor pid=272310)[0m 
[36m(ClientAppActor pid=272310)[0m         
[36m(ClientAppActor pid=272319)[0m 
[36m(ClientAppActor pid=272319)[0m         
[92mINFO [0m:      aggregate_evaluate: received 10 results and 0 failures
INFO:flwr:aggregate_evaluate: received 10 results and 0 failures
[92mINFO [0m:      
INFO:flwr:
[92mINFO [0m:      [ROUND 20]
INFO:flwr:[ROUND 20]
[92mINFO [0m:      configure_fit: strategy sampled 10 clients (out of 10)
INFO:flwr:configure_fit: strategy sampled 10 clients (out of 10)
[36m(ClientAppActor pid=272310)[0m 
[36m(ClientAppActor pid=272310)[0m         
[36m(ClientAppActor pid=272319)[0m 
[36m(ClientAppActor pid=272319)[0m         
[36m(ClientAppActor pid=272319)[0m [Client 6] Training on NVIDIA GeForce RTX 3060[32m [repeated 6x across cluster][0m
[36m(ClientAppActor pid=272319)[0m 
[36m(ClientAppActor pid=272319)[0m         
[36m(ClientAppActor pid=272319)[0m 
[36m(ClientAppActor pid=272319)[0m         
[36m(ClientAppActor pid=272319)[0m 
[36m(ClientAppActor pid=272319)[0m         
[36m(ClientAppActor pid=272319)[0m [93mWARNING [0m:   DEPRECATED FEATURE: `client_fn` now expects a signature `def client_fn(context: Context)`.The provided `client_fn` has signature: {'cid': <Parameter "cid: str">}. You can import the `Context` like this: `from flwr.app import Context`[32m [repeated 15x across cluster][0m
[36m(ClientAppActor pid=272319)[0m             This is a deprecated feature. It will be removed[32m [repeated 15x across cluster][0m
[36m(ClientAppActor pid=272319)[0m             entirely in future versions of Flower.[32m [repeated 15x across cluster][0m
[36m(ClientAppActor pid=272310)[0m 
[36m(ClientAppActor pid=272310)[0m         
[36m(ClientAppActor pid=272319)[0m 
[36m(ClientAppActor pid=272319)[0m         
[36m(ClientAppActor pid=272319)[0m 
[36m(ClientAppActor pid=272319)[0m         
[36m(ClientAppActor pid=272319)[0m [93mWARNING [0m:   DEPRECATED FEATURE: `client_fn` now expects a signature `def client_fn(context: Context)`.The provided `client_fn` has signature: {'cid': <Parameter "cid: str">}. You can import the `Context` like this: `from flwr.app import Context`[32m [repeated 3x across cluster][0m
[36m(ClientAppActor pid=272319)[0m             This is a deprecated feature. It will be removed[32m [repeated 3x across cluster][0m
[36m(ClientAppActor pid=272319)[0m             entirely in future versions of Flower.[32m [repeated 3x across cluster][0m
[36m(ClientAppActor pid=272319)[0m [Client 7] Training on NVIDIA GeForce RTX 3060[32m [repeated 7x across cluster][0m
[36m(ClientAppActor pid=272319)[0m 
[36m(ClientAppActor pid=272319)[0m         
[36m(ClientAppActor pid=272310)[0m 
[36m(ClientAppActor pid=272310)[0m         
[92mINFO [0m:      aggregate_fit: received 10 results and 0 failures
INFO:flwr:aggregate_fit: received 10 results and 0 failures
[CascadeRouter] Round 20: 10 clients, 24578 parameters/client
[92mINFO [0m:      configure_evaluate: strategy sampled 10 clients (out of 10)
INFO:flwr:configure_evaluate: strategy sampled 10 clients (out of 10)
[36m(ClientAppActor pid=272319)[0m 
[36m(ClientAppActor pid=272319)[0m         
[36m(ClientAppActor pid=272310)[0m 
[36m(ClientAppActor pid=272310)[0m         
[36m(ClientAppActor pid=272310)[0m 
[36m(ClientAppActor pid=272310)[0m         
[36m(ClientAppActor pid=272319)[0m 
[36m(ClientAppActor pid=272319)[0m         
[36m(ClientAppActor pid=272319)[0m 
[36m(ClientAppActor pid=272319)[0m         
[36m(ClientAppActor pid=272310)[0m 
[36m(ClientAppActor pid=272310)[0m         
[36m(ClientAppActor pid=272319)[0m 
[36m(ClientAppActor pid=272319)[0m         
[36m(ClientAppActor pid=272310)[0m 
[36m(ClientAppActor pid=272310)[0m         
[36m(ClientAppActor pid=272319)[0m 
[36m(ClientAppActor pid=272319)[0m         
[36m(ClientAppActor pid=272310)[0m 
[36m(ClientAppActor pid=272310)[0m         
[92mINFO [0m:      aggregate_evaluate: received 10 results and 0 failures
INFO:flwr:aggregate_evaluate: received 10 results and 0 failures
[92mINFO [0m:      
INFO:flwr:
[92mINFO [0m:      [ROUND 21]
INFO:flwr:[ROUND 21]
[92mINFO [0m:      configure_fit: strategy sampled 10 clients (out of 10)
INFO:flwr:configure_fit: strategy sampled 10 clients (out of 10)
[36m(ClientAppActor pid=272310)[0m 
[36m(ClientAppActor pid=272310)[0m         
[36m(ClientAppActor pid=272319)[0m 
[36m(ClientAppActor pid=272319)[0m         
[36m(ClientAppActor pid=272310)[0m 
[36m(ClientAppActor pid=272310)[0m         
[36m(ClientAppActor pid=272319)[0m 
[36m(ClientAppActor pid=272319)[0m         
[36m(ClientAppActor pid=272319)[0m [93mWARNING [0m:   DEPRECATED FEATURE: `client_fn` now expects a signature `def client_fn(context: Context)`.The provided `client_fn` has signature: {'cid': <Parameter "cid: str">}. You can import the `Context` like this: `from flwr.app import Context`[32m [repeated 16x across cluster][0m
[36m(ClientAppActor pid=272319)[0m             This is a deprecated feature. It will be removed[32m [repeated 16x across cluster][0m
[36m(ClientAppActor pid=272319)[0m             entirely in future versions of Flower.[32m [repeated 16x across cluster][0m
[36m(ClientAppActor pid=272319)[0m [Client 0] Training on NVIDIA GeForce RTX 3060[32m [repeated 6x across cluster][0m
[36m(ClientAppActor pid=272319)[0m 
[36m(ClientAppActor pid=272319)[0m         
[36m(ClientAppActor pid=272319)[0m 
[36m(ClientAppActor pid=272319)[0m         
[36m(ClientAppActor pid=272310)[0m 
[36m(ClientAppActor pid=272310)[0m         
[36m(ClientAppActor pid=272319)[0m 
[36m(ClientAppActor pid=272319)[0m         
[36m(ClientAppActor pid=272319)[0m [93mWARNING [0m:   DEPRECATED FEATURE: `client_fn` now expects a signature `def client_fn(context: Context)`.The provided `client_fn` has signature: {'cid': <Parameter "cid: str">}. You can import the `Context` like this: `from flwr.app import Context`[32m [repeated 4x across cluster][0m
[36m(ClientAppActor pid=272319)[0m             This is a deprecated feature. It will be removed[32m [repeated 4x across cluster][0m
[36m(ClientAppActor pid=272319)[0m             entirely in future versions of Flower.[32m [repeated 4x across cluster][0m
[36m(ClientAppActor pid=272319)[0m [Client 4] Training on NVIDIA GeForce RTX 3060[32m [repeated 4x across cluster][0m
[36m(ClientAppActor pid=272310)[0m 
[36m(ClientAppActor pid=272310)[0m         
[36m(ClientAppActor pid=272310)[0m 
[36m(ClientAppActor pid=272310)[0m         
[92mINFO [0m:      aggregate_fit: received 10 results and 0 failures
INFO:flwr:aggregate_fit: received 10 results and 0 failures
[CascadeRouter] Round 21: 10 clients, 24578 parameters/client
[92mINFO [0m:      configure_evaluate: strategy sampled 10 clients (out of 10)
INFO:flwr:configure_evaluate: strategy sampled 10 clients (out of 10)
[36m(ClientAppActor pid=272310)[0m 
[36m(ClientAppActor pid=272310)[0m         
[36m(ClientAppActor pid=272319)[0m 
[36m(ClientAppActor pid=272319)[0m         
[36m(ClientAppActor pid=272319)[0m 
[36m(ClientAppActor pid=272319)[0m         
[36m(ClientAppActor pid=272319)[0m 
[36m(ClientAppActor pid=272319)[0m         
[36m(ClientAppActor pid=272310)[0m 
[36m(ClientAppActor pid=272310)[0m         
[36m(ClientAppActor pid=272310)[0m 
[36m(ClientAppActor pid=272310)[0m         
[36m(ClientAppActor pid=272319)[0m 
[36m(ClientAppActor pid=272319)[0m         
[36m(ClientAppActor pid=272310)[0m 
[36m(ClientAppActor pid=272310)[0m         
[36m(ClientAppActor pid=272319)[0m 
[36m(ClientAppActor pid=272319)[0m         
[36m(ClientAppActor pid=272319)[0m 
[36m(ClientAppActor pid=272319)[0m         
[92mINFO [0m:      aggregate_evaluate: received 10 results and 0 failures
INFO:flwr:aggregate_evaluate: received 10 results and 0 failures
[92mINFO [0m:      
INFO:flwr:
[92mINFO [0m:      [ROUND 22]
INFO:flwr:[ROUND 22]
[92mINFO [0m:      configure_fit: strategy sampled 10 clients (out of 10)
INFO:flwr:configure_fit: strategy sampled 10 clients (out of 10)
[36m(ClientAppActor pid=272310)[0m 
[36m(ClientAppActor pid=272310)[0m         
[36m(ClientAppActor pid=272319)[0m 
[36m(ClientAppActor pid=272319)[0m         
[36m(ClientAppActor pid=272310)[0m 
[36m(ClientAppActor pid=272310)[0m         
[36m(ClientAppActor pid=272310)[0m [93mWARNING [0m:   DEPRECATED FEATURE: `client_fn` now expects a signature `def client_fn(context: Context)`.The provided `client_fn` has signature: {'cid': <Parameter "cid: str">}. You can import the `Context` like this: `from flwr.app import Context`[32m [repeated 15x across cluster][0m
[36m(ClientAppActor pid=272310)[0m             This is a deprecated feature. It will be removed[32m [repeated 15x across cluster][0m
[36m(ClientAppActor pid=272310)[0m             entirely in future versions of Flower.[32m [repeated 15x across cluster][0m
[36m(ClientAppActor pid=272310)[0m [Client 2] Training on NVIDIA GeForce RTX 3060[32m [repeated 5x across cluster][0m
[36m(ClientAppActor pid=272310)[0m 
[36m(ClientAppActor pid=272310)[0m         
[36m(ClientAppActor pid=272319)[0m 
[36m(ClientAppActor pid=272319)[0m         
[36m(ClientAppActor pid=272310)[0m 
[36m(ClientAppActor pid=272310)[0m         
[36m(ClientAppActor pid=272310)[0m 
[36m(ClientAppActor pid=272310)[0m         
[36m(ClientAppActor pid=272319)[0m 
[36m(ClientAppActor pid=272319)[0m         
[36m(ClientAppActor pid=272319)[0m 
[36m(ClientAppActor pid=272319)[0m         
[36m(ClientAppActor pid=272319)[0m [93mWARNING [0m:   DEPRECATED FEATURE: `client_fn` now expects a signature `def client_fn(context: Context)`.The provided `client_fn` has signature: {'cid': <Parameter "cid: str">}. You can import the `Context` like this: `from flwr.app import Context`[32m [repeated 6x across cluster][0m
[36m(ClientAppActor pid=272319)[0m             This is a deprecated feature. It will be removed[32m [repeated 6x across cluster][0m
[36m(ClientAppActor pid=272319)[0m             entirely in future versions of Flower.[32m [repeated 6x across cluster][0m
[36m(ClientAppActor pid=272319)[0m [Client 9] Training on NVIDIA GeForce RTX 3060[32m [repeated 6x across cluster][0m
[36m(ClientAppActor pid=272319)[0m 
[36m(ClientAppActor pid=272319)[0m         
[92mINFO [0m:      aggregate_fit: received 10 results and 0 failures
INFO:flwr:aggregate_fit: received 10 results and 0 failures
[CascadeRouter] Round 22: 10 clients, 24578 parameters/client
[92mINFO [0m:      configure_evaluate: strategy sampled 10 clients (out of 10)
INFO:flwr:configure_evaluate: strategy sampled 10 clients (out of 10)
[36m(ClientAppActor pid=272310)[0m 
[36m(ClientAppActor pid=272310)[0m         
[36m(ClientAppActor pid=272319)[0m 
[36m(ClientAppActor pid=272319)[0m         
[36m(ClientAppActor pid=272319)[0m 
[36m(ClientAppActor pid=272319)[0m         
[36m(ClientAppActor pid=272310)[0m 
[36m(ClientAppActor pid=272310)[0m         
[36m(ClientAppActor pid=272310)[0m 
[36m(ClientAppActor pid=272310)[0m         
[36m(ClientAppActor pid=272319)[0m 
[36m(ClientAppActor pid=272319)[0m         
[36m(ClientAppActor pid=272319)[0m 
[36m(ClientAppActor pid=272319)[0m         
[36m(ClientAppActor pid=272310)[0m 
[36m(ClientAppActor pid=272310)[0m         
[36m(ClientAppActor pid=272319)[0m 
[36m(ClientAppActor pid=272319)[0m         
[36m(ClientAppActor pid=272310)[0m 
[36m(ClientAppActor pid=272310)[0m         
[92mINFO [0m:      aggregate_evaluate: received 10 results and 0 failures
INFO:flwr:aggregate_evaluate: received 10 results and 0 failures
[92mINFO [0m:      
INFO:flwr:
[92mINFO [0m:      [ROUND 23]
INFO:flwr:[ROUND 23]
[92mINFO [0m:      configure_fit: strategy sampled 10 clients (out of 10)
INFO:flwr:configure_fit: strategy sampled 10 clients (out of 10)
[36m(ClientAppActor pid=272310)[0m 
[36m(ClientAppActor pid=272310)[0m         
[36m(ClientAppActor pid=272319)[0m 
[36m(ClientAppActor pid=272319)[0m         
[36m(ClientAppActor pid=272310)[0m 
[36m(ClientAppActor pid=272310)[0m         
[36m(ClientAppActor pid=272310)[0m 
[36m(ClientAppActor pid=272310)[0m         
[36m(ClientAppActor pid=272310)[0m [93mWARNING [0m:   DEPRECATED FEATURE: `client_fn` now expects a signature `def client_fn(context: Context)`.The provided `client_fn` has signature: {'cid': <Parameter "cid: str">}. You can import the `Context` like this: `from flwr.app import Context`[32m [repeated 15x across cluster][0m
[36m(ClientAppActor pid=272310)[0m             This is a deprecated feature. It will be removed[32m [repeated 15x across cluster][0m
[36m(ClientAppActor pid=272310)[0m             entirely in future versions of Flower.[32m [repeated 15x across cluster][0m
[36m(ClientAppActor pid=272310)[0m [Client 9] Training on NVIDIA GeForce RTX 3060[32m [repeated 5x across cluster][0m
[36m(ClientAppActor pid=272310)[0m 
[36m(ClientAppActor pid=272310)[0m         
[36m(ClientAppActor pid=272319)[0m 
[36m(ClientAppActor pid=272319)[0m         
[36m(ClientAppActor pid=272319)[0m 
[36m(ClientAppActor pid=272319)[0m         
[36m(ClientAppActor pid=272310)[0m 
[36m(ClientAppActor pid=272310)[0m         
[36m(ClientAppActor pid=272310)[0m [93mWARNING [0m:   DEPRECATED FEATURE: `client_fn` now expects a signature `def client_fn(context: Context)`.The provided `client_fn` has signature: {'cid': <Parameter "cid: str">}. You can import the `Context` like this: `from flwr.app import Context`[32m [repeated 4x across cluster][0m
[36m(ClientAppActor pid=272310)[0m             This is a deprecated feature. It will be removed[32m [repeated 4x across cluster][0m
[36m(ClientAppActor pid=272310)[0m             entirely in future versions of Flower.[32m [repeated 4x across cluster][0m
[36m(ClientAppActor pid=272310)[0m [Client 3] Training on NVIDIA GeForce RTX 3060[32m [repeated 4x across cluster][0m
[36m(ClientAppActor pid=272319)[0m 
[36m(ClientAppActor pid=272319)[0m         
[36m(ClientAppActor pid=272319)[0m 
[36m(ClientAppActor pid=272319)[0m         
[92mINFO [0m:      aggregate_fit: received 10 results and 0 failures
INFO:flwr:aggregate_fit: received 10 results and 0 failures
[CascadeRouter] Round 23: 10 clients, 24578 parameters/client
[92mINFO [0m:      configure_evaluate: strategy sampled 10 clients (out of 10)
INFO:flwr:configure_evaluate: strategy sampled 10 clients (out of 10)
[36m(ClientAppActor pid=272310)[0m 
[36m(ClientAppActor pid=272310)[0m         
[36m(ClientAppActor pid=272319)[0m 
[36m(ClientAppActor pid=272319)[0m         
[36m(ClientAppActor pid=272310)[0m 
[36m(ClientAppActor pid=272310)[0m         
[36m(ClientAppActor pid=272319)[0m 
[36m(ClientAppActor pid=272319)[0m         
[36m(ClientAppActor pid=272310)[0m 
[36m(ClientAppActor pid=272310)[0m         
[36m(ClientAppActor pid=272319)[0m 
[36m(ClientAppActor pid=272319)[0m         
[36m(ClientAppActor pid=272310)[0m 
[36m(ClientAppActor pid=272310)[0m         
[36m(ClientAppActor pid=272319)[0m 
[36m(ClientAppActor pid=272319)[0m         
[36m(ClientAppActor pid=272310)[0m 
[36m(ClientAppActor pid=272310)[0m         
[36m(ClientAppActor pid=272319)[0m 
[36m(ClientAppActor pid=272319)[0m         
[92mINFO [0m:      aggregate_evaluate: received 10 results and 0 failures
INFO:flwr:aggregate_evaluate: received 10 results and 0 failures
[92mINFO [0m:      
INFO:flwr:
[92mINFO [0m:      [ROUND 24]
INFO:flwr:[ROUND 24]
[92mINFO [0m:      configure_fit: strategy sampled 10 clients (out of 10)
INFO:flwr:configure_fit: strategy sampled 10 clients (out of 10)
[36m(ClientAppActor pid=272310)[0m 
[36m(ClientAppActor pid=272310)[0m         
[36m(ClientAppActor pid=272319)[0m 
[36m(ClientAppActor pid=272319)[0m         
[36m(ClientAppActor pid=272319)[0m 
[36m(ClientAppActor pid=272319)[0m         
[36m(ClientAppActor pid=272310)[0m 
[36m(ClientAppActor pid=272310)[0m         
[36m(ClientAppActor pid=272310)[0m [93mWARNING [0m:   DEPRECATED FEATURE: `client_fn` now expects a signature `def client_fn(context: Context)`.The provided `client_fn` has signature: {'cid': <Parameter "cid: str">}. You can import the `Context` like this: `from flwr.app import Context`[32m [repeated 16x across cluster][0m
[36m(ClientAppActor pid=272310)[0m             This is a deprecated feature. It will be removed[32m [repeated 16x across cluster][0m
[36m(ClientAppActor pid=272310)[0m             entirely in future versions of Flower.[32m [repeated 16x across cluster][0m
[36m(ClientAppActor pid=272310)[0m [Client 7] Training on NVIDIA GeForce RTX 3060[32m [repeated 6x across cluster][0m
[36m(ClientAppActor pid=272310)[0m 
[36m(ClientAppActor pid=272310)[0m         
[36m(ClientAppActor pid=272310)[0m 
[36m(ClientAppActor pid=272310)[0m         
[36m(ClientAppActor pid=272319)[0m 
[36m(ClientAppActor pid=272319)[0m         
[36m(ClientAppActor pid=272310)[0m 
[36m(ClientAppActor pid=272310)[0m         
[36m(ClientAppActor pid=272310)[0m 
[36m(ClientAppActor pid=272310)[0m         
[36m(ClientAppActor pid=272319)[0m 
[36m(ClientAppActor pid=272319)[0m         
[92mINFO [0m:      aggregate_fit: received 10 results and 0 failures
INFO:flwr:aggregate_fit: received 10 results and 0 failures
[CascadeRouter] Round 24: 10 clients, 24578 parameters/client
[92mINFO [0m:      configure_evaluate: strategy sampled 10 clients (out of 10)
INFO:flwr:configure_evaluate: strategy sampled 10 clients (out of 10)
[36m(ClientAppActor pid=272310)[0m 
[36m(ClientAppActor pid=272310)[0m         
[36m(ClientAppActor pid=272310)[0m [93mWARNING [0m:   DEPRECATED FEATURE: `client_fn` now expects a signature `def client_fn(context: Context)`.The provided `client_fn` has signature: {'cid': <Parameter "cid: str">}. You can import the `Context` like this: `from flwr.app import Context`[32m [repeated 7x across cluster][0m
[36m(ClientAppActor pid=272310)[0m             This is a deprecated feature. It will be removed[32m [repeated 7x across cluster][0m
[36m(ClientAppActor pid=272310)[0m             entirely in future versions of Flower.[32m [repeated 7x across cluster][0m
[36m(ClientAppActor pid=272319)[0m 
[36m(ClientAppActor pid=272319)[0m         
[36m(ClientAppActor pid=272310)[0m 
[36m(ClientAppActor pid=272310)[0m         
[36m(ClientAppActor pid=272319)[0m 
[36m(ClientAppActor pid=272319)[0m         
[36m(ClientAppActor pid=272310)[0m 
[36m(ClientAppActor pid=272310)[0m         
[36m(ClientAppActor pid=272319)[0m 
[36m(ClientAppActor pid=272319)[0m         
[36m(ClientAppActor pid=272310)[0m 
[36m(ClientAppActor pid=272310)[0m         
[36m(ClientAppActor pid=272319)[0m 
[36m(ClientAppActor pid=272319)[0m         
[36m(ClientAppActor pid=272310)[0m 
[36m(ClientAppActor pid=272310)[0m         
[36m(ClientAppActor pid=272319)[0m 
[36m(ClientAppActor pid=272319)[0m         
[92mINFO [0m:      aggregate_evaluate: received 10 results and 0 failures
INFO:flwr:aggregate_evaluate: received 10 results and 0 failures
[92mINFO [0m:      
INFO:flwr:
[92mINFO [0m:      [ROUND 25]
INFO:flwr:[ROUND 25]
[92mINFO [0m:      configure_fit: strategy sampled 10 clients (out of 10)
INFO:flwr:configure_fit: strategy sampled 10 clients (out of 10)
[36m(ClientAppActor pid=272310)[0m 
[36m(ClientAppActor pid=272310)[0m         
[36m(ClientAppActor pid=272319)[0m 
[36m(ClientAppActor pid=272319)[0m         
[36m(ClientAppActor pid=272319)[0m [Client 5] Training on NVIDIA GeForce RTX 3060[32m [repeated 7x across cluster][0m
[36m(ClientAppActor pid=272310)[0m 
[36m(ClientAppActor pid=272310)[0m         
[36m(ClientAppActor pid=272310)[0m 
[36m(ClientAppActor pid=272310)[0m         
[36m(ClientAppActor pid=272310)[0m [93mWARNING [0m:   DEPRECATED FEATURE: `client_fn` now expects a signature `def client_fn(context: Context)`.The provided `client_fn` has signature: {'cid': <Parameter "cid: str">}. You can import the `Context` like this: `from flwr.app import Context`[32m [repeated 13x across cluster][0m
[36m(ClientAppActor pid=272310)[0m             This is a deprecated feature. It will be removed[32m [repeated 13x across cluster][0m
[36m(ClientAppActor pid=272310)[0m             entirely in future versions of Flower.[32m [repeated 13x across cluster][0m
[36m(ClientAppActor pid=272310)[0m 
[36m(ClientAppActor pid=272310)[0m         
[36m(ClientAppActor pid=272319)[0m 
[36m(ClientAppActor pid=272319)[0m         
[36m(ClientAppActor pid=272319)[0m [Client 0] Training on NVIDIA GeForce RTX 3060[32m [repeated 4x across cluster][0m
[36m(ClientAppActor pid=272319)[0m 
[36m(ClientAppActor pid=272319)[0m         
[36m(ClientAppActor pid=272319)[0m 
[36m(ClientAppActor pid=272319)[0m         
[36m(ClientAppActor pid=272319)[0m 
[36m(ClientAppActor pid=272319)[0m         
[36m(ClientAppActor pid=272310)[0m 
[36m(ClientAppActor pid=272310)[0m         
[92mINFO [0m:      aggregate_fit: received 10 results and 0 failures
INFO:flwr:aggregate_fit: received 10 results and 0 failures
[CascadeRouter] Round 25: 10 clients, 24578 parameters/client
[92mINFO [0m:      configure_evaluate: strategy sampled 10 clients (out of 10)
INFO:flwr:configure_evaluate: strategy sampled 10 clients (out of 10)
[36m(ClientAppActor pid=272319)[0m 
[36m(ClientAppActor pid=272319)[0m         
[36m(ClientAppActor pid=272319)[0m [93mWARNING [0m:   DEPRECATED FEATURE: `client_fn` now expects a signature `def client_fn(context: Context)`.The provided `client_fn` has signature: {'cid': <Parameter "cid: str">}. You can import the `Context` like this: `from flwr.app import Context`[32m [repeated 7x across cluster][0m
[36m(ClientAppActor pid=272319)[0m             This is a deprecated feature. It will be removed[32m [repeated 7x across cluster][0m
[36m(ClientAppActor pid=272319)[0m             entirely in future versions of Flower.[32m [repeated 7x across cluster][0m
[36m(ClientAppActor pid=272310)[0m 
[36m(ClientAppActor pid=272310)[0m         
[36m(ClientAppActor pid=272319)[0m 
[36m(ClientAppActor pid=272319)[0m         
[36m(ClientAppActor pid=272310)[0m 
[36m(ClientAppActor pid=272310)[0m         
[36m(ClientAppActor pid=272319)[0m 
[36m(ClientAppActor pid=272319)[0m         
[36m(ClientAppActor pid=272310)[0m 
[36m(ClientAppActor pid=272310)[0m         
[36m(ClientAppActor pid=272319)[0m 
[36m(ClientAppActor pid=272319)[0m         
[36m(ClientAppActor pid=272310)[0m 
[36m(ClientAppActor pid=272310)[0m         
[36m(ClientAppActor pid=272319)[0m 
[36m(ClientAppActor pid=272319)[0m         
[36m(ClientAppActor pid=272310)[0m 
[36m(ClientAppActor pid=272310)[0m         
[92mINFO [0m:      aggregate_evaluate: received 10 results and 0 failures
INFO:flwr:aggregate_evaluate: received 10 results and 0 failures
[92mINFO [0m:      
INFO:flwr:
[92mINFO [0m:      [ROUND 26]
INFO:flwr:[ROUND 26]
[92mINFO [0m:      configure_fit: strategy sampled 10 clients (out of 10)
INFO:flwr:configure_fit: strategy sampled 10 clients (out of 10)
[36m(ClientAppActor pid=272310)[0m 
[36m(ClientAppActor pid=272310)[0m         
[36m(ClientAppActor pid=272310)[0m [Client 7] Training on NVIDIA GeForce RTX 3060[32m [repeated 6x across cluster][0m
[36m(ClientAppActor pid=272319)[0m 
[36m(ClientAppActor pid=272319)[0m         
[36m(ClientAppActor pid=272310)[0m 
[36m(ClientAppActor pid=272310)[0m         
[36m(ClientAppActor pid=272310)[0m 
[36m(ClientAppActor pid=272310)[0m         
[36m(ClientAppActor pid=272319)[0m 
[36m(ClientAppActor pid=272319)[0m         
[36m(ClientAppActor pid=272319)[0m 
[36m(ClientAppActor pid=272319)[0m         
[36m(ClientAppActor pid=272319)[0m 
[36m(ClientAppActor pid=272319)[0m         
[36m(ClientAppActor pid=272310)[0m 
[36m(ClientAppActor pid=272310)[0m         
[36m(ClientAppActor pid=272319)[0m 
[36m(ClientAppActor pid=272319)[0m         
[36m(ClientAppActor pid=272319)[0m [93mWARNING [0m:   DEPRECATED FEATURE: `client_fn` now expects a signature `def client_fn(context: Context)`.The provided `client_fn` has signature: {'cid': <Parameter "cid: str">}. You can import the `Context` like this: `from flwr.app import Context`[32m [repeated 18x across cluster][0m
[36m(ClientAppActor pid=272319)[0m             This is a deprecated feature. It will be removed[32m [repeated 18x across cluster][0m
[36m(ClientAppActor pid=272319)[0m             entirely in future versions of Flower.[32m [repeated 18x across cluster][0m
[36m(ClientAppActor pid=272319)[0m [Client 5] Training on NVIDIA GeForce RTX 3060[32m [repeated 8x across cluster][0m
[36m(ClientAppActor pid=272310)[0m 
[36m(ClientAppActor pid=272310)[0m         
[92mINFO [0m:      aggregate_fit: received 10 results and 0 failures
INFO:flwr:aggregate_fit: received 10 results and 0 failures
[CascadeRouter] Round 26: 10 clients, 24578 parameters/client
[92mINFO [0m:      configure_evaluate: strategy sampled 10 clients (out of 10)
INFO:flwr:configure_evaluate: strategy sampled 10 clients (out of 10)
[36m(ClientAppActor pid=272319)[0m 
[36m(ClientAppActor pid=272319)[0m         
[36m(ClientAppActor pid=272310)[0m 
[36m(ClientAppActor pid=272310)[0m         
[36m(ClientAppActor pid=272310)[0m 
[36m(ClientAppActor pid=272310)[0m         
[36m(ClientAppActor pid=272319)[0m 
[36m(ClientAppActor pid=272319)[0m         
[36m(ClientAppActor pid=272319)[0m 
[36m(ClientAppActor pid=272319)[0m         
[36m(ClientAppActor pid=272319)[0m [93mWARNING [0m:   DEPRECATED FEATURE: `client_fn` now expects a signature `def client_fn(context: Context)`.The provided `client_fn` has signature: {'cid': <Parameter "cid: str">}. You can import the `Context` like this: `from flwr.app import Context`[32m [repeated 6x across cluster][0m
[36m(ClientAppActor pid=272319)[0m             This is a deprecated feature. It will be removed[32m [repeated 6x across cluster][0m
[36m(ClientAppActor pid=272319)[0m             entirely in future versions of Flower.[32m [repeated 6x across cluster][0m
[36m(ClientAppActor pid=272310)[0m 
[36m(ClientAppActor pid=272310)[0m         
[36m(ClientAppActor pid=272310)[0m 
[36m(ClientAppActor pid=272310)[0m         
[36m(ClientAppActor pid=272319)[0m 
[36m(ClientAppActor pid=272319)[0m         
[36m(ClientAppActor pid=272319)[0m 
[36m(ClientAppActor pid=272319)[0m         
[36m(ClientAppActor pid=272310)[0m 
[36m(ClientAppActor pid=272310)[0m         
[92mINFO [0m:      aggregate_evaluate: received 10 results and 0 failures
INFO:flwr:aggregate_evaluate: received 10 results and 0 failures
[92mINFO [0m:      
INFO:flwr:
[92mINFO [0m:      [ROUND 27]
INFO:flwr:[ROUND 27]
[92mINFO [0m:      configure_fit: strategy sampled 10 clients (out of 10)
INFO:flwr:configure_fit: strategy sampled 10 clients (out of 10)
[36m(ClientAppActor pid=272310)[0m 
[36m(ClientAppActor pid=272310)[0m         
[36m(ClientAppActor pid=272310)[0m [Client 4] Training on NVIDIA GeForce RTX 3060[32m [repeated 2x across cluster][0m
[36m(ClientAppActor pid=272319)[0m 
[36m(ClientAppActor pid=272319)[0m         
[36m(ClientAppActor pid=272319)[0m 
[36m(ClientAppActor pid=272319)[0m         
[36m(ClientAppActor pid=272310)[0m 
[36m(ClientAppActor pid=272310)[0m         
[36m(ClientAppActor pid=272319)[0m 
[36m(ClientAppActor pid=272319)[0m         
[36m(ClientAppActor pid=272319)[0m 
[36m(ClientAppActor pid=272319)[0m         
[36m(ClientAppActor pid=272319)[0m 
[36m(ClientAppActor pid=272319)[0m         
[36m(ClientAppActor pid=272319)[0m 
[36m(ClientAppActor pid=272319)[0m         
[36m(ClientAppActor pid=272310)[0m 
[36m(ClientAppActor pid=272310)[0m         
[36m(ClientAppActor pid=272310)[0m [93mWARNING [0m:   DEPRECATED FEATURE: `client_fn` now expects a signature `def client_fn(context: Context)`.The provided `client_fn` has signature: {'cid': <Parameter "cid: str">}. You can import the `Context` like this: `from flwr.app import Context`[32m [repeated 14x across cluster][0m
[36m(ClientAppActor pid=272310)[0m             This is a deprecated feature. It will be removed[32m [repeated 14x across cluster][0m
[36m(ClientAppActor pid=272310)[0m             entirely in future versions of Flower.[32m [repeated 14x across cluster][0m
[36m(ClientAppActor pid=272310)[0m [Client 1] Training on NVIDIA GeForce RTX 3060[32m [repeated 8x across cluster][0m
[36m(ClientAppActor pid=272310)[0m 
[36m(ClientAppActor pid=272310)[0m         
[92mINFO [0m:      aggregate_fit: received 10 results and 0 failures
INFO:flwr:aggregate_fit: received 10 results and 0 failures
[CascadeRouter] Round 27: 10 clients, 24578 parameters/client
[92mINFO [0m:      configure_evaluate: strategy sampled 10 clients (out of 10)
INFO:flwr:configure_evaluate: strategy sampled 10 clients (out of 10)
[36m(ClientAppActor pid=272310)[0m 
[36m(ClientAppActor pid=272310)[0m         
[36m(ClientAppActor pid=272310)[0m [93mWARNING [0m:   DEPRECATED FEATURE: `client_fn` now expects a signature `def client_fn(context: Context)`.The provided `client_fn` has signature: {'cid': <Parameter "cid: str">}. You can import the `Context` like this: `from flwr.app import Context`[32m [repeated 2x across cluster][0m
[36m(ClientAppActor pid=272310)[0m             This is a deprecated feature. It will be removed[32m [repeated 2x across cluster][0m
[36m(ClientAppActor pid=272310)[0m             entirely in future versions of Flower.[32m [repeated 2x across cluster][0m
[36m(ClientAppActor pid=272319)[0m 
[36m(ClientAppActor pid=272319)[0m         
[36m(ClientAppActor pid=272310)[0m 
[36m(ClientAppActor pid=272310)[0m         
[36m(ClientAppActor pid=272319)[0m 
[36m(ClientAppActor pid=272319)[0m         
[36m(ClientAppActor pid=272310)[0m 
[36m(ClientAppActor pid=272310)[0m         
[36m(ClientAppActor pid=272319)[0m 
[36m(ClientAppActor pid=272319)[0m         
[36m(ClientAppActor pid=272310)[0m 
[36m(ClientAppActor pid=272310)[0m         
[36m(ClientAppActor pid=272319)[0m 
[36m(ClientAppActor pid=272319)[0m         
[36m(ClientAppActor pid=272310)[0m 
[36m(ClientAppActor pid=272310)[0m         
[36m(ClientAppActor pid=272319)[0m 
[36m(ClientAppActor pid=272319)[0m         
[92mINFO [0m:      aggregate_evaluate: received 10 results and 0 failures
INFO:flwr:aggregate_evaluate: received 10 results and 0 failures
[92mINFO [0m:      
INFO:flwr:
[92mINFO [0m:      [ROUND 28]
INFO:flwr:[ROUND 28]
[92mINFO [0m:      configure_fit: strategy sampled 10 clients (out of 10)
INFO:flwr:configure_fit: strategy sampled 10 clients (out of 10)
[36m(ClientAppActor pid=272319)[0m 
[36m(ClientAppActor pid=272319)[0m         
[36m(ClientAppActor pid=272319)[0m [Client 6] Training on NVIDIA GeForce RTX 3060[32m [repeated 2x across cluster][0m
[36m(ClientAppActor pid=272310)[0m 
[36m(ClientAppActor pid=272310)[0m         
[36m(ClientAppActor pid=272310)[0m 
[36m(ClientAppActor pid=272310)[0m         
[36m(ClientAppActor pid=272319)[0m 
[36m(ClientAppActor pid=272319)[0m         
[36m(ClientAppActor pid=272310)[0m 
[36m(ClientAppActor pid=272310)[0m         
[36m(ClientAppActor pid=272310)[0m 
[36m(ClientAppActor pid=272310)[0m         
[36m(ClientAppActor pid=272319)[0m 
[36m(ClientAppActor pid=272319)[0m         
[36m(ClientAppActor pid=272319)[0m 
[36m(ClientAppActor pid=272319)[0m         
[36m(ClientAppActor pid=272319)[0m [93mWARNING [0m:   DEPRECATED FEATURE: `client_fn` now expects a signature `def client_fn(context: Context)`.The provided `client_fn` has signature: {'cid': <Parameter "cid: str">}. You can import the `Context` like this: `from flwr.app import Context`[32m [repeated 17x across cluster][0m
[36m(ClientAppActor pid=272319)[0m             This is a deprecated feature. It will be removed[32m [repeated 17x across cluster][0m
[36m(ClientAppActor pid=272319)[0m             entirely in future versions of Flower.[32m [repeated 17x across cluster][0m
[36m(ClientAppActor pid=272319)[0m [Client 5] Training on NVIDIA GeForce RTX 3060[32m [repeated 7x across cluster][0m
[36m(ClientAppActor pid=272310)[0m 
[36m(ClientAppActor pid=272310)[0m         
[36m(ClientAppActor pid=272310)[0m 
[36m(ClientAppActor pid=272310)[0m         
[92mINFO [0m:      aggregate_fit: received 10 results and 0 failures
INFO:flwr:aggregate_fit: received 10 results and 0 failures
[CascadeRouter] Round 28: 10 clients, 24578 parameters/client
[92mINFO [0m:      configure_evaluate: strategy sampled 10 clients (out of 10)
INFO:flwr:configure_evaluate: strategy sampled 10 clients (out of 10)
[36m(ClientAppActor pid=272310)[0m 
[36m(ClientAppActor pid=272310)[0m         
[36m(ClientAppActor pid=272310)[0m [93mWARNING [0m:   DEPRECATED FEATURE: `client_fn` now expects a signature `def client_fn(context: Context)`.The provided `client_fn` has signature: {'cid': <Parameter "cid: str">}. You can import the `Context` like this: `from flwr.app import Context`[32m [repeated 3x across cluster][0m
[36m(ClientAppActor pid=272310)[0m             This is a deprecated feature. It will be removed[32m [repeated 3x across cluster][0m
[36m(ClientAppActor pid=272310)[0m             entirely in future versions of Flower.[32m [repeated 3x across cluster][0m
[36m(ClientAppActor pid=272319)[0m 
[36m(ClientAppActor pid=272319)[0m         
[36m(ClientAppActor pid=272319)[0m 
[36m(ClientAppActor pid=272319)[0m         
[36m(ClientAppActor pid=272310)[0m 
[36m(ClientAppActor pid=272310)[0m         
[36m(ClientAppActor pid=272319)[0m 
[36m(ClientAppActor pid=272319)[0m         
[36m(ClientAppActor pid=272310)[0m 
[36m(ClientAppActor pid=272310)[0m         
[36m(ClientAppActor pid=272310)[0m 
[36m(ClientAppActor pid=272310)[0m         
[36m(ClientAppActor pid=272319)[0m 
[36m(ClientAppActor pid=272319)[0m         
[36m(ClientAppActor pid=272310)[0m 
[36m(ClientAppActor pid=272310)[0m         
[36m(ClientAppActor pid=272319)[0m 
[36m(ClientAppActor pid=272319)[0m         
[92mINFO [0m:      aggregate_evaluate: received 10 results and 0 failures
INFO:flwr:aggregate_evaluate: received 10 results and 0 failures
[92mINFO [0m:      
INFO:flwr:
[92mINFO [0m:      [ROUND 29]
INFO:flwr:[ROUND 29]
[92mINFO [0m:      configure_fit: strategy sampled 10 clients (out of 10)
INFO:flwr:configure_fit: strategy sampled 10 clients (out of 10)
[36m(ClientAppActor pid=272319)[0m 
[36m(ClientAppActor pid=272319)[0m         
[36m(ClientAppActor pid=272319)[0m [Client 6] Training on NVIDIA GeForce RTX 3060[32m [repeated 3x across cluster][0m
[36m(ClientAppActor pid=272310)[0m 
[36m(ClientAppActor pid=272310)[0m         
[36m(ClientAppActor pid=272319)[0m 
[36m(ClientAppActor pid=272319)[0m         
[36m(ClientAppActor pid=272310)[0m 
[36m(ClientAppActor pid=272310)[0m         
[36m(ClientAppActor pid=272310)[0m [93mWARNING [0m:   DEPRECATED FEATURE: `client_fn` now expects a signature `def client_fn(context: Context)`.The provided `client_fn` has signature: {'cid': <Parameter "cid: str">}. You can import the `Context` like this: `from flwr.app import Context`[32m [repeated 13x across cluster][0m
[36m(ClientAppActor pid=272310)[0m             This is a deprecated feature. It will be removed[32m [repeated 13x across cluster][0m
[36m(ClientAppActor pid=272310)[0m             entirely in future versions of Flower.[32m [repeated 13x across cluster][0m
[36m(ClientAppActor pid=272319)[0m 
[36m(ClientAppActor pid=272319)[0m         
[36m(ClientAppActor pid=272319)[0m 
[36m(ClientAppActor pid=272319)[0m         
[36m(ClientAppActor pid=272319)[0m [Client 4] Training on NVIDIA GeForce RTX 3060[32m [repeated 5x across cluster][0m
[36m(ClientAppActor pid=272319)[0m 
[36m(ClientAppActor pid=272319)[0m         
[36m(ClientAppActor pid=272319)[0m [93mWARNING [0m:   DEPRECATED FEATURE: `client_fn` now expects a signature `def client_fn(context: Context)`.The provided `client_fn` has signature: {'cid': <Parameter "cid: str">}. You can import the `Context` like this: `from flwr.app import Context`[32m [repeated 3x across cluster][0m
[36m(ClientAppActor pid=272319)[0m             This is a deprecated feature. It will be removed[32m [repeated 3x across cluster][0m
[36m(ClientAppActor pid=272319)[0m             entirely in future versions of Flower.[32m [repeated 3x across cluster][0m
[36m(ClientAppActor pid=272319)[0m 
[36m(ClientAppActor pid=272319)[0m         
[36m(ClientAppActor pid=272310)[0m 
[36m(ClientAppActor pid=272310)[0m         
[36m(ClientAppActor pid=272319)[0m 
[36m(ClientAppActor pid=272319)[0m         
[92mINFO [0m:      aggregate_fit: received 10 results and 0 failures
INFO:flwr:aggregate_fit: received 10 results and 0 failures
[CascadeRouter] Round 29: 10 clients, 24578 parameters/client
[92mINFO [0m:      configure_evaluate: strategy sampled 10 clients (out of 10)
INFO:flwr:configure_evaluate: strategy sampled 10 clients (out of 10)
[36m(ClientAppActor pid=272319)[0m 
[36m(ClientAppActor pid=272319)[0m         
[36m(ClientAppActor pid=272310)[0m 
[36m(ClientAppActor pid=272310)[0m         
[36m(ClientAppActor pid=272310)[0m 
[36m(ClientAppActor pid=272310)[0m         
[36m(ClientAppActor pid=272319)[0m 
[36m(ClientAppActor pid=272319)[0m         
[36m(ClientAppActor pid=272319)[0m 
[36m(ClientAppActor pid=272319)[0m         
[36m(ClientAppActor pid=272310)[0m 
[36m(ClientAppActor pid=272310)[0m         
[36m(ClientAppActor pid=272319)[0m 
[36m(ClientAppActor pid=272319)[0m         
[36m(ClientAppActor pid=272310)[0m 
[36m(ClientAppActor pid=272310)[0m         
[36m(ClientAppActor pid=272319)[0m 
[36m(ClientAppActor pid=272319)[0m         
[36m(ClientAppActor pid=272310)[0m 
[36m(ClientAppActor pid=272310)[0m         
[92mINFO [0m:      aggregate_evaluate: received 10 results and 0 failures
INFO:flwr:aggregate_evaluate: received 10 results and 0 failures
[92mINFO [0m:      
INFO:flwr:
[92mINFO [0m:      [ROUND 30]
INFO:flwr:[ROUND 30]
[92mINFO [0m:      configure_fit: strategy sampled 10 clients (out of 10)
INFO:flwr:configure_fit: strategy sampled 10 clients (out of 10)
[36m(ClientAppActor pid=272310)[0m 
[36m(ClientAppActor pid=272310)[0m         
[36m(ClientAppActor pid=272310)[0m [Client 3] Training on NVIDIA GeForce RTX 3060[32m [repeated 5x across cluster][0m
[36m(ClientAppActor pid=272319)[0m 
[36m(ClientAppActor pid=272319)[0m         
[36m(ClientAppActor pid=272319)[0m 
[36m(ClientAppActor pid=272319)[0m         
[36m(ClientAppActor pid=272319)[0m [93mWARNING [0m:   DEPRECATED FEATURE: `client_fn` now expects a signature `def client_fn(context: Context)`.The provided `client_fn` has signature: {'cid': <Parameter "cid: str">}. You can import the `Context` like this: `from flwr.app import Context`[32m [repeated 16x across cluster][0m
[36m(ClientAppActor pid=272319)[0m             This is a deprecated feature. It will be removed[32m [repeated 16x across cluster][0m
[36m(ClientAppActor pid=272319)[0m             entirely in future versions of Flower.[32m [repeated 16x across cluster][0m
[36m(ClientAppActor pid=272319)[0m 
[36m(ClientAppActor pid=272319)[0m         
[36m(ClientAppActor pid=272310)[0m 
[36m(ClientAppActor pid=272310)[0m         
[36m(ClientAppActor pid=272319)[0m 
[36m(ClientAppActor pid=272319)[0m         
[36m(ClientAppActor pid=272319)[0m [Client 0] Training on NVIDIA GeForce RTX 3060[32m [repeated 5x across cluster][0m
[36m(ClientAppActor pid=272310)[0m 
[36m(ClientAppActor pid=272310)[0m         
[36m(ClientAppActor pid=272310)[0m 
[36m(ClientAppActor pid=272310)[0m         
[36m(ClientAppActor pid=272319)[0m 
[36m(ClientAppActor pid=272319)[0m         
[36m(ClientAppActor pid=272319)[0m 
[36m(ClientAppActor pid=272319)[0m         
[36m(ClientAppActor pid=272319)[0m [93mWARNING [0m:   DEPRECATED FEATURE: `client_fn` now expects a signature `def client_fn(context: Context)`.The provided `client_fn` has signature: {'cid': <Parameter "cid: str">}. You can import the `Context` like this: `from flwr.app import Context`[32m [repeated 7x across cluster][0m
[36m(ClientAppActor pid=272319)[0m             This is a deprecated feature. It will be removed[32m [repeated 7x across cluster][0m
[36m(ClientAppActor pid=272319)[0m             entirely in future versions of Flower.[32m [repeated 7x across cluster][0m
[92mINFO [0m:      aggregate_fit: received 10 results and 0 failures
INFO:flwr:aggregate_fit: received 10 results and 0 failures
[CascadeRouter] Round 30: 10 clients, 24578 parameters/client
[92mINFO [0m:      configure_evaluate: strategy sampled 10 clients (out of 10)
INFO:flwr:configure_evaluate: strategy sampled 10 clients (out of 10)
[36m(ClientAppActor pid=272310)[0m 
[36m(ClientAppActor pid=272310)[0m         
[36m(ClientAppActor pid=272319)[0m 
[36m(ClientAppActor pid=272319)[0m         
[36m(ClientAppActor pid=272310)[0m 
[36m(ClientAppActor pid=272310)[0m         
[36m(ClientAppActor pid=272319)[0m 
[36m(ClientAppActor pid=272319)[0m         
[36m(ClientAppActor pid=272310)[0m 
[36m(ClientAppActor pid=272310)[0m         
[36m(ClientAppActor pid=272319)[0m 
[36m(ClientAppActor pid=272319)[0m         
[36m(ClientAppActor pid=272310)[0m 
[36m(ClientAppActor pid=272310)[0m         
[36m(ClientAppActor pid=272319)[0m 
[36m(ClientAppActor pid=272319)[0m         
[36m(ClientAppActor pid=272310)[0m 
[36m(ClientAppActor pid=272310)[0m         
[36m(ClientAppActor pid=272319)[0m 
[36m(ClientAppActor pid=272319)[0m         
[92mINFO [0m:      aggregate_evaluate: received 10 results and 0 failures
INFO:flwr:aggregate_evaluate: received 10 results and 0 failures
[92mINFO [0m:      
INFO:flwr:
[92mINFO [0m:      [ROUND 31]
INFO:flwr:[ROUND 31]
[92mINFO [0m:      configure_fit: strategy sampled 10 clients (out of 10)
INFO:flwr:configure_fit: strategy sampled 10 clients (out of 10)
[36m(ClientAppActor pid=272319)[0m 
[36m(ClientAppActor pid=272319)[0m         
[36m(ClientAppActor pid=272319)[0m [Client 9] Training on NVIDIA GeForce RTX 3060[32m [repeated 5x across cluster][0m
[36m(ClientAppActor pid=272310)[0m 
[36m(ClientAppActor pid=272310)[0m         
[36m(ClientAppActor pid=272310)[0m [93mWARNING [0m:   DEPRECATED FEATURE: `client_fn` now expects a signature `def client_fn(context: Context)`.The provided `client_fn` has signature: {'cid': <Parameter "cid: str">}. You can import the `Context` like this: `from flwr.app import Context`[32m [repeated 12x across cluster][0m
[36m(ClientAppActor pid=272310)[0m             This is a deprecated feature. It will be removed[32m [repeated 12x across cluster][0m
[36m(ClientAppActor pid=272310)[0m             entirely in future versions of Flower.[32m [repeated 12x across cluster][0m
[36m(ClientAppActor pid=272319)[0m 
[36m(ClientAppActor pid=272319)[0m         
[36m(ClientAppActor pid=272310)[0m 
[36m(ClientAppActor pid=272310)[0m         
[36m(ClientAppActor pid=272319)[0m 
[36m(ClientAppActor pid=272319)[0m         
[36m(ClientAppActor pid=272319)[0m 
[36m(ClientAppActor pid=272319)[0m         
[36m(ClientAppActor pid=272310)[0m 
[36m(ClientAppActor pid=272310)[0m         
[36m(ClientAppActor pid=272319)[0m 
[36m(ClientAppActor pid=272319)[0m         
[36m(ClientAppActor pid=272310)[0m 
[36m(ClientAppActor pid=272310)[0m         
[36m(ClientAppActor pid=272310)[0m [93mWARNING [0m:   DEPRECATED FEATURE: `client_fn` now expects a signature `def client_fn(context: Context)`.The provided `client_fn` has signature: {'cid': <Parameter "cid: str">}. You can import the `Context` like this: `from flwr.app import Context`[32m [repeated 7x across cluster][0m
[36m(ClientAppActor pid=272310)[0m             This is a deprecated feature. It will be removed[32m [repeated 7x across cluster][0m
[36m(ClientAppActor pid=272310)[0m             entirely in future versions of Flower.[32m [repeated 7x across cluster][0m
[36m(ClientAppActor pid=272310)[0m [Client 2] Training on NVIDIA GeForce RTX 3060[32m [repeated 8x across cluster][0m
[36m(ClientAppActor pid=272310)[0m 
[36m(ClientAppActor pid=272310)[0m         
[92mINFO [0m:      aggregate_fit: received 10 results and 0 failures
INFO:flwr:aggregate_fit: received 10 results and 0 failures
[CascadeRouter] Round 31: 10 clients, 24578 parameters/client
[92mINFO [0m:      configure_evaluate: strategy sampled 10 clients (out of 10)
INFO:flwr:configure_evaluate: strategy sampled 10 clients (out of 10)
[36m(ClientAppActor pid=272310)[0m 
[36m(ClientAppActor pid=272310)[0m         
[36m(ClientAppActor pid=272310)[0m [93mWARNING [0m:   DEPRECATED FEATURE: `client_fn` now expects a signature `def client_fn(context: Context)`.The provided `client_fn` has signature: {'cid': <Parameter "cid: str">}. You can import the `Context` like this: `from flwr.app import Context`[32m [repeated 2x across cluster][0m
[36m(ClientAppActor pid=272310)[0m             This is a deprecated feature. It will be removed[32m [repeated 2x across cluster][0m
[36m(ClientAppActor pid=272310)[0m             entirely in future versions of Flower.[32m [repeated 2x across cluster][0m
[36m(ClientAppActor pid=272319)[0m 
[36m(ClientAppActor pid=272319)[0m         
[36m(ClientAppActor pid=272310)[0m 
[36m(ClientAppActor pid=272310)[0m         
[36m(ClientAppActor pid=272319)[0m 
[36m(ClientAppActor pid=272319)[0m         
[36m(ClientAppActor pid=272310)[0m 
[36m(ClientAppActor pid=272310)[0m         
[36m(ClientAppActor pid=272319)[0m 
[36m(ClientAppActor pid=272319)[0m         
[36m(ClientAppActor pid=272310)[0m 
[36m(ClientAppActor pid=272310)[0m         
[36m(ClientAppActor pid=272319)[0m 
[36m(ClientAppActor pid=272319)[0m         
[36m(ClientAppActor pid=272310)[0m 
[36m(ClientAppActor pid=272310)[0m         
[36m(ClientAppActor pid=272319)[0m 
[36m(ClientAppActor pid=272319)[0m         
[92mINFO [0m:      aggregate_evaluate: received 10 results and 0 failures
INFO:flwr:aggregate_evaluate: received 10 results and 0 failures
[92mINFO [0m:      
INFO:flwr:
[92mINFO [0m:      [ROUND 32]
INFO:flwr:[ROUND 32]
[92mINFO [0m:      configure_fit: strategy sampled 10 clients (out of 10)
INFO:flwr:configure_fit: strategy sampled 10 clients (out of 10)
[36m(ClientAppActor pid=272319)[0m 
[36m(ClientAppActor pid=272319)[0m         
[36m(ClientAppActor pid=272319)[0m [Client 4] Training on NVIDIA GeForce RTX 3060[32m [repeated 2x across cluster][0m
[36m(ClientAppActor pid=272310)[0m 
[36m(ClientAppActor pid=272310)[0m         
[36m(ClientAppActor pid=272319)[0m 
[36m(ClientAppActor pid=272319)[0m         
[36m(ClientAppActor pid=272319)[0m 
[36m(ClientAppActor pid=272319)[0m         
[36m(ClientAppActor pid=272319)[0m 
[36m(ClientAppActor pid=272319)[0m         
[36m(ClientAppActor pid=272319)[0m [93mWARNING [0m:   DEPRECATED FEATURE: `client_fn` now expects a signature `def client_fn(context: Context)`.The provided `client_fn` has signature: {'cid': <Parameter "cid: str">}. You can import the `Context` like this: `from flwr.app import Context`[32m [repeated 14x across cluster][0m
[36m(ClientAppActor pid=272319)[0m             This is a deprecated feature. It will be removed[32m [repeated 14x across cluster][0m
[36m(ClientAppActor pid=272319)[0m             entirely in future versions of Flower.[32m [repeated 14x across cluster][0m
[36m(ClientAppActor pid=272310)[0m 
[36m(ClientAppActor pid=272310)[0m         
[36m(ClientAppActor pid=272310)[0m 
[36m(ClientAppActor pid=272310)[0m         
[36m(ClientAppActor pid=272319)[0m 
[36m(ClientAppActor pid=272319)[0m         
[36m(ClientAppActor pid=272319)[0m [Client 1] Training on NVIDIA GeForce RTX 3060[32m [repeated 7x across cluster][0m
[36m(ClientAppActor pid=272319)[0m 
[36m(ClientAppActor pid=272319)[0m         
[36m(ClientAppActor pid=272319)[0m [93mWARNING [0m:   DEPRECATED FEATURE: `client_fn` now expects a signature `def client_fn(context: Context)`.The provided `client_fn` has signature: {'cid': <Parameter "cid: str">}. You can import the `Context` like this: `from flwr.app import Context`[32m [repeated 4x across cluster][0m
[36m(ClientAppActor pid=272319)[0m             This is a deprecated feature. It will be removed[32m [repeated 4x across cluster][0m
[36m(ClientAppActor pid=272319)[0m             entirely in future versions of Flower.[32m [repeated 4x across cluster][0m
[36m(ClientAppActor pid=272319)[0m 
[36m(ClientAppActor pid=272319)[0m         
[92mINFO [0m:      aggregate_fit: received 10 results and 0 failures
INFO:flwr:aggregate_fit: received 10 results and 0 failures
[CascadeRouter] Round 32: 10 clients, 24578 parameters/client
[92mINFO [0m:      configure_evaluate: strategy sampled 10 clients (out of 10)
INFO:flwr:configure_evaluate: strategy sampled 10 clients (out of 10)
[36m(ClientAppActor pid=272319)[0m 
[36m(ClientAppActor pid=272319)[0m         
[36m(ClientAppActor pid=272310)[0m 
[36m(ClientAppActor pid=272310)[0m         
[36m(ClientAppActor pid=272319)[0m 
[36m(ClientAppActor pid=272319)[0m         
[36m(ClientAppActor pid=272310)[0m 
[36m(ClientAppActor pid=272310)[0m         
[36m(ClientAppActor pid=272310)[0m 
[36m(ClientAppActor pid=272310)[0m         
[36m(ClientAppActor pid=272319)[0m 
[36m(ClientAppActor pid=272319)[0m         
[36m(ClientAppActor pid=272310)[0m 
[36m(ClientAppActor pid=272310)[0m         
[36m(ClientAppActor pid=272319)[0m 
[36m(ClientAppActor pid=272319)[0m         
[36m(ClientAppActor pid=272310)[0m 
[36m(ClientAppActor pid=272310)[0m         
[36m(ClientAppActor pid=272319)[0m 
[36m(ClientAppActor pid=272319)[0m         
[92mINFO [0m:      aggregate_evaluate: received 10 results and 0 failures
INFO:flwr:aggregate_evaluate: received 10 results and 0 failures
[92mINFO [0m:      
INFO:flwr:
[92mINFO [0m:      [ROUND 33]
INFO:flwr:[ROUND 33]
[92mINFO [0m:      configure_fit: strategy sampled 10 clients (out of 10)
INFO:flwr:configure_fit: strategy sampled 10 clients (out of 10)
[36m(ClientAppActor pid=272310)[0m 
[36m(ClientAppActor pid=272310)[0m         
[36m(ClientAppActor pid=272310)[0m [Client 8] Training on NVIDIA GeForce RTX 3060[32m [repeated 3x across cluster][0m
[36m(ClientAppActor pid=272319)[0m 
[36m(ClientAppActor pid=272319)[0m         
[36m(ClientAppActor pid=272319)[0m 
[36m(ClientAppActor pid=272319)[0m         
[36m(ClientAppActor pid=272319)[0m [93mWARNING [0m:   DEPRECATED FEATURE: `client_fn` now expects a signature `def client_fn(context: Context)`.The provided `client_fn` has signature: {'cid': <Parameter "cid: str">}. You can import the `Context` like this: `from flwr.app import Context`[32m [repeated 14x across cluster][0m
[36m(ClientAppActor pid=272319)[0m             This is a deprecated feature. It will be removed[32m [repeated 14x across cluster][0m
[36m(ClientAppActor pid=272319)[0m             entirely in future versions of Flower.[32m [repeated 14x across cluster][0m
[36m(ClientAppActor pid=272310)[0m 
[36m(ClientAppActor pid=272310)[0m         
[36m(ClientAppActor pid=272319)[0m 
[36m(ClientAppActor pid=272319)[0m         
[36m(ClientAppActor pid=272319)[0m [Client 6] Training on NVIDIA GeForce RTX 3060[32m [repeated 4x across cluster][0m
[36m(ClientAppActor pid=272319)[0m 
[36m(ClientAppActor pid=272319)[0m         
[36m(ClientAppActor pid=272319)[0m 
[36m(ClientAppActor pid=272319)[0m         
[36m(ClientAppActor pid=272319)[0m [93mWARNING [0m:   DEPRECATED FEATURE: `client_fn` now expects a signature `def client_fn(context: Context)`.The provided `client_fn` has signature: {'cid': <Parameter "cid: str">}. You can import the `Context` like this: `from flwr.app import Context`[32m [repeated 4x across cluster][0m
[36m(ClientAppActor pid=272319)[0m             This is a deprecated feature. It will be removed[32m [repeated 4x across cluster][0m
[36m(ClientAppActor pid=272319)[0m             entirely in future versions of Flower.[32m [repeated 4x across cluster][0m
[36m(ClientAppActor pid=272319)[0m 
[36m(ClientAppActor pid=272319)[0m         
[36m(ClientAppActor pid=272310)[0m 
[36m(ClientAppActor pid=272310)[0m         
[36m(ClientAppActor pid=272319)[0m 
[36m(ClientAppActor pid=272319)[0m         
[92mINFO [0m:      aggregate_fit: received 10 results and 0 failures
INFO:flwr:aggregate_fit: received 10 results and 0 failures
[CascadeRouter] Round 33: 10 clients, 24578 parameters/client
[92mINFO [0m:      configure_evaluate: strategy sampled 10 clients (out of 10)
INFO:flwr:configure_evaluate: strategy sampled 10 clients (out of 10)
[36m(ClientAppActor pid=272319)[0m 
[36m(ClientAppActor pid=272319)[0m         
[36m(ClientAppActor pid=272310)[0m 
[36m(ClientAppActor pid=272310)[0m         
[36m(ClientAppActor pid=272310)[0m 
[36m(ClientAppActor pid=272310)[0m         
[36m(ClientAppActor pid=272319)[0m 
[36m(ClientAppActor pid=272319)[0m         
[36m(ClientAppActor pid=272319)[0m 
[36m(ClientAppActor pid=272319)[0m         
[36m(ClientAppActor pid=272310)[0m 
[36m(ClientAppActor pid=272310)[0m         
[36m(ClientAppActor pid=272310)[0m 
[36m(ClientAppActor pid=272310)[0m         
[36m(ClientAppActor pid=272319)[0m 
[36m(ClientAppActor pid=272319)[0m         
[36m(ClientAppActor pid=272319)[0m 
[36m(ClientAppActor pid=272319)[0m         
[36m(ClientAppActor pid=272310)[0m 
[36m(ClientAppActor pid=272310)[0m         
[92mINFO [0m:      aggregate_evaluate: received 10 results and 0 failures
INFO:flwr:aggregate_evaluate: received 10 results and 0 failures
[92mINFO [0m:      
INFO:flwr:
[92mINFO [0m:      [ROUND 34]
INFO:flwr:[ROUND 34]
[92mINFO [0m:      configure_fit: strategy sampled 10 clients (out of 10)
INFO:flwr:configure_fit: strategy sampled 10 clients (out of 10)
[36m(ClientAppActor pid=272310)[0m 
[36m(ClientAppActor pid=272310)[0m         
[36m(ClientAppActor pid=272319)[0m 
[36m(ClientAppActor pid=272319)[0m         
[36m(ClientAppActor pid=272319)[0m [Client 9] Training on NVIDIA GeForce RTX 3060[32m [repeated 6x across cluster][0m
[36m(ClientAppActor pid=272319)[0m 
[36m(ClientAppActor pid=272319)[0m         
[36m(ClientAppActor pid=272319)[0m 
[36m(ClientAppActor pid=272319)[0m         
[36m(ClientAppActor pid=272310)[0m 
[36m(ClientAppActor pid=272310)[0m         
[36m(ClientAppActor pid=272310)[0m [93mWARNING [0m:   DEPRECATED FEATURE: `client_fn` now expects a signature `def client_fn(context: Context)`.The provided `client_fn` has signature: {'cid': <Parameter "cid: str">}. You can import the `Context` like this: `from flwr.app import Context`[32m [repeated 18x across cluster][0m
[36m(ClientAppActor pid=272310)[0m             This is a deprecated feature. It will be removed[32m [repeated 18x across cluster][0m
[36m(ClientAppActor pid=272310)[0m             entirely in future versions of Flower.[32m [repeated 18x across cluster][0m
[36m(ClientAppActor pid=272319)[0m 
[36m(ClientAppActor pid=272319)[0m         
[36m(ClientAppActor pid=272310)[0m 
[36m(ClientAppActor pid=272310)[0m         
[36m(ClientAppActor pid=272310)[0m [Client 1] Training on NVIDIA GeForce RTX 3060[32m [repeated 6x across cluster][0m
[36m(ClientAppActor pid=272319)[0m 
[36m(ClientAppActor pid=272319)[0m         
[36m(ClientAppActor pid=272319)[0m 
[36m(ClientAppActor pid=272319)[0m         
[36m(ClientAppActor pid=272310)[0m 
[36m(ClientAppActor pid=272310)[0m         
[36m(ClientAppActor pid=272310)[0m [93mWARNING [0m:   DEPRECATED FEATURE: `client_fn` now expects a signature `def client_fn(context: Context)`.The provided `client_fn` has signature: {'cid': <Parameter "cid: str">}. You can import the `Context` like this: `from flwr.app import Context`[32m [repeated 5x across cluster][0m
[36m(ClientAppActor pid=272310)[0m             This is a deprecated feature. It will be removed[32m [repeated 5x across cluster][0m
[36m(ClientAppActor pid=272310)[0m             entirely in future versions of Flower.[32m [repeated 5x across cluster][0m
[92mINFO [0m:      aggregate_fit: received 10 results and 0 failures
INFO:flwr:aggregate_fit: received 10 results and 0 failures
[CascadeRouter] Round 34: 10 clients, 24578 parameters/client
[92mINFO [0m:      configure_evaluate: strategy sampled 10 clients (out of 10)
INFO:flwr:configure_evaluate: strategy sampled 10 clients (out of 10)
[36m(ClientAppActor pid=272319)[0m 
[36m(ClientAppActor pid=272319)[0m         
[36m(ClientAppActor pid=272310)[0m 
[36m(ClientAppActor pid=272310)[0m         
[36m(ClientAppActor pid=272310)[0m 
[36m(ClientAppActor pid=272310)[0m         
[36m(ClientAppActor pid=272319)[0m 
[36m(ClientAppActor pid=272319)[0m         
[36m(ClientAppActor pid=272310)[0m 
[36m(ClientAppActor pid=272310)[0m         
[36m(ClientAppActor pid=272319)[0m 
[36m(ClientAppActor pid=272319)[0m         
[36m(ClientAppActor pid=272310)[0m 
[36m(ClientAppActor pid=272310)[0m         
[36m(ClientAppActor pid=272319)[0m 
[36m(ClientAppActor pid=272319)[0m         
[36m(ClientAppActor pid=272310)[0m 
[36m(ClientAppActor pid=272310)[0m         
[36m(ClientAppActor pid=272319)[0m 
[36m(ClientAppActor pid=272319)[0m         
[92mINFO [0m:      aggregate_evaluate: received 10 results and 0 failures
INFO:flwr:aggregate_evaluate: received 10 results and 0 failures
[92mINFO [0m:      
INFO:flwr:
[92mINFO [0m:      [ROUND 35]
INFO:flwr:[ROUND 35]
[92mINFO [0m:      configure_fit: strategy sampled 10 clients (out of 10)
INFO:flwr:configure_fit: strategy sampled 10 clients (out of 10)
[36m(ClientAppActor pid=272310)[0m 
[36m(ClientAppActor pid=272310)[0m         
[36m(ClientAppActor pid=272319)[0m 
[36m(ClientAppActor pid=272319)[0m         
[36m(ClientAppActor pid=272319)[0m [Client 1] Training on NVIDIA GeForce RTX 3060[32m [repeated 4x across cluster][0m
[36m(ClientAppActor pid=272310)[0m 
[36m(ClientAppActor pid=272310)[0m         
[36m(ClientAppActor pid=272319)[0m 
[36m(ClientAppActor pid=272319)[0m         
[36m(ClientAppActor pid=272319)[0m [93mWARNING [0m:   DEPRECATED FEATURE: `client_fn` now expects a signature `def client_fn(context: Context)`.The provided `client_fn` has signature: {'cid': <Parameter "cid: str">}. You can import the `Context` like this: `from flwr.app import Context`[32m [repeated 14x across cluster][0m
[36m(ClientAppActor pid=272319)[0m             This is a deprecated feature. It will be removed[32m [repeated 14x across cluster][0m
[36m(ClientAppActor pid=272319)[0m             entirely in future versions of Flower.[32m [repeated 14x across cluster][0m
[36m(ClientAppActor pid=272319)[0m 
[36m(ClientAppActor pid=272319)[0m         
[36m(ClientAppActor pid=272310)[0m 
[36m(ClientAppActor pid=272310)[0m         
[36m(ClientAppActor pid=272319)[0m 
[36m(ClientAppActor pid=272319)[0m         
[36m(ClientAppActor pid=272319)[0m [Client 5] Training on NVIDIA GeForce RTX 3060[32m [repeated 6x across cluster][0m
[36m(ClientAppActor pid=272310)[0m 
[36m(ClientAppActor pid=272310)[0m         
[36m(ClientAppActor pid=272310)[0m 
[36m(ClientAppActor pid=272310)[0m         
[36m(ClientAppActor pid=272310)[0m [93mWARNING [0m:   DEPRECATED FEATURE: `client_fn` now expects a signature `def client_fn(context: Context)`.The provided `client_fn` has signature: {'cid': <Parameter "cid: str">}. You can import the `Context` like this: `from flwr.app import Context`[32m [repeated 5x across cluster][0m
[36m(ClientAppActor pid=272310)[0m             This is a deprecated feature. It will be removed[32m [repeated 5x across cluster][0m
[36m(ClientAppActor pid=272310)[0m             entirely in future versions of Flower.[32m [repeated 5x across cluster][0m
[36m(ClientAppActor pid=272310)[0m 
[36m(ClientAppActor pid=272310)[0m         
[92mINFO [0m:      aggregate_fit: received 10 results and 0 failures
INFO:flwr:aggregate_fit: received 10 results and 0 failures
[CascadeRouter] Round 35: 10 clients, 24578 parameters/client
[92mINFO [0m:      configure_evaluate: strategy sampled 10 clients (out of 10)
INFO:flwr:configure_evaluate: strategy sampled 10 clients (out of 10)
[36m(ClientAppActor pid=272319)[0m 
[36m(ClientAppActor pid=272319)[0m         
[36m(ClientAppActor pid=272310)[0m 
[36m(ClientAppActor pid=272310)[0m         
[36m(ClientAppActor pid=272310)[0m 
[36m(ClientAppActor pid=272310)[0m         
[36m(ClientAppActor pid=272319)[0m 
[36m(ClientAppActor pid=272319)[0m         
[36m(ClientAppActor pid=272319)[0m 
[36m(ClientAppActor pid=272319)[0m         
[36m(ClientAppActor pid=272310)[0m 
[36m(ClientAppActor pid=272310)[0m         
[36m(ClientAppActor pid=272319)[0m 
[36m(ClientAppActor pid=272319)[0m         
[36m(ClientAppActor pid=272310)[0m 
[36m(ClientAppActor pid=272310)[0m         
[36m(ClientAppActor pid=272310)[0m 
[36m(ClientAppActor pid=272310)[0m         
[36m(ClientAppActor pid=272319)[0m 
[36m(ClientAppActor pid=272319)[0m         
[92mINFO [0m:      aggregate_evaluate: received 10 results and 0 failures
INFO:flwr:aggregate_evaluate: received 10 results and 0 failures
[92mINFO [0m:      
INFO:flwr:
[92mINFO [0m:      [ROUND 36]
INFO:flwr:[ROUND 36]
[92mINFO [0m:      configure_fit: strategy sampled 10 clients (out of 10)
INFO:flwr:configure_fit: strategy sampled 10 clients (out of 10)
[36m(ClientAppActor pid=272310)[0m 
[36m(ClientAppActor pid=272310)[0m         
[36m(ClientAppActor pid=272310)[0m [Client 8] Training on NVIDIA GeForce RTX 3060[32m [repeated 4x across cluster][0m
[36m(ClientAppActor pid=272319)[0m 
[36m(ClientAppActor pid=272319)[0m         
[36m(ClientAppActor pid=272319)[0m 
[36m(ClientAppActor pid=272319)[0m         
[36m(ClientAppActor pid=272319)[0m 
[36m(ClientAppActor pid=272319)[0m         
[36m(ClientAppActor pid=272319)[0m [93mWARNING [0m:   DEPRECATED FEATURE: `client_fn` now expects a signature `def client_fn(context: Context)`.The provided `client_fn` has signature: {'cid': <Parameter "cid: str">}. You can import the `Context` like this: `from flwr.app import Context`[32m [repeated 15x across cluster][0m
[36m(ClientAppActor pid=272319)[0m             This is a deprecated feature. It will be removed[32m [repeated 15x across cluster][0m
[36m(ClientAppActor pid=272319)[0m             entirely in future versions of Flower.[32m [repeated 15x across cluster][0m
[36m(ClientAppActor pid=272310)[0m 
[36m(ClientAppActor pid=272310)[0m         
[36m(ClientAppActor pid=272310)[0m 
[36m(ClientAppActor pid=272310)[0m         
[36m(ClientAppActor pid=272319)[0m 
[36m(ClientAppActor pid=272319)[0m         
[36m(ClientAppActor pid=272319)[0m [Client 0] Training on NVIDIA GeForce RTX 3060[32m [repeated 6x across cluster][0m
[36m(ClientAppActor pid=272319)[0m 
[36m(ClientAppActor pid=272319)[0m         
[36m(ClientAppActor pid=272319)[0m [93mWARNING [0m:   DEPRECATED FEATURE: `client_fn` now expects a signature `def client_fn(context: Context)`.The provided `client_fn` has signature: {'cid': <Parameter "cid: str">}. You can import the `Context` like this: `from flwr.app import Context`[32m [repeated 4x across cluster][0m
[36m(ClientAppActor pid=272319)[0m             This is a deprecated feature. It will be removed[32m [repeated 4x across cluster][0m
[36m(ClientAppActor pid=272319)[0m             entirely in future versions of Flower.[32m [repeated 4x across cluster][0m
[36m(ClientAppActor pid=272310)[0m 
[36m(ClientAppActor pid=272310)[0m         
[36m(ClientAppActor pid=272310)[0m 
[36m(ClientAppActor pid=272310)[0m         
[92mINFO [0m:      aggregate_fit: received 10 results and 0 failures
INFO:flwr:aggregate_fit: received 10 results and 0 failures
[CascadeRouter] Round 36: 10 clients, 24578 parameters/client
[92mINFO [0m:      configure_evaluate: strategy sampled 10 clients (out of 10)
INFO:flwr:configure_evaluate: strategy sampled 10 clients (out of 10)
[36m(ClientAppActor pid=272310)[0m 
[36m(ClientAppActor pid=272310)[0m         
[36m(ClientAppActor pid=272319)[0m 
[36m(ClientAppActor pid=272319)[0m         
[36m(ClientAppActor pid=272310)[0m 
[36m(ClientAppActor pid=272310)[0m         
[36m(ClientAppActor pid=272310)[0m 
[36m(ClientAppActor pid=272310)[0m         
[36m(ClientAppActor pid=272319)[0m 
[36m(ClientAppActor pid=272319)[0m         
[36m(ClientAppActor pid=272310)[0m 
[36m(ClientAppActor pid=272310)[0m         
[36m(ClientAppActor pid=272319)[0m 
[36m(ClientAppActor pid=272319)[0m         
[36m(ClientAppActor pid=272319)[0m 
[36m(ClientAppActor pid=272319)[0m         
[36m(ClientAppActor pid=272310)[0m 
[36m(ClientAppActor pid=272310)[0m         
[36m(ClientAppActor pid=272319)[0m 
[36m(ClientAppActor pid=272319)[0m         
[92mINFO [0m:      aggregate_evaluate: received 10 results and 0 failures
INFO:flwr:aggregate_evaluate: received 10 results and 0 failures
[92mINFO [0m:      
INFO:flwr:
[92mINFO [0m:      [ROUND 37]
INFO:flwr:[ROUND 37]
[92mINFO [0m:      configure_fit: strategy sampled 10 clients (out of 10)
INFO:flwr:configure_fit: strategy sampled 10 clients (out of 10)
[36m(ClientAppActor pid=272310)[0m 
[36m(ClientAppActor pid=272310)[0m         
[36m(ClientAppActor pid=272319)[0m 
[36m(ClientAppActor pid=272319)[0m         
[36m(ClientAppActor pid=272319)[0m [Client 2] Training on NVIDIA GeForce RTX 3060[32m [repeated 4x across cluster][0m
[36m(ClientAppActor pid=272310)[0m 
[36m(ClientAppActor pid=272310)[0m         
[36m(ClientAppActor pid=272319)[0m 
[36m(ClientAppActor pid=272319)[0m         
[36m(ClientAppActor pid=272310)[0m 
[36m(ClientAppActor pid=272310)[0m         
[36m(ClientAppActor pid=272310)[0m [93mWARNING [0m:   DEPRECATED FEATURE: `client_fn` now expects a signature `def client_fn(context: Context)`.The provided `client_fn` has signature: {'cid': <Parameter "cid: str">}. You can import the `Context` like this: `from flwr.app import Context`[32m [repeated 17x across cluster][0m
[36m(ClientAppActor pid=272310)[0m             This is a deprecated feature. It will be removed[32m [repeated 17x across cluster][0m
[36m(ClientAppActor pid=272310)[0m             entirely in future versions of Flower.[32m [repeated 17x across cluster][0m
[36m(ClientAppActor pid=272310)[0m 
[36m(ClientAppActor pid=272310)[0m         
[36m(ClientAppActor pid=272310)[0m 
[36m(ClientAppActor pid=272310)[0m         
[36m(ClientAppActor pid=272319)[0m 
[36m(ClientAppActor pid=272319)[0m         
[36m(ClientAppActor pid=272319)[0m 
[36m(ClientAppActor pid=272319)[0m         
[36m(ClientAppActor pid=272319)[0m [Client 5] Training on NVIDIA GeForce RTX 3060[32m [repeated 8x across cluster][0m
[36m(ClientAppActor pid=272310)[0m 
[36m(ClientAppActor pid=272310)[0m         
[36m(ClientAppActor pid=272310)[0m [93mWARNING [0m:   DEPRECATED FEATURE: `client_fn` now expects a signature `def client_fn(context: Context)`.The provided `client_fn` has signature: {'cid': <Parameter "cid: str">}. You can import the `Context` like this: `from flwr.app import Context`[32m [repeated 5x across cluster][0m
[36m(ClientAppActor pid=272310)[0m             This is a deprecated feature. It will be removed[32m [repeated 5x across cluster][0m
[36m(ClientAppActor pid=272310)[0m             entirely in future versions of Flower.[32m [repeated 5x across cluster][0m
[92mINFO [0m:      aggregate_fit: received 10 results and 0 failures
INFO:flwr:aggregate_fit: received 10 results and 0 failures
[CascadeRouter] Round 37: 10 clients, 24578 parameters/client
[92mINFO [0m:      configure_evaluate: strategy sampled 10 clients (out of 10)
INFO:flwr:configure_evaluate: strategy sampled 10 clients (out of 10)
[36m(ClientAppActor pid=272319)[0m 
[36m(ClientAppActor pid=272319)[0m         
[36m(ClientAppActor pid=272310)[0m 
[36m(ClientAppActor pid=272310)[0m         
[36m(ClientAppActor pid=272310)[0m 
[36m(ClientAppActor pid=272310)[0m         
[36m(ClientAppActor pid=272310)[0m [93mWARNING [0m:   DEPRECATED FEATURE: `client_fn` now expects a signature `def client_fn(context: Context)`.The provided `client_fn` has signature: {'cid': <Parameter "cid: str">}. You can import the `Context` like this: `from flwr.app import Context`[32m [repeated 3x across cluster][0m
[36m(ClientAppActor pid=272310)[0m             This is a deprecated feature. It will be removed[32m [repeated 3x across cluster][0m
[36m(ClientAppActor pid=272310)[0m             entirely in future versions of Flower.[32m [repeated 3x across cluster][0m
[36m(ClientAppActor pid=272319)[0m 
[36m(ClientAppActor pid=272319)[0m         
[36m(ClientAppActor pid=272310)[0m 
[36m(ClientAppActor pid=272310)[0m         
[36m(ClientAppActor pid=272319)[0m 
[36m(ClientAppActor pid=272319)[0m         
[36m(ClientAppActor pid=272310)[0m 
[36m(ClientAppActor pid=272310)[0m         
[36m(ClientAppActor pid=272319)[0m 
[36m(ClientAppActor pid=272319)[0m         
[36m(ClientAppActor pid=272319)[0m 
[36m(ClientAppActor pid=272319)[0m         
[36m(ClientAppActor pid=272310)[0m 
[36m(ClientAppActor pid=272310)[0m         
[92mINFO [0m:      aggregate_evaluate: received 10 results and 0 failures
INFO:flwr:aggregate_evaluate: received 10 results and 0 failures
[92mINFO [0m:      
INFO:flwr:
[92mINFO [0m:      [ROUND 38]
INFO:flwr:[ROUND 38]
[92mINFO [0m:      configure_fit: strategy sampled 10 clients (out of 10)
INFO:flwr:configure_fit: strategy sampled 10 clients (out of 10)
[36m(ClientAppActor pid=272310)[0m 
[36m(ClientAppActor pid=272310)[0m         
[36m(ClientAppActor pid=272310)[0m [Client 1] Training on NVIDIA GeForce RTX 3060[32m [repeated 2x across cluster][0m
[36m(ClientAppActor pid=272319)[0m 
[36m(ClientAppActor pid=272319)[0m         
[36m(ClientAppActor pid=272310)[0m 
[36m(ClientAppActor pid=272310)[0m         
[36m(ClientAppActor pid=272319)[0m 
[36m(ClientAppActor pid=272319)[0m         
[36m(ClientAppActor pid=272310)[0m 
[36m(ClientAppActor pid=272310)[0m         
[36m(ClientAppActor pid=272310)[0m [93mWARNING [0m:   DEPRECATED FEATURE: `client_fn` now expects a signature `def client_fn(context: Context)`.The provided `client_fn` has signature: {'cid': <Parameter "cid: str">}. You can import the `Context` like this: `from flwr.app import Context`[32m [repeated 12x across cluster][0m
[36m(ClientAppActor pid=272310)[0m             This is a deprecated feature. It will be removed[32m [repeated 12x across cluster][0m
[36m(ClientAppActor pid=272310)[0m             entirely in future versions of Flower.[32m [repeated 12x across cluster][0m
[36m(ClientAppActor pid=272310)[0m [Client 2] Training on NVIDIA GeForce RTX 3060[32m [repeated 4x across cluster][0m
[36m(ClientAppActor pid=272319)[0m 
[36m(ClientAppActor pid=272319)[0m         
[36m(ClientAppActor pid=272310)[0m 
[36m(ClientAppActor pid=272310)[0m         
[36m(ClientAppActor pid=272319)[0m 
[36m(ClientAppActor pid=272319)[0m         
[36m(ClientAppActor pid=272319)[0m 
[36m(ClientAppActor pid=272319)[0m         
[36m(ClientAppActor pid=272319)[0m 
[36m(ClientAppActor pid=272319)[0m         
[92mINFO [0m:      aggregate_fit: received 10 results and 0 failures
INFO:flwr:aggregate_fit: received 10 results and 0 failures
[CascadeRouter] Round 38: 10 clients, 24578 parameters/client
[92mINFO [0m:      configure_evaluate: strategy sampled 10 clients (out of 10)
INFO:flwr:configure_evaluate: strategy sampled 10 clients (out of 10)
[36m(ClientAppActor pid=272310)[0m 
[36m(ClientAppActor pid=272310)[0m         
[36m(ClientAppActor pid=272310)[0m [93mWARNING [0m:   DEPRECATED FEATURE: `client_fn` now expects a signature `def client_fn(context: Context)`.The provided `client_fn` has signature: {'cid': <Parameter "cid: str">}. You can import the `Context` like this: `from flwr.app import Context`[32m [repeated 6x across cluster][0m
[36m(ClientAppActor pid=272310)[0m             This is a deprecated feature. It will be removed[32m [repeated 6x across cluster][0m
[36m(ClientAppActor pid=272310)[0m             entirely in future versions of Flower.[32m [repeated 6x across cluster][0m
[36m(ClientAppActor pid=272319)[0m 
[36m(ClientAppActor pid=272319)[0m         
[36m(ClientAppActor pid=272310)[0m 
[36m(ClientAppActor pid=272310)[0m         
[36m(ClientAppActor pid=272319)[0m 
[36m(ClientAppActor pid=272319)[0m         
[36m(ClientAppActor pid=272310)[0m 
[36m(ClientAppActor pid=272310)[0m         
[36m(ClientAppActor pid=272319)[0m 
[36m(ClientAppActor pid=272319)[0m         
[36m(ClientAppActor pid=272310)[0m 
[36m(ClientAppActor pid=272310)[0m         
[36m(ClientAppActor pid=272319)[0m 
[36m(ClientAppActor pid=272319)[0m         
[36m(ClientAppActor pid=272310)[0m 
[36m(ClientAppActor pid=272310)[0m         
[36m(ClientAppActor pid=272319)[0m 
[36m(ClientAppActor pid=272319)[0m         
[92mINFO [0m:      aggregate_evaluate: received 10 results and 0 failures
INFO:flwr:aggregate_evaluate: received 10 results and 0 failures
[92mINFO [0m:      
INFO:flwr:
[92mINFO [0m:      [ROUND 39]
INFO:flwr:[ROUND 39]
[92mINFO [0m:      configure_fit: strategy sampled 10 clients (out of 10)
INFO:flwr:configure_fit: strategy sampled 10 clients (out of 10)
[36m(ClientAppActor pid=272310)[0m 
[36m(ClientAppActor pid=272310)[0m         
[36m(ClientAppActor pid=272319)[0m 
[36m(ClientAppActor pid=272319)[0m         
[36m(ClientAppActor pid=272319)[0m [Client 2] Training on NVIDIA GeForce RTX 3060[32m [repeated 6x across cluster][0m
[36m(ClientAppActor pid=272319)[0m 
[36m(ClientAppActor pid=272319)[0m         
[36m(ClientAppActor pid=272310)[0m 
[36m(ClientAppActor pid=272310)[0m         
[36m(ClientAppActor pid=272319)[0m 
[36m(ClientAppActor pid=272319)[0m         
[36m(ClientAppActor pid=272319)[0m 
[36m(ClientAppActor pid=272319)[0m         
[36m(ClientAppActor pid=272319)[0m 
[36m(ClientAppActor pid=272319)[0m         
[36m(ClientAppActor pid=272310)[0m 
[36m(ClientAppActor pid=272310)[0m         
[36m(ClientAppActor pid=272310)[0m [93mWARNING [0m:   DEPRECATED FEATURE: `client_fn` now expects a signature `def client_fn(context: Context)`.The provided `client_fn` has signature: {'cid': <Parameter "cid: str">}. You can import the `Context` like this: `from flwr.app import Context`[32m [repeated 17x across cluster][0m
[36m(ClientAppActor pid=272310)[0m             This is a deprecated feature. It will be removed[32m [repeated 17x across cluster][0m
[36m(ClientAppActor pid=272310)[0m             entirely in future versions of Flower.[32m [repeated 17x across cluster][0m
[36m(ClientAppActor pid=272310)[0m [Client 7] Training on NVIDIA GeForce RTX 3060[32m [repeated 7x across cluster][0m
[36m(ClientAppActor pid=272310)[0m 
[36m(ClientAppActor pid=272310)[0m         
[36m(ClientAppActor pid=272319)[0m 
[36m(ClientAppActor pid=272319)[0m         
[92mINFO [0m:      aggregate_fit: received 10 results and 0 failures
INFO:flwr:aggregate_fit: received 10 results and 0 failures
[CascadeRouter] Round 39: 10 clients, 24578 parameters/client
[92mINFO [0m:      configure_evaluate: strategy sampled 10 clients (out of 10)
INFO:flwr:configure_evaluate: strategy sampled 10 clients (out of 10)
[36m(ClientAppActor pid=272310)[0m 
[36m(ClientAppActor pid=272310)[0m         
[36m(ClientAppActor pid=272310)[0m [93mWARNING [0m:   DEPRECATED FEATURE: `client_fn` now expects a signature `def client_fn(context: Context)`.The provided `client_fn` has signature: {'cid': <Parameter "cid: str">}. You can import the `Context` like this: `from flwr.app import Context`[32m [repeated 3x across cluster][0m
[36m(ClientAppActor pid=272310)[0m             This is a deprecated feature. It will be removed[32m [repeated 3x across cluster][0m
[36m(ClientAppActor pid=272310)[0m             entirely in future versions of Flower.[32m [repeated 3x across cluster][0m
[36m(ClientAppActor pid=272319)[0m 
[36m(ClientAppActor pid=272319)[0m         
[36m(ClientAppActor pid=272310)[0m 
[36m(ClientAppActor pid=272310)[0m         
[36m(ClientAppActor pid=272319)[0m 
[36m(ClientAppActor pid=272319)[0m         
[36m(ClientAppActor pid=272310)[0m 
[36m(ClientAppActor pid=272310)[0m         
[36m(ClientAppActor pid=272319)[0m 
[36m(ClientAppActor pid=272319)[0m         
[36m(ClientAppActor pid=272310)[0m 
[36m(ClientAppActor pid=272310)[0m         
[36m(ClientAppActor pid=272319)[0m 
[36m(ClientAppActor pid=272319)[0m         
[36m(ClientAppActor pid=272310)[0m 
[36m(ClientAppActor pid=272310)[0m         
[36m(ClientAppActor pid=272319)[0m 
[36m(ClientAppActor pid=272319)[0m         
[92mINFO [0m:      aggregate_evaluate: received 10 results and 0 failures
INFO:flwr:aggregate_evaluate: received 10 results and 0 failures
[92mINFO [0m:      
INFO:flwr:
[92mINFO [0m:      [ROUND 40]
INFO:flwr:[ROUND 40]
[92mINFO [0m:      configure_fit: strategy sampled 10 clients (out of 10)
INFO:flwr:configure_fit: strategy sampled 10 clients (out of 10)
[36m(ClientAppActor pid=272310)[0m 
[36m(ClientAppActor pid=272310)[0m         
[36m(ClientAppActor pid=272319)[0m 
[36m(ClientAppActor pid=272319)[0m         
[36m(ClientAppActor pid=272319)[0m [Client 4] Training on NVIDIA GeForce RTX 3060[32m [repeated 3x across cluster][0m
[36m(ClientAppActor pid=272310)[0m 
[36m(ClientAppActor pid=272310)[0m         
[36m(ClientAppActor pid=272310)[0m 
[36m(ClientAppActor pid=272310)[0m         
[36m(ClientAppActor pid=272310)[0m 
[36m(ClientAppActor pid=272310)[0m         
[36m(ClientAppActor pid=272310)[0m 
[36m(ClientAppActor pid=272310)[0m         
[36m(ClientAppActor pid=272319)[0m 
[36m(ClientAppActor pid=272319)[0m         
[36m(ClientAppActor pid=272319)[0m 
[36m(ClientAppActor pid=272319)[0m         
[36m(ClientAppActor pid=272319)[0m [93mWARNING [0m:   DEPRECATED FEATURE: `client_fn` now expects a signature `def client_fn(context: Context)`.The provided `client_fn` has signature: {'cid': <Parameter "cid: str">}. You can import the `Context` like this: `from flwr.app import Context`[32m [repeated 17x across cluster][0m
[36m(ClientAppActor pid=272319)[0m             This is a deprecated feature. It will be removed[32m [repeated 17x across cluster][0m
[36m(ClientAppActor pid=272319)[0m             entirely in future versions of Flower.[32m [repeated 17x across cluster][0m
[36m(ClientAppActor pid=272310)[0m 
[36m(ClientAppActor pid=272310)[0m         
[36m(ClientAppActor pid=272310)[0m [Client 8] Training on NVIDIA GeForce RTX 3060[32m [repeated 8x across cluster][0m
[36m(ClientAppActor pid=272319)[0m 
[36m(ClientAppActor pid=272319)[0m         
[92mINFO [0m:      aggregate_fit: received 10 results and 0 failures
INFO:flwr:aggregate_fit: received 10 results and 0 failures
[CascadeRouter] Round 40: 10 clients, 24578 parameters/client
[92mINFO [0m:      configure_evaluate: strategy sampled 10 clients (out of 10)
INFO:flwr:configure_evaluate: strategy sampled 10 clients (out of 10)
[36m(ClientAppActor pid=272310)[0m 
[36m(ClientAppActor pid=272310)[0m         
[36m(ClientAppActor pid=272310)[0m [93mWARNING [0m:   DEPRECATED FEATURE: `client_fn` now expects a signature `def client_fn(context: Context)`.The provided `client_fn` has signature: {'cid': <Parameter "cid: str">}. You can import the `Context` like this: `from flwr.app import Context`[32m [repeated 3x across cluster][0m
[36m(ClientAppActor pid=272310)[0m             This is a deprecated feature. It will be removed[32m [repeated 3x across cluster][0m
[36m(ClientAppActor pid=272310)[0m             entirely in future versions of Flower.[32m [repeated 3x across cluster][0m
[36m(ClientAppActor pid=272319)[0m 
[36m(ClientAppActor pid=272319)[0m         
[36m(ClientAppActor pid=272310)[0m 
[36m(ClientAppActor pid=272310)[0m         
[36m(ClientAppActor pid=272319)[0m 
[36m(ClientAppActor pid=272319)[0m         
[36m(ClientAppActor pid=272310)[0m 
[36m(ClientAppActor pid=272310)[0m         
[36m(ClientAppActor pid=272319)[0m 
[36m(ClientAppActor pid=272319)[0m         
[36m(ClientAppActor pid=272319)[0m 
[36m(ClientAppActor pid=272319)[0m         
[36m(ClientAppActor pid=272310)[0m 
[36m(ClientAppActor pid=272310)[0m         
[36m(ClientAppActor pid=272319)[0m 
[36m(ClientAppActor pid=272319)[0m         
[36m(ClientAppActor pid=272310)[0m 
[36m(ClientAppActor pid=272310)[0m         
[92mINFO [0m:      aggregate_evaluate: received 10 results and 0 failures
INFO:flwr:aggregate_evaluate: received 10 results and 0 failures
[92mINFO [0m:      
INFO:flwr:
[92mINFO [0m:      [ROUND 41]
INFO:flwr:[ROUND 41]
[92mINFO [0m:      configure_fit: strategy sampled 10 clients (out of 10)
INFO:flwr:configure_fit: strategy sampled 10 clients (out of 10)
[36m(ClientAppActor pid=272310)[0m 
[36m(ClientAppActor pid=272310)[0m         
[36m(ClientAppActor pid=272319)[0m 
[36m(ClientAppActor pid=272319)[0m         
[36m(ClientAppActor pid=272319)[0m 
[36m(ClientAppActor pid=272319)[0m         
[36m(ClientAppActor pid=272319)[0m [Client 3] Training on NVIDIA GeForce RTX 3060[32m [repeated 4x across cluster][0m
[36m(ClientAppActor pid=272319)[0m 
[36m(ClientAppActor pid=272319)[0m         
[36m(ClientAppActor pid=272319)[0m [93mWARNING [0m:   DEPRECATED FEATURE: `client_fn` now expects a signature `def client_fn(context: Context)`.The provided `client_fn` has signature: {'cid': <Parameter "cid: str">}. You can import the `Context` like this: `from flwr.app import Context`[32m [repeated 13x across cluster][0m
[36m(ClientAppActor pid=272319)[0m             This is a deprecated feature. It will be removed[32m [repeated 13x across cluster][0m
[36m(ClientAppActor pid=272319)[0m             entirely in future versions of Flower.[32m [repeated 13x across cluster][0m
[36m(ClientAppActor pid=272310)[0m 
[36m(ClientAppActor pid=272310)[0m         
[36m(ClientAppActor pid=272310)[0m 
[36m(ClientAppActor pid=272310)[0m         
[36m(ClientAppActor pid=272319)[0m 
[36m(ClientAppActor pid=272319)[0m         
[36m(ClientAppActor pid=272319)[0m [Client 6] Training on NVIDIA GeForce RTX 3060[32m [repeated 4x across cluster][0m
[36m(ClientAppActor pid=272319)[0m 
[36m(ClientAppActor pid=272319)[0m         
[36m(ClientAppActor pid=272310)[0m 
[36m(ClientAppActor pid=272310)[0m         
[36m(ClientAppActor pid=272310)[0m 
[36m(ClientAppActor pid=272310)[0m         
[92mINFO [0m:      aggregate_fit: received 10 results and 0 failures
INFO:flwr:aggregate_fit: received 10 results and 0 failures
[CascadeRouter] Round 41: 10 clients, 24578 parameters/client
[92mINFO [0m:      configure_evaluate: strategy sampled 10 clients (out of 10)
INFO:flwr:configure_evaluate: strategy sampled 10 clients (out of 10)
[36m(ClientAppActor pid=272319)[0m 
[36m(ClientAppActor pid=272319)[0m         
[36m(ClientAppActor pid=272319)[0m [93mWARNING [0m:   DEPRECATED FEATURE: `client_fn` now expects a signature `def client_fn(context: Context)`.The provided `client_fn` has signature: {'cid': <Parameter "cid: str">}. You can import the `Context` like this: `from flwr.app import Context`[32m [repeated 7x across cluster][0m
[36m(ClientAppActor pid=272319)[0m             This is a deprecated feature. It will be removed[32m [repeated 7x across cluster][0m
[36m(ClientAppActor pid=272319)[0m             entirely in future versions of Flower.[32m [repeated 7x across cluster][0m
[36m(ClientAppActor pid=272310)[0m 
[36m(ClientAppActor pid=272310)[0m         
[36m(ClientAppActor pid=272319)[0m 
[36m(ClientAppActor pid=272319)[0m         
[36m(ClientAppActor pid=272310)[0m 
[36m(ClientAppActor pid=272310)[0m         
[36m(ClientAppActor pid=272310)[0m 
[36m(ClientAppActor pid=272310)[0m         
[36m(ClientAppActor pid=272319)[0m 
[36m(ClientAppActor pid=272319)[0m         
[36m(ClientAppActor pid=272310)[0m 
[36m(ClientAppActor pid=272310)[0m         
[36m(ClientAppActor pid=272319)[0m 
[36m(ClientAppActor pid=272319)[0m         
[36m(ClientAppActor pid=272319)[0m 
[36m(ClientAppActor pid=272319)[0m         
[36m(ClientAppActor pid=272310)[0m 
[36m(ClientAppActor pid=272310)[0m         
[92mINFO [0m:      aggregate_evaluate: received 10 results and 0 failures
INFO:flwr:aggregate_evaluate: received 10 results and 0 failures
[92mINFO [0m:      
INFO:flwr:
[92mINFO [0m:      [ROUND 42]
INFO:flwr:[ROUND 42]
[92mINFO [0m:      configure_fit: strategy sampled 10 clients (out of 10)
INFO:flwr:configure_fit: strategy sampled 10 clients (out of 10)
[36m(ClientAppActor pid=272310)[0m 
[36m(ClientAppActor pid=272310)[0m         
[36m(ClientAppActor pid=272319)[0m 
[36m(ClientAppActor pid=272319)[0m         
[36m(ClientAppActor pid=272319)[0m 
[36m(ClientAppActor pid=272319)[0m         
[36m(ClientAppActor pid=272319)[0m [Client 9] Training on NVIDIA GeForce RTX 3060[32m [repeated 6x across cluster][0m
[36m(ClientAppActor pid=272319)[0m 
[36m(ClientAppActor pid=272319)[0m         
[36m(ClientAppActor pid=272319)[0m 
[36m(ClientAppActor pid=272319)[0m         
[36m(ClientAppActor pid=272310)[0m 
[36m(ClientAppActor pid=272310)[0m         
[36m(ClientAppActor pid=272310)[0m 
[36m(ClientAppActor pid=272310)[0m         
[36m(ClientAppActor pid=272310)[0m 
[36m(ClientAppActor pid=272310)[0m         
[36m(ClientAppActor pid=272310)[0m [93mWARNING [0m:   DEPRECATED FEATURE: `client_fn` now expects a signature `def client_fn(context: Context)`.The provided `client_fn` has signature: {'cid': <Parameter "cid: str">}. You can import the `Context` like this: `from flwr.app import Context`[32m [repeated 17x across cluster][0m
[36m(ClientAppActor pid=272310)[0m             This is a deprecated feature. It will be removed[32m [repeated 17x across cluster][0m
[36m(ClientAppActor pid=272310)[0m             entirely in future versions of Flower.[32m [repeated 17x across cluster][0m
[36m(ClientAppActor pid=272310)[0m [Client 4] Training on NVIDIA GeForce RTX 3060[32m [repeated 5x across cluster][0m
[36m(ClientAppActor pid=272319)[0m 
[36m(ClientAppActor pid=272319)[0m         
[36m(ClientAppActor pid=272310)[0m 
[36m(ClientAppActor pid=272310)[0m         
[92mINFO [0m:      aggregate_fit: received 10 results and 0 failures
INFO:flwr:aggregate_fit: received 10 results and 0 failures
[CascadeRouter] Round 42: 10 clients, 24578 parameters/client
[92mINFO [0m:      configure_evaluate: strategy sampled 10 clients (out of 10)
INFO:flwr:configure_evaluate: strategy sampled 10 clients (out of 10)
[36m(ClientAppActor pid=272310)[0m 
[36m(ClientAppActor pid=272310)[0m         
[36m(ClientAppActor pid=272319)[0m 
[36m(ClientAppActor pid=272319)[0m         
[36m(ClientAppActor pid=272310)[0m 
[36m(ClientAppActor pid=272310)[0m         
[36m(ClientAppActor pid=272319)[0m 
[36m(ClientAppActor pid=272319)[0m         
[36m(ClientAppActor pid=272310)[0m 
[36m(ClientAppActor pid=272310)[0m         
[36m(ClientAppActor pid=272319)[0m 
[36m(ClientAppActor pid=272319)[0m         
[36m(ClientAppActor pid=272310)[0m 
[36m(ClientAppActor pid=272310)[0m         
[36m(ClientAppActor pid=272310)[0m [93mWARNING [0m:   DEPRECATED FEATURE: `client_fn` now expects a signature `def client_fn(context: Context)`.The provided `client_fn` has signature: {'cid': <Parameter "cid: str">}. You can import the `Context` like this: `from flwr.app import Context`[32m [repeated 9x across cluster][0m
[36m(ClientAppActor pid=272310)[0m             This is a deprecated feature. It will be removed[32m [repeated 9x across cluster][0m
[36m(ClientAppActor pid=272310)[0m             entirely in future versions of Flower.[32m [repeated 9x across cluster][0m
[36m(ClientAppActor pid=272319)[0m 
[36m(ClientAppActor pid=272319)[0m         
[36m(ClientAppActor pid=272310)[0m 
[36m(ClientAppActor pid=272310)[0m         
[36m(ClientAppActor pid=272319)[0m 
[36m(ClientAppActor pid=272319)[0m         
[92mINFO [0m:      aggregate_evaluate: received 10 results and 0 failures
INFO:flwr:aggregate_evaluate: received 10 results and 0 failures
[92mINFO [0m:      
INFO:flwr:
[92mINFO [0m:      [ROUND 43]
INFO:flwr:[ROUND 43]
[92mINFO [0m:      configure_fit: strategy sampled 10 clients (out of 10)
INFO:flwr:configure_fit: strategy sampled 10 clients (out of 10)
[36m(ClientAppActor pid=272319)[0m 
[36m(ClientAppActor pid=272319)[0m         
[36m(ClientAppActor pid=272319)[0m [Client 2] Training on NVIDIA GeForce RTX 3060[32m [repeated 3x across cluster][0m
[36m(ClientAppActor pid=272310)[0m 
[36m(ClientAppActor pid=272310)[0m         
[36m(ClientAppActor pid=272319)[0m 
[36m(ClientAppActor pid=272319)[0m         
[36m(ClientAppActor pid=272319)[0m 
[36m(ClientAppActor pid=272319)[0m         
[36m(ClientAppActor pid=272319)[0m 
[36m(ClientAppActor pid=272319)[0m         
[36m(ClientAppActor pid=272310)[0m 
[36m(ClientAppActor pid=272310)[0m         
[36m(ClientAppActor pid=272310)[0m [93mWARNING [0m:   DEPRECATED FEATURE: `client_fn` now expects a signature `def client_fn(context: Context)`.The provided `client_fn` has signature: {'cid': <Parameter "cid: str">}. You can import the `Context` like this: `from flwr.app import Context`[32m [repeated 9x across cluster][0m
[36m(ClientAppActor pid=272310)[0m             This is a deprecated feature. It will be removed[32m [repeated 9x across cluster][0m
[36m(ClientAppActor pid=272310)[0m             entirely in future versions of Flower.[32m [repeated 9x across cluster][0m
[36m(ClientAppActor pid=272310)[0m [Client 7] Training on NVIDIA GeForce RTX 3060[32m [repeated 5x across cluster][0m
[36m(ClientAppActor pid=272310)[0m 
[36m(ClientAppActor pid=272310)[0m         
[36m(ClientAppActor pid=272319)[0m 
[36m(ClientAppActor pid=272319)[0m         
[36m(ClientAppActor pid=272310)[0m 
[36m(ClientAppActor pid=272310)[0m         
[36m(ClientAppActor pid=272310)[0m 
[36m(ClientAppActor pid=272310)[0m         
[92mINFO [0m:      aggregate_fit: received 10 results and 0 failures
INFO:flwr:aggregate_fit: received 10 results and 0 failures
[CascadeRouter] Round 43: 10 clients, 24578 parameters/client
[92mINFO [0m:      configure_evaluate: strategy sampled 10 clients (out of 10)
INFO:flwr:configure_evaluate: strategy sampled 10 clients (out of 10)
[36m(ClientAppActor pid=272310)[0m 
[36m(ClientAppActor pid=272310)[0m         
[36m(ClientAppActor pid=272319)[0m 
[36m(ClientAppActor pid=272319)[0m         
[36m(ClientAppActor pid=272310)[0m 
[36m(ClientAppActor pid=272310)[0m         
[36m(ClientAppActor pid=272319)[0m 
[36m(ClientAppActor pid=272319)[0m         
[36m(ClientAppActor pid=272310)[0m 
[36m(ClientAppActor pid=272310)[0m         
[36m(ClientAppActor pid=272310)[0m [93mWARNING [0m:   DEPRECATED FEATURE: `client_fn` now expects a signature `def client_fn(context: Context)`.The provided `client_fn` has signature: {'cid': <Parameter "cid: str">}. You can import the `Context` like this: `from flwr.app import Context`[32m [repeated 9x across cluster][0m
[36m(ClientAppActor pid=272310)[0m             This is a deprecated feature. It will be removed[32m [repeated 9x across cluster][0m
[36m(ClientAppActor pid=272310)[0m             entirely in future versions of Flower.[32m [repeated 9x across cluster][0m
[36m(ClientAppActor pid=272319)[0m 
[36m(ClientAppActor pid=272319)[0m         
[36m(ClientAppActor pid=272310)[0m 
[36m(ClientAppActor pid=272310)[0m         
[36m(ClientAppActor pid=272319)[0m 
[36m(ClientAppActor pid=272319)[0m         
[36m(ClientAppActor pid=272310)[0m 
[36m(ClientAppActor pid=272310)[0m         
[36m(ClientAppActor pid=272319)[0m 
[36m(ClientAppActor pid=272319)[0m         
[92mINFO [0m:      aggregate_evaluate: received 10 results and 0 failures
INFO:flwr:aggregate_evaluate: received 10 results and 0 failures
[92mINFO [0m:      
INFO:flwr:
[92mINFO [0m:      [ROUND 44]
INFO:flwr:[ROUND 44]
[92mINFO [0m:      configure_fit: strategy sampled 10 clients (out of 10)
INFO:flwr:configure_fit: strategy sampled 10 clients (out of 10)
[36m(ClientAppActor pid=272310)[0m 
[36m(ClientAppActor pid=272310)[0m         
[36m(ClientAppActor pid=272319)[0m 
[36m(ClientAppActor pid=272319)[0m         
[36m(ClientAppActor pid=272319)[0m [Client 8] Training on NVIDIA GeForce RTX 3060[32m [repeated 5x across cluster][0m
[36m(ClientAppActor pid=272319)[0m 
[36m(ClientAppActor pid=272319)[0m         
[36m(ClientAppActor pid=272319)[0m 
[36m(ClientAppActor pid=272319)[0m         
[36m(ClientAppActor pid=272319)[0m 
[36m(ClientAppActor pid=272319)[0m         
[36m(ClientAppActor pid=272319)[0m [93mWARNING [0m:   DEPRECATED FEATURE: `client_fn` now expects a signature `def client_fn(context: Context)`.The provided `client_fn` has signature: {'cid': <Parameter "cid: str">}. You can import the `Context` like this: `from flwr.app import Context`[32m [repeated 10x across cluster][0m
[36m(ClientAppActor pid=272319)[0m             This is a deprecated feature. It will be removed[32m [repeated 10x across cluster][0m
[36m(ClientAppActor pid=272319)[0m             entirely in future versions of Flower.[32m [repeated 10x across cluster][0m
[36m(ClientAppActor pid=272319)[0m [Client 4] Training on NVIDIA GeForce RTX 3060[32m [repeated 4x across cluster][0m
[36m(ClientAppActor pid=272310)[0m 
[36m(ClientAppActor pid=272310)[0m         
[36m(ClientAppActor pid=272310)[0m 
[36m(ClientAppActor pid=272310)[0m         
[36m(ClientAppActor pid=272310)[0m 
[36m(ClientAppActor pid=272310)[0m         
[36m(ClientAppActor pid=272310)[0m 
[36m(ClientAppActor pid=272310)[0m         
[36m(ClientAppActor pid=272319)[0m 
[36m(ClientAppActor pid=272319)[0m         
[92mINFO [0m:      aggregate_fit: received 10 results and 0 failures
INFO:flwr:aggregate_fit: received 10 results and 0 failures
[CascadeRouter] Round 44: 10 clients, 24578 parameters/client
[92mINFO [0m:      configure_evaluate: strategy sampled 10 clients (out of 10)
INFO:flwr:configure_evaluate: strategy sampled 10 clients (out of 10)
[36m(ClientAppActor pid=272319)[0m 
[36m(ClientAppActor pid=272319)[0m         
[36m(ClientAppActor pid=272319)[0m [93mWARNING [0m:   DEPRECATED FEATURE: `client_fn` now expects a signature `def client_fn(context: Context)`.The provided `client_fn` has signature: {'cid': <Parameter "cid: str">}. You can import the `Context` like this: `from flwr.app import Context`[32m [repeated 6x across cluster][0m
[36m(ClientAppActor pid=272319)[0m             This is a deprecated feature. It will be removed[32m [repeated 6x across cluster][0m
[36m(ClientAppActor pid=272319)[0m             entirely in future versions of Flower.[32m [repeated 6x across cluster][0m
[36m(ClientAppActor pid=272310)[0m 
[36m(ClientAppActor pid=272310)[0m         
[36m(ClientAppActor pid=272310)[0m 
[36m(ClientAppActor pid=272310)[0m         
[36m(ClientAppActor pid=272319)[0m 
[36m(ClientAppActor pid=272319)[0m         
[36m(ClientAppActor pid=272319)[0m 
[36m(ClientAppActor pid=272319)[0m         
[36m(ClientAppActor pid=272319)[0m 
[36m(ClientAppActor pid=272319)[0m         
[36m(ClientAppActor pid=272310)[0m 
[36m(ClientAppActor pid=272310)[0m         
[36m(ClientAppActor pid=272319)[0m 
[36m(ClientAppActor pid=272319)[0m         
[36m(ClientAppActor pid=272310)[0m 
[36m(ClientAppActor pid=272310)[0m         
[36m(ClientAppActor pid=272319)[0m 
[36m(ClientAppActor pid=272319)[0m         
[92mINFO [0m:      aggregate_evaluate: received 10 results and 0 failures
INFO:flwr:aggregate_evaluate: received 10 results and 0 failures
[92mINFO [0m:      
INFO:flwr:
[92mINFO [0m:      [ROUND 45]
INFO:flwr:[ROUND 45]
[92mINFO [0m:      configure_fit: strategy sampled 10 clients (out of 10)
INFO:flwr:configure_fit: strategy sampled 10 clients (out of 10)
[36m(ClientAppActor pid=272310)[0m 
[36m(ClientAppActor pid=272310)[0m         
[36m(ClientAppActor pid=272319)[0m 
[36m(ClientAppActor pid=272319)[0m         
[36m(ClientAppActor pid=272319)[0m [Client 6] Training on NVIDIA GeForce RTX 3060[32m [repeated 6x across cluster][0m
[36m(ClientAppActor pid=272319)[0m 
[36m(ClientAppActor pid=272319)[0m         
[36m(ClientAppActor pid=272319)[0m 
[36m(ClientAppActor pid=272319)[0m         
[36m(ClientAppActor pid=272319)[0m 
[36m(ClientAppActor pid=272319)[0m         
[36m(ClientAppActor pid=272310)[0m 
[36m(ClientAppActor pid=272310)[0m         
[36m(ClientAppActor pid=272310)[0m 
[36m(ClientAppActor pid=272310)[0m         
[36m(ClientAppActor pid=272319)[0m 
[36m(ClientAppActor pid=272319)[0m         
[36m(ClientAppActor pid=272319)[0m 
[36m(ClientAppActor pid=272319)[0m         
[36m(ClientAppActor pid=272319)[0m [93mWARNING [0m:   DEPRECATED FEATURE: `client_fn` now expects a signature `def client_fn(context: Context)`.The provided `client_fn` has signature: {'cid': <Parameter "cid: str">}. You can import the `Context` like this: `from flwr.app import Context`[32m [repeated 18x across cluster][0m
[36m(ClientAppActor pid=272319)[0m             This is a deprecated feature. It will be removed[32m [repeated 18x across cluster][0m
[36m(ClientAppActor pid=272319)[0m             entirely in future versions of Flower.[32m [repeated 18x across cluster][0m
[36m(ClientAppActor pid=272319)[0m [Client 3] Training on NVIDIA GeForce RTX 3060[32m [repeated 8x across cluster][0m
[36m(ClientAppActor pid=272310)[0m 
[36m(ClientAppActor pid=272310)[0m         
[92mINFO [0m:      aggregate_fit: received 10 results and 0 failures
INFO:flwr:aggregate_fit: received 10 results and 0 failures
[CascadeRouter] Round 45: 10 clients, 24578 parameters/client
[92mINFO [0m:      configure_evaluate: strategy sampled 10 clients (out of 10)
INFO:flwr:configure_evaluate: strategy sampled 10 clients (out of 10)
[36m(ClientAppActor pid=272310)[0m 
[36m(ClientAppActor pid=272310)[0m         
[36m(ClientAppActor pid=272319)[0m 
[36m(ClientAppActor pid=272319)[0m         
[36m(ClientAppActor pid=272310)[0m 
[36m(ClientAppActor pid=272310)[0m         
[36m(ClientAppActor pid=272319)[0m 
[36m(ClientAppActor pid=272319)[0m         
[36m(ClientAppActor pid=272310)[0m 
[36m(ClientAppActor pid=272310)[0m         
[36m(ClientAppActor pid=272319)[0m 
[36m(ClientAppActor pid=272319)[0m         
[36m(ClientAppActor pid=272319)[0m [93mWARNING [0m:   DEPRECATED FEATURE: `client_fn` now expects a signature `def client_fn(context: Context)`.The provided `client_fn` has signature: {'cid': <Parameter "cid: str">}. You can import the `Context` like this: `from flwr.app import Context`[32m [repeated 7x across cluster][0m
[36m(ClientAppActor pid=272319)[0m             This is a deprecated feature. It will be removed[32m [repeated 7x across cluster][0m
[36m(ClientAppActor pid=272319)[0m             entirely in future versions of Flower.[32m [repeated 7x across cluster][0m
[36m(ClientAppActor pid=272310)[0m 
[36m(ClientAppActor pid=272310)[0m         
[36m(ClientAppActor pid=272319)[0m 
[36m(ClientAppActor pid=272319)[0m         
[36m(ClientAppActor pid=272310)[0m 
[36m(ClientAppActor pid=272310)[0m         
[36m(ClientAppActor pid=272319)[0m 
[36m(ClientAppActor pid=272319)[0m         
[92mINFO [0m:      aggregate_evaluate: received 10 results and 0 failures
INFO:flwr:aggregate_evaluate: received 10 results and 0 failures
[92mINFO [0m:      
INFO:flwr:
[92mINFO [0m:      [ROUND 46]
INFO:flwr:[ROUND 46]
[92mINFO [0m:      configure_fit: strategy sampled 10 clients (out of 10)
INFO:flwr:configure_fit: strategy sampled 10 clients (out of 10)
[36m(ClientAppActor pid=272319)[0m 
[36m(ClientAppActor pid=272319)[0m         
[36m(ClientAppActor pid=272319)[0m [Client 7] Training on NVIDIA GeForce RTX 3060[32m [repeated 2x across cluster][0m
[36m(ClientAppActor pid=272310)[0m 
[36m(ClientAppActor pid=272310)[0m         
[36m(ClientAppActor pid=272319)[0m 
[36m(ClientAppActor pid=272319)[0m         
[36m(ClientAppActor pid=272319)[0m 
[36m(ClientAppActor pid=272319)[0m         
[36m(ClientAppActor pid=272310)[0m 
[36m(ClientAppActor pid=272310)[0m         
[36m(ClientAppActor pid=272319)[0m 
[36m(ClientAppActor pid=272319)[0m         
[36m(ClientAppActor pid=272319)[0m 
[36m(ClientAppActor pid=272319)[0m         
[36m(ClientAppActor pid=272310)[0m 
[36m(ClientAppActor pid=272310)[0m         
[36m(ClientAppActor pid=272310)[0m [93mWARNING [0m:   DEPRECATED FEATURE: `client_fn` now expects a signature `def client_fn(context: Context)`.The provided `client_fn` has signature: {'cid': <Parameter "cid: str">}. You can import the `Context` like this: `from flwr.app import Context`[32m [repeated 12x across cluster][0m
[36m(ClientAppActor pid=272310)[0m             This is a deprecated feature. It will be removed[32m [repeated 12x across cluster][0m
[36m(ClientAppActor pid=272310)[0m             entirely in future versions of Flower.[32m [repeated 12x across cluster][0m
[36m(ClientAppActor pid=272310)[0m [Client 5] Training on NVIDIA GeForce RTX 3060[32m [repeated 7x across cluster][0m
[36m(ClientAppActor pid=272319)[0m 
[36m(ClientAppActor pid=272319)[0m         
[36m(ClientAppActor pid=272319)[0m 
[36m(ClientAppActor pid=272319)[0m         
[92mINFO [0m:      aggregate_fit: received 10 results and 0 failures
INFO:flwr:aggregate_fit: received 10 results and 0 failures
[CascadeRouter] Round 46: 10 clients, 24578 parameters/client
[92mINFO [0m:      configure_evaluate: strategy sampled 10 clients (out of 10)
INFO:flwr:configure_evaluate: strategy sampled 10 clients (out of 10)
[36m(ClientAppActor pid=272310)[0m 
[36m(ClientAppActor pid=272310)[0m         
[36m(ClientAppActor pid=272310)[0m [93mWARNING [0m:   DEPRECATED FEATURE: `client_fn` now expects a signature `def client_fn(context: Context)`.The provided `client_fn` has signature: {'cid': <Parameter "cid: str">}. You can import the `Context` like this: `from flwr.app import Context`[32m [repeated 3x across cluster][0m
[36m(ClientAppActor pid=272310)[0m             This is a deprecated feature. It will be removed[32m [repeated 3x across cluster][0m
[36m(ClientAppActor pid=272310)[0m             entirely in future versions of Flower.[32m [repeated 3x across cluster][0m
[36m(ClientAppActor pid=272319)[0m 
[36m(ClientAppActor pid=272319)[0m         
[36m(ClientAppActor pid=272310)[0m 
[36m(ClientAppActor pid=272310)[0m         
[36m(ClientAppActor pid=272319)[0m 
[36m(ClientAppActor pid=272319)[0m         
[36m(ClientAppActor pid=272310)[0m 
[36m(ClientAppActor pid=272310)[0m         
[36m(ClientAppActor pid=272319)[0m 
[36m(ClientAppActor pid=272319)[0m         
[36m(ClientAppActor pid=272310)[0m 
[36m(ClientAppActor pid=272310)[0m         
[36m(ClientAppActor pid=272319)[0m 
[36m(ClientAppActor pid=272319)[0m         
[36m(ClientAppActor pid=272310)[0m 
[36m(ClientAppActor pid=272310)[0m         
[36m(ClientAppActor pid=272319)[0m 
[36m(ClientAppActor pid=272319)[0m         
[92mINFO [0m:      aggregate_evaluate: received 10 results and 0 failures
INFO:flwr:aggregate_evaluate: received 10 results and 0 failures
[92mINFO [0m:      
INFO:flwr:
[92mINFO [0m:      [ROUND 47]
INFO:flwr:[ROUND 47]
[92mINFO [0m:      configure_fit: strategy sampled 10 clients (out of 10)
INFO:flwr:configure_fit: strategy sampled 10 clients (out of 10)
[36m(ClientAppActor pid=272310)[0m 
[36m(ClientAppActor pid=272310)[0m         
[36m(ClientAppActor pid=272319)[0m 
[36m(ClientAppActor pid=272319)[0m         
[36m(ClientAppActor pid=272319)[0m [Client 2] Training on NVIDIA GeForce RTX 3060[32m [repeated 3x across cluster][0m
[36m(ClientAppActor pid=272310)[0m 
[36m(ClientAppActor pid=272310)[0m         
[36m(ClientAppActor pid=272319)[0m 
[36m(ClientAppActor pid=272319)[0m         
[36m(ClientAppActor pid=272319)[0m 
[36m(ClientAppActor pid=272319)[0m         
[36m(ClientAppActor pid=272310)[0m 
[36m(ClientAppActor pid=272310)[0m         
[36m(ClientAppActor pid=272310)[0m 
[36m(ClientAppActor pid=272310)[0m         
[36m(ClientAppActor pid=272310)[0m [93mWARNING [0m:   DEPRECATED FEATURE: `client_fn` now expects a signature `def client_fn(context: Context)`.The provided `client_fn` has signature: {'cid': <Parameter "cid: str">}. You can import the `Context` like this: `from flwr.app import Context`[32m [repeated 16x across cluster][0m
[36m(ClientAppActor pid=272310)[0m             This is a deprecated feature. It will be removed[32m [repeated 16x across cluster][0m
[36m(ClientAppActor pid=272310)[0m             entirely in future versions of Flower.[32m [repeated 16x across cluster][0m
[36m(ClientAppActor pid=272310)[0m [Client 3] Training on NVIDIA GeForce RTX 3060[32m [repeated 6x across cluster][0m
[36m(ClientAppActor pid=272319)[0m 
[36m(ClientAppActor pid=272319)[0m         
[36m(ClientAppActor pid=272319)[0m 
[36m(ClientAppActor pid=272319)[0m         
[36m(ClientAppActor pid=272310)[0m 
[36m(ClientAppActor pid=272310)[0m         
[92mINFO [0m:      aggregate_fit: received 10 results and 0 failures
INFO:flwr:aggregate_fit: received 10 results and 0 failures
[CascadeRouter] Round 47: 10 clients, 24578 parameters/client
[92mINFO [0m:      configure_evaluate: strategy sampled 10 clients (out of 10)
INFO:flwr:configure_evaluate: strategy sampled 10 clients (out of 10)
[36m(ClientAppActor pid=272310)[0m 
[36m(ClientAppActor pid=272310)[0m         
[36m(ClientAppActor pid=272310)[0m [93mWARNING [0m:   DEPRECATED FEATURE: `client_fn` now expects a signature `def client_fn(context: Context)`.The provided `client_fn` has signature: {'cid': <Parameter "cid: str">}. You can import the `Context` like this: `from flwr.app import Context`[32m [repeated 4x across cluster][0m
[36m(ClientAppActor pid=272310)[0m             This is a deprecated feature. It will be removed[32m [repeated 4x across cluster][0m
[36m(ClientAppActor pid=272310)[0m             entirely in future versions of Flower.[32m [repeated 4x across cluster][0m
[36m(ClientAppActor pid=272319)[0m 
[36m(ClientAppActor pid=272319)[0m         
[36m(ClientAppActor pid=272319)[0m 
[36m(ClientAppActor pid=272319)[0m         
[36m(ClientAppActor pid=272310)[0m 
[36m(ClientAppActor pid=272310)[0m         
[36m(ClientAppActor pid=272319)[0m 
[36m(ClientAppActor pid=272319)[0m         
[36m(ClientAppActor pid=272310)[0m 
[36m(ClientAppActor pid=272310)[0m         
[36m(ClientAppActor pid=272310)[0m 
[36m(ClientAppActor pid=272310)[0m         
[36m(ClientAppActor pid=272319)[0m 
[36m(ClientAppActor pid=272319)[0m         
[36m(ClientAppActor pid=272310)[0m 
[36m(ClientAppActor pid=272310)[0m         
[36m(ClientAppActor pid=272319)[0m 
[36m(ClientAppActor pid=272319)[0m         
[92mINFO [0m:      aggregate_evaluate: received 10 results and 0 failures
INFO:flwr:aggregate_evaluate: received 10 results and 0 failures
[92mINFO [0m:      
INFO:flwr:
[92mINFO [0m:      [ROUND 48]
INFO:flwr:[ROUND 48]
[92mINFO [0m:      configure_fit: strategy sampled 10 clients (out of 10)
INFO:flwr:configure_fit: strategy sampled 10 clients (out of 10)
[36m(ClientAppActor pid=272319)[0m 
[36m(ClientAppActor pid=272319)[0m         
[36m(ClientAppActor pid=272319)[0m [Client 4] Training on NVIDIA GeForce RTX 3060[32m [repeated 4x across cluster][0m
[36m(ClientAppActor pid=272310)[0m 
[36m(ClientAppActor pid=272310)[0m         
[36m(ClientAppActor pid=272310)[0m 
[36m(ClientAppActor pid=272310)[0m         
[36m(ClientAppActor pid=272319)[0m 
[36m(ClientAppActor pid=272319)[0m         
[36m(ClientAppActor pid=272310)[0m 
[36m(ClientAppActor pid=272310)[0m         
[36m(ClientAppActor pid=272319)[0m 
[36m(ClientAppActor pid=272319)[0m         
[36m(ClientAppActor pid=272310)[0m 
[36m(ClientAppActor pid=272310)[0m         
[36m(ClientAppActor pid=272310)[0m [93mWARNING [0m:   DEPRECATED FEATURE: `client_fn` now expects a signature `def client_fn(context: Context)`.The provided `client_fn` has signature: {'cid': <Parameter "cid: str">}. You can import the `Context` like this: `from flwr.app import Context`[32m [repeated 16x across cluster][0m
[36m(ClientAppActor pid=272310)[0m             This is a deprecated feature. It will be removed[32m [repeated 16x across cluster][0m
[36m(ClientAppActor pid=272310)[0m             entirely in future versions of Flower.[32m [repeated 16x across cluster][0m
[36m(ClientAppActor pid=272310)[0m 
[36m(ClientAppActor pid=272310)[0m         
[36m(ClientAppActor pid=272310)[0m [Client 6] Training on NVIDIA GeForce RTX 3060[32m [repeated 7x across cluster][0m
[36m(ClientAppActor pid=272310)[0m 
[36m(ClientAppActor pid=272310)[0m         
[36m(ClientAppActor pid=272319)[0m 
[36m(ClientAppActor pid=272319)[0m         
[92mINFO [0m:      aggregate_fit: received 10 results and 0 failures
INFO:flwr:aggregate_fit: received 10 results and 0 failures
[CascadeRouter] Round 48: 10 clients, 24578 parameters/client
[92mINFO [0m:      configure_evaluate: strategy sampled 10 clients (out of 10)
INFO:flwr:configure_evaluate: strategy sampled 10 clients (out of 10)
[36m(ClientAppActor pid=272310)[0m 
[36m(ClientAppActor pid=272310)[0m         
[36m(ClientAppActor pid=272310)[0m [93mWARNING [0m:   DEPRECATED FEATURE: `client_fn` now expects a signature `def client_fn(context: Context)`.The provided `client_fn` has signature: {'cid': <Parameter "cid: str">}. You can import the `Context` like this: `from flwr.app import Context`[32m [repeated 4x across cluster][0m
[36m(ClientAppActor pid=272310)[0m             This is a deprecated feature. It will be removed[32m [repeated 4x across cluster][0m
[36m(ClientAppActor pid=272310)[0m             entirely in future versions of Flower.[32m [repeated 4x across cluster][0m
[36m(ClientAppActor pid=272319)[0m 
[36m(ClientAppActor pid=272319)[0m         
[36m(ClientAppActor pid=272310)[0m 
[36m(ClientAppActor pid=272310)[0m         
[36m(ClientAppActor pid=272319)[0m 
[36m(ClientAppActor pid=272319)[0m         
[36m(ClientAppActor pid=272310)[0m 
[36m(ClientAppActor pid=272310)[0m         
[36m(ClientAppActor pid=272319)[0m 
[36m(ClientAppActor pid=272319)[0m         
[36m(ClientAppActor pid=272319)[0m 
[36m(ClientAppActor pid=272319)[0m         
[36m(ClientAppActor pid=272310)[0m 
[36m(ClientAppActor pid=272310)[0m         
[36m(ClientAppActor pid=272319)[0m 
[36m(ClientAppActor pid=272319)[0m         
[36m(ClientAppActor pid=272310)[0m 
[36m(ClientAppActor pid=272310)[0m         
[92mINFO [0m:      aggregate_evaluate: received 10 results and 0 failures
INFO:flwr:aggregate_evaluate: received 10 results and 0 failures
[92mINFO [0m:      
INFO:flwr:
[92mINFO [0m:      [ROUND 49]
INFO:flwr:[ROUND 49]
[92mINFO [0m:      configure_fit: strategy sampled 10 clients (out of 10)
INFO:flwr:configure_fit: strategy sampled 10 clients (out of 10)
[36m(ClientAppActor pid=272310)[0m 
[36m(ClientAppActor pid=272310)[0m         
[36m(ClientAppActor pid=272319)[0m 
[36m(ClientAppActor pid=272319)[0m         
[36m(ClientAppActor pid=272310)[0m [Client 4] Training on NVIDIA GeForce RTX 3060[32m [repeated 3x across cluster][0m
[36m(ClientAppActor pid=272319)[0m 
[36m(ClientAppActor pid=272319)[0m         
[36m(ClientAppActor pid=272310)[0m 
[36m(ClientAppActor pid=272310)[0m         
[36m(ClientAppActor pid=272310)[0m 
[36m(ClientAppActor pid=272310)[0m         
[36m(ClientAppActor pid=272319)[0m 
[36m(ClientAppActor pid=272319)[0m         
[36m(ClientAppActor pid=272319)[0m [93mWARNING [0m:   DEPRECATED FEATURE: `client_fn` now expects a signature `def client_fn(context: Context)`.The provided `client_fn` has signature: {'cid': <Parameter "cid: str">}. You can import the `Context` like this: `from flwr.app import Context`[32m [repeated 15x across cluster][0m
[36m(ClientAppActor pid=272319)[0m             This is a deprecated feature. It will be removed[32m [repeated 15x across cluster][0m
[36m(ClientAppActor pid=272319)[0m             entirely in future versions of Flower.[32m [repeated 15x across cluster][0m
[36m(ClientAppActor pid=272310)[0m 
[36m(ClientAppActor pid=272310)[0m         
[36m(ClientAppActor pid=272319)[0m 
[36m(ClientAppActor pid=272319)[0m         
[36m(ClientAppActor pid=272319)[0m [Client 9] Training on NVIDIA GeForce RTX 3060[32m [repeated 7x across cluster][0m
[36m(ClientAppActor pid=272319)[0m 
[36m(ClientAppActor pid=272319)[0m         
[36m(ClientAppActor pid=272319)[0m 
[36m(ClientAppActor pid=272319)[0m         
[36m(ClientAppActor pid=272319)[0m [93mWARNING [0m:   DEPRECATED FEATURE: `client_fn` now expects a signature `def client_fn(context: Context)`.The provided `client_fn` has signature: {'cid': <Parameter "cid: str">}. You can import the `Context` like this: `from flwr.app import Context`[32m [repeated 4x across cluster][0m
[36m(ClientAppActor pid=272319)[0m             This is a deprecated feature. It will be removed[32m [repeated 4x across cluster][0m
[36m(ClientAppActor pid=272319)[0m             entirely in future versions of Flower.[32m [repeated 4x across cluster][0m
[92mINFO [0m:      aggregate_fit: received 10 results and 0 failures
INFO:flwr:aggregate_fit: received 10 results and 0 failures
[CascadeRouter] Round 49: 10 clients, 24578 parameters/client
[92mINFO [0m:      configure_evaluate: strategy sampled 10 clients (out of 10)
INFO:flwr:configure_evaluate: strategy sampled 10 clients (out of 10)
[36m(ClientAppActor pid=272310)[0m 
[36m(ClientAppActor pid=272310)[0m         
[36m(ClientAppActor pid=272319)[0m 
[36m(ClientAppActor pid=272319)[0m         
[36m(ClientAppActor pid=272319)[0m 
[36m(ClientAppActor pid=272319)[0m         
[36m(ClientAppActor pid=272310)[0m 
[36m(ClientAppActor pid=272310)[0m         
[36m(ClientAppActor pid=272319)[0m 
[36m(ClientAppActor pid=272319)[0m         
[36m(ClientAppActor pid=272310)[0m 
[36m(ClientAppActor pid=272310)[0m         
[36m(ClientAppActor pid=272310)[0m 
[36m(ClientAppActor pid=272310)[0m         
[36m(ClientAppActor pid=272319)[0m 
[36m(ClientAppActor pid=272319)[0m         
[36m(ClientAppActor pid=272319)[0m 
[36m(ClientAppActor pid=272319)[0m         
[36m(ClientAppActor pid=272310)[0m 
[36m(ClientAppActor pid=272310)[0m         
[92mINFO [0m:      aggregate_evaluate: received 10 results and 0 failures
INFO:flwr:aggregate_evaluate: received 10 results and 0 failures
[92mINFO [0m:      
INFO:flwr:
[92mINFO [0m:      [ROUND 50]
INFO:flwr:[ROUND 50]
[92mINFO [0m:      configure_fit: strategy sampled 10 clients (out of 10)
INFO:flwr:configure_fit: strategy sampled 10 clients (out of 10)
[36m(ClientAppActor pid=272310)[0m 
[36m(ClientAppActor pid=272310)[0m         
[36m(ClientAppActor pid=272319)[0m 
[36m(ClientAppActor pid=272319)[0m         
[36m(ClientAppActor pid=272319)[0m [Client 5] Training on NVIDIA GeForce RTX 3060[32m [repeated 4x across cluster][0m
[36m(ClientAppActor pid=272310)[0m 
[36m(ClientAppActor pid=272310)[0m         
[36m(ClientAppActor pid=272310)[0m 
[36m(ClientAppActor pid=272310)[0m         
[36m(ClientAppActor pid=272310)[0m [93mWARNING [0m:   DEPRECATED FEATURE: `client_fn` now expects a signature `def client_fn(context: Context)`.The provided `client_fn` has signature: {'cid': <Parameter "cid: str">}. You can import the `Context` like this: `from flwr.app import Context`[32m [repeated 14x across cluster][0m
[36m(ClientAppActor pid=272310)[0m             This is a deprecated feature. It will be removed[32m [repeated 14x across cluster][0m
[36m(ClientAppActor pid=272310)[0m             entirely in future versions of Flower.[32m [repeated 14x across cluster][0m
[36m(ClientAppActor pid=272310)[0m 
[36m(ClientAppActor pid=272310)[0m         
[36m(ClientAppActor pid=272319)[0m 
[36m(ClientAppActor pid=272319)[0m         
[36m(ClientAppActor pid=272319)[0m [Client 9] Training on NVIDIA GeForce RTX 3060[32m [repeated 4x across cluster][0m
[36m(ClientAppActor pid=272319)[0m 
[36m(ClientAppActor pid=272319)[0m         
[36m(ClientAppActor pid=272319)[0m 
[36m(ClientAppActor pid=272319)[0m         
[36m(ClientAppActor pid=272310)[0m 
[36m(ClientAppActor pid=272310)[0m         
[36m(ClientAppActor pid=272310)[0m 
[36m(ClientAppActor pid=272310)[0m         
[36m(ClientAppActor pid=272310)[0m [93mWARNING [0m:   DEPRECATED FEATURE: `client_fn` now expects a signature `def client_fn(context: Context)`.The provided `client_fn` has signature: {'cid': <Parameter "cid: str">}. You can import the `Context` like this: `from flwr.app import Context`[32m [repeated 6x across cluster][0m
[36m(ClientAppActor pid=272310)[0m             This is a deprecated feature. It will be removed[32m [repeated 6x across cluster][0m
[36m(ClientAppActor pid=272310)[0m             entirely in future versions of Flower.[32m [repeated 6x across cluster][0m
[92mINFO [0m:      aggregate_fit: received 10 results and 0 failures
INFO:flwr:aggregate_fit: received 10 results and 0 failures
[CascadeRouter] Round 50: 10 clients, 24578 parameters/client
[92mINFO [0m:      configure_evaluate: strategy sampled 10 clients (out of 10)
INFO:flwr:configure_evaluate: strategy sampled 10 clients (out of 10)
[36m(ClientAppActor pid=272310)[0m 
[36m(ClientAppActor pid=272310)[0m         
[36m(ClientAppActor pid=272319)[0m 
[36m(ClientAppActor pid=272319)[0m         
[36m(ClientAppActor pid=272310)[0m 
[36m(ClientAppActor pid=272310)[0m         
[36m(ClientAppActor pid=272319)[0m 
[36m(ClientAppActor pid=272319)[0m         
[36m(ClientAppActor pid=272310)[0m 
[36m(ClientAppActor pid=272310)[0m         
[36m(ClientAppActor pid=272319)[0m 
[36m(ClientAppActor pid=272319)[0m         
[36m(ClientAppActor pid=272310)[0m 
[36m(ClientAppActor pid=272310)[0m         
[36m(ClientAppActor pid=272319)[0m 
[36m(ClientAppActor pid=272319)[0m         
[36m(ClientAppActor pid=272310)[0m 
[36m(ClientAppActor pid=272310)[0m         
[36m(ClientAppActor pid=272319)[0m 
[36m(ClientAppActor pid=272319)[0m         
[92mINFO [0m:      aggregate_evaluate: received 10 results and 0 failures
INFO:flwr:aggregate_evaluate: received 10 results and 0 failures
[92mINFO [0m:      
INFO:flwr:
[92mINFO [0m:      [SUMMARY]
INFO:flwr:[SUMMARY]
[92mINFO [0m:      Run finished 50 round(s) in 635.37s
INFO:flwr:Run finished 50 round(s) in 635.37s
[92mINFO [0m:      	History (loss, distributed):
INFO:flwr:	History (loss, distributed):
[92mINFO [0m:      		round 1: 0.4360449341138204
INFO:flwr:		round 1: 0.4360449341138204
[92mINFO [0m:      		round 2: 0.30204192798932394
INFO:flwr:		round 2: 0.30204192798932394
[92mINFO [0m:      		round 3: 0.25861133230527245
INFO:flwr:		round 3: 0.25861133230527245
[92mINFO [0m:      		round 4: 0.2588838995138804
INFO:flwr:		round 4: 0.2588838995138804
[92mINFO [0m:      		round 5: 0.3050775319576263
INFO:flwr:		round 5: 0.3050775319576263
[92mINFO [0m:      		round 6: 0.30760528195699055
INFO:flwr:		round 6: 0.30760528195699055
[92mINFO [0m:      		round 7: 0.5297395565032958
INFO:flwr:		round 7: 0.5297395565032958
[92mINFO [0m:      		round 8: 0.320135090525945
INFO:flwr:		round 8: 0.320135090525945
[92mINFO [0m:      		round 9: 0.3129773056825002
INFO:flwr:		round 9: 0.3129773056825002
[92mINFO [0m:      		round 10: 0.31031147658030195
INFO:flwr:		round 10: 0.31031147658030195
[92mINFO [0m:      		round 11: 0.3177518332004547
INFO:flwr:		round 11: 0.3177518332004547
[92mINFO [0m:      		round 12: 0.2721477611541748
INFO:flwr:		round 12: 0.2721477611541748
[92mINFO [0m:      		round 13: 0.5206195785840353
INFO:flwr:		round 13: 0.5206195785840353
[92mINFO [0m:      		round 14: 0.4785811462720235
INFO:flwr:		round 14: 0.4785811462720235
[92mINFO [0m:      		round 15: 0.28530685488382973
INFO:flwr:		round 15: 0.28530685488382973
[92mINFO [0m:      		round 16: 0.28102709738413495
INFO:flwr:		round 16: 0.28102709738413495
[92mINFO [0m:      		round 17: 0.451349631802241
INFO:flwr:		round 17: 0.451349631802241
[92mINFO [0m:      		round 18: 0.276821998723348
INFO:flwr:		round 18: 0.276821998723348
[92mINFO [0m:      		round 19: 0.32814543039004007
INFO:flwr:		round 19: 0.32814543039004007
[92mINFO [0m:      		round 20: 0.2587608038187027
INFO:flwr:		round 20: 0.2587608038187027
[92mINFO [0m:      		round 21: 0.29160660503705343
INFO:flwr:		round 21: 0.29160660503705343
[92mINFO [0m:      		round 22: 0.29870125897725425
INFO:flwr:		round 22: 0.29870125897725425
[92mINFO [0m:      		round 23: 0.25266618960698445
INFO:flwr:		round 23: 0.25266618960698445
[92mINFO [0m:      		round 24: 0.229178613114357
INFO:flwr:		round 24: 0.229178613114357
[92mINFO [0m:      		round 25: 0.20945829034646352
INFO:flwr:		round 25: 0.20945829034646352
[92mINFO [0m:      		round 26: 0.2482357442220052
INFO:flwr:		round 26: 0.2482357442220052
[92mINFO [0m:      		round 27: 0.22459354348182678
INFO:flwr:		round 27: 0.22459354348182678
[92mINFO [0m:      		round 28: 0.20432532935142517
INFO:flwr:		round 28: 0.20432532935142517
[92mINFO [0m:      		round 29: 0.2345025173664093
INFO:flwr:		round 29: 0.2345025173664093
[92mINFO [0m:      		round 30: 0.24785839846928914
INFO:flwr:		round 30: 0.24785839846928914
[92mINFO [0m:      		round 31: 0.22638900542259216
INFO:flwr:		round 31: 0.22638900542259216
[92mINFO [0m:      		round 32: 0.2002865937312444
INFO:flwr:		round 32: 0.2002865937312444
[92mINFO [0m:      		round 33: 0.2506275602499644
INFO:flwr:		round 33: 0.2506275602499644
[92mINFO [0m:      		round 34: 0.2186257077217102
INFO:flwr:		round 34: 0.2186257077217102
[92mINFO [0m:      		round 35: 0.21118896182378133
INFO:flwr:		round 35: 0.21118896182378133
[92mINFO [0m:      		round 36: 0.22652116177082063
INFO:flwr:		round 36: 0.22652116177082063
[92mINFO [0m:      		round 37: 0.18763809204101561
INFO:flwr:		round 37: 0.18763809204101561
[92mINFO [0m:      		round 38: 0.20219952589670817
INFO:flwr:		round 38: 0.20219952589670817
[92mINFO [0m:      		round 39: 0.26660591123898825
INFO:flwr:		round 39: 0.26660591123898825
[92mINFO [0m:      		round 40: 0.2025705069700877
INFO:flwr:		round 40: 0.2025705069700877
[92mINFO [0m:      		round 41: 0.22627458821932475
INFO:flwr:		round 41: 0.22627458821932475
[92mINFO [0m:      		round 42: 0.21411261643568674
INFO:flwr:		round 42: 0.21411261643568674
[92mINFO [0m:      		round 43: 0.21446821985244752
INFO:flwr:		round 43: 0.21446821985244752
[92mINFO [0m:      		round 44: 0.24047190279165903
INFO:flwr:		round 44: 0.24047190279165903
[92mINFO [0m:      		round 45: 0.2194050640821457
INFO:flwr:		round 45: 0.2194050640821457
[92mINFO [0m:      		round 46: 0.2007772807677587
INFO:flwr:		round 46: 0.2007772807677587
[92mINFO [0m:      		round 47: 0.22797833590507507
INFO:flwr:		round 47: 0.22797833590507507
[92mINFO [0m:      		round 48: 0.19897658743858337
INFO:flwr:		round 48: 0.19897658743858337
[92mINFO [0m:      		round 49: 0.2236970816373825
INFO:flwr:		round 49: 0.2236970816373825
[92mINFO [0m:      		round 50: 0.2307594799677531
INFO:flwr:		round 50: 0.2307594799677531
[92mINFO [0m:      	History (metrics, distributed, fit):
INFO:flwr:	History (metrics, distributed, fit):
[92mINFO [0m:      	{'layer1_reject_rate_at_threshold': [(1, 0.0),
INFO:flwr:	{'layer1_reject_rate_at_threshold': [(1, 0.0),
[92mINFO [0m:      	                                     (2, 0.0),
INFO:flwr:	                                     (2, 0.0),
[92mINFO [0m:      	                                     (3, 0.0),
INFO:flwr:	                                     (3, 0.0),
[92mINFO [0m:      	                                     (4, 0.0),
INFO:flwr:	                                     (4, 0.0),
[92mINFO [0m:      	                                     (5, 0.0),
INFO:flwr:	                                     (5, 0.0),
[92mINFO [0m:      	                                     (6, 0.0),
INFO:flwr:	                                     (6, 0.0),
[92mINFO [0m:      	                                     (7, 0.0),
INFO:flwr:	                                     (7, 0.0),
[92mINFO [0m:      	                                     (8, 0.0),
INFO:flwr:	                                     (8, 0.0),
[92mINFO [0m:      	                                     (9, 0.0),
INFO:flwr:	                                     (9, 0.0),
[92mINFO [0m:      	                                     (10, 0.0),
INFO:flwr:	                                     (10, 0.0),
[92mINFO [0m:      	                                     (11, 0.0),
INFO:flwr:	                                     (11, 0.0),
[92mINFO [0m:      	                                     (12, 0.0),
INFO:flwr:	                                     (12, 0.0),
[92mINFO [0m:      	                                     (13, 0.0),
INFO:flwr:	                                     (13, 0.0),
[92mINFO [0m:      	                                     (14, 0.0),
INFO:flwr:	                                     (14, 0.0),
[92mINFO [0m:      	                                     (15, 0.0),
INFO:flwr:	                                     (15, 0.0),
[92mINFO [0m:      	                                     (16, 0.0),
INFO:flwr:	                                     (16, 0.0),
[92mINFO [0m:      	                                     (17, 0.0),
INFO:flwr:	                                     (17, 0.0),
[92mINFO [0m:      	                                     (18, 0.0),
INFO:flwr:	                                     (18, 0.0),
[92mINFO [0m:      	                                     (19, 0.0),
INFO:flwr:	                                     (19, 0.0),
[92mINFO [0m:      	                                     (20, 0.0),
INFO:flwr:	                                     (20, 0.0),
[92mINFO [0m:      	                                     (21, 0.0),
INFO:flwr:	                                     (21, 0.0),
[92mINFO [0m:      	                                     (22, 0.0),
INFO:flwr:	                                     (22, 0.0),
[92mINFO [0m:      	                                     (23, 0.0),
INFO:flwr:	                                     (23, 0.0),
[92mINFO [0m:      	                                     (24, 0.0),
INFO:flwr:	                                     (24, 0.0),
[92mINFO [0m:      	                                     (25, 0.0),
INFO:flwr:	                                     (25, 0.0),
[92mINFO [0m:      	                                     (26, 0.0),
INFO:flwr:	                                     (26, 0.0),
[92mINFO [0m:      	                                     (27, 0.0),
INFO:flwr:	                                     (27, 0.0),
[92mINFO [0m:      	                                     (28, 0.0),
INFO:flwr:	                                     (28, 0.0),
[92mINFO [0m:      	                                     (29, 0.0),
INFO:flwr:	                                     (29, 0.0),
[92mINFO [0m:      	                                     (30, 0.0),
INFO:flwr:	                                     (30, 0.0),
[92mINFO [0m:      	                                     (31, 0.0),
INFO:flwr:	                                     (31, 0.0),
[92mINFO [0m:      	                                     (32, 0.0),
INFO:flwr:	                                     (32, 0.0),
[92mINFO [0m:      	                                     (33, 0.0),
INFO:flwr:	                                     (33, 0.0),
[92mINFO [0m:      	                                     (34, 0.0),
INFO:flwr:	                                     (34, 0.0),
[92mINFO [0m:      	                                     (35, 0.0),
INFO:flwr:	                                     (35, 0.0),
[92mINFO [0m:      	                                     (36, 0.0),
INFO:flwr:	                                     (36, 0.0),
[92mINFO [0m:      	                                     (37, 0.0),
INFO:flwr:	                                     (37, 0.0),
[92mINFO [0m:      	                                     (38, 0.0),
INFO:flwr:	                                     (38, 0.0),
[92mINFO [0m:      	                                     (39, 0.0),
INFO:flwr:	                                     (39, 0.0),
[92mINFO [0m:      	                                     (40, 0.0),
INFO:flwr:	                                     (40, 0.0),
[92mINFO [0m:      	                                     (41, 0.0),
INFO:flwr:	                                     (41, 0.0),
[92mINFO [0m:      	                                     (42, 0.0),
INFO:flwr:	                                     (42, 0.0),
[92mINFO [0m:      	                                     (43, 0.0),
INFO:flwr:	                                     (43, 0.0),
[92mINFO [0m:      	                                     (44, 0.0),
INFO:flwr:	                                     (44, 0.0),
[92mINFO [0m:      	                                     (45, 0.0),
INFO:flwr:	                                     (45, 0.0),
[92mINFO [0m:      	                                     (46, 0.0),
INFO:flwr:	                                     (46, 0.0),
[92mINFO [0m:      	                                     (47, 0.0),
INFO:flwr:	                                     (47, 0.0),
[92mINFO [0m:      	                                     (48, 0.0),
INFO:flwr:	                                     (48, 0.0),
[92mINFO [0m:      	                                     (49, 0.0),
INFO:flwr:	                                     (49, 0.0),
[92mINFO [0m:      	                                     (50, 0.0)],
INFO:flwr:	                                     (50, 0.0)],
[92mINFO [0m:      	 'layer1_reject_rate_raw': [(1, 0.0),
INFO:flwr:	 'layer1_reject_rate_raw': [(1, 0.0),
[92mINFO [0m:      	                            (2, 0.0),
INFO:flwr:	                            (2, 0.0),
[92mINFO [0m:      	                            (3, 0.0),
INFO:flwr:	                            (3, 0.0),
[92mINFO [0m:      	                            (4, 0.0),
INFO:flwr:	                            (4, 0.0),
[92mINFO [0m:      	                            (5, 0.0),
INFO:flwr:	                            (5, 0.0),
[92mINFO [0m:      	                            (6, 0.0),
INFO:flwr:	                            (6, 0.0),
[92mINFO [0m:      	                            (7, 0.0),
INFO:flwr:	                            (7, 0.0),
[92mINFO [0m:      	                            (8, 0.0),
INFO:flwr:	                            (8, 0.0),
[92mINFO [0m:      	                            (9, 0.0),
INFO:flwr:	                            (9, 0.0),
[92mINFO [0m:      	                            (10, 0.0),
INFO:flwr:	                            (10, 0.0),
[92mINFO [0m:      	                            (11, 0.0),
INFO:flwr:	                            (11, 0.0),
[92mINFO [0m:      	                            (12, 0.0),
INFO:flwr:	                            (12, 0.0),
[92mINFO [0m:      	                            (13, 0.0),
INFO:flwr:	                            (13, 0.0),
[92mINFO [0m:      	                            (14, 0.0),
INFO:flwr:	                            (14, 0.0),
[92mINFO [0m:      	                            (15, 0.0),
INFO:flwr:	                            (15, 0.0),
[92mINFO [0m:      	                            (16, 0.0),
INFO:flwr:	                            (16, 0.0),
[92mINFO [0m:      	                            (17, 0.0),
INFO:flwr:	                            (17, 0.0),
[92mINFO [0m:      	                            (18, 0.0),
INFO:flwr:	                            (18, 0.0),
[92mINFO [0m:      	                            (19, 0.0),
INFO:flwr:	                            (19, 0.0),
[92mINFO [0m:      	                            (20, 0.0),
INFO:flwr:	                            (20, 0.0),
[92mINFO [0m:      	                            (21, 0.0),
INFO:flwr:	                            (21, 0.0),
[92mINFO [0m:      	                            (22, 0.0),
INFO:flwr:	                            (22, 0.0),
[92mINFO [0m:      	                            (23, 0.0),
INFO:flwr:	                            (23, 0.0),
[92mINFO [0m:      	                            (24, 0.0),
INFO:flwr:	                            (24, 0.0),
[92mINFO [0m:      	                            (25, 0.0),
INFO:flwr:	                            (25, 0.0),
[92mINFO [0m:      	                            (26, 0.0),
INFO:flwr:	                            (26, 0.0),
[92mINFO [0m:      	                            (27, 0.0),
INFO:flwr:	                            (27, 0.0),
[92mINFO [0m:      	                            (28, 0.0),
INFO:flwr:	                            (28, 0.0),
[92mINFO [0m:      	                            (29, 0.0),
INFO:flwr:	                            (29, 0.0),
[92mINFO [0m:      	                            (30, 0.0),
INFO:flwr:	                            (30, 0.0),
[92mINFO [0m:      	                            (31, 0.0),
INFO:flwr:	                            (31, 0.0),
[92mINFO [0m:      	                            (32, 0.0),
INFO:flwr:	                            (32, 0.0),
[92mINFO [0m:      	                            (33, 0.0),
INFO:flwr:	                            (33, 0.0),
[92mINFO [0m:      	                            (34, 0.0),
INFO:flwr:	                            (34, 0.0),
[92mINFO [0m:      	                            (35, 0.0),
INFO:flwr:	                            (35, 0.0),
[92mINFO [0m:      	                            (36, 0.0),
INFO:flwr:	                            (36, 0.0),
[92mINFO [0m:      	                            (37, 0.0),
INFO:flwr:	                            (37, 0.0),
[92mINFO [0m:      	                            (38, 0.0),
INFO:flwr:	                            (38, 0.0),
[92mINFO [0m:      	                            (39, 0.0),
INFO:flwr:	                            (39, 0.0),
[92mINFO [0m:      	                            (40, 0.0),
INFO:flwr:	                            (40, 0.0),
[92mINFO [0m:      	                            (41, 0.0),
INFO:flwr:	                            (41, 0.0),
[92mINFO [0m:      	                            (42, 0.0),
INFO:flwr:	                            (42, 0.0),
[92mINFO [0m:      	                            (43, 0.0),
INFO:flwr:	                            (43, 0.0),
[92mINFO [0m:      	                            (44, 0.0),
INFO:flwr:	                            (44, 0.0),
[92mINFO [0m:      	                            (45, 0.0),
INFO:flwr:	                            (45, 0.0),
[92mINFO [0m:      	                            (46, 0.0),
INFO:flwr:	                            (46, 0.0),
[92mINFO [0m:      	                            (47, 0.0),
INFO:flwr:	                            (47, 0.0),
[92mINFO [0m:      	                            (48, 0.0),
INFO:flwr:	                            (48, 0.0),
[92mINFO [0m:      	                            (49, 0.0),
INFO:flwr:	                            (49, 0.0),
[92mINFO [0m:      	                            (50, 0.0)],
INFO:flwr:	                            (50, 0.0)],
[92mINFO [0m:      	 'layer1_threshold': [(1, 0.5),
INFO:flwr:	 'layer1_threshold': [(1, 0.5),
[92mINFO [0m:      	                      (2, 0.5),
INFO:flwr:	                      (2, 0.5),
[92mINFO [0m:      	                      (3, 0.5),
INFO:flwr:	                      (3, 0.5),
[92mINFO [0m:      	                      (4, 0.5),
INFO:flwr:	                      (4, 0.5),
[92mINFO [0m:      	                      (5, 0.5),
INFO:flwr:	                      (5, 0.5),
[92mINFO [0m:      	                      (6, 0.5),
INFO:flwr:	                      (6, 0.5),
[92mINFO [0m:      	                      (7, 0.5),
INFO:flwr:	                      (7, 0.5),
[92mINFO [0m:      	                      (8, 0.5),
INFO:flwr:	                      (8, 0.5),
[92mINFO [0m:      	                      (9, 0.5),
INFO:flwr:	                      (9, 0.5),
[92mINFO [0m:      	                      (10, 0.5),
INFO:flwr:	                      (10, 0.5),
[92mINFO [0m:      	                      (11, 0.5),
INFO:flwr:	                      (11, 0.5),
[92mINFO [0m:      	                      (12, 0.5),
INFO:flwr:	                      (12, 0.5),
[92mINFO [0m:      	                      (13, 0.5),
INFO:flwr:	                      (13, 0.5),
[92mINFO [0m:      	                      (14, 0.5),
INFO:flwr:	                      (14, 0.5),
[92mINFO [0m:      	                      (15, 0.5),
INFO:flwr:	                      (15, 0.5),
[92mINFO [0m:      	                      (16, 0.5),
INFO:flwr:	                      (16, 0.5),
[92mINFO [0m:      	                      (17, 0.5),
INFO:flwr:	                      (17, 0.5),
[92mINFO [0m:      	                      (18, 0.5),
INFO:flwr:	                      (18, 0.5),
[92mINFO [0m:      	                      (19, 0.5),
INFO:flwr:	                      (19, 0.5),
[92mINFO [0m:      	                      (20, 0.5),
INFO:flwr:	                      (20, 0.5),
[92mINFO [0m:      	                      (21, 0.5),
INFO:flwr:	                      (21, 0.5),
[92mINFO [0m:      	                      (22, 0.5),
INFO:flwr:	                      (22, 0.5),
[92mINFO [0m:      	                      (23, 0.5),
INFO:flwr:	                      (23, 0.5),
[92mINFO [0m:      	                      (24, 0.5),
INFO:flwr:	                      (24, 0.5),
[92mINFO [0m:      	                      (25, 0.5),
INFO:flwr:	                      (25, 0.5),
[92mINFO [0m:      	                      (26, 0.5),
INFO:flwr:	                      (26, 0.5),
[92mINFO [0m:      	                      (27, 0.5),
INFO:flwr:	                      (27, 0.5),
[92mINFO [0m:      	                      (28, 0.5),
INFO:flwr:	                      (28, 0.5),
[92mINFO [0m:      	                      (29, 0.5),
INFO:flwr:	                      (29, 0.5),
[92mINFO [0m:      	                      (30, 0.5),
INFO:flwr:	                      (30, 0.5),
[92mINFO [0m:      	                      (31, 0.5),
INFO:flwr:	                      (31, 0.5),
[92mINFO [0m:      	                      (32, 0.5),
INFO:flwr:	                      (32, 0.5),
[92mINFO [0m:      	                      (33, 0.5),
INFO:flwr:	                      (33, 0.5),
[92mINFO [0m:      	                      (34, 0.5),
INFO:flwr:	                      (34, 0.5),
[92mINFO [0m:      	                      (35, 0.5),
INFO:flwr:	                      (35, 0.5),
[92mINFO [0m:      	                      (36, 0.5),
INFO:flwr:	                      (36, 0.5),
[92mINFO [0m:      	                      (37, 0.5),
INFO:flwr:	                      (37, 0.5),
[92mINFO [0m:      	                      (38, 0.5),
INFO:flwr:	                      (38, 0.5),
[92mINFO [0m:      	                      (39, 0.5),
INFO:flwr:	                      (39, 0.5),
[92mINFO [0m:      	                      (40, 0.5),
INFO:flwr:	                      (40, 0.5),
[92mINFO [0m:      	                      (41, 0.5),
INFO:flwr:	                      (41, 0.5),
[92mINFO [0m:      	                      (42, 0.5),
INFO:flwr:	                      (42, 0.5),
[92mINFO [0m:      	                      (43, 0.5),
INFO:flwr:	                      (43, 0.5),
[92mINFO [0m:      	                      (44, 0.5),
INFO:flwr:	                      (44, 0.5),
[92mINFO [0m:      	                      (45, 0.5),
INFO:flwr:	                      (45, 0.5),
[92mINFO [0m:      	                      (46, 0.5),
INFO:flwr:	                      (46, 0.5),
[92mINFO [0m:      	                      (47, 0.5),
INFO:flwr:	                      (47, 0.5),
[92mINFO [0m:      	                      (48, 0.5),
INFO:flwr:	                      (48, 0.5),
[92mINFO [0m:      	                      (49, 0.5),
INFO:flwr:	                      (49, 0.5),
[92mINFO [0m:      	                      (50, 0.5)],
INFO:flwr:	                      (50, 0.5)],
[92mINFO [0m:      	 'layer2_reject_rate_at_threshold': [(1, 0.0),
INFO:flwr:	 'layer2_reject_rate_at_threshold': [(1, 0.0),
[92mINFO [0m:      	                                     (2, 0.0),
INFO:flwr:	                                     (2, 0.0),
[92mINFO [0m:      	                                     (3, 0.0),
INFO:flwr:	                                     (3, 0.0),
[92mINFO [0m:      	                                     (4, 0.0),
INFO:flwr:	                                     (4, 0.0),
[92mINFO [0m:      	                                     (5, 0.10000000149011612),
INFO:flwr:	                                     (5, 0.10000000149011612),
[92mINFO [0m:      	                                     (6, 0.10000000149011612),
INFO:flwr:	                                     (6, 0.10000000149011612),
[92mINFO [0m:      	                                     (7, 0.20000000298023224),
INFO:flwr:	                                     (7, 0.20000000298023224),
[92mINFO [0m:      	                                     (8, 0.10000000149011612),
INFO:flwr:	                                     (8, 0.10000000149011612),
[92mINFO [0m:      	                                     (9, 0.20000000298023224),
INFO:flwr:	                                     (9, 0.20000000298023224),
[92mINFO [0m:      	                                     (10, 0.10000000149011612),
INFO:flwr:	                                     (10, 0.10000000149011612),
[92mINFO [0m:      	                                     (11, 0.10000000149011612),
INFO:flwr:	                                     (11, 0.10000000149011612),
[92mINFO [0m:      	                                     (12, 0.0),
INFO:flwr:	                                     (12, 0.0),
[92mINFO [0m:      	                                     (13, 0.20000000298023224),
INFO:flwr:	                                     (13, 0.20000000298023224),
[92mINFO [0m:      	                                     (14, 0.30000001192092896),
INFO:flwr:	                                     (14, 0.30000001192092896),
[92mINFO [0m:      	                                     (15, 0.0),
INFO:flwr:	                                     (15, 0.0),
[92mINFO [0m:      	                                     (16, 0.10000000149011612),
INFO:flwr:	                                     (16, 0.10000000149011612),
[92mINFO [0m:      	                                     (17, 0.30000001192092896),
INFO:flwr:	                                     (17, 0.30000001192092896),
[92mINFO [0m:      	                                     (18, 0.0),
INFO:flwr:	                                     (18, 0.0),
[92mINFO [0m:      	                                     (19, 0.10000000149011612),
INFO:flwr:	                                     (19, 0.10000000149011612),
[92mINFO [0m:      	                                     (20, 0.20000000298023224),
INFO:flwr:	                                     (20, 0.20000000298023224),
[92mINFO [0m:      	                                     (21, 0.20000000298023224),
INFO:flwr:	                                     (21, 0.20000000298023224),
[92mINFO [0m:      	                                     (22, 0.10000000149011612),
INFO:flwr:	                                     (22, 0.10000000149011612),
[92mINFO [0m:      	                                     (23, 0.10000000149011612),
INFO:flwr:	                                     (23, 0.10000000149011612),
[92mINFO [0m:      	                                     (24, 0.0),
INFO:flwr:	                                     (24, 0.0),
[92mINFO [0m:      	                                     (25, 0.10000000149011612),
INFO:flwr:	                                     (25, 0.10000000149011612),
[92mINFO [0m:      	                                     (26, 0.10000000149011612),
INFO:flwr:	                                     (26, 0.10000000149011612),
[92mINFO [0m:      	                                     (27, 0.0),
INFO:flwr:	                                     (27, 0.0),
[92mINFO [0m:      	                                     (28, 0.0),
INFO:flwr:	                                     (28, 0.0),
[92mINFO [0m:      	                                     (29, 0.0),
INFO:flwr:	                                     (29, 0.0),
[92mINFO [0m:      	                                     (30, 0.20000000298023224),
INFO:flwr:	                                     (30, 0.20000000298023224),
[92mINFO [0m:      	                                     (31, 0.0),
INFO:flwr:	                                     (31, 0.0),
[92mINFO [0m:      	                                     (32, 0.10000000149011612),
INFO:flwr:	                                     (32, 0.10000000149011612),
[92mINFO [0m:      	                                     (33, 0.10000000149011612),
INFO:flwr:	                                     (33, 0.10000000149011612),
[92mINFO [0m:      	                                     (34, 0.10000000149011612),
INFO:flwr:	                                     (34, 0.10000000149011612),
[92mINFO [0m:      	                                     (35, 0.0),
INFO:flwr:	                                     (35, 0.0),
[92mINFO [0m:      	                                     (36, 0.20000000298023224),
INFO:flwr:	                                     (36, 0.20000000298023224),
[92mINFO [0m:      	                                     (37, 0.10000000149011612),
INFO:flwr:	                                     (37, 0.10000000149011612),
[92mINFO [0m:      	                                     (38, 0.0),
INFO:flwr:	                                     (38, 0.0),
[92mINFO [0m:      	                                     (39, 0.10000000149011612),
INFO:flwr:	                                     (39, 0.10000000149011612),
[92mINFO [0m:      	                                     (40, 0.10000000149011612),
INFO:flwr:	                                     (40, 0.10000000149011612),
[92mINFO [0m:      	                                     (41, 0.20000000298023224),
INFO:flwr:	                                     (41, 0.20000000298023224),
[92mINFO [0m:      	                                     (42, 0.0),
INFO:flwr:	                                     (42, 0.0),
[92mINFO [0m:      	                                     (43, 0.0),
INFO:flwr:	                                     (43, 0.0),
[92mINFO [0m:      	                                     (44, 0.20000000298023224),
INFO:flwr:	                                     (44, 0.20000000298023224),
[92mINFO [0m:      	                                     (45, 0.0),
INFO:flwr:	                                     (45, 0.0),
[92mINFO [0m:      	                                     (46, 0.10000000149011612),
INFO:flwr:	                                     (46, 0.10000000149011612),
[92mINFO [0m:      	                                     (47, 0.0),
INFO:flwr:	                                     (47, 0.0),
[92mINFO [0m:      	                                     (48, 0.10000000149011612),
INFO:flwr:	                                     (48, 0.10000000149011612),
[92mINFO [0m:      	                                     (49, 0.0),
INFO:flwr:	                                     (49, 0.0),
[92mINFO [0m:      	                                     (50, 0.0)],
INFO:flwr:	                                     (50, 0.0)],
[92mINFO [0m:      	 'layer2_reject_rate_raw': [(1, 0.0),
INFO:flwr:	 'layer2_reject_rate_raw': [(1, 0.0),
[92mINFO [0m:      	                            (2, 0.0),
INFO:flwr:	                            (2, 0.0),
[92mINFO [0m:      	                            (3, 0.0),
INFO:flwr:	                            (3, 0.0),
[92mINFO [0m:      	                            (4, 0.0),
INFO:flwr:	                            (4, 0.0),
[92mINFO [0m:      	                            (5, 0.10000000149011612),
INFO:flwr:	                            (5, 0.10000000149011612),
[92mINFO [0m:      	                            (6, 0.10000000149011612),
INFO:flwr:	                            (6, 0.10000000149011612),
[92mINFO [0m:      	                            (7, 0.20000000298023224),
INFO:flwr:	                            (7, 0.20000000298023224),
[92mINFO [0m:      	                            (8, 0.10000000149011612),
INFO:flwr:	                            (8, 0.10000000149011612),
[92mINFO [0m:      	                            (9, 0.20000000298023224),
INFO:flwr:	                            (9, 0.20000000298023224),
[92mINFO [0m:      	                            (10, 0.10000000149011612),
INFO:flwr:	                            (10, 0.10000000149011612),
[92mINFO [0m:      	                            (11, 0.10000000149011612),
INFO:flwr:	                            (11, 0.10000000149011612),
[92mINFO [0m:      	                            (12, 0.0),
INFO:flwr:	                            (12, 0.0),
[92mINFO [0m:      	                            (13, 0.20000000298023224),
INFO:flwr:	                            (13, 0.20000000298023224),
[92mINFO [0m:      	                            (14, 0.30000001192092896),
INFO:flwr:	                            (14, 0.30000001192092896),
[92mINFO [0m:      	                            (15, 0.0),
INFO:flwr:	                            (15, 0.0),
[92mINFO [0m:      	                            (16, 0.10000000149011612),
INFO:flwr:	                            (16, 0.10000000149011612),
[92mINFO [0m:      	                            (17, 0.30000001192092896),
INFO:flwr:	                            (17, 0.30000001192092896),
[92mINFO [0m:      	                            (18, 0.0),
INFO:flwr:	                            (18, 0.0),
[92mINFO [0m:      	                            (19, 0.10000000149011612),
INFO:flwr:	                            (19, 0.10000000149011612),
[92mINFO [0m:      	                            (20, 0.20000000298023224),
INFO:flwr:	                            (20, 0.20000000298023224),
[92mINFO [0m:      	                            (21, 0.20000000298023224),
INFO:flwr:	                            (21, 0.20000000298023224),
[92mINFO [0m:      	                            (22, 0.10000000149011612),
INFO:flwr:	                            (22, 0.10000000149011612),
[92mINFO [0m:      	                            (23, 0.10000000149011612),
INFO:flwr:	                            (23, 0.10000000149011612),
[92mINFO [0m:      	                            (24, 0.0),
INFO:flwr:	                            (24, 0.0),
[92mINFO [0m:      	                            (25, 0.10000000149011612),
INFO:flwr:	                            (25, 0.10000000149011612),
[92mINFO [0m:      	                            (26, 0.10000000149011612),
INFO:flwr:	                            (26, 0.10000000149011612),
[92mINFO [0m:      	                            (27, 0.0),
INFO:flwr:	                            (27, 0.0),
[92mINFO [0m:      	                            (28, 0.0),
INFO:flwr:	                            (28, 0.0),
[92mINFO [0m:      	                            (29, 0.0),
INFO:flwr:	                            (29, 0.0),
[92mINFO [0m:      	                            (30, 0.20000000298023224),
INFO:flwr:	                            (30, 0.20000000298023224),
[92mINFO [0m:      	                            (31, 0.0),
INFO:flwr:	                            (31, 0.0),
[92mINFO [0m:      	                            (32, 0.10000000149011612),
INFO:flwr:	                            (32, 0.10000000149011612),
[92mINFO [0m:      	                            (33, 0.10000000149011612),
INFO:flwr:	                            (33, 0.10000000149011612),
[92mINFO [0m:      	                            (34, 0.10000000149011612),
INFO:flwr:	                            (34, 0.10000000149011612),
[92mINFO [0m:      	                            (35, 0.0),
INFO:flwr:	                            (35, 0.0),
[92mINFO [0m:      	                            (36, 0.20000000298023224),
INFO:flwr:	                            (36, 0.20000000298023224),
[92mINFO [0m:      	                            (37, 0.10000000149011612),
INFO:flwr:	                            (37, 0.10000000149011612),
[92mINFO [0m:      	                            (38, 0.0),
INFO:flwr:	                            (38, 0.0),
[92mINFO [0m:      	                            (39, 0.10000000149011612),
INFO:flwr:	                            (39, 0.10000000149011612),
[92mINFO [0m:      	                            (40, 0.10000000149011612),
INFO:flwr:	                            (40, 0.10000000149011612),
[92mINFO [0m:      	                            (41, 0.20000000298023224),
INFO:flwr:	                            (41, 0.20000000298023224),
[92mINFO [0m:      	                            (42, 0.0),
INFO:flwr:	                            (42, 0.0),
[92mINFO [0m:      	                            (43, 0.0),
INFO:flwr:	                            (43, 0.0),
[92mINFO [0m:      	                            (44, 0.20000000298023224),
INFO:flwr:	                            (44, 0.20000000298023224),
[92mINFO [0m:      	                            (45, 0.0),
INFO:flwr:	                            (45, 0.0),
[92mINFO [0m:      	                            (46, 0.10000000149011612),
INFO:flwr:	                            (46, 0.10000000149011612),
[92mINFO [0m:      	                            (47, 0.0),
INFO:flwr:	                            (47, 0.0),
[92mINFO [0m:      	                            (48, 0.10000000149011612),
INFO:flwr:	                            (48, 0.10000000149011612),
[92mINFO [0m:      	                            (49, 0.0),
INFO:flwr:	                            (49, 0.0),
[92mINFO [0m:      	                            (50, 0.0)],
INFO:flwr:	                            (50, 0.0)],
[92mINFO [0m:      	 'layer2_threshold': [(1, 0.5),
INFO:flwr:	 'layer2_threshold': [(1, 0.5),
[92mINFO [0m:      	                      (2, 0.5),
INFO:flwr:	                      (2, 0.5),
[92mINFO [0m:      	                      (3, 0.5),
INFO:flwr:	                      (3, 0.5),
[92mINFO [0m:      	                      (4, 0.5),
INFO:flwr:	                      (4, 0.5),
[92mINFO [0m:      	                      (5, 0.5),
INFO:flwr:	                      (5, 0.5),
[92mINFO [0m:      	                      (6, 0.5),
INFO:flwr:	                      (6, 0.5),
[92mINFO [0m:      	                      (7, 0.5),
INFO:flwr:	                      (7, 0.5),
[92mINFO [0m:      	                      (8, 0.5),
INFO:flwr:	                      (8, 0.5),
[92mINFO [0m:      	                      (9, 0.5),
INFO:flwr:	                      (9, 0.5),
[92mINFO [0m:      	                      (10, 0.5),
INFO:flwr:	                      (10, 0.5),
[92mINFO [0m:      	                      (11, 0.5),
INFO:flwr:	                      (11, 0.5),
[92mINFO [0m:      	                      (12, 0.5),
INFO:flwr:	                      (12, 0.5),
[92mINFO [0m:      	                      (13, 0.5),
INFO:flwr:	                      (13, 0.5),
[92mINFO [0m:      	                      (14, 0.5),
INFO:flwr:	                      (14, 0.5),
[92mINFO [0m:      	                      (15, 0.5),
INFO:flwr:	                      (15, 0.5),
[92mINFO [0m:      	                      (16, 0.5),
INFO:flwr:	                      (16, 0.5),
[92mINFO [0m:      	                      (17, 0.5),
INFO:flwr:	                      (17, 0.5),
[92mINFO [0m:      	                      (18, 0.5),
INFO:flwr:	                      (18, 0.5),
[92mINFO [0m:      	                      (19, 0.5),
INFO:flwr:	                      (19, 0.5),
[92mINFO [0m:      	                      (20, 0.5),
INFO:flwr:	                      (20, 0.5),
[92mINFO [0m:      	                      (21, 0.5),
INFO:flwr:	                      (21, 0.5),
[92mINFO [0m:      	                      (22, 0.5),
INFO:flwr:	                      (22, 0.5),
[92mINFO [0m:      	                      (23, 0.5),
INFO:flwr:	                      (23, 0.5),
[92mINFO [0m:      	                      (24, 0.5),
INFO:flwr:	                      (24, 0.5),
[92mINFO [0m:      	                      (25, 0.5),
INFO:flwr:	                      (25, 0.5),
[92mINFO [0m:      	                      (26, 0.5),
INFO:flwr:	                      (26, 0.5),
[92mINFO [0m:      	                      (27, 0.5),
INFO:flwr:	                      (27, 0.5),
[92mINFO [0m:      	                      (28, 0.5),
INFO:flwr:	                      (28, 0.5),
[92mINFO [0m:      	                      (29, 0.5),
INFO:flwr:	                      (29, 0.5),
[92mINFO [0m:      	                      (30, 0.5),
INFO:flwr:	                      (30, 0.5),
[92mINFO [0m:      	                      (31, 0.5),
INFO:flwr:	                      (31, 0.5),
[92mINFO [0m:      	                      (32, 0.5),
INFO:flwr:	                      (32, 0.5),
[92mINFO [0m:      	                      (33, 0.5),
INFO:flwr:	                      (33, 0.5),
[92mINFO [0m:      	                      (34, 0.5),
INFO:flwr:	                      (34, 0.5),
[92mINFO [0m:      	                      (35, 0.5),
INFO:flwr:	                      (35, 0.5),
[92mINFO [0m:      	                      (36, 0.5),
INFO:flwr:	                      (36, 0.5),
[92mINFO [0m:      	                      (37, 0.5),
INFO:flwr:	                      (37, 0.5),
[92mINFO [0m:      	                      (38, 0.5),
INFO:flwr:	                      (38, 0.5),
[92mINFO [0m:      	                      (39, 0.5),
INFO:flwr:	                      (39, 0.5),
[92mINFO [0m:      	                      (40, 0.5),
INFO:flwr:	                      (40, 0.5),
[92mINFO [0m:      	                      (41, 0.5),
INFO:flwr:	                      (41, 0.5),
[92mINFO [0m:      	                      (42, 0.5),
INFO:flwr:	                      (42, 0.5),
[92mINFO [0m:      	                      (43, 0.5),
INFO:flwr:	                      (43, 0.5),
[92mINFO [0m:      	                      (44, 0.5),
INFO:flwr:	                      (44, 0.5),
[92mINFO [0m:      	                      (45, 0.5),
INFO:flwr:	                      (45, 0.5),
[92mINFO [0m:      	                      (46, 0.5),
INFO:flwr:	                      (46, 0.5),
[92mINFO [0m:      	                      (47, 0.5),
INFO:flwr:	                      (47, 0.5),
[92mINFO [0m:      	                      (48, 0.5),
INFO:flwr:	                      (48, 0.5),
[92mINFO [0m:      	                      (49, 0.5),
INFO:flwr:	                      (49, 0.5),
[92mINFO [0m:      	                      (50, 0.5)],
INFO:flwr:	                      (50, 0.5)],
[92mINFO [0m:      	 'layer3_reject_rate_at_threshold': [(1, 0.0),
INFO:flwr:	 'layer3_reject_rate_at_threshold': [(1, 0.0),
[92mINFO [0m:      	                                     (2, 0.0),
INFO:flwr:	                                     (2, 0.0),
[92mINFO [0m:      	                                     (3, 0.0),
INFO:flwr:	                                     (3, 0.0),
[92mINFO [0m:      	                                     (4, 0.0),
INFO:flwr:	                                     (4, 0.0),
[92mINFO [0m:      	                                     (5, 0.0),
INFO:flwr:	                                     (5, 0.0),
[92mINFO [0m:      	                                     (6, 0.0),
INFO:flwr:	                                     (6, 0.0),
[92mINFO [0m:      	                                     (7, 0.0),
INFO:flwr:	                                     (7, 0.0),
[92mINFO [0m:      	                                     (8, 0.0),
INFO:flwr:	                                     (8, 0.0),
[92mINFO [0m:      	                                     (9, 0.0),
INFO:flwr:	                                     (9, 0.0),
[92mINFO [0m:      	                                     (10, 0.0),
INFO:flwr:	                                     (10, 0.0),
[92mINFO [0m:      	                                     (11, 0.0),
INFO:flwr:	                                     (11, 0.0),
[92mINFO [0m:      	                                     (12, 0.0),
INFO:flwr:	                                     (12, 0.0),
[92mINFO [0m:      	                                     (13, 0.0),
INFO:flwr:	                                     (13, 0.0),
[92mINFO [0m:      	                                     (14, 0.0),
INFO:flwr:	                                     (14, 0.0),
[92mINFO [0m:      	                                     (15, 0.0),
INFO:flwr:	                                     (15, 0.0),
[92mINFO [0m:      	                                     (16, 0.0),
INFO:flwr:	                                     (16, 0.0),
[92mINFO [0m:      	                                     (17, 0.0),
INFO:flwr:	                                     (17, 0.0),
[92mINFO [0m:      	                                     (18, 0.0),
INFO:flwr:	                                     (18, 0.0),
[92mINFO [0m:      	                                     (19, 0.0),
INFO:flwr:	                                     (19, 0.0),
[92mINFO [0m:      	                                     (20, 0.0),
INFO:flwr:	                                     (20, 0.0),
[92mINFO [0m:      	                                     (21, 0.0),
INFO:flwr:	                                     (21, 0.0),
[92mINFO [0m:      	                                     (22, 0.0),
INFO:flwr:	                                     (22, 0.0),
[92mINFO [0m:      	                                     (23, 0.0),
INFO:flwr:	                                     (23, 0.0),
[92mINFO [0m:      	                                     (24, 0.0),
INFO:flwr:	                                     (24, 0.0),
[92mINFO [0m:      	                                     (25, 0.0),
INFO:flwr:	                                     (25, 0.0),
[92mINFO [0m:      	                                     (26, 0.0),
INFO:flwr:	                                     (26, 0.0),
[92mINFO [0m:      	                                     (27, 0.0),
INFO:flwr:	                                     (27, 0.0),
[92mINFO [0m:      	                                     (28, 0.0),
INFO:flwr:	                                     (28, 0.0),
[92mINFO [0m:      	                                     (29, 0.0),
INFO:flwr:	                                     (29, 0.0),
[92mINFO [0m:      	                                     (30, 0.0),
INFO:flwr:	                                     (30, 0.0),
[92mINFO [0m:      	                                     (31, 0.0),
INFO:flwr:	                                     (31, 0.0),
[92mINFO [0m:      	                                     (32, 0.0),
INFO:flwr:	                                     (32, 0.0),
[92mINFO [0m:      	                                     (33, 0.0),
INFO:flwr:	                                     (33, 0.0),
[92mINFO [0m:      	                                     (34, 0.0),
INFO:flwr:	                                     (34, 0.0),
[92mINFO [0m:      	                                     (35, 0.0),
INFO:flwr:	                                     (35, 0.0),
[92mINFO [0m:      	                                     (36, 0.0),
INFO:flwr:	                                     (36, 0.0),
[92mINFO [0m:      	                                     (37, 0.0),
INFO:flwr:	                                     (37, 0.0),
[92mINFO [0m:      	                                     (38, 0.0),
INFO:flwr:	                                     (38, 0.0),
[92mINFO [0m:      	                                     (39, 0.0),
INFO:flwr:	                                     (39, 0.0),
[92mINFO [0m:      	                                     (40, 0.0),
INFO:flwr:	                                     (40, 0.0),
[92mINFO [0m:      	                                     (41, 0.0),
INFO:flwr:	                                     (41, 0.0),
[92mINFO [0m:      	                                     (42, 0.0),
INFO:flwr:	                                     (42, 0.0),
[92mINFO [0m:      	                                     (43, 0.0),
INFO:flwr:	                                     (43, 0.0),
[92mINFO [0m:      	                                     (44, 0.0),
INFO:flwr:	                                     (44, 0.0),
[92mINFO [0m:      	                                     (45, 0.0),
INFO:flwr:	                                     (45, 0.0),
[92mINFO [0m:      	                                     (46, 0.0),
INFO:flwr:	                                     (46, 0.0),
[92mINFO [0m:      	                                     (47, 0.0),
INFO:flwr:	                                     (47, 0.0),
[92mINFO [0m:      	                                     (48, 0.0),
INFO:flwr:	                                     (48, 0.0),
[92mINFO [0m:      	                                     (49, 0.0),
INFO:flwr:	                                     (49, 0.0),
[92mINFO [0m:      	                                     (50, 0.0)],
INFO:flwr:	                                     (50, 0.0)],
[92mINFO [0m:      	 'layer3_reject_rate_raw': [(1, 0.0),
INFO:flwr:	 'layer3_reject_rate_raw': [(1, 0.0),
[92mINFO [0m:      	                            (2, 0.0),
INFO:flwr:	                            (2, 0.0),
[92mINFO [0m:      	                            (3, 0.0),
INFO:flwr:	                            (3, 0.0),
[92mINFO [0m:      	                            (4, 0.0),
INFO:flwr:	                            (4, 0.0),
[92mINFO [0m:      	                            (5, 0.0),
INFO:flwr:	                            (5, 0.0),
[92mINFO [0m:      	                            (6, 0.0),
INFO:flwr:	                            (6, 0.0),
[92mINFO [0m:      	                            (7, 0.0),
INFO:flwr:	                            (7, 0.0),
[92mINFO [0m:      	                            (8, 0.0),
INFO:flwr:	                            (8, 0.0),
[92mINFO [0m:      	                            (9, 0.0),
INFO:flwr:	                            (9, 0.0),
[92mINFO [0m:      	                            (10, 0.0),
INFO:flwr:	                            (10, 0.0),
[92mINFO [0m:      	                            (11, 0.0),
INFO:flwr:	                            (11, 0.0),
[92mINFO [0m:      	                            (12, 0.0),
INFO:flwr:	                            (12, 0.0),
[92mINFO [0m:      	                            (13, 0.0),
INFO:flwr:	                            (13, 0.0),
[92mINFO [0m:      	                            (14, 0.0),
INFO:flwr:	                            (14, 0.0),
[92mINFO [0m:      	                            (15, 0.0),
INFO:flwr:	                            (15, 0.0),
[92mINFO [0m:      	                            (16, 0.0),
INFO:flwr:	                            (16, 0.0),
[92mINFO [0m:      	                            (17, 0.0),
INFO:flwr:	                            (17, 0.0),
[92mINFO [0m:      	                            (18, 0.0),
INFO:flwr:	                            (18, 0.0),
[92mINFO [0m:      	                            (19, 0.0),
INFO:flwr:	                            (19, 0.0),
[92mINFO [0m:      	                            (20, 0.0),
INFO:flwr:	                            (20, 0.0),
[92mINFO [0m:      	                            (21, 0.0),
INFO:flwr:	                            (21, 0.0),
[92mINFO [0m:      	                            (22, 0.0),
INFO:flwr:	                            (22, 0.0),
[92mINFO [0m:      	                            (23, 0.0),
INFO:flwr:	                            (23, 0.0),
[92mINFO [0m:      	                            (24, 0.0),
INFO:flwr:	                            (24, 0.0),
[92mINFO [0m:      	                            (25, 0.0),
INFO:flwr:	                            (25, 0.0),
[92mINFO [0m:      	                            (26, 0.0),
INFO:flwr:	                            (26, 0.0),
[92mINFO [0m:      	                            (27, 0.0),
INFO:flwr:	                            (27, 0.0),
[92mINFO [0m:      	                            (28, 0.0),
INFO:flwr:	                            (28, 0.0),
[92mINFO [0m:      	                            (29, 0.0),
INFO:flwr:	                            (29, 0.0),
[92mINFO [0m:      	                            (30, 0.0),
INFO:flwr:	                            (30, 0.0),
[92mINFO [0m:      	                            (31, 0.0),
INFO:flwr:	                            (31, 0.0),
[92mINFO [0m:      	                            (32, 0.0),
INFO:flwr:	                            (32, 0.0),
[92mINFO [0m:      	                            (33, 0.0),
INFO:flwr:	                            (33, 0.0),
[92mINFO [0m:      	                            (34, 0.0),
INFO:flwr:	                            (34, 0.0),
[92mINFO [0m:      	                            (35, 0.0),
INFO:flwr:	                            (35, 0.0),
[92mINFO [0m:      	                            (36, 0.0),
INFO:flwr:	                            (36, 0.0),
[92mINFO [0m:      	                            (37, 0.0),
INFO:flwr:	                            (37, 0.0),
[92mINFO [0m:      	                            (38, 0.0),
INFO:flwr:	                            (38, 0.0),
[92mINFO [0m:      	                            (39, 0.0),
INFO:flwr:	                            (39, 0.0),
[92mINFO [0m:      	                            (40, 0.0),
INFO:flwr:	                            (40, 0.0),
[92mINFO [0m:      	                            (41, 0.0),
INFO:flwr:	                            (41, 0.0),
[92mINFO [0m:      	                            (42, 0.0),
INFO:flwr:	                            (42, 0.0),
[92mINFO [0m:      	                            (43, 0.0),
INFO:flwr:	                            (43, 0.0),
[92mINFO [0m:      	                            (44, 0.0),
INFO:flwr:	                            (44, 0.0),
[92mINFO [0m:      	                            (45, 0.0),
INFO:flwr:	                            (45, 0.0),
[92mINFO [0m:      	                            (46, 0.0),
INFO:flwr:	                            (46, 0.0),
[92mINFO [0m:      	                            (47, 0.0),
INFO:flwr:	                            (47, 0.0),
[92mINFO [0m:      	                            (48, 0.0),
INFO:flwr:	                            (48, 0.0),
[92mINFO [0m:      	                            (49, 0.0),
INFO:flwr:	                            (49, 0.0),
[92mINFO [0m:      	                            (50, 0.0)],
INFO:flwr:	                            (50, 0.0)],
[92mINFO [0m:      	 'layer3_threshold': [(1, 0.5),
INFO:flwr:	 'layer3_threshold': [(1, 0.5),
[92mINFO [0m:      	                      (2, 0.5),
INFO:flwr:	                      (2, 0.5),
[92mINFO [0m:      	                      (3, 0.5),
INFO:flwr:	                      (3, 0.5),
[92mINFO [0m:      	                      (4, 0.5),
INFO:flwr:	                      (4, 0.5),
[92mINFO [0m:      	                      (5, 0.5),
INFO:flwr:	                      (5, 0.5),
[92mINFO [0m:      	                      (6, 0.5),
INFO:flwr:	                      (6, 0.5),
[92mINFO [0m:      	                      (7, 0.5),
INFO:flwr:	                      (7, 0.5),
[92mINFO [0m:      	                      (8, 0.5),
INFO:flwr:	                      (8, 0.5),
[92mINFO [0m:      	                      (9, 0.5),
INFO:flwr:	                      (9, 0.5),
[92mINFO [0m:      	                      (10, 0.5),
INFO:flwr:	                      (10, 0.5),
[92mINFO [0m:      	                      (11, 0.5),
INFO:flwr:	                      (11, 0.5),
[92mINFO [0m:      	                      (12, 0.5),
INFO:flwr:	                      (12, 0.5),
[92mINFO [0m:      	                      (13, 0.5),
INFO:flwr:	                      (13, 0.5),
[92mINFO [0m:      	                      (14, 0.5),
INFO:flwr:	                      (14, 0.5),
[92mINFO [0m:      	                      (15, 0.5),
INFO:flwr:	                      (15, 0.5),
[92mINFO [0m:      	                      (16, 0.5),
INFO:flwr:	                      (16, 0.5),
[92mINFO [0m:      	                      (17, 0.5),
INFO:flwr:	                      (17, 0.5),
[92mINFO [0m:      	                      (18, 0.5),
INFO:flwr:	                      (18, 0.5),
[92mINFO [0m:      	                      (19, 0.5),
INFO:flwr:	                      (19, 0.5),
[92mINFO [0m:      	                      (20, 0.5),
INFO:flwr:	                      (20, 0.5),
[92mINFO [0m:      	                      (21, 0.5),
INFO:flwr:	                      (21, 0.5),
[92mINFO [0m:      	                      (22, 0.5),
INFO:flwr:	                      (22, 0.5),
[92mINFO [0m:      	                      (23, 0.5),
INFO:flwr:	                      (23, 0.5),
[92mINFO [0m:      	                      (24, 0.5),
INFO:flwr:	                      (24, 0.5),
[92mINFO [0m:      	                      (25, 0.5),
INFO:flwr:	                      (25, 0.5),
[92mINFO [0m:      	                      (26, 0.5),
INFO:flwr:	                      (26, 0.5),
[92mINFO [0m:      	                      (27, 0.5),
INFO:flwr:	                      (27, 0.5),
[92mINFO [0m:      	                      (28, 0.5),
INFO:flwr:	                      (28, 0.5),
[92mINFO [0m:      	                      (29, 0.5),
INFO:flwr:	                      (29, 0.5),
[92mINFO [0m:      	                      (30, 0.5),
INFO:flwr:	                      (30, 0.5),
[92mINFO [0m:      	                      (31, 0.5),
INFO:flwr:	                      (31, 0.5),
[92mINFO [0m:      	                      (32, 0.5),
INFO:flwr:	                      (32, 0.5),
[92mINFO [0m:      	                      (33, 0.5),
INFO:flwr:	                      (33, 0.5),
[92mINFO [0m:      	                      (34, 0.5),
INFO:flwr:	                      (34, 0.5),
[92mINFO [0m:      	                      (35, 0.5),
INFO:flwr:	                      (35, 0.5),
[92mINFO [0m:      	                      (36, 0.5),
INFO:flwr:	                      (36, 0.5),
[92mINFO [0m:      	                      (37, 0.5),
INFO:flwr:	                      (37, 0.5),
[92mINFO [0m:      	                      (38, 0.5),
INFO:flwr:	                      (38, 0.5),
[92mINFO [0m:      	                      (39, 0.5),
INFO:flwr:	                      (39, 0.5),
[92mINFO [0m:      	                      (40, 0.5),
INFO:flwr:	                      (40, 0.5),
[92mINFO [0m:      	                      (41, 0.5),
INFO:flwr:	                      (41, 0.5),
[92mINFO [0m:      	                      (42, 0.5),
INFO:flwr:	                      (42, 0.5),
[92mINFO [0m:      	                      (43, 0.5),
INFO:flwr:	                      (43, 0.5),
[92mINFO [0m:      	                      (44, 0.5),
INFO:flwr:	                      (44, 0.5),
[92mINFO [0m:      	                      (45, 0.5),
INFO:flwr:	                      (45, 0.5),
[92mINFO [0m:      	                      (46, 0.5),
INFO:flwr:	                      (46, 0.5),
[92mINFO [0m:      	                      (47, 0.5),
INFO:flwr:	                      (47, 0.5),
[92mINFO [0m:      	                      (48, 0.5),
INFO:flwr:	                      (48, 0.5),
[92mINFO [0m:      	                      (49, 0.5),
INFO:flwr:	                      (49, 0.5),
[92mINFO [0m:      	                      (50, 0.5)],
INFO:flwr:	                      (50, 0.5)],
[92mINFO [0m:      	 'mean_reputation': [(1, 0.9784488677978516),
INFO:flwr:	 'mean_reputation': [(1, 0.9784488677978516),
[92mINFO [0m:      	                     (2, 0.9628745913505554),
INFO:flwr:	                     (2, 0.9628745913505554),
[92mINFO [0m:      	                     (3, 0.947914719581604),
INFO:flwr:	                     (3, 0.947914719581604),
[92mINFO [0m:      	                     (4, 0.9370658993721008),
INFO:flwr:	                     (4, 0.9370658993721008),
[92mINFO [0m:      	                     (5, 0.9198158383369446),
INFO:flwr:	                     (5, 0.9198158383369446),
[92mINFO [0m:      	                     (6, 0.9030863642692566),
INFO:flwr:	                     (6, 0.9030863642692566),
[92mINFO [0m:      	                     (7, 0.8822793960571289),
INFO:flwr:	                     (7, 0.8822793960571289),
[92mINFO [0m:      	                     (8, 0.8728858828544617),
INFO:flwr:	                     (8, 0.8728858828544617),
[92mINFO [0m:      	                     (9, 0.8555172085762024),
INFO:flwr:	                     (9, 0.8555172085762024),
[92mINFO [0m:      	                     (10, 0.8471853137016296),
INFO:flwr:	                     (10, 0.8471853137016296),
[92mINFO [0m:      	                     (11, 0.8411024808883667),
INFO:flwr:	                     (11, 0.8411024808883667),
[92mINFO [0m:      	                     (12, 0.8441534042358398),
INFO:flwr:	                     (12, 0.8441534042358398),
[92mINFO [0m:      	                     (13, 0.8289262652397156),
INFO:flwr:	                     (13, 0.8289262652397156),
[92mINFO [0m:      	                     (14, 0.8078897595405579),
INFO:flwr:	                     (14, 0.8078897595405579),
[92mINFO [0m:      	                     (15, 0.8159805536270142),
INFO:flwr:	                     (15, 0.8159805536270142),
[92mINFO [0m:      	                     (16, 0.8155879974365234),
INFO:flwr:	                     (16, 0.8155879974365234),
[92mINFO [0m:      	                     (17, 0.797301173210144),
INFO:flwr:	                     (17, 0.797301173210144),
[92mINFO [0m:      	                     (18, 0.8085344433784485),
INFO:flwr:	                     (18, 0.8085344433784485),
[92mINFO [0m:      	                     (19, 0.8055971264839172),
INFO:flwr:	                     (19, 0.8055971264839172),
[92mINFO [0m:      	                     (20, 0.7985656261444092),
INFO:flwr:	                     (20, 0.7985656261444092),
[92mINFO [0m:      	                     (21, 0.79221111536026),
INFO:flwr:	                     (21, 0.79221111536026),
[92mINFO [0m:      	                     (22, 0.7937183380126953),
INFO:flwr:	                     (22, 0.7937183380126953),
[92mINFO [0m:      	                     (23, 0.793539822101593),
INFO:flwr:	                     (23, 0.793539822101593),
[92mINFO [0m:      	                     (24, 0.8051176071166992),
INFO:flwr:	                     (24, 0.8051176071166992),
[92mINFO [0m:      	                     (25, 0.8058465719223022),
INFO:flwr:	                     (25, 0.8058465719223022),
[92mINFO [0m:      	                     (26, 0.8051648139953613),
INFO:flwr:	                     (26, 0.8051648139953613),
[92mINFO [0m:      	                     (27, 0.8146664500236511),
INFO:flwr:	                     (27, 0.8146664500236511),
[92mINFO [0m:      	                     (28, 0.8223600387573242),
INFO:flwr:	                     (28, 0.8223600387573242),
[92mINFO [0m:      	                     (29, 0.8297196626663208),
INFO:flwr:	                     (29, 0.8297196626663208),
[92mINFO [0m:      	                     (30, 0.8172370195388794),
INFO:flwr:	                     (30, 0.8172370195388794),
[92mINFO [0m:      	                     (31, 0.8255378007888794),
INFO:flwr:	                     (31, 0.8255378007888794),
[92mINFO [0m:      	                     (32, 0.8245598673820496),
INFO:flwr:	                     (32, 0.8245598673820496),
[92mINFO [0m:      	                     (33, 0.8234134912490845),
INFO:flwr:	                     (33, 0.8234134912490845),
[92mINFO [0m:      	                     (34, 0.8212748765945435),
INFO:flwr:	                     (34, 0.8212748765945435),
[92mINFO [0m:      	                     (35, 0.8292666673660278),
INFO:flwr:	                     (35, 0.8292666673660278),
[92mINFO [0m:      	                     (36, 0.8177610635757446),
INFO:flwr:	                     (36, 0.8177610635757446),
[92mINFO [0m:      	                     (37, 0.8177788853645325),
INFO:flwr:	                     (37, 0.8177788853645325),
[92mINFO [0m:      	                     (38, 0.8250649571418762),
INFO:flwr:	                     (38, 0.8250649571418762),
[92mINFO [0m:      	                     (39, 0.8234655261039734),
INFO:flwr:	                     (39, 0.8234655261039734),
[92mINFO [0m:      	                     (40, 0.8219791650772095),
INFO:flwr:	                     (40, 0.8219791650772095),
[92mINFO [0m:      	                     (41, 0.8111398816108704),
INFO:flwr:	                     (41, 0.8111398816108704),
[92mINFO [0m:      	                     (42, 0.8206316232681274),
INFO:flwr:	                     (42, 0.8206316232681274),
[92mINFO [0m:      	                     (43, 0.8284659385681152),
INFO:flwr:	                     (43, 0.8284659385681152),
[92mINFO [0m:      	                     (44, 0.8177563548088074),
INFO:flwr:	                     (44, 0.8177563548088074),
[92mINFO [0m:      	                     (45, 0.8257538080215454),
INFO:flwr:	                     (45, 0.8257538080215454),
[92mINFO [0m:      	                     (46, 0.8246892094612122),
INFO:flwr:	                     (46, 0.8246892094612122),
[92mINFO [0m:      	                     (47, 0.8320606350898743),
INFO:flwr:	                     (47, 0.8320606350898743),
[92mINFO [0m:      	                     (48, 0.8282492756843567),
INFO:flwr:	                     (48, 0.8282492756843567),
[92mINFO [0m:      	                     (49, 0.8344133496284485),
INFO:flwr:	                     (49, 0.8344133496284485),
[92mINFO [0m:      	                     (50, 0.8403905034065247)],
INFO:flwr:	                     (50, 0.8403905034065247)],
[92mINFO [0m:      	 'min_reputation': [(1, 0.9542639851570129),
INFO:flwr:	 'min_reputation': [(1, 0.9542639851570129),
[92mINFO [0m:      	                    (2, 0.9207094311714172),
INFO:flwr:	                    (2, 0.9207094311714172),
[92mINFO [0m:      	                    (3, 0.8919529318809509),
INFO:flwr:	                    (3, 0.8919529318809509),
[92mINFO [0m:      	                    (4, 0.8713332414627075),
INFO:flwr:	                    (4, 0.8713332414627075),
[92mINFO [0m:      	                    (5, 0.7866616249084473),
INFO:flwr:	                    (5, 0.7866616249084473),
[92mINFO [0m:      	                    (6, 0.7079954743385315),
INFO:flwr:	                    (6, 0.7079954743385315),
[92mINFO [0m:      	                    (7, 0.637195885181427),
INFO:flwr:	                    (7, 0.637195885181427),
[92mINFO [0m:      	                    (8, 0.5734763145446777),
INFO:flwr:	                    (8, 0.5734763145446777),
[92mINFO [0m:      	                    (9, 0.5161287188529968),
INFO:flwr:	                    (9, 0.5161287188529968),
[92mINFO [0m:      	                    (10, 0.4645158350467682),
INFO:flwr:	                    (10, 0.4645158350467682),
[92mINFO [0m:      	                    (11, 0.4180642366409302),
INFO:flwr:	                    (11, 0.4180642366409302),
[92mINFO [0m:      	                    (12, 0.46518534421920776),
INFO:flwr:	                    (12, 0.46518534421920776),
[92mINFO [0m:      	                    (13, 0.418666809797287),
INFO:flwr:	                    (13, 0.418666809797287),
[92mINFO [0m:      	                    (14, 0.37680014967918396),
INFO:flwr:	                    (14, 0.37680014967918396),
[92mINFO [0m:      	                    (15, 0.4160049259662628),
INFO:flwr:	                    (15, 0.4160049259662628),
[92mINFO [0m:      	                    (16, 0.3744044303894043),
INFO:flwr:	                    (16, 0.3744044303894043),
[92mINFO [0m:      	                    (17, 0.3369639813899994),
INFO:flwr:	                    (17, 0.3369639813899994),
[92mINFO [0m:      	                    (18, 0.3967842757701874),
INFO:flwr:	                    (18, 0.3967842757701874),
[92mINFO [0m:      	                    (19, 0.3571058511734009),
INFO:flwr:	                    (19, 0.3571058511734009),
[92mINFO [0m:      	                    (20, 0.32139527797698975),
INFO:flwr:	                    (20, 0.32139527797698975),
[92mINFO [0m:      	                    (21, 0.2892557382583618),
INFO:flwr:	                    (21, 0.2892557382583618),
[92mINFO [0m:      	                    (22, 0.2603301703929901),
INFO:flwr:	                    (22, 0.2603301703929901),
[92mINFO [0m:      	                    (23, 0.3394208252429962),
INFO:flwr:	                    (23, 0.3394208252429962),
[92mINFO [0m:      	                    (24, 0.40664809942245483),
INFO:flwr:	                    (24, 0.40664809942245483),
[92mINFO [0m:      	                    (25, 0.4637911915779114),
INFO:flwr:	                    (25, 0.4637911915779114),
[92mINFO [0m:      	                    (26, 0.41741207242012024),
INFO:flwr:	                    (26, 0.41741207242012024),
[92mINFO [0m:      	                    (27, 0.4729406535625458),
INFO:flwr:	                    (27, 0.4729406535625458),
[92mINFO [0m:      	                    (28, 0.5168013572692871),
INFO:flwr:	                    (28, 0.5168013572692871),
[92mINFO [0m:      	                    (29, 0.5574215054512024),
INFO:flwr:	                    (29, 0.5574215054512024),
[92mINFO [0m:      	                    (30, 0.5016793608665466),
INFO:flwr:	                    (30, 0.5016793608665466),
[92mINFO [0m:      	                    (31, 0.5445676445960999),
INFO:flwr:	                    (31, 0.5445676445960999),
[92mINFO [0m:      	                    (32, 0.4932997226715088),
INFO:flwr:	                    (32, 0.4932997226715088),
[92mINFO [0m:      	                    (33, 0.5213807225227356),
INFO:flwr:	                    (33, 0.5213807225227356),
[92mINFO [0m:      	                    (34, 0.4781387746334076),
INFO:flwr:	                    (34, 0.4781387746334076),
[92mINFO [0m:      	                    (35, 0.5122854113578796),
INFO:flwr:	                    (35, 0.5122854113578796),
[92mINFO [0m:      	                    (36, 0.4610568881034851),
INFO:flwr:	                    (36, 0.4610568881034851),
[92mINFO [0m:      	                    (37, 0.4149512052536011),
INFO:flwr:	                    (37, 0.4149512052536011),
[92mINFO [0m:      	                    (38, 0.4564322233200073),
INFO:flwr:	                    (38, 0.4564322233200073),
[92mINFO [0m:      	                    (39, 0.49074479937553406),
INFO:flwr:	                    (39, 0.49074479937553406),
[92mINFO [0m:      	                    (40, 0.441670298576355),
INFO:flwr:	                    (40, 0.441670298576355),
[92mINFO [0m:      	                    (41, 0.3975032866001129),
INFO:flwr:	                    (41, 0.3975032866001129),
[92mINFO [0m:      	                    (42, 0.44241228699684143),
INFO:flwr:	                    (42, 0.44241228699684143),
[92mINFO [0m:      	                    (43, 0.48079636693000793),
INFO:flwr:	                    (43, 0.48079636693000793),
[92mINFO [0m:      	                    (44, 0.4327167272567749),
INFO:flwr:	                    (44, 0.4327167272567749),
[92mINFO [0m:      	                    (45, 0.4714670181274414),
INFO:flwr:	                    (45, 0.4714670181274414),
[92mINFO [0m:      	                    (46, 0.4243203103542328),
INFO:flwr:	                    (46, 0.4243203103542328),
[92mINFO [0m:      	                    (47, 0.4690665602684021),
INFO:flwr:	                    (47, 0.4690665602684021),
[92mINFO [0m:      	                    (48, 0.42215991020202637),
INFO:flwr:	                    (48, 0.42215991020202637),
[92mINFO [0m:      	                    (49, 0.45517876744270325),
INFO:flwr:	                    (49, 0.45517876744270325),
[92mINFO [0m:      	                    (50, 0.4912237226963043)],
INFO:flwr:	                    (50, 0.4912237226963043)],
[92mINFO [0m:      	 'server_round': [(1, 1),
INFO:flwr:	 'server_round': [(1, 1),
[92mINFO [0m:      	                  (2, 2),
INFO:flwr:	                  (2, 2),
[92mINFO [0m:      	                  (3, 3),
INFO:flwr:	                  (3, 3),
[92mINFO [0m:      	                  (4, 4),
INFO:flwr:	                  (4, 4),
[92mINFO [0m:      	                  (5, 5),
INFO:flwr:	                  (5, 5),
[92mINFO [0m:      	                  (6, 6),
INFO:flwr:	                  (6, 6),
[92mINFO [0m:      	                  (7, 7),
INFO:flwr:	                  (7, 7),
[92mINFO [0m:      	                  (8, 8),
INFO:flwr:	                  (8, 8),
[92mINFO [0m:      	                  (9, 9),
INFO:flwr:	                  (9, 9),
[92mINFO [0m:      	                  (10, 10),
INFO:flwr:	                  (10, 10),
[92mINFO [0m:      	                  (11, 11),
INFO:flwr:	                  (11, 11),
[92mINFO [0m:      	                  (12, 12),
INFO:flwr:	                  (12, 12),
[92mINFO [0m:      	                  (13, 13),
INFO:flwr:	                  (13, 13),
[92mINFO [0m:      	                  (14, 14),
INFO:flwr:	                  (14, 14),
[92mINFO [0m:      	                  (15, 15),
INFO:flwr:	                  (15, 15),
[92mINFO [0m:      	                  (16, 16),
INFO:flwr:	                  (16, 16),
[92mINFO [0m:      	                  (17, 17),
INFO:flwr:	                  (17, 17),
[92mINFO [0m:      	                  (18, 18),
INFO:flwr:	                  (18, 18),
[92mINFO [0m:      	                  (19, 19),
INFO:flwr:	                  (19, 19),
[92mINFO [0m:      	                  (20, 20),
INFO:flwr:	                  (20, 20),
[92mINFO [0m:      	                  (21, 21),
INFO:flwr:	                  (21, 21),
[92mINFO [0m:      	                  (22, 22),
INFO:flwr:	                  (22, 22),
[92mINFO [0m:      	                  (23, 23),
INFO:flwr:	                  (23, 23),
[92mINFO [0m:      	                  (24, 24),
INFO:flwr:	                  (24, 24),
[92mINFO [0m:      	                  (25, 25),
INFO:flwr:	                  (25, 25),
[92mINFO [0m:      	                  (26, 26),
INFO:flwr:	                  (26, 26),
[92mINFO [0m:      	                  (27, 27),
INFO:flwr:	                  (27, 27),
[92mINFO [0m:      	                  (28, 28),
INFO:flwr:	                  (28, 28),
[92mINFO [0m:      	                  (29, 29),
INFO:flwr:	                  (29, 29),
[92mINFO [0m:      	                  (30, 30),
INFO:flwr:	                  (30, 30),
[92mINFO [0m:      	                  (31, 31),
INFO:flwr:	                  (31, 31),
[92mINFO [0m:      	                  (32, 32),
INFO:flwr:	                  (32, 32),
[92mINFO [0m:      	                  (33, 33),
INFO:flwr:	                  (33, 33),
[92mINFO [0m:      	                  (34, 34),
INFO:flwr:	                  (34, 34),
[92mINFO [0m:      	                  (35, 35),
INFO:flwr:	                  (35, 35),
[92mINFO [0m:      	                  (36, 36),
INFO:flwr:	                  (36, 36),
[92mINFO [0m:      	                  (37, 37),
INFO:flwr:	                  (37, 37),
[92mINFO [0m:      	                  (38, 38),
INFO:flwr:	                  (38, 38),
[92mINFO [0m:      	                  (39, 39),
INFO:flwr:	                  (39, 39),
[92mINFO [0m:      	                  (40, 40),
INFO:flwr:	                  (40, 40),
[92mINFO [0m:      	                  (41, 41),
INFO:flwr:	                  (41, 41),
[92mINFO [0m:      	                  (42, 42),
INFO:flwr:	                  (42, 42),
[92mINFO [0m:      	                  (43, 43),
INFO:flwr:	                  (43, 43),
[92mINFO [0m:      	                  (44, 44),
INFO:flwr:	                  (44, 44),
[92mINFO [0m:      	                  (45, 45),
INFO:flwr:	                  (45, 45),
[92mINFO [0m:      	                  (46, 46),
INFO:flwr:	                  (46, 46),
[92mINFO [0m:      	                  (47, 47),
INFO:flwr:	                  (47, 47),
[92mINFO [0m:      	                  (48, 48),
INFO:flwr:	                  (48, 48),
[92mINFO [0m:      	                  (49, 49),
INFO:flwr:	                  (49, 49),
[92mINFO [0m:      	                  (50, 50)]}
INFO:flwr:	                  (50, 50)]}
[92mINFO [0m:      	History (metrics, distributed, evaluate):
INFO:flwr:	History (metrics, distributed, evaluate):
[92mINFO [0m:      	{'accuracy': [(1, 0.8987),
INFO:flwr:	{'accuracy': [(1, 0.8987),
[92mINFO [0m:      	              (2, 0.9191666666666667),
INFO:flwr:	              (2, 0.9191666666666667),
[92mINFO [0m:      	              (3, 0.9166333333333333),
INFO:flwr:	              (3, 0.9166333333333333),
[92mINFO [0m:      	              (4, 0.9051666666666667),
INFO:flwr:	              (4, 0.9051666666666667),
[92mINFO [0m:      	              (5, 0.8793666666666666),
INFO:flwr:	              (5, 0.8793666666666666),
[92mINFO [0m:      	              (6, 0.8792333333333333),
INFO:flwr:	              (6, 0.8792333333333333),
[92mINFO [0m:      	              (7, 0.7633666666666666),
INFO:flwr:	              (7, 0.7633666666666666),
[92mINFO [0m:      	              (8, 0.8702),
INFO:flwr:	              (8, 0.8702),
[92mINFO [0m:      	              (9, 0.869),
INFO:flwr:	              (9, 0.869),
[92mINFO [0m:      	              (10, 0.8660333333333333),
INFO:flwr:	              (10, 0.8660333333333333),
[92mINFO [0m:      	              (11, 0.8664666666666667),
INFO:flwr:	              (11, 0.8664666666666667),
[92mINFO [0m:      	              (12, 0.8821666666666667),
INFO:flwr:	              (12, 0.8821666666666667),
[92mINFO [0m:      	              (13, 0.7682666666666667),
INFO:flwr:	              (13, 0.7682666666666667),
[92mINFO [0m:      	              (14, 0.7888333333333334),
INFO:flwr:	              (14, 0.7888333333333334),
[92mINFO [0m:      	              (15, 0.8760333333333333),
INFO:flwr:	              (15, 0.8760333333333333),
[92mINFO [0m:      	              (16, 0.8753666666666666),
INFO:flwr:	              (16, 0.8753666666666666),
[92mINFO [0m:      	              (17, 0.8045333333333333),
INFO:flwr:	              (17, 0.8045333333333333),
[92mINFO [0m:      	              (18, 0.8745),
INFO:flwr:	              (18, 0.8745),
[92mINFO [0m:      	              (19, 0.8538333333333333),
INFO:flwr:	              (19, 0.8538333333333333),
[92mINFO [0m:      	              (20, 0.8859),
INFO:flwr:	              (20, 0.8859),
[92mINFO [0m:      	              (21, 0.8733333333333333),
INFO:flwr:	              (21, 0.8733333333333333),
[92mINFO [0m:      	              (22, 0.8680666666666667),
INFO:flwr:	              (22, 0.8680666666666667),
[92mINFO [0m:      	              (23, 0.8871666666666667),
INFO:flwr:	              (23, 0.8871666666666667),
[92mINFO [0m:      	              (24, 0.896),
INFO:flwr:	              (24, 0.896),
[92mINFO [0m:      	              (25, 0.9050666666666667),
INFO:flwr:	              (25, 0.9050666666666667),
[92mINFO [0m:      	              (26, 0.8867666666666667),
INFO:flwr:	              (26, 0.8867666666666667),
[92mINFO [0m:      	              (27, 0.8981333333333333),
INFO:flwr:	              (27, 0.8981333333333333),
[92mINFO [0m:      	              (28, 0.9084333333333333),
INFO:flwr:	              (28, 0.9084333333333333),
[92mINFO [0m:      	              (29, 0.8964666666666666),
INFO:flwr:	              (29, 0.8964666666666666),
[92mINFO [0m:      	              (30, 0.889),
INFO:flwr:	              (30, 0.889),
[92mINFO [0m:      	              (31, 0.8953666666666666),
INFO:flwr:	              (31, 0.8953666666666666),
[92mINFO [0m:      	              (32, 0.9069666666666667),
INFO:flwr:	              (32, 0.9069666666666667),
[92mINFO [0m:      	              (33, 0.8893),
INFO:flwr:	              (33, 0.8893),
[92mINFO [0m:      	              (34, 0.9024),
INFO:flwr:	              (34, 0.9024),
[92mINFO [0m:      	              (35, 0.9035),
INFO:flwr:	              (35, 0.9035),
[92mINFO [0m:      	              (36, 0.9002666666666667),
INFO:flwr:	              (36, 0.9002666666666667),
[92mINFO [0m:      	              (37, 0.9194333333333333),
INFO:flwr:	              (37, 0.9194333333333333),
[92mINFO [0m:      	              (38, 0.9113),
INFO:flwr:	              (38, 0.9113),
[92mINFO [0m:      	              (39, 0.8867666666666667),
INFO:flwr:	              (39, 0.8867666666666667),
[92mINFO [0m:      	              (40, 0.9094),
INFO:flwr:	              (40, 0.9094),
[92mINFO [0m:      	              (41, 0.9021666666666667),
INFO:flwr:	              (41, 0.9021666666666667),
[92mINFO [0m:      	              (42, 0.9060333333333334),
INFO:flwr:	              (42, 0.9060333333333334),
[92mINFO [0m:      	              (43, 0.9077),
INFO:flwr:	              (43, 0.9077),
[92mINFO [0m:      	              (44, 0.8965666666666666),
INFO:flwr:	              (44, 0.8965666666666666),
[92mINFO [0m:      	              (45, 0.9053),
INFO:flwr:	              (45, 0.9053),
[92mINFO [0m:      	              (46, 0.9125666666666666),
INFO:flwr:	              (46, 0.9125666666666666),
[92mINFO [0m:      	              (47, 0.8987),
INFO:flwr:	              (47, 0.8987),
[92mINFO [0m:      	              (48, 0.9140666666666667),
INFO:flwr:	              (48, 0.9140666666666667),
[92mINFO [0m:      	              (49, 0.9056333333333333),
INFO:flwr:	              (49, 0.9056333333333333),
[92mINFO [0m:      	              (50, 0.9016666666666666)],
INFO:flwr:	              (50, 0.9016666666666666)],
[92mINFO [0m:      	 'auc': [(1, 0.9171191569676),
INFO:flwr:	 'auc': [(1, 0.9171191569676),
[92mINFO [0m:      	         (2, 0.9292751808744888),
INFO:flwr:	         (2, 0.9292751808744888),
[92mINFO [0m:      	         (3, 0.932271406102548),
INFO:flwr:	         (3, 0.932271406102548),
[92mINFO [0m:      	         (4, 0.929520918527839),
INFO:flwr:	         (4, 0.929520918527839),
[92mINFO [0m:      	         (5, 0.930775416797735),
INFO:flwr:	         (5, 0.930775416797735),
[92mINFO [0m:      	         (6, 0.9336572035231204),
INFO:flwr:	         (6, 0.9336572035231204),
[92mINFO [0m:      	         (7, 0.9356517772884556),
INFO:flwr:	         (7, 0.9356517772884556),
[92mINFO [0m:      	         (8, 0.9305805599245045),
INFO:flwr:	         (8, 0.9305805599245045),
[92mINFO [0m:      	         (9, 0.9281030512739856),
INFO:flwr:	         (9, 0.9281030512739856),
[92mINFO [0m:      	         (10, 0.9275382038376847),
INFO:flwr:	         (10, 0.9275382038376847),
[92mINFO [0m:      	         (11, 0.9243296948726013),
INFO:flwr:	         (11, 0.9243296948726013),
[92mINFO [0m:      	         (12, 0.9281092953759044),
INFO:flwr:	         (12, 0.9281092953759044),
[92mINFO [0m:      	         (13, 0.9277841931424975),
INFO:flwr:	         (13, 0.9277841931424975),
[92mINFO [0m:      	         (14, 0.9254796476879524),
INFO:flwr:	         (14, 0.9254796476879524),
[92mINFO [0m:      	         (15, 0.9221334539163261),
INFO:flwr:	         (15, 0.9221334539163261),
[92mINFO [0m:      	         (16, 0.9221786410821013),
INFO:flwr:	         (16, 0.9221786410821013),
[92mINFO [0m:      	         (17, 0.9271547184649264),
INFO:flwr:	         (17, 0.9271547184649264),
[92mINFO [0m:      	         (18, 0.9269047971060083),
INFO:flwr:	         (18, 0.9269047971060083),
[92mINFO [0m:      	         (19, 0.9204000786410821),
INFO:flwr:	         (19, 0.9204000786410821),
[92mINFO [0m:      	         (20, 0.9212542780748664),
INFO:flwr:	         (20, 0.9212542780748664),
[92mINFO [0m:      	         (21, 0.9177148631645172),
INFO:flwr:	         (21, 0.9177148631645172),
[92mINFO [0m:      	         (22, 0.9204575338156653),
INFO:flwr:	         (22, 0.9204575338156653),
[92mINFO [0m:      	         (23, 0.916161418685121),
INFO:flwr:	         (23, 0.916161418685121),
[92mINFO [0m:      	         (24, 0.9255726643598617),
INFO:flwr:	         (24, 0.9255726643598617),
[92mINFO [0m:      	         (25, 0.9273812047813781),
INFO:flwr:	         (25, 0.9273812047813781),
[92mINFO [0m:      	         (26, 0.9271932054105063),
INFO:flwr:	         (26, 0.9271932054105063),
[92mINFO [0m:      	         (27, 0.9250251651462726),
INFO:flwr:	         (27, 0.9250251651462726),
[92mINFO [0m:      	         (28, 0.926564705882353),
INFO:flwr:	         (28, 0.926564705882353),
[92mINFO [0m:      	         (29, 0.9186042466184335),
INFO:flwr:	         (29, 0.9186042466184335),
[92mINFO [0m:      	         (30, 0.921814328405159),
INFO:flwr:	         (30, 0.921814328405159),
[92mINFO [0m:      	         (31, 0.929853853413023),
INFO:flwr:	         (31, 0.929853853413023),
[92mINFO [0m:      	         (32, 0.9292215162000629),
INFO:flwr:	         (32, 0.9292215162000629),
[92mINFO [0m:      	         (33, 0.9260200062912868),
INFO:flwr:	         (33, 0.9260200062912868),
[92mINFO [0m:      	         (34, 0.9275063070147843),
INFO:flwr:	         (34, 0.9275063070147843),
[92mINFO [0m:      	         (35, 0.9348302768166091),
INFO:flwr:	         (35, 0.9348302768166091),
[92mINFO [0m:      	         (36, 0.9328866939289086),
INFO:flwr:	         (36, 0.9328866939289086),
[92mINFO [0m:      	         (37, 0.9258347908147215),
INFO:flwr:	         (37, 0.9258347908147215),
[92mINFO [0m:      	         (38, 0.9318838943063856),
INFO:flwr:	         (38, 0.9318838943063856),
[92mINFO [0m:      	         (39, 0.9255971846492608),
INFO:flwr:	         (39, 0.9255971846492608),
[92mINFO [0m:      	         (40, 0.9321873545139981),
INFO:flwr:	         (40, 0.9321873545139981),
[92mINFO [0m:      	         (41, 0.9323589336269268),
INFO:flwr:	         (41, 0.9323589336269268),
[92mINFO [0m:      	         (42, 0.9333989619377162),
INFO:flwr:	         (42, 0.9333989619377162),
[92mINFO [0m:      	         (43, 0.9303522648631646),
INFO:flwr:	         (43, 0.9303522648631646),
[92mINFO [0m:      	         (44, 0.9295486631016041),
INFO:flwr:	         (44, 0.9295486631016041),
[92mINFO [0m:      	         (45, 0.9290441019188425),
INFO:flwr:	         (45, 0.9290441019188425),
[92mINFO [0m:      	         (46, 0.9297885026737968),
INFO:flwr:	         (46, 0.9297885026737968),
[92mINFO [0m:      	         (47, 0.9374520918527839),
INFO:flwr:	         (47, 0.9374520918527839),
[92mINFO [0m:      	         (48, 0.9306346335325573),
INFO:flwr:	         (48, 0.9306346335325573),
[92mINFO [0m:      	         (49, 0.9354959893048128),
INFO:flwr:	         (49, 0.9354959893048128),
[92mINFO [0m:      	         (50, 0.9336030198175526)],
INFO:flwr:	         (50, 0.9336030198175526)],
[92mINFO [0m:      	 'f1': [(1, 0.35326665247925093),
INFO:flwr:	 'f1': [(1, 0.35326665247925093),
[92mINFO [0m:      	        (2, 0.4092570036540804),
INFO:flwr:	        (2, 0.4092570036540804),
[92mINFO [0m:      	        (3, 0.40324504891434026),
INFO:flwr:	        (3, 0.40324504891434026),
[92mINFO [0m:      	        (4, 0.3794983642311887),
INFO:flwr:	        (4, 0.3794983642311887),
[92mINFO [0m:      	        (5, 0.332657200811359),
INFO:flwr:	        (5, 0.332657200811359),
[92mINFO [0m:      	        (6, 0.3348632274646594),
INFO:flwr:	        (6, 0.3348632274646594),
[92mINFO [0m:      	        (7, 0.2225386047530391),
INFO:flwr:	        (7, 0.2225386047530391),
[92mINFO [0m:      	        (8, 0.3208929194279735),
INFO:flwr:	        (8, 0.3208929194279735),
[92mINFO [0m:      	        (9, 0.3181818181818182),
INFO:flwr:	        (9, 0.3181818181818182),
[92mINFO [0m:      	        (10, 0.3109891993828219),
INFO:flwr:	        (10, 0.3109891993828219),
[92mINFO [0m:      	        (11, 0.3116838487972508),
INFO:flwr:	        (11, 0.3116838487972508),
[92mINFO [0m:      	        (12, 0.33364750235626767),
INFO:flwr:	        (12, 0.33364750235626767),
[92mINFO [0m:      	        (13, 0.2239339138200491),
INFO:flwr:	        (13, 0.2239339138200491),
[92mINFO [0m:      	        (14, 0.23702276285679874),
INFO:flwr:	        (14, 0.23702276285679874),
[92mINFO [0m:      	        (15, 0.32172168520882727),
INFO:flwr:	        (15, 0.32172168520882727),
[92mINFO [0m:      	        (16, 0.32252219605000904),
INFO:flwr:	        (16, 0.32252219605000904),
[92mINFO [0m:      	        (17, 0.2501278772378517),
INFO:flwr:	        (17, 0.2501278772378517),
[92mINFO [0m:      	        (18, 0.32198811453268505),
INFO:flwr:	        (18, 0.32198811453268505),
[92mINFO [0m:      	        (19, 0.2958085755580536),
INFO:flwr:	        (19, 0.2958085755580536),
[92mINFO [0m:      	        (20, 0.33572676111003297),
INFO:flwr:	        (20, 0.33572676111003297),
[92mINFO [0m:      	        (21, 0.31654676258992803),
INFO:flwr:	        (21, 0.31654676258992803),
[92mINFO [0m:      	        (22, 0.3121306916927355),
INFO:flwr:	        (22, 0.3121306916927355),
[92mINFO [0m:      	        (23, 0.3356231599607458),
INFO:flwr:	        (23, 0.3356231599607458),
[92mINFO [0m:      	        (24, 0.35081148564294634),
INFO:flwr:	        (24, 0.35081148564294634),
[92mINFO [0m:      	        (25, 0.36991150442477877),
INFO:flwr:	        (25, 0.36991150442477877),
[92mINFO [0m:      	        (26, 0.3384615384615385),
INFO:flwr:	        (26, 0.3384615384615385),
[92mINFO [0m:      	        (27, 0.35445711871567387),
INFO:flwr:	        (27, 0.35445711871567387),
[92mINFO [0m:      	        (28, 0.3755398954307797),
INFO:flwr:	        (28, 0.3755398954307797),
[92mINFO [0m:      	        (29, 0.3512949039264829),
INFO:flwr:	        (29, 0.3512949039264829),
[92mINFO [0m:      	        (30, 0.3384982121573301),
INFO:flwr:	        (30, 0.3384982121573301),
[92mINFO [0m:      	        (31, 0.3531835977745725),
INFO:flwr:	        (31, 0.3531835977745725),
[92mINFO [0m:      	        (32, 0.3732315293060858),
INFO:flwr:	        (32, 0.3732315293060858),
[92mINFO [0m:      	        (33, 0.3414634146341463),
INFO:flwr:	        (33, 0.3414634146341463),
[92mINFO [0m:      	        (34, 0.36292428198433424),
INFO:flwr:	        (34, 0.36292428198433424),
[92mINFO [0m:      	        (35, 0.3735122267907379),
INFO:flwr:	        (35, 0.3735122267907379),
[92mINFO [0m:      	        (36, 0.3663701821262177),
INFO:flwr:	        (36, 0.3663701821262177),
[92mINFO [0m:      	        (37, 0.39740713039142356),
INFO:flwr:	        (37, 0.39740713039142356),
[92mINFO [0m:      	        (38, 0.3827418232428671),
INFO:flwr:	        (38, 0.3827418232428671),
[92mINFO [0m:      	        (39, 0.33897645456314457),
INFO:flwr:	        (39, 0.33897645456314457),
[92mINFO [0m:      	        (40, 0.3817106460418562),
INFO:flwr:	        (40, 0.3817106460418562),
[92mINFO [0m:      	        (41, 0.36732054322052166),
INFO:flwr:	        (41, 0.36732054322052166),
[92mINFO [0m:      	        (42, 0.3761894224385926),
INFO:flwr:	        (42, 0.3761894224385926),
[92mINFO [0m:      	        (43, 0.3745199909645358),
INFO:flwr:	        (43, 0.3745199909645358),
[92mINFO [0m:      	        (44, 0.35662450756790376),
INFO:flwr:	        (44, 0.35662450756790376),
[92mINFO [0m:      	        (45, 0.37104272747398714),
INFO:flwr:	        (45, 0.37104272747398714),
[92mINFO [0m:      	        (46, 0.38528239981251466),
INFO:flwr:	        (46, 0.38528239981251466),
[92mINFO [0m:      	        (47, 0.3685850820693954),
INFO:flwr:	        (47, 0.3685850820693954),
[92mINFO [0m:      	        (48, 0.39369708372530576),
INFO:flwr:	        (48, 0.39369708372530576),
[92mINFO [0m:      	        (49, 0.37903048914235576),
INFO:flwr:	        (49, 0.37903048914235576),
[92mINFO [0m:      	        (50, 0.3726074011059124)],
INFO:flwr:	        (50, 0.3726074011059124)],
[92mINFO [0m:      	 'precision': [(1, 0.23061961656015562),
INFO:flwr:	 'precision': [(1, 0.23061961656015562),
[92mINFO [0m:      	               (2, 0.2795341098169717),
INFO:flwr:	               (2, 0.2795341098169717),
[92mINFO [0m:      	               (3, 0.27337431252022),
INFO:flwr:	               (3, 0.27337431252022),
[92mINFO [0m:      	               (4, 0.2496413199426112),
INFO:flwr:	               (4, 0.2496413199426112),
[92mINFO [0m:      	               (5, 0.20865139949109415),
INFO:flwr:	               (5, 0.20865139949109415),
[92mINFO [0m:      	               (6, 0.209799861973775),
INFO:flwr:	               (6, 0.209799861973775),
[92mINFO [0m:      	               (7, 0.12650977462333457),
INFO:flwr:	               (7, 0.12650977462333457),
[92mINFO [0m:      	               (8, 0.19853258523953388),
INFO:flwr:	               (8, 0.19853258523953388),
[92mINFO [0m:      	               (9, 0.1966123499142367),
INFO:flwr:	               (9, 0.1966123499142367),
[92mINFO [0m:      	               (10, 0.19163321360659202),
INFO:flwr:	               (10, 0.19163321360659202),
[92mINFO [0m:      	               (11, 0.19216101694915255),
INFO:flwr:	               (11, 0.19216101694915255),
[92mINFO [0m:      	               (12, 0.21046373365041618),
INFO:flwr:	               (12, 0.21046373365041618),
[92mINFO [0m:      	               (13, 0.12764062102316112),
INFO:flwr:	               (13, 0.12764062102316112),
[92mINFO [0m:      	               (14, 0.136609745939192),
INFO:flwr:	               (14, 0.136609745939192),
[92mINFO [0m:      	               (15, 0.20123203285420946),
INFO:flwr:	               (15, 0.20123203285420946),
[92mINFO [0m:      	               (16, 0.20140303236026252),
INFO:flwr:	               (16, 0.20140303236026252),
[92mINFO [0m:      	               (17, 0.14553571428571427),
INFO:flwr:	               (17, 0.14553571428571427),
[92mINFO [0m:      	               (18, 0.2007635302043566),
INFO:flwr:	               (18, 0.2007635302043566),
[92mINFO [0m:      	               (19, 0.1796372147454652),
INFO:flwr:	               (19, 0.1796372147454652),
[92mINFO [0m:      	               (20, 0.21342215642733778),
INFO:flwr:	               (20, 0.21342215642733778),
[92mINFO [0m:      	               (21, 0.19730941704035873),
INFO:flwr:	               (21, 0.19730941704035873),
[92mINFO [0m:      	               (22, 0.1929522990975505),
INFO:flwr:	               (22, 0.1929522990975505),
[92mINFO [0m:      	               (23, 0.21401752190237797),
INFO:flwr:	               (23, 0.21401752190237797),
[92mINFO [0m:      	               (24, 0.22746896923907178),
INFO:flwr:	               (24, 0.22746896923907178),
[92mINFO [0m:      	               (25, 0.24444444444444444),
INFO:flwr:	               (25, 0.24444444444444444),
[92mINFO [0m:      	               (26, 0.21536555142503097),
INFO:flwr:	               (26, 0.21536555142503097),
[92mINFO [0m:      	               (27, 0.2308750687947166),
INFO:flwr:	               (27, 0.2308750687947166),
[92mINFO [0m:      	               (28, 0.25037890269778723),
INFO:flwr:	               (28, 0.25037890269778723),
[92mINFO [0m:      	               (29, 0.2280368763557484),
INFO:flwr:	               (29, 0.2280368763557484),
[92mINFO [0m:      	               (30, 0.21657346212506354),
INFO:flwr:	               (30, 0.21657346212506354),
[92mINFO [0m:      	               (31, 0.22835065281108444),
INFO:flwr:	               (31, 0.22835065281108444),
[92mINFO [0m:      	               (32, 0.24783775723232926),
INFO:flwr:	               (32, 0.24783775723232926),
[92mINFO [0m:      	               (33, 0.2183616535632767),
INFO:flwr:	               (33, 0.2183616535632767),
[92mINFO [0m:      	               (34, 0.238558352402746),
INFO:flwr:	               (34, 0.238558352402746),
[92mINFO [0m:      	               (35, 0.24510082362965063),
INFO:flwr:	               (35, 0.24510082362965063),
[92mINFO [0m:      	               (36, 0.23881833241303146),
INFO:flwr:	               (36, 0.23881833241303146),
[92mINFO [0m:      	               (37, 0.27378907591892826),
INFO:flwr:	               (37, 0.27378907591892826),
[92mINFO [0m:      	               (38, 0.2569293055123015),
INFO:flwr:	               (38, 0.2569293055123015),
[92mINFO [0m:      	               (39, 0.21564743748452586),
INFO:flwr:	               (39, 0.21564743748452586),
[92mINFO [0m:      	               (40, 0.2545509708737864),
INFO:flwr:	               (40, 0.2545509708737864),
[92mINFO [0m:      	               (41, 0.24074597343882453),
INFO:flwr:	               (41, 0.24074597343882453),
[92mINFO [0m:      	               (42, 0.24861070488446915),
INFO:flwr:	               (42, 0.24861070488446915),
[92mINFO [0m:      	               (43, 0.24917342951608054),
INFO:flwr:	               (43, 0.24917342951608054),
[92mINFO [0m:      	               (44, 0.23099650819231798),
INFO:flwr:	               (44, 0.23099650819231798),
[92mINFO [0m:      	               (45, 0.2452443664032777),
INFO:flwr:	               (45, 0.2452443664032777),
[92mINFO [0m:      	               (46, 0.25955162614461635),
INFO:flwr:	               (46, 0.25955162614461635),
[92mINFO [0m:      	               (47, 0.23889038513331537),
INFO:flwr:	               (47, 0.23889038513331537),
[92mINFO [0m:      	               (48, 0.26554568527918787),
INFO:flwr:	               (48, 0.26554568527918787),
[92mINFO [0m:      	               (49, 0.24978317432784045),
INFO:flwr:	               (49, 0.24978317432784045),
[92mINFO [0m:      	               (50, 0.24319822320932818)],
INFO:flwr:	               (50, 0.24319822320932818)],
[92mINFO [0m:      	 'recall': [(1, 0.7545454545454545),
INFO:flwr:	 'recall': [(1, 0.7545454545454545),
[92mINFO [0m:      	            (2, 0.7636363636363638),
INFO:flwr:	            (2, 0.7636363636363638),
[92mINFO [0m:      	            (3, 0.7681818181818182),
INFO:flwr:	            (3, 0.7681818181818182),
[92mINFO [0m:      	            (4, 0.790909090909091),
INFO:flwr:	            (4, 0.790909090909091),
[92mINFO [0m:      	            (5, 0.82),
INFO:flwr:	            (5, 0.82),
[92mINFO [0m:      	            (6, 0.829090909090909),
INFO:flwr:	            (6, 0.829090909090909),
[92mINFO [0m:      	            (7, 0.9236363636363635),
INFO:flwr:	            (7, 0.9236363636363635),
[92mINFO [0m:      	            (8, 0.8363636363636363),
INFO:flwr:	            (8, 0.8363636363636363),
[92mINFO [0m:      	            (9, 0.8336363636363636),
INFO:flwr:	            (9, 0.8336363636363636),
[92mINFO [0m:      	            (10, 0.8245454545454545),
INFO:flwr:	            (10, 0.8245454545454545),
[92mINFO [0m:      	            (11, 0.8245454545454545),
INFO:flwr:	            (11, 0.8245454545454545),
[92mINFO [0m:      	            (12, 0.8045454545454546),
INFO:flwr:	            (12, 0.8045454545454546),
[92mINFO [0m:      	            (13, 0.911818181818182),
INFO:flwr:	            (13, 0.911818181818182),
[92mINFO [0m:      	            (14, 0.8945454545454545),
INFO:flwr:	            (14, 0.8945454545454545),
[92mINFO [0m:      	            (15, 0.8018181818181818),
INFO:flwr:	            (15, 0.8018181818181818),
[92mINFO [0m:      	            (16, 0.809090909090909),
INFO:flwr:	            (16, 0.809090909090909),
[92mINFO [0m:      	            (17, 0.889090909090909),
INFO:flwr:	            (17, 0.889090909090909),
[92mINFO [0m:      	            (18, 0.8127272727272727),
INFO:flwr:	            (18, 0.8127272727272727),
[92mINFO [0m:      	            (19, 0.8372727272727274),
INFO:flwr:	            (19, 0.8372727272727274),
[92mINFO [0m:      	            (20, 0.7863636363636364),
INFO:flwr:	            (20, 0.7863636363636364),
[92mINFO [0m:      	            (21, 0.8),
INFO:flwr:	            (21, 0.8),
[92mINFO [0m:      	            (22, 0.8163636363636364),
INFO:flwr:	            (22, 0.8163636363636364),
[92mINFO [0m:      	            (23, 0.7772727272727272),
INFO:flwr:	            (23, 0.7772727272727272),
[92mINFO [0m:      	            (24, 0.7663636363636364),
INFO:flwr:	            (24, 0.7663636363636364),
[92mINFO [0m:      	            (25, 0.76),
INFO:flwr:	            (25, 0.76),
[92mINFO [0m:      	            (26, 0.79),
INFO:flwr:	            (26, 0.79),
[92mINFO [0m:      	            (27, 0.7627272727272727),
INFO:flwr:	            (27, 0.7627272727272727),
[92mINFO [0m:      	            (28, 0.7509090909090907),
INFO:flwr:	            (28, 0.7509090909090907),
[92mINFO [0m:      	            (29, 0.7645454545454545),
INFO:flwr:	            (29, 0.7645454545454545),
[92mINFO [0m:      	            (30, 0.7745454545454545),
INFO:flwr:	            (30, 0.7745454545454545),
[92mINFO [0m:      	            (31, 0.7790909090909091),
INFO:flwr:	            (31, 0.7790909090909091),
[92mINFO [0m:      	            (32, 0.7554545454545455),
INFO:flwr:	            (32, 0.7554545454545455),
[92mINFO [0m:      	            (33, 0.7827272727272726),
INFO:flwr:	            (33, 0.7827272727272726),
[92mINFO [0m:      	            (34, 0.7581818181818182),
INFO:flwr:	            (34, 0.7581818181818182),
[92mINFO [0m:      	            (35, 0.7845454545454545),
INFO:flwr:	            (35, 0.7845454545454545),
[92mINFO [0m:      	            (36, 0.7863636363636364),
INFO:flwr:	            (36, 0.7863636363636364),
[92mINFO [0m:      	            (37, 0.7245454545454545),
INFO:flwr:	            (37, 0.7245454545454545),
[92mINFO [0m:      	            (38, 0.75),
INFO:flwr:	            (38, 0.75),
[92mINFO [0m:      	            (39, 0.7918181818181819),
INFO:flwr:	            (39, 0.7918181818181819),
[92mINFO [0m:      	            (40, 0.7627272727272727),
INFO:flwr:	            (40, 0.7627272727272727),
[92mINFO [0m:      	            (41, 0.7745454545454545),
INFO:flwr:	            (41, 0.7745454545454545),
[92mINFO [0m:      	            (42, 0.7727272727272726),
INFO:flwr:	            (42, 0.7727272727272726),
[92mINFO [0m:      	            (43, 0.7536363636363637),
INFO:flwr:	            (43, 0.7536363636363637),
[92mINFO [0m:      	            (44, 0.7818181818181819),
INFO:flwr:	            (44, 0.7818181818181819),
[92mINFO [0m:      	            (45, 0.7618181818181818),
INFO:flwr:	            (45, 0.7618181818181818),
[92mINFO [0m:      	            (46, 0.7472727272727273),
INFO:flwr:	            (46, 0.7472727272727273),
[92mINFO [0m:      	            (47, 0.8063636363636364),
INFO:flwr:	            (47, 0.8063636363636364),
[92mINFO [0m:      	            (48, 0.7609090909090908),
INFO:flwr:	            (48, 0.7609090909090908),
[92mINFO [0m:      	            (49, 0.7854545454545455),
INFO:flwr:	            (49, 0.7854545454545455),
[92mINFO [0m:      	            (50, 0.7963636363636364)]}
INFO:flwr:	            (50, 0.7963636363636364)]}
[92mINFO [0m:      
INFO:flwr:

Training complete in 642.7s (12.9s/round)

[Ray cleanup] Shutting down Ray...
[36m(ClientAppActor pid=272310)[0m [Client 8] Training on NVIDIA GeForce RTX 3060[32m [repeated 4x across cluster][0m
[36m(ClientAppActor pid=272319)[0m [93mWARNING [0m:   DEPRECATED FEATURE: `client_fn` now expects a signature `def client_fn(context: Context)`.The provided `client_fn` has signature: {'cid': <Parameter "cid: str">}. You can import the `Context` like this: `from flwr.app import Context`[32m [repeated 10x across cluster][0m
[36m(ClientAppActor pid=272319)[0m             This is a deprecated feature. It will be removed[32m [repeated 10x across cluster][0m
[36m(ClientAppActor pid=272319)[0m             entirely in future versions of Flower.[32m [repeated 10x across cluster][0m
[Ray cleanup] Ray shutdown complete.
Metrics saved to: ./results/seed_52/Ablation_NoL3_LabelFlip20pct.json
Model checkpoint saved to: ./results/seed_52/models/Ablation_NoL3_LabelFlip20pct.pt
