
==============================================================================
EXPERIMENT: Ablation_NoL3_LabelFlip20pct
SEED:       45
STARTED:    2026-09-12T09:38:47+00:00
TIMEOUT:    180.0 min
COMMAND:
/app/.venv/bin/python train.py --num-clients 10 --num-rounds 50 --nrows 150000 --batch-size 512 --epochs-per-round 10 --results-dir ./results/seed_45 --save-model ./results/seed_45/models/Ablation_NoL3_LabelFlip20pct.pt --seed 45 --run-label Ablation_NoL3_LabelFlip20pct --disable-layer3 --num-adversaries 2 --attack-type label_flip
==============================================================================
Device: cuda
  GPU: NVIDIA GeForce RTX 3060
  VRAM: 12.9 GB

Loading data from: ./data/raw
/app/.venv/lib/python3.14/site-packages/numpy/lib/_function_base_impl.py:3036: RuntimeWarning: invalid value encountered in divide
  c /= stddev[:, None]
/app/.venv/lib/python3.14/site-packages/numpy/lib/_function_base_impl.py:3037: RuntimeWarning: invalid value encountered in divide
  c /= stddev[None, :]
/app/data/loader.py:132: PerformanceWarning: DataFrame is highly fragmented.  This is usually the result of calling `frame.insert` many times, which has poor performance.  Consider joining all columns at once using pd.concat(axis=1) instead. To get a de-fragmented frame, use `newframe = frame.copy()`
  X_df["uid_fraud_mean"] = y_series.groupby(by=uid_series).transform("mean").values
/app/data/loader.py:133: PerformanceWarning: DataFrame is highly fragmented.  This is usually the result of calling `frame.insert` many times, which has poor performance.  Consider joining all columns at once using pd.concat(axis=1) instead. To get a de-fragmented frame, use `newframe = frame.copy()`
  X_df["uid_count"]      = uid_series.groupby(by=uid_series).transform("count").astype(np.float32).values
/app/data/loader.py:134: PerformanceWarning: DataFrame is highly fragmented.  This is usually the result of calling `frame.insert` many times, which has poor performance.  Consider joining all columns at once using pd.concat(axis=1) instead. To get a de-fragmented frame, use `newframe = frame.copy()`
  X_df["uid_amt_mean"]   = amt_series.groupby(by=uid_series).transform("mean").astype(np.float32).values
/app/data/loader.py:135: PerformanceWarning: DataFrame is highly fragmented.  This is usually the result of calling `frame.insert` many times, which has poor performance.  Consider joining all columns at once using pd.concat(axis=1) instead. To get a de-fragmented frame, use `newframe = frame.copy()`
  X_df["uid_amt_std"]    = amt_series.groupby(by=uid_series).transform("std").fillna(0).astype(np.float32).values
/app/data/loader.py:142: PerformanceWarning: DataFrame is highly fragmented.  This is usually the result of calling `frame.insert` many times, which has poor performance.  Consider joining all columns at once using pd.concat(axis=1) instead. To get a de-fragmented frame, use `newframe = frame.copy()`
  X_df["log_TransactionAmt"] = np.log1p(
/app/data/loader.py:147: PerformanceWarning: DataFrame is highly fragmented.  This is usually the result of calling `frame.insert` many times, which has poor performance.  Consider joining all columns at once using pd.concat(axis=1) instead. To get a de-fragmented frame, use `newframe = frame.copy()`
  X_df["amt_uid_ratio"] = (
  Train samples: 120000
  Test samples:  30000
  Input dim: 122
Strategy: CascadeRouter

Starting FL simulation:
  Clients:      10
  Rounds:       50
  Adversaries:  2
  Attack:       label_flip
[93mWARNING [0m:   DEPRECATED FEATURE: flwr.simulation.start_simulation() is deprecated.
	Instead, use the `flwr run` CLI command to start a local simulation in your Flower app, as shown for example below:

		$ flwr new  # Create a new Flower app from a template

		$ flwr run  # Run the Flower app in Simulation Mode

	Using `start_simulation()` is deprecated.

            This is a deprecated feature. It will be removed
            entirely in future versions of Flower.
        
[92mINFO [0m:      Starting Flower simulation, config: num_rounds=50, no round_timeout
2026-09-12 09:39:06,196	INFO worker.py:2024 -- Started a local Ray instance.
[92mINFO [0m:      Flower VCE: Ray initialized with resources: {'memory': 4809401140.0, 'object_store_memory': 2061171916.0, 'CPU': 20.0, 'node:__internal_head__': 1.0, 'accelerator_type:GeForce-RTX-3060': 1.0, 'GPU': 1.0, 'node:172.18.0.2': 1.0}
[92mINFO [0m:      Optimize your simulation with Flower VCE: https://flower.ai/docs/framework/how-to-run-simulations.html
[92mINFO [0m:      Flower VCE: Resources for each Virtual Client: {'num_cpus': 10, 'num_gpus': 0.5}
[92mINFO [0m:      Flower VCE: Creating VirtualClientEngineActorPool with 2 actors
[92mINFO [0m:      [INIT]
[92mINFO [0m:      Requesting initial parameters from one random client
[36m(ClientAppActor pid=53276)[0m [93mWARNING [0m:   DEPRECATED FEATURE: `client_fn` now expects a signature `def client_fn(context: Context)`.The provided `client_fn` has signature: {'cid': <Parameter "cid: str">}. You can import the `Context` like this: `from flwr.app import Context`
[36m(ClientAppActor pid=53276)[0m 
[36m(ClientAppActor pid=53276)[0m             This is a deprecated feature. It will be removed
[36m(ClientAppActor pid=53276)[0m             entirely in future versions of Flower.
[36m(ClientAppActor pid=53276)[0m         
[92mINFO [0m:      Received initial parameters from one random client
[92mINFO [0m:      Starting evaluation of initial global parameters
[92mINFO [0m:      Evaluation returned no results (`None`)
[92mINFO [0m:      
[92mINFO [0m:      [ROUND 1]
[92mINFO [0m:      configure_fit: strategy sampled 10 clients (out of 10)
[36m(ClientAppActor pid=53276)[0m [Client 7] Training on NVIDIA GeForce RTX 3060
[36m(ClientAppActor pid=53276)[0m [93mWARNING [0m:   DEPRECATED FEATURE: `client_fn` now expects a signature `def client_fn(context: Context)`.The provided `client_fn` has signature: {'cid': <Parameter "cid: str">}. You can import the `Context` like this: `from flwr.app import Context`
[36m(ClientAppActor pid=53276)[0m 
[36m(ClientAppActor pid=53276)[0m             This is a deprecated feature. It will be removed
[36m(ClientAppActor pid=53276)[0m             entirely in future versions of Flower.
[36m(ClientAppActor pid=53276)[0m         
[36m(ClientAppActor pid=53278)[0m 
[36m(ClientAppActor pid=53278)[0m         
[36m(ClientAppActor pid=53278)[0m 
[36m(ClientAppActor pid=53278)[0m         
[36m(ClientAppActor pid=53278)[0m [93mWARNING [0m:   DEPRECATED FEATURE: `client_fn` now expects a signature `def client_fn(context: Context)`.The provided `client_fn` has signature: {'cid': <Parameter "cid: str">}. You can import the `Context` like this: `from flwr.app import Context`[32m [repeated 2x across cluster] (Ray deduplicates logs by default. Set RAY_DEDUP_LOGS=0 to disable log deduplication, or see https://docs.ray.io/en/master/ray-observability/user-guides/configure-logging.html#log-deduplication for more options.)[0m
[36m(ClientAppActor pid=53278)[0m             This is a deprecated feature. It will be removed[32m [repeated 2x across cluster][0m
[36m(ClientAppActor pid=53278)[0m             entirely in future versions of Flower.[32m [repeated 2x across cluster][0m
[36m(ClientAppActor pid=53278)[0m [Client 8] Training on NVIDIA GeForce RTX 3060[32m [repeated 2x across cluster][0m
[36m(ClientAppActor pid=53276)[0m 
[36m(ClientAppActor pid=53276)[0m         
[36m(ClientAppActor pid=53278)[0m 
[36m(ClientAppActor pid=53278)[0m         
[36m(ClientAppActor pid=53278)[0m 
[36m(ClientAppActor pid=53278)[0m         
[36m(ClientAppActor pid=53276)[0m 
[36m(ClientAppActor pid=53276)[0m         
[36m(ClientAppActor pid=53276)[0m 
[36m(ClientAppActor pid=53276)[0m         
[36m(ClientAppActor pid=53276)[0m 
[36m(ClientAppActor pid=53276)[0m         
[36m(ClientAppActor pid=53278)[0m 
[36m(ClientAppActor pid=53278)[0m         
[92mINFO [0m:      aggregate_fit: received 10 results and 0 failures
[CascadeRouter] Round 1: 10 clients, 24578 parameters/client
[92mINFO [0m:      configure_evaluate: strategy sampled 10 clients (out of 10)
INFO:flwr:configure_evaluate: strategy sampled 10 clients (out of 10)
[36m(ClientAppActor pid=53276)[0m 
[36m(ClientAppActor pid=53276)[0m         
[36m(ClientAppActor pid=53276)[0m [93mWARNING [0m:   DEPRECATED FEATURE: `client_fn` now expects a signature `def client_fn(context: Context)`.The provided `client_fn` has signature: {'cid': <Parameter "cid: str">}. You can import the `Context` like this: `from flwr.app import Context`[32m [repeated 8x across cluster][0m
[36m(ClientAppActor pid=53276)[0m             This is a deprecated feature. It will be removed[32m [repeated 8x across cluster][0m
[36m(ClientAppActor pid=53276)[0m             entirely in future versions of Flower.[32m [repeated 8x across cluster][0m
[36m(ClientAppActor pid=53278)[0m 
[36m(ClientAppActor pid=53278)[0m         
[36m(ClientAppActor pid=53278)[0m 
[36m(ClientAppActor pid=53278)[0m         
[36m(ClientAppActor pid=53276)[0m 
[36m(ClientAppActor pid=53276)[0m         
[36m(ClientAppActor pid=53278)[0m 
[36m(ClientAppActor pid=53278)[0m         
[36m(ClientAppActor pid=53276)[0m 
[36m(ClientAppActor pid=53276)[0m         
[36m(ClientAppActor pid=53276)[0m 
[36m(ClientAppActor pid=53276)[0m         
[36m(ClientAppActor pid=53278)[0m 
[36m(ClientAppActor pid=53278)[0m         
[36m(ClientAppActor pid=53278)[0m 
[36m(ClientAppActor pid=53278)[0m         
[36m(ClientAppActor pid=53276)[0m 
[36m(ClientAppActor pid=53276)[0m         
[92mINFO [0m:      aggregate_evaluate: received 10 results and 0 failures
INFO:flwr:aggregate_evaluate: received 10 results and 0 failures
[92mINFO [0m:      
INFO:flwr:
[92mINFO [0m:      [ROUND 2]
INFO:flwr:[ROUND 2]
[92mINFO [0m:      configure_fit: strategy sampled 10 clients (out of 10)
INFO:flwr:configure_fit: strategy sampled 10 clients (out of 10)
[36m(ClientAppActor pid=53278)[0m 
[36m(ClientAppActor pid=53278)[0m         
[36m(ClientAppActor pid=53276)[0m [Client 3] Training on NVIDIA GeForce RTX 3060[32m [repeated 8x across cluster][0m
[36m(ClientAppActor pid=53276)[0m 
[36m(ClientAppActor pid=53276)[0m         
[36m(ClientAppActor pid=53278)[0m 
[36m(ClientAppActor pid=53278)[0m         
[36m(ClientAppActor pid=53276)[0m 
[36m(ClientAppActor pid=53276)[0m         
[36m(ClientAppActor pid=53278)[0m 
[36m(ClientAppActor pid=53278)[0m         
[36m(ClientAppActor pid=53276)[0m 
[36m(ClientAppActor pid=53276)[0m         
[36m(ClientAppActor pid=53276)[0m 
[36m(ClientAppActor pid=53276)[0m         
[36m(ClientAppActor pid=53276)[0m [93mWARNING [0m:   DEPRECATED FEATURE: `client_fn` now expects a signature `def client_fn(context: Context)`.The provided `client_fn` has signature: {'cid': <Parameter "cid: str">}. You can import the `Context` like this: `from flwr.app import Context`[32m [repeated 16x across cluster][0m
[36m(ClientAppActor pid=53276)[0m             This is a deprecated feature. It will be removed[32m [repeated 16x across cluster][0m
[36m(ClientAppActor pid=53276)[0m             entirely in future versions of Flower.[32m [repeated 16x across cluster][0m
[36m(ClientAppActor pid=53276)[0m [Client 0] Training on NVIDIA GeForce RTX 3060[32m [repeated 7x across cluster][0m
[36m(ClientAppActor pid=53276)[0m 
[36m(ClientAppActor pid=53276)[0m         
[36m(ClientAppActor pid=53278)[0m 
[36m(ClientAppActor pid=53278)[0m         
[36m(ClientAppActor pid=53276)[0m 
[36m(ClientAppActor pid=53276)[0m         
[92mINFO [0m:      aggregate_fit: received 10 results and 0 failures
INFO:flwr:aggregate_fit: received 10 results and 0 failures
[CascadeRouter] Round 2: 10 clients, 24578 parameters/client
[92mINFO [0m:      configure_evaluate: strategy sampled 10 clients (out of 10)
INFO:flwr:configure_evaluate: strategy sampled 10 clients (out of 10)
[36m(ClientAppActor pid=53278)[0m 
[36m(ClientAppActor pid=53278)[0m         
[36m(ClientAppActor pid=53278)[0m [93mWARNING [0m:   DEPRECATED FEATURE: `client_fn` now expects a signature `def client_fn(context: Context)`.The provided `client_fn` has signature: {'cid': <Parameter "cid: str">}. You can import the `Context` like this: `from flwr.app import Context`[32m [repeated 4x across cluster][0m
[36m(ClientAppActor pid=53278)[0m             This is a deprecated feature. It will be removed[32m [repeated 4x across cluster][0m
[36m(ClientAppActor pid=53278)[0m             entirely in future versions of Flower.[32m [repeated 4x across cluster][0m
[36m(ClientAppActor pid=53276)[0m 
[36m(ClientAppActor pid=53276)[0m         
[36m(ClientAppActor pid=53278)[0m 
[36m(ClientAppActor pid=53278)[0m         
[36m(ClientAppActor pid=53276)[0m 
[36m(ClientAppActor pid=53276)[0m         
[36m(ClientAppActor pid=53278)[0m 
[36m(ClientAppActor pid=53278)[0m         
[36m(ClientAppActor pid=53276)[0m 
[36m(ClientAppActor pid=53276)[0m         
[36m(ClientAppActor pid=53278)[0m 
[36m(ClientAppActor pid=53278)[0m         
[36m(ClientAppActor pid=53276)[0m 
[36m(ClientAppActor pid=53276)[0m         
[36m(ClientAppActor pid=53278)[0m 
[36m(ClientAppActor pid=53278)[0m         
[36m(ClientAppActor pid=53276)[0m 
[36m(ClientAppActor pid=53276)[0m         
[92mINFO [0m:      aggregate_evaluate: received 10 results and 0 failures
INFO:flwr:aggregate_evaluate: received 10 results and 0 failures
[92mINFO [0m:      
INFO:flwr:
[92mINFO [0m:      [ROUND 3]
INFO:flwr:[ROUND 3]
[92mINFO [0m:      configure_fit: strategy sampled 10 clients (out of 10)
INFO:flwr:configure_fit: strategy sampled 10 clients (out of 10)
[36m(ClientAppActor pid=53276)[0m [Client 1] Training on NVIDIA GeForce RTX 3060[32m [repeated 3x across cluster][0m
[36m(ClientAppActor pid=53278)[0m 
[36m(ClientAppActor pid=53278)[0m         
[36m(ClientAppActor pid=53276)[0m 
[36m(ClientAppActor pid=53276)[0m         
[36m(ClientAppActor pid=53276)[0m 
[36m(ClientAppActor pid=53276)[0m         
[36m(ClientAppActor pid=53276)[0m [93mWARNING [0m:   DEPRECATED FEATURE: `client_fn` now expects a signature `def client_fn(context: Context)`.The provided `client_fn` has signature: {'cid': <Parameter "cid: str">}. You can import the `Context` like this: `from flwr.app import Context`[32m [repeated 12x across cluster][0m
[36m(ClientAppActor pid=53276)[0m             This is a deprecated feature. It will be removed[32m [repeated 12x across cluster][0m
[36m(ClientAppActor pid=53276)[0m             entirely in future versions of Flower.[32m [repeated 12x across cluster][0m
[36m(ClientAppActor pid=53276)[0m 
[36m(ClientAppActor pid=53276)[0m         
[36m(ClientAppActor pid=53276)[0m 
[36m(ClientAppActor pid=53276)[0m         
[36m(ClientAppActor pid=53276)[0m [Client 7] Training on NVIDIA GeForce RTX 3060[32m [repeated 4x across cluster][0m
[36m(ClientAppActor pid=53276)[0m 
[36m(ClientAppActor pid=53276)[0m         
[36m(ClientAppActor pid=53278)[0m 
[36m(ClientAppActor pid=53278)[0m         
[36m(ClientAppActor pid=53278)[0m 
[36m(ClientAppActor pid=53278)[0m         
[36m(ClientAppActor pid=53276)[0m 
[36m(ClientAppActor pid=53276)[0m         
[36m(ClientAppActor pid=53276)[0m [93mWARNING [0m:   DEPRECATED FEATURE: `client_fn` now expects a signature `def client_fn(context: Context)`.The provided `client_fn` has signature: {'cid': <Parameter "cid: str">}. You can import the `Context` like this: `from flwr.app import Context`[32m [repeated 6x across cluster][0m
[36m(ClientAppActor pid=53276)[0m             This is a deprecated feature. It will be removed[32m [repeated 6x across cluster][0m
[36m(ClientAppActor pid=53276)[0m             entirely in future versions of Flower.[32m [repeated 6x across cluster][0m
[36m(ClientAppActor pid=53276)[0m [Client 2] Training on NVIDIA GeForce RTX 3060[32m [repeated 5x across cluster][0m
[36m(ClientAppActor pid=53276)[0m 
[36m(ClientAppActor pid=53276)[0m         
[92mINFO [0m:      aggregate_fit: received 10 results and 0 failures
INFO:flwr:aggregate_fit: received 10 results and 0 failures
[CascadeRouter] Round 3: 10 clients, 24578 parameters/client
[92mINFO [0m:      configure_evaluate: strategy sampled 10 clients (out of 10)
INFO:flwr:configure_evaluate: strategy sampled 10 clients (out of 10)
[36m(ClientAppActor pid=53276)[0m 
[36m(ClientAppActor pid=53276)[0m         
[36m(ClientAppActor pid=53278)[0m 
[36m(ClientAppActor pid=53278)[0m         
[36m(ClientAppActor pid=53276)[0m 
[36m(ClientAppActor pid=53276)[0m         
[36m(ClientAppActor pid=53278)[0m 
[36m(ClientAppActor pid=53278)[0m         
[36m(ClientAppActor pid=53276)[0m 
[36m(ClientAppActor pid=53276)[0m         
[36m(ClientAppActor pid=53278)[0m 
[36m(ClientAppActor pid=53278)[0m         
[36m(ClientAppActor pid=53278)[0m 
[36m(ClientAppActor pid=53278)[0m         
[36m(ClientAppActor pid=53276)[0m 
[36m(ClientAppActor pid=53276)[0m         
[36m(ClientAppActor pid=53278)[0m 
[36m(ClientAppActor pid=53278)[0m         
[36m(ClientAppActor pid=53276)[0m 
[36m(ClientAppActor pid=53276)[0m         
[92mINFO [0m:      aggregate_evaluate: received 10 results and 0 failures
INFO:flwr:aggregate_evaluate: received 10 results and 0 failures
[92mINFO [0m:      
INFO:flwr:
[92mINFO [0m:      [ROUND 4]
INFO:flwr:[ROUND 4]
[92mINFO [0m:      configure_fit: strategy sampled 10 clients (out of 10)
INFO:flwr:configure_fit: strategy sampled 10 clients (out of 10)
[36m(ClientAppActor pid=53278)[0m 
[36m(ClientAppActor pid=53278)[0m         
[36m(ClientAppActor pid=53276)[0m 
[36m(ClientAppActor pid=53276)[0m         
[36m(ClientAppActor pid=53278)[0m 
[36m(ClientAppActor pid=53278)[0m         
[36m(ClientAppActor pid=53278)[0m 
[36m(ClientAppActor pid=53278)[0m         
[36m(ClientAppActor pid=53278)[0m [93mWARNING [0m:   DEPRECATED FEATURE: `client_fn` now expects a signature `def client_fn(context: Context)`.The provided `client_fn` has signature: {'cid': <Parameter "cid: str">}. You can import the `Context` like this: `from flwr.app import Context`[32m [repeated 15x across cluster][0m
[36m(ClientAppActor pid=53278)[0m             This is a deprecated feature. It will be removed[32m [repeated 15x across cluster][0m
[36m(ClientAppActor pid=53278)[0m             entirely in future versions of Flower.[32m [repeated 15x across cluster][0m
[36m(ClientAppActor pid=53278)[0m 
[36m(ClientAppActor pid=53278)[0m         
[36m(ClientAppActor pid=53278)[0m [Client 2] Training on NVIDIA GeForce RTX 3060[32m [repeated 5x across cluster][0m
[36m(ClientAppActor pid=53276)[0m 
[36m(ClientAppActor pid=53276)[0m         
[36m(ClientAppActor pid=53278)[0m 
[36m(ClientAppActor pid=53278)[0m         
[36m(ClientAppActor pid=53276)[0m 
[36m(ClientAppActor pid=53276)[0m         
[36m(ClientAppActor pid=53278)[0m 
[36m(ClientAppActor pid=53278)[0m         
[36m(ClientAppActor pid=53276)[0m 
[36m(ClientAppActor pid=53276)[0m         
[92mINFO [0m:      aggregate_fit: received 10 results and 0 failures
INFO:flwr:aggregate_fit: received 10 results and 0 failures
[CascadeRouter] Round 4: 10 clients, 24578 parameters/client
[92mINFO [0m:      configure_evaluate: strategy sampled 10 clients (out of 10)
INFO:flwr:configure_evaluate: strategy sampled 10 clients (out of 10)
[36m(ClientAppActor pid=53278)[0m 
[36m(ClientAppActor pid=53278)[0m         
[36m(ClientAppActor pid=53278)[0m [93mWARNING [0m:   DEPRECATED FEATURE: `client_fn` now expects a signature `def client_fn(context: Context)`.The provided `client_fn` has signature: {'cid': <Parameter "cid: str">}. You can import the `Context` like this: `from flwr.app import Context`[32m [repeated 7x across cluster][0m
[36m(ClientAppActor pid=53278)[0m             This is a deprecated feature. It will be removed[32m [repeated 7x across cluster][0m
[36m(ClientAppActor pid=53278)[0m             entirely in future versions of Flower.[32m [repeated 7x across cluster][0m
[36m(ClientAppActor pid=53276)[0m 
[36m(ClientAppActor pid=53276)[0m         
[36m(ClientAppActor pid=53278)[0m 
[36m(ClientAppActor pid=53278)[0m         
[36m(ClientAppActor pid=53276)[0m 
[36m(ClientAppActor pid=53276)[0m         
[36m(ClientAppActor pid=53278)[0m 
[36m(ClientAppActor pid=53278)[0m         
[36m(ClientAppActor pid=53276)[0m 
[36m(ClientAppActor pid=53276)[0m         
[36m(ClientAppActor pid=53278)[0m 
[36m(ClientAppActor pid=53278)[0m         
[36m(ClientAppActor pid=53276)[0m 
[36m(ClientAppActor pid=53276)[0m         
[36m(ClientAppActor pid=53278)[0m 
[36m(ClientAppActor pid=53278)[0m         
[36m(ClientAppActor pid=53276)[0m 
[36m(ClientAppActor pid=53276)[0m         
[92mINFO [0m:      aggregate_evaluate: received 10 results and 0 failures
INFO:flwr:aggregate_evaluate: received 10 results and 0 failures
[92mINFO [0m:      
INFO:flwr:
[92mINFO [0m:      [ROUND 5]
INFO:flwr:[ROUND 5]
[92mINFO [0m:      configure_fit: strategy sampled 10 clients (out of 10)
INFO:flwr:configure_fit: strategy sampled 10 clients (out of 10)
[36m(ClientAppActor pid=53276)[0m [Client 2] Training on NVIDIA GeForce RTX 3060[32m [repeated 6x across cluster][0m
[36m(ClientAppActor pid=53276)[0m 
[36m(ClientAppActor pid=53276)[0m         
[36m(ClientAppActor pid=53278)[0m 
[36m(ClientAppActor pid=53278)[0m         
[36m(ClientAppActor pid=53276)[0m 
[36m(ClientAppActor pid=53276)[0m         
[36m(ClientAppActor pid=53276)[0m 
[36m(ClientAppActor pid=53276)[0m         
[36m(ClientAppActor pid=53278)[0m 
[36m(ClientAppActor pid=53278)[0m         
[36m(ClientAppActor pid=53278)[0m 
[36m(ClientAppActor pid=53278)[0m         
[36m(ClientAppActor pid=53278)[0m 
[36m(ClientAppActor pid=53278)[0m         
[36m(ClientAppActor pid=53278)[0m 
[36m(ClientAppActor pid=53278)[0m         
[36m(ClientAppActor pid=53278)[0m [93mWARNING [0m:   DEPRECATED FEATURE: `client_fn` now expects a signature `def client_fn(context: Context)`.The provided `client_fn` has signature: {'cid': <Parameter "cid: str">}. You can import the `Context` like this: `from flwr.app import Context`[32m [repeated 17x across cluster][0m
[36m(ClientAppActor pid=53278)[0m             This is a deprecated feature. It will be removed[32m [repeated 17x across cluster][0m
[36m(ClientAppActor pid=53278)[0m             entirely in future versions of Flower.[32m [repeated 17x across cluster][0m
[36m(ClientAppActor pid=53278)[0m [Client 3] Training on NVIDIA GeForce RTX 3060[32m [repeated 7x across cluster][0m
[36m(ClientAppActor pid=53278)[0m 
[36m(ClientAppActor pid=53278)[0m         
[36m(ClientAppActor pid=53278)[0m 
[36m(ClientAppActor pid=53278)[0m         
[92mINFO [0m:      aggregate_fit: received 10 results and 0 failures
INFO:flwr:aggregate_fit: received 10 results and 0 failures
[CascadeRouter] Round 5: 10 clients, 24578 parameters/client
[92mINFO [0m:      configure_evaluate: strategy sampled 10 clients (out of 10)
INFO:flwr:configure_evaluate: strategy sampled 10 clients (out of 10)
[36m(ClientAppActor pid=53278)[0m 
[36m(ClientAppActor pid=53278)[0m         
[36m(ClientAppActor pid=53278)[0m [93mWARNING [0m:   DEPRECATED FEATURE: `client_fn` now expects a signature `def client_fn(context: Context)`.The provided `client_fn` has signature: {'cid': <Parameter "cid: str">}. You can import the `Context` like this: `from flwr.app import Context`[32m [repeated 3x across cluster][0m
[36m(ClientAppActor pid=53278)[0m             This is a deprecated feature. It will be removed[32m [repeated 3x across cluster][0m
[36m(ClientAppActor pid=53278)[0m             entirely in future versions of Flower.[32m [repeated 3x across cluster][0m
[36m(ClientAppActor pid=53276)[0m 
[36m(ClientAppActor pid=53276)[0m         
[36m(ClientAppActor pid=53278)[0m 
[36m(ClientAppActor pid=53278)[0m         
[36m(ClientAppActor pid=53276)[0m 
[36m(ClientAppActor pid=53276)[0m         
[36m(ClientAppActor pid=53278)[0m 
[36m(ClientAppActor pid=53278)[0m         
[36m(ClientAppActor pid=53276)[0m 
[36m(ClientAppActor pid=53276)[0m         
[36m(ClientAppActor pid=53278)[0m 
[36m(ClientAppActor pid=53278)[0m         
[36m(ClientAppActor pid=53276)[0m 
[36m(ClientAppActor pid=53276)[0m         
[36m(ClientAppActor pid=53278)[0m 
[36m(ClientAppActor pid=53278)[0m         
[36m(ClientAppActor pid=53276)[0m 
[36m(ClientAppActor pid=53276)[0m         
[92mINFO [0m:      aggregate_evaluate: received 10 results and 0 failures
INFO:flwr:aggregate_evaluate: received 10 results and 0 failures
[92mINFO [0m:      
INFO:flwr:
[92mINFO [0m:      [ROUND 6]
INFO:flwr:[ROUND 6]
[92mINFO [0m:      configure_fit: strategy sampled 10 clients (out of 10)
INFO:flwr:configure_fit: strategy sampled 10 clients (out of 10)
[36m(ClientAppActor pid=53276)[0m [Client 5] Training on NVIDIA GeForce RTX 3060[32m [repeated 3x across cluster][0m
[36m(ClientAppActor pid=53278)[0m 
[36m(ClientAppActor pid=53278)[0m         
[36m(ClientAppActor pid=53276)[0m 
[36m(ClientAppActor pid=53276)[0m         
[36m(ClientAppActor pid=53278)[0m 
[36m(ClientAppActor pid=53278)[0m         
[36m(ClientAppActor pid=53278)[0m 
[36m(ClientAppActor pid=53278)[0m         
[36m(ClientAppActor pid=53276)[0m 
[36m(ClientAppActor pid=53276)[0m         
[36m(ClientAppActor pid=53276)[0m [Client 0] Training on NVIDIA GeForce RTX 3060[32m [repeated 5x across cluster][0m
[36m(ClientAppActor pid=53276)[0m 
[36m(ClientAppActor pid=53276)[0m         
[36m(ClientAppActor pid=53276)[0m [93mWARNING [0m:   DEPRECATED FEATURE: `client_fn` now expects a signature `def client_fn(context: Context)`.The provided `client_fn` has signature: {'cid': <Parameter "cid: str">}. You can import the `Context` like this: `from flwr.app import Context`[32m [repeated 15x across cluster][0m
[36m(ClientAppActor pid=53276)[0m             This is a deprecated feature. It will be removed[32m [repeated 15x across cluster][0m
[36m(ClientAppActor pid=53276)[0m             entirely in future versions of Flower.[32m [repeated 15x across cluster][0m
[36m(ClientAppActor pid=53276)[0m 
[36m(ClientAppActor pid=53276)[0m         
[36m(ClientAppActor pid=53276)[0m 
[36m(ClientAppActor pid=53276)[0m         
[36m(ClientAppActor pid=53278)[0m 
[36m(ClientAppActor pid=53278)[0m         
[36m(ClientAppActor pid=53276)[0m 
[36m(ClientAppActor pid=53276)[0m         
[92mINFO [0m:      aggregate_fit: received 10 results and 0 failures
INFO:flwr:aggregate_fit: received 10 results and 0 failures
[CascadeRouter] Round 6: 10 clients, 24578 parameters/client
[92mINFO [0m:      configure_evaluate: strategy sampled 10 clients (out of 10)
INFO:flwr:configure_evaluate: strategy sampled 10 clients (out of 10)
[36m(ClientAppActor pid=53276)[0m 
[36m(ClientAppActor pid=53276)[0m         
[36m(ClientAppActor pid=53278)[0m 
[36m(ClientAppActor pid=53278)[0m         
[36m(ClientAppActor pid=53278)[0m 
[36m(ClientAppActor pid=53278)[0m         
[36m(ClientAppActor pid=53276)[0m 
[36m(ClientAppActor pid=53276)[0m         
[36m(ClientAppActor pid=53278)[0m 
[36m(ClientAppActor pid=53278)[0m         
[36m(ClientAppActor pid=53276)[0m 
[36m(ClientAppActor pid=53276)[0m         
[36m(ClientAppActor pid=53278)[0m 
[36m(ClientAppActor pid=53278)[0m         
[36m(ClientAppActor pid=53278)[0m [93mWARNING [0m:   DEPRECATED FEATURE: `client_fn` now expects a signature `def client_fn(context: Context)`.The provided `client_fn` has signature: {'cid': <Parameter "cid: str">}. You can import the `Context` like this: `from flwr.app import Context`[32m [repeated 11x across cluster][0m
[36m(ClientAppActor pid=53278)[0m             This is a deprecated feature. It will be removed[32m [repeated 11x across cluster][0m
[36m(ClientAppActor pid=53278)[0m             entirely in future versions of Flower.[32m [repeated 11x across cluster][0m
[36m(ClientAppActor pid=53276)[0m 
[36m(ClientAppActor pid=53276)[0m         
[36m(ClientAppActor pid=53276)[0m 
[36m(ClientAppActor pid=53276)[0m         
[36m(ClientAppActor pid=53278)[0m 
[36m(ClientAppActor pid=53278)[0m         
[92mINFO [0m:      aggregate_evaluate: received 10 results and 0 failures
INFO:flwr:aggregate_evaluate: received 10 results and 0 failures
[92mINFO [0m:      
INFO:flwr:
[92mINFO [0m:      [ROUND 7]
INFO:flwr:[ROUND 7]
[92mINFO [0m:      configure_fit: strategy sampled 10 clients (out of 10)
INFO:flwr:configure_fit: strategy sampled 10 clients (out of 10)
[36m(ClientAppActor pid=53278)[0m 
[36m(ClientAppActor pid=53278)[0m         
[36m(ClientAppActor pid=53278)[0m [Client 4] Training on NVIDIA GeForce RTX 3060[32m [repeated 5x across cluster][0m
[36m(ClientAppActor pid=53276)[0m 
[36m(ClientAppActor pid=53276)[0m         
[36m(ClientAppActor pid=53276)[0m 
[36m(ClientAppActor pid=53276)[0m         
[36m(ClientAppActor pid=53276)[0m 
[36m(ClientAppActor pid=53276)[0m         
[36m(ClientAppActor pid=53276)[0m 
[36m(ClientAppActor pid=53276)[0m         
[36m(ClientAppActor pid=53276)[0m [93mWARNING [0m:   DEPRECATED FEATURE: `client_fn` now expects a signature `def client_fn(context: Context)`.The provided `client_fn` has signature: {'cid': <Parameter "cid: str">}. You can import the `Context` like this: `from flwr.app import Context`[32m [repeated 8x across cluster][0m
[36m(ClientAppActor pid=53276)[0m             This is a deprecated feature. It will be removed[32m [repeated 8x across cluster][0m
[36m(ClientAppActor pid=53276)[0m             entirely in future versions of Flower.[32m [repeated 8x across cluster][0m
[36m(ClientAppActor pid=53276)[0m [Client 8] Training on NVIDIA GeForce RTX 3060[32m [repeated 4x across cluster][0m
[36m(ClientAppActor pid=53276)[0m 
[36m(ClientAppActor pid=53276)[0m         
[36m(ClientAppActor pid=53278)[0m 
[36m(ClientAppActor pid=53278)[0m         
[36m(ClientAppActor pid=53276)[0m 
[36m(ClientAppActor pid=53276)[0m         
[36m(ClientAppActor pid=53276)[0m 
[36m(ClientAppActor pid=53276)[0m         
[36m(ClientAppActor pid=53278)[0m 
[36m(ClientAppActor pid=53278)[0m         
[92mINFO [0m:      aggregate_fit: received 10 results and 0 failures
INFO:flwr:aggregate_fit: received 10 results and 0 failures
[CascadeRouter] Round 7: 10 clients, 24578 parameters/client
[92mINFO [0m:      configure_evaluate: strategy sampled 10 clients (out of 10)
INFO:flwr:configure_evaluate: strategy sampled 10 clients (out of 10)
[36m(ClientAppActor pid=53278)[0m 
[36m(ClientAppActor pid=53278)[0m         
[36m(ClientAppActor pid=53276)[0m 
[36m(ClientAppActor pid=53276)[0m         
[36m(ClientAppActor pid=53276)[0m [93mWARNING [0m:   DEPRECATED FEATURE: `client_fn` now expects a signature `def client_fn(context: Context)`.The provided `client_fn` has signature: {'cid': <Parameter "cid: str">}. You can import the `Context` like this: `from flwr.app import Context`[32m [repeated 7x across cluster][0m
[36m(ClientAppActor pid=53276)[0m             This is a deprecated feature. It will be removed[32m [repeated 7x across cluster][0m
[36m(ClientAppActor pid=53276)[0m             entirely in future versions of Flower.[32m [repeated 7x across cluster][0m
[36m(ClientAppActor pid=53278)[0m 
[36m(ClientAppActor pid=53278)[0m         
[36m(ClientAppActor pid=53276)[0m 
[36m(ClientAppActor pid=53276)[0m         
[36m(ClientAppActor pid=53278)[0m 
[36m(ClientAppActor pid=53278)[0m         
[36m(ClientAppActor pid=53276)[0m 
[36m(ClientAppActor pid=53276)[0m         
[36m(ClientAppActor pid=53278)[0m 
[36m(ClientAppActor pid=53278)[0m         
[36m(ClientAppActor pid=53276)[0m 
[36m(ClientAppActor pid=53276)[0m         
[36m(ClientAppActor pid=53278)[0m 
[36m(ClientAppActor pid=53278)[0m         
[36m(ClientAppActor pid=53276)[0m 
[36m(ClientAppActor pid=53276)[0m         
[92mINFO [0m:      aggregate_evaluate: received 10 results and 0 failures
INFO:flwr:aggregate_evaluate: received 10 results and 0 failures
[92mINFO [0m:      
INFO:flwr:
[92mINFO [0m:      [ROUND 8]
INFO:flwr:[ROUND 8]
[92mINFO [0m:      configure_fit: strategy sampled 10 clients (out of 10)
INFO:flwr:configure_fit: strategy sampled 10 clients (out of 10)
[36m(ClientAppActor pid=53276)[0m 
[36m(ClientAppActor pid=53276)[0m         
[36m(ClientAppActor pid=53276)[0m [Client 9] Training on NVIDIA GeForce RTX 3060[32m [repeated 6x across cluster][0m
[36m(ClientAppActor pid=53278)[0m 
[36m(ClientAppActor pid=53278)[0m         
[36m(ClientAppActor pid=53276)[0m 
[36m(ClientAppActor pid=53276)[0m         
[36m(ClientAppActor pid=53278)[0m 
[36m(ClientAppActor pid=53278)[0m         
[36m(ClientAppActor pid=53278)[0m 
[36m(ClientAppActor pid=53278)[0m         
[36m(ClientAppActor pid=53276)[0m 
[36m(ClientAppActor pid=53276)[0m         
[36m(ClientAppActor pid=53276)[0m [Client 2] Training on NVIDIA GeForce RTX 3060[32m [repeated 6x across cluster][0m
[36m(ClientAppActor pid=53276)[0m 
[36m(ClientAppActor pid=53276)[0m         
[36m(ClientAppActor pid=53276)[0m [93mWARNING [0m:   DEPRECATED FEATURE: `client_fn` now expects a signature `def client_fn(context: Context)`.The provided `client_fn` has signature: {'cid': <Parameter "cid: str">}. You can import the `Context` like this: `from flwr.app import Context`[32m [repeated 15x across cluster][0m
[36m(ClientAppActor pid=53276)[0m             This is a deprecated feature. It will be removed[32m [repeated 15x across cluster][0m
[36m(ClientAppActor pid=53276)[0m             entirely in future versions of Flower.[32m [repeated 15x across cluster][0m
[36m(ClientAppActor pid=53276)[0m 
[36m(ClientAppActor pid=53276)[0m         
[36m(ClientAppActor pid=53276)[0m 
[36m(ClientAppActor pid=53276)[0m         
[36m(ClientAppActor pid=53276)[0m 
[36m(ClientAppActor pid=53276)[0m         
[92mINFO [0m:      aggregate_fit: received 10 results and 0 failures
INFO:flwr:aggregate_fit: received 10 results and 0 failures
[CascadeRouter] Round 8: 10 clients, 24578 parameters/client
[92mINFO [0m:      configure_evaluate: strategy sampled 10 clients (out of 10)
INFO:flwr:configure_evaluate: strategy sampled 10 clients (out of 10)
[36m(ClientAppActor pid=53278)[0m 
[36m(ClientAppActor pid=53278)[0m         
[36m(ClientAppActor pid=53276)[0m 
[36m(ClientAppActor pid=53276)[0m         
[36m(ClientAppActor pid=53278)[0m 
[36m(ClientAppActor pid=53278)[0m         
[36m(ClientAppActor pid=53276)[0m 
[36m(ClientAppActor pid=53276)[0m         
[36m(ClientAppActor pid=53276)[0m 
[36m(ClientAppActor pid=53276)[0m         
[36m(ClientAppActor pid=53278)[0m 
[36m(ClientAppActor pid=53278)[0m         
[36m(ClientAppActor pid=53276)[0m 
[36m(ClientAppActor pid=53276)[0m         
[36m(ClientAppActor pid=53278)[0m 
[36m(ClientAppActor pid=53278)[0m         
[36m(ClientAppActor pid=53278)[0m 
[36m(ClientAppActor pid=53278)[0m         
[36m(ClientAppActor pid=53276)[0m 
[36m(ClientAppActor pid=53276)[0m         
[92mINFO [0m:      aggregate_evaluate: received 10 results and 0 failures
INFO:flwr:aggregate_evaluate: received 10 results and 0 failures
[92mINFO [0m:      
INFO:flwr:
[92mINFO [0m:      [ROUND 9]
INFO:flwr:[ROUND 9]
[92mINFO [0m:      configure_fit: strategy sampled 10 clients (out of 10)
INFO:flwr:configure_fit: strategy sampled 10 clients (out of 10)
[36m(ClientAppActor pid=53278)[0m 
[36m(ClientAppActor pid=53278)[0m         
[36m(ClientAppActor pid=53276)[0m 
[36m(ClientAppActor pid=53276)[0m         
[36m(ClientAppActor pid=53278)[0m 
[36m(ClientAppActor pid=53278)[0m         
[36m(ClientAppActor pid=53278)[0m [93mWARNING [0m:   DEPRECATED FEATURE: `client_fn` now expects a signature `def client_fn(context: Context)`.The provided `client_fn` has signature: {'cid': <Parameter "cid: str">}. You can import the `Context` like this: `from flwr.app import Context`[32m [repeated 16x across cluster][0m
[36m(ClientAppActor pid=53278)[0m             This is a deprecated feature. It will be removed[32m [repeated 16x across cluster][0m
[36m(ClientAppActor pid=53278)[0m             entirely in future versions of Flower.[32m [repeated 16x across cluster][0m
[36m(ClientAppActor pid=53278)[0m [Client 3] Training on NVIDIA GeForce RTX 3060[32m [repeated 6x across cluster][0m
[36m(ClientAppActor pid=53278)[0m 
[36m(ClientAppActor pid=53278)[0m         
[36m(ClientAppActor pid=53276)[0m 
[36m(ClientAppActor pid=53276)[0m         
[36m(ClientAppActor pid=53278)[0m 
[36m(ClientAppActor pid=53278)[0m         
[36m(ClientAppActor pid=53276)[0m 
[36m(ClientAppActor pid=53276)[0m         
[36m(ClientAppActor pid=53278)[0m 
[36m(ClientAppActor pid=53278)[0m         
[36m(ClientAppActor pid=53278)[0m 
[36m(ClientAppActor pid=53278)[0m         
[36m(ClientAppActor pid=53278)[0m [93mWARNING [0m:   DEPRECATED FEATURE: `client_fn` now expects a signature `def client_fn(context: Context)`.The provided `client_fn` has signature: {'cid': <Parameter "cid: str">}. You can import the `Context` like this: `from flwr.app import Context`[32m [repeated 6x across cluster][0m
[36m(ClientAppActor pid=53278)[0m             This is a deprecated feature. It will be removed[32m [repeated 6x across cluster][0m
[36m(ClientAppActor pid=53278)[0m             entirely in future versions of Flower.[32m [repeated 6x across cluster][0m
[36m(ClientAppActor pid=53278)[0m [Client 5] Training on NVIDIA GeForce RTX 3060[32m [repeated 6x across cluster][0m
[36m(ClientAppActor pid=53278)[0m 
[36m(ClientAppActor pid=53278)[0m         
[92mINFO [0m:      aggregate_fit: received 10 results and 0 failures
INFO:flwr:aggregate_fit: received 10 results and 0 failures
[CascadeRouter] Round 9: 10 clients, 24578 parameters/client
[92mINFO [0m:      configure_evaluate: strategy sampled 10 clients (out of 10)
INFO:flwr:configure_evaluate: strategy sampled 10 clients (out of 10)
[36m(ClientAppActor pid=53278)[0m 
[36m(ClientAppActor pid=53278)[0m         
[36m(ClientAppActor pid=53276)[0m 
[36m(ClientAppActor pid=53276)[0m         
[36m(ClientAppActor pid=53276)[0m 
[36m(ClientAppActor pid=53276)[0m         
[36m(ClientAppActor pid=53278)[0m 
[36m(ClientAppActor pid=53278)[0m         
[36m(ClientAppActor pid=53276)[0m 
[36m(ClientAppActor pid=53276)[0m         
[36m(ClientAppActor pid=53278)[0m 
[36m(ClientAppActor pid=53278)[0m         
[36m(ClientAppActor pid=53276)[0m 
[36m(ClientAppActor pid=53276)[0m         
[36m(ClientAppActor pid=53276)[0m [93mWARNING [0m:   DEPRECATED FEATURE: `client_fn` now expects a signature `def client_fn(context: Context)`.The provided `client_fn` has signature: {'cid': <Parameter "cid: str">}. You can import the `Context` like this: `from flwr.app import Context`[32m [repeated 8x across cluster][0m
[36m(ClientAppActor pid=53276)[0m             This is a deprecated feature. It will be removed[32m [repeated 8x across cluster][0m
[36m(ClientAppActor pid=53276)[0m             entirely in future versions of Flower.[32m [repeated 8x across cluster][0m
[36m(ClientAppActor pid=53278)[0m 
[36m(ClientAppActor pid=53278)[0m         
[36m(ClientAppActor pid=53276)[0m 
[36m(ClientAppActor pid=53276)[0m         
[36m(ClientAppActor pid=53278)[0m 
[36m(ClientAppActor pid=53278)[0m         
[92mINFO [0m:      aggregate_evaluate: received 10 results and 0 failures
INFO:flwr:aggregate_evaluate: received 10 results and 0 failures
[92mINFO [0m:      
INFO:flwr:
[92mINFO [0m:      [ROUND 10]
INFO:flwr:[ROUND 10]
[92mINFO [0m:      configure_fit: strategy sampled 10 clients (out of 10)
INFO:flwr:configure_fit: strategy sampled 10 clients (out of 10)
[36m(ClientAppActor pid=53278)[0m 
[36m(ClientAppActor pid=53278)[0m         
[36m(ClientAppActor pid=53278)[0m [Client 2] Training on NVIDIA GeForce RTX 3060[32m [repeated 2x across cluster][0m
[36m(ClientAppActor pid=53276)[0m 
[36m(ClientAppActor pid=53276)[0m         
[36m(ClientAppActor pid=53276)[0m 
[36m(ClientAppActor pid=53276)[0m         
[36m(ClientAppActor pid=53276)[0m 
[36m(ClientAppActor pid=53276)[0m         
[36m(ClientAppActor pid=53278)[0m 
[36m(ClientAppActor pid=53278)[0m         
[36m(ClientAppActor pid=53278)[0m 
[36m(ClientAppActor pid=53278)[0m         
[36m(ClientAppActor pid=53278)[0m 
[36m(ClientAppActor pid=53278)[0m         
[36m(ClientAppActor pid=53278)[0m [93mWARNING [0m:   DEPRECATED FEATURE: `client_fn` now expects a signature `def client_fn(context: Context)`.The provided `client_fn` has signature: {'cid': <Parameter "cid: str">}. You can import the `Context` like this: `from flwr.app import Context`[32m [repeated 10x across cluster][0m
[36m(ClientAppActor pid=53278)[0m             This is a deprecated feature. It will be removed[32m [repeated 10x across cluster][0m
[36m(ClientAppActor pid=53278)[0m             entirely in future versions of Flower.[32m [repeated 10x across cluster][0m
[36m(ClientAppActor pid=53278)[0m [Client 9] Training on NVIDIA GeForce RTX 3060[32m [repeated 6x across cluster][0m
[36m(ClientAppActor pid=53278)[0m 
[36m(ClientAppActor pid=53278)[0m         
[36m(ClientAppActor pid=53276)[0m 
[36m(ClientAppActor pid=53276)[0m         
[36m(ClientAppActor pid=53278)[0m 
[36m(ClientAppActor pid=53278)[0m         
[92mINFO [0m:      aggregate_fit: received 10 results and 0 failures
INFO:flwr:aggregate_fit: received 10 results and 0 failures
[CascadeRouter] Round 10: 10 clients, 24578 parameters/client
[92mINFO [0m:      configure_evaluate: strategy sampled 10 clients (out of 10)
INFO:flwr:configure_evaluate: strategy sampled 10 clients (out of 10)
[36m(ClientAppActor pid=53276)[0m 
[36m(ClientAppActor pid=53276)[0m         
[36m(ClientAppActor pid=53278)[0m 
[36m(ClientAppActor pid=53278)[0m         
[36m(ClientAppActor pid=53278)[0m 
[36m(ClientAppActor pid=53278)[0m         
[36m(ClientAppActor pid=53276)[0m 
[36m(ClientAppActor pid=53276)[0m         
[36m(ClientAppActor pid=53276)[0m 
[36m(ClientAppActor pid=53276)[0m         
[36m(ClientAppActor pid=53278)[0m 
[36m(ClientAppActor pid=53278)[0m         
[36m(ClientAppActor pid=53278)[0m [93mWARNING [0m:   DEPRECATED FEATURE: `client_fn` now expects a signature `def client_fn(context: Context)`.The provided `client_fn` has signature: {'cid': <Parameter "cid: str">}. You can import the `Context` like this: `from flwr.app import Context`[32m [repeated 9x across cluster][0m
[36m(ClientAppActor pid=53278)[0m             This is a deprecated feature. It will be removed[32m [repeated 9x across cluster][0m
[36m(ClientAppActor pid=53278)[0m             entirely in future versions of Flower.[32m [repeated 9x across cluster][0m
[36m(ClientAppActor pid=53278)[0m 
[36m(ClientAppActor pid=53278)[0m         
[36m(ClientAppActor pid=53276)[0m 
[36m(ClientAppActor pid=53276)[0m         
[36m(ClientAppActor pid=53276)[0m 
[36m(ClientAppActor pid=53276)[0m         
[36m(ClientAppActor pid=53278)[0m 
[36m(ClientAppActor pid=53278)[0m         
[92mINFO [0m:      aggregate_evaluate: received 10 results and 0 failures
INFO:flwr:aggregate_evaluate: received 10 results and 0 failures
[92mINFO [0m:      
INFO:flwr:
[92mINFO [0m:      [ROUND 11]
INFO:flwr:[ROUND 11]
[92mINFO [0m:      configure_fit: strategy sampled 10 clients (out of 10)
INFO:flwr:configure_fit: strategy sampled 10 clients (out of 10)
[36m(ClientAppActor pid=53278)[0m 
[36m(ClientAppActor pid=53278)[0m         
[36m(ClientAppActor pid=53278)[0m [Client 0] Training on NVIDIA GeForce RTX 3060[32m [repeated 4x across cluster][0m
[36m(ClientAppActor pid=53276)[0m 
[36m(ClientAppActor pid=53276)[0m         
[36m(ClientAppActor pid=53278)[0m 
[36m(ClientAppActor pid=53278)[0m         
[36m(ClientAppActor pid=53278)[0m 
[36m(ClientAppActor pid=53278)[0m         
[36m(ClientAppActor pid=53278)[0m [93mWARNING [0m:   DEPRECATED FEATURE: `client_fn` now expects a signature `def client_fn(context: Context)`.The provided `client_fn` has signature: {'cid': <Parameter "cid: str">}. You can import the `Context` like this: `from flwr.app import Context`[32m [repeated 8x across cluster][0m
[36m(ClientAppActor pid=53278)[0m             This is a deprecated feature. It will be removed[32m [repeated 8x across cluster][0m
[36m(ClientAppActor pid=53278)[0m             entirely in future versions of Flower.[32m [repeated 8x across cluster][0m
[36m(ClientAppActor pid=53278)[0m 
[36m(ClientAppActor pid=53278)[0m         
[36m(ClientAppActor pid=53278)[0m [Client 5] Training on NVIDIA GeForce RTX 3060[32m [repeated 4x across cluster][0m
[36m(ClientAppActor pid=53276)[0m 
[36m(ClientAppActor pid=53276)[0m         
[36m(ClientAppActor pid=53276)[0m 
[36m(ClientAppActor pid=53276)[0m         
[36m(ClientAppActor pid=53276)[0m 
[36m(ClientAppActor pid=53276)[0m         
[36m(ClientAppActor pid=53278)[0m 
[36m(ClientAppActor pid=53278)[0m         
[36m(ClientAppActor pid=53276)[0m 
[36m(ClientAppActor pid=53276)[0m         
[92mINFO [0m:      aggregate_fit: received 10 results and 0 failures
INFO:flwr:aggregate_fit: received 10 results and 0 failures
[CascadeRouter] Round 11: 10 clients, 24578 parameters/client
[92mINFO [0m:      configure_evaluate: strategy sampled 10 clients (out of 10)
INFO:flwr:configure_evaluate: strategy sampled 10 clients (out of 10)
[36m(ClientAppActor pid=53278)[0m 
[36m(ClientAppActor pid=53278)[0m         
[36m(ClientAppActor pid=53278)[0m [93mWARNING [0m:   DEPRECATED FEATURE: `client_fn` now expects a signature `def client_fn(context: Context)`.The provided `client_fn` has signature: {'cid': <Parameter "cid: str">}. You can import the `Context` like this: `from flwr.app import Context`[32m [repeated 7x across cluster][0m
[36m(ClientAppActor pid=53278)[0m             This is a deprecated feature. It will be removed[32m [repeated 7x across cluster][0m
[36m(ClientAppActor pid=53278)[0m             entirely in future versions of Flower.[32m [repeated 7x across cluster][0m
[36m(ClientAppActor pid=53276)[0m 
[36m(ClientAppActor pid=53276)[0m         
[36m(ClientAppActor pid=53278)[0m 
[36m(ClientAppActor pid=53278)[0m         
[36m(ClientAppActor pid=53276)[0m 
[36m(ClientAppActor pid=53276)[0m         
[36m(ClientAppActor pid=53278)[0m 
[36m(ClientAppActor pid=53278)[0m         
[36m(ClientAppActor pid=53276)[0m 
[36m(ClientAppActor pid=53276)[0m         
[36m(ClientAppActor pid=53278)[0m 
[36m(ClientAppActor pid=53278)[0m         
[36m(ClientAppActor pid=53276)[0m 
[36m(ClientAppActor pid=53276)[0m         
[36m(ClientAppActor pid=53278)[0m 
[36m(ClientAppActor pid=53278)[0m         
[36m(ClientAppActor pid=53276)[0m 
[36m(ClientAppActor pid=53276)[0m         
[92mINFO [0m:      aggregate_evaluate: received 10 results and 0 failures
INFO:flwr:aggregate_evaluate: received 10 results and 0 failures
[92mINFO [0m:      
INFO:flwr:
[92mINFO [0m:      [ROUND 12]
INFO:flwr:[ROUND 12]
[92mINFO [0m:      configure_fit: strategy sampled 10 clients (out of 10)
INFO:flwr:configure_fit: strategy sampled 10 clients (out of 10)
[36m(ClientAppActor pid=53276)[0m [Client 4] Training on NVIDIA GeForce RTX 3060[32m [repeated 6x across cluster][0m
[36m(ClientAppActor pid=53276)[0m 
[36m(ClientAppActor pid=53276)[0m         
[36m(ClientAppActor pid=53278)[0m 
[36m(ClientAppActor pid=53278)[0m         
[36m(ClientAppActor pid=53278)[0m 
[36m(ClientAppActor pid=53278)[0m         
[36m(ClientAppActor pid=53278)[0m [93mWARNING [0m:   DEPRECATED FEATURE: `client_fn` now expects a signature `def client_fn(context: Context)`.The provided `client_fn` has signature: {'cid': <Parameter "cid: str">}. You can import the `Context` like this: `from flwr.app import Context`[32m [repeated 12x across cluster][0m
[36m(ClientAppActor pid=53278)[0m             This is a deprecated feature. It will be removed[32m [repeated 12x across cluster][0m
[36m(ClientAppActor pid=53278)[0m             entirely in future versions of Flower.[32m [repeated 12x across cluster][0m
[36m(ClientAppActor pid=53278)[0m 
[36m(ClientAppActor pid=53278)[0m         
[36m(ClientAppActor pid=53278)[0m [Client 2] Training on NVIDIA GeForce RTX 3060[32m [repeated 3x across cluster][0m
[36m(ClientAppActor pid=53276)[0m 
[36m(ClientAppActor pid=53276)[0m         
[36m(ClientAppActor pid=53278)[0m 
[36m(ClientAppActor pid=53278)[0m         
[36m(ClientAppActor pid=53276)[0m 
[36m(ClientAppActor pid=53276)[0m         
[36m(ClientAppActor pid=53276)[0m 
[36m(ClientAppActor pid=53276)[0m         
[36m(ClientAppActor pid=53276)[0m 
[36m(ClientAppActor pid=53276)[0m         
[36m(ClientAppActor pid=53278)[0m 
[36m(ClientAppActor pid=53278)[0m         
[36m(ClientAppActor pid=53278)[0m [93mWARNING [0m:   DEPRECATED FEATURE: `client_fn` now expects a signature `def client_fn(context: Context)`.The provided `client_fn` has signature: {'cid': <Parameter "cid: str">}. You can import the `Context` like this: `from flwr.app import Context`[32m [repeated 7x across cluster][0m
[36m(ClientAppActor pid=53278)[0m             This is a deprecated feature. It will be removed[32m [repeated 7x across cluster][0m
[36m(ClientAppActor pid=53278)[0m             entirely in future versions of Flower.[32m [repeated 7x across cluster][0m
[92mINFO [0m:      aggregate_fit: received 10 results and 0 failures
INFO:flwr:aggregate_fit: received 10 results and 0 failures
[CascadeRouter] Round 12: 10 clients, 24578 parameters/client
[92mINFO [0m:      configure_evaluate: strategy sampled 10 clients (out of 10)
INFO:flwr:configure_evaluate: strategy sampled 10 clients (out of 10)
[36m(ClientAppActor pid=53276)[0m 
[36m(ClientAppActor pid=53276)[0m         
[36m(ClientAppActor pid=53278)[0m 
[36m(ClientAppActor pid=53278)[0m         
[36m(ClientAppActor pid=53278)[0m 
[36m(ClientAppActor pid=53278)[0m         
[36m(ClientAppActor pid=53276)[0m 
[36m(ClientAppActor pid=53276)[0m         
[36m(ClientAppActor pid=53278)[0m 
[36m(ClientAppActor pid=53278)[0m         
[36m(ClientAppActor pid=53276)[0m 
[36m(ClientAppActor pid=53276)[0m         
[36m(ClientAppActor pid=53276)[0m 
[36m(ClientAppActor pid=53276)[0m         
[36m(ClientAppActor pid=53278)[0m 
[36m(ClientAppActor pid=53278)[0m         
[36m(ClientAppActor pid=53276)[0m 
[36m(ClientAppActor pid=53276)[0m         
[36m(ClientAppActor pid=53278)[0m 
[36m(ClientAppActor pid=53278)[0m         
[92mINFO [0m:      aggregate_evaluate: received 10 results and 0 failures
INFO:flwr:aggregate_evaluate: received 10 results and 0 failures
[92mINFO [0m:      
INFO:flwr:
[92mINFO [0m:      [ROUND 13]
INFO:flwr:[ROUND 13]
[92mINFO [0m:      configure_fit: strategy sampled 10 clients (out of 10)
INFO:flwr:configure_fit: strategy sampled 10 clients (out of 10)
[36m(ClientAppActor pid=53278)[0m 
[36m(ClientAppActor pid=53278)[0m         
[36m(ClientAppActor pid=53278)[0m [Client 4] Training on NVIDIA GeForce RTX 3060[32m [repeated 7x across cluster][0m
[36m(ClientAppActor pid=53276)[0m 
[36m(ClientAppActor pid=53276)[0m         
[36m(ClientAppActor pid=53276)[0m 
[36m(ClientAppActor pid=53276)[0m         
[36m(ClientAppActor pid=53276)[0m [93mWARNING [0m:   DEPRECATED FEATURE: `client_fn` now expects a signature `def client_fn(context: Context)`.The provided `client_fn` has signature: {'cid': <Parameter "cid: str">}. You can import the `Context` like this: `from flwr.app import Context`[32m [repeated 13x across cluster][0m
[36m(ClientAppActor pid=53276)[0m             This is a deprecated feature. It will be removed[32m [repeated 13x across cluster][0m
[36m(ClientAppActor pid=53276)[0m             entirely in future versions of Flower.[32m [repeated 13x across cluster][0m
[36m(ClientAppActor pid=53276)[0m [Client 9] Training on NVIDIA GeForce RTX 3060[32m [repeated 3x across cluster][0m
[36m(ClientAppActor pid=53276)[0m 
[36m(ClientAppActor pid=53276)[0m         
[36m(ClientAppActor pid=53278)[0m 
[36m(ClientAppActor pid=53278)[0m         
[36m(ClientAppActor pid=53276)[0m 
[36m(ClientAppActor pid=53276)[0m         
[36m(ClientAppActor pid=53276)[0m 
[36m(ClientAppActor pid=53276)[0m         
[36m(ClientAppActor pid=53278)[0m 
[36m(ClientAppActor pid=53278)[0m         
[36m(ClientAppActor pid=53278)[0m 
[36m(ClientAppActor pid=53278)[0m         
[36m(ClientAppActor pid=53278)[0m [93mWARNING [0m:   DEPRECATED FEATURE: `client_fn` now expects a signature `def client_fn(context: Context)`.The provided `client_fn` has signature: {'cid': <Parameter "cid: str">}. You can import the `Context` like this: `from flwr.app import Context`[32m [repeated 6x across cluster][0m
[36m(ClientAppActor pid=53278)[0m             This is a deprecated feature. It will be removed[32m [repeated 6x across cluster][0m
[36m(ClientAppActor pid=53278)[0m             entirely in future versions of Flower.[32m [repeated 6x across cluster][0m
[36m(ClientAppActor pid=53276)[0m 
[36m(ClientAppActor pid=53276)[0m         
[92mINFO [0m:      aggregate_fit: received 10 results and 0 failures
INFO:flwr:aggregate_fit: received 10 results and 0 failures
[CascadeRouter] Round 13: 10 clients, 24578 parameters/client
[92mINFO [0m:      configure_evaluate: strategy sampled 10 clients (out of 10)
INFO:flwr:configure_evaluate: strategy sampled 10 clients (out of 10)
[36m(ClientAppActor pid=53278)[0m 
[36m(ClientAppActor pid=53278)[0m         
[36m(ClientAppActor pid=53276)[0m 
[36m(ClientAppActor pid=53276)[0m         
[36m(ClientAppActor pid=53278)[0m 
[36m(ClientAppActor pid=53278)[0m         
[36m(ClientAppActor pid=53276)[0m 
[36m(ClientAppActor pid=53276)[0m         
[36m(ClientAppActor pid=53278)[0m 
[36m(ClientAppActor pid=53278)[0m         
[36m(ClientAppActor pid=53276)[0m 
[36m(ClientAppActor pid=53276)[0m         
[36m(ClientAppActor pid=53278)[0m 
[36m(ClientAppActor pid=53278)[0m         
[36m(ClientAppActor pid=53276)[0m 
[36m(ClientAppActor pid=53276)[0m         
[36m(ClientAppActor pid=53278)[0m 
[36m(ClientAppActor pid=53278)[0m         
[36m(ClientAppActor pid=53276)[0m 
[36m(ClientAppActor pid=53276)[0m         
[92mINFO [0m:      aggregate_evaluate: received 10 results and 0 failures
INFO:flwr:aggregate_evaluate: received 10 results and 0 failures
[92mINFO [0m:      
INFO:flwr:
[92mINFO [0m:      [ROUND 14]
INFO:flwr:[ROUND 14]
[92mINFO [0m:      configure_fit: strategy sampled 10 clients (out of 10)
INFO:flwr:configure_fit: strategy sampled 10 clients (out of 10)
[36m(ClientAppActor pid=53276)[0m [Client 2] Training on NVIDIA GeForce RTX 3060[32m [repeated 7x across cluster][0m
[36m(ClientAppActor pid=53278)[0m 
[36m(ClientAppActor pid=53278)[0m         
[36m(ClientAppActor pid=53276)[0m 
[36m(ClientAppActor pid=53276)[0m         
[36m(ClientAppActor pid=53278)[0m 
[36m(ClientAppActor pid=53278)[0m         
[36m(ClientAppActor pid=53276)[0m 
[36m(ClientAppActor pid=53276)[0m         
[36m(ClientAppActor pid=53278)[0m 
[36m(ClientAppActor pid=53278)[0m         
[36m(ClientAppActor pid=53278)[0m [93mWARNING [0m:   DEPRECATED FEATURE: `client_fn` now expects a signature `def client_fn(context: Context)`.The provided `client_fn` has signature: {'cid': <Parameter "cid: str">}. You can import the `Context` like this: `from flwr.app import Context`[32m [repeated 16x across cluster][0m
[36m(ClientAppActor pid=53278)[0m             This is a deprecated feature. It will be removed[32m [repeated 16x across cluster][0m
[36m(ClientAppActor pid=53278)[0m             entirely in future versions of Flower.[32m [repeated 16x across cluster][0m
[36m(ClientAppActor pid=53278)[0m 
[36m(ClientAppActor pid=53278)[0m         
[36m(ClientAppActor pid=53278)[0m [Client 9] Training on NVIDIA GeForce RTX 3060[32m [repeated 5x across cluster][0m
[36m(ClientAppActor pid=53278)[0m 
[36m(ClientAppActor pid=53278)[0m         
[36m(ClientAppActor pid=53278)[0m 
[36m(ClientAppActor pid=53278)[0m         
[36m(ClientAppActor pid=53278)[0m 
[36m(ClientAppActor pid=53278)[0m         
[36m(ClientAppActor pid=53278)[0m [93mWARNING [0m:   DEPRECATED FEATURE: `client_fn` now expects a signature `def client_fn(context: Context)`.The provided `client_fn` has signature: {'cid': <Parameter "cid: str">}. You can import the `Context` like this: `from flwr.app import Context`[32m [repeated 4x across cluster][0m
[36m(ClientAppActor pid=53278)[0m             This is a deprecated feature. It will be removed[32m [repeated 4x across cluster][0m
[36m(ClientAppActor pid=53278)[0m             entirely in future versions of Flower.[32m [repeated 4x across cluster][0m
[36m(ClientAppActor pid=53276)[0m 
[36m(ClientAppActor pid=53276)[0m         
[92mINFO [0m:      aggregate_fit: received 10 results and 0 failures
INFO:flwr:aggregate_fit: received 10 results and 0 failures
[CascadeRouter] Round 14: 10 clients, 24578 parameters/client
[92mINFO [0m:      configure_evaluate: strategy sampled 10 clients (out of 10)
INFO:flwr:configure_evaluate: strategy sampled 10 clients (out of 10)
[36m(ClientAppActor pid=53278)[0m 
[36m(ClientAppActor pid=53278)[0m         
[36m(ClientAppActor pid=53276)[0m 
[36m(ClientAppActor pid=53276)[0m         
[36m(ClientAppActor pid=53278)[0m 
[36m(ClientAppActor pid=53278)[0m         
[36m(ClientAppActor pid=53276)[0m 
[36m(ClientAppActor pid=53276)[0m         
[36m(ClientAppActor pid=53278)[0m 
[36m(ClientAppActor pid=53278)[0m         
[36m(ClientAppActor pid=53276)[0m 
[36m(ClientAppActor pid=53276)[0m         
[36m(ClientAppActor pid=53278)[0m 
[36m(ClientAppActor pid=53278)[0m         
[36m(ClientAppActor pid=53276)[0m 
[36m(ClientAppActor pid=53276)[0m         
[36m(ClientAppActor pid=53278)[0m 
[36m(ClientAppActor pid=53278)[0m         
[36m(ClientAppActor pid=53276)[0m 
[36m(ClientAppActor pid=53276)[0m         
[92mINFO [0m:      aggregate_evaluate: received 10 results and 0 failures
INFO:flwr:aggregate_evaluate: received 10 results and 0 failures
[92mINFO [0m:      
INFO:flwr:
[92mINFO [0m:      [ROUND 15]
INFO:flwr:[ROUND 15]
[92mINFO [0m:      configure_fit: strategy sampled 10 clients (out of 10)
INFO:flwr:configure_fit: strategy sampled 10 clients (out of 10)
[36m(ClientAppActor pid=53276)[0m 
[36m(ClientAppActor pid=53276)[0m         
[36m(ClientAppActor pid=53276)[0m [Client 8] Training on NVIDIA GeForce RTX 3060[32m [repeated 5x across cluster][0m
[36m(ClientAppActor pid=53278)[0m 
[36m(ClientAppActor pid=53278)[0m         
[36m(ClientAppActor pid=53276)[0m 
[36m(ClientAppActor pid=53276)[0m         
[36m(ClientAppActor pid=53278)[0m 
[36m(ClientAppActor pid=53278)[0m         
[36m(ClientAppActor pid=53278)[0m [93mWARNING [0m:   DEPRECATED FEATURE: `client_fn` now expects a signature `def client_fn(context: Context)`.The provided `client_fn` has signature: {'cid': <Parameter "cid: str">}. You can import the `Context` like this: `from flwr.app import Context`[32m [repeated 15x across cluster][0m
[36m(ClientAppActor pid=53278)[0m             This is a deprecated feature. It will be removed[32m [repeated 15x across cluster][0m
[36m(ClientAppActor pid=53278)[0m             entirely in future versions of Flower.[32m [repeated 15x across cluster][0m
[36m(ClientAppActor pid=53278)[0m 
[36m(ClientAppActor pid=53278)[0m         
[36m(ClientAppActor pid=53278)[0m 
[36m(ClientAppActor pid=53278)[0m         
[36m(ClientAppActor pid=53278)[0m 
[36m(ClientAppActor pid=53278)[0m         
[36m(ClientAppActor pid=53278)[0m [Client 2] Training on NVIDIA GeForce RTX 3060[32m [repeated 6x across cluster][0m
[36m(ClientAppActor pid=53276)[0m 
[36m(ClientAppActor pid=53276)[0m         
[36m(ClientAppActor pid=53276)[0m [93mWARNING [0m:   DEPRECATED FEATURE: `client_fn` now expects a signature `def client_fn(context: Context)`.The provided `client_fn` has signature: {'cid': <Parameter "cid: str">}. You can import the `Context` like this: `from flwr.app import Context`[32m [repeated 4x across cluster][0m
[36m(ClientAppActor pid=53276)[0m             This is a deprecated feature. It will be removed[32m [repeated 4x across cluster][0m
[36m(ClientAppActor pid=53276)[0m             entirely in future versions of Flower.[32m [repeated 4x across cluster][0m
[36m(ClientAppActor pid=53278)[0m 
[36m(ClientAppActor pid=53278)[0m         
[36m(ClientAppActor pid=53278)[0m 
[36m(ClientAppActor pid=53278)[0m         
[92mINFO [0m:      aggregate_fit: received 10 results and 0 failures
INFO:flwr:aggregate_fit: received 10 results and 0 failures
[CascadeRouter] Round 15: 10 clients, 24578 parameters/client
[92mINFO [0m:      configure_evaluate: strategy sampled 10 clients (out of 10)
INFO:flwr:configure_evaluate: strategy sampled 10 clients (out of 10)
[36m(ClientAppActor pid=53276)[0m 
[36m(ClientAppActor pid=53276)[0m         
[36m(ClientAppActor pid=53278)[0m 
[36m(ClientAppActor pid=53278)[0m         
[36m(ClientAppActor pid=53278)[0m 
[36m(ClientAppActor pid=53278)[0m         
[36m(ClientAppActor pid=53276)[0m 
[36m(ClientAppActor pid=53276)[0m         
[36m(ClientAppActor pid=53278)[0m 
[36m(ClientAppActor pid=53278)[0m         
[36m(ClientAppActor pid=53276)[0m 
[36m(ClientAppActor pid=53276)[0m         
[36m(ClientAppActor pid=53276)[0m 
[36m(ClientAppActor pid=53276)[0m         
[36m(ClientAppActor pid=53278)[0m 
[36m(ClientAppActor pid=53278)[0m         
[36m(ClientAppActor pid=53276)[0m 
[36m(ClientAppActor pid=53276)[0m         
[36m(ClientAppActor pid=53278)[0m 
[36m(ClientAppActor pid=53278)[0m         
[92mINFO [0m:      aggregate_evaluate: received 10 results and 0 failures
INFO:flwr:aggregate_evaluate: received 10 results and 0 failures
[92mINFO [0m:      
INFO:flwr:
[92mINFO [0m:      [ROUND 16]
INFO:flwr:[ROUND 16]
[92mINFO [0m:      configure_fit: strategy sampled 10 clients (out of 10)
INFO:flwr:configure_fit: strategy sampled 10 clients (out of 10)
[36m(ClientAppActor pid=53278)[0m 
[36m(ClientAppActor pid=53278)[0m         
[36m(ClientAppActor pid=53278)[0m [Client 1] Training on NVIDIA GeForce RTX 3060[32m [repeated 4x across cluster][0m
[36m(ClientAppActor pid=53276)[0m 
[36m(ClientAppActor pid=53276)[0m         
[36m(ClientAppActor pid=53276)[0m 
[36m(ClientAppActor pid=53276)[0m         
[36m(ClientAppActor pid=53276)[0m [93mWARNING [0m:   DEPRECATED FEATURE: `client_fn` now expects a signature `def client_fn(context: Context)`.The provided `client_fn` has signature: {'cid': <Parameter "cid: str">}. You can import the `Context` like this: `from flwr.app import Context`[32m [repeated 15x across cluster][0m
[36m(ClientAppActor pid=53276)[0m             This is a deprecated feature. It will be removed[32m [repeated 15x across cluster][0m
[36m(ClientAppActor pid=53276)[0m             entirely in future versions of Flower.[32m [repeated 15x across cluster][0m
[36m(ClientAppActor pid=53276)[0m 
[36m(ClientAppActor pid=53276)[0m         
[36m(ClientAppActor pid=53276)[0m 
[36m(ClientAppActor pid=53276)[0m         
[36m(ClientAppActor pid=53276)[0m 
[36m(ClientAppActor pid=53276)[0m         
[36m(ClientAppActor pid=53278)[0m 
[36m(ClientAppActor pid=53278)[0m         
[36m(ClientAppActor pid=53278)[0m 
[36m(ClientAppActor pid=53278)[0m         
[36m(ClientAppActor pid=53278)[0m [93mWARNING [0m:   DEPRECATED FEATURE: `client_fn` now expects a signature `def client_fn(context: Context)`.The provided `client_fn` has signature: {'cid': <Parameter "cid: str">}. You can import the `Context` like this: `from flwr.app import Context`[32m [repeated 5x across cluster][0m
[36m(ClientAppActor pid=53278)[0m             This is a deprecated feature. It will be removed[32m [repeated 5x across cluster][0m
[36m(ClientAppActor pid=53278)[0m             entirely in future versions of Flower.[32m [repeated 5x across cluster][0m
[36m(ClientAppActor pid=53278)[0m [Client 0] Training on NVIDIA GeForce RTX 3060[32m [repeated 7x across cluster][0m
[36m(ClientAppActor pid=53278)[0m 
[36m(ClientAppActor pid=53278)[0m         
[36m(ClientAppActor pid=53276)[0m 
[36m(ClientAppActor pid=53276)[0m         
[92mINFO [0m:      aggregate_fit: received 10 results and 0 failures
INFO:flwr:aggregate_fit: received 10 results and 0 failures
[CascadeRouter] Round 16: 10 clients, 24578 parameters/client
[92mINFO [0m:      configure_evaluate: strategy sampled 10 clients (out of 10)
INFO:flwr:configure_evaluate: strategy sampled 10 clients (out of 10)
[36m(ClientAppActor pid=53278)[0m 
[36m(ClientAppActor pid=53278)[0m         
[36m(ClientAppActor pid=53276)[0m 
[36m(ClientAppActor pid=53276)[0m         
[36m(ClientAppActor pid=53278)[0m 
[36m(ClientAppActor pid=53278)[0m         
[36m(ClientAppActor pid=53276)[0m 
[36m(ClientAppActor pid=53276)[0m         
[36m(ClientAppActor pid=53276)[0m 
[36m(ClientAppActor pid=53276)[0m         
[36m(ClientAppActor pid=53276)[0m [93mWARNING [0m:   DEPRECATED FEATURE: `client_fn` now expects a signature `def client_fn(context: Context)`.The provided `client_fn` has signature: {'cid': <Parameter "cid: str">}. You can import the `Context` like this: `from flwr.app import Context`[32m [repeated 7x across cluster][0m
[36m(ClientAppActor pid=53276)[0m             This is a deprecated feature. It will be removed[32m [repeated 7x across cluster][0m
[36m(ClientAppActor pid=53276)[0m             entirely in future versions of Flower.[32m [repeated 7x across cluster][0m
[36m(ClientAppActor pid=53278)[0m 
[36m(ClientAppActor pid=53278)[0m         
[36m(ClientAppActor pid=53276)[0m 
[36m(ClientAppActor pid=53276)[0m         
[36m(ClientAppActor pid=53278)[0m 
[36m(ClientAppActor pid=53278)[0m         
[36m(ClientAppActor pid=53276)[0m 
[36m(ClientAppActor pid=53276)[0m         
[36m(ClientAppActor pid=53278)[0m 
[36m(ClientAppActor pid=53278)[0m         
[92mINFO [0m:      aggregate_evaluate: received 10 results and 0 failures
INFO:flwr:aggregate_evaluate: received 10 results and 0 failures
[92mINFO [0m:      
INFO:flwr:
[92mINFO [0m:      [ROUND 17]
INFO:flwr:[ROUND 17]
[92mINFO [0m:      configure_fit: strategy sampled 10 clients (out of 10)
INFO:flwr:configure_fit: strategy sampled 10 clients (out of 10)
[36m(ClientAppActor pid=53278)[0m 
[36m(ClientAppActor pid=53278)[0m         
[36m(ClientAppActor pid=53278)[0m [Client 0] Training on NVIDIA GeForce RTX 3060[32m [repeated 3x across cluster][0m
[36m(ClientAppActor pid=53276)[0m 
[36m(ClientAppActor pid=53276)[0m         
[36m(ClientAppActor pid=53278)[0m 
[36m(ClientAppActor pid=53278)[0m         
[36m(ClientAppActor pid=53276)[0m 
[36m(ClientAppActor pid=53276)[0m         
[36m(ClientAppActor pid=53276)[0m 
[36m(ClientAppActor pid=53276)[0m         
[36m(ClientAppActor pid=53278)[0m 
[36m(ClientAppActor pid=53278)[0m         
[36m(ClientAppActor pid=53276)[0m 
[36m(ClientAppActor pid=53276)[0m         
[36m(ClientAppActor pid=53278)[0m 
[36m(ClientAppActor pid=53278)[0m         
[36m(ClientAppActor pid=53276)[0m 
[36m(ClientAppActor pid=53276)[0m         
[36m(ClientAppActor pid=53278)[0m 
[36m(ClientAppActor pid=53278)[0m         
[36m(ClientAppActor pid=53278)[0m [93mWARNING [0m:   DEPRECATED FEATURE: `client_fn` now expects a signature `def client_fn(context: Context)`.The provided `client_fn` has signature: {'cid': <Parameter "cid: str">}. You can import the `Context` like this: `from flwr.app import Context`[32m [repeated 15x across cluster][0m
[36m(ClientAppActor pid=53278)[0m             This is a deprecated feature. It will be removed[32m [repeated 15x across cluster][0m
[36m(ClientAppActor pid=53278)[0m             entirely in future versions of Flower.[32m [repeated 15x across cluster][0m
[36m(ClientAppActor pid=53278)[0m [Client 4] Training on NVIDIA GeForce RTX 3060[32m [repeated 9x across cluster][0m
[92mINFO [0m:      aggregate_fit: received 10 results and 0 failures
INFO:flwr:aggregate_fit: received 10 results and 0 failures
[CascadeRouter] Round 17: 10 clients, 24578 parameters/client
[92mINFO [0m:      configure_evaluate: strategy sampled 10 clients (out of 10)
INFO:flwr:configure_evaluate: strategy sampled 10 clients (out of 10)
[36m(ClientAppActor pid=53278)[0m 
[36m(ClientAppActor pid=53278)[0m         
[36m(ClientAppActor pid=53276)[0m 
[36m(ClientAppActor pid=53276)[0m         
[36m(ClientAppActor pid=53278)[0m 
[36m(ClientAppActor pid=53278)[0m         
[36m(ClientAppActor pid=53276)[0m 
[36m(ClientAppActor pid=53276)[0m         
[36m(ClientAppActor pid=53276)[0m [93mWARNING [0m:   DEPRECATED FEATURE: `client_fn` now expects a signature `def client_fn(context: Context)`.The provided `client_fn` has signature: {'cid': <Parameter "cid: str">}. You can import the `Context` like this: `from flwr.app import Context`[32m [repeated 4x across cluster][0m
[36m(ClientAppActor pid=53276)[0m             This is a deprecated feature. It will be removed[32m [repeated 4x across cluster][0m
[36m(ClientAppActor pid=53276)[0m             entirely in future versions of Flower.[32m [repeated 4x across cluster][0m
[36m(ClientAppActor pid=53278)[0m 
[36m(ClientAppActor pid=53278)[0m         
[36m(ClientAppActor pid=53276)[0m 
[36m(ClientAppActor pid=53276)[0m         
[36m(ClientAppActor pid=53278)[0m 
[36m(ClientAppActor pid=53278)[0m         
[36m(ClientAppActor pid=53276)[0m 
[36m(ClientAppActor pid=53276)[0m         
[36m(ClientAppActor pid=53278)[0m 
[36m(ClientAppActor pid=53278)[0m         
[36m(ClientAppActor pid=53276)[0m 
[36m(ClientAppActor pid=53276)[0m         
[92mINFO [0m:      aggregate_evaluate: received 10 results and 0 failures
INFO:flwr:aggregate_evaluate: received 10 results and 0 failures
[92mINFO [0m:      
INFO:flwr:
[92mINFO [0m:      [ROUND 18]
INFO:flwr:[ROUND 18]
[92mINFO [0m:      configure_fit: strategy sampled 10 clients (out of 10)
INFO:flwr:configure_fit: strategy sampled 10 clients (out of 10)
[36m(ClientAppActor pid=53276)[0m [Client 8] Training on NVIDIA GeForce RTX 3060
[36m(ClientAppActor pid=53276)[0m 
[36m(ClientAppActor pid=53276)[0m         
[36m(ClientAppActor pid=53278)[0m 
[36m(ClientAppActor pid=53278)[0m         
[36m(ClientAppActor pid=53278)[0m [Client 0] Training on NVIDIA GeForce RTX 3060
[36m(ClientAppActor pid=53276)[0m 
[36m(ClientAppActor pid=53276)[0m         
[36m(ClientAppActor pid=53276)[0m 
[36m(ClientAppActor pid=53276)[0m         
[36m(ClientAppActor pid=53278)[0m 
[36m(ClientAppActor pid=53278)[0m         
[36m(ClientAppActor pid=53276)[0m 
[36m(ClientAppActor pid=53276)[0m         
[36m(ClientAppActor pid=53276)[0m 
[36m(ClientAppActor pid=53276)[0m         
[36m(ClientAppActor pid=53276)[0m [93mWARNING [0m:   DEPRECATED FEATURE: `client_fn` now expects a signature `def client_fn(context: Context)`.The provided `client_fn` has signature: {'cid': <Parameter "cid: str">}. You can import the `Context` like this: `from flwr.app import Context`[32m [repeated 13x across cluster][0m
[36m(ClientAppActor pid=53276)[0m             This is a deprecated feature. It will be removed[32m [repeated 13x across cluster][0m
[36m(ClientAppActor pid=53276)[0m             entirely in future versions of Flower.[32m [repeated 13x across cluster][0m
[36m(ClientAppActor pid=53276)[0m [Client 4] Training on NVIDIA GeForce RTX 3060[32m [repeated 6x across cluster][0m
[36m(ClientAppActor pid=53276)[0m 
[36m(ClientAppActor pid=53276)[0m         
[36m(ClientAppActor pid=53278)[0m 
[36m(ClientAppActor pid=53278)[0m         
[36m(ClientAppActor pid=53278)[0m 
[36m(ClientAppActor pid=53278)[0m         
[92mINFO [0m:      aggregate_fit: received 10 results and 0 failures
INFO:flwr:aggregate_fit: received 10 results and 0 failures
[CascadeRouter] Round 18: 10 clients, 24578 parameters/client
[92mINFO [0m:      configure_evaluate: strategy sampled 10 clients (out of 10)
INFO:flwr:configure_evaluate: strategy sampled 10 clients (out of 10)
[36m(ClientAppActor pid=53278)[0m 
[36m(ClientAppActor pid=53278)[0m         
[36m(ClientAppActor pid=53278)[0m [93mWARNING [0m:   DEPRECATED FEATURE: `client_fn` now expects a signature `def client_fn(context: Context)`.The provided `client_fn` has signature: {'cid': <Parameter "cid: str">}. You can import the `Context` like this: `from flwr.app import Context`[32m [repeated 4x across cluster][0m
[36m(ClientAppActor pid=53278)[0m             This is a deprecated feature. It will be removed[32m [repeated 4x across cluster][0m
[36m(ClientAppActor pid=53278)[0m             entirely in future versions of Flower.[32m [repeated 4x across cluster][0m
[36m(ClientAppActor pid=53276)[0m 
[36m(ClientAppActor pid=53276)[0m         
[36m(ClientAppActor pid=53276)[0m 
[36m(ClientAppActor pid=53276)[0m         
[36m(ClientAppActor pid=53278)[0m 
[36m(ClientAppActor pid=53278)[0m         
[36m(ClientAppActor pid=53276)[0m 
[36m(ClientAppActor pid=53276)[0m         
[36m(ClientAppActor pid=53278)[0m 
[36m(ClientAppActor pid=53278)[0m         
[36m(ClientAppActor pid=53276)[0m 
[36m(ClientAppActor pid=53276)[0m         
[36m(ClientAppActor pid=53278)[0m 
[36m(ClientAppActor pid=53278)[0m         
[36m(ClientAppActor pid=53276)[0m 
[36m(ClientAppActor pid=53276)[0m         
[36m(ClientAppActor pid=53278)[0m 
[36m(ClientAppActor pid=53278)[0m         
[92mINFO [0m:      aggregate_evaluate: received 10 results and 0 failures
INFO:flwr:aggregate_evaluate: received 10 results and 0 failures
[92mINFO [0m:      
INFO:flwr:
[92mINFO [0m:      [ROUND 19]
INFO:flwr:[ROUND 19]
[92mINFO [0m:      configure_fit: strategy sampled 10 clients (out of 10)
INFO:flwr:configure_fit: strategy sampled 10 clients (out of 10)
[36m(ClientAppActor pid=53276)[0m [Client 8] Training on NVIDIA GeForce RTX 3060[32m [repeated 3x across cluster][0m
[36m(ClientAppActor pid=53278)[0m 
[36m(ClientAppActor pid=53278)[0m         
[36m(ClientAppActor pid=53276)[0m 
[36m(ClientAppActor pid=53276)[0m         
[36m(ClientAppActor pid=53276)[0m 
[36m(ClientAppActor pid=53276)[0m         
[36m(ClientAppActor pid=53276)[0m 
[36m(ClientAppActor pid=53276)[0m         
[36m(ClientAppActor pid=53278)[0m 
[36m(ClientAppActor pid=53278)[0m         
[36m(ClientAppActor pid=53276)[0m 
[36m(ClientAppActor pid=53276)[0m         
[36m(ClientAppActor pid=53278)[0m 
[36m(ClientAppActor pid=53278)[0m         
[36m(ClientAppActor pid=53278)[0m [93mWARNING [0m:   DEPRECATED FEATURE: `client_fn` now expects a signature `def client_fn(context: Context)`.The provided `client_fn` has signature: {'cid': <Parameter "cid: str">}. You can import the `Context` like this: `from flwr.app import Context`[32m [repeated 16x across cluster][0m
[36m(ClientAppActor pid=53278)[0m             This is a deprecated feature. It will be removed[32m [repeated 16x across cluster][0m
[36m(ClientAppActor pid=53278)[0m             entirely in future versions of Flower.[32m [repeated 16x across cluster][0m
[36m(ClientAppActor pid=53278)[0m 
[36m(ClientAppActor pid=53278)[0m         
[36m(ClientAppActor pid=53278)[0m [Client 6] Training on NVIDIA GeForce RTX 3060[32m [repeated 7x across cluster][0m
[36m(ClientAppActor pid=53278)[0m 
[36m(ClientAppActor pid=53278)[0m         
[36m(ClientAppActor pid=53276)[0m 
[36m(ClientAppActor pid=53276)[0m         
[36m(ClientAppActor pid=53276)[0m [93mWARNING [0m:   DEPRECATED FEATURE: `client_fn` now expects a signature `def client_fn(context: Context)`.The provided `client_fn` has signature: {'cid': <Parameter "cid: str">}. You can import the `Context` like this: `from flwr.app import Context`[32m [repeated 3x across cluster][0m
[36m(ClientAppActor pid=53276)[0m             This is a deprecated feature. It will be removed[32m [repeated 3x across cluster][0m
[36m(ClientAppActor pid=53276)[0m             entirely in future versions of Flower.[32m [repeated 3x across cluster][0m
[92mINFO [0m:      aggregate_fit: received 10 results and 0 failures
INFO:flwr:aggregate_fit: received 10 results and 0 failures
[CascadeRouter] Round 19: 10 clients, 24578 parameters/client
[92mINFO [0m:      configure_evaluate: strategy sampled 10 clients (out of 10)
INFO:flwr:configure_evaluate: strategy sampled 10 clients (out of 10)
[36m(ClientAppActor pid=53276)[0m 
[36m(ClientAppActor pid=53276)[0m         
[36m(ClientAppActor pid=53278)[0m 
[36m(ClientAppActor pid=53278)[0m         
[36m(ClientAppActor pid=53276)[0m 
[36m(ClientAppActor pid=53276)[0m         
[36m(ClientAppActor pid=53278)[0m 
[36m(ClientAppActor pid=53278)[0m         
[36m(ClientAppActor pid=53276)[0m 
[36m(ClientAppActor pid=53276)[0m         
[36m(ClientAppActor pid=53278)[0m 
[36m(ClientAppActor pid=53278)[0m         
[36m(ClientAppActor pid=53278)[0m 
[36m(ClientAppActor pid=53278)[0m         
[36m(ClientAppActor pid=53276)[0m 
[36m(ClientAppActor pid=53276)[0m         
[36m(ClientAppActor pid=53278)[0m 
[36m(ClientAppActor pid=53278)[0m         
[36m(ClientAppActor pid=53276)[0m 
[36m(ClientAppActor pid=53276)[0m         
[92mINFO [0m:      aggregate_evaluate: received 10 results and 0 failures
INFO:flwr:aggregate_evaluate: received 10 results and 0 failures
[92mINFO [0m:      
INFO:flwr:
[92mINFO [0m:      [ROUND 20]
INFO:flwr:[ROUND 20]
[92mINFO [0m:      configure_fit: strategy sampled 10 clients (out of 10)
INFO:flwr:configure_fit: strategy sampled 10 clients (out of 10)
[36m(ClientAppActor pid=53276)[0m [Client 7] Training on NVIDIA GeForce RTX 3060[32m [repeated 3x across cluster][0m
[36m(ClientAppActor pid=53278)[0m 
[36m(ClientAppActor pid=53278)[0m         
[36m(ClientAppActor pid=53276)[0m 
[36m(ClientAppActor pid=53276)[0m         
[36m(ClientAppActor pid=53278)[0m 
[36m(ClientAppActor pid=53278)[0m         
[36m(ClientAppActor pid=53276)[0m 
[36m(ClientAppActor pid=53276)[0m         
[36m(ClientAppActor pid=53276)[0m 
[36m(ClientAppActor pid=53276)[0m         
[36m(ClientAppActor pid=53278)[0m 
[36m(ClientAppActor pid=53278)[0m         
[36m(ClientAppActor pid=53276)[0m 
[36m(ClientAppActor pid=53276)[0m         
[36m(ClientAppActor pid=53276)[0m [93mWARNING [0m:   DEPRECATED FEATURE: `client_fn` now expects a signature `def client_fn(context: Context)`.The provided `client_fn` has signature: {'cid': <Parameter "cid: str">}. You can import the `Context` like this: `from flwr.app import Context`[32m [repeated 17x across cluster][0m
[36m(ClientAppActor pid=53276)[0m             This is a deprecated feature. It will be removed[32m [repeated 17x across cluster][0m
[36m(ClientAppActor pid=53276)[0m             entirely in future versions of Flower.[32m [repeated 17x across cluster][0m
[36m(ClientAppActor pid=53276)[0m 
[36m(ClientAppActor pid=53276)[0m         
[36m(ClientAppActor pid=53278)[0m 
[36m(ClientAppActor pid=53278)[0m         
[36m(ClientAppActor pid=53278)[0m [Client 0] Training on NVIDIA GeForce RTX 3060[32m [repeated 8x across cluster][0m
[36m(ClientAppActor pid=53278)[0m 
[36m(ClientAppActor pid=53278)[0m         
[92mINFO [0m:      aggregate_fit: received 10 results and 0 failures
INFO:flwr:aggregate_fit: received 10 results and 0 failures
[CascadeRouter] Round 20: 10 clients, 24578 parameters/client
[92mINFO [0m:      configure_evaluate: strategy sampled 10 clients (out of 10)
INFO:flwr:configure_evaluate: strategy sampled 10 clients (out of 10)
[36m(ClientAppActor pid=53278)[0m 
[36m(ClientAppActor pid=53278)[0m         
[36m(ClientAppActor pid=53278)[0m [93mWARNING [0m:   DEPRECATED FEATURE: `client_fn` now expects a signature `def client_fn(context: Context)`.The provided `client_fn` has signature: {'cid': <Parameter "cid: str">}. You can import the `Context` like this: `from flwr.app import Context`[32m [repeated 4x across cluster][0m
[36m(ClientAppActor pid=53278)[0m             This is a deprecated feature. It will be removed[32m [repeated 4x across cluster][0m
[36m(ClientAppActor pid=53278)[0m             entirely in future versions of Flower.[32m [repeated 4x across cluster][0m
[36m(ClientAppActor pid=53276)[0m 
[36m(ClientAppActor pid=53276)[0m         
[36m(ClientAppActor pid=53276)[0m 
[36m(ClientAppActor pid=53276)[0m         
[36m(ClientAppActor pid=53278)[0m 
[36m(ClientAppActor pid=53278)[0m         
[36m(ClientAppActor pid=53278)[0m 
[36m(ClientAppActor pid=53278)[0m         
[36m(ClientAppActor pid=53276)[0m 
[36m(ClientAppActor pid=53276)[0m         
[36m(ClientAppActor pid=53276)[0m 
[36m(ClientAppActor pid=53276)[0m         
[36m(ClientAppActor pid=53278)[0m 
[36m(ClientAppActor pid=53278)[0m         
[36m(ClientAppActor pid=53276)[0m 
[36m(ClientAppActor pid=53276)[0m         
[36m(ClientAppActor pid=53278)[0m 
[36m(ClientAppActor pid=53278)[0m         
[92mINFO [0m:      aggregate_evaluate: received 10 results and 0 failures
INFO:flwr:aggregate_evaluate: received 10 results and 0 failures
[92mINFO [0m:      
INFO:flwr:
[92mINFO [0m:      [ROUND 21]
INFO:flwr:[ROUND 21]
[92mINFO [0m:      configure_fit: strategy sampled 10 clients (out of 10)
INFO:flwr:configure_fit: strategy sampled 10 clients (out of 10)
[36m(ClientAppActor pid=53278)[0m 
[36m(ClientAppActor pid=53278)[0m         
[36m(ClientAppActor pid=53278)[0m [Client 1] Training on NVIDIA GeForce RTX 3060[32m [repeated 2x across cluster][0m
[36m(ClientAppActor pid=53276)[0m 
[36m(ClientAppActor pid=53276)[0m         
[36m(ClientAppActor pid=53278)[0m 
[36m(ClientAppActor pid=53278)[0m         
[36m(ClientAppActor pid=53278)[0m [93mWARNING [0m:   DEPRECATED FEATURE: `client_fn` now expects a signature `def client_fn(context: Context)`.The provided `client_fn` has signature: {'cid': <Parameter "cid: str">}. You can import the `Context` like this: `from flwr.app import Context`[32m [repeated 12x across cluster][0m
[36m(ClientAppActor pid=53278)[0m             This is a deprecated feature. It will be removed[32m [repeated 12x across cluster][0m
[36m(ClientAppActor pid=53278)[0m             entirely in future versions of Flower.[32m [repeated 12x across cluster][0m
[36m(ClientAppActor pid=53278)[0m 
[36m(ClientAppActor pid=53278)[0m         
[36m(ClientAppActor pid=53278)[0m [Client 6] Training on NVIDIA GeForce RTX 3060[32m [repeated 3x across cluster][0m
[36m(ClientAppActor pid=53278)[0m 
[36m(ClientAppActor pid=53278)[0m         
[36m(ClientAppActor pid=53278)[0m 
[36m(ClientAppActor pid=53278)[0m         
[36m(ClientAppActor pid=53276)[0m 
[36m(ClientAppActor pid=53276)[0m         
[36m(ClientAppActor pid=53278)[0m 
[36m(ClientAppActor pid=53278)[0m         
[36m(ClientAppActor pid=53278)[0m 
[36m(ClientAppActor pid=53278)[0m         
[36m(ClientAppActor pid=53276)[0m 
[36m(ClientAppActor pid=53276)[0m         
[92mINFO [0m:      aggregate_fit: received 10 results and 0 failures
INFO:flwr:aggregate_fit: received 10 results and 0 failures
[CascadeRouter] Round 21: 10 clients, 24578 parameters/client
[92mINFO [0m:      configure_evaluate: strategy sampled 10 clients (out of 10)
INFO:flwr:configure_evaluate: strategy sampled 10 clients (out of 10)
[36m(ClientAppActor pid=53276)[0m 
[36m(ClientAppActor pid=53276)[0m         
[36m(ClientAppActor pid=53276)[0m [93mWARNING [0m:   DEPRECATED FEATURE: `client_fn` now expects a signature `def client_fn(context: Context)`.The provided `client_fn` has signature: {'cid': <Parameter "cid: str">}. You can import the `Context` like this: `from flwr.app import Context`[32m [repeated 8x across cluster][0m
[36m(ClientAppActor pid=53276)[0m             This is a deprecated feature. It will be removed[32m [repeated 8x across cluster][0m
[36m(ClientAppActor pid=53276)[0m             entirely in future versions of Flower.[32m [repeated 8x across cluster][0m
[36m(ClientAppActor pid=53278)[0m 
[36m(ClientAppActor pid=53278)[0m         
[36m(ClientAppActor pid=53278)[0m 
[36m(ClientAppActor pid=53278)[0m         
[36m(ClientAppActor pid=53276)[0m 
[36m(ClientAppActor pid=53276)[0m         
[36m(ClientAppActor pid=53276)[0m 
[36m(ClientAppActor pid=53276)[0m         
[36m(ClientAppActor pid=53278)[0m 
[36m(ClientAppActor pid=53278)[0m         
[36m(ClientAppActor pid=53276)[0m 
[36m(ClientAppActor pid=53276)[0m         
[36m(ClientAppActor pid=53278)[0m 
[36m(ClientAppActor pid=53278)[0m         
[36m(ClientAppActor pid=53278)[0m 
[36m(ClientAppActor pid=53278)[0m         
[36m(ClientAppActor pid=53276)[0m 
[36m(ClientAppActor pid=53276)[0m         
[92mINFO [0m:      aggregate_evaluate: received 10 results and 0 failures
INFO:flwr:aggregate_evaluate: received 10 results and 0 failures
[92mINFO [0m:      
INFO:flwr:
[92mINFO [0m:      [ROUND 22]
INFO:flwr:[ROUND 22]
[92mINFO [0m:      configure_fit: strategy sampled 10 clients (out of 10)
INFO:flwr:configure_fit: strategy sampled 10 clients (out of 10)
[36m(ClientAppActor pid=53278)[0m 
[36m(ClientAppActor pid=53278)[0m         
[36m(ClientAppActor pid=53278)[0m [Client 9] Training on NVIDIA GeForce RTX 3060[32m [repeated 7x across cluster][0m
[36m(ClientAppActor pid=53276)[0m 
[36m(ClientAppActor pid=53276)[0m         
[36m(ClientAppActor pid=53276)[0m 
[36m(ClientAppActor pid=53276)[0m         
[36m(ClientAppActor pid=53278)[0m 
[36m(ClientAppActor pid=53278)[0m         
[36m(ClientAppActor pid=53278)[0m 
[36m(ClientAppActor pid=53278)[0m         
[36m(ClientAppActor pid=53278)[0m [93mWARNING [0m:   DEPRECATED FEATURE: `client_fn` now expects a signature `def client_fn(context: Context)`.The provided `client_fn` has signature: {'cid': <Parameter "cid: str">}. You can import the `Context` like this: `from flwr.app import Context`[32m [repeated 14x across cluster][0m
[36m(ClientAppActor pid=53278)[0m             This is a deprecated feature. It will be removed[32m [repeated 14x across cluster][0m
[36m(ClientAppActor pid=53278)[0m             entirely in future versions of Flower.[32m [repeated 14x across cluster][0m
[36m(ClientAppActor pid=53278)[0m 
[36m(ClientAppActor pid=53278)[0m         
[36m(ClientAppActor pid=53278)[0m 
[36m(ClientAppActor pid=53278)[0m         
[36m(ClientAppActor pid=53278)[0m [Client 1] Training on NVIDIA GeForce RTX 3060[32m [repeated 6x across cluster][0m
[36m(ClientAppActor pid=53276)[0m 
[36m(ClientAppActor pid=53276)[0m         
[36m(ClientAppActor pid=53276)[0m 
[36m(ClientAppActor pid=53276)[0m         
[36m(ClientAppActor pid=53276)[0m [93mWARNING [0m:   DEPRECATED FEATURE: `client_fn` now expects a signature `def client_fn(context: Context)`.The provided `client_fn` has signature: {'cid': <Parameter "cid: str">}. You can import the `Context` like this: `from flwr.app import Context`[32m [repeated 4x across cluster][0m
[36m(ClientAppActor pid=53276)[0m             This is a deprecated feature. It will be removed[32m [repeated 4x across cluster][0m
[36m(ClientAppActor pid=53276)[0m             entirely in future versions of Flower.[32m [repeated 4x across cluster][0m
[36m(ClientAppActor pid=53278)[0m 
[36m(ClientAppActor pid=53278)[0m         
[92mINFO [0m:      aggregate_fit: received 10 results and 0 failures
INFO:flwr:aggregate_fit: received 10 results and 0 failures
[CascadeRouter] Round 22: 10 clients, 24578 parameters/client
[92mINFO [0m:      configure_evaluate: strategy sampled 10 clients (out of 10)
INFO:flwr:configure_evaluate: strategy sampled 10 clients (out of 10)
[36m(ClientAppActor pid=53278)[0m 
[36m(ClientAppActor pid=53278)[0m         
[36m(ClientAppActor pid=53276)[0m 
[36m(ClientAppActor pid=53276)[0m         
[36m(ClientAppActor pid=53276)[0m 
[36m(ClientAppActor pid=53276)[0m         
[36m(ClientAppActor pid=53278)[0m 
[36m(ClientAppActor pid=53278)[0m         
[36m(ClientAppActor pid=53278)[0m 
[36m(ClientAppActor pid=53278)[0m         
[36m(ClientAppActor pid=53276)[0m 
[36m(ClientAppActor pid=53276)[0m         
[36m(ClientAppActor pid=53278)[0m 
[36m(ClientAppActor pid=53278)[0m         
[36m(ClientAppActor pid=53276)[0m 
[36m(ClientAppActor pid=53276)[0m         
[36m(ClientAppActor pid=53276)[0m 
[36m(ClientAppActor pid=53276)[0m         
[36m(ClientAppActor pid=53278)[0m 
[36m(ClientAppActor pid=53278)[0m         
[92mINFO [0m:      aggregate_evaluate: received 10 results and 0 failures
INFO:flwr:aggregate_evaluate: received 10 results and 0 failures
[92mINFO [0m:      
INFO:flwr:
[92mINFO [0m:      [ROUND 23]
INFO:flwr:[ROUND 23]
[92mINFO [0m:      configure_fit: strategy sampled 10 clients (out of 10)
INFO:flwr:configure_fit: strategy sampled 10 clients (out of 10)
[36m(ClientAppActor pid=53276)[0m [Client 6] Training on NVIDIA GeForce RTX 3060[32m [repeated 4x across cluster][0m
[36m(ClientAppActor pid=53278)[0m 
[36m(ClientAppActor pid=53278)[0m         
[36m(ClientAppActor pid=53276)[0m 
[36m(ClientAppActor pid=53276)[0m         
[36m(ClientAppActor pid=53276)[0m 
[36m(ClientAppActor pid=53276)[0m         
[36m(ClientAppActor pid=53276)[0m 
[36m(ClientAppActor pid=53276)[0m         
[36m(ClientAppActor pid=53276)[0m [93mWARNING [0m:   DEPRECATED FEATURE: `client_fn` now expects a signature `def client_fn(context: Context)`.The provided `client_fn` has signature: {'cid': <Parameter "cid: str">}. You can import the `Context` like this: `from flwr.app import Context`[32m [repeated 15x across cluster][0m
[36m(ClientAppActor pid=53276)[0m             This is a deprecated feature. It will be removed[32m [repeated 15x across cluster][0m
[36m(ClientAppActor pid=53276)[0m             entirely in future versions of Flower.[32m [repeated 15x across cluster][0m
[36m(ClientAppActor pid=53276)[0m 
[36m(ClientAppActor pid=53276)[0m         
[36m(ClientAppActor pid=53276)[0m [Client 9] Training on NVIDIA GeForce RTX 3060[32m [repeated 5x across cluster][0m
[36m(ClientAppActor pid=53276)[0m 
[36m(ClientAppActor pid=53276)[0m         
[36m(ClientAppActor pid=53276)[0m 
[36m(ClientAppActor pid=53276)[0m         
[36m(ClientAppActor pid=53278)[0m 
[36m(ClientAppActor pid=53278)[0m         
[36m(ClientAppActor pid=53278)[0m 
[36m(ClientAppActor pid=53278)[0m         
[36m(ClientAppActor pid=53278)[0m [93mWARNING [0m:   DEPRECATED FEATURE: `client_fn` now expects a signature `def client_fn(context: Context)`.The provided `client_fn` has signature: {'cid': <Parameter "cid: str">}. You can import the `Context` like this: `from flwr.app import Context`[32m [repeated 5x across cluster][0m
[36m(ClientAppActor pid=53278)[0m             This is a deprecated feature. It will be removed[32m [repeated 5x across cluster][0m
[36m(ClientAppActor pid=53278)[0m             entirely in future versions of Flower.[32m [repeated 5x across cluster][0m
[36m(ClientAppActor pid=53276)[0m 
[36m(ClientAppActor pid=53276)[0m         
[92mINFO [0m:      aggregate_fit: received 10 results and 0 failures
INFO:flwr:aggregate_fit: received 10 results and 0 failures
[CascadeRouter] Round 23: 10 clients, 24578 parameters/client
[92mINFO [0m:      configure_evaluate: strategy sampled 10 clients (out of 10)
INFO:flwr:configure_evaluate: strategy sampled 10 clients (out of 10)
[36m(ClientAppActor pid=53278)[0m 
[36m(ClientAppActor pid=53278)[0m         
[36m(ClientAppActor pid=53276)[0m 
[36m(ClientAppActor pid=53276)[0m         
[36m(ClientAppActor pid=53278)[0m 
[36m(ClientAppActor pid=53278)[0m         
[36m(ClientAppActor pid=53276)[0m 
[36m(ClientAppActor pid=53276)[0m         
[36m(ClientAppActor pid=53278)[0m 
[36m(ClientAppActor pid=53278)[0m         
[36m(ClientAppActor pid=53276)[0m 
[36m(ClientAppActor pid=53276)[0m         
[36m(ClientAppActor pid=53278)[0m 
[36m(ClientAppActor pid=53278)[0m         
[36m(ClientAppActor pid=53276)[0m 
[36m(ClientAppActor pid=53276)[0m         
[36m(ClientAppActor pid=53278)[0m 
[36m(ClientAppActor pid=53278)[0m         
[36m(ClientAppActor pid=53276)[0m 
[36m(ClientAppActor pid=53276)[0m         
[92mINFO [0m:      aggregate_evaluate: received 10 results and 0 failures
INFO:flwr:aggregate_evaluate: received 10 results and 0 failures
[92mINFO [0m:      
INFO:flwr:
[92mINFO [0m:      [ROUND 24]
INFO:flwr:[ROUND 24]
[92mINFO [0m:      configure_fit: strategy sampled 10 clients (out of 10)
INFO:flwr:configure_fit: strategy sampled 10 clients (out of 10)
[36m(ClientAppActor pid=53276)[0m [Client 6] Training on NVIDIA GeForce RTX 3060[32m [repeated 5x across cluster][0m
[36m(ClientAppActor pid=53276)[0m 
[36m(ClientAppActor pid=53276)[0m         
[36m(ClientAppActor pid=53278)[0m 
[36m(ClientAppActor pid=53278)[0m         
[36m(ClientAppActor pid=53276)[0m 
[36m(ClientAppActor pid=53276)[0m         
[36m(ClientAppActor pid=53276)[0m 
[36m(ClientAppActor pid=53276)[0m         
[36m(ClientAppActor pid=53276)[0m 
[36m(ClientAppActor pid=53276)[0m         
[36m(ClientAppActor pid=53276)[0m [93mWARNING [0m:   DEPRECATED FEATURE: `client_fn` now expects a signature `def client_fn(context: Context)`.The provided `client_fn` has signature: {'cid': <Parameter "cid: str">}. You can import the `Context` like this: `from flwr.app import Context`[32m [repeated 16x across cluster][0m
[36m(ClientAppActor pid=53276)[0m             This is a deprecated feature. It will be removed[32m [repeated 16x across cluster][0m
[36m(ClientAppActor pid=53276)[0m             entirely in future versions of Flower.[32m [repeated 16x across cluster][0m
[36m(ClientAppActor pid=53276)[0m 
[36m(ClientAppActor pid=53276)[0m         
[36m(ClientAppActor pid=53276)[0m [Client 8] Training on NVIDIA GeForce RTX 3060[32m [repeated 6x across cluster][0m
[36m(ClientAppActor pid=53276)[0m 
[36m(ClientAppActor pid=53276)[0m         
[36m(ClientAppActor pid=53276)[0m 
[36m(ClientAppActor pid=53276)[0m         
[36m(ClientAppActor pid=53278)[0m 
[36m(ClientAppActor pid=53278)[0m         
[36m(ClientAppActor pid=53278)[0m [93mWARNING [0m:   DEPRECATED FEATURE: `client_fn` now expects a signature `def client_fn(context: Context)`.The provided `client_fn` has signature: {'cid': <Parameter "cid: str">}. You can import the `Context` like this: `from flwr.app import Context`[32m [repeated 4x across cluster][0m
[36m(ClientAppActor pid=53278)[0m             This is a deprecated feature. It will be removed[32m [repeated 4x across cluster][0m
[36m(ClientAppActor pid=53278)[0m             entirely in future versions of Flower.[32m [repeated 4x across cluster][0m
[36m(ClientAppActor pid=53276)[0m 
[36m(ClientAppActor pid=53276)[0m         
[92mINFO [0m:      aggregate_fit: received 10 results and 0 failures
INFO:flwr:aggregate_fit: received 10 results and 0 failures
[CascadeRouter] Round 24: 10 clients, 24578 parameters/client
[92mINFO [0m:      configure_evaluate: strategy sampled 10 clients (out of 10)
INFO:flwr:configure_evaluate: strategy sampled 10 clients (out of 10)
[36m(ClientAppActor pid=53278)[0m 
[36m(ClientAppActor pid=53278)[0m         
[36m(ClientAppActor pid=53276)[0m 
[36m(ClientAppActor pid=53276)[0m         
[36m(ClientAppActor pid=53278)[0m 
[36m(ClientAppActor pid=53278)[0m         
[36m(ClientAppActor pid=53276)[0m 
[36m(ClientAppActor pid=53276)[0m         
[36m(ClientAppActor pid=53278)[0m 
[36m(ClientAppActor pid=53278)[0m         
[36m(ClientAppActor pid=53276)[0m 
[36m(ClientAppActor pid=53276)[0m         
[36m(ClientAppActor pid=53278)[0m 
[36m(ClientAppActor pid=53278)[0m         
[36m(ClientAppActor pid=53276)[0m 
[36m(ClientAppActor pid=53276)[0m         
[36m(ClientAppActor pid=53278)[0m 
[36m(ClientAppActor pid=53278)[0m         
[36m(ClientAppActor pid=53276)[0m 
[36m(ClientAppActor pid=53276)[0m         
[92mINFO [0m:      aggregate_evaluate: received 10 results and 0 failures
INFO:flwr:aggregate_evaluate: received 10 results and 0 failures
[92mINFO [0m:      
INFO:flwr:
[92mINFO [0m:      [ROUND 25]
INFO:flwr:[ROUND 25]
[92mINFO [0m:      configure_fit: strategy sampled 10 clients (out of 10)
INFO:flwr:configure_fit: strategy sampled 10 clients (out of 10)
[36m(ClientAppActor pid=53276)[0m [Client 7] Training on NVIDIA GeForce RTX 3060[32m [repeated 4x across cluster][0m
[36m(ClientAppActor pid=53278)[0m 
[36m(ClientAppActor pid=53278)[0m         
[36m(ClientAppActor pid=53278)[0m [93mWARNING [0m:   DEPRECATED FEATURE: `client_fn` now expects a signature `def client_fn(context: Context)`.The provided `client_fn` has signature: {'cid': <Parameter "cid: str">}. You can import the `Context` like this: `from flwr.app import Context`[32m [repeated 12x across cluster][0m
[36m(ClientAppActor pid=53278)[0m             This is a deprecated feature. It will be removed[32m [repeated 12x across cluster][0m
[36m(ClientAppActor pid=53278)[0m             entirely in future versions of Flower.[32m [repeated 12x across cluster][0m
[36m(ClientAppActor pid=53276)[0m 
[36m(ClientAppActor pid=53276)[0m         
[36m(ClientAppActor pid=53278)[0m 
[36m(ClientAppActor pid=53278)[0m         
[36m(ClientAppActor pid=53278)[0m 
[36m(ClientAppActor pid=53278)[0m         
[36m(ClientAppActor pid=53276)[0m 
[36m(ClientAppActor pid=53276)[0m         
[36m(ClientAppActor pid=53276)[0m 
[36m(ClientAppActor pid=53276)[0m         
[36m(ClientAppActor pid=53278)[0m 
[36m(ClientAppActor pid=53278)[0m         
[36m(ClientAppActor pid=53278)[0m 
[36m(ClientAppActor pid=53278)[0m         
[36m(ClientAppActor pid=53278)[0m 
[36m(ClientAppActor pid=53278)[0m         
[36m(ClientAppActor pid=53278)[0m [93mWARNING [0m:   DEPRECATED FEATURE: `client_fn` now expects a signature `def client_fn(context: Context)`.The provided `client_fn` has signature: {'cid': <Parameter "cid: str">}. You can import the `Context` like this: `from flwr.app import Context`[32m [repeated 8x across cluster][0m
[36m(ClientAppActor pid=53278)[0m             This is a deprecated feature. It will be removed[32m [repeated 8x across cluster][0m
[36m(ClientAppActor pid=53278)[0m             entirely in future versions of Flower.[32m [repeated 8x across cluster][0m
[36m(ClientAppActor pid=53278)[0m [Client 5] Training on NVIDIA GeForce RTX 3060[32m [repeated 8x across cluster][0m
[36m(ClientAppActor pid=53276)[0m 
[36m(ClientAppActor pid=53276)[0m         
[92mINFO [0m:      aggregate_fit: received 10 results and 0 failures
INFO:flwr:aggregate_fit: received 10 results and 0 failures
[CascadeRouter] Round 25: 10 clients, 24578 parameters/client
[92mINFO [0m:      configure_evaluate: strategy sampled 10 clients (out of 10)
INFO:flwr:configure_evaluate: strategy sampled 10 clients (out of 10)
[36m(ClientAppActor pid=53276)[0m 
[36m(ClientAppActor pid=53276)[0m         
[36m(ClientAppActor pid=53276)[0m [93mWARNING [0m:   DEPRECATED FEATURE: `client_fn` now expects a signature `def client_fn(context: Context)`.The provided `client_fn` has signature: {'cid': <Parameter "cid: str">}. You can import the `Context` like this: `from flwr.app import Context`[32m [repeated 2x across cluster][0m
[36m(ClientAppActor pid=53276)[0m             This is a deprecated feature. It will be removed[32m [repeated 2x across cluster][0m
[36m(ClientAppActor pid=53276)[0m             entirely in future versions of Flower.[32m [repeated 2x across cluster][0m
[36m(ClientAppActor pid=53278)[0m 
[36m(ClientAppActor pid=53278)[0m         
[36m(ClientAppActor pid=53278)[0m 
[36m(ClientAppActor pid=53278)[0m         
[36m(ClientAppActor pid=53276)[0m 
[36m(ClientAppActor pid=53276)[0m         
[36m(ClientAppActor pid=53276)[0m 
[36m(ClientAppActor pid=53276)[0m         
[36m(ClientAppActor pid=53278)[0m 
[36m(ClientAppActor pid=53278)[0m         
[36m(ClientAppActor pid=53276)[0m 
[36m(ClientAppActor pid=53276)[0m         
[36m(ClientAppActor pid=53278)[0m 
[36m(ClientAppActor pid=53278)[0m         
[36m(ClientAppActor pid=53276)[0m 
[36m(ClientAppActor pid=53276)[0m         
[36m(ClientAppActor pid=53278)[0m 
[36m(ClientAppActor pid=53278)[0m         
[92mINFO [0m:      aggregate_evaluate: received 10 results and 0 failures
INFO:flwr:aggregate_evaluate: received 10 results and 0 failures
[92mINFO [0m:      
INFO:flwr:
[92mINFO [0m:      [ROUND 26]
INFO:flwr:[ROUND 26]
[92mINFO [0m:      configure_fit: strategy sampled 10 clients (out of 10)
INFO:flwr:configure_fit: strategy sampled 10 clients (out of 10)
[36m(ClientAppActor pid=53278)[0m 
[36m(ClientAppActor pid=53278)[0m         
[36m(ClientAppActor pid=53278)[0m [Client 5] Training on NVIDIA GeForce RTX 3060[32m [repeated 2x across cluster][0m
[36m(ClientAppActor pid=53276)[0m 
[36m(ClientAppActor pid=53276)[0m         
[36m(ClientAppActor pid=53276)[0m 
[36m(ClientAppActor pid=53276)[0m         
[36m(ClientAppActor pid=53276)[0m 
[36m(ClientAppActor pid=53276)[0m         
[36m(ClientAppActor pid=53278)[0m 
[36m(ClientAppActor pid=53278)[0m         
[36m(ClientAppActor pid=53278)[0m 
[36m(ClientAppActor pid=53278)[0m         
[36m(ClientAppActor pid=53278)[0m [93mWARNING [0m:   DEPRECATED FEATURE: `client_fn` now expects a signature `def client_fn(context: Context)`.The provided `client_fn` has signature: {'cid': <Parameter "cid: str">}. You can import the `Context` like this: `from flwr.app import Context`[32m [repeated 15x across cluster][0m
[36m(ClientAppActor pid=53278)[0m             This is a deprecated feature. It will be removed[32m [repeated 15x across cluster][0m
[36m(ClientAppActor pid=53278)[0m             entirely in future versions of Flower.[32m [repeated 15x across cluster][0m
[36m(ClientAppActor pid=53278)[0m 
[36m(ClientAppActor pid=53278)[0m         
[36m(ClientAppActor pid=53276)[0m 
[36m(ClientAppActor pid=53276)[0m         
[36m(ClientAppActor pid=53278)[0m 
[36m(ClientAppActor pid=53278)[0m         
[36m(ClientAppActor pid=53278)[0m [Client 4] Training on NVIDIA GeForce RTX 3060[32m [repeated 8x across cluster][0m
[36m(ClientAppActor pid=53276)[0m 
[36m(ClientAppActor pid=53276)[0m         
[92mINFO [0m:      aggregate_fit: received 10 results and 0 failures
INFO:flwr:aggregate_fit: received 10 results and 0 failures
[CascadeRouter] Round 26: 10 clients, 24578 parameters/client
[92mINFO [0m:      configure_evaluate: strategy sampled 10 clients (out of 10)
INFO:flwr:configure_evaluate: strategy sampled 10 clients (out of 10)
[36m(ClientAppActor pid=53278)[0m 
[36m(ClientAppActor pid=53278)[0m         
[36m(ClientAppActor pid=53278)[0m [93mWARNING [0m:   DEPRECATED FEATURE: `client_fn` now expects a signature `def client_fn(context: Context)`.The provided `client_fn` has signature: {'cid': <Parameter "cid: str">}. You can import the `Context` like this: `from flwr.app import Context`[32m [repeated 5x across cluster][0m
[36m(ClientAppActor pid=53278)[0m             This is a deprecated feature. It will be removed[32m [repeated 5x across cluster][0m
[36m(ClientAppActor pid=53278)[0m             entirely in future versions of Flower.[32m [repeated 5x across cluster][0m
[36m(ClientAppActor pid=53276)[0m 
[36m(ClientAppActor pid=53276)[0m         
[36m(ClientAppActor pid=53278)[0m 
[36m(ClientAppActor pid=53278)[0m         
[36m(ClientAppActor pid=53276)[0m 
[36m(ClientAppActor pid=53276)[0m         
[36m(ClientAppActor pid=53278)[0m 
[36m(ClientAppActor pid=53278)[0m         
[36m(ClientAppActor pid=53276)[0m 
[36m(ClientAppActor pid=53276)[0m         
[36m(ClientAppActor pid=53278)[0m 
[36m(ClientAppActor pid=53278)[0m         
[36m(ClientAppActor pid=53276)[0m 
[36m(ClientAppActor pid=53276)[0m         
[36m(ClientAppActor pid=53278)[0m 
[36m(ClientAppActor pid=53278)[0m         
[36m(ClientAppActor pid=53276)[0m 
[36m(ClientAppActor pid=53276)[0m         
[92mINFO [0m:      aggregate_evaluate: received 10 results and 0 failures
INFO:flwr:aggregate_evaluate: received 10 results and 0 failures
[92mINFO [0m:      
INFO:flwr:
[92mINFO [0m:      [ROUND 27]
INFO:flwr:[ROUND 27]
[92mINFO [0m:      configure_fit: strategy sampled 10 clients (out of 10)
INFO:flwr:configure_fit: strategy sampled 10 clients (out of 10)
[36m(ClientAppActor pid=53276)[0m [Client 5] Training on NVIDIA GeForce RTX 3060[32m [repeated 2x across cluster][0m
[36m(ClientAppActor pid=53278)[0m 
[36m(ClientAppActor pid=53278)[0m         
[36m(ClientAppActor pid=53276)[0m 
[36m(ClientAppActor pid=53276)[0m         
[36m(ClientAppActor pid=53278)[0m 
[36m(ClientAppActor pid=53278)[0m         
[36m(ClientAppActor pid=53278)[0m 
[36m(ClientAppActor pid=53278)[0m         
[36m(ClientAppActor pid=53278)[0m 
[36m(ClientAppActor pid=53278)[0m         
[36m(ClientAppActor pid=53276)[0m 
[36m(ClientAppActor pid=53276)[0m         
[36m(ClientAppActor pid=53276)[0m 
[36m(ClientAppActor pid=53276)[0m         
[36m(ClientAppActor pid=53276)[0m [Client 4] Training on NVIDIA GeForce RTX 3060[32m [repeated 7x across cluster][0m
[36m(ClientAppActor pid=53276)[0m 
[36m(ClientAppActor pid=53276)[0m         
[36m(ClientAppActor pid=53276)[0m [93mWARNING [0m:   DEPRECATED FEATURE: `client_fn` now expects a signature `def client_fn(context: Context)`.The provided `client_fn` has signature: {'cid': <Parameter "cid: str">}. You can import the `Context` like this: `from flwr.app import Context`[32m [repeated 17x across cluster][0m
[36m(ClientAppActor pid=53276)[0m             This is a deprecated feature. It will be removed[32m [repeated 17x across cluster][0m
[36m(ClientAppActor pid=53276)[0m             entirely in future versions of Flower.[32m [repeated 17x across cluster][0m
[36m(ClientAppActor pid=53278)[0m 
[36m(ClientAppActor pid=53278)[0m         
[36m(ClientAppActor pid=53278)[0m 
[36m(ClientAppActor pid=53278)[0m         
[92mINFO [0m:      aggregate_fit: received 10 results and 0 failures
INFO:flwr:aggregate_fit: received 10 results and 0 failures
[CascadeRouter] Round 27: 10 clients, 24578 parameters/client
[92mINFO [0m:      configure_evaluate: strategy sampled 10 clients (out of 10)
INFO:flwr:configure_evaluate: strategy sampled 10 clients (out of 10)
[36m(ClientAppActor pid=53276)[0m 
[36m(ClientAppActor pid=53276)[0m         
[36m(ClientAppActor pid=53276)[0m [93mWARNING [0m:   DEPRECATED FEATURE: `client_fn` now expects a signature `def client_fn(context: Context)`.The provided `client_fn` has signature: {'cid': <Parameter "cid: str">}. You can import the `Context` like this: `from flwr.app import Context`[32m [repeated 3x across cluster][0m
[36m(ClientAppActor pid=53276)[0m             This is a deprecated feature. It will be removed[32m [repeated 3x across cluster][0m
[36m(ClientAppActor pid=53276)[0m             entirely in future versions of Flower.[32m [repeated 3x across cluster][0m
[36m(ClientAppActor pid=53278)[0m 
[36m(ClientAppActor pid=53278)[0m         
[36m(ClientAppActor pid=53278)[0m 
[36m(ClientAppActor pid=53278)[0m         
[36m(ClientAppActor pid=53276)[0m 
[36m(ClientAppActor pid=53276)[0m         
[36m(ClientAppActor pid=53276)[0m 
[36m(ClientAppActor pid=53276)[0m         
[36m(ClientAppActor pid=53278)[0m 
[36m(ClientAppActor pid=53278)[0m         
[36m(ClientAppActor pid=53276)[0m 
[36m(ClientAppActor pid=53276)[0m         
[36m(ClientAppActor pid=53278)[0m 
[36m(ClientAppActor pid=53278)[0m         
[36m(ClientAppActor pid=53276)[0m 
[36m(ClientAppActor pid=53276)[0m         
[36m(ClientAppActor pid=53278)[0m 
[36m(ClientAppActor pid=53278)[0m         
[92mINFO [0m:      aggregate_evaluate: received 10 results and 0 failures
INFO:flwr:aggregate_evaluate: received 10 results and 0 failures
[92mINFO [0m:      
INFO:flwr:
[92mINFO [0m:      [ROUND 28]
INFO:flwr:[ROUND 28]
[92mINFO [0m:      configure_fit: strategy sampled 10 clients (out of 10)
INFO:flwr:configure_fit: strategy sampled 10 clients (out of 10)
[36m(ClientAppActor pid=53278)[0m 
[36m(ClientAppActor pid=53278)[0m         
[36m(ClientAppActor pid=53278)[0m [Client 6] Training on NVIDIA GeForce RTX 3060[32m [repeated 3x across cluster][0m
[36m(ClientAppActor pid=53276)[0m 
[36m(ClientAppActor pid=53276)[0m         
[36m(ClientAppActor pid=53278)[0m 
[36m(ClientAppActor pid=53278)[0m         
[36m(ClientAppActor pid=53276)[0m 
[36m(ClientAppActor pid=53276)[0m         
[36m(ClientAppActor pid=53276)[0m 
[36m(ClientAppActor pid=53276)[0m         
[36m(ClientAppActor pid=53276)[0m [93mWARNING [0m:   DEPRECATED FEATURE: `client_fn` now expects a signature `def client_fn(context: Context)`.The provided `client_fn` has signature: {'cid': <Parameter "cid: str">}. You can import the `Context` like this: `from flwr.app import Context`[32m [repeated 14x across cluster][0m
[36m(ClientAppActor pid=53276)[0m             This is a deprecated feature. It will be removed[32m [repeated 14x across cluster][0m
[36m(ClientAppActor pid=53276)[0m             entirely in future versions of Flower.[32m [repeated 14x across cluster][0m
[36m(ClientAppActor pid=53278)[0m 
[36m(ClientAppActor pid=53278)[0m         
[36m(ClientAppActor pid=53278)[0m 
[36m(ClientAppActor pid=53278)[0m         
[36m(ClientAppActor pid=53278)[0m 
[36m(ClientAppActor pid=53278)[0m         
[36m(ClientAppActor pid=53278)[0m [Client 8] Training on NVIDIA GeForce RTX 3060[32m [repeated 7x across cluster][0m
[36m(ClientAppActor pid=53276)[0m 
[36m(ClientAppActor pid=53276)[0m         
[36m(ClientAppActor pid=53278)[0m 
[36m(ClientAppActor pid=53278)[0m         
[92mINFO [0m:      aggregate_fit: received 10 results and 0 failures
INFO:flwr:aggregate_fit: received 10 results and 0 failures
[CascadeRouter] Round 28: 10 clients, 24578 parameters/client
[92mINFO [0m:      configure_evaluate: strategy sampled 10 clients (out of 10)
INFO:flwr:configure_evaluate: strategy sampled 10 clients (out of 10)
[36m(ClientAppActor pid=53278)[0m 
[36m(ClientAppActor pid=53278)[0m         
[36m(ClientAppActor pid=53278)[0m [93mWARNING [0m:   DEPRECATED FEATURE: `client_fn` now expects a signature `def client_fn(context: Context)`.The provided `client_fn` has signature: {'cid': <Parameter "cid: str">}. You can import the `Context` like this: `from flwr.app import Context`[32m [repeated 6x across cluster][0m
[36m(ClientAppActor pid=53278)[0m             This is a deprecated feature. It will be removed[32m [repeated 6x across cluster][0m
[36m(ClientAppActor pid=53278)[0m             entirely in future versions of Flower.[32m [repeated 6x across cluster][0m
[36m(ClientAppActor pid=53276)[0m 
[36m(ClientAppActor pid=53276)[0m         
[36m(ClientAppActor pid=53278)[0m 
[36m(ClientAppActor pid=53278)[0m         
[36m(ClientAppActor pid=53276)[0m 
[36m(ClientAppActor pid=53276)[0m         
[36m(ClientAppActor pid=53278)[0m 
[36m(ClientAppActor pid=53278)[0m         
[36m(ClientAppActor pid=53276)[0m 
[36m(ClientAppActor pid=53276)[0m         
[36m(ClientAppActor pid=53278)[0m 
[36m(ClientAppActor pid=53278)[0m         
[36m(ClientAppActor pid=53276)[0m 
[36m(ClientAppActor pid=53276)[0m         
[36m(ClientAppActor pid=53278)[0m 
[36m(ClientAppActor pid=53278)[0m         
[36m(ClientAppActor pid=53276)[0m 
[36m(ClientAppActor pid=53276)[0m         
[92mINFO [0m:      aggregate_evaluate: received 10 results and 0 failures
INFO:flwr:aggregate_evaluate: received 10 results and 0 failures
[92mINFO [0m:      
INFO:flwr:
[92mINFO [0m:      [ROUND 29]
INFO:flwr:[ROUND 29]
[92mINFO [0m:      configure_fit: strategy sampled 10 clients (out of 10)
INFO:flwr:configure_fit: strategy sampled 10 clients (out of 10)
[36m(ClientAppActor pid=53276)[0m [Client 4] Training on NVIDIA GeForce RTX 3060[32m [repeated 3x across cluster][0m
[36m(ClientAppActor pid=53276)[0m 
[36m(ClientAppActor pid=53276)[0m         
[36m(ClientAppActor pid=53278)[0m 
[36m(ClientAppActor pid=53278)[0m         
[36m(ClientAppActor pid=53278)[0m 
[36m(ClientAppActor pid=53278)[0m         
[36m(ClientAppActor pid=53278)[0m 
[36m(ClientAppActor pid=53278)[0m         
[36m(ClientAppActor pid=53278)[0m 
[36m(ClientAppActor pid=53278)[0m         
[36m(ClientAppActor pid=53278)[0m [93mWARNING [0m:   DEPRECATED FEATURE: `client_fn` now expects a signature `def client_fn(context: Context)`.The provided `client_fn` has signature: {'cid': <Parameter "cid: str">}. You can import the `Context` like this: `from flwr.app import Context`[32m [repeated 14x across cluster][0m
[36m(ClientAppActor pid=53278)[0m             This is a deprecated feature. It will be removed[32m [repeated 14x across cluster][0m
[36m(ClientAppActor pid=53278)[0m             entirely in future versions of Flower.[32m [repeated 14x across cluster][0m
[36m(ClientAppActor pid=53278)[0m 
[36m(ClientAppActor pid=53278)[0m         
[36m(ClientAppActor pid=53278)[0m [Client 8] Training on NVIDIA GeForce RTX 3060[32m [repeated 5x across cluster][0m
[36m(ClientAppActor pid=53278)[0m 
[36m(ClientAppActor pid=53278)[0m         
[36m(ClientAppActor pid=53276)[0m 
[36m(ClientAppActor pid=53276)[0m         
[36m(ClientAppActor pid=53278)[0m 
[36m(ClientAppActor pid=53278)[0m         
[36m(ClientAppActor pid=53278)[0m 
[36m(ClientAppActor pid=53278)[0m         
[92mINFO [0m:      aggregate_fit: received 10 results and 0 failures
INFO:flwr:aggregate_fit: received 10 results and 0 failures
[CascadeRouter] Round 29: 10 clients, 24578 parameters/client
[92mINFO [0m:      configure_evaluate: strategy sampled 10 clients (out of 10)
INFO:flwr:configure_evaluate: strategy sampled 10 clients (out of 10)
[36m(ClientAppActor pid=53278)[0m 
[36m(ClientAppActor pid=53278)[0m         
[36m(ClientAppActor pid=53278)[0m [93mWARNING [0m:   DEPRECATED FEATURE: `client_fn` now expects a signature `def client_fn(context: Context)`.The provided `client_fn` has signature: {'cid': <Parameter "cid: str">}. You can import the `Context` like this: `from flwr.app import Context`[32m [repeated 6x across cluster][0m
[36m(ClientAppActor pid=53278)[0m             This is a deprecated feature. It will be removed[32m [repeated 6x across cluster][0m
[36m(ClientAppActor pid=53278)[0m             entirely in future versions of Flower.[32m [repeated 6x across cluster][0m
[36m(ClientAppActor pid=53276)[0m 
[36m(ClientAppActor pid=53276)[0m         
[36m(ClientAppActor pid=53278)[0m 
[36m(ClientAppActor pid=53278)[0m         
[36m(ClientAppActor pid=53276)[0m 
[36m(ClientAppActor pid=53276)[0m         
[36m(ClientAppActor pid=53278)[0m 
[36m(ClientAppActor pid=53278)[0m         
[36m(ClientAppActor pid=53276)[0m 
[36m(ClientAppActor pid=53276)[0m         
[36m(ClientAppActor pid=53278)[0m 
[36m(ClientAppActor pid=53278)[0m         
[36m(ClientAppActor pid=53276)[0m 
[36m(ClientAppActor pid=53276)[0m         
[36m(ClientAppActor pid=53278)[0m 
[36m(ClientAppActor pid=53278)[0m         
[36m(ClientAppActor pid=53276)[0m 
[36m(ClientAppActor pid=53276)[0m         
[92mINFO [0m:      aggregate_evaluate: received 10 results and 0 failures
INFO:flwr:aggregate_evaluate: received 10 results and 0 failures
[92mINFO [0m:      
INFO:flwr:
[92mINFO [0m:      [ROUND 30]
INFO:flwr:[ROUND 30]
[92mINFO [0m:      configure_fit: strategy sampled 10 clients (out of 10)
INFO:flwr:configure_fit: strategy sampled 10 clients (out of 10)
[36m(ClientAppActor pid=53276)[0m [Client 1] Training on NVIDIA GeForce RTX 3060[32m [repeated 5x across cluster][0m
[36m(ClientAppActor pid=53276)[0m 
[36m(ClientAppActor pid=53276)[0m         
[36m(ClientAppActor pid=53278)[0m 
[36m(ClientAppActor pid=53278)[0m         
[36m(ClientAppActor pid=53278)[0m 
[36m(ClientAppActor pid=53278)[0m         
[36m(ClientAppActor pid=53278)[0m 
[36m(ClientAppActor pid=53278)[0m         
[36m(ClientAppActor pid=53278)[0m 
[36m(ClientAppActor pid=53278)[0m         
[36m(ClientAppActor pid=53278)[0m [93mWARNING [0m:   DEPRECATED FEATURE: `client_fn` now expects a signature `def client_fn(context: Context)`.The provided `client_fn` has signature: {'cid': <Parameter "cid: str">}. You can import the `Context` like this: `from flwr.app import Context`[32m [repeated 14x across cluster][0m
[36m(ClientAppActor pid=53278)[0m             This is a deprecated feature. It will be removed[32m [repeated 14x across cluster][0m
[36m(ClientAppActor pid=53278)[0m             entirely in future versions of Flower.[32m [repeated 14x across cluster][0m
[36m(ClientAppActor pid=53276)[0m 
[36m(ClientAppActor pid=53276)[0m         
[36m(ClientAppActor pid=53278)[0m 
[36m(ClientAppActor pid=53278)[0m         
[36m(ClientAppActor pid=53278)[0m [Client 2] Training on NVIDIA GeForce RTX 3060[32m [repeated 6x across cluster][0m
[36m(ClientAppActor pid=53278)[0m 
[36m(ClientAppActor pid=53278)[0m         
[36m(ClientAppActor pid=53278)[0m 
[36m(ClientAppActor pid=53278)[0m         
[36m(ClientAppActor pid=53278)[0m 
[36m(ClientAppActor pid=53278)[0m         
[36m(ClientAppActor pid=53278)[0m [93mWARNING [0m:   DEPRECATED FEATURE: `client_fn` now expects a signature `def client_fn(context: Context)`.The provided `client_fn` has signature: {'cid': <Parameter "cid: str">}. You can import the `Context` like this: `from flwr.app import Context`[32m [repeated 5x across cluster][0m
[36m(ClientAppActor pid=53278)[0m             This is a deprecated feature. It will be removed[32m [repeated 5x across cluster][0m
[36m(ClientAppActor pid=53278)[0m             entirely in future versions of Flower.[32m [repeated 5x across cluster][0m
[92mINFO [0m:      aggregate_fit: received 10 results and 0 failures
INFO:flwr:aggregate_fit: received 10 results and 0 failures
[CascadeRouter] Round 30: 10 clients, 24578 parameters/client
[92mINFO [0m:      configure_evaluate: strategy sampled 10 clients (out of 10)
INFO:flwr:configure_evaluate: strategy sampled 10 clients (out of 10)
[36m(ClientAppActor pid=53278)[0m 
[36m(ClientAppActor pid=53278)[0m         
[36m(ClientAppActor pid=53276)[0m 
[36m(ClientAppActor pid=53276)[0m         
[36m(ClientAppActor pid=53278)[0m 
[36m(ClientAppActor pid=53278)[0m         
[36m(ClientAppActor pid=53276)[0m 
[36m(ClientAppActor pid=53276)[0m         
[36m(ClientAppActor pid=53276)[0m 
[36m(ClientAppActor pid=53276)[0m         
[36m(ClientAppActor pid=53278)[0m 
[36m(ClientAppActor pid=53278)[0m         
[36m(ClientAppActor pid=53276)[0m 
[36m(ClientAppActor pid=53276)[0m         
[36m(ClientAppActor pid=53278)[0m 
[36m(ClientAppActor pid=53278)[0m         
[36m(ClientAppActor pid=53278)[0m 
[36m(ClientAppActor pid=53278)[0m         
[36m(ClientAppActor pid=53276)[0m 
[36m(ClientAppActor pid=53276)[0m         
[92mINFO [0m:      aggregate_evaluate: received 10 results and 0 failures
INFO:flwr:aggregate_evaluate: received 10 results and 0 failures
[92mINFO [0m:      
INFO:flwr:
[92mINFO [0m:      [ROUND 31]
INFO:flwr:[ROUND 31]
[92mINFO [0m:      configure_fit: strategy sampled 10 clients (out of 10)
INFO:flwr:configure_fit: strategy sampled 10 clients (out of 10)
[36m(ClientAppActor pid=53278)[0m 
[36m(ClientAppActor pid=53278)[0m         
[36m(ClientAppActor pid=53278)[0m [Client 6] Training on NVIDIA GeForce RTX 3060[32m [repeated 4x across cluster][0m
[36m(ClientAppActor pid=53276)[0m 
[36m(ClientAppActor pid=53276)[0m         
[36m(ClientAppActor pid=53276)[0m 
[36m(ClientAppActor pid=53276)[0m         
[36m(ClientAppActor pid=53278)[0m 
[36m(ClientAppActor pid=53278)[0m         
[36m(ClientAppActor pid=53278)[0m 
[36m(ClientAppActor pid=53278)[0m         
[36m(ClientAppActor pid=53278)[0m 
[36m(ClientAppActor pid=53278)[0m         
[36m(ClientAppActor pid=53276)[0m 
[36m(ClientAppActor pid=53276)[0m         
[36m(ClientAppActor pid=53276)[0m [93mWARNING [0m:   DEPRECATED FEATURE: `client_fn` now expects a signature `def client_fn(context: Context)`.The provided `client_fn` has signature: {'cid': <Parameter "cid: str">}. You can import the `Context` like this: `from flwr.app import Context`[32m [repeated 17x across cluster][0m
[36m(ClientAppActor pid=53276)[0m             This is a deprecated feature. It will be removed[32m [repeated 17x across cluster][0m
[36m(ClientAppActor pid=53276)[0m             entirely in future versions of Flower.[32m [repeated 17x across cluster][0m
[36m(ClientAppActor pid=53278)[0m 
[36m(ClientAppActor pid=53278)[0m         
[36m(ClientAppActor pid=53278)[0m 
[36m(ClientAppActor pid=53278)[0m         
[36m(ClientAppActor pid=53278)[0m [Client 5] Training on NVIDIA GeForce RTX 3060[32m [repeated 8x across cluster][0m
[36m(ClientAppActor pid=53276)[0m 
[36m(ClientAppActor pid=53276)[0m         
[92mINFO [0m:      aggregate_fit: received 10 results and 0 failures
INFO:flwr:aggregate_fit: received 10 results and 0 failures
[CascadeRouter] Round 31: 10 clients, 24578 parameters/client
[92mINFO [0m:      configure_evaluate: strategy sampled 10 clients (out of 10)
INFO:flwr:configure_evaluate: strategy sampled 10 clients (out of 10)
[36m(ClientAppActor pid=53276)[0m 
[36m(ClientAppActor pid=53276)[0m         
[36m(ClientAppActor pid=53276)[0m [93mWARNING [0m:   DEPRECATED FEATURE: `client_fn` now expects a signature `def client_fn(context: Context)`.The provided `client_fn` has signature: {'cid': <Parameter "cid: str">}. You can import the `Context` like this: `from flwr.app import Context`[32m [repeated 4x across cluster][0m
[36m(ClientAppActor pid=53276)[0m             This is a deprecated feature. It will be removed[32m [repeated 4x across cluster][0m
[36m(ClientAppActor pid=53276)[0m             entirely in future versions of Flower.[32m [repeated 4x across cluster][0m
[36m(ClientAppActor pid=53278)[0m 
[36m(ClientAppActor pid=53278)[0m         
[36m(ClientAppActor pid=53278)[0m 
[36m(ClientAppActor pid=53278)[0m         
[36m(ClientAppActor pid=53276)[0m 
[36m(ClientAppActor pid=53276)[0m         
[36m(ClientAppActor pid=53276)[0m 
[36m(ClientAppActor pid=53276)[0m         
[36m(ClientAppActor pid=53278)[0m 
[36m(ClientAppActor pid=53278)[0m         
[36m(ClientAppActor pid=53276)[0m 
[36m(ClientAppActor pid=53276)[0m         
[36m(ClientAppActor pid=53278)[0m 
[36m(ClientAppActor pid=53278)[0m         
[36m(ClientAppActor pid=53278)[0m 
[36m(ClientAppActor pid=53278)[0m         
[36m(ClientAppActor pid=53276)[0m 
[36m(ClientAppActor pid=53276)[0m         
[92mINFO [0m:      aggregate_evaluate: received 10 results and 0 failures
INFO:flwr:aggregate_evaluate: received 10 results and 0 failures
[92mINFO [0m:      
INFO:flwr:
[92mINFO [0m:      [ROUND 32]
INFO:flwr:[ROUND 32]
[92mINFO [0m:      configure_fit: strategy sampled 10 clients (out of 10)
INFO:flwr:configure_fit: strategy sampled 10 clients (out of 10)
[36m(ClientAppActor pid=53278)[0m 
[36m(ClientAppActor pid=53278)[0m         
[36m(ClientAppActor pid=53278)[0m [Client 8] Training on NVIDIA GeForce RTX 3060[32m [repeated 2x across cluster][0m
[36m(ClientAppActor pid=53276)[0m 
[36m(ClientAppActor pid=53276)[0m         
[36m(ClientAppActor pid=53278)[0m 
[36m(ClientAppActor pid=53278)[0m         
[36m(ClientAppActor pid=53276)[0m 
[36m(ClientAppActor pid=53276)[0m         
[36m(ClientAppActor pid=53276)[0m 
[36m(ClientAppActor pid=53276)[0m         
[36m(ClientAppActor pid=53276)[0m 
[36m(ClientAppActor pid=53276)[0m         
[36m(ClientAppActor pid=53276)[0m [93mWARNING [0m:   DEPRECATED FEATURE: `client_fn` now expects a signature `def client_fn(context: Context)`.The provided `client_fn` has signature: {'cid': <Parameter "cid: str">}. You can import the `Context` like this: `from flwr.app import Context`[32m [repeated 15x across cluster][0m
[36m(ClientAppActor pid=53276)[0m             This is a deprecated feature. It will be removed[32m [repeated 15x across cluster][0m
[36m(ClientAppActor pid=53276)[0m             entirely in future versions of Flower.[32m [repeated 15x across cluster][0m
[36m(ClientAppActor pid=53278)[0m 
[36m(ClientAppActor pid=53278)[0m         
[36m(ClientAppActor pid=53278)[0m 
[36m(ClientAppActor pid=53278)[0m         
[36m(ClientAppActor pid=53276)[0m [Client 2] Training on NVIDIA GeForce RTX 3060[32m [repeated 8x across cluster][0m
[36m(ClientAppActor pid=53276)[0m 
[36m(ClientAppActor pid=53276)[0m         
[36m(ClientAppActor pid=53278)[0m 
[36m(ClientAppActor pid=53278)[0m         
[92mINFO [0m:      aggregate_fit: received 10 results and 0 failures
INFO:flwr:aggregate_fit: received 10 results and 0 failures
[CascadeRouter] Round 32: 10 clients, 24578 parameters/client
[92mINFO [0m:      configure_evaluate: strategy sampled 10 clients (out of 10)
INFO:flwr:configure_evaluate: strategy sampled 10 clients (out of 10)
[36m(ClientAppActor pid=53278)[0m 
[36m(ClientAppActor pid=53278)[0m         
[36m(ClientAppActor pid=53278)[0m [93mWARNING [0m:   DEPRECATED FEATURE: `client_fn` now expects a signature `def client_fn(context: Context)`.The provided `client_fn` has signature: {'cid': <Parameter "cid: str">}. You can import the `Context` like this: `from flwr.app import Context`[32m [repeated 5x across cluster][0m
[36m(ClientAppActor pid=53278)[0m             This is a deprecated feature. It will be removed[32m [repeated 5x across cluster][0m
[36m(ClientAppActor pid=53278)[0m             entirely in future versions of Flower.[32m [repeated 5x across cluster][0m
[36m(ClientAppActor pid=53276)[0m 
[36m(ClientAppActor pid=53276)[0m         
[36m(ClientAppActor pid=53278)[0m 
[36m(ClientAppActor pid=53278)[0m         
[36m(ClientAppActor pid=53276)[0m 
[36m(ClientAppActor pid=53276)[0m         
[36m(ClientAppActor pid=53278)[0m 
[36m(ClientAppActor pid=53278)[0m         
[36m(ClientAppActor pid=53276)[0m 
[36m(ClientAppActor pid=53276)[0m         
[36m(ClientAppActor pid=53278)[0m 
[36m(ClientAppActor pid=53278)[0m         
[36m(ClientAppActor pid=53276)[0m 
[36m(ClientAppActor pid=53276)[0m         
[36m(ClientAppActor pid=53278)[0m 
[36m(ClientAppActor pid=53278)[0m         
[36m(ClientAppActor pid=53276)[0m 
[36m(ClientAppActor pid=53276)[0m         
[92mINFO [0m:      aggregate_evaluate: received 10 results and 0 failures
INFO:flwr:aggregate_evaluate: received 10 results and 0 failures
[92mINFO [0m:      
INFO:flwr:
[92mINFO [0m:      [ROUND 33]
INFO:flwr:[ROUND 33]
[92mINFO [0m:      configure_fit: strategy sampled 10 clients (out of 10)
INFO:flwr:configure_fit: strategy sampled 10 clients (out of 10)
[36m(ClientAppActor pid=53276)[0m [Client 6] Training on NVIDIA GeForce RTX 3060[32m [repeated 2x across cluster][0m
[36m(ClientAppActor pid=53276)[0m 
[36m(ClientAppActor pid=53276)[0m         
[36m(ClientAppActor pid=53278)[0m 
[36m(ClientAppActor pid=53278)[0m         
[36m(ClientAppActor pid=53278)[0m 
[36m(ClientAppActor pid=53278)[0m         
[36m(ClientAppActor pid=53276)[0m 
[36m(ClientAppActor pid=53276)[0m         
[36m(ClientAppActor pid=53276)[0m 
[36m(ClientAppActor pid=53276)[0m         
[36m(ClientAppActor pid=53276)[0m 
[36m(ClientAppActor pid=53276)[0m         
[36m(ClientAppActor pid=53278)[0m 
[36m(ClientAppActor pid=53278)[0m         
[36m(ClientAppActor pid=53278)[0m 
[36m(ClientAppActor pid=53278)[0m         
[36m(ClientAppActor pid=53278)[0m [93mWARNING [0m:   DEPRECATED FEATURE: `client_fn` now expects a signature `def client_fn(context: Context)`.The provided `client_fn` has signature: {'cid': <Parameter "cid: str">}. You can import the `Context` like this: `from flwr.app import Context`[32m [repeated 17x across cluster][0m
[36m(ClientAppActor pid=53278)[0m             This is a deprecated feature. It will be removed[32m [repeated 17x across cluster][0m
[36m(ClientAppActor pid=53278)[0m             entirely in future versions of Flower.[32m [repeated 17x across cluster][0m
[36m(ClientAppActor pid=53276)[0m 
[36m(ClientAppActor pid=53276)[0m         
[36m(ClientAppActor pid=53278)[0m 
[36m(ClientAppActor pid=53278)[0m         
[36m(ClientAppActor pid=53278)[0m [Client 0] Training on NVIDIA GeForce RTX 3060[32m [repeated 9x across cluster][0m
[92mINFO [0m:      aggregate_fit: received 10 results and 0 failures
INFO:flwr:aggregate_fit: received 10 results and 0 failures
[CascadeRouter] Round 33: 10 clients, 24578 parameters/client
[92mINFO [0m:      configure_evaluate: strategy sampled 10 clients (out of 10)
INFO:flwr:configure_evaluate: strategy sampled 10 clients (out of 10)
[36m(ClientAppActor pid=53278)[0m 
[36m(ClientAppActor pid=53278)[0m         
[36m(ClientAppActor pid=53278)[0m [93mWARNING [0m:   DEPRECATED FEATURE: `client_fn` now expects a signature `def client_fn(context: Context)`.The provided `client_fn` has signature: {'cid': <Parameter "cid: str">}. You can import the `Context` like this: `from flwr.app import Context`[32m [repeated 3x across cluster][0m
[36m(ClientAppActor pid=53278)[0m             This is a deprecated feature. It will be removed[32m [repeated 3x across cluster][0m
[36m(ClientAppActor pid=53278)[0m             entirely in future versions of Flower.[32m [repeated 3x across cluster][0m
[36m(ClientAppActor pid=53276)[0m 
[36m(ClientAppActor pid=53276)[0m         
[36m(ClientAppActor pid=53278)[0m 
[36m(ClientAppActor pid=53278)[0m         
[36m(ClientAppActor pid=53276)[0m 
[36m(ClientAppActor pid=53276)[0m         
[36m(ClientAppActor pid=53276)[0m 
[36m(ClientAppActor pid=53276)[0m         
[36m(ClientAppActor pid=53278)[0m 
[36m(ClientAppActor pid=53278)[0m         
[36m(ClientAppActor pid=53276)[0m 
[36m(ClientAppActor pid=53276)[0m         
[36m(ClientAppActor pid=53278)[0m 
[36m(ClientAppActor pid=53278)[0m         
[36m(ClientAppActor pid=53278)[0m 
[36m(ClientAppActor pid=53278)[0m         
[36m(ClientAppActor pid=53276)[0m 
[36m(ClientAppActor pid=53276)[0m         
[92mINFO [0m:      aggregate_evaluate: received 10 results and 0 failures
INFO:flwr:aggregate_evaluate: received 10 results and 0 failures
[92mINFO [0m:      
INFO:flwr:
[92mINFO [0m:      [ROUND 34]
INFO:flwr:[ROUND 34]
[92mINFO [0m:      configure_fit: strategy sampled 10 clients (out of 10)
INFO:flwr:configure_fit: strategy sampled 10 clients (out of 10)
[36m(ClientAppActor pid=53278)[0m 
[36m(ClientAppActor pid=53278)[0m         
[36m(ClientAppActor pid=53276)[0m 
[36m(ClientAppActor pid=53276)[0m         
[36m(ClientAppActor pid=53278)[0m 
[36m(ClientAppActor pid=53278)[0m         
[36m(ClientAppActor pid=53276)[0m [Client 5] Training on NVIDIA GeForce RTX 3060[32m [repeated 4x across cluster][0m
[36m(ClientAppActor pid=53276)[0m 
[36m(ClientAppActor pid=53276)[0m         
[36m(ClientAppActor pid=53278)[0m 
[36m(ClientAppActor pid=53278)[0m         
[36m(ClientAppActor pid=53276)[0m 
[36m(ClientAppActor pid=53276)[0m         
[36m(ClientAppActor pid=53276)[0m 
[36m(ClientAppActor pid=53276)[0m         
[36m(ClientAppActor pid=53276)[0m [93mWARNING [0m:   DEPRECATED FEATURE: `client_fn` now expects a signature `def client_fn(context: Context)`.The provided `client_fn` has signature: {'cid': <Parameter "cid: str">}. You can import the `Context` like this: `from flwr.app import Context`[32m [repeated 16x across cluster][0m
[36m(ClientAppActor pid=53276)[0m             This is a deprecated feature. It will be removed[32m [repeated 16x across cluster][0m
[36m(ClientAppActor pid=53276)[0m             entirely in future versions of Flower.[32m [repeated 16x across cluster][0m
[36m(ClientAppActor pid=53276)[0m [Client 1] Training on NVIDIA GeForce RTX 3060[32m [repeated 4x across cluster][0m
[36m(ClientAppActor pid=53276)[0m 
[36m(ClientAppActor pid=53276)[0m         
[36m(ClientAppActor pid=53278)[0m 
[36m(ClientAppActor pid=53278)[0m         
[36m(ClientAppActor pid=53278)[0m 
[36m(ClientAppActor pid=53278)[0m         
[92mINFO [0m:      aggregate_fit: received 10 results and 0 failures
INFO:flwr:aggregate_fit: received 10 results and 0 failures
[CascadeRouter] Round 34: 10 clients, 24578 parameters/client
[92mINFO [0m:      configure_evaluate: strategy sampled 10 clients (out of 10)
INFO:flwr:configure_evaluate: strategy sampled 10 clients (out of 10)
[36m(ClientAppActor pid=53278)[0m 
[36m(ClientAppActor pid=53278)[0m         
[36m(ClientAppActor pid=53278)[0m [93mWARNING [0m:   DEPRECATED FEATURE: `client_fn` now expects a signature `def client_fn(context: Context)`.The provided `client_fn` has signature: {'cid': <Parameter "cid: str">}. You can import the `Context` like this: `from flwr.app import Context`[32m [repeated 4x across cluster][0m
[36m(ClientAppActor pid=53278)[0m             This is a deprecated feature. It will be removed[32m [repeated 4x across cluster][0m
[36m(ClientAppActor pid=53278)[0m             entirely in future versions of Flower.[32m [repeated 4x across cluster][0m
[36m(ClientAppActor pid=53276)[0m 
[36m(ClientAppActor pid=53276)[0m         
[36m(ClientAppActor pid=53278)[0m 
[36m(ClientAppActor pid=53278)[0m         
[36m(ClientAppActor pid=53276)[0m 
[36m(ClientAppActor pid=53276)[0m         
[36m(ClientAppActor pid=53278)[0m 
[36m(ClientAppActor pid=53278)[0m         
[36m(ClientAppActor pid=53276)[0m 
[36m(ClientAppActor pid=53276)[0m         
[36m(ClientAppActor pid=53278)[0m 
[36m(ClientAppActor pid=53278)[0m         
[36m(ClientAppActor pid=53276)[0m 
[36m(ClientAppActor pid=53276)[0m         
[36m(ClientAppActor pid=53278)[0m 
[36m(ClientAppActor pid=53278)[0m         
[36m(ClientAppActor pid=53276)[0m 
[36m(ClientAppActor pid=53276)[0m         
[92mINFO [0m:      aggregate_evaluate: received 10 results and 0 failures
INFO:flwr:aggregate_evaluate: received 10 results and 0 failures
[92mINFO [0m:      
INFO:flwr:
[92mINFO [0m:      [ROUND 35]
INFO:flwr:[ROUND 35]
[92mINFO [0m:      configure_fit: strategy sampled 10 clients (out of 10)
INFO:flwr:configure_fit: strategy sampled 10 clients (out of 10)
[36m(ClientAppActor pid=53276)[0m [Client 1] Training on NVIDIA GeForce RTX 3060[32m [repeated 3x across cluster][0m
[36m(ClientAppActor pid=53276)[0m 
[36m(ClientAppActor pid=53276)[0m         
[36m(ClientAppActor pid=53278)[0m 
[36m(ClientAppActor pid=53278)[0m         
[36m(ClientAppActor pid=53278)[0m 
[36m(ClientAppActor pid=53278)[0m         
[36m(ClientAppActor pid=53278)[0m 
[36m(ClientAppActor pid=53278)[0m         
[36m(ClientAppActor pid=53278)[0m 
[36m(ClientAppActor pid=53278)[0m         
[36m(ClientAppActor pid=53276)[0m 
[36m(ClientAppActor pid=53276)[0m         
[36m(ClientAppActor pid=53276)[0m [93mWARNING [0m:   DEPRECATED FEATURE: `client_fn` now expects a signature `def client_fn(context: Context)`.The provided `client_fn` has signature: {'cid': <Parameter "cid: str">}. You can import the `Context` like this: `from flwr.app import Context`[32m [repeated 15x across cluster][0m
[36m(ClientAppActor pid=53276)[0m             This is a deprecated feature. It will be removed[32m [repeated 15x across cluster][0m
[36m(ClientAppActor pid=53276)[0m             entirely in future versions of Flower.[32m [repeated 15x across cluster][0m
[36m(ClientAppActor pid=53276)[0m 
[36m(ClientAppActor pid=53276)[0m         
[36m(ClientAppActor pid=53276)[0m [Client 2] Training on NVIDIA GeForce RTX 3060[32m [repeated 7x across cluster][0m
[36m(ClientAppActor pid=53276)[0m 
[36m(ClientAppActor pid=53276)[0m         
[36m(ClientAppActor pid=53276)[0m 
[36m(ClientAppActor pid=53276)[0m         
[36m(ClientAppActor pid=53278)[0m 
[36m(ClientAppActor pid=53278)[0m         
[36m(ClientAppActor pid=53278)[0m [93mWARNING [0m:   DEPRECATED FEATURE: `client_fn` now expects a signature `def client_fn(context: Context)`.The provided `client_fn` has signature: {'cid': <Parameter "cid: str">}. You can import the `Context` like this: `from flwr.app import Context`[32m [repeated 4x across cluster][0m
[36m(ClientAppActor pid=53278)[0m             This is a deprecated feature. It will be removed[32m [repeated 4x across cluster][0m
[36m(ClientAppActor pid=53278)[0m             entirely in future versions of Flower.[32m [repeated 4x across cluster][0m
[92mINFO [0m:      aggregate_fit: received 10 results and 0 failures
INFO:flwr:aggregate_fit: received 10 results and 0 failures
[CascadeRouter] Round 35: 10 clients, 24578 parameters/client
[92mINFO [0m:      configure_evaluate: strategy sampled 10 clients (out of 10)
INFO:flwr:configure_evaluate: strategy sampled 10 clients (out of 10)
[36m(ClientAppActor pid=53278)[0m 
[36m(ClientAppActor pid=53278)[0m         
[36m(ClientAppActor pid=53276)[0m 
[36m(ClientAppActor pid=53276)[0m         
[36m(ClientAppActor pid=53278)[0m 
[36m(ClientAppActor pid=53278)[0m         
[36m(ClientAppActor pid=53276)[0m 
[36m(ClientAppActor pid=53276)[0m         
[36m(ClientAppActor pid=53278)[0m 
[36m(ClientAppActor pid=53278)[0m         
[36m(ClientAppActor pid=53276)[0m 
[36m(ClientAppActor pid=53276)[0m         
[36m(ClientAppActor pid=53278)[0m 
[36m(ClientAppActor pid=53278)[0m         
[36m(ClientAppActor pid=53276)[0m 
[36m(ClientAppActor pid=53276)[0m         
[36m(ClientAppActor pid=53278)[0m 
[36m(ClientAppActor pid=53278)[0m         
[36m(ClientAppActor pid=53276)[0m 
[36m(ClientAppActor pid=53276)[0m         
[92mINFO [0m:      aggregate_evaluate: received 10 results and 0 failures
INFO:flwr:aggregate_evaluate: received 10 results and 0 failures
[92mINFO [0m:      
INFO:flwr:
[92mINFO [0m:      [ROUND 36]
INFO:flwr:[ROUND 36]
[92mINFO [0m:      configure_fit: strategy sampled 10 clients (out of 10)
INFO:flwr:configure_fit: strategy sampled 10 clients (out of 10)
[36m(ClientAppActor pid=53276)[0m 
[36m(ClientAppActor pid=53276)[0m         
[36m(ClientAppActor pid=53278)[0m 
[36m(ClientAppActor pid=53278)[0m         
[36m(ClientAppActor pid=53278)[0m 
[36m(ClientAppActor pid=53278)[0m         
[36m(ClientAppActor pid=53278)[0m [Client 9] Training on NVIDIA GeForce RTX 3060[32m [repeated 5x across cluster][0m
[36m(ClientAppActor pid=53278)[0m 
[36m(ClientAppActor pid=53278)[0m         
[36m(ClientAppActor pid=53278)[0m 
[36m(ClientAppActor pid=53278)[0m         
[36m(ClientAppActor pid=53276)[0m 
[36m(ClientAppActor pid=53276)[0m         
[36m(ClientAppActor pid=53276)[0m [93mWARNING [0m:   DEPRECATED FEATURE: `client_fn` now expects a signature `def client_fn(context: Context)`.The provided `client_fn` has signature: {'cid': <Parameter "cid: str">}. You can import the `Context` like this: `from flwr.app import Context`[32m [repeated 16x across cluster][0m
[36m(ClientAppActor pid=53276)[0m             This is a deprecated feature. It will be removed[32m [repeated 16x across cluster][0m
[36m(ClientAppActor pid=53276)[0m             entirely in future versions of Flower.[32m [repeated 16x across cluster][0m
[36m(ClientAppActor pid=53278)[0m 
[36m(ClientAppActor pid=53278)[0m         
[36m(ClientAppActor pid=53278)[0m 
[36m(ClientAppActor pid=53278)[0m         
[36m(ClientAppActor pid=53278)[0m 
[36m(ClientAppActor pid=53278)[0m         
[36m(ClientAppActor pid=53278)[0m [Client 1] Training on NVIDIA GeForce RTX 3060[32m [repeated 6x across cluster][0m
[36m(ClientAppActor pid=53278)[0m 
[36m(ClientAppActor pid=53278)[0m         
[36m(ClientAppActor pid=53278)[0m [93mWARNING [0m:   DEPRECATED FEATURE: `client_fn` now expects a signature `def client_fn(context: Context)`.The provided `client_fn` has signature: {'cid': <Parameter "cid: str">}. You can import the `Context` like this: `from flwr.app import Context`[32m [repeated 4x across cluster][0m
[36m(ClientAppActor pid=53278)[0m             This is a deprecated feature. It will be removed[32m [repeated 4x across cluster][0m
[36m(ClientAppActor pid=53278)[0m             entirely in future versions of Flower.[32m [repeated 4x across cluster][0m
[92mINFO [0m:      aggregate_fit: received 10 results and 0 failures
INFO:flwr:aggregate_fit: received 10 results and 0 failures
[CascadeRouter] Round 36: 10 clients, 24578 parameters/client
[92mINFO [0m:      configure_evaluate: strategy sampled 10 clients (out of 10)
INFO:flwr:configure_evaluate: strategy sampled 10 clients (out of 10)
[36m(ClientAppActor pid=53278)[0m 
[36m(ClientAppActor pid=53278)[0m         
[36m(ClientAppActor pid=53276)[0m 
[36m(ClientAppActor pid=53276)[0m         
[36m(ClientAppActor pid=53278)[0m 
[36m(ClientAppActor pid=53278)[0m         
[36m(ClientAppActor pid=53276)[0m 
[36m(ClientAppActor pid=53276)[0m         
[36m(ClientAppActor pid=53276)[0m 
[36m(ClientAppActor pid=53276)[0m         
[36m(ClientAppActor pid=53278)[0m 
[36m(ClientAppActor pid=53278)[0m         
[36m(ClientAppActor pid=53278)[0m 
[36m(ClientAppActor pid=53278)[0m         
[36m(ClientAppActor pid=53276)[0m 
[36m(ClientAppActor pid=53276)[0m         
[36m(ClientAppActor pid=53278)[0m 
[36m(ClientAppActor pid=53278)[0m         
[36m(ClientAppActor pid=53276)[0m 
[36m(ClientAppActor pid=53276)[0m         
[92mINFO [0m:      aggregate_evaluate: received 10 results and 0 failures
INFO:flwr:aggregate_evaluate: received 10 results and 0 failures
[92mINFO [0m:      
INFO:flwr:
[92mINFO [0m:      [ROUND 37]
INFO:flwr:[ROUND 37]
[92mINFO [0m:      configure_fit: strategy sampled 10 clients (out of 10)
INFO:flwr:configure_fit: strategy sampled 10 clients (out of 10)
[36m(ClientAppActor pid=53276)[0m [Client 9] Training on NVIDIA GeForce RTX 3060[32m [repeated 2x across cluster][0m
[36m(ClientAppActor pid=53276)[0m 
[36m(ClientAppActor pid=53276)[0m         
[36m(ClientAppActor pid=53278)[0m 
[36m(ClientAppActor pid=53278)[0m         
[36m(ClientAppActor pid=53276)[0m 
[36m(ClientAppActor pid=53276)[0m         
[36m(ClientAppActor pid=53278)[0m 
[36m(ClientAppActor pid=53278)[0m         
[36m(ClientAppActor pid=53278)[0m [93mWARNING [0m:   DEPRECATED FEATURE: `client_fn` now expects a signature `def client_fn(context: Context)`.The provided `client_fn` has signature: {'cid': <Parameter "cid: str">}. You can import the `Context` like this: `from flwr.app import Context`[32m [repeated 14x across cluster][0m
[36m(ClientAppActor pid=53278)[0m             This is a deprecated feature. It will be removed[32m [repeated 14x across cluster][0m
[36m(ClientAppActor pid=53278)[0m             entirely in future versions of Flower.[32m [repeated 14x across cluster][0m
[36m(ClientAppActor pid=53276)[0m 
[36m(ClientAppActor pid=53276)[0m         
[36m(ClientAppActor pid=53278)[0m 
[36m(ClientAppActor pid=53278)[0m         
[36m(ClientAppActor pid=53278)[0m 
[36m(ClientAppActor pid=53278)[0m         
[36m(ClientAppActor pid=53278)[0m 
[36m(ClientAppActor pid=53278)[0m         
[36m(ClientAppActor pid=53278)[0m [Client 7] Training on NVIDIA GeForce RTX 3060[32m [repeated 7x across cluster][0m
[36m(ClientAppActor pid=53276)[0m 
[36m(ClientAppActor pid=53276)[0m         
[36m(ClientAppActor pid=53276)[0m 
[36m(ClientAppActor pid=53276)[0m         
[92mINFO [0m:      aggregate_fit: received 10 results and 0 failures
INFO:flwr:aggregate_fit: received 10 results and 0 failures
[CascadeRouter] Round 37: 10 clients, 24578 parameters/client
[92mINFO [0m:      configure_evaluate: strategy sampled 10 clients (out of 10)
INFO:flwr:configure_evaluate: strategy sampled 10 clients (out of 10)
[36m(ClientAppActor pid=53278)[0m 
[36m(ClientAppActor pid=53278)[0m         
[36m(ClientAppActor pid=53278)[0m [93mWARNING [0m:   DEPRECATED FEATURE: `client_fn` now expects a signature `def client_fn(context: Context)`.The provided `client_fn` has signature: {'cid': <Parameter "cid: str">}. You can import the `Context` like this: `from flwr.app import Context`[32m [repeated 7x across cluster][0m
[36m(ClientAppActor pid=53278)[0m             This is a deprecated feature. It will be removed[32m [repeated 7x across cluster][0m
[36m(ClientAppActor pid=53278)[0m             entirely in future versions of Flower.[32m [repeated 7x across cluster][0m
[36m(ClientAppActor pid=53276)[0m 
[36m(ClientAppActor pid=53276)[0m         
[36m(ClientAppActor pid=53278)[0m 
[36m(ClientAppActor pid=53278)[0m         
[36m(ClientAppActor pid=53276)[0m 
[36m(ClientAppActor pid=53276)[0m         
[36m(ClientAppActor pid=53276)[0m 
[36m(ClientAppActor pid=53276)[0m         
[36m(ClientAppActor pid=53278)[0m 
[36m(ClientAppActor pid=53278)[0m         
[36m(ClientAppActor pid=53276)[0m 
[36m(ClientAppActor pid=53276)[0m         
[36m(ClientAppActor pid=53278)[0m 
[36m(ClientAppActor pid=53278)[0m         
[36m(ClientAppActor pid=53276)[0m 
[36m(ClientAppActor pid=53276)[0m         
[36m(ClientAppActor pid=53278)[0m 
[36m(ClientAppActor pid=53278)[0m         
[92mINFO [0m:      aggregate_evaluate: received 10 results and 0 failures
INFO:flwr:aggregate_evaluate: received 10 results and 0 failures
[92mINFO [0m:      
INFO:flwr:
[92mINFO [0m:      [ROUND 38]
INFO:flwr:[ROUND 38]
[92mINFO [0m:      configure_fit: strategy sampled 10 clients (out of 10)
INFO:flwr:configure_fit: strategy sampled 10 clients (out of 10)
[36m(ClientAppActor pid=53278)[0m 
[36m(ClientAppActor pid=53278)[0m         
[36m(ClientAppActor pid=53278)[0m [Client 4] Training on NVIDIA GeForce RTX 3060[32m [repeated 3x across cluster][0m
[36m(ClientAppActor pid=53276)[0m 
[36m(ClientAppActor pid=53276)[0m         
[36m(ClientAppActor pid=53276)[0m 
[36m(ClientAppActor pid=53276)[0m         
[36m(ClientAppActor pid=53276)[0m [93mWARNING [0m:   DEPRECATED FEATURE: `client_fn` now expects a signature `def client_fn(context: Context)`.The provided `client_fn` has signature: {'cid': <Parameter "cid: str">}. You can import the `Context` like this: `from flwr.app import Context`[32m [repeated 12x across cluster][0m
[36m(ClientAppActor pid=53276)[0m             This is a deprecated feature. It will be removed[32m [repeated 12x across cluster][0m
[36m(ClientAppActor pid=53276)[0m             entirely in future versions of Flower.[32m [repeated 12x across cluster][0m
[36m(ClientAppActor pid=53276)[0m [Client 0] Training on NVIDIA GeForce RTX 3060[32m [repeated 3x across cluster][0m
[36m(ClientAppActor pid=53276)[0m 
[36m(ClientAppActor pid=53276)[0m         
[36m(ClientAppActor pid=53278)[0m 
[36m(ClientAppActor pid=53278)[0m         
[36m(ClientAppActor pid=53278)[0m 
[36m(ClientAppActor pid=53278)[0m         
[36m(ClientAppActor pid=53276)[0m 
[36m(ClientAppActor pid=53276)[0m         
[36m(ClientAppActor pid=53276)[0m 
[36m(ClientAppActor pid=53276)[0m         
[36m(ClientAppActor pid=53276)[0m [93mWARNING [0m:   DEPRECATED FEATURE: `client_fn` now expects a signature `def client_fn(context: Context)`.The provided `client_fn` has signature: {'cid': <Parameter "cid: str">}. You can import the `Context` like this: `from flwr.app import Context`[32m [repeated 5x across cluster][0m
[36m(ClientAppActor pid=53276)[0m             This is a deprecated feature. It will be removed[32m [repeated 5x across cluster][0m
[36m(ClientAppActor pid=53276)[0m             entirely in future versions of Flower.[32m [repeated 5x across cluster][0m
[36m(ClientAppActor pid=53276)[0m 
[36m(ClientAppActor pid=53276)[0m         
[36m(ClientAppActor pid=53278)[0m 
[36m(ClientAppActor pid=53278)[0m         
[92mINFO [0m:      aggregate_fit: received 10 results and 0 failures
INFO:flwr:aggregate_fit: received 10 results and 0 failures
[CascadeRouter] Round 38: 10 clients, 24578 parameters/client
[92mINFO [0m:      configure_evaluate: strategy sampled 10 clients (out of 10)
INFO:flwr:configure_evaluate: strategy sampled 10 clients (out of 10)
[36m(ClientAppActor pid=53278)[0m 
[36m(ClientAppActor pid=53278)[0m         
[36m(ClientAppActor pid=53276)[0m 
[36m(ClientAppActor pid=53276)[0m         
[36m(ClientAppActor pid=53278)[0m 
[36m(ClientAppActor pid=53278)[0m         
[36m(ClientAppActor pid=53276)[0m 
[36m(ClientAppActor pid=53276)[0m         
[36m(ClientAppActor pid=53278)[0m 
[36m(ClientAppActor pid=53278)[0m         
[36m(ClientAppActor pid=53276)[0m 
[36m(ClientAppActor pid=53276)[0m         
[36m(ClientAppActor pid=53278)[0m 
[36m(ClientAppActor pid=53278)[0m         
[36m(ClientAppActor pid=53276)[0m 
[36m(ClientAppActor pid=53276)[0m         
[36m(ClientAppActor pid=53278)[0m 
[36m(ClientAppActor pid=53278)[0m         
[36m(ClientAppActor pid=53276)[0m 
[36m(ClientAppActor pid=53276)[0m         
[92mINFO [0m:      aggregate_evaluate: received 10 results and 0 failures
INFO:flwr:aggregate_evaluate: received 10 results and 0 failures
[92mINFO [0m:      
INFO:flwr:
[92mINFO [0m:      [ROUND 39]
INFO:flwr:[ROUND 39]
[92mINFO [0m:      configure_fit: strategy sampled 10 clients (out of 10)
INFO:flwr:configure_fit: strategy sampled 10 clients (out of 10)
[36m(ClientAppActor pid=53276)[0m [Client 6] Training on NVIDIA GeForce RTX 3060[32m [repeated 7x across cluster][0m
[36m(ClientAppActor pid=53276)[0m 
[36m(ClientAppActor pid=53276)[0m         
[36m(ClientAppActor pid=53278)[0m 
[36m(ClientAppActor pid=53278)[0m         
[36m(ClientAppActor pid=53276)[0m 
[36m(ClientAppActor pid=53276)[0m         
[36m(ClientAppActor pid=53276)[0m 
[36m(ClientAppActor pid=53276)[0m         
[36m(ClientAppActor pid=53276)[0m 
[36m(ClientAppActor pid=53276)[0m         
[36m(ClientAppActor pid=53276)[0m [93mWARNING [0m:   DEPRECATED FEATURE: `client_fn` now expects a signature `def client_fn(context: Context)`.The provided `client_fn` has signature: {'cid': <Parameter "cid: str">}. You can import the `Context` like this: `from flwr.app import Context`[32m [repeated 17x across cluster][0m
[36m(ClientAppActor pid=53276)[0m             This is a deprecated feature. It will be removed[32m [repeated 17x across cluster][0m
[36m(ClientAppActor pid=53276)[0m             entirely in future versions of Flower.[32m [repeated 17x across cluster][0m
[36m(ClientAppActor pid=53276)[0m 
[36m(ClientAppActor pid=53276)[0m         
[36m(ClientAppActor pid=53276)[0m [Client 8] Training on NVIDIA GeForce RTX 3060[32m [repeated 5x across cluster][0m
[36m(ClientAppActor pid=53276)[0m 
[36m(ClientAppActor pid=53276)[0m         
[36m(ClientAppActor pid=53278)[0m 
[36m(ClientAppActor pid=53278)[0m         
[36m(ClientAppActor pid=53278)[0m 
[36m(ClientAppActor pid=53278)[0m         
[36m(ClientAppActor pid=53276)[0m 
[36m(ClientAppActor pid=53276)[0m         
[36m(ClientAppActor pid=53276)[0m [93mWARNING [0m:   DEPRECATED FEATURE: `client_fn` now expects a signature `def client_fn(context: Context)`.The provided `client_fn` has signature: {'cid': <Parameter "cid: str">}. You can import the `Context` like this: `from flwr.app import Context`[32m [repeated 5x across cluster][0m
[36m(ClientAppActor pid=53276)[0m             This is a deprecated feature. It will be removed[32m [repeated 5x across cluster][0m
[36m(ClientAppActor pid=53276)[0m             entirely in future versions of Flower.[32m [repeated 5x across cluster][0m
[92mINFO [0m:      aggregate_fit: received 10 results and 0 failures
INFO:flwr:aggregate_fit: received 10 results and 0 failures
[CascadeRouter] Round 39: 10 clients, 24578 parameters/client
[92mINFO [0m:      configure_evaluate: strategy sampled 10 clients (out of 10)
INFO:flwr:configure_evaluate: strategy sampled 10 clients (out of 10)
[36m(ClientAppActor pid=53278)[0m 
[36m(ClientAppActor pid=53278)[0m         
[36m(ClientAppActor pid=53276)[0m 
[36m(ClientAppActor pid=53276)[0m         
[36m(ClientAppActor pid=53276)[0m 
[36m(ClientAppActor pid=53276)[0m         
[36m(ClientAppActor pid=53278)[0m 
[36m(ClientAppActor pid=53278)[0m         
[36m(ClientAppActor pid=53276)[0m 
[36m(ClientAppActor pid=53276)[0m         
[36m(ClientAppActor pid=53278)[0m 
[36m(ClientAppActor pid=53278)[0m         
[36m(ClientAppActor pid=53278)[0m 
[36m(ClientAppActor pid=53278)[0m         
[36m(ClientAppActor pid=53276)[0m 
[36m(ClientAppActor pid=53276)[0m         
[36m(ClientAppActor pid=53278)[0m 
[36m(ClientAppActor pid=53278)[0m         
[36m(ClientAppActor pid=53276)[0m 
[36m(ClientAppActor pid=53276)[0m         
[92mINFO [0m:      aggregate_evaluate: received 10 results and 0 failures
INFO:flwr:aggregate_evaluate: received 10 results and 0 failures
[92mINFO [0m:      
INFO:flwr:
[92mINFO [0m:      [ROUND 40]
INFO:flwr:[ROUND 40]
[92mINFO [0m:      configure_fit: strategy sampled 10 clients (out of 10)
INFO:flwr:configure_fit: strategy sampled 10 clients (out of 10)
[36m(ClientAppActor pid=53276)[0m [Client 8] Training on NVIDIA GeForce RTX 3060[32m [repeated 5x across cluster][0m
[36m(ClientAppActor pid=53278)[0m 
[36m(ClientAppActor pid=53278)[0m         
[36m(ClientAppActor pid=53276)[0m 
[36m(ClientAppActor pid=53276)[0m         
[36m(ClientAppActor pid=53276)[0m 
[36m(ClientAppActor pid=53276)[0m         
[36m(ClientAppActor pid=53278)[0m 
[36m(ClientAppActor pid=53278)[0m         
[36m(ClientAppActor pid=53276)[0m 
[36m(ClientAppActor pid=53276)[0m         
[36m(ClientAppActor pid=53278)[0m 
[36m(ClientAppActor pid=53278)[0m         
[36m(ClientAppActor pid=53278)[0m [93mWARNING [0m:   DEPRECATED FEATURE: `client_fn` now expects a signature `def client_fn(context: Context)`.The provided `client_fn` has signature: {'cid': <Parameter "cid: str">}. You can import the `Context` like this: `from flwr.app import Context`[32m [repeated 16x across cluster][0m
[36m(ClientAppActor pid=53278)[0m             This is a deprecated feature. It will be removed[32m [repeated 16x across cluster][0m
[36m(ClientAppActor pid=53278)[0m             entirely in future versions of Flower.[32m [repeated 16x across cluster][0m
[36m(ClientAppActor pid=53276)[0m [Client 3] Training on NVIDIA GeForce RTX 3060[32m [repeated 6x across cluster][0m
[36m(ClientAppActor pid=53276)[0m 
[36m(ClientAppActor pid=53276)[0m         
[36m(ClientAppActor pid=53276)[0m 
[36m(ClientAppActor pid=53276)[0m         
[36m(ClientAppActor pid=53276)[0m 
[36m(ClientAppActor pid=53276)[0m         
[36m(ClientAppActor pid=53276)[0m [Client 9] Training on NVIDIA GeForce RTX 3060[32m [repeated 3x across cluster][0m
[36m(ClientAppActor pid=53276)[0m 
[36m(ClientAppActor pid=53276)[0m         
[36m(ClientAppActor pid=53276)[0m [93mWARNING [0m:   DEPRECATED FEATURE: `client_fn` now expects a signature `def client_fn(context: Context)`.The provided `client_fn` has signature: {'cid': <Parameter "cid: str">}. You can import the `Context` like this: `from flwr.app import Context`[32m [repeated 4x across cluster][0m
[36m(ClientAppActor pid=53276)[0m             This is a deprecated feature. It will be removed[32m [repeated 4x across cluster][0m
[36m(ClientAppActor pid=53276)[0m             entirely in future versions of Flower.[32m [repeated 4x across cluster][0m
[92mINFO [0m:      aggregate_fit: received 10 results and 0 failures
INFO:flwr:aggregate_fit: received 10 results and 0 failures
[CascadeRouter] Round 40: 10 clients, 24578 parameters/client
[92mINFO [0m:      configure_evaluate: strategy sampled 10 clients (out of 10)
INFO:flwr:configure_evaluate: strategy sampled 10 clients (out of 10)
[36m(ClientAppActor pid=53278)[0m 
[36m(ClientAppActor pid=53278)[0m         
[36m(ClientAppActor pid=53276)[0m 
[36m(ClientAppActor pid=53276)[0m         
[36m(ClientAppActor pid=53276)[0m 
[36m(ClientAppActor pid=53276)[0m         
[36m(ClientAppActor pid=53278)[0m 
[36m(ClientAppActor pid=53278)[0m         
[36m(ClientAppActor pid=53278)[0m 
[36m(ClientAppActor pid=53278)[0m         
[36m(ClientAppActor pid=53276)[0m 
[36m(ClientAppActor pid=53276)[0m         
[36m(ClientAppActor pid=53276)[0m 
[36m(ClientAppActor pid=53276)[0m         
[36m(ClientAppActor pid=53278)[0m 
[36m(ClientAppActor pid=53278)[0m         
[36m(ClientAppActor pid=53276)[0m 
[36m(ClientAppActor pid=53276)[0m         
[36m(ClientAppActor pid=53278)[0m 
[36m(ClientAppActor pid=53278)[0m         
[92mINFO [0m:      aggregate_evaluate: received 10 results and 0 failures
INFO:flwr:aggregate_evaluate: received 10 results and 0 failures
[92mINFO [0m:      
INFO:flwr:
[92mINFO [0m:      [ROUND 41]
INFO:flwr:[ROUND 41]
[92mINFO [0m:      configure_fit: strategy sampled 10 clients (out of 10)
INFO:flwr:configure_fit: strategy sampled 10 clients (out of 10)
[36m(ClientAppActor pid=53278)[0m 
[36m(ClientAppActor pid=53278)[0m         
[36m(ClientAppActor pid=53276)[0m 
[36m(ClientAppActor pid=53276)[0m         
[36m(ClientAppActor pid=53276)[0m 
[36m(ClientAppActor pid=53276)[0m         
[36m(ClientAppActor pid=53278)[0m 
[36m(ClientAppActor pid=53278)[0m         
[36m(ClientAppActor pid=53276)[0m 
[36m(ClientAppActor pid=53276)[0m         
[36m(ClientAppActor pid=53278)[0m 
[36m(ClientAppActor pid=53278)[0m         
[36m(ClientAppActor pid=53278)[0m [93mWARNING [0m:   DEPRECATED FEATURE: `client_fn` now expects a signature `def client_fn(context: Context)`.The provided `client_fn` has signature: {'cid': <Parameter "cid: str">}. You can import the `Context` like this: `from flwr.app import Context`[32m [repeated 16x across cluster][0m
[36m(ClientAppActor pid=53278)[0m             This is a deprecated feature. It will be removed[32m [repeated 16x across cluster][0m
[36m(ClientAppActor pid=53278)[0m             entirely in future versions of Flower.[32m [repeated 16x across cluster][0m
[36m(ClientAppActor pid=53278)[0m [Client 1] Training on NVIDIA GeForce RTX 3060[32m [repeated 6x across cluster][0m
[36m(ClientAppActor pid=53276)[0m 
[36m(ClientAppActor pid=53276)[0m         
[36m(ClientAppActor pid=53276)[0m 
[36m(ClientAppActor pid=53276)[0m         
[36m(ClientAppActor pid=53278)[0m 
[36m(ClientAppActor pid=53278)[0m         
[36m(ClientAppActor pid=53276)[0m 
[36m(ClientAppActor pid=53276)[0m         
[92mINFO [0m:      aggregate_fit: received 10 results and 0 failures
INFO:flwr:aggregate_fit: received 10 results and 0 failures
[CascadeRouter] Round 41: 10 clients, 24578 parameters/client
[92mINFO [0m:      configure_evaluate: strategy sampled 10 clients (out of 10)
INFO:flwr:configure_evaluate: strategy sampled 10 clients (out of 10)
[36m(ClientAppActor pid=53278)[0m 
[36m(ClientAppActor pid=53278)[0m         
[36m(ClientAppActor pid=53278)[0m [93mWARNING [0m:   DEPRECATED FEATURE: `client_fn` now expects a signature `def client_fn(context: Context)`.The provided `client_fn` has signature: {'cid': <Parameter "cid: str">}. You can import the `Context` like this: `from flwr.app import Context`[32m [repeated 5x across cluster][0m
[36m(ClientAppActor pid=53278)[0m             This is a deprecated feature. It will be removed[32m [repeated 5x across cluster][0m
[36m(ClientAppActor pid=53278)[0m             entirely in future versions of Flower.[32m [repeated 5x across cluster][0m
[36m(ClientAppActor pid=53276)[0m 
[36m(ClientAppActor pid=53276)[0m         
[36m(ClientAppActor pid=53278)[0m 
[36m(ClientAppActor pid=53278)[0m         
[36m(ClientAppActor pid=53276)[0m 
[36m(ClientAppActor pid=53276)[0m         
[36m(ClientAppActor pid=53278)[0m 
[36m(ClientAppActor pid=53278)[0m         
[36m(ClientAppActor pid=53276)[0m 
[36m(ClientAppActor pid=53276)[0m         
[36m(ClientAppActor pid=53278)[0m 
[36m(ClientAppActor pid=53278)[0m         
[36m(ClientAppActor pid=53276)[0m 
[36m(ClientAppActor pid=53276)[0m         
[36m(ClientAppActor pid=53278)[0m 
[36m(ClientAppActor pid=53278)[0m         
[36m(ClientAppActor pid=53276)[0m 
[36m(ClientAppActor pid=53276)[0m         
[92mINFO [0m:      aggregate_evaluate: received 10 results and 0 failures
INFO:flwr:aggregate_evaluate: received 10 results and 0 failures
[92mINFO [0m:      
INFO:flwr:
[92mINFO [0m:      [ROUND 42]
INFO:flwr:[ROUND 42]
[92mINFO [0m:      configure_fit: strategy sampled 10 clients (out of 10)
INFO:flwr:configure_fit: strategy sampled 10 clients (out of 10)
[36m(ClientAppActor pid=53276)[0m [Client 6] Training on NVIDIA GeForce RTX 3060[32m [repeated 5x across cluster][0m
[36m(ClientAppActor pid=53276)[0m 
[36m(ClientAppActor pid=53276)[0m         
[36m(ClientAppActor pid=53278)[0m 
[36m(ClientAppActor pid=53278)[0m         
[36m(ClientAppActor pid=53276)[0m 
[36m(ClientAppActor pid=53276)[0m         
[36m(ClientAppActor pid=53276)[0m 
[36m(ClientAppActor pid=53276)[0m         
[36m(ClientAppActor pid=53278)[0m 
[36m(ClientAppActor pid=53278)[0m         
[36m(ClientAppActor pid=53276)[0m 
[36m(ClientAppActor pid=53276)[0m         
[36m(ClientAppActor pid=53276)[0m 
[36m(ClientAppActor pid=53276)[0m         
[36m(ClientAppActor pid=53276)[0m [93mWARNING [0m:   DEPRECATED FEATURE: `client_fn` now expects a signature `def client_fn(context: Context)`.The provided `client_fn` has signature: {'cid': <Parameter "cid: str">}. You can import the `Context` like this: `from flwr.app import Context`[32m [repeated 16x across cluster][0m
[36m(ClientAppActor pid=53276)[0m             This is a deprecated feature. It will be removed[32m [repeated 16x across cluster][0m
[36m(ClientAppActor pid=53276)[0m             entirely in future versions of Flower.[32m [repeated 16x across cluster][0m
[36m(ClientAppActor pid=53278)[0m 
[36m(ClientAppActor pid=53278)[0m         
[36m(ClientAppActor pid=53276)[0m [Client 9] Training on NVIDIA GeForce RTX 3060[32m [repeated 8x across cluster][0m
[36m(ClientAppActor pid=53276)[0m 
[36m(ClientAppActor pid=53276)[0m         
[36m(ClientAppActor pid=53276)[0m 
[36m(ClientAppActor pid=53276)[0m         
[92mINFO [0m:      aggregate_fit: received 10 results and 0 failures
INFO:flwr:aggregate_fit: received 10 results and 0 failures
[CascadeRouter] Round 42: 10 clients, 24578 parameters/client
[92mINFO [0m:      configure_evaluate: strategy sampled 10 clients (out of 10)
INFO:flwr:configure_evaluate: strategy sampled 10 clients (out of 10)
[36m(ClientAppActor pid=53276)[0m 
[36m(ClientAppActor pid=53276)[0m         
[36m(ClientAppActor pid=53276)[0m [93mWARNING [0m:   DEPRECATED FEATURE: `client_fn` now expects a signature `def client_fn(context: Context)`.The provided `client_fn` has signature: {'cid': <Parameter "cid: str">}. You can import the `Context` like this: `from flwr.app import Context`[32m [repeated 4x across cluster][0m
[36m(ClientAppActor pid=53276)[0m             This is a deprecated feature. It will be removed[32m [repeated 4x across cluster][0m
[36m(ClientAppActor pid=53276)[0m             entirely in future versions of Flower.[32m [repeated 4x across cluster][0m
[36m(ClientAppActor pid=53278)[0m 
[36m(ClientAppActor pid=53278)[0m         
[36m(ClientAppActor pid=53278)[0m 
[36m(ClientAppActor pid=53278)[0m         
[36m(ClientAppActor pid=53276)[0m 
[36m(ClientAppActor pid=53276)[0m         
[36m(ClientAppActor pid=53276)[0m 
[36m(ClientAppActor pid=53276)[0m         
[36m(ClientAppActor pid=53278)[0m 
[36m(ClientAppActor pid=53278)[0m         
[36m(ClientAppActor pid=53276)[0m 
[36m(ClientAppActor pid=53276)[0m         
[36m(ClientAppActor pid=53278)[0m 
[36m(ClientAppActor pid=53278)[0m         
[36m(ClientAppActor pid=53276)[0m 
[36m(ClientAppActor pid=53276)[0m         
[36m(ClientAppActor pid=53278)[0m 
[36m(ClientAppActor pid=53278)[0m         
[92mINFO [0m:      aggregate_evaluate: received 10 results and 0 failures
INFO:flwr:aggregate_evaluate: received 10 results and 0 failures
[92mINFO [0m:      
INFO:flwr:
[92mINFO [0m:      [ROUND 43]
INFO:flwr:[ROUND 43]
[92mINFO [0m:      configure_fit: strategy sampled 10 clients (out of 10)
INFO:flwr:configure_fit: strategy sampled 10 clients (out of 10)
[36m(ClientAppActor pid=53278)[0m 
[36m(ClientAppActor pid=53278)[0m         
[36m(ClientAppActor pid=53278)[0m [Client 3] Training on NVIDIA GeForce RTX 3060[32m [repeated 2x across cluster][0m
[36m(ClientAppActor pid=53276)[0m 
[36m(ClientAppActor pid=53276)[0m         
[36m(ClientAppActor pid=53278)[0m 
[36m(ClientAppActor pid=53278)[0m         
[36m(ClientAppActor pid=53278)[0m 
[36m(ClientAppActor pid=53278)[0m         
[36m(ClientAppActor pid=53278)[0m 
[36m(ClientAppActor pid=53278)[0m         
[36m(ClientAppActor pid=53276)[0m 
[36m(ClientAppActor pid=53276)[0m         
[36m(ClientAppActor pid=53276)[0m 
[36m(ClientAppActor pid=53276)[0m         
[36m(ClientAppActor pid=53278)[0m 
[36m(ClientAppActor pid=53278)[0m         
[36m(ClientAppActor pid=53278)[0m [93mWARNING [0m:   DEPRECATED FEATURE: `client_fn` now expects a signature `def client_fn(context: Context)`.The provided `client_fn` has signature: {'cid': <Parameter "cid: str">}. You can import the `Context` like this: `from flwr.app import Context`[32m [repeated 17x across cluster][0m
[36m(ClientAppActor pid=53278)[0m             This is a deprecated feature. It will be removed[32m [repeated 17x across cluster][0m
[36m(ClientAppActor pid=53278)[0m             entirely in future versions of Flower.[32m [repeated 17x across cluster][0m
[36m(ClientAppActor pid=53278)[0m 
[36m(ClientAppActor pid=53278)[0m         
[36m(ClientAppActor pid=53278)[0m [Client 5] Training on NVIDIA GeForce RTX 3060[32m [repeated 8x across cluster][0m
[36m(ClientAppActor pid=53278)[0m 
[36m(ClientAppActor pid=53278)[0m         
[36m(ClientAppActor pid=53278)[0m [93mWARNING [0m:   DEPRECATED FEATURE: `client_fn` now expects a signature `def client_fn(context: Context)`.The provided `client_fn` has signature: {'cid': <Parameter "cid: str">}. You can import the `Context` like this: `from flwr.app import Context`[32m [repeated 2x across cluster][0m
[36m(ClientAppActor pid=53278)[0m             This is a deprecated feature. It will be removed[32m [repeated 2x across cluster][0m
[36m(ClientAppActor pid=53278)[0m             entirely in future versions of Flower.[32m [repeated 2x across cluster][0m
[92mINFO [0m:      aggregate_fit: received 10 results and 0 failures
INFO:flwr:aggregate_fit: received 10 results and 0 failures
[CascadeRouter] Round 43: 10 clients, 24578 parameters/client
[92mINFO [0m:      configure_evaluate: strategy sampled 10 clients (out of 10)
INFO:flwr:configure_evaluate: strategy sampled 10 clients (out of 10)
[36m(ClientAppActor pid=53278)[0m 
[36m(ClientAppActor pid=53278)[0m         
[36m(ClientAppActor pid=53276)[0m 
[36m(ClientAppActor pid=53276)[0m         
[36m(ClientAppActor pid=53278)[0m 
[36m(ClientAppActor pid=53278)[0m         
[36m(ClientAppActor pid=53276)[0m 
[36m(ClientAppActor pid=53276)[0m         
[36m(ClientAppActor pid=53278)[0m 
[36m(ClientAppActor pid=53278)[0m         
[36m(ClientAppActor pid=53276)[0m 
[36m(ClientAppActor pid=53276)[0m         
[36m(ClientAppActor pid=53278)[0m 
[36m(ClientAppActor pid=53278)[0m         
[36m(ClientAppActor pid=53276)[0m 
[36m(ClientAppActor pid=53276)[0m         
[36m(ClientAppActor pid=53278)[0m 
[36m(ClientAppActor pid=53278)[0m         
[36m(ClientAppActor pid=53276)[0m 
[36m(ClientAppActor pid=53276)[0m         
[92mINFO [0m:      aggregate_evaluate: received 10 results and 0 failures
INFO:flwr:aggregate_evaluate: received 10 results and 0 failures
[92mINFO [0m:      
INFO:flwr:
[92mINFO [0m:      [ROUND 44]
INFO:flwr:[ROUND 44]
[92mINFO [0m:      configure_fit: strategy sampled 10 clients (out of 10)
INFO:flwr:configure_fit: strategy sampled 10 clients (out of 10)
[36m(ClientAppActor pid=53276)[0m [Client 9] Training on NVIDIA GeForce RTX 3060[32m [repeated 2x across cluster][0m
[36m(ClientAppActor pid=53276)[0m 
[36m(ClientAppActor pid=53276)[0m         
[36m(ClientAppActor pid=53278)[0m 
[36m(ClientAppActor pid=53278)[0m         
[36m(ClientAppActor pid=53278)[0m 
[36m(ClientAppActor pid=53278)[0m         
[36m(ClientAppActor pid=53276)[0m 
[36m(ClientAppActor pid=53276)[0m         
[36m(ClientAppActor pid=53278)[0m 
[36m(ClientAppActor pid=53278)[0m         
[36m(ClientAppActor pid=53278)[0m [93mWARNING [0m:   DEPRECATED FEATURE: `client_fn` now expects a signature `def client_fn(context: Context)`.The provided `client_fn` has signature: {'cid': <Parameter "cid: str">}. You can import the `Context` like this: `from flwr.app import Context`[32m [repeated 15x across cluster][0m
[36m(ClientAppActor pid=53278)[0m             This is a deprecated feature. It will be removed[32m [repeated 15x across cluster][0m
[36m(ClientAppActor pid=53278)[0m             entirely in future versions of Flower.[32m [repeated 15x across cluster][0m
[36m(ClientAppActor pid=53276)[0m 
[36m(ClientAppActor pid=53276)[0m         
[36m(ClientAppActor pid=53278)[0m 
[36m(ClientAppActor pid=53278)[0m         
[36m(ClientAppActor pid=53276)[0m 
[36m(ClientAppActor pid=53276)[0m         
[36m(ClientAppActor pid=53276)[0m [Client 2] Training on NVIDIA GeForce RTX 3060[32m [repeated 8x across cluster][0m
[36m(ClientAppActor pid=53276)[0m 
[36m(ClientAppActor pid=53276)[0m         
[36m(ClientAppActor pid=53276)[0m [93mWARNING [0m:   DEPRECATED FEATURE: `client_fn` now expects a signature `def client_fn(context: Context)`.The provided `client_fn` has signature: {'cid': <Parameter "cid: str">}. You can import the `Context` like this: `from flwr.app import Context`[32m [repeated 4x across cluster][0m
[36m(ClientAppActor pid=53276)[0m             This is a deprecated feature. It will be removed[32m [repeated 4x across cluster][0m
[36m(ClientAppActor pid=53276)[0m             entirely in future versions of Flower.[32m [repeated 4x across cluster][0m
[36m(ClientAppActor pid=53278)[0m 
[36m(ClientAppActor pid=53278)[0m         
[92mINFO [0m:      aggregate_fit: received 10 results and 0 failures
INFO:flwr:aggregate_fit: received 10 results and 0 failures
[CascadeRouter] Round 44: 10 clients, 24578 parameters/client
[92mINFO [0m:      configure_evaluate: strategy sampled 10 clients (out of 10)
INFO:flwr:configure_evaluate: strategy sampled 10 clients (out of 10)
[36m(ClientAppActor pid=53278)[0m 
[36m(ClientAppActor pid=53278)[0m         
[36m(ClientAppActor pid=53278)[0m [93mWARNING [0m:   DEPRECATED FEATURE: `client_fn` now expects a signature `def client_fn(context: Context)`.The provided `client_fn` has signature: {'cid': <Parameter "cid: str">}. You can import the `Context` like this: `from flwr.app import Context`[32m [repeated 2x across cluster][0m
[36m(ClientAppActor pid=53278)[0m             This is a deprecated feature. It will be removed[32m [repeated 2x across cluster][0m
[36m(ClientAppActor pid=53278)[0m             entirely in future versions of Flower.[32m [repeated 2x across cluster][0m
[36m(ClientAppActor pid=53276)[0m 
[36m(ClientAppActor pid=53276)[0m         
[36m(ClientAppActor pid=53278)[0m 
[36m(ClientAppActor pid=53278)[0m         
[36m(ClientAppActor pid=53276)[0m 
[36m(ClientAppActor pid=53276)[0m         
[36m(ClientAppActor pid=53278)[0m 
[36m(ClientAppActor pid=53278)[0m         
[36m(ClientAppActor pid=53276)[0m 
[36m(ClientAppActor pid=53276)[0m         
[36m(ClientAppActor pid=53278)[0m 
[36m(ClientAppActor pid=53278)[0m         
[36m(ClientAppActor pid=53276)[0m 
[36m(ClientAppActor pid=53276)[0m         
[36m(ClientAppActor pid=53278)[0m 
[36m(ClientAppActor pid=53278)[0m         
[36m(ClientAppActor pid=53276)[0m 
[36m(ClientAppActor pid=53276)[0m         
[92mINFO [0m:      aggregate_evaluate: received 10 results and 0 failures
INFO:flwr:aggregate_evaluate: received 10 results and 0 failures
[92mINFO [0m:      
INFO:flwr:
[92mINFO [0m:      [ROUND 45]
INFO:flwr:[ROUND 45]
[92mINFO [0m:      configure_fit: strategy sampled 10 clients (out of 10)
INFO:flwr:configure_fit: strategy sampled 10 clients (out of 10)
[36m(ClientAppActor pid=53276)[0m [Client 5] Training on NVIDIA GeForce RTX 3060[32m [repeated 2x across cluster][0m
[36m(ClientAppActor pid=53278)[0m 
[36m(ClientAppActor pid=53278)[0m         
[36m(ClientAppActor pid=53276)[0m 
[36m(ClientAppActor pid=53276)[0m         
[36m(ClientAppActor pid=53276)[0m 
[36m(ClientAppActor pid=53276)[0m         
[36m(ClientAppActor pid=53276)[0m 
[36m(ClientAppActor pid=53276)[0m         
[36m(ClientAppActor pid=53276)[0m [93mWARNING [0m:   DEPRECATED FEATURE: `client_fn` now expects a signature `def client_fn(context: Context)`.The provided `client_fn` has signature: {'cid': <Parameter "cid: str">}. You can import the `Context` like this: `from flwr.app import Context`[32m [repeated 13x across cluster][0m
[36m(ClientAppActor pid=53276)[0m             This is a deprecated feature. It will be removed[32m [repeated 13x across cluster][0m
[36m(ClientAppActor pid=53276)[0m             entirely in future versions of Flower.[32m [repeated 13x across cluster][0m
[36m(ClientAppActor pid=53276)[0m [Client 1] Training on NVIDIA GeForce RTX 3060[32m [repeated 4x across cluster][0m
[36m(ClientAppActor pid=53276)[0m 
[36m(ClientAppActor pid=53276)[0m         
[36m(ClientAppActor pid=53278)[0m 
[36m(ClientAppActor pid=53278)[0m         
[36m(ClientAppActor pid=53278)[0m 
[36m(ClientAppActor pid=53278)[0m         
[36m(ClientAppActor pid=53278)[0m 
[36m(ClientAppActor pid=53278)[0m         
[36m(ClientAppActor pid=53278)[0m [93mWARNING [0m:   DEPRECATED FEATURE: `client_fn` now expects a signature `def client_fn(context: Context)`.The provided `client_fn` has signature: {'cid': <Parameter "cid: str">}. You can import the `Context` like this: `from flwr.app import Context`[32m [repeated 4x across cluster][0m
[36m(ClientAppActor pid=53278)[0m             This is a deprecated feature. It will be removed[32m [repeated 4x across cluster][0m
[36m(ClientAppActor pid=53278)[0m             entirely in future versions of Flower.[32m [repeated 4x across cluster][0m
[36m(ClientAppActor pid=53276)[0m 
[36m(ClientAppActor pid=53276)[0m         
[36m(ClientAppActor pid=53278)[0m 
[36m(ClientAppActor pid=53278)[0m         
[92mINFO [0m:      aggregate_fit: received 10 results and 0 failures
INFO:flwr:aggregate_fit: received 10 results and 0 failures
[CascadeRouter] Round 45: 10 clients, 24578 parameters/client
[92mINFO [0m:      configure_evaluate: strategy sampled 10 clients (out of 10)
INFO:flwr:configure_evaluate: strategy sampled 10 clients (out of 10)
[36m(ClientAppActor pid=53278)[0m 
[36m(ClientAppActor pid=53278)[0m         
[36m(ClientAppActor pid=53276)[0m 
[36m(ClientAppActor pid=53276)[0m         
[36m(ClientAppActor pid=53276)[0m 
[36m(ClientAppActor pid=53276)[0m         
[36m(ClientAppActor pid=53278)[0m 
[36m(ClientAppActor pid=53278)[0m         
[36m(ClientAppActor pid=53276)[0m 
[36m(ClientAppActor pid=53276)[0m         
[36m(ClientAppActor pid=53278)[0m 
[36m(ClientAppActor pid=53278)[0m         
[36m(ClientAppActor pid=53278)[0m 
[36m(ClientAppActor pid=53278)[0m         
[36m(ClientAppActor pid=53276)[0m 
[36m(ClientAppActor pid=53276)[0m         
[36m(ClientAppActor pid=53278)[0m 
[36m(ClientAppActor pid=53278)[0m         
[36m(ClientAppActor pid=53276)[0m 
[36m(ClientAppActor pid=53276)[0m         
[92mINFO [0m:      aggregate_evaluate: received 10 results and 0 failures
INFO:flwr:aggregate_evaluate: received 10 results and 0 failures
[92mINFO [0m:      
INFO:flwr:
[92mINFO [0m:      [ROUND 46]
INFO:flwr:[ROUND 46]
[92mINFO [0m:      configure_fit: strategy sampled 10 clients (out of 10)
INFO:flwr:configure_fit: strategy sampled 10 clients (out of 10)
[36m(ClientAppActor pid=53278)[0m 
[36m(ClientAppActor pid=53278)[0m         
[36m(ClientAppActor pid=53278)[0m [Client 9] Training on NVIDIA GeForce RTX 3060[32m [repeated 6x across cluster][0m
[36m(ClientAppActor pid=53276)[0m 
[36m(ClientAppActor pid=53276)[0m         
[36m(ClientAppActor pid=53276)[0m 
[36m(ClientAppActor pid=53276)[0m         
[36m(ClientAppActor pid=53278)[0m 
[36m(ClientAppActor pid=53278)[0m         
[36m(ClientAppActor pid=53278)[0m 
[36m(ClientAppActor pid=53278)[0m         
[36m(ClientAppActor pid=53276)[0m 
[36m(ClientAppActor pid=53276)[0m         
[36m(ClientAppActor pid=53276)[0m [93mWARNING [0m:   DEPRECATED FEATURE: `client_fn` now expects a signature `def client_fn(context: Context)`.The provided `client_fn` has signature: {'cid': <Parameter "cid: str">}. You can import the `Context` like this: `from flwr.app import Context`[32m [repeated 18x across cluster][0m
[36m(ClientAppActor pid=53276)[0m             This is a deprecated feature. It will be removed[32m [repeated 18x across cluster][0m
[36m(ClientAppActor pid=53276)[0m             entirely in future versions of Flower.[32m [repeated 18x across cluster][0m
[36m(ClientAppActor pid=53276)[0m 
[36m(ClientAppActor pid=53276)[0m         
[36m(ClientAppActor pid=53278)[0m 
[36m(ClientAppActor pid=53278)[0m         
[36m(ClientAppActor pid=53276)[0m 
[36m(ClientAppActor pid=53276)[0m         
[36m(ClientAppActor pid=53278)[0m 
[36m(ClientAppActor pid=53278)[0m         
[36m(ClientAppActor pid=53278)[0m [Client 1] Training on NVIDIA GeForce RTX 3060[32m [repeated 9x across cluster][0m
[92mINFO [0m:      aggregate_fit: received 10 results and 0 failures
INFO:flwr:aggregate_fit: received 10 results and 0 failures
[CascadeRouter] Round 46: 10 clients, 24578 parameters/client
[92mINFO [0m:      configure_evaluate: strategy sampled 10 clients (out of 10)
INFO:flwr:configure_evaluate: strategy sampled 10 clients (out of 10)
[36m(ClientAppActor pid=53276)[0m 
[36m(ClientAppActor pid=53276)[0m         
[36m(ClientAppActor pid=53276)[0m [93mWARNING [0m:   DEPRECATED FEATURE: `client_fn` now expects a signature `def client_fn(context: Context)`.The provided `client_fn` has signature: {'cid': <Parameter "cid: str">}. You can import the `Context` like this: `from flwr.app import Context`[32m [repeated 5x across cluster][0m
[36m(ClientAppActor pid=53276)[0m             This is a deprecated feature. It will be removed[32m [repeated 5x across cluster][0m
[36m(ClientAppActor pid=53276)[0m             entirely in future versions of Flower.[32m [repeated 5x across cluster][0m
[36m(ClientAppActor pid=53278)[0m 
[36m(ClientAppActor pid=53278)[0m         
[36m(ClientAppActor pid=53276)[0m 
[36m(ClientAppActor pid=53276)[0m         
[36m(ClientAppActor pid=53278)[0m 
[36m(ClientAppActor pid=53278)[0m         
[36m(ClientAppActor pid=53278)[0m 
[36m(ClientAppActor pid=53278)[0m         
[36m(ClientAppActor pid=53276)[0m 
[36m(ClientAppActor pid=53276)[0m         
[36m(ClientAppActor pid=53276)[0m 
[36m(ClientAppActor pid=53276)[0m         
[36m(ClientAppActor pid=53278)[0m 
[36m(ClientAppActor pid=53278)[0m         
[36m(ClientAppActor pid=53278)[0m 
[36m(ClientAppActor pid=53278)[0m         
[36m(ClientAppActor pid=53276)[0m 
[36m(ClientAppActor pid=53276)[0m         
[92mINFO [0m:      aggregate_evaluate: received 10 results and 0 failures
INFO:flwr:aggregate_evaluate: received 10 results and 0 failures
[92mINFO [0m:      
INFO:flwr:
[92mINFO [0m:      [ROUND 47]
INFO:flwr:[ROUND 47]
[92mINFO [0m:      configure_fit: strategy sampled 10 clients (out of 10)
INFO:flwr:configure_fit: strategy sampled 10 clients (out of 10)
[36m(ClientAppActor pid=53278)[0m 
[36m(ClientAppActor pid=53278)[0m         
[36m(ClientAppActor pid=53278)[0m [Client 4] Training on NVIDIA GeForce RTX 3060
[36m(ClientAppActor pid=53276)[0m [Client 0] Training on NVIDIA GeForce RTX 3060
[36m(ClientAppActor pid=53276)[0m 
[36m(ClientAppActor pid=53276)[0m         
[36m(ClientAppActor pid=53276)[0m [Client 7] Training on NVIDIA GeForce RTX 3060
[36m(ClientAppActor pid=53276)[0m 
[36m(ClientAppActor pid=53276)[0m         
[36m(ClientAppActor pid=53276)[0m [Client 1] Training on NVIDIA GeForce RTX 3060
[36m(ClientAppActor pid=53276)[0m 
[36m(ClientAppActor pid=53276)[0m         
[36m(ClientAppActor pid=53276)[0m [93mWARNING [0m:   DEPRECATED FEATURE: `client_fn` now expects a signature `def client_fn(context: Context)`.The provided `client_fn` has signature: {'cid': <Parameter "cid: str">}. You can import the `Context` like this: `from flwr.app import Context`[32m [repeated 13x across cluster][0m
[36m(ClientAppActor pid=53276)[0m             This is a deprecated feature. It will be removed[32m [repeated 13x across cluster][0m
[36m(ClientAppActor pid=53276)[0m             entirely in future versions of Flower.[32m [repeated 13x across cluster][0m
[36m(ClientAppActor pid=53278)[0m 
[36m(ClientAppActor pid=53278)[0m         
[36m(ClientAppActor pid=53278)[0m [Client 2] Training on NVIDIA GeForce RTX 3060
[36m(ClientAppActor pid=53276)[0m [Client 5] Training on NVIDIA GeForce RTX 3060
[36m(ClientAppActor pid=53276)[0m 
[36m(ClientAppActor pid=53276)[0m         
[36m(ClientAppActor pid=53278)[0m 
[36m(ClientAppActor pid=53278)[0m         
[36m(ClientAppActor pid=53278)[0m 
[36m(ClientAppActor pid=53278)[0m         
[36m(ClientAppActor pid=53278)[0m 
[36m(ClientAppActor pid=53278)[0m         
[36m(ClientAppActor pid=53278)[0m [93mWARNING [0m:   DEPRECATED FEATURE: `client_fn` now expects a signature `def client_fn(context: Context)`.The provided `client_fn` has signature: {'cid': <Parameter "cid: str">}. You can import the `Context` like this: `from flwr.app import Context`[32m [repeated 5x across cluster][0m
[36m(ClientAppActor pid=53278)[0m             This is a deprecated feature. It will be removed[32m [repeated 5x across cluster][0m
[36m(ClientAppActor pid=53278)[0m             entirely in future versions of Flower.[32m [repeated 5x across cluster][0m
[36m(ClientAppActor pid=53278)[0m 
[36m(ClientAppActor pid=53278)[0m         
[92mINFO [0m:      aggregate_fit: received 10 results and 0 failures
INFO:flwr:aggregate_fit: received 10 results and 0 failures
[CascadeRouter] Round 47: 10 clients, 24578 parameters/client
[92mINFO [0m:      configure_evaluate: strategy sampled 10 clients (out of 10)
INFO:flwr:configure_evaluate: strategy sampled 10 clients (out of 10)
[36m(ClientAppActor pid=53278)[0m 
[36m(ClientAppActor pid=53278)[0m         
[36m(ClientAppActor pid=53276)[0m 
[36m(ClientAppActor pid=53276)[0m         
[36m(ClientAppActor pid=53278)[0m 
[36m(ClientAppActor pid=53278)[0m         
[36m(ClientAppActor pid=53276)[0m 
[36m(ClientAppActor pid=53276)[0m         
[36m(ClientAppActor pid=53276)[0m 
[36m(ClientAppActor pid=53276)[0m         
[36m(ClientAppActor pid=53278)[0m 
[36m(ClientAppActor pid=53278)[0m         
[36m(ClientAppActor pid=53278)[0m 
[36m(ClientAppActor pid=53278)[0m         
[36m(ClientAppActor pid=53276)[0m 
[36m(ClientAppActor pid=53276)[0m         
[36m(ClientAppActor pid=53278)[0m 
[36m(ClientAppActor pid=53278)[0m         
[36m(ClientAppActor pid=53276)[0m 
[36m(ClientAppActor pid=53276)[0m         
[92mINFO [0m:      aggregate_evaluate: received 10 results and 0 failures
INFO:flwr:aggregate_evaluate: received 10 results and 0 failures
[92mINFO [0m:      
INFO:flwr:
[92mINFO [0m:      [ROUND 48]
INFO:flwr:[ROUND 48]
[92mINFO [0m:      configure_fit: strategy sampled 10 clients (out of 10)
INFO:flwr:configure_fit: strategy sampled 10 clients (out of 10)
[36m(ClientAppActor pid=53278)[0m 
[36m(ClientAppActor pid=53278)[0m         
[36m(ClientAppActor pid=53276)[0m 
[36m(ClientAppActor pid=53276)[0m         
[36m(ClientAppActor pid=53276)[0m [Client 9] Training on NVIDIA GeForce RTX 3060[32m [repeated 7x across cluster][0m
[36m(ClientAppActor pid=53276)[0m 
[36m(ClientAppActor pid=53276)[0m         
[36m(ClientAppActor pid=53276)[0m [93mWARNING [0m:   DEPRECATED FEATURE: `client_fn` now expects a signature `def client_fn(context: Context)`.The provided `client_fn` has signature: {'cid': <Parameter "cid: str">}. You can import the `Context` like this: `from flwr.app import Context`[32m [repeated 14x across cluster][0m
[36m(ClientAppActor pid=53276)[0m             This is a deprecated feature. It will be removed[32m [repeated 14x across cluster][0m
[36m(ClientAppActor pid=53276)[0m             entirely in future versions of Flower.[32m [repeated 14x across cluster][0m
[36m(ClientAppActor pid=53276)[0m 
[36m(ClientAppActor pid=53276)[0m         
[36m(ClientAppActor pid=53276)[0m 
[36m(ClientAppActor pid=53276)[0m         
[36m(ClientAppActor pid=53276)[0m 
[36m(ClientAppActor pid=53276)[0m         
[36m(ClientAppActor pid=53276)[0m 
[36m(ClientAppActor pid=53276)[0m         
[36m(ClientAppActor pid=53278)[0m 
[36m(ClientAppActor pid=53278)[0m         
[36m(ClientAppActor pid=53278)[0m 
[36m(ClientAppActor pid=53278)[0m         
[36m(ClientAppActor pid=53278)[0m [93mWARNING [0m:   DEPRECATED FEATURE: `client_fn` now expects a signature `def client_fn(context: Context)`.The provided `client_fn` has signature: {'cid': <Parameter "cid: str">}. You can import the `Context` like this: `from flwr.app import Context`[32m [repeated 6x across cluster][0m
[36m(ClientAppActor pid=53278)[0m             This is a deprecated feature. It will be removed[32m [repeated 6x across cluster][0m
[36m(ClientAppActor pid=53278)[0m             entirely in future versions of Flower.[32m [repeated 6x across cluster][0m
[36m(ClientAppActor pid=53278)[0m [Client 2] Training on NVIDIA GeForce RTX 3060[32m [repeated 6x across cluster][0m
[36m(ClientAppActor pid=53276)[0m 
[36m(ClientAppActor pid=53276)[0m         
[92mINFO [0m:      aggregate_fit: received 10 results and 0 failures
INFO:flwr:aggregate_fit: received 10 results and 0 failures
[CascadeRouter] Round 48: 10 clients, 24578 parameters/client
[92mINFO [0m:      configure_evaluate: strategy sampled 10 clients (out of 10)
INFO:flwr:configure_evaluate: strategy sampled 10 clients (out of 10)
[36m(ClientAppActor pid=53276)[0m 
[36m(ClientAppActor pid=53276)[0m         
[36m(ClientAppActor pid=53278)[0m 
[36m(ClientAppActor pid=53278)[0m         
[36m(ClientAppActor pid=53276)[0m 
[36m(ClientAppActor pid=53276)[0m         
[36m(ClientAppActor pid=53278)[0m 
[36m(ClientAppActor pid=53278)[0m         
[36m(ClientAppActor pid=53278)[0m 
[36m(ClientAppActor pid=53278)[0m         
[36m(ClientAppActor pid=53276)[0m 
[36m(ClientAppActor pid=53276)[0m         
[36m(ClientAppActor pid=53278)[0m 
[36m(ClientAppActor pid=53278)[0m         
[36m(ClientAppActor pid=53276)[0m 
[36m(ClientAppActor pid=53276)[0m         
[36m(ClientAppActor pid=53278)[0m 
[36m(ClientAppActor pid=53278)[0m         
[36m(ClientAppActor pid=53276)[0m 
[36m(ClientAppActor pid=53276)[0m         
[92mINFO [0m:      aggregate_evaluate: received 10 results and 0 failures
INFO:flwr:aggregate_evaluate: received 10 results and 0 failures
[92mINFO [0m:      
INFO:flwr:
[92mINFO [0m:      [ROUND 49]
INFO:flwr:[ROUND 49]
[92mINFO [0m:      configure_fit: strategy sampled 10 clients (out of 10)
INFO:flwr:configure_fit: strategy sampled 10 clients (out of 10)
[36m(ClientAppActor pid=53278)[0m 
[36m(ClientAppActor pid=53278)[0m         
[36m(ClientAppActor pid=53276)[0m [Client 1] Training on NVIDIA GeForce RTX 3060[32m [repeated 3x across cluster][0m
[36m(ClientAppActor pid=53276)[0m 
[36m(ClientAppActor pid=53276)[0m         
[36m(ClientAppActor pid=53276)[0m [93mWARNING [0m:   DEPRECATED FEATURE: `client_fn` now expects a signature `def client_fn(context: Context)`.The provided `client_fn` has signature: {'cid': <Parameter "cid: str">}. You can import the `Context` like this: `from flwr.app import Context`[32m [repeated 13x across cluster][0m
[36m(ClientAppActor pid=53276)[0m             This is a deprecated feature. It will be removed[32m [repeated 13x across cluster][0m
[36m(ClientAppActor pid=53276)[0m             entirely in future versions of Flower.[32m [repeated 13x across cluster][0m
[36m(ClientAppActor pid=53278)[0m 
[36m(ClientAppActor pid=53278)[0m         
[36m(ClientAppActor pid=53278)[0m 
[36m(ClientAppActor pid=53278)[0m         
[36m(ClientAppActor pid=53278)[0m 
[36m(ClientAppActor pid=53278)[0m         
[36m(ClientAppActor pid=53276)[0m 
[36m(ClientAppActor pid=53276)[0m         
[36m(ClientAppActor pid=53278)[0m 
[36m(ClientAppActor pid=53278)[0m         
[36m(ClientAppActor pid=53278)[0m [93mWARNING [0m:   DEPRECATED FEATURE: `client_fn` now expects a signature `def client_fn(context: Context)`.The provided `client_fn` has signature: {'cid': <Parameter "cid: str">}. You can import the `Context` like this: `from flwr.app import Context`[32m [repeated 5x across cluster][0m
[36m(ClientAppActor pid=53278)[0m             This is a deprecated feature. It will be removed[32m [repeated 5x across cluster][0m
[36m(ClientAppActor pid=53278)[0m             entirely in future versions of Flower.[32m [repeated 5x across cluster][0m
[36m(ClientAppActor pid=53278)[0m [Client 9] Training on NVIDIA GeForce RTX 3060[32m [repeated 5x across cluster][0m
[36m(ClientAppActor pid=53278)[0m 
[36m(ClientAppActor pid=53278)[0m         
[36m(ClientAppActor pid=53278)[0m 
[36m(ClientAppActor pid=53278)[0m         
[36m(ClientAppActor pid=53278)[0m 
[36m(ClientAppActor pid=53278)[0m         
[92mINFO [0m:      aggregate_fit: received 10 results and 0 failures
INFO:flwr:aggregate_fit: received 10 results and 0 failures
[CascadeRouter] Round 49: 10 clients, 24578 parameters/client
[92mINFO [0m:      configure_evaluate: strategy sampled 10 clients (out of 10)
INFO:flwr:configure_evaluate: strategy sampled 10 clients (out of 10)
[36m(ClientAppActor pid=53278)[0m 
[36m(ClientAppActor pid=53278)[0m         
[36m(ClientAppActor pid=53278)[0m [93mWARNING [0m:   DEPRECATED FEATURE: `client_fn` now expects a signature `def client_fn(context: Context)`.The provided `client_fn` has signature: {'cid': <Parameter "cid: str">}. You can import the `Context` like this: `from flwr.app import Context`[32m [repeated 4x across cluster][0m
[36m(ClientAppActor pid=53278)[0m             This is a deprecated feature. It will be removed[32m [repeated 4x across cluster][0m
[36m(ClientAppActor pid=53278)[0m             entirely in future versions of Flower.[32m [repeated 4x across cluster][0m
[36m(ClientAppActor pid=53276)[0m 
[36m(ClientAppActor pid=53276)[0m         
[36m(ClientAppActor pid=53276)[0m 
[36m(ClientAppActor pid=53276)[0m         
[36m(ClientAppActor pid=53278)[0m 
[36m(ClientAppActor pid=53278)[0m         
[36m(ClientAppActor pid=53276)[0m 
[36m(ClientAppActor pid=53276)[0m         
[36m(ClientAppActor pid=53278)[0m 
[36m(ClientAppActor pid=53278)[0m         
[36m(ClientAppActor pid=53278)[0m 
[36m(ClientAppActor pid=53278)[0m         
[36m(ClientAppActor pid=53276)[0m 
[36m(ClientAppActor pid=53276)[0m         
[36m(ClientAppActor pid=53278)[0m 
[36m(ClientAppActor pid=53278)[0m         
[36m(ClientAppActor pid=53276)[0m 
[36m(ClientAppActor pid=53276)[0m         
[92mINFO [0m:      aggregate_evaluate: received 10 results and 0 failures
INFO:flwr:aggregate_evaluate: received 10 results and 0 failures
[92mINFO [0m:      
INFO:flwr:
[92mINFO [0m:      [ROUND 50]
INFO:flwr:[ROUND 50]
[92mINFO [0m:      configure_fit: strategy sampled 10 clients (out of 10)
INFO:flwr:configure_fit: strategy sampled 10 clients (out of 10)
[36m(ClientAppActor pid=53276)[0m [Client 9] Training on NVIDIA GeForce RTX 3060[32m [repeated 4x across cluster][0m
[36m(ClientAppActor pid=53278)[0m 
[36m(ClientAppActor pid=53278)[0m         
[36m(ClientAppActor pid=53276)[0m 
[36m(ClientAppActor pid=53276)[0m         
[36m(ClientAppActor pid=53278)[0m 
[36m(ClientAppActor pid=53278)[0m         
[36m(ClientAppActor pid=53276)[0m 
[36m(ClientAppActor pid=53276)[0m         
[36m(ClientAppActor pid=53278)[0m 
[36m(ClientAppActor pid=53278)[0m         
[36m(ClientAppActor pid=53278)[0m 
[36m(ClientAppActor pid=53278)[0m         
[36m(ClientAppActor pid=53276)[0m 
[36m(ClientAppActor pid=53276)[0m         
[36m(ClientAppActor pid=53278)[0m 
[36m(ClientAppActor pid=53278)[0m         
[36m(ClientAppActor pid=53278)[0m [93mWARNING [0m:   DEPRECATED FEATURE: `client_fn` now expects a signature `def client_fn(context: Context)`.The provided `client_fn` has signature: {'cid': <Parameter "cid: str">}. You can import the `Context` like this: `from flwr.app import Context`[32m [repeated 17x across cluster][0m
[36m(ClientAppActor pid=53278)[0m             This is a deprecated feature. It will be removed[32m [repeated 17x across cluster][0m
[36m(ClientAppActor pid=53278)[0m             entirely in future versions of Flower.[32m [repeated 17x across cluster][0m
[36m(ClientAppActor pid=53278)[0m 
[36m(ClientAppActor pid=53278)[0m         
[36m(ClientAppActor pid=53276)[0m [Client 0] Training on NVIDIA GeForce RTX 3060[32m [repeated 9x across cluster][0m
[36m(ClientAppActor pid=53276)[0m 
[36m(ClientAppActor pid=53276)[0m         
[92mINFO [0m:      aggregate_fit: received 10 results and 0 failures
INFO:flwr:aggregate_fit: received 10 results and 0 failures
[CascadeRouter] Round 50: 10 clients, 24578 parameters/client
[92mINFO [0m:      configure_evaluate: strategy sampled 10 clients (out of 10)
INFO:flwr:configure_evaluate: strategy sampled 10 clients (out of 10)
[36m(ClientAppActor pid=53278)[0m 
[36m(ClientAppActor pid=53278)[0m         
[36m(ClientAppActor pid=53278)[0m [93mWARNING [0m:   DEPRECATED FEATURE: `client_fn` now expects a signature `def client_fn(context: Context)`.The provided `client_fn` has signature: {'cid': <Parameter "cid: str">}. You can import the `Context` like this: `from flwr.app import Context`[32m [repeated 3x across cluster][0m
[36m(ClientAppActor pid=53278)[0m             This is a deprecated feature. It will be removed[32m [repeated 3x across cluster][0m
[36m(ClientAppActor pid=53278)[0m             entirely in future versions of Flower.[32m [repeated 3x across cluster][0m
[36m(ClientAppActor pid=53276)[0m 
[36m(ClientAppActor pid=53276)[0m         
[36m(ClientAppActor pid=53278)[0m 
[36m(ClientAppActor pid=53278)[0m         
[36m(ClientAppActor pid=53276)[0m 
[36m(ClientAppActor pid=53276)[0m         
[36m(ClientAppActor pid=53278)[0m 
[36m(ClientAppActor pid=53278)[0m         
[36m(ClientAppActor pid=53276)[0m 
[36m(ClientAppActor pid=53276)[0m         
[36m(ClientAppActor pid=53278)[0m 
[36m(ClientAppActor pid=53278)[0m         
[36m(ClientAppActor pid=53276)[0m 
[36m(ClientAppActor pid=53276)[0m         
[36m(ClientAppActor pid=53278)[0m 
[36m(ClientAppActor pid=53278)[0m         
[36m(ClientAppActor pid=53276)[0m 
[36m(ClientAppActor pid=53276)[0m         
[92mINFO [0m:      aggregate_evaluate: received 10 results and 0 failures
INFO:flwr:aggregate_evaluate: received 10 results and 0 failures
[92mINFO [0m:      
INFO:flwr:
[92mINFO [0m:      [SUMMARY]
INFO:flwr:[SUMMARY]
[92mINFO [0m:      Run finished 50 round(s) in 634.11s
INFO:flwr:Run finished 50 round(s) in 634.11s
[92mINFO [0m:      	History (loss, distributed):
INFO:flwr:	History (loss, distributed):
[92mINFO [0m:      		round 1: 0.5382289374351501
INFO:flwr:		round 1: 0.5382289374351501
[92mINFO [0m:      		round 2: 0.345327885834376
INFO:flwr:		round 2: 0.345327885834376
[92mINFO [0m:      		round 3: 0.2859181481997172
INFO:flwr:		round 3: 0.2859181481997172
[92mINFO [0m:      		round 4: 0.26286994625727333
INFO:flwr:		round 4: 0.26286994625727333
[92mINFO [0m:      		round 5: 0.2745929477850596
INFO:flwr:		round 5: 0.2745929477850596
[92mINFO [0m:      		round 6: 0.2567409434000651
INFO:flwr:		round 6: 0.2567409434000651
[92mINFO [0m:      		round 7: 0.23641368175347646
INFO:flwr:		round 7: 0.23641368175347646
[92mINFO [0m:      		round 8: 0.2634937733809154
INFO:flwr:		round 8: 0.2634937733809154
[92mINFO [0m:      		round 9: 0.22091235637664794
INFO:flwr:		round 9: 0.22091235637664794
[92mINFO [0m:      		round 10: 0.2389613021771113
INFO:flwr:		round 10: 0.2389613021771113
[92mINFO [0m:      		round 11: 0.22892869650522868
INFO:flwr:		round 11: 0.22892869650522868
[92mINFO [0m:      		round 12: 0.22470084501902263
INFO:flwr:		round 12: 0.22470084501902263
[92mINFO [0m:      		round 13: 0.2123706487576167
INFO:flwr:		round 13: 0.2123706487576167
[92mINFO [0m:      		round 14: 0.2220211745897929
INFO:flwr:		round 14: 0.2220211745897929
[92mINFO [0m:      		round 15: 0.22271034569740294
INFO:flwr:		round 15: 0.22271034569740294
[92mINFO [0m:      		round 16: 0.20365167235533396
INFO:flwr:		round 16: 0.20365167235533396
[92mINFO [0m:      		round 17: 0.18748238921165467
INFO:flwr:		round 17: 0.18748238921165467
[92mINFO [0m:      		round 18: 0.11884845700263977
INFO:flwr:		round 18: 0.11884845700263977
[92mINFO [0m:      		round 19: 0.1724685401916504
INFO:flwr:		round 19: 0.1724685401916504
[92mINFO [0m:      		round 20: 0.17392905640602113
INFO:flwr:		round 20: 0.17392905640602113
[92mINFO [0m:      		round 21: 0.16471018397808074
INFO:flwr:		round 21: 0.16471018397808074
[92mINFO [0m:      		round 22: 0.17691261825561524
INFO:flwr:		round 22: 0.17691261825561524
[92mINFO [0m:      		round 23: 0.17438449094295502
INFO:flwr:		round 23: 0.17438449094295502
[92mINFO [0m:      		round 24: 0.17610871880849202
INFO:flwr:		round 24: 0.17610871880849202
[92mINFO [0m:      		round 25: 0.1769195658524831
INFO:flwr:		round 25: 0.1769195658524831
[92mINFO [0m:      		round 26: 0.17039841151237486
INFO:flwr:		round 26: 0.17039841151237486
[92mINFO [0m:      		round 27: 0.18820598004659017
INFO:flwr:		round 27: 0.18820598004659017
[92mINFO [0m:      		round 28: 0.1152023468653361
INFO:flwr:		round 28: 0.1152023468653361
[92mINFO [0m:      		round 29: 0.1540331519683202
INFO:flwr:		round 29: 0.1540331519683202
[92mINFO [0m:      		round 30: 0.1596875529607137
INFO:flwr:		round 30: 0.1596875529607137
[92mINFO [0m:      		round 31: 0.15760585965315502
INFO:flwr:		round 31: 0.15760585965315502
[92mINFO [0m:      		round 32: 0.16283053189118704
INFO:flwr:		round 32: 0.16283053189118704
[92mINFO [0m:      		round 33: 0.15502178355852764
INFO:flwr:		round 33: 0.15502178355852764
[92mINFO [0m:      		round 34: 0.15394955718517303
INFO:flwr:		round 34: 0.15394955718517303
[92mINFO [0m:      		round 35: 0.16107293526331584
INFO:flwr:		round 35: 0.16107293526331584
[92mINFO [0m:      		round 36: 0.15407061642805736
INFO:flwr:		round 36: 0.15407061642805736
[92mINFO [0m:      		round 37: 0.1614964199622472
INFO:flwr:		round 37: 0.1614964199622472
[92mINFO [0m:      		round 38: 0.149510693136851
INFO:flwr:		round 38: 0.149510693136851
[92mINFO [0m:      		round 39: 0.15796914998690287
INFO:flwr:		round 39: 0.15796914998690287
[92mINFO [0m:      		round 40: 0.15724987069765728
INFO:flwr:		round 40: 0.15724987069765728
[92mINFO [0m:      		round 41: 0.14841029915014903
INFO:flwr:		round 41: 0.14841029915014903
[92mINFO [0m:      		round 42: 0.15421509428819022
INFO:flwr:		round 42: 0.15421509428819022
[92mINFO [0m:      		round 43: 0.14514445009231566
INFO:flwr:		round 43: 0.14514445009231566
[92mINFO [0m:      		round 44: 0.1505745108763377
INFO:flwr:		round 44: 0.1505745108763377
[92mINFO [0m:      		round 45: 0.1533258892695109
INFO:flwr:		round 45: 0.1533258892695109
[92mINFO [0m:      		round 46: 0.15301847186088563
INFO:flwr:		round 46: 0.15301847186088563
[92mINFO [0m:      		round 47: 0.1549574225505193
INFO:flwr:		round 47: 0.1549574225505193
[92mINFO [0m:      		round 48: 0.16636503836313885
INFO:flwr:		round 48: 0.16636503836313885
[92mINFO [0m:      		round 49: 0.14662636489868164
INFO:flwr:		round 49: 0.14662636489868164
[92mINFO [0m:      		round 50: 0.14291155098279318
INFO:flwr:		round 50: 0.14291155098279318
[92mINFO [0m:      	History (metrics, distributed, fit):
INFO:flwr:	History (metrics, distributed, fit):
[92mINFO [0m:      	{'layer1_reject_rate_at_threshold': [(1, 0.0),
INFO:flwr:	{'layer1_reject_rate_at_threshold': [(1, 0.0),
[92mINFO [0m:      	                                     (2, 0.0),
INFO:flwr:	                                     (2, 0.0),
[92mINFO [0m:      	                                     (3, 0.0),
INFO:flwr:	                                     (3, 0.0),
[92mINFO [0m:      	                                     (4, 0.0),
INFO:flwr:	                                     (4, 0.0),
[92mINFO [0m:      	                                     (5, 0.0),
INFO:flwr:	                                     (5, 0.0),
[92mINFO [0m:      	                                     (6, 0.0),
INFO:flwr:	                                     (6, 0.0),
[92mINFO [0m:      	                                     (7, 0.0),
INFO:flwr:	                                     (7, 0.0),
[92mINFO [0m:      	                                     (8, 0.0),
INFO:flwr:	                                     (8, 0.0),
[92mINFO [0m:      	                                     (9, 0.0),
INFO:flwr:	                                     (9, 0.0),
[92mINFO [0m:      	                                     (10, 0.0),
INFO:flwr:	                                     (10, 0.0),
[92mINFO [0m:      	                                     (11, 0.0),
INFO:flwr:	                                     (11, 0.0),
[92mINFO [0m:      	                                     (12, 0.0),
INFO:flwr:	                                     (12, 0.0),
[92mINFO [0m:      	                                     (13, 0.0),
INFO:flwr:	                                     (13, 0.0),
[92mINFO [0m:      	                                     (14, 0.0),
INFO:flwr:	                                     (14, 0.0),
[92mINFO [0m:      	                                     (15, 0.0),
INFO:flwr:	                                     (15, 0.0),
[92mINFO [0m:      	                                     (16, 0.0),
INFO:flwr:	                                     (16, 0.0),
[92mINFO [0m:      	                                     (17, 0.0),
INFO:flwr:	                                     (17, 0.0),
[92mINFO [0m:      	                                     (18, 0.0),
INFO:flwr:	                                     (18, 0.0),
[92mINFO [0m:      	                                     (19, 0.0),
INFO:flwr:	                                     (19, 0.0),
[92mINFO [0m:      	                                     (20, 0.0),
INFO:flwr:	                                     (20, 0.0),
[92mINFO [0m:      	                                     (21, 0.0),
INFO:flwr:	                                     (21, 0.0),
[92mINFO [0m:      	                                     (22, 0.0),
INFO:flwr:	                                     (22, 0.0),
[92mINFO [0m:      	                                     (23, 0.0),
INFO:flwr:	                                     (23, 0.0),
[92mINFO [0m:      	                                     (24, 0.0),
INFO:flwr:	                                     (24, 0.0),
[92mINFO [0m:      	                                     (25, 0.0),
INFO:flwr:	                                     (25, 0.0),
[92mINFO [0m:      	                                     (26, 0.0),
INFO:flwr:	                                     (26, 0.0),
[92mINFO [0m:      	                                     (27, 0.0),
INFO:flwr:	                                     (27, 0.0),
[92mINFO [0m:      	                                     (28, 0.0),
INFO:flwr:	                                     (28, 0.0),
[92mINFO [0m:      	                                     (29, 0.0),
INFO:flwr:	                                     (29, 0.0),
[92mINFO [0m:      	                                     (30, 0.0),
INFO:flwr:	                                     (30, 0.0),
[92mINFO [0m:      	                                     (31, 0.0),
INFO:flwr:	                                     (31, 0.0),
[92mINFO [0m:      	                                     (32, 0.0),
INFO:flwr:	                                     (32, 0.0),
[92mINFO [0m:      	                                     (33, 0.0),
INFO:flwr:	                                     (33, 0.0),
[92mINFO [0m:      	                                     (34, 0.0),
INFO:flwr:	                                     (34, 0.0),
[92mINFO [0m:      	                                     (35, 0.0),
INFO:flwr:	                                     (35, 0.0),
[92mINFO [0m:      	                                     (36, 0.0),
INFO:flwr:	                                     (36, 0.0),
[92mINFO [0m:      	                                     (37, 0.0),
INFO:flwr:	                                     (37, 0.0),
[92mINFO [0m:      	                                     (38, 0.0),
INFO:flwr:	                                     (38, 0.0),
[92mINFO [0m:      	                                     (39, 0.0),
INFO:flwr:	                                     (39, 0.0),
[92mINFO [0m:      	                                     (40, 0.0),
INFO:flwr:	                                     (40, 0.0),
[92mINFO [0m:      	                                     (41, 0.0),
INFO:flwr:	                                     (41, 0.0),
[92mINFO [0m:      	                                     (42, 0.0),
INFO:flwr:	                                     (42, 0.0),
[92mINFO [0m:      	                                     (43, 0.0),
INFO:flwr:	                                     (43, 0.0),
[92mINFO [0m:      	                                     (44, 0.0),
INFO:flwr:	                                     (44, 0.0),
[92mINFO [0m:      	                                     (45, 0.0),
INFO:flwr:	                                     (45, 0.0),
[92mINFO [0m:      	                                     (46, 0.0),
INFO:flwr:	                                     (46, 0.0),
[92mINFO [0m:      	                                     (47, 0.0),
INFO:flwr:	                                     (47, 0.0),
[92mINFO [0m:      	                                     (48, 0.0),
INFO:flwr:	                                     (48, 0.0),
[92mINFO [0m:      	                                     (49, 0.0),
INFO:flwr:	                                     (49, 0.0),
[92mINFO [0m:      	                                     (50, 0.0)],
INFO:flwr:	                                     (50, 0.0)],
[92mINFO [0m:      	 'layer1_reject_rate_raw': [(1, 0.0),
INFO:flwr:	 'layer1_reject_rate_raw': [(1, 0.0),
[92mINFO [0m:      	                            (2, 0.0),
INFO:flwr:	                            (2, 0.0),
[92mINFO [0m:      	                            (3, 0.0),
INFO:flwr:	                            (3, 0.0),
[92mINFO [0m:      	                            (4, 0.0),
INFO:flwr:	                            (4, 0.0),
[92mINFO [0m:      	                            (5, 0.0),
INFO:flwr:	                            (5, 0.0),
[92mINFO [0m:      	                            (6, 0.0),
INFO:flwr:	                            (6, 0.0),
[92mINFO [0m:      	                            (7, 0.0),
INFO:flwr:	                            (7, 0.0),
[92mINFO [0m:      	                            (8, 0.0),
INFO:flwr:	                            (8, 0.0),
[92mINFO [0m:      	                            (9, 0.0),
INFO:flwr:	                            (9, 0.0),
[92mINFO [0m:      	                            (10, 0.0),
INFO:flwr:	                            (10, 0.0),
[92mINFO [0m:      	                            (11, 0.0),
INFO:flwr:	                            (11, 0.0),
[92mINFO [0m:      	                            (12, 0.0),
INFO:flwr:	                            (12, 0.0),
[92mINFO [0m:      	                            (13, 0.0),
INFO:flwr:	                            (13, 0.0),
[92mINFO [0m:      	                            (14, 0.0),
INFO:flwr:	                            (14, 0.0),
[92mINFO [0m:      	                            (15, 0.0),
INFO:flwr:	                            (15, 0.0),
[92mINFO [0m:      	                            (16, 0.0),
INFO:flwr:	                            (16, 0.0),
[92mINFO [0m:      	                            (17, 0.0),
INFO:flwr:	                            (17, 0.0),
[92mINFO [0m:      	                            (18, 0.0),
INFO:flwr:	                            (18, 0.0),
[92mINFO [0m:      	                            (19, 0.0),
INFO:flwr:	                            (19, 0.0),
[92mINFO [0m:      	                            (20, 0.0),
INFO:flwr:	                            (20, 0.0),
[92mINFO [0m:      	                            (21, 0.0),
INFO:flwr:	                            (21, 0.0),
[92mINFO [0m:      	                            (22, 0.0),
INFO:flwr:	                            (22, 0.0),
[92mINFO [0m:      	                            (23, 0.0),
INFO:flwr:	                            (23, 0.0),
[92mINFO [0m:      	                            (24, 0.0),
INFO:flwr:	                            (24, 0.0),
[92mINFO [0m:      	                            (25, 0.0),
INFO:flwr:	                            (25, 0.0),
[92mINFO [0m:      	                            (26, 0.0),
INFO:flwr:	                            (26, 0.0),
[92mINFO [0m:      	                            (27, 0.0),
INFO:flwr:	                            (27, 0.0),
[92mINFO [0m:      	                            (28, 0.0),
INFO:flwr:	                            (28, 0.0),
[92mINFO [0m:      	                            (29, 0.0),
INFO:flwr:	                            (29, 0.0),
[92mINFO [0m:      	                            (30, 0.0),
INFO:flwr:	                            (30, 0.0),
[92mINFO [0m:      	                            (31, 0.0),
INFO:flwr:	                            (31, 0.0),
[92mINFO [0m:      	                            (32, 0.0),
INFO:flwr:	                            (32, 0.0),
[92mINFO [0m:      	                            (33, 0.0),
INFO:flwr:	                            (33, 0.0),
[92mINFO [0m:      	                            (34, 0.0),
INFO:flwr:	                            (34, 0.0),
[92mINFO [0m:      	                            (35, 0.0),
INFO:flwr:	                            (35, 0.0),
[92mINFO [0m:      	                            (36, 0.0),
INFO:flwr:	                            (36, 0.0),
[92mINFO [0m:      	                            (37, 0.0),
INFO:flwr:	                            (37, 0.0),
[92mINFO [0m:      	                            (38, 0.0),
INFO:flwr:	                            (38, 0.0),
[92mINFO [0m:      	                            (39, 0.0),
INFO:flwr:	                            (39, 0.0),
[92mINFO [0m:      	                            (40, 0.0),
INFO:flwr:	                            (40, 0.0),
[92mINFO [0m:      	                            (41, 0.0),
INFO:flwr:	                            (41, 0.0),
[92mINFO [0m:      	                            (42, 0.0),
INFO:flwr:	                            (42, 0.0),
[92mINFO [0m:      	                            (43, 0.0),
INFO:flwr:	                            (43, 0.0),
[92mINFO [0m:      	                            (44, 0.0),
INFO:flwr:	                            (44, 0.0),
[92mINFO [0m:      	                            (45, 0.0),
INFO:flwr:	                            (45, 0.0),
[92mINFO [0m:      	                            (46, 0.0),
INFO:flwr:	                            (46, 0.0),
[92mINFO [0m:      	                            (47, 0.0),
INFO:flwr:	                            (47, 0.0),
[92mINFO [0m:      	                            (48, 0.0),
INFO:flwr:	                            (48, 0.0),
[92mINFO [0m:      	                            (49, 0.0),
INFO:flwr:	                            (49, 0.0),
[92mINFO [0m:      	                            (50, 0.0)],
INFO:flwr:	                            (50, 0.0)],
[92mINFO [0m:      	 'layer1_threshold': [(1, 0.5),
INFO:flwr:	 'layer1_threshold': [(1, 0.5),
[92mINFO [0m:      	                      (2, 0.5),
INFO:flwr:	                      (2, 0.5),
[92mINFO [0m:      	                      (3, 0.5),
INFO:flwr:	                      (3, 0.5),
[92mINFO [0m:      	                      (4, 0.5),
INFO:flwr:	                      (4, 0.5),
[92mINFO [0m:      	                      (5, 0.5),
INFO:flwr:	                      (5, 0.5),
[92mINFO [0m:      	                      (6, 0.5),
INFO:flwr:	                      (6, 0.5),
[92mINFO [0m:      	                      (7, 0.5),
INFO:flwr:	                      (7, 0.5),
[92mINFO [0m:      	                      (8, 0.5),
INFO:flwr:	                      (8, 0.5),
[92mINFO [0m:      	                      (9, 0.5),
INFO:flwr:	                      (9, 0.5),
[92mINFO [0m:      	                      (10, 0.5),
INFO:flwr:	                      (10, 0.5),
[92mINFO [0m:      	                      (11, 0.5),
INFO:flwr:	                      (11, 0.5),
[92mINFO [0m:      	                      (12, 0.5),
INFO:flwr:	                      (12, 0.5),
[92mINFO [0m:      	                      (13, 0.5),
INFO:flwr:	                      (13, 0.5),
[92mINFO [0m:      	                      (14, 0.5),
INFO:flwr:	                      (14, 0.5),
[92mINFO [0m:      	                      (15, 0.5),
INFO:flwr:	                      (15, 0.5),
[92mINFO [0m:      	                      (16, 0.5),
INFO:flwr:	                      (16, 0.5),
[92mINFO [0m:      	                      (17, 0.5),
INFO:flwr:	                      (17, 0.5),
[92mINFO [0m:      	                      (18, 0.5),
INFO:flwr:	                      (18, 0.5),
[92mINFO [0m:      	                      (19, 0.5),
INFO:flwr:	                      (19, 0.5),
[92mINFO [0m:      	                      (20, 0.5),
INFO:flwr:	                      (20, 0.5),
[92mINFO [0m:      	                      (21, 0.5),
INFO:flwr:	                      (21, 0.5),
[92mINFO [0m:      	                      (22, 0.5),
INFO:flwr:	                      (22, 0.5),
[92mINFO [0m:      	                      (23, 0.5),
INFO:flwr:	                      (23, 0.5),
[92mINFO [0m:      	                      (24, 0.5),
INFO:flwr:	                      (24, 0.5),
[92mINFO [0m:      	                      (25, 0.5),
INFO:flwr:	                      (25, 0.5),
[92mINFO [0m:      	                      (26, 0.5),
INFO:flwr:	                      (26, 0.5),
[92mINFO [0m:      	                      (27, 0.5),
INFO:flwr:	                      (27, 0.5),
[92mINFO [0m:      	                      (28, 0.5),
INFO:flwr:	                      (28, 0.5),
[92mINFO [0m:      	                      (29, 0.5),
INFO:flwr:	                      (29, 0.5),
[92mINFO [0m:      	                      (30, 0.5),
INFO:flwr:	                      (30, 0.5),
[92mINFO [0m:      	                      (31, 0.5),
INFO:flwr:	                      (31, 0.5),
[92mINFO [0m:      	                      (32, 0.5),
INFO:flwr:	                      (32, 0.5),
[92mINFO [0m:      	                      (33, 0.5),
INFO:flwr:	                      (33, 0.5),
[92mINFO [0m:      	                      (34, 0.5),
INFO:flwr:	                      (34, 0.5),
[92mINFO [0m:      	                      (35, 0.5),
INFO:flwr:	                      (35, 0.5),
[92mINFO [0m:      	                      (36, 0.5),
INFO:flwr:	                      (36, 0.5),
[92mINFO [0m:      	                      (37, 0.5),
INFO:flwr:	                      (37, 0.5),
[92mINFO [0m:      	                      (38, 0.5),
INFO:flwr:	                      (38, 0.5),
[92mINFO [0m:      	                      (39, 0.5),
INFO:flwr:	                      (39, 0.5),
[92mINFO [0m:      	                      (40, 0.5),
INFO:flwr:	                      (40, 0.5),
[92mINFO [0m:      	                      (41, 0.5),
INFO:flwr:	                      (41, 0.5),
[92mINFO [0m:      	                      (42, 0.5),
INFO:flwr:	                      (42, 0.5),
[92mINFO [0m:      	                      (43, 0.5),
INFO:flwr:	                      (43, 0.5),
[92mINFO [0m:      	                      (44, 0.5),
INFO:flwr:	                      (44, 0.5),
[92mINFO [0m:      	                      (45, 0.5),
INFO:flwr:	                      (45, 0.5),
[92mINFO [0m:      	                      (46, 0.5),
INFO:flwr:	                      (46, 0.5),
[92mINFO [0m:      	                      (47, 0.5),
INFO:flwr:	                      (47, 0.5),
[92mINFO [0m:      	                      (48, 0.5),
INFO:flwr:	                      (48, 0.5),
[92mINFO [0m:      	                      (49, 0.5),
INFO:flwr:	                      (49, 0.5),
[92mINFO [0m:      	                      (50, 0.5)],
INFO:flwr:	                      (50, 0.5)],
[92mINFO [0m:      	 'layer2_reject_rate_at_threshold': [(1, 0.10000000149011612),
INFO:flwr:	 'layer2_reject_rate_at_threshold': [(1, 0.10000000149011612),
[92mINFO [0m:      	                                     (2, 0.10000000149011612),
INFO:flwr:	                                     (2, 0.10000000149011612),
[92mINFO [0m:      	                                     (3, 0.10000000149011612),
INFO:flwr:	                                     (3, 0.10000000149011612),
[92mINFO [0m:      	                                     (4, 0.10000000149011612),
INFO:flwr:	                                     (4, 0.10000000149011612),
[92mINFO [0m:      	                                     (5, 0.10000000149011612),
INFO:flwr:	                                     (5, 0.10000000149011612),
[92mINFO [0m:      	                                     (6, 0.10000000149011612),
INFO:flwr:	                                     (6, 0.10000000149011612),
[92mINFO [0m:      	                                     (7, 0.10000000149011612),
INFO:flwr:	                                     (7, 0.10000000149011612),
[92mINFO [0m:      	                                     (8, 0.10000000149011612),
INFO:flwr:	                                     (8, 0.10000000149011612),
[92mINFO [0m:      	                                     (9, 0.10000000149011612),
INFO:flwr:	                                     (9, 0.10000000149011612),
[92mINFO [0m:      	                                     (10, 0.10000000149011612),
INFO:flwr:	                                     (10, 0.10000000149011612),
[92mINFO [0m:      	                                     (11, 0.10000000149011612),
INFO:flwr:	                                     (11, 0.10000000149011612),
[92mINFO [0m:      	                                     (12, 0.10000000149011612),
INFO:flwr:	                                     (12, 0.10000000149011612),
[92mINFO [0m:      	                                     (13, 0.0),
INFO:flwr:	                                     (13, 0.0),
[92mINFO [0m:      	                                     (14, 0.10000000149011612),
INFO:flwr:	                                     (14, 0.10000000149011612),
[92mINFO [0m:      	                                     (15, 0.10000000149011612),
INFO:flwr:	                                     (15, 0.10000000149011612),
[92mINFO [0m:      	                                     (16, 0.10000000149011612),
INFO:flwr:	                                     (16, 0.10000000149011612),
[92mINFO [0m:      	                                     (17, 0.10000000149011612),
INFO:flwr:	                                     (17, 0.10000000149011612),
[92mINFO [0m:      	                                     (18, 0.30000001192092896),
INFO:flwr:	                                     (18, 0.30000001192092896),
[92mINFO [0m:      	                                     (19, 0.10000000149011612),
INFO:flwr:	                                     (19, 0.10000000149011612),
[92mINFO [0m:      	                                     (20, 0.10000000149011612),
INFO:flwr:	                                     (20, 0.10000000149011612),
[92mINFO [0m:      	                                     (21, 0.10000000149011612),
INFO:flwr:	                                     (21, 0.10000000149011612),
[92mINFO [0m:      	                                     (22, 0.10000000149011612),
INFO:flwr:	                                     (22, 0.10000000149011612),
[92mINFO [0m:      	                                     (23, 0.0),
INFO:flwr:	                                     (23, 0.0),
[92mINFO [0m:      	                                     (24, 0.10000000149011612),
INFO:flwr:	                                     (24, 0.10000000149011612),
[92mINFO [0m:      	                                     (25, 0.10000000149011612),
INFO:flwr:	                                     (25, 0.10000000149011612),
[92mINFO [0m:      	                                     (26, 0.10000000149011612),
INFO:flwr:	                                     (26, 0.10000000149011612),
[92mINFO [0m:      	                                     (27, 0.10000000149011612),
INFO:flwr:	                                     (27, 0.10000000149011612),
[92mINFO [0m:      	                                     (28, 0.30000001192092896),
INFO:flwr:	                                     (28, 0.30000001192092896),
[92mINFO [0m:      	                                     (29, 0.0),
INFO:flwr:	                                     (29, 0.0),
[92mINFO [0m:      	                                     (30, 0.10000000149011612),
INFO:flwr:	                                     (30, 0.10000000149011612),
[92mINFO [0m:      	                                     (31, 0.10000000149011612),
INFO:flwr:	                                     (31, 0.10000000149011612),
[92mINFO [0m:      	                                     (32, 0.0),
INFO:flwr:	                                     (32, 0.0),
[92mINFO [0m:      	                                     (33, 0.10000000149011612),
INFO:flwr:	                                     (33, 0.10000000149011612),
[92mINFO [0m:      	                                     (34, 0.0),
INFO:flwr:	                                     (34, 0.0),
[92mINFO [0m:      	                                     (35, 0.10000000149011612),
INFO:flwr:	                                     (35, 0.10000000149011612),
[92mINFO [0m:      	                                     (36, 0.10000000149011612),
INFO:flwr:	                                     (36, 0.10000000149011612),
[92mINFO [0m:      	                                     (37, 0.0),
INFO:flwr:	                                     (37, 0.0),
[92mINFO [0m:      	                                     (38, 0.10000000149011612),
INFO:flwr:	                                     (38, 0.10000000149011612),
[92mINFO [0m:      	                                     (39, 0.0),
INFO:flwr:	                                     (39, 0.0),
[92mINFO [0m:      	                                     (40, 0.10000000149011612),
INFO:flwr:	                                     (40, 0.10000000149011612),
[92mINFO [0m:      	                                     (41, 0.0),
INFO:flwr:	                                     (41, 0.0),
[92mINFO [0m:      	                                     (42, 0.0),
INFO:flwr:	                                     (42, 0.0),
[92mINFO [0m:      	                                     (43, 0.0),
INFO:flwr:	                                     (43, 0.0),
[92mINFO [0m:      	                                     (44, 0.10000000149011612),
INFO:flwr:	                                     (44, 0.10000000149011612),
[92mINFO [0m:      	                                     (45, 0.10000000149011612),
INFO:flwr:	                                     (45, 0.10000000149011612),
[92mINFO [0m:      	                                     (46, 0.10000000149011612),
INFO:flwr:	                                     (46, 0.10000000149011612),
[92mINFO [0m:      	                                     (47, 0.10000000149011612),
INFO:flwr:	                                     (47, 0.10000000149011612),
[92mINFO [0m:      	                                     (48, 0.10000000149011612),
INFO:flwr:	                                     (48, 0.10000000149011612),
[92mINFO [0m:      	                                     (49, 0.0),
INFO:flwr:	                                     (49, 0.0),
[92mINFO [0m:      	                                     (50, 0.0)],
INFO:flwr:	                                     (50, 0.0)],
[92mINFO [0m:      	 'layer2_reject_rate_raw': [(1, 0.10000000149011612),
INFO:flwr:	 'layer2_reject_rate_raw': [(1, 0.10000000149011612),
[92mINFO [0m:      	                            (2, 0.10000000149011612),
INFO:flwr:	                            (2, 0.10000000149011612),
[92mINFO [0m:      	                            (3, 0.10000000149011612),
INFO:flwr:	                            (3, 0.10000000149011612),
[92mINFO [0m:      	                            (4, 0.10000000149011612),
INFO:flwr:	                            (4, 0.10000000149011612),
[92mINFO [0m:      	                            (5, 0.10000000149011612),
INFO:flwr:	                            (5, 0.10000000149011612),
[92mINFO [0m:      	                            (6, 0.10000000149011612),
INFO:flwr:	                            (6, 0.10000000149011612),
[92mINFO [0m:      	                            (7, 0.10000000149011612),
INFO:flwr:	                            (7, 0.10000000149011612),
[92mINFO [0m:      	                            (8, 0.10000000149011612),
INFO:flwr:	                            (8, 0.10000000149011612),
[92mINFO [0m:      	                            (9, 0.10000000149011612),
INFO:flwr:	                            (9, 0.10000000149011612),
[92mINFO [0m:      	                            (10, 0.10000000149011612),
INFO:flwr:	                            (10, 0.10000000149011612),
[92mINFO [0m:      	                            (11, 0.10000000149011612),
INFO:flwr:	                            (11, 0.10000000149011612),
[92mINFO [0m:      	                            (12, 0.10000000149011612),
INFO:flwr:	                            (12, 0.10000000149011612),
[92mINFO [0m:      	                            (13, 0.0),
INFO:flwr:	                            (13, 0.0),
[92mINFO [0m:      	                            (14, 0.10000000149011612),
INFO:flwr:	                            (14, 0.10000000149011612),
[92mINFO [0m:      	                            (15, 0.10000000149011612),
INFO:flwr:	                            (15, 0.10000000149011612),
[92mINFO [0m:      	                            (16, 0.10000000149011612),
INFO:flwr:	                            (16, 0.10000000149011612),
[92mINFO [0m:      	                            (17, 0.10000000149011612),
INFO:flwr:	                            (17, 0.10000000149011612),
[92mINFO [0m:      	                            (18, 0.30000001192092896),
INFO:flwr:	                            (18, 0.30000001192092896),
[92mINFO [0m:      	                            (19, 0.10000000149011612),
INFO:flwr:	                            (19, 0.10000000149011612),
[92mINFO [0m:      	                            (20, 0.10000000149011612),
INFO:flwr:	                            (20, 0.10000000149011612),
[92mINFO [0m:      	                            (21, 0.10000000149011612),
INFO:flwr:	                            (21, 0.10000000149011612),
[92mINFO [0m:      	                            (22, 0.10000000149011612),
INFO:flwr:	                            (22, 0.10000000149011612),
[92mINFO [0m:      	                            (23, 0.0),
INFO:flwr:	                            (23, 0.0),
[92mINFO [0m:      	                            (24, 0.10000000149011612),
INFO:flwr:	                            (24, 0.10000000149011612),
[92mINFO [0m:      	                            (25, 0.10000000149011612),
INFO:flwr:	                            (25, 0.10000000149011612),
[92mINFO [0m:      	                            (26, 0.10000000149011612),
INFO:flwr:	                            (26, 0.10000000149011612),
[92mINFO [0m:      	                            (27, 0.10000000149011612),
INFO:flwr:	                            (27, 0.10000000149011612),
[92mINFO [0m:      	                            (28, 0.30000001192092896),
INFO:flwr:	                            (28, 0.30000001192092896),
[92mINFO [0m:      	                            (29, 0.0),
INFO:flwr:	                            (29, 0.0),
[92mINFO [0m:      	                            (30, 0.10000000149011612),
INFO:flwr:	                            (30, 0.10000000149011612),
[92mINFO [0m:      	                            (31, 0.10000000149011612),
INFO:flwr:	                            (31, 0.10000000149011612),
[92mINFO [0m:      	                            (32, 0.0),
INFO:flwr:	                            (32, 0.0),
[92mINFO [0m:      	                            (33, 0.10000000149011612),
INFO:flwr:	                            (33, 0.10000000149011612),
[92mINFO [0m:      	                            (34, 0.0),
INFO:flwr:	                            (34, 0.0),
[92mINFO [0m:      	                            (35, 0.10000000149011612),
INFO:flwr:	                            (35, 0.10000000149011612),
[92mINFO [0m:      	                            (36, 0.10000000149011612),
INFO:flwr:	                            (36, 0.10000000149011612),
[92mINFO [0m:      	                            (37, 0.0),
INFO:flwr:	                            (37, 0.0),
[92mINFO [0m:      	                            (38, 0.10000000149011612),
INFO:flwr:	                            (38, 0.10000000149011612),
[92mINFO [0m:      	                            (39, 0.0),
INFO:flwr:	                            (39, 0.0),
[92mINFO [0m:      	                            (40, 0.10000000149011612),
INFO:flwr:	                            (40, 0.10000000149011612),
[92mINFO [0m:      	                            (41, 0.0),
INFO:flwr:	                            (41, 0.0),
[92mINFO [0m:      	                            (42, 0.0),
INFO:flwr:	                            (42, 0.0),
[92mINFO [0m:      	                            (43, 0.0),
INFO:flwr:	                            (43, 0.0),
[92mINFO [0m:      	                            (44, 0.10000000149011612),
INFO:flwr:	                            (44, 0.10000000149011612),
[92mINFO [0m:      	                            (45, 0.10000000149011612),
INFO:flwr:	                            (45, 0.10000000149011612),
[92mINFO [0m:      	                            (46, 0.10000000149011612),
INFO:flwr:	                            (46, 0.10000000149011612),
[92mINFO [0m:      	                            (47, 0.10000000149011612),
INFO:flwr:	                            (47, 0.10000000149011612),
[92mINFO [0m:      	                            (48, 0.10000000149011612),
INFO:flwr:	                            (48, 0.10000000149011612),
[92mINFO [0m:      	                            (49, 0.0),
INFO:flwr:	                            (49, 0.0),
[92mINFO [0m:      	                            (50, 0.0)],
INFO:flwr:	                            (50, 0.0)],
[92mINFO [0m:      	 'layer2_threshold': [(1, 0.5),
INFO:flwr:	 'layer2_threshold': [(1, 0.5),
[92mINFO [0m:      	                      (2, 0.5),
INFO:flwr:	                      (2, 0.5),
[92mINFO [0m:      	                      (3, 0.5),
INFO:flwr:	                      (3, 0.5),
[92mINFO [0m:      	                      (4, 0.5),
INFO:flwr:	                      (4, 0.5),
[92mINFO [0m:      	                      (5, 0.5),
INFO:flwr:	                      (5, 0.5),
[92mINFO [0m:      	                      (6, 0.5),
INFO:flwr:	                      (6, 0.5),
[92mINFO [0m:      	                      (7, 0.5),
INFO:flwr:	                      (7, 0.5),
[92mINFO [0m:      	                      (8, 0.5),
INFO:flwr:	                      (8, 0.5),
[92mINFO [0m:      	                      (9, 0.5),
INFO:flwr:	                      (9, 0.5),
[92mINFO [0m:      	                      (10, 0.5),
INFO:flwr:	                      (10, 0.5),
[92mINFO [0m:      	                      (11, 0.5),
INFO:flwr:	                      (11, 0.5),
[92mINFO [0m:      	                      (12, 0.5),
INFO:flwr:	                      (12, 0.5),
[92mINFO [0m:      	                      (13, 0.5),
INFO:flwr:	                      (13, 0.5),
[92mINFO [0m:      	                      (14, 0.5),
INFO:flwr:	                      (14, 0.5),
[92mINFO [0m:      	                      (15, 0.5),
INFO:flwr:	                      (15, 0.5),
[92mINFO [0m:      	                      (16, 0.5),
INFO:flwr:	                      (16, 0.5),
[92mINFO [0m:      	                      (17, 0.5),
INFO:flwr:	                      (17, 0.5),
[92mINFO [0m:      	                      (18, 0.5),
INFO:flwr:	                      (18, 0.5),
[92mINFO [0m:      	                      (19, 0.5),
INFO:flwr:	                      (19, 0.5),
[92mINFO [0m:      	                      (20, 0.5),
INFO:flwr:	                      (20, 0.5),
[92mINFO [0m:      	                      (21, 0.5),
INFO:flwr:	                      (21, 0.5),
[92mINFO [0m:      	                      (22, 0.5),
INFO:flwr:	                      (22, 0.5),
[92mINFO [0m:      	                      (23, 0.5),
INFO:flwr:	                      (23, 0.5),
[92mINFO [0m:      	                      (24, 0.5),
INFO:flwr:	                      (24, 0.5),
[92mINFO [0m:      	                      (25, 0.5),
INFO:flwr:	                      (25, 0.5),
[92mINFO [0m:      	                      (26, 0.5),
INFO:flwr:	                      (26, 0.5),
[92mINFO [0m:      	                      (27, 0.5),
INFO:flwr:	                      (27, 0.5),
[92mINFO [0m:      	                      (28, 0.5),
INFO:flwr:	                      (28, 0.5),
[92mINFO [0m:      	                      (29, 0.5),
INFO:flwr:	                      (29, 0.5),
[92mINFO [0m:      	                      (30, 0.5),
INFO:flwr:	                      (30, 0.5),
[92mINFO [0m:      	                      (31, 0.5),
INFO:flwr:	                      (31, 0.5),
[92mINFO [0m:      	                      (32, 0.5),
INFO:flwr:	                      (32, 0.5),
[92mINFO [0m:      	                      (33, 0.5),
INFO:flwr:	                      (33, 0.5),
[92mINFO [0m:      	                      (34, 0.5),
INFO:flwr:	                      (34, 0.5),
[92mINFO [0m:      	                      (35, 0.5),
INFO:flwr:	                      (35, 0.5),
[92mINFO [0m:      	                      (36, 0.5),
INFO:flwr:	                      (36, 0.5),
[92mINFO [0m:      	                      (37, 0.5),
INFO:flwr:	                      (37, 0.5),
[92mINFO [0m:      	                      (38, 0.5),
INFO:flwr:	                      (38, 0.5),
[92mINFO [0m:      	                      (39, 0.5),
INFO:flwr:	                      (39, 0.5),
[92mINFO [0m:      	                      (40, 0.5),
INFO:flwr:	                      (40, 0.5),
[92mINFO [0m:      	                      (41, 0.5),
INFO:flwr:	                      (41, 0.5),
[92mINFO [0m:      	                      (42, 0.5),
INFO:flwr:	                      (42, 0.5),
[92mINFO [0m:      	                      (43, 0.5),
INFO:flwr:	                      (43, 0.5),
[92mINFO [0m:      	                      (44, 0.5),
INFO:flwr:	                      (44, 0.5),
[92mINFO [0m:      	                      (45, 0.5),
INFO:flwr:	                      (45, 0.5),
[92mINFO [0m:      	                      (46, 0.5),
INFO:flwr:	                      (46, 0.5),
[92mINFO [0m:      	                      (47, 0.5),
INFO:flwr:	                      (47, 0.5),
[92mINFO [0m:      	                      (48, 0.5),
INFO:flwr:	                      (48, 0.5),
[92mINFO [0m:      	                      (49, 0.5),
INFO:flwr:	                      (49, 0.5),
[92mINFO [0m:      	                      (50, 0.5)],
INFO:flwr:	                      (50, 0.5)],
[92mINFO [0m:      	 'layer3_reject_rate_at_threshold': [(1, 0.0),
INFO:flwr:	 'layer3_reject_rate_at_threshold': [(1, 0.0),
[92mINFO [0m:      	                                     (2, 0.0),
INFO:flwr:	                                     (2, 0.0),
[92mINFO [0m:      	                                     (3, 0.0),
INFO:flwr:	                                     (3, 0.0),
[92mINFO [0m:      	                                     (4, 0.0),
INFO:flwr:	                                     (4, 0.0),
[92mINFO [0m:      	                                     (5, 0.0),
INFO:flwr:	                                     (5, 0.0),
[92mINFO [0m:      	                                     (6, 0.0),
INFO:flwr:	                                     (6, 0.0),
[92mINFO [0m:      	                                     (7, 0.0),
INFO:flwr:	                                     (7, 0.0),
[92mINFO [0m:      	                                     (8, 0.0),
INFO:flwr:	                                     (8, 0.0),
[92mINFO [0m:      	                                     (9, 0.0),
INFO:flwr:	                                     (9, 0.0),
[92mINFO [0m:      	                                     (10, 0.0),
INFO:flwr:	                                     (10, 0.0),
[92mINFO [0m:      	                                     (11, 0.0),
INFO:flwr:	                                     (11, 0.0),
[92mINFO [0m:      	                                     (12, 0.0),
INFO:flwr:	                                     (12, 0.0),
[92mINFO [0m:      	                                     (13, 0.0),
INFO:flwr:	                                     (13, 0.0),
[92mINFO [0m:      	                                     (14, 0.0),
INFO:flwr:	                                     (14, 0.0),
[92mINFO [0m:      	                                     (15, 0.0),
INFO:flwr:	                                     (15, 0.0),
[92mINFO [0m:      	                                     (16, 0.0),
INFO:flwr:	                                     (16, 0.0),
[92mINFO [0m:      	                                     (17, 0.0),
INFO:flwr:	                                     (17, 0.0),
[92mINFO [0m:      	                                     (18, 0.0),
INFO:flwr:	                                     (18, 0.0),
[92mINFO [0m:      	                                     (19, 0.0),
INFO:flwr:	                                     (19, 0.0),
[92mINFO [0m:      	                                     (20, 0.0),
INFO:flwr:	                                     (20, 0.0),
[92mINFO [0m:      	                                     (21, 0.0),
INFO:flwr:	                                     (21, 0.0),
[92mINFO [0m:      	                                     (22, 0.0),
INFO:flwr:	                                     (22, 0.0),
[92mINFO [0m:      	                                     (23, 0.0),
INFO:flwr:	                                     (23, 0.0),
[92mINFO [0m:      	                                     (24, 0.0),
INFO:flwr:	                                     (24, 0.0),
[92mINFO [0m:      	                                     (25, 0.0),
INFO:flwr:	                                     (25, 0.0),
[92mINFO [0m:      	                                     (26, 0.0),
INFO:flwr:	                                     (26, 0.0),
[92mINFO [0m:      	                                     (27, 0.0),
INFO:flwr:	                                     (27, 0.0),
[92mINFO [0m:      	                                     (28, 0.0),
INFO:flwr:	                                     (28, 0.0),
[92mINFO [0m:      	                                     (29, 0.0),
INFO:flwr:	                                     (29, 0.0),
[92mINFO [0m:      	                                     (30, 0.0),
INFO:flwr:	                                     (30, 0.0),
[92mINFO [0m:      	                                     (31, 0.0),
INFO:flwr:	                                     (31, 0.0),
[92mINFO [0m:      	                                     (32, 0.0),
INFO:flwr:	                                     (32, 0.0),
[92mINFO [0m:      	                                     (33, 0.0),
INFO:flwr:	                                     (33, 0.0),
[92mINFO [0m:      	                                     (34, 0.0),
INFO:flwr:	                                     (34, 0.0),
[92mINFO [0m:      	                                     (35, 0.0),
INFO:flwr:	                                     (35, 0.0),
[92mINFO [0m:      	                                     (36, 0.0),
INFO:flwr:	                                     (36, 0.0),
[92mINFO [0m:      	                                     (37, 0.0),
INFO:flwr:	                                     (37, 0.0),
[92mINFO [0m:      	                                     (38, 0.0),
INFO:flwr:	                                     (38, 0.0),
[92mINFO [0m:      	                                     (39, 0.0),
INFO:flwr:	                                     (39, 0.0),
[92mINFO [0m:      	                                     (40, 0.0),
INFO:flwr:	                                     (40, 0.0),
[92mINFO [0m:      	                                     (41, 0.0),
INFO:flwr:	                                     (41, 0.0),
[92mINFO [0m:      	                                     (42, 0.0),
INFO:flwr:	                                     (42, 0.0),
[92mINFO [0m:      	                                     (43, 0.0),
INFO:flwr:	                                     (43, 0.0),
[92mINFO [0m:      	                                     (44, 0.0),
INFO:flwr:	                                     (44, 0.0),
[92mINFO [0m:      	                                     (45, 0.0),
INFO:flwr:	                                     (45, 0.0),
[92mINFO [0m:      	                                     (46, 0.0),
INFO:flwr:	                                     (46, 0.0),
[92mINFO [0m:      	                                     (47, 0.0),
INFO:flwr:	                                     (47, 0.0),
[92mINFO [0m:      	                                     (48, 0.0),
INFO:flwr:	                                     (48, 0.0),
[92mINFO [0m:      	                                     (49, 0.0),
INFO:flwr:	                                     (49, 0.0),
[92mINFO [0m:      	                                     (50, 0.0)],
INFO:flwr:	                                     (50, 0.0)],
[92mINFO [0m:      	 'layer3_reject_rate_raw': [(1, 0.0),
INFO:flwr:	 'layer3_reject_rate_raw': [(1, 0.0),
[92mINFO [0m:      	                            (2, 0.0),
INFO:flwr:	                            (2, 0.0),
[92mINFO [0m:      	                            (3, 0.0),
INFO:flwr:	                            (3, 0.0),
[92mINFO [0m:      	                            (4, 0.0),
INFO:flwr:	                            (4, 0.0),
[92mINFO [0m:      	                            (5, 0.0),
INFO:flwr:	                            (5, 0.0),
[92mINFO [0m:      	                            (6, 0.0),
INFO:flwr:	                            (6, 0.0),
[92mINFO [0m:      	                            (7, 0.0),
INFO:flwr:	                            (7, 0.0),
[92mINFO [0m:      	                            (8, 0.0),
INFO:flwr:	                            (8, 0.0),
[92mINFO [0m:      	                            (9, 0.0),
INFO:flwr:	                            (9, 0.0),
[92mINFO [0m:      	                            (10, 0.0),
INFO:flwr:	                            (10, 0.0),
[92mINFO [0m:      	                            (11, 0.0),
INFO:flwr:	                            (11, 0.0),
[92mINFO [0m:      	                            (12, 0.0),
INFO:flwr:	                            (12, 0.0),
[92mINFO [0m:      	                            (13, 0.0),
INFO:flwr:	                            (13, 0.0),
[92mINFO [0m:      	                            (14, 0.0),
INFO:flwr:	                            (14, 0.0),
[92mINFO [0m:      	                            (15, 0.0),
INFO:flwr:	                            (15, 0.0),
[92mINFO [0m:      	                            (16, 0.0),
INFO:flwr:	                            (16, 0.0),
[92mINFO [0m:      	                            (17, 0.0),
INFO:flwr:	                            (17, 0.0),
[92mINFO [0m:      	                            (18, 0.0),
INFO:flwr:	                            (18, 0.0),
[92mINFO [0m:      	                            (19, 0.0),
INFO:flwr:	                            (19, 0.0),
[92mINFO [0m:      	                            (20, 0.0),
INFO:flwr:	                            (20, 0.0),
[92mINFO [0m:      	                            (21, 0.0),
INFO:flwr:	                            (21, 0.0),
[92mINFO [0m:      	                            (22, 0.0),
INFO:flwr:	                            (22, 0.0),
[92mINFO [0m:      	                            (23, 0.0),
INFO:flwr:	                            (23, 0.0),
[92mINFO [0m:      	                            (24, 0.0),
INFO:flwr:	                            (24, 0.0),
[92mINFO [0m:      	                            (25, 0.0),
INFO:flwr:	                            (25, 0.0),
[92mINFO [0m:      	                            (26, 0.0),
INFO:flwr:	                            (26, 0.0),
[92mINFO [0m:      	                            (27, 0.0),
INFO:flwr:	                            (27, 0.0),
[92mINFO [0m:      	                            (28, 0.0),
INFO:flwr:	                            (28, 0.0),
[92mINFO [0m:      	                            (29, 0.0),
INFO:flwr:	                            (29, 0.0),
[92mINFO [0m:      	                            (30, 0.0),
INFO:flwr:	                            (30, 0.0),
[92mINFO [0m:      	                            (31, 0.0),
INFO:flwr:	                            (31, 0.0),
[92mINFO [0m:      	                            (32, 0.0),
INFO:flwr:	                            (32, 0.0),
[92mINFO [0m:      	                            (33, 0.0),
INFO:flwr:	                            (33, 0.0),
[92mINFO [0m:      	                            (34, 0.0),
INFO:flwr:	                            (34, 0.0),
[92mINFO [0m:      	                            (35, 0.0),
INFO:flwr:	                            (35, 0.0),
[92mINFO [0m:      	                            (36, 0.0),
INFO:flwr:	                            (36, 0.0),
[92mINFO [0m:      	                            (37, 0.0),
INFO:flwr:	                            (37, 0.0),
[92mINFO [0m:      	                            (38, 0.0),
INFO:flwr:	                            (38, 0.0),
[92mINFO [0m:      	                            (39, 0.0),
INFO:flwr:	                            (39, 0.0),
[92mINFO [0m:      	                            (40, 0.0),
INFO:flwr:	                            (40, 0.0),
[92mINFO [0m:      	                            (41, 0.0),
INFO:flwr:	                            (41, 0.0),
[92mINFO [0m:      	                            (42, 0.0),
INFO:flwr:	                            (42, 0.0),
[92mINFO [0m:      	                            (43, 0.0),
INFO:flwr:	                            (43, 0.0),
[92mINFO [0m:      	                            (44, 0.0),
INFO:flwr:	                            (44, 0.0),
[92mINFO [0m:      	                            (45, 0.0),
INFO:flwr:	                            (45, 0.0),
[92mINFO [0m:      	                            (46, 0.0),
INFO:flwr:	                            (46, 0.0),
[92mINFO [0m:      	                            (47, 0.0),
INFO:flwr:	                            (47, 0.0),
[92mINFO [0m:      	                            (48, 0.0),
INFO:flwr:	                            (48, 0.0),
[92mINFO [0m:      	                            (49, 0.0),
INFO:flwr:	                            (49, 0.0),
[92mINFO [0m:      	                            (50, 0.0)],
INFO:flwr:	                            (50, 0.0)],
[92mINFO [0m:      	 'layer3_threshold': [(1, 0.5),
INFO:flwr:	 'layer3_threshold': [(1, 0.5),
[92mINFO [0m:      	                      (2, 0.5),
INFO:flwr:	                      (2, 0.5),
[92mINFO [0m:      	                      (3, 0.5),
INFO:flwr:	                      (3, 0.5),
[92mINFO [0m:      	                      (4, 0.5),
INFO:flwr:	                      (4, 0.5),
[92mINFO [0m:      	                      (5, 0.5),
INFO:flwr:	                      (5, 0.5),
[92mINFO [0m:      	                      (6, 0.5),
INFO:flwr:	                      (6, 0.5),
[92mINFO [0m:      	                      (7, 0.5),
INFO:flwr:	                      (7, 0.5),
[92mINFO [0m:      	                      (8, 0.5),
INFO:flwr:	                      (8, 0.5),
[92mINFO [0m:      	                      (9, 0.5),
INFO:flwr:	                      (9, 0.5),
[92mINFO [0m:      	                      (10, 0.5),
INFO:flwr:	                      (10, 0.5),
[92mINFO [0m:      	                      (11, 0.5),
INFO:flwr:	                      (11, 0.5),
[92mINFO [0m:      	                      (12, 0.5),
INFO:flwr:	                      (12, 0.5),
[92mINFO [0m:      	                      (13, 0.5),
INFO:flwr:	                      (13, 0.5),
[92mINFO [0m:      	                      (14, 0.5),
INFO:flwr:	                      (14, 0.5),
[92mINFO [0m:      	                      (15, 0.5),
INFO:flwr:	                      (15, 0.5),
[92mINFO [0m:      	                      (16, 0.5),
INFO:flwr:	                      (16, 0.5),
[92mINFO [0m:      	                      (17, 0.5),
INFO:flwr:	                      (17, 0.5),
[92mINFO [0m:      	                      (18, 0.5),
INFO:flwr:	                      (18, 0.5),
[92mINFO [0m:      	                      (19, 0.5),
INFO:flwr:	                      (19, 0.5),
[92mINFO [0m:      	                      (20, 0.5),
INFO:flwr:	                      (20, 0.5),
[92mINFO [0m:      	                      (21, 0.5),
INFO:flwr:	                      (21, 0.5),
[92mINFO [0m:      	                      (22, 0.5),
INFO:flwr:	                      (22, 0.5),
[92mINFO [0m:      	                      (23, 0.5),
INFO:flwr:	                      (23, 0.5),
[92mINFO [0m:      	                      (24, 0.5),
INFO:flwr:	                      (24, 0.5),
[92mINFO [0m:      	                      (25, 0.5),
INFO:flwr:	                      (25, 0.5),
[92mINFO [0m:      	                      (26, 0.5),
INFO:flwr:	                      (26, 0.5),
[92mINFO [0m:      	                      (27, 0.5),
INFO:flwr:	                      (27, 0.5),
[92mINFO [0m:      	                      (28, 0.5),
INFO:flwr:	                      (28, 0.5),
[92mINFO [0m:      	                      (29, 0.5),
INFO:flwr:	                      (29, 0.5),
[92mINFO [0m:      	                      (30, 0.5),
INFO:flwr:	                      (30, 0.5),
[92mINFO [0m:      	                      (31, 0.5),
INFO:flwr:	                      (31, 0.5),
[92mINFO [0m:      	                      (32, 0.5),
INFO:flwr:	                      (32, 0.5),
[92mINFO [0m:      	                      (33, 0.5),
INFO:flwr:	                      (33, 0.5),
[92mINFO [0m:      	                      (34, 0.5),
INFO:flwr:	                      (34, 0.5),
[92mINFO [0m:      	                      (35, 0.5),
INFO:flwr:	                      (35, 0.5),
[92mINFO [0m:      	                      (36, 0.5),
INFO:flwr:	                      (36, 0.5),
[92mINFO [0m:      	                      (37, 0.5),
INFO:flwr:	                      (37, 0.5),
[92mINFO [0m:      	                      (38, 0.5),
INFO:flwr:	                      (38, 0.5),
[92mINFO [0m:      	                      (39, 0.5),
INFO:flwr:	                      (39, 0.5),
[92mINFO [0m:      	                      (40, 0.5),
INFO:flwr:	                      (40, 0.5),
[92mINFO [0m:      	                      (41, 0.5),
INFO:flwr:	                      (41, 0.5),
[92mINFO [0m:      	                      (42, 0.5),
INFO:flwr:	                      (42, 0.5),
[92mINFO [0m:      	                      (43, 0.5),
INFO:flwr:	                      (43, 0.5),
[92mINFO [0m:      	                      (44, 0.5),
INFO:flwr:	                      (44, 0.5),
[92mINFO [0m:      	                      (45, 0.5),
INFO:flwr:	                      (45, 0.5),
[92mINFO [0m:      	                      (46, 0.5),
INFO:flwr:	                      (46, 0.5),
[92mINFO [0m:      	                      (47, 0.5),
INFO:flwr:	                      (47, 0.5),
[92mINFO [0m:      	                      (48, 0.5),
INFO:flwr:	                      (48, 0.5),
[92mINFO [0m:      	                      (49, 0.5),
INFO:flwr:	                      (49, 0.5),
[92mINFO [0m:      	                      (50, 0.5)],
INFO:flwr:	                      (50, 0.5)],
[92mINFO [0m:      	 'mean_reputation': [(1, 0.9750827550888062),
INFO:flwr:	 'mean_reputation': [(1, 0.9750827550888062),
[92mINFO [0m:      	                     (2, 0.9553022384643555),
INFO:flwr:	                     (2, 0.9553022384643555),
[92mINFO [0m:      	                     (3, 0.9387608766555786),
INFO:flwr:	                     (3, 0.9387608766555786),
[92mINFO [0m:      	                     (4, 0.9231270551681519),
INFO:flwr:	                     (4, 0.9231270551681519),
[92mINFO [0m:      	                     (5, 0.9095765948295593),
INFO:flwr:	                     (5, 0.9095765948295593),
[92mINFO [0m:      	                     (6, 0.8979688882827759),
INFO:flwr:	                     (6, 0.8979688882827759),
[92mINFO [0m:      	                     (7, 0.8867813944816589),
INFO:flwr:	                     (7, 0.8867813944816589),
[92mINFO [0m:      	                     (8, 0.8779389262199402),
INFO:flwr:	                     (8, 0.8779389262199402),
[92mINFO [0m:      	                     (9, 0.867968738079071),
INFO:flwr:	                     (9, 0.867968738079071),
[92mINFO [0m:      	                     (10, 0.8612129092216492),
INFO:flwr:	                     (10, 0.8612129092216492),
[92mINFO [0m:      	                     (11, 0.8550196886062622),
INFO:flwr:	                     (11, 0.8550196886062622),
[92mINFO [0m:      	                     (12, 0.8465925455093384),
INFO:flwr:	                     (12, 0.8465925455093384),
[92mINFO [0m:      	                     (13, 0.8502572178840637),
INFO:flwr:	                     (13, 0.8502572178840637),
[92mINFO [0m:      	                     (14, 0.8446863293647766),
INFO:flwr:	                     (14, 0.8446863293647766),
[92mINFO [0m:      	                     (15, 0.8387711644172668),
INFO:flwr:	                     (15, 0.8387711644172668),
[92mINFO [0m:      	                     (16, 0.8291511535644531),
INFO:flwr:	                     (16, 0.8291511535644531),
[92mINFO [0m:      	                     (17, 0.8257113695144653),
INFO:flwr:	                     (17, 0.8257113695144653),
[92mINFO [0m:      	                     (18, 0.8055731654167175),
INFO:flwr:	                     (18, 0.8055731654167175),
[92mINFO [0m:      	                     (19, 0.8031532168388367),
INFO:flwr:	                     (19, 0.8031532168388367),
[92mINFO [0m:      	                     (20, 0.8040803670883179),
INFO:flwr:	                     (20, 0.8040803670883179),
[92mINFO [0m:      	                     (21, 0.8009296655654907),
INFO:flwr:	                     (21, 0.8009296655654907),
[92mINFO [0m:      	                     (22, 0.8021990060806274),
INFO:flwr:	                     (22, 0.8021990060806274),
[92mINFO [0m:      	                     (23, 0.8142410516738892),
INFO:flwr:	                     (23, 0.8142410516738892),
[92mINFO [0m:      	                     (24, 0.81364905834198),
INFO:flwr:	                     (24, 0.81364905834198),
[92mINFO [0m:      	                     (25, 0.8117033243179321),
INFO:flwr:	                     (25, 0.8117033243179321),
[92mINFO [0m:      	                     (26, 0.8115072250366211),
INFO:flwr:	                     (26, 0.8115072250366211),
[92mINFO [0m:      	                     (27, 0.8116186857223511),
INFO:flwr:	                     (27, 0.8116186857223511),
[92mINFO [0m:      	                     (28, 0.79374760389328),
INFO:flwr:	                     (28, 0.79374760389328),
[92mINFO [0m:      	                     (29, 0.8060034513473511),
INFO:flwr:	                     (29, 0.8060034513473511),
[92mINFO [0m:      	                     (30, 0.8050271272659302),
INFO:flwr:	                     (30, 0.8050271272659302),
[92mINFO [0m:      	                     (31, 0.8050421476364136),
INFO:flwr:	                     (31, 0.8050421476364136),
[92mINFO [0m:      	                     (32, 0.8144919276237488),
INFO:flwr:	                     (32, 0.8144919276237488),
[92mINFO [0m:      	                     (33, 0.8132199048995972),
INFO:flwr:	                     (33, 0.8132199048995972),
[92mINFO [0m:      	                     (34, 0.8220780491828918),
INFO:flwr:	                     (34, 0.8220780491828918),
[92mINFO [0m:      	                     (35, 0.8197539448738098),
INFO:flwr:	                     (35, 0.8197539448738098),
[92mINFO [0m:      	                     (36, 0.8182773590087891),
INFO:flwr:	                     (36, 0.8182773590087891),
[92mINFO [0m:      	                     (37, 0.8247420191764832),
INFO:flwr:	                     (37, 0.8247420191764832),
[92mINFO [0m:      	                     (38, 0.8195061683654785),
INFO:flwr:	                     (38, 0.8195061683654785),
[92mINFO [0m:      	                     (39, 0.8284378051757812),
INFO:flwr:	                     (39, 0.8284378051757812),
[92mINFO [0m:      	                     (40, 0.8255643844604492),
INFO:flwr:	                     (40, 0.8255643844604492),
[92mINFO [0m:      	                     (41, 0.8335927128791809),
INFO:flwr:	                     (41, 0.8335927128791809),
[92mINFO [0m:      	                     (42, 0.8402454257011414),
INFO:flwr:	                     (42, 0.8402454257011414),
[92mINFO [0m:      	                     (43, 0.8452600240707397),
INFO:flwr:	                     (43, 0.8452600240707397),
[92mINFO [0m:      	                     (44, 0.8411369323730469),
INFO:flwr:	                     (44, 0.8411369323730469),
[92mINFO [0m:      	                     (45, 0.8385656476020813),
INFO:flwr:	                     (45, 0.8385656476020813),
[92mINFO [0m:      	                     (46, 0.8335821032524109),
INFO:flwr:	                     (46, 0.8335821032524109),
[92mINFO [0m:      	                     (47, 0.8309761881828308),
INFO:flwr:	                     (47, 0.8309761881828308),
[92mINFO [0m:      	                     (48, 0.8285388946533203),
INFO:flwr:	                     (48, 0.8285388946533203),
[92mINFO [0m:      	                     (49, 0.8351421356201172),
INFO:flwr:	                     (49, 0.8351421356201172),
[92mINFO [0m:      	                     (50, 0.8421030044555664)],
INFO:flwr:	                     (50, 0.8421030044555664)],
[92mINFO [0m:      	 'min_reputation': [(1, 0.8999999761581421),
INFO:flwr:	 'min_reputation': [(1, 0.8999999761581421),
[92mINFO [0m:      	                    (2, 0.8100000023841858),
INFO:flwr:	                    (2, 0.8100000023841858),
[92mINFO [0m:      	                    (3, 0.7289999723434448),
INFO:flwr:	                    (3, 0.7289999723434448),
[92mINFO [0m:      	                    (4, 0.6560999751091003),
INFO:flwr:	                    (4, 0.6560999751091003),
[92mINFO [0m:      	                    (5, 0.5904899835586548),
INFO:flwr:	                    (5, 0.5904899835586548),
[92mINFO [0m:      	                    (6, 0.5314409732818604),
INFO:flwr:	                    (6, 0.5314409732818604),
[92mINFO [0m:      	                    (7, 0.4782969057559967),
INFO:flwr:	                    (7, 0.4782969057559967),
[92mINFO [0m:      	                    (8, 0.4304672181606293),
INFO:flwr:	                    (8, 0.4304672181606293),
[92mINFO [0m:      	                    (9, 0.3874204754829407),
INFO:flwr:	                    (9, 0.3874204754829407),
[92mINFO [0m:      	                    (10, 0.34867843985557556),
INFO:flwr:	                    (10, 0.34867843985557556),
[92mINFO [0m:      	                    (11, 0.3138105869293213),
INFO:flwr:	                    (11, 0.3138105869293213),
[92mINFO [0m:      	                    (12, 0.2824295461177826),
INFO:flwr:	                    (12, 0.2824295461177826),
[92mINFO [0m:      	                    (13, 0.3537296950817108),
INFO:flwr:	                    (13, 0.3537296950817108),
[92mINFO [0m:      	                    (14, 0.3183567225933075),
INFO:flwr:	                    (14, 0.3183567225933075),
[92mINFO [0m:      	                    (15, 0.2865210473537445),
INFO:flwr:	                    (15, 0.2865210473537445),
[92mINFO [0m:      	                    (16, 0.2578689455986023),
INFO:flwr:	                    (16, 0.2578689455986023),
[92mINFO [0m:      	                    (17, 0.2320820540189743),
INFO:flwr:	                    (17, 0.2320820540189743),
[92mINFO [0m:      	                    (18, 0.20887383818626404),
INFO:flwr:	                    (18, 0.20887383818626404),
[92mINFO [0m:      	                    (19, 0.18798646330833435),
INFO:flwr:	                    (19, 0.18798646330833435),
[92mINFO [0m:      	                    (20, 0.16918781399726868),
INFO:flwr:	                    (20, 0.16918781399726868),
[92mINFO [0m:      	                    (21, 0.15226903557777405),
INFO:flwr:	                    (21, 0.15226903557777405),
[92mINFO [0m:      	                    (22, 0.13704213500022888),
INFO:flwr:	                    (22, 0.13704213500022888),
[92mINFO [0m:      	                    (23, 0.2301502823829651),
INFO:flwr:	                    (23, 0.2301502823829651),
[92mINFO [0m:      	                    (24, 0.20713524520397186),
INFO:flwr:	                    (24, 0.20713524520397186),
[92mINFO [0m:      	                    (25, 0.1864217221736908),
INFO:flwr:	                    (25, 0.1864217221736908),
[92mINFO [0m:      	                    (26, 0.16777954995632172),
INFO:flwr:	                    (26, 0.16777954995632172),
[92mINFO [0m:      	                    (27, 0.15100160241127014),
INFO:flwr:	                    (27, 0.15100160241127014),
[92mINFO [0m:      	                    (28, 0.13590143620967865),
INFO:flwr:	                    (28, 0.13590143620967865),
[92mINFO [0m:      	                    (29, 0.229180708527565),
INFO:flwr:	                    (29, 0.229180708527565),
[92mINFO [0m:      	                    (30, 0.20626263320446014),
INFO:flwr:	                    (30, 0.20626263320446014),
[92mINFO [0m:      	                    (31, 0.18563637137413025),
INFO:flwr:	                    (31, 0.18563637137413025),
[92mINFO [0m:      	                    (32, 0.25514572858810425),
INFO:flwr:	                    (32, 0.25514572858810425),
[92mINFO [0m:      	                    (33, 0.22963115572929382),
INFO:flwr:	                    (33, 0.22963115572929382),
[92mINFO [0m:      	                    (34, 0.297608882188797),
INFO:flwr:	                    (34, 0.297608882188797),
[92mINFO [0m:      	                    (35, 0.26784801483154297),
INFO:flwr:	                    (35, 0.26784801483154297),
[92mINFO [0m:      	                    (36, 0.2410632073879242),
INFO:flwr:	                    (36, 0.2410632073879242),
[92mINFO [0m:      	                    (37, 0.29750579595565796),
INFO:flwr:	                    (37, 0.29750579595565796),
[92mINFO [0m:      	                    (38, 0.2677552103996277),
INFO:flwr:	                    (38, 0.2677552103996277),
[92mINFO [0m:      	                    (39, 0.3412565290927887),
INFO:flwr:	                    (39, 0.3412565290927887),
[92mINFO [0m:      	                    (40, 0.3071308732032776),
INFO:flwr:	                    (40, 0.3071308732032776),
[92mINFO [0m:      	                    (41, 0.36934077739715576),
INFO:flwr:	                    (41, 0.36934077739715576),
[92mINFO [0m:      	                    (42, 0.41333505511283875),
INFO:flwr:	                    (42, 0.41333505511283875),
[92mINFO [0m:      	                    (43, 0.4640284478664398),
INFO:flwr:	                    (43, 0.4640284478664398),
[92mINFO [0m:      	                    (44, 0.4176256060600281),
INFO:flwr:	                    (44, 0.4176256060600281),
[92mINFO [0m:      	                    (45, 0.37586304545402527),
INFO:flwr:	                    (45, 0.37586304545402527),
[92mINFO [0m:      	                    (46, 0.338276743888855),
INFO:flwr:	                    (46, 0.338276743888855),
[92mINFO [0m:      	                    (47, 0.30444905161857605),
INFO:flwr:	                    (47, 0.30444905161857605),
[92mINFO [0m:      	                    (48, 0.27400416135787964),
INFO:flwr:	                    (48, 0.27400416135787964),
[92mINFO [0m:      	                    (49, 0.34656795859336853),
INFO:flwr:	                    (49, 0.34656795859336853),
[92mINFO [0m:      	                    (50, 0.4082473814487457)],
INFO:flwr:	                    (50, 0.4082473814487457)],
[92mINFO [0m:      	 'server_round': [(1, 1),
INFO:flwr:	 'server_round': [(1, 1),
[92mINFO [0m:      	                  (2, 2),
INFO:flwr:	                  (2, 2),
[92mINFO [0m:      	                  (3, 3),
INFO:flwr:	                  (3, 3),
[92mINFO [0m:      	                  (4, 4),
INFO:flwr:	                  (4, 4),
[92mINFO [0m:      	                  (5, 5),
INFO:flwr:	                  (5, 5),
[92mINFO [0m:      	                  (6, 6),
INFO:flwr:	                  (6, 6),
[92mINFO [0m:      	                  (7, 7),
INFO:flwr:	                  (7, 7),
[92mINFO [0m:      	                  (8, 8),
INFO:flwr:	                  (8, 8),
[92mINFO [0m:      	                  (9, 9),
INFO:flwr:	                  (9, 9),
[92mINFO [0m:      	                  (10, 10),
INFO:flwr:	                  (10, 10),
[92mINFO [0m:      	                  (11, 11),
INFO:flwr:	                  (11, 11),
[92mINFO [0m:      	                  (12, 12),
INFO:flwr:	                  (12, 12),
[92mINFO [0m:      	                  (13, 13),
INFO:flwr:	                  (13, 13),
[92mINFO [0m:      	                  (14, 14),
INFO:flwr:	                  (14, 14),
[92mINFO [0m:      	                  (15, 15),
INFO:flwr:	                  (15, 15),
[92mINFO [0m:      	                  (16, 16),
INFO:flwr:	                  (16, 16),
[92mINFO [0m:      	                  (17, 17),
INFO:flwr:	                  (17, 17),
[92mINFO [0m:      	                  (18, 18),
INFO:flwr:	                  (18, 18),
[92mINFO [0m:      	                  (19, 19),
INFO:flwr:	                  (19, 19),
[92mINFO [0m:      	                  (20, 20),
INFO:flwr:	                  (20, 20),
[92mINFO [0m:      	                  (21, 21),
INFO:flwr:	                  (21, 21),
[92mINFO [0m:      	                  (22, 22),
INFO:flwr:	                  (22, 22),
[92mINFO [0m:      	                  (23, 23),
INFO:flwr:	                  (23, 23),
[92mINFO [0m:      	                  (24, 24),
INFO:flwr:	                  (24, 24),
[92mINFO [0m:      	                  (25, 25),
INFO:flwr:	                  (25, 25),
[92mINFO [0m:      	                  (26, 26),
INFO:flwr:	                  (26, 26),
[92mINFO [0m:      	                  (27, 27),
INFO:flwr:	                  (27, 27),
[92mINFO [0m:      	                  (28, 28),
INFO:flwr:	                  (28, 28),
[92mINFO [0m:      	                  (29, 29),
INFO:flwr:	                  (29, 29),
[92mINFO [0m:      	                  (30, 30),
INFO:flwr:	                  (30, 30),
[92mINFO [0m:      	                  (31, 31),
INFO:flwr:	                  (31, 31),
[92mINFO [0m:      	                  (32, 32),
INFO:flwr:	                  (32, 32),
[92mINFO [0m:      	                  (33, 33),
INFO:flwr:	                  (33, 33),
[92mINFO [0m:      	                  (34, 34),
INFO:flwr:	                  (34, 34),
[92mINFO [0m:      	                  (35, 35),
INFO:flwr:	                  (35, 35),
[92mINFO [0m:      	                  (36, 36),
INFO:flwr:	                  (36, 36),
[92mINFO [0m:      	                  (37, 37),
INFO:flwr:	                  (37, 37),
[92mINFO [0m:      	                  (38, 38),
INFO:flwr:	                  (38, 38),
[92mINFO [0m:      	                  (39, 39),
INFO:flwr:	                  (39, 39),
[92mINFO [0m:      	                  (40, 40),
INFO:flwr:	                  (40, 40),
[92mINFO [0m:      	                  (41, 41),
INFO:flwr:	                  (41, 41),
[92mINFO [0m:      	                  (42, 42),
INFO:flwr:	                  (42, 42),
[92mINFO [0m:      	                  (43, 43),
INFO:flwr:	                  (43, 43),
[92mINFO [0m:      	                  (44, 44),
INFO:flwr:	                  (44, 44),
[92mINFO [0m:      	                  (45, 45),
INFO:flwr:	                  (45, 45),
[92mINFO [0m:      	                  (46, 46),
INFO:flwr:	                  (46, 46),
[92mINFO [0m:      	                  (47, 47),
INFO:flwr:	                  (47, 47),
[92mINFO [0m:      	                  (48, 48),
INFO:flwr:	                  (48, 48),
[92mINFO [0m:      	                  (49, 49),
INFO:flwr:	                  (49, 49),
[92mINFO [0m:      	                  (50, 50)]}
INFO:flwr:	                  (50, 50)]}
[92mINFO [0m:      	History (metrics, distributed, evaluate):
INFO:flwr:	History (metrics, distributed, evaluate):
[92mINFO [0m:      	{'accuracy': [(1, 0.7827),
INFO:flwr:	{'accuracy': [(1, 0.7827),
[92mINFO [0m:      	              (2, 0.8925333333333333),
INFO:flwr:	              (2, 0.8925333333333333),
[92mINFO [0m:      	              (3, 0.9102666666666667),
INFO:flwr:	              (3, 0.9102666666666667),
[92mINFO [0m:      	              (4, 0.9121666666666667),
INFO:flwr:	              (4, 0.9121666666666667),
[92mINFO [0m:      	              (5, 0.9008666666666667),
INFO:flwr:	              (5, 0.9008666666666667),
[92mINFO [0m:      	              (6, 0.9045666666666666),
INFO:flwr:	              (6, 0.9045666666666666),
[92mINFO [0m:      	              (7, 0.9155666666666666),
INFO:flwr:	              (7, 0.9155666666666666),
[92mINFO [0m:      	              (8, 0.8939),
INFO:flwr:	              (8, 0.8939),
[92mINFO [0m:      	              (9, 0.9197333333333333),
INFO:flwr:	              (9, 0.9197333333333333),
[92mINFO [0m:      	              (10, 0.9086333333333333),
INFO:flwr:	              (10, 0.9086333333333333),
[92mINFO [0m:      	              (11, 0.9131333333333334),
INFO:flwr:	              (11, 0.9131333333333334),
[92mINFO [0m:      	              (12, 0.9082),
INFO:flwr:	              (12, 0.9082),
[92mINFO [0m:      	              (13, 0.9208666666666666),
INFO:flwr:	              (13, 0.9208666666666666),
[92mINFO [0m:      	              (14, 0.9119666666666667),
INFO:flwr:	              (14, 0.9119666666666667),
[92mINFO [0m:      	              (15, 0.9138333333333334),
INFO:flwr:	              (15, 0.9138333333333334),
[92mINFO [0m:      	              (16, 0.9246333333333333),
INFO:flwr:	              (16, 0.9246333333333333),
[92mINFO [0m:      	              (17, 0.9284333333333333),
INFO:flwr:	              (17, 0.9284333333333333),
[92mINFO [0m:      	              (18, 0.9618),
INFO:flwr:	              (18, 0.9618),
[92mINFO [0m:      	              (19, 0.9337666666666666),
INFO:flwr:	              (19, 0.9337666666666666),
[92mINFO [0m:      	              (20, 0.9308333333333333),
INFO:flwr:	              (20, 0.9308333333333333),
[92mINFO [0m:      	              (21, 0.9377333333333333),
INFO:flwr:	              (21, 0.9377333333333333),
[92mINFO [0m:      	              (22, 0.9239333333333334),
INFO:flwr:	              (22, 0.9239333333333334),
[92mINFO [0m:      	              (23, 0.9297),
INFO:flwr:	              (23, 0.9297),
[92mINFO [0m:      	              (24, 0.9259666666666667),
INFO:flwr:	              (24, 0.9259666666666667),
[92mINFO [0m:      	              (25, 0.9253666666666667),
INFO:flwr:	              (25, 0.9253666666666667),
[92mINFO [0m:      	              (26, 0.9322666666666667),
INFO:flwr:	              (26, 0.9322666666666667),
[92mINFO [0m:      	              (27, 0.915),
INFO:flwr:	              (27, 0.915),
[92mINFO [0m:      	              (28, 0.9667666666666667),
INFO:flwr:	              (28, 0.9667666666666667),
[92mINFO [0m:      	              (29, 0.9375333333333333),
INFO:flwr:	              (29, 0.9375333333333333),
[92mINFO [0m:      	              (30, 0.9326),
INFO:flwr:	              (30, 0.9326),
[92mINFO [0m:      	              (31, 0.9334666666666667),
INFO:flwr:	              (31, 0.9334666666666667),
[92mINFO [0m:      	              (32, 0.9308),
INFO:flwr:	              (32, 0.9308),
[92mINFO [0m:      	              (33, 0.9382),
INFO:flwr:	              (33, 0.9382),
[92mINFO [0m:      	              (34, 0.9384333333333333),
INFO:flwr:	              (34, 0.9384333333333333),
[92mINFO [0m:      	              (35, 0.9307),
INFO:flwr:	              (35, 0.9307),
[92mINFO [0m:      	              (36, 0.9345666666666667),
INFO:flwr:	              (36, 0.9345666666666667),
[92mINFO [0m:      	              (37, 0.9301),
INFO:flwr:	              (37, 0.9301),
[92mINFO [0m:      	              (38, 0.9372333333333334),
INFO:flwr:	              (38, 0.9372333333333334),
[92mINFO [0m:      	              (39, 0.9299),
INFO:flwr:	              (39, 0.9299),
[92mINFO [0m:      	              (40, 0.9338333333333333),
INFO:flwr:	              (40, 0.9338333333333333),
[92mINFO [0m:      	              (41, 0.9418),
INFO:flwr:	              (41, 0.9418),
[92mINFO [0m:      	              (42, 0.9366666666666666),
INFO:flwr:	              (42, 0.9366666666666666),
[92mINFO [0m:      	              (43, 0.945),
INFO:flwr:	              (43, 0.945),
[92mINFO [0m:      	              (44, 0.9404333333333333),
INFO:flwr:	              (44, 0.9404333333333333),
[92mINFO [0m:      	              (45, 0.9388),
INFO:flwr:	              (45, 0.9388),
[92mINFO [0m:      	              (46, 0.9389333333333333),
INFO:flwr:	              (46, 0.9389333333333333),
[92mINFO [0m:      	              (47, 0.9387),
INFO:flwr:	              (47, 0.9387),
[92mINFO [0m:      	              (48, 0.9287666666666666),
INFO:flwr:	              (48, 0.9287666666666666),
[92mINFO [0m:      	              (49, 0.9405333333333333),
INFO:flwr:	              (49, 0.9405333333333333),
[92mINFO [0m:      	              (50, 0.9441)],
INFO:flwr:	              (50, 0.9441)],
[92mINFO [0m:      	 'auc': [(1, 0.9095001258257313),
INFO:flwr:	 'auc': [(1, 0.9095001258257313),
[92mINFO [0m:      	         (2, 0.9221632746146586),
INFO:flwr:	         (2, 0.9221632746146586),
[92mINFO [0m:      	         (3, 0.9230855300408931),
INFO:flwr:	         (3, 0.9230855300408931),
[92mINFO [0m:      	         (4, 0.9252439760931109),
INFO:flwr:	         (4, 0.9252439760931109),
[92mINFO [0m:      	         (5, 0.923365838313935),
INFO:flwr:	         (5, 0.923365838313935),
[92mINFO [0m:      	         (6, 0.9262999842717838),
INFO:flwr:	         (6, 0.9262999842717838),
[92mINFO [0m:      	         (7, 0.9243295847750864),
INFO:flwr:	         (7, 0.9243295847750864),
[92mINFO [0m:      	         (8, 0.9215686064800249),
INFO:flwr:	         (8, 0.9215686064800249),
[92mINFO [0m:      	         (9, 0.9212828562441018),
INFO:flwr:	         (9, 0.9212828562441018),
[92mINFO [0m:      	         (10, 0.921519125511167),
INFO:flwr:	         (10, 0.921519125511167),
[92mINFO [0m:      	         (11, 0.9134668449197861),
INFO:flwr:	         (11, 0.9134668449197861),
[92mINFO [0m:      	         (12, 0.9189773828247875),
INFO:flwr:	         (12, 0.9189773828247875),
[92mINFO [0m:      	         (13, 0.9199343504246619),
INFO:flwr:	         (13, 0.9199343504246619),
[92mINFO [0m:      	         (14, 0.9150492922302611),
INFO:flwr:	         (14, 0.9150492922302611),
[92mINFO [0m:      	         (15, 0.9072469172695816),
INFO:flwr:	         (15, 0.9072469172695816),
[92mINFO [0m:      	         (16, 0.9142694558037117),
INFO:flwr:	         (16, 0.9142694558037117),
[92mINFO [0m:      	         (17, 0.9150865838313935),
INFO:flwr:	         (17, 0.9150865838313935),
[92mINFO [0m:      	         (18, 0.9065468858131487),
INFO:flwr:	         (18, 0.9065468858131487),
[92mINFO [0m:      	         (19, 0.9183865995596097),
INFO:flwr:	         (19, 0.9183865995596097),
[92mINFO [0m:      	         (20, 0.9162007706826046),
INFO:flwr:	         (20, 0.9162007706826046),
[92mINFO [0m:      	         (21, 0.912638361119849),
INFO:flwr:	         (21, 0.912638361119849),
[92mINFO [0m:      	         (22, 0.9163952186222083),
INFO:flwr:	         (22, 0.9163952186222083),
[92mINFO [0m:      	         (23, 0.9164839886756843),
INFO:flwr:	         (23, 0.9164839886756843),
[92mINFO [0m:      	         (24, 0.9192463825102234),
INFO:flwr:	         (24, 0.9192463825102234),
[92mINFO [0m:      	         (25, 0.9203893362692672),
INFO:flwr:	         (25, 0.9203893362692672),
[92mINFO [0m:      	         (26, 0.9180912708398868),
INFO:flwr:	         (26, 0.9180912708398868),
[92mINFO [0m:      	         (27, 0.9189375275243787),
INFO:flwr:	         (27, 0.9189375275243787),
[92mINFO [0m:      	         (28, 0.9020860490720353),
INFO:flwr:	         (28, 0.9020860490720353),
[92mINFO [0m:      	         (29, 0.9177942749292233),
INFO:flwr:	         (29, 0.9177942749292233),
[92mINFO [0m:      	         (30, 0.9188726329034288),
INFO:flwr:	         (30, 0.9188726329034288),
[92mINFO [0m:      	         (31, 0.9211102705253226),
INFO:flwr:	         (31, 0.9211102705253226),
[92mINFO [0m:      	         (32, 0.9218460836741115),
INFO:flwr:	         (32, 0.9218460836741115),
[92mINFO [0m:      	         (33, 0.9216821012897137),
INFO:flwr:	         (33, 0.9216821012897137),
[92mINFO [0m:      	         (34, 0.9152817552689525),
INFO:flwr:	         (34, 0.9152817552689525),
[92mINFO [0m:      	         (35, 0.9224333752752435),
INFO:flwr:	         (35, 0.9224333752752435),
[92mINFO [0m:      	         (36, 0.918684098773199),
INFO:flwr:	         (36, 0.918684098773199),
[92mINFO [0m:      	         (37, 0.922024583202265),
INFO:flwr:	         (37, 0.922024583202265),
[92mINFO [0m:      	         (38, 0.9255336269267065),
INFO:flwr:	         (38, 0.9255336269267065),
[92mINFO [0m:      	         (39, 0.9258365209185278),
INFO:flwr:	         (39, 0.9258365209185278),
[92mINFO [0m:      	         (40, 0.925226942434728),
INFO:flwr:	         (40, 0.925226942434728),
[92mINFO [0m:      	         (41, 0.9239432840515887),
INFO:flwr:	         (41, 0.9239432840515887),
[92mINFO [0m:      	         (42, 0.9224485687323059),
INFO:flwr:	         (42, 0.9224485687323059),
[92mINFO [0m:      	         (43, 0.9211029411764706),
INFO:flwr:	         (43, 0.9211029411764706),
[92mINFO [0m:      	         (44, 0.9223544353570305),
INFO:flwr:	         (44, 0.9223544353570305),
[92mINFO [0m:      	         (45, 0.9224769109782949),
INFO:flwr:	         (45, 0.9224769109782949),
[92mINFO [0m:      	         (46, 0.923544542308902),
INFO:flwr:	         (46, 0.923544542308902),
[92mINFO [0m:      	         (47, 0.9205255426234664),
INFO:flwr:	         (47, 0.9205255426234664),
[92mINFO [0m:      	         (48, 0.9214854199433785),
INFO:flwr:	         (48, 0.9214854199433785),
[92mINFO [0m:      	         (49, 0.9251748663101605),
INFO:flwr:	         (49, 0.9251748663101605),
[92mINFO [0m:      	         (50, 0.924444605221768)],
INFO:flwr:	         (50, 0.924444605221768)],
[92mINFO [0m:      	 'f1': [(1, 0.22549601995960558),
INFO:flwr:	 'f1': [(1, 0.22549601995960558),
[92mINFO [0m:      	        (2, 0.3463098134630981),
INFO:flwr:	        (2, 0.3463098134630981),
[92mINFO [0m:      	        (3, 0.3785780240073868),
INFO:flwr:	        (3, 0.3785780240073868),
[92mINFO [0m:      	        (4, 0.38621010948054973),
INFO:flwr:	        (4, 0.38621010948054973),
[92mINFO [0m:      	        (5, 0.3604301075268817),
INFO:flwr:	        (5, 0.3604301075268817),
[92mINFO [0m:      	        (6, 0.3686879823594267),
INFO:flwr:	        (6, 0.3686879823594267),
[92mINFO [0m:      	        (7, 0.39183673469387753),
INFO:flwr:	        (7, 0.39183673469387753),
[92mINFO [0m:      	        (8, 0.34868017188459177),
INFO:flwr:	        (8, 0.34868017188459177),
[92mINFO [0m:      	        (9, 0.4012928891098956),
INFO:flwr:	        (9, 0.4012928891098956),
[92mINFO [0m:      	        (10, 0.3763367463026166),
INFO:flwr:	        (10, 0.3763367463026166),
[92mINFO [0m:      	        (11, 0.3824644549763033),
INFO:flwr:	        (11, 0.3824644549763033),
[92mINFO [0m:      	        (12, 0.3735213830755232),
INFO:flwr:	        (12, 0.3735213830755232),
[92mINFO [0m:      	        (13, 0.40231621349446123),
INFO:flwr:	        (13, 0.40231621349446123),
[92mINFO [0m:      	        (14, 0.3793184488836662),
INFO:flwr:	        (14, 0.3793184488836662),
[92mINFO [0m:      	        (15, 0.3796496280297576),
INFO:flwr:	        (15, 0.3796496280297576),
[92mINFO [0m:      	        (16, 0.4073394495412844),
INFO:flwr:	        (16, 0.4073394495412844),
[92mINFO [0m:      	        (17, 0.4179994578476552),
INFO:flwr:	        (17, 0.4179994578476552),
[92mINFO [0m:      	        (18, 0.5268373245251858),
INFO:flwr:	        (18, 0.5268373245251858),
[92mINFO [0m:      	        (19, 0.44043931286961424),
INFO:flwr:	        (19, 0.44043931286961424),
[92mINFO [0m:      	        (20, 0.4285320848251171),
INFO:flwr:	        (20, 0.4285320848251171),
[92mINFO [0m:      	        (21, 0.4460260972716489),
INFO:flwr:	        (21, 0.4460260972716489),
[92mINFO [0m:      	        (22, 0.41124871001032),
INFO:flwr:	        (22, 0.41124871001032),
[92mINFO [0m:      	        (23, 0.42487046632124353),
INFO:flwr:	        (23, 0.42487046632124353),
[92mINFO [0m:      	        (24, 0.4166009981612818),
INFO:flwr:	        (24, 0.4166009981612818),
[92mINFO [0m:      	        (25, 0.41555729574523625),
INFO:flwr:	        (25, 0.41555729574523625),
[92mINFO [0m:      	        (26, 0.4298540965207632),
INFO:flwr:	        (26, 0.4298540965207632),
[92mINFO [0m:      	        (27, 0.38790206433029284),
INFO:flwr:	        (27, 0.38790206433029284),
[92mINFO [0m:      	        (28, 0.5364946536494654),
INFO:flwr:	        (28, 0.5364946536494654),
[92mINFO [0m:      	        (29, 0.4429250891795481),
INFO:flwr:	        (29, 0.4429250891795481),
[92mINFO [0m:      	        (30, 0.4307432432432433),
INFO:flwr:	        (30, 0.4307432432432433),
[92mINFO [0m:      	        (31, 0.4342403628117914),
INFO:flwr:	        (31, 0.4342403628117914),
[92mINFO [0m:      	        (32, 0.42841409691629956),
INFO:flwr:	        (32, 0.42841409691629956),
[92mINFO [0m:      	        (33, 0.4478856462179868),
INFO:flwr:	        (33, 0.4478856462179868),
[92mINFO [0m:      	        (34, 0.44283559577677223),
INFO:flwr:	        (34, 0.44283559577677223),
[92mINFO [0m:      	        (35, 0.42457791309161363),
INFO:flwr:	        (35, 0.42457791309161363),
[92mINFO [0m:      	        (36, 0.43018867924528303),
INFO:flwr:	        (36, 0.43018867924528303),
[92mINFO [0m:      	        (37, 0.4231086657496561),
INFO:flwr:	        (37, 0.4231086657496561),
[92mINFO [0m:      	        (38, 0.445360824742268),
INFO:flwr:	        (38, 0.445360824742268),
[92mINFO [0m:      	        (39, 0.4243087872981111),
INFO:flwr:	        (39, 0.4243087872981111),
[92mINFO [0m:      	        (40, 0.4362397046293667),
INFO:flwr:	        (40, 0.4362397046293667),
[92mINFO [0m:      	        (41, 0.46044499381953025),
INFO:flwr:	        (41, 0.46044499381953025),
[92mINFO [0m:      	        (42, 0.43952802359882004),
INFO:flwr:	        (42, 0.43952802359882004),
[92mINFO [0m:      	        (43, 0.4677419354838709),
INFO:flwr:	        (43, 0.4677419354838709),
[92mINFO [0m:      	        (44, 0.45301499846954396),
INFO:flwr:	        (44, 0.45301499846954396),
[92mINFO [0m:      	        (45, 0.4489795918367347),
INFO:flwr:	        (45, 0.4489795918367347),
[92mINFO [0m:      	        (46, 0.44918821407095605),
INFO:flwr:	        (46, 0.44918821407095605),
[92mINFO [0m:      	        (47, 0.4482448244824483),
INFO:flwr:	        (47, 0.4482448244824483),
[92mINFO [0m:      	        (48, 0.4175524666121559),
INFO:flwr:	        (48, 0.4175524666121559),
[92mINFO [0m:      	        (49, 0.45410036719706237),
INFO:flwr:	        (49, 0.45410036719706237),
[92mINFO [0m:      	        (50, 0.4654128147912018)],
INFO:flwr:	        (50, 0.4654128147912018)],
[92mINFO [0m:      	 'precision': [(1, 0.12969796364630312),
INFO:flwr:	 'precision': [(1, 0.12969796364630312),
[92mINFO [0m:      	               (2, 0.2228601252609603),
INFO:flwr:	               (2, 0.2228601252609603),
[92mINFO [0m:      	               (3, 0.2537128712871287),
INFO:flwr:	               (3, 0.2537128712871287),
[92mINFO [0m:      	               (4, 0.25963044159098025),
INFO:flwr:	               (4, 0.25963044159098025),
[92mINFO [0m:      	               (5, 0.23605633802816903),
INFO:flwr:	               (5, 0.23605633802816903),
[92mINFO [0m:      	               (6, 0.24337700145560404),
INFO:flwr:	               (6, 0.24337700145560404),
[92mINFO [0m:      	               (7, 0.266231647634584),
INFO:flwr:	               (7, 0.266231647634584),
[92mINFO [0m:      	               (8, 0.22498019540533404),
INFO:flwr:	               (8, 0.22498019540533404),
[92mINFO [0m:      	               (9, 0.27618069815195073),
INFO:flwr:	               (9, 0.27618069815195073),
[92mINFO [0m:      	               (10, 0.2509863429438543),
INFO:flwr:	               (10, 0.2509863429438543),
[92mINFO [0m:      	               (11, 0.2586538461538462),
INFO:flwr:	               (11, 0.2586538461538462),
[92mINFO [0m:      	               (12, 0.2490898058252427),
INFO:flwr:	               (12, 0.2490898058252427),
[92mINFO [0m:      	               (13, 0.27820334261838436),
INFO:flwr:	               (13, 0.27820334261838436),
[92mINFO [0m:      	               (14, 0.25578446909667196),
INFO:flwr:	               (14, 0.25578446909667196),
[92mINFO [0m:      	               (15, 0.257906749266384),
INFO:flwr:	               (15, 0.257906749266384),
[92mINFO [0m:      	               (16, 0.2861878453038674),
INFO:flwr:	               (16, 0.2861878453038674),
[92mINFO [0m:      	               (17, 0.29779837775202783),
INFO:flwr:	               (17, 0.29779837775202783),
[92mINFO [0m:      	               (18, 0.4826021180030257),
INFO:flwr:	               (18, 0.4826021180030257),
[92mINFO [0m:      	               (19, 0.31905344757241944),
INFO:flwr:	               (19, 0.31905344757241944),
[92mINFO [0m:      	               (20, 0.3073883840379296),
INFO:flwr:	               (20, 0.3073883840379296),
[92mINFO [0m:      	               (21, 0.3309859154929577),
INFO:flwr:	               (21, 0.3309859154929577),
[92mINFO [0m:      	               (22, 0.28710374639769454),
INFO:flwr:	               (22, 0.28710374639769454),
[92mINFO [0m:      	               (23, 0.30346708219711727),
INFO:flwr:	               (23, 0.30346708219711727),
[92mINFO [0m:      	               (24, 0.29294421869227927),
INFO:flwr:	               (24, 0.29294421869227927),
[92mINFO [0m:      	               (25, 0.2914683266202856),
INFO:flwr:	               (25, 0.2914683266202856),
[92mINFO [0m:      	               (26, 0.31087662337662336),
INFO:flwr:	               (26, 0.31087662337662336),
[92mINFO [0m:      	               (27, 0.2635355512067841),
INFO:flwr:	               (27, 0.2635355512067841),
[92mINFO [0m:      	               (28, 0.5490009514747859),
INFO:flwr:	               (28, 0.5490009514747859),
[92mINFO [0m:      	               (29, 0.3290636042402827),
INFO:flwr:	               (29, 0.3290636042402827),
[92mINFO [0m:      	               (30, 0.31199021207177813),
INFO:flwr:	               (30, 0.31199021207177813),
[92mINFO [0m:      	               (31, 0.3154859967051071),
INFO:flwr:	               (31, 0.3154859967051071),
[92mINFO [0m:      	               (32, 0.3072669826224329),
INFO:flwr:	               (32, 0.3072669826224329),
[92mINFO [0m:      	               (33, 0.3330380868024801),
INFO:flwr:	               (33, 0.3330380868024801),
[92mINFO [0m:      	               (34, 0.3313769751693002),
INFO:flwr:	               (34, 0.3313769751693002),
[92mINFO [0m:      	               (35, 0.3052128929566255),
INFO:flwr:	               (35, 0.3052128929566255),
[92mINFO [0m:      	               (36, 0.3159914712153518),
INFO:flwr:	               (36, 0.3159914712153518),
[92mINFO [0m:      	               (37, 0.303353057199211),
INFO:flwr:	               (37, 0.303353057199211),
[92mINFO [0m:      	               (38, 0.32941176470588235),
INFO:flwr:	               (38, 0.32941176470588235),
[92mINFO [0m:      	               (39, 0.3035644339992166),
INFO:flwr:	               (39, 0.3035644339992166),
[92mINFO [0m:      	               (40, 0.31722428748451054),
INFO:flwr:	               (40, 0.31722428748451054),
[92mINFO [0m:      	               (41, 0.3487827715355805),
INFO:flwr:	               (41, 0.3487827715355805),
[92mINFO [0m:      	               (42, 0.32532751091703055),
INFO:flwr:	               (42, 0.32532751091703055),
[92mINFO [0m:      	               (43, 0.3625),
INFO:flwr:	               (43, 0.3625),
[92mINFO [0m:      	               (44, 0.3414859252422704),
INFO:flwr:	               (44, 0.3414859252422704),
[92mINFO [0m:      	               (45, 0.33512544802867383),
INFO:flwr:	               (45, 0.33512544802867383),
[92mINFO [0m:      	               (46, 0.33557951482479786),
INFO:flwr:	               (46, 0.33557951482479786),
[92mINFO [0m:      	               (47, 0.3345275414240932),
INFO:flwr:	               (47, 0.3345275414240932),
[92mINFO [0m:      	               (48, 0.29817049435578047),
INFO:flwr:	               (48, 0.29817049435578047),
[92mINFO [0m:      	               (49, 0.3422509225092251),
INFO:flwr:	               (49, 0.3422509225092251),
[92mINFO [0m:      	               (50, 0.3583701521845852)],
INFO:flwr:	               (50, 0.3583701521845852)],
[92mINFO [0m:      	 'recall': [(1, 0.8627272727272727),
INFO:flwr:	 'recall': [(1, 0.8627272727272727),
[92mINFO [0m:      	            (2, 0.7763636363636364),
INFO:flwr:	            (2, 0.7763636363636364),
[92mINFO [0m:      	            (3, 0.7454545454545455),
INFO:flwr:	            (3, 0.7454545454545455),
[92mINFO [0m:      	            (4, 0.7536363636363637),
INFO:flwr:	            (4, 0.7536363636363637),
[92mINFO [0m:      	            (5, 0.7618181818181818),
INFO:flwr:	            (5, 0.7618181818181818),
[92mINFO [0m:      	            (6, 0.76),
INFO:flwr:	            (6, 0.76),
[92mINFO [0m:      	            (7, 0.7418181818181818),
INFO:flwr:	            (7, 0.7418181818181818),
[92mINFO [0m:      	            (8, 0.7745454545454545),
INFO:flwr:	            (8, 0.7745454545454545),
[92mINFO [0m:      	            (9, 0.7336363636363636),
INFO:flwr:	            (9, 0.7336363636363636),
[92mINFO [0m:      	            (10, 0.7518181818181818),
INFO:flwr:	            (10, 0.7518181818181818),
[92mINFO [0m:      	            (11, 0.7336363636363636),
INFO:flwr:	            (11, 0.7336363636363636),
[92mINFO [0m:      	            (12, 0.7463636363636363),
INFO:flwr:	            (12, 0.7463636363636363),
[92mINFO [0m:      	            (13, 0.7263636363636363),
INFO:flwr:	            (13, 0.7263636363636363),
[92mINFO [0m:      	            (14, 0.7336363636363636),
INFO:flwr:	            (14, 0.7336363636363636),
[92mINFO [0m:      	            (15, 0.719090909090909),
INFO:flwr:	            (15, 0.719090909090909),
[92mINFO [0m:      	            (16, 0.7063636363636364),
INFO:flwr:	            (16, 0.7063636363636364),
[92mINFO [0m:      	            (17, 0.7009090909090909),
INFO:flwr:	            (17, 0.7009090909090909),
[92mINFO [0m:      	            (18, 0.58),
INFO:flwr:	            (18, 0.58),
[92mINFO [0m:      	            (19, 0.7109090909090909),
INFO:flwr:	            (19, 0.7109090909090909),
[92mINFO [0m:      	            (20, 0.7072727272727274),
INFO:flwr:	            (20, 0.7072727272727274),
[92mINFO [0m:      	            (21, 0.6836363636363636),
INFO:flwr:	            (21, 0.6836363636363636),
[92mINFO [0m:      	            (22, 0.7245454545454545),
INFO:flwr:	            (22, 0.7245454545454545),
[92mINFO [0m:      	            (23, 0.7081818181818181),
INFO:flwr:	            (23, 0.7081818181818181),
[92mINFO [0m:      	            (24, 0.7209090909090909),
INFO:flwr:	            (24, 0.7209090909090909),
[92mINFO [0m:      	            (25, 0.7236363636363636),
INFO:flwr:	            (25, 0.7236363636363636),
[92mINFO [0m:      	            (26, 0.6963636363636364),
INFO:flwr:	            (26, 0.6963636363636364),
[92mINFO [0m:      	            (27, 0.7345454545454545),
INFO:flwr:	            (27, 0.7345454545454545),
[92mINFO [0m:      	            (28, 0.5245454545454545),
INFO:flwr:	            (28, 0.5245454545454545),
[92mINFO [0m:      	            (29, 0.6772727272727272),
INFO:flwr:	            (29, 0.6772727272727272),
[92mINFO [0m:      	            (30, 0.6954545454545454),
INFO:flwr:	            (30, 0.6954545454545454),
[92mINFO [0m:      	            (31, 0.6963636363636364),
INFO:flwr:	            (31, 0.6963636363636364),
[92mINFO [0m:      	            (32, 0.7072727272727274),
INFO:flwr:	            (32, 0.7072727272727274),
[92mINFO [0m:      	            (33, 0.6836363636363636),
INFO:flwr:	            (33, 0.6836363636363636),
[92mINFO [0m:      	            (34, 0.6672727272727272),
INFO:flwr:	            (34, 0.6672727272727272),
[92mINFO [0m:      	            (35, 0.6972727272727273),
INFO:flwr:	            (35, 0.6972727272727273),
[92mINFO [0m:      	            (36, 0.6736363636363636),
INFO:flwr:	            (36, 0.6736363636363636),
[92mINFO [0m:      	            (37, 0.699090909090909),
INFO:flwr:	            (37, 0.699090909090909),
[92mINFO [0m:      	            (38, 0.6872727272727273),
INFO:flwr:	            (38, 0.6872727272727273),
[92mINFO [0m:      	            (39, 0.7045454545454545),
INFO:flwr:	            (39, 0.7045454545454545),
[92mINFO [0m:      	            (40, 0.6981818181818182),
INFO:flwr:	            (40, 0.6981818181818182),
[92mINFO [0m:      	            (41, 0.6772727272727272),
INFO:flwr:	            (41, 0.6772727272727272),
[92mINFO [0m:      	            (42, 0.6772727272727272),
INFO:flwr:	            (42, 0.6772727272727272),
[92mINFO [0m:      	            (43, 0.6590909090909091),
INFO:flwr:	            (43, 0.6590909090909091),
[92mINFO [0m:      	            (44, 0.6727272727272726),
INFO:flwr:	            (44, 0.6727272727272726),
[92mINFO [0m:      	            (45, 0.68),
INFO:flwr:	            (45, 0.68),
[92mINFO [0m:      	            (46, 0.679090909090909),
INFO:flwr:	            (46, 0.679090909090909),
[92mINFO [0m:      	            (47, 0.679090909090909),
INFO:flwr:	            (47, 0.679090909090909),
[92mINFO [0m:      	            (48, 0.6963636363636364),
INFO:flwr:	            (48, 0.6963636363636364),
[92mINFO [0m:      	            (49, 0.6745454545454546),
INFO:flwr:	            (49, 0.6745454545454546),
[92mINFO [0m:      	            (50, 0.6636363636363637)]}
INFO:flwr:	            (50, 0.6636363636363637)]}
[92mINFO [0m:      
INFO:flwr:

Training complete in 641.5s (12.8s/round)

[Ray cleanup] Shutting down Ray...
[36m(ClientAppActor pid=53276)[0m [93mWARNING [0m:   DEPRECATED FEATURE: `client_fn` now expects a signature `def client_fn(context: Context)`.The provided `client_fn` has signature: {'cid': <Parameter "cid: str">}. You can import the `Context` like this: `from flwr.app import Context`[32m [repeated 9x across cluster][0m
[36m(ClientAppActor pid=53276)[0m             This is a deprecated feature. It will be removed[32m [repeated 9x across cluster][0m
[36m(ClientAppActor pid=53276)[0m             entirely in future versions of Flower.[32m [repeated 9x across cluster][0m
[Ray cleanup] Ray shutdown complete.
Metrics saved to: ./results/seed_45/Ablation_NoL3_LabelFlip20pct.json
Model checkpoint saved to: ./results/seed_45/models/Ablation_NoL3_LabelFlip20pct.pt
