
==============================================================================
EXPERIMENT: Attack_ModelReplace_20pct
SEED:       49
STARTED:    2026-09-15T11:33:20+00:00
TIMEOUT:    180.0 min
COMMAND:
/app/.venv/bin/python train.py --num-clients 10 --num-rounds 50 --nrows 150000 --batch-size 512 --epochs-per-round 10 --results-dir ./results/seed_49 --save-model ./results/seed_49/models/Attack_ModelReplace_20pct.pt --seed 49 --run-label Attack_ModelReplace_20pct --num-adversaries 2 --attack-type model_replace
==============================================================================
Device: cuda
  GPU: NVIDIA GeForce RTX 3060
  VRAM: 12.9 GB

Loading data from: ./data/raw
/app/.venv/lib/python3.14/site-packages/numpy/lib/_function_base_impl.py:3036: RuntimeWarning: invalid value encountered in divide
  c /= stddev[:, None]
/app/.venv/lib/python3.14/site-packages/numpy/lib/_function_base_impl.py:3037: RuntimeWarning: invalid value encountered in divide
  c /= stddev[None, :]
/app/data/loader.py:132: PerformanceWarning: DataFrame is highly fragmented.  This is usually the result of calling `frame.insert` many times, which has poor performance.  Consider joining all columns at once using pd.concat(axis=1) instead. To get a de-fragmented frame, use `newframe = frame.copy()`
  X_df["uid_fraud_mean"] = y_series.groupby(by=uid_series).transform("mean").values
/app/data/loader.py:133: PerformanceWarning: DataFrame is highly fragmented.  This is usually the result of calling `frame.insert` many times, which has poor performance.  Consider joining all columns at once using pd.concat(axis=1) instead. To get a de-fragmented frame, use `newframe = frame.copy()`
  X_df["uid_count"]      = uid_series.groupby(by=uid_series).transform("count").astype(np.float32).values
/app/data/loader.py:134: PerformanceWarning: DataFrame is highly fragmented.  This is usually the result of calling `frame.insert` many times, which has poor performance.  Consider joining all columns at once using pd.concat(axis=1) instead. To get a de-fragmented frame, use `newframe = frame.copy()`
  X_df["uid_amt_mean"]   = amt_series.groupby(by=uid_series).transform("mean").astype(np.float32).values
/app/data/loader.py:135: PerformanceWarning: DataFrame is highly fragmented.  This is usually the result of calling `frame.insert` many times, which has poor performance.  Consider joining all columns at once using pd.concat(axis=1) instead. To get a de-fragmented frame, use `newframe = frame.copy()`
  X_df["uid_amt_std"]    = amt_series.groupby(by=uid_series).transform("std").fillna(0).astype(np.float32).values
/app/data/loader.py:142: PerformanceWarning: DataFrame is highly fragmented.  This is usually the result of calling `frame.insert` many times, which has poor performance.  Consider joining all columns at once using pd.concat(axis=1) instead. To get a de-fragmented frame, use `newframe = frame.copy()`
  X_df["log_TransactionAmt"] = np.log1p(
/app/data/loader.py:147: PerformanceWarning: DataFrame is highly fragmented.  This is usually the result of calling `frame.insert` many times, which has poor performance.  Consider joining all columns at once using pd.concat(axis=1) instead. To get a de-fragmented frame, use `newframe = frame.copy()`
  X_df["amt_uid_ratio"] = (
  Train samples: 120000
  Test samples:  30000
  Input dim: 122
Strategy: CascadeRouter

Starting FL simulation:
  Clients:      10
  Rounds:       50
  Adversaries:  2
  Attack:       model_replace
[93mWARNING [0m:   DEPRECATED FEATURE: flwr.simulation.start_simulation() is deprecated.
	Instead, use the `flwr run` CLI command to start a local simulation in your Flower app, as shown for example below:

		$ flwr new  # Create a new Flower app from a template

		$ flwr run  # Run the Flower app in Simulation Mode

	Using `start_simulation()` is deprecated.

            This is a deprecated feature. It will be removed
            entirely in future versions of Flower.
        
[92mINFO [0m:      Starting Flower simulation, config: num_rounds=50, no round_timeout
2026-09-15 11:33:40,527	INFO worker.py:2024 -- Started a local Ray instance.
[92mINFO [0m:      Flower VCE: Ray initialized with resources: {'CPU': 20.0, 'node:172.18.0.2': 1.0, 'accelerator_type:GeForce-RTX-3060': 1.0, 'GPU': 1.0, 'node:__internal_head__': 1.0, 'object_store_memory': 2053871616.0, 'memory': 4792367104.0}
[92mINFO [0m:      Optimize your simulation with Flower VCE: https://flower.ai/docs/framework/how-to-run-simulations.html
[92mINFO [0m:      Flower VCE: Resources for each Virtual Client: {'num_cpus': 10, 'num_gpus': 0.5}
[92mINFO [0m:      Flower VCE: Creating VirtualClientEngineActorPool with 2 actors
[92mINFO [0m:      [INIT]
[92mINFO [0m:      Requesting initial parameters from one random client
[36m(ClientAppActor pid=66447)[0m [93mWARNING [0m:   DEPRECATED FEATURE: `client_fn` now expects a signature `def client_fn(context: Context)`.The provided `client_fn` has signature: {'cid': <Parameter "cid: str">}. You can import the `Context` like this: `from flwr.app import Context`
[36m(ClientAppActor pid=66447)[0m 
[36m(ClientAppActor pid=66447)[0m             This is a deprecated feature. It will be removed
[36m(ClientAppActor pid=66447)[0m             entirely in future versions of Flower.
[36m(ClientAppActor pid=66447)[0m         
[92mINFO [0m:      Received initial parameters from one random client
[92mINFO [0m:      Starting evaluation of initial global parameters
[92mINFO [0m:      Evaluation returned no results (`None`)
[92mINFO [0m:      
[92mINFO [0m:      [ROUND 1]
[92mINFO [0m:      configure_fit: strategy sampled 10 clients (out of 10)
[36m(ClientAppActor pid=66447)[0m [Client 2] Training on NVIDIA GeForce RTX 3060
[36m(ClientAppActor pid=66447)[0m [93mWARNING [0m:   DEPRECATED FEATURE: `client_fn` now expects a signature `def client_fn(context: Context)`.The provided `client_fn` has signature: {'cid': <Parameter "cid: str">}. You can import the `Context` like this: `from flwr.app import Context`
[36m(ClientAppActor pid=66447)[0m 
[36m(ClientAppActor pid=66447)[0m             This is a deprecated feature. It will be removed
[36m(ClientAppActor pid=66447)[0m             entirely in future versions of Flower.
[36m(ClientAppActor pid=66447)[0m         
[36m(ClientAppActor pid=66464)[0m 
[36m(ClientAppActor pid=66464)[0m         
[36m(ClientAppActor pid=66447)[0m 
[36m(ClientAppActor pid=66447)[0m         
[36m(ClientAppActor pid=66464)[0m 
[36m(ClientAppActor pid=66464)[0m         
[36m(ClientAppActor pid=66464)[0m [93mWARNING [0m:   DEPRECATED FEATURE: `client_fn` now expects a signature `def client_fn(context: Context)`.The provided `client_fn` has signature: {'cid': <Parameter "cid: str">}. You can import the `Context` like this: `from flwr.app import Context`[32m [repeated 3x across cluster] (Ray deduplicates logs by default. Set RAY_DEDUP_LOGS=0 to disable log deduplication, or see https://docs.ray.io/en/master/ray-observability/user-guides/configure-logging.html#log-deduplication for more options.)[0m
[36m(ClientAppActor pid=66464)[0m             This is a deprecated feature. It will be removed[32m [repeated 3x across cluster][0m
[36m(ClientAppActor pid=66464)[0m             entirely in future versions of Flower.[32m [repeated 3x across cluster][0m
[36m(ClientAppActor pid=66447)[0m [Client 3] Training on NVIDIA GeForce RTX 3060[32m [repeated 4x across cluster][0m
[36m(ClientAppActor pid=66447)[0m 
[36m(ClientAppActor pid=66447)[0m         
[36m(ClientAppActor pid=66447)[0m 
[36m(ClientAppActor pid=66447)[0m         
[36m(ClientAppActor pid=66447)[0m 
[36m(ClientAppActor pid=66447)[0m         
[36m(ClientAppActor pid=66464)[0m 
[36m(ClientAppActor pid=66464)[0m         
[36m(ClientAppActor pid=66464)[0m 
[36m(ClientAppActor pid=66464)[0m         
[36m(ClientAppActor pid=66464)[0m [93mWARNING [0m:   DEPRECATED FEATURE: `client_fn` now expects a signature `def client_fn(context: Context)`.The provided `client_fn` has signature: {'cid': <Parameter "cid: str">}. You can import the `Context` like this: `from flwr.app import Context`[32m [repeated 5x across cluster][0m
[36m(ClientAppActor pid=66464)[0m             This is a deprecated feature. It will be removed[32m [repeated 5x across cluster][0m
[36m(ClientAppActor pid=66464)[0m             entirely in future versions of Flower.[32m [repeated 5x across cluster][0m
[36m(ClientAppActor pid=66447)[0m 
[36m(ClientAppActor pid=66447)[0m         
[92mINFO [0m:      aggregate_fit: received 10 results and 0 failures
[CascadeRouter] Round 1: 10 clients, 24578 parameters/client
[92mINFO [0m:      configure_evaluate: strategy sampled 10 clients (out of 10)
INFO:flwr:configure_evaluate: strategy sampled 10 clients (out of 10)
[36m(ClientAppActor pid=66464)[0m 
[36m(ClientAppActor pid=66464)[0m         
[36m(ClientAppActor pid=66447)[0m 
[36m(ClientAppActor pid=66447)[0m         
[36m(ClientAppActor pid=66464)[0m 
[36m(ClientAppActor pid=66464)[0m         
[36m(ClientAppActor pid=66447)[0m 
[36m(ClientAppActor pid=66447)[0m         
[36m(ClientAppActor pid=66464)[0m 
[36m(ClientAppActor pid=66464)[0m         
[36m(ClientAppActor pid=66447)[0m 
[36m(ClientAppActor pid=66447)[0m         
[36m(ClientAppActor pid=66464)[0m 
[36m(ClientAppActor pid=66464)[0m         
[36m(ClientAppActor pid=66447)[0m 
[36m(ClientAppActor pid=66447)[0m         
[36m(ClientAppActor pid=66464)[0m 
[36m(ClientAppActor pid=66464)[0m         
[36m(ClientAppActor pid=66464)[0m [93mWARNING [0m:   DEPRECATED FEATURE: `client_fn` now expects a signature `def client_fn(context: Context)`.The provided `client_fn` has signature: {'cid': <Parameter "cid: str">}. You can import the `Context` like this: `from flwr.app import Context`[32m [repeated 10x across cluster][0m
[36m(ClientAppActor pid=66464)[0m             This is a deprecated feature. It will be removed[32m [repeated 10x across cluster][0m
[36m(ClientAppActor pid=66464)[0m             entirely in future versions of Flower.[32m [repeated 10x across cluster][0m
[36m(ClientAppActor pid=66447)[0m 
[36m(ClientAppActor pid=66447)[0m         
[92mINFO [0m:      aggregate_evaluate: received 10 results and 0 failures
INFO:flwr:aggregate_evaluate: received 10 results and 0 failures
[92mINFO [0m:      
INFO:flwr:
[92mINFO [0m:      [ROUND 2]
INFO:flwr:[ROUND 2]
[92mINFO [0m:      configure_fit: strategy sampled 10 clients (out of 10)
INFO:flwr:configure_fit: strategy sampled 10 clients (out of 10)
[36m(ClientAppActor pid=66447)[0m [Client 1] Training on NVIDIA GeForce RTX 3060[32m [repeated 6x across cluster][0m
[36m(ClientAppActor pid=66447)[0m 
[36m(ClientAppActor pid=66447)[0m         
[36m(ClientAppActor pid=66464)[0m 
[36m(ClientAppActor pid=66464)[0m         
[36m(ClientAppActor pid=66447)[0m 
[36m(ClientAppActor pid=66447)[0m         
[36m(ClientAppActor pid=66447)[0m 
[36m(ClientAppActor pid=66447)[0m         
[36m(ClientAppActor pid=66464)[0m 
[36m(ClientAppActor pid=66464)[0m         
[36m(ClientAppActor pid=66464)[0m 
[36m(ClientAppActor pid=66464)[0m         
[36m(ClientAppActor pid=66464)[0m [93mWARNING [0m:   DEPRECATED FEATURE: `client_fn` now expects a signature `def client_fn(context: Context)`.The provided `client_fn` has signature: {'cid': <Parameter "cid: str">}. You can import the `Context` like this: `from flwr.app import Context`[32m [repeated 7x across cluster][0m
[36m(ClientAppActor pid=66464)[0m             This is a deprecated feature. It will be removed[32m [repeated 7x across cluster][0m
[36m(ClientAppActor pid=66464)[0m             entirely in future versions of Flower.[32m [repeated 7x across cluster][0m
[36m(ClientAppActor pid=66464)[0m [Client 6] Training on NVIDIA GeForce RTX 3060[32m [repeated 5x across cluster][0m
[36m(ClientAppActor pid=66447)[0m 
[36m(ClientAppActor pid=66447)[0m         
[36m(ClientAppActor pid=66447)[0m 
[36m(ClientAppActor pid=66447)[0m         
[36m(ClientAppActor pid=66464)[0m 
[36m(ClientAppActor pid=66464)[0m         
[36m(ClientAppActor pid=66447)[0m 
[36m(ClientAppActor pid=66447)[0m         
[92mINFO [0m:      aggregate_fit: received 10 results and 0 failures
INFO:flwr:aggregate_fit: received 10 results and 0 failures
[CascadeRouter] Round 2: 10 clients, 24578 parameters/client
[92mINFO [0m:      configure_evaluate: strategy sampled 10 clients (out of 10)
INFO:flwr:configure_evaluate: strategy sampled 10 clients (out of 10)
[36m(ClientAppActor pid=66464)[0m 
[36m(ClientAppActor pid=66464)[0m         
[36m(ClientAppActor pid=66447)[0m 
[36m(ClientAppActor pid=66447)[0m         
[36m(ClientAppActor pid=66464)[0m 
[36m(ClientAppActor pid=66464)[0m         
[36m(ClientAppActor pid=66464)[0m [93mWARNING [0m:   DEPRECATED FEATURE: `client_fn` now expects a signature `def client_fn(context: Context)`.The provided `client_fn` has signature: {'cid': <Parameter "cid: str">}. You can import the `Context` like this: `from flwr.app import Context`[32m [repeated 7x across cluster][0m
[36m(ClientAppActor pid=66464)[0m             This is a deprecated feature. It will be removed[32m [repeated 7x across cluster][0m
[36m(ClientAppActor pid=66464)[0m             entirely in future versions of Flower.[32m [repeated 7x across cluster][0m
[36m(ClientAppActor pid=66447)[0m 
[36m(ClientAppActor pid=66447)[0m         
[36m(ClientAppActor pid=66464)[0m 
[36m(ClientAppActor pid=66464)[0m         
[36m(ClientAppActor pid=66447)[0m 
[36m(ClientAppActor pid=66447)[0m         
[36m(ClientAppActor pid=66464)[0m 
[36m(ClientAppActor pid=66464)[0m         
[36m(ClientAppActor pid=66447)[0m 
[36m(ClientAppActor pid=66447)[0m         
[36m(ClientAppActor pid=66464)[0m 
[36m(ClientAppActor pid=66464)[0m         
[36m(ClientAppActor pid=66447)[0m 
[36m(ClientAppActor pid=66447)[0m         
[92mINFO [0m:      aggregate_evaluate: received 10 results and 0 failures
INFO:flwr:aggregate_evaluate: received 10 results and 0 failures
[92mINFO [0m:      
INFO:flwr:
[92mINFO [0m:      [ROUND 3]
INFO:flwr:[ROUND 3]
[92mINFO [0m:      configure_fit: strategy sampled 10 clients (out of 10)
INFO:flwr:configure_fit: strategy sampled 10 clients (out of 10)
[36m(ClientAppActor pid=66447)[0m [Client 7] Training on NVIDIA GeForce RTX 3060[32m [repeated 5x across cluster][0m
[36m(ClientAppActor pid=66447)[0m 
[36m(ClientAppActor pid=66447)[0m         
[36m(ClientAppActor pid=66464)[0m 
[36m(ClientAppActor pid=66464)[0m         
[36m(ClientAppActor pid=66464)[0m 
[36m(ClientAppActor pid=66464)[0m         
[36m(ClientAppActor pid=66464)[0m 
[36m(ClientAppActor pid=66464)[0m         
[36m(ClientAppActor pid=66464)[0m 
[36m(ClientAppActor pid=66464)[0m         
[36m(ClientAppActor pid=66447)[0m 
[36m(ClientAppActor pid=66447)[0m         
[36m(ClientAppActor pid=66447)[0m [93mWARNING [0m:   DEPRECATED FEATURE: `client_fn` now expects a signature `def client_fn(context: Context)`.The provided `client_fn` has signature: {'cid': <Parameter "cid: str">}. You can import the `Context` like this: `from flwr.app import Context`[32m [repeated 13x across cluster][0m
[36m(ClientAppActor pid=66447)[0m             This is a deprecated feature. It will be removed[32m [repeated 13x across cluster][0m
[36m(ClientAppActor pid=66447)[0m             entirely in future versions of Flower.[32m [repeated 13x across cluster][0m
[36m(ClientAppActor pid=66464)[0m 
[36m(ClientAppActor pid=66464)[0m         
[36m(ClientAppActor pid=66464)[0m 
[36m(ClientAppActor pid=66464)[0m         
[36m(ClientAppActor pid=66447)[0m [Client 1] Training on NVIDIA GeForce RTX 3060[32m [repeated 8x across cluster][0m
[36m(ClientAppActor pid=66447)[0m 
[36m(ClientAppActor pid=66447)[0m         
[36m(ClientAppActor pid=66447)[0m 
[36m(ClientAppActor pid=66447)[0m         
[36m(ClientAppActor pid=66447)[0m [93mWARNING [0m:   DEPRECATED FEATURE: `client_fn` now expects a signature `def client_fn(context: Context)`.The provided `client_fn` has signature: {'cid': <Parameter "cid: str">}. You can import the `Context` like this: `from flwr.app import Context`[32m [repeated 4x across cluster][0m
[36m(ClientAppActor pid=66447)[0m             This is a deprecated feature. It will be removed[32m [repeated 4x across cluster][0m
[36m(ClientAppActor pid=66447)[0m             entirely in future versions of Flower.[32m [repeated 4x across cluster][0m
[92mINFO [0m:      aggregate_fit: received 10 results and 0 failures
INFO:flwr:aggregate_fit: received 10 results and 0 failures
[CascadeRouter] Round 3: 10 clients, 24578 parameters/client
[92mINFO [0m:      configure_evaluate: strategy sampled 10 clients (out of 10)
INFO:flwr:configure_evaluate: strategy sampled 10 clients (out of 10)
[36m(ClientAppActor pid=66447)[0m 
[36m(ClientAppActor pid=66447)[0m         
[36m(ClientAppActor pid=66464)[0m 
[36m(ClientAppActor pid=66464)[0m         
[36m(ClientAppActor pid=66447)[0m 
[36m(ClientAppActor pid=66447)[0m         
[36m(ClientAppActor pid=66464)[0m 
[36m(ClientAppActor pid=66464)[0m         
[36m(ClientAppActor pid=66447)[0m 
[36m(ClientAppActor pid=66447)[0m         
[36m(ClientAppActor pid=66464)[0m 
[36m(ClientAppActor pid=66464)[0m         
[36m(ClientAppActor pid=66447)[0m 
[36m(ClientAppActor pid=66447)[0m         
[36m(ClientAppActor pid=66464)[0m 
[36m(ClientAppActor pid=66464)[0m         
[36m(ClientAppActor pid=66447)[0m 
[36m(ClientAppActor pid=66447)[0m         
[36m(ClientAppActor pid=66464)[0m 
[36m(ClientAppActor pid=66464)[0m         
[92mINFO [0m:      aggregate_evaluate: received 10 results and 0 failures
INFO:flwr:aggregate_evaluate: received 10 results and 0 failures
[92mINFO [0m:      
INFO:flwr:
[92mINFO [0m:      [ROUND 4]
INFO:flwr:[ROUND 4]
[92mINFO [0m:      configure_fit: strategy sampled 10 clients (out of 10)
INFO:flwr:configure_fit: strategy sampled 10 clients (out of 10)
[36m(ClientAppActor pid=66464)[0m 
[36m(ClientAppActor pid=66464)[0m         
[36m(ClientAppActor pid=66447)[0m 
[36m(ClientAppActor pid=66447)[0m         
[36m(ClientAppActor pid=66447)[0m [Client 4] Training on NVIDIA GeForce RTX 3060[32m [repeated 4x across cluster][0m
[36m(ClientAppActor pid=66447)[0m 
[36m(ClientAppActor pid=66447)[0m         
[36m(ClientAppActor pid=66464)[0m 
[36m(ClientAppActor pid=66464)[0m         
[36m(ClientAppActor pid=66464)[0m 
[36m(ClientAppActor pid=66464)[0m         
[36m(ClientAppActor pid=66464)[0m 
[36m(ClientAppActor pid=66464)[0m         
[36m(ClientAppActor pid=66464)[0m [93mWARNING [0m:   DEPRECATED FEATURE: `client_fn` now expects a signature `def client_fn(context: Context)`.The provided `client_fn` has signature: {'cid': <Parameter "cid: str">}. You can import the `Context` like this: `from flwr.app import Context`[32m [repeated 16x across cluster][0m
[36m(ClientAppActor pid=66464)[0m             This is a deprecated feature. It will be removed[32m [repeated 16x across cluster][0m
[36m(ClientAppActor pid=66464)[0m             entirely in future versions of Flower.[32m [repeated 16x across cluster][0m
[36m(ClientAppActor pid=66447)[0m [Client 9] Training on NVIDIA GeForce RTX 3060[32m [repeated 4x across cluster][0m
[36m(ClientAppActor pid=66447)[0m 
[36m(ClientAppActor pid=66447)[0m         
[36m(ClientAppActor pid=66447)[0m 
[36m(ClientAppActor pid=66447)[0m         
[36m(ClientAppActor pid=66447)[0m 
[36m(ClientAppActor pid=66447)[0m         
[36m(ClientAppActor pid=66464)[0m 
[36m(ClientAppActor pid=66464)[0m         
[92mINFO [0m:      aggregate_fit: received 10 results and 0 failures
INFO:flwr:aggregate_fit: received 10 results and 0 failures
[CascadeRouter] Round 4: 10 clients, 24578 parameters/client
[92mINFO [0m:      configure_evaluate: strategy sampled 10 clients (out of 10)
INFO:flwr:configure_evaluate: strategy sampled 10 clients (out of 10)
[36m(ClientAppActor pid=66464)[0m 
[36m(ClientAppActor pid=66464)[0m         
[36m(ClientAppActor pid=66447)[0m 
[36m(ClientAppActor pid=66447)[0m         
[36m(ClientAppActor pid=66464)[0m 
[36m(ClientAppActor pid=66464)[0m         
[36m(ClientAppActor pid=66447)[0m 
[36m(ClientAppActor pid=66447)[0m         
[36m(ClientAppActor pid=66464)[0m 
[36m(ClientAppActor pid=66464)[0m         
[36m(ClientAppActor pid=66464)[0m [93mWARNING [0m:   DEPRECATED FEATURE: `client_fn` now expects a signature `def client_fn(context: Context)`.The provided `client_fn` has signature: {'cid': <Parameter "cid: str">}. You can import the `Context` like this: `from flwr.app import Context`[32m [repeated 9x across cluster][0m
[36m(ClientAppActor pid=66464)[0m             This is a deprecated feature. It will be removed[32m [repeated 9x across cluster][0m
[36m(ClientAppActor pid=66464)[0m             entirely in future versions of Flower.[32m [repeated 9x across cluster][0m
[36m(ClientAppActor pid=66447)[0m 
[36m(ClientAppActor pid=66447)[0m         
[36m(ClientAppActor pid=66464)[0m 
[36m(ClientAppActor pid=66464)[0m         
[36m(ClientAppActor pid=66447)[0m 
[36m(ClientAppActor pid=66447)[0m         
[36m(ClientAppActor pid=66464)[0m 
[36m(ClientAppActor pid=66464)[0m         
[36m(ClientAppActor pid=66447)[0m 
[36m(ClientAppActor pid=66447)[0m         
[92mINFO [0m:      aggregate_evaluate: received 10 results and 0 failures
INFO:flwr:aggregate_evaluate: received 10 results and 0 failures
[92mINFO [0m:      
INFO:flwr:
[92mINFO [0m:      [ROUND 5]
INFO:flwr:[ROUND 5]
[92mINFO [0m:      configure_fit: strategy sampled 10 clients (out of 10)
INFO:flwr:configure_fit: strategy sampled 10 clients (out of 10)
[36m(ClientAppActor pid=66447)[0m 
[36m(ClientAppActor pid=66447)[0m         
[36m(ClientAppActor pid=66464)[0m 
[36m(ClientAppActor pid=66464)[0m         
[36m(ClientAppActor pid=66464)[0m [Client 0] Training on NVIDIA GeForce RTX 3060[32m [repeated 5x across cluster][0m
[36m(ClientAppActor pid=66464)[0m 
[36m(ClientAppActor pid=66464)[0m         
[36m(ClientAppActor pid=66447)[0m 
[36m(ClientAppActor pid=66447)[0m         
[36m(ClientAppActor pid=66447)[0m 
[36m(ClientAppActor pid=66447)[0m         
[36m(ClientAppActor pid=66447)[0m [93mWARNING [0m:   DEPRECATED FEATURE: `client_fn` now expects a signature `def client_fn(context: Context)`.The provided `client_fn` has signature: {'cid': <Parameter "cid: str">}. You can import the `Context` like this: `from flwr.app import Context`[32m [repeated 10x across cluster][0m
[36m(ClientAppActor pid=66447)[0m             This is a deprecated feature. It will be removed[32m [repeated 10x across cluster][0m
[36m(ClientAppActor pid=66447)[0m             entirely in future versions of Flower.[32m [repeated 10x across cluster][0m
[36m(ClientAppActor pid=66464)[0m 
[36m(ClientAppActor pid=66464)[0m         
[36m(ClientAppActor pid=66464)[0m 
[36m(ClientAppActor pid=66464)[0m         
[36m(ClientAppActor pid=66464)[0m [Client 2] Training on NVIDIA GeForce RTX 3060[32m [repeated 5x across cluster][0m
[36m(ClientAppActor pid=66464)[0m 
[36m(ClientAppActor pid=66464)[0m         
[36m(ClientAppActor pid=66464)[0m 
[36m(ClientAppActor pid=66464)[0m         
[36m(ClientAppActor pid=66447)[0m 
[36m(ClientAppActor pid=66447)[0m         
[36m(ClientAppActor pid=66447)[0m [93mWARNING [0m:   DEPRECATED FEATURE: `client_fn` now expects a signature `def client_fn(context: Context)`.The provided `client_fn` has signature: {'cid': <Parameter "cid: str">}. You can import the `Context` like this: `from flwr.app import Context`[32m [repeated 5x across cluster][0m
[36m(ClientAppActor pid=66447)[0m             This is a deprecated feature. It will be removed[32m [repeated 5x across cluster][0m
[36m(ClientAppActor pid=66447)[0m             entirely in future versions of Flower.[32m [repeated 5x across cluster][0m
[92mINFO [0m:      aggregate_fit: received 10 results and 0 failures
INFO:flwr:aggregate_fit: received 10 results and 0 failures
[CascadeRouter] Round 5: 10 clients, 24578 parameters/client
[92mINFO [0m:      configure_evaluate: strategy sampled 10 clients (out of 10)
INFO:flwr:configure_evaluate: strategy sampled 10 clients (out of 10)
[36m(ClientAppActor pid=66464)[0m 
[36m(ClientAppActor pid=66464)[0m         
[36m(ClientAppActor pid=66447)[0m 
[36m(ClientAppActor pid=66447)[0m         
[36m(ClientAppActor pid=66464)[0m 
[36m(ClientAppActor pid=66464)[0m         
[36m(ClientAppActor pid=66447)[0m 
[36m(ClientAppActor pid=66447)[0m         
[36m(ClientAppActor pid=66464)[0m 
[36m(ClientAppActor pid=66464)[0m         
[36m(ClientAppActor pid=66447)[0m 
[36m(ClientAppActor pid=66447)[0m         
[36m(ClientAppActor pid=66464)[0m 
[36m(ClientAppActor pid=66464)[0m         
[36m(ClientAppActor pid=66447)[0m 
[36m(ClientAppActor pid=66447)[0m         
[36m(ClientAppActor pid=66464)[0m 
[36m(ClientAppActor pid=66464)[0m         
[36m(ClientAppActor pid=66447)[0m 
[36m(ClientAppActor pid=66447)[0m         
[92mINFO [0m:      aggregate_evaluate: received 10 results and 0 failures
INFO:flwr:aggregate_evaluate: received 10 results and 0 failures
[92mINFO [0m:      
INFO:flwr:
[92mINFO [0m:      [ROUND 6]
INFO:flwr:[ROUND 6]
[92mINFO [0m:      configure_fit: strategy sampled 10 clients (out of 10)
INFO:flwr:configure_fit: strategy sampled 10 clients (out of 10)
[36m(ClientAppActor pid=66464)[0m 
[36m(ClientAppActor pid=66464)[0m         
[36m(ClientAppActor pid=66464)[0m [Client 7] Training on NVIDIA GeForce RTX 3060[32m [repeated 4x across cluster][0m
[36m(ClientAppActor pid=66447)[0m 
[36m(ClientAppActor pid=66447)[0m         
[36m(ClientAppActor pid=66447)[0m 
[36m(ClientAppActor pid=66447)[0m         
[36m(ClientAppActor pid=66447)[0m 
[36m(ClientAppActor pid=66447)[0m         
[36m(ClientAppActor pid=66447)[0m [93mWARNING [0m:   DEPRECATED FEATURE: `client_fn` now expects a signature `def client_fn(context: Context)`.The provided `client_fn` has signature: {'cid': <Parameter "cid: str">}. You can import the `Context` like this: `from flwr.app import Context`[32m [repeated 14x across cluster][0m
[36m(ClientAppActor pid=66447)[0m             This is a deprecated feature. It will be removed[32m [repeated 14x across cluster][0m
[36m(ClientAppActor pid=66447)[0m             entirely in future versions of Flower.[32m [repeated 14x across cluster][0m
[36m(ClientAppActor pid=66464)[0m 
[36m(ClientAppActor pid=66464)[0m         
[36m(ClientAppActor pid=66447)[0m 
[36m(ClientAppActor pid=66447)[0m         
[36m(ClientAppActor pid=66447)[0m [Client 8] Training on NVIDIA GeForce RTX 3060[32m [repeated 6x across cluster][0m
[36m(ClientAppActor pid=66447)[0m 
[36m(ClientAppActor pid=66447)[0m         
[36m(ClientAppActor pid=66447)[0m 
[36m(ClientAppActor pid=66447)[0m         
[36m(ClientAppActor pid=66447)[0m [93mWARNING [0m:   DEPRECATED FEATURE: `client_fn` now expects a signature `def client_fn(context: Context)`.The provided `client_fn` has signature: {'cid': <Parameter "cid: str">}. You can import the `Context` like this: `from flwr.app import Context`[32m [repeated 4x across cluster][0m
[36m(ClientAppActor pid=66447)[0m             This is a deprecated feature. It will be removed[32m [repeated 4x across cluster][0m
[36m(ClientAppActor pid=66447)[0m             entirely in future versions of Flower.[32m [repeated 4x across cluster][0m
[36m(ClientAppActor pid=66464)[0m 
[36m(ClientAppActor pid=66464)[0m         
[36m(ClientAppActor pid=66447)[0m 
[36m(ClientAppActor pid=66447)[0m         
[92mINFO [0m:      aggregate_fit: received 10 results and 0 failures
INFO:flwr:aggregate_fit: received 10 results and 0 failures
[CascadeRouter] Round 6: 10 clients, 24578 parameters/client
[92mINFO [0m:      configure_evaluate: strategy sampled 10 clients (out of 10)
INFO:flwr:configure_evaluate: strategy sampled 10 clients (out of 10)
[36m(ClientAppActor pid=66447)[0m 
[36m(ClientAppActor pid=66447)[0m         
[36m(ClientAppActor pid=66464)[0m 
[36m(ClientAppActor pid=66464)[0m         
[36m(ClientAppActor pid=66447)[0m 
[36m(ClientAppActor pid=66447)[0m         
[36m(ClientAppActor pid=66464)[0m 
[36m(ClientAppActor pid=66464)[0m         
[36m(ClientAppActor pid=66464)[0m 
[36m(ClientAppActor pid=66464)[0m         
[36m(ClientAppActor pid=66447)[0m 
[36m(ClientAppActor pid=66447)[0m         
[36m(ClientAppActor pid=66447)[0m 
[36m(ClientAppActor pid=66447)[0m         
[36m(ClientAppActor pid=66464)[0m 
[36m(ClientAppActor pid=66464)[0m         
[36m(ClientAppActor pid=66447)[0m 
[36m(ClientAppActor pid=66447)[0m         
[36m(ClientAppActor pid=66464)[0m 
[36m(ClientAppActor pid=66464)[0m         
[92mINFO [0m:      aggregate_evaluate: received 10 results and 0 failures
INFO:flwr:aggregate_evaluate: received 10 results and 0 failures
[92mINFO [0m:      
INFO:flwr:
[92mINFO [0m:      [ROUND 7]
INFO:flwr:[ROUND 7]
[92mINFO [0m:      configure_fit: strategy sampled 10 clients (out of 10)
INFO:flwr:configure_fit: strategy sampled 10 clients (out of 10)
[36m(ClientAppActor pid=66464)[0m 
[36m(ClientAppActor pid=66464)[0m         
[36m(ClientAppActor pid=66464)[0m [Client 4] Training on NVIDIA GeForce RTX 3060[32m [repeated 4x across cluster][0m
[36m(ClientAppActor pid=66447)[0m 
[36m(ClientAppActor pid=66447)[0m         
[36m(ClientAppActor pid=66447)[0m 
[36m(ClientAppActor pid=66447)[0m         
[36m(ClientAppActor pid=66447)[0m [93mWARNING [0m:   DEPRECATED FEATURE: `client_fn` now expects a signature `def client_fn(context: Context)`.The provided `client_fn` has signature: {'cid': <Parameter "cid: str">}. You can import the `Context` like this: `from flwr.app import Context`[32m [repeated 15x across cluster][0m
[36m(ClientAppActor pid=66447)[0m             This is a deprecated feature. It will be removed[32m [repeated 15x across cluster][0m
[36m(ClientAppActor pid=66447)[0m             entirely in future versions of Flower.[32m [repeated 15x across cluster][0m
[36m(ClientAppActor pid=66447)[0m [Client 8] Training on NVIDIA GeForce RTX 3060[32m [repeated 3x across cluster][0m
[36m(ClientAppActor pid=66447)[0m 
[36m(ClientAppActor pid=66447)[0m         
[36m(ClientAppActor pid=66464)[0m 
[36m(ClientAppActor pid=66464)[0m         
[36m(ClientAppActor pid=66464)[0m 
[36m(ClientAppActor pid=66464)[0m         
[36m(ClientAppActor pid=66464)[0m 
[36m(ClientAppActor pid=66464)[0m         
[36m(ClientAppActor pid=66447)[0m 
[36m(ClientAppActor pid=66447)[0m         
[36m(ClientAppActor pid=66447)[0m 
[36m(ClientAppActor pid=66447)[0m         
[36m(ClientAppActor pid=66464)[0m 
[36m(ClientAppActor pid=66464)[0m         
[36m(ClientAppActor pid=66464)[0m [93mWARNING [0m:   DEPRECATED FEATURE: `client_fn` now expects a signature `def client_fn(context: Context)`.The provided `client_fn` has signature: {'cid': <Parameter "cid: str">}. You can import the `Context` like this: `from flwr.app import Context`[32m [repeated 7x across cluster][0m
[36m(ClientAppActor pid=66464)[0m             This is a deprecated feature. It will be removed[32m [repeated 7x across cluster][0m
[36m(ClientAppActor pid=66464)[0m             entirely in future versions of Flower.[32m [repeated 7x across cluster][0m
[36m(ClientAppActor pid=66464)[0m [Client 0] Training on NVIDIA GeForce RTX 3060[32m [repeated 6x across cluster][0m
[92mINFO [0m:      aggregate_fit: received 10 results and 0 failures
INFO:flwr:aggregate_fit: received 10 results and 0 failures
[CascadeRouter] Round 7: 10 clients, 24578 parameters/client
[92mINFO [0m:      configure_evaluate: strategy sampled 10 clients (out of 10)
INFO:flwr:configure_evaluate: strategy sampled 10 clients (out of 10)
[36m(ClientAppActor pid=66464)[0m 
[36m(ClientAppActor pid=66464)[0m         
[36m(ClientAppActor pid=66447)[0m 
[36m(ClientAppActor pid=66447)[0m         
[36m(ClientAppActor pid=66464)[0m 
[36m(ClientAppActor pid=66464)[0m         
[36m(ClientAppActor pid=66447)[0m 
[36m(ClientAppActor pid=66447)[0m         
[36m(ClientAppActor pid=66464)[0m 
[36m(ClientAppActor pid=66464)[0m         
[36m(ClientAppActor pid=66447)[0m 
[36m(ClientAppActor pid=66447)[0m         
[36m(ClientAppActor pid=66464)[0m 
[36m(ClientAppActor pid=66464)[0m         
[36m(ClientAppActor pid=66447)[0m 
[36m(ClientAppActor pid=66447)[0m         
[36m(ClientAppActor pid=66464)[0m 
[36m(ClientAppActor pid=66464)[0m         
[36m(ClientAppActor pid=66447)[0m 
[36m(ClientAppActor pid=66447)[0m         
[92mINFO [0m:      aggregate_evaluate: received 10 results and 0 failures
INFO:flwr:aggregate_evaluate: received 10 results and 0 failures
[92mINFO [0m:      
INFO:flwr:
[92mINFO [0m:      [ROUND 8]
INFO:flwr:[ROUND 8]
[92mINFO [0m:      configure_fit: strategy sampled 10 clients (out of 10)
INFO:flwr:configure_fit: strategy sampled 10 clients (out of 10)
[36m(ClientAppActor pid=66447)[0m 
[36m(ClientAppActor pid=66447)[0m         
[36m(ClientAppActor pid=66464)[0m 
[36m(ClientAppActor pid=66464)[0m         
[36m(ClientAppActor pid=66464)[0m 
[36m(ClientAppActor pid=66464)[0m         
[36m(ClientAppActor pid=66464)[0m 
[36m(ClientAppActor pid=66464)[0m         
[36m(ClientAppActor pid=66447)[0m [Client 6] Training on NVIDIA GeForce RTX 3060[32m [repeated 5x across cluster][0m
[36m(ClientAppActor pid=66447)[0m 
[36m(ClientAppActor pid=66447)[0m         
[36m(ClientAppActor pid=66447)[0m [93mWARNING [0m:   DEPRECATED FEATURE: `client_fn` now expects a signature `def client_fn(context: Context)`.The provided `client_fn` has signature: {'cid': <Parameter "cid: str">}. You can import the `Context` like this: `from flwr.app import Context`[32m [repeated 15x across cluster][0m
[36m(ClientAppActor pid=66447)[0m             This is a deprecated feature. It will be removed[32m [repeated 15x across cluster][0m
[36m(ClientAppActor pid=66447)[0m             entirely in future versions of Flower.[32m [repeated 15x across cluster][0m
[36m(ClientAppActor pid=66447)[0m 
[36m(ClientAppActor pid=66447)[0m         
[36m(ClientAppActor pid=66447)[0m 
[36m(ClientAppActor pid=66447)[0m         
[36m(ClientAppActor pid=66447)[0m 
[36m(ClientAppActor pid=66447)[0m         
[36m(ClientAppActor pid=66464)[0m 
[36m(ClientAppActor pid=66464)[0m         
[36m(ClientAppActor pid=66447)[0m 
[36m(ClientAppActor pid=66447)[0m         
[92mINFO [0m:      aggregate_fit: received 10 results and 0 failures
INFO:flwr:aggregate_fit: received 10 results and 0 failures
[CascadeRouter] Round 8: 10 clients, 24578 parameters/client
[92mINFO [0m:      configure_evaluate: strategy sampled 10 clients (out of 10)
INFO:flwr:configure_evaluate: strategy sampled 10 clients (out of 10)
[36m(ClientAppActor pid=66447)[0m 
[36m(ClientAppActor pid=66447)[0m         
[36m(ClientAppActor pid=66447)[0m [93mWARNING [0m:   DEPRECATED FEATURE: `client_fn` now expects a signature `def client_fn(context: Context)`.The provided `client_fn` has signature: {'cid': <Parameter "cid: str">}. You can import the `Context` like this: `from flwr.app import Context`[32m [repeated 6x across cluster][0m
[36m(ClientAppActor pid=66447)[0m             This is a deprecated feature. It will be removed[32m [repeated 6x across cluster][0m
[36m(ClientAppActor pid=66447)[0m             entirely in future versions of Flower.[32m [repeated 6x across cluster][0m
[36m(ClientAppActor pid=66464)[0m 
[36m(ClientAppActor pid=66464)[0m         
[36m(ClientAppActor pid=66464)[0m 
[36m(ClientAppActor pid=66464)[0m         
[36m(ClientAppActor pid=66447)[0m 
[36m(ClientAppActor pid=66447)[0m         
[36m(ClientAppActor pid=66447)[0m 
[36m(ClientAppActor pid=66447)[0m         
[36m(ClientAppActor pid=66464)[0m 
[36m(ClientAppActor pid=66464)[0m         
[36m(ClientAppActor pid=66447)[0m 
[36m(ClientAppActor pid=66447)[0m         
[36m(ClientAppActor pid=66464)[0m 
[36m(ClientAppActor pid=66464)[0m         
[36m(ClientAppActor pid=66464)[0m 
[36m(ClientAppActor pid=66464)[0m         
[36m(ClientAppActor pid=66447)[0m 
[36m(ClientAppActor pid=66447)[0m         
[92mINFO [0m:      aggregate_evaluate: received 10 results and 0 failures
INFO:flwr:aggregate_evaluate: received 10 results and 0 failures
[92mINFO [0m:      
INFO:flwr:
[92mINFO [0m:      [ROUND 9]
INFO:flwr:[ROUND 9]
[92mINFO [0m:      configure_fit: strategy sampled 10 clients (out of 10)
INFO:flwr:configure_fit: strategy sampled 10 clients (out of 10)
[36m(ClientAppActor pid=66464)[0m 
[36m(ClientAppActor pid=66464)[0m         
[36m(ClientAppActor pid=66464)[0m [Client 8] Training on NVIDIA GeForce RTX 3060[32m [repeated 6x across cluster][0m
[36m(ClientAppActor pid=66447)[0m 
[36m(ClientAppActor pid=66447)[0m         
[36m(ClientAppActor pid=66464)[0m 
[36m(ClientAppActor pid=66464)[0m         
[36m(ClientAppActor pid=66447)[0m [Client 3] Training on NVIDIA GeForce RTX 3060[32m [repeated 3x across cluster][0m
[36m(ClientAppActor pid=66447)[0m 
[36m(ClientAppActor pid=66447)[0m         
[36m(ClientAppActor pid=66447)[0m [93mWARNING [0m:   DEPRECATED FEATURE: `client_fn` now expects a signature `def client_fn(context: Context)`.The provided `client_fn` has signature: {'cid': <Parameter "cid: str">}. You can import the `Context` like this: `from flwr.app import Context`[32m [repeated 13x across cluster][0m
[36m(ClientAppActor pid=66447)[0m             This is a deprecated feature. It will be removed[32m [repeated 13x across cluster][0m
[36m(ClientAppActor pid=66447)[0m             entirely in future versions of Flower.[32m [repeated 13x across cluster][0m
[36m(ClientAppActor pid=66447)[0m 
[36m(ClientAppActor pid=66447)[0m         
[36m(ClientAppActor pid=66464)[0m 
[36m(ClientAppActor pid=66464)[0m         
[36m(ClientAppActor pid=66447)[0m 
[36m(ClientAppActor pid=66447)[0m         
[36m(ClientAppActor pid=66464)[0m 
[36m(ClientAppActor pid=66464)[0m         
[36m(ClientAppActor pid=66447)[0m 
[36m(ClientAppActor pid=66447)[0m         
[36m(ClientAppActor pid=66447)[0m 
[36m(ClientAppActor pid=66447)[0m         
[92mINFO [0m:      aggregate_fit: received 10 results and 0 failures
INFO:flwr:aggregate_fit: received 10 results and 0 failures
[CascadeRouter] Round 9: 10 clients, 24578 parameters/client
[92mINFO [0m:      configure_evaluate: strategy sampled 10 clients (out of 10)
INFO:flwr:configure_evaluate: strategy sampled 10 clients (out of 10)
[36m(ClientAppActor pid=66464)[0m 
[36m(ClientAppActor pid=66464)[0m         
[36m(ClientAppActor pid=66464)[0m [93mWARNING [0m:   DEPRECATED FEATURE: `client_fn` now expects a signature `def client_fn(context: Context)`.The provided `client_fn` has signature: {'cid': <Parameter "cid: str">}. You can import the `Context` like this: `from flwr.app import Context`[32m [repeated 7x across cluster][0m
[36m(ClientAppActor pid=66464)[0m             This is a deprecated feature. It will be removed[32m [repeated 7x across cluster][0m
[36m(ClientAppActor pid=66464)[0m             entirely in future versions of Flower.[32m [repeated 7x across cluster][0m
[36m(ClientAppActor pid=66447)[0m 
[36m(ClientAppActor pid=66447)[0m         
[36m(ClientAppActor pid=66464)[0m 
[36m(ClientAppActor pid=66464)[0m         
[36m(ClientAppActor pid=66447)[0m 
[36m(ClientAppActor pid=66447)[0m         
[36m(ClientAppActor pid=66464)[0m 
[36m(ClientAppActor pid=66464)[0m         
[36m(ClientAppActor pid=66447)[0m 
[36m(ClientAppActor pid=66447)[0m         
[36m(ClientAppActor pid=66464)[0m 
[36m(ClientAppActor pid=66464)[0m         
[36m(ClientAppActor pid=66447)[0m 
[36m(ClientAppActor pid=66447)[0m         
[36m(ClientAppActor pid=66464)[0m 
[36m(ClientAppActor pid=66464)[0m         
[36m(ClientAppActor pid=66447)[0m 
[36m(ClientAppActor pid=66447)[0m         
[92mINFO [0m:      aggregate_evaluate: received 10 results and 0 failures
INFO:flwr:aggregate_evaluate: received 10 results and 0 failures
[92mINFO [0m:      
INFO:flwr:
[92mINFO [0m:      [ROUND 10]
INFO:flwr:[ROUND 10]
[92mINFO [0m:      configure_fit: strategy sampled 10 clients (out of 10)
INFO:flwr:configure_fit: strategy sampled 10 clients (out of 10)
[36m(ClientAppActor pid=66464)[0m 
[36m(ClientAppActor pid=66464)[0m         
[36m(ClientAppActor pid=66464)[0m [Client 2] Training on NVIDIA GeForce RTX 3060[32m [repeated 7x across cluster][0m
[36m(ClientAppActor pid=66447)[0m 
[36m(ClientAppActor pid=66447)[0m         
[36m(ClientAppActor pid=66464)[0m 
[36m(ClientAppActor pid=66464)[0m         
[36m(ClientAppActor pid=66464)[0m 
[36m(ClientAppActor pid=66464)[0m         
[36m(ClientAppActor pid=66464)[0m [93mWARNING [0m:   DEPRECATED FEATURE: `client_fn` now expects a signature `def client_fn(context: Context)`.The provided `client_fn` has signature: {'cid': <Parameter "cid: str">}. You can import the `Context` like this: `from flwr.app import Context`[32m [repeated 13x across cluster][0m
[36m(ClientAppActor pid=66464)[0m             This is a deprecated feature. It will be removed[32m [repeated 13x across cluster][0m
[36m(ClientAppActor pid=66464)[0m             entirely in future versions of Flower.[32m [repeated 13x across cluster][0m
[36m(ClientAppActor pid=66464)[0m 
[36m(ClientAppActor pid=66464)[0m         
[36m(ClientAppActor pid=66447)[0m [Client 7] Training on NVIDIA GeForce RTX 3060[32m [repeated 5x across cluster][0m
[36m(ClientAppActor pid=66447)[0m 
[36m(ClientAppActor pid=66447)[0m         
[36m(ClientAppActor pid=66464)[0m 
[36m(ClientAppActor pid=66464)[0m         
[36m(ClientAppActor pid=66464)[0m 
[36m(ClientAppActor pid=66464)[0m         
[36m(ClientAppActor pid=66464)[0m 
[36m(ClientAppActor pid=66464)[0m         
[36m(ClientAppActor pid=66464)[0m [93mWARNING [0m:   DEPRECATED FEATURE: `client_fn` now expects a signature `def client_fn(context: Context)`.The provided `client_fn` has signature: {'cid': <Parameter "cid: str">}. You can import the `Context` like this: `from flwr.app import Context`[32m [repeated 5x across cluster][0m
[36m(ClientAppActor pid=66464)[0m             This is a deprecated feature. It will be removed[32m [repeated 5x across cluster][0m
[36m(ClientAppActor pid=66464)[0m             entirely in future versions of Flower.[32m [repeated 5x across cluster][0m
[36m(ClientAppActor pid=66447)[0m 
[36m(ClientAppActor pid=66447)[0m         
[92mINFO [0m:      aggregate_fit: received 10 results and 0 failures
INFO:flwr:aggregate_fit: received 10 results and 0 failures
[CascadeRouter] Round 10: 10 clients, 24578 parameters/client
[92mINFO [0m:      configure_evaluate: strategy sampled 10 clients (out of 10)
INFO:flwr:configure_evaluate: strategy sampled 10 clients (out of 10)
[36m(ClientAppActor pid=66464)[0m 
[36m(ClientAppActor pid=66464)[0m         
[36m(ClientAppActor pid=66447)[0m 
[36m(ClientAppActor pid=66447)[0m         
[36m(ClientAppActor pid=66464)[0m 
[36m(ClientAppActor pid=66464)[0m         
[36m(ClientAppActor pid=66447)[0m 
[36m(ClientAppActor pid=66447)[0m         
[36m(ClientAppActor pid=66464)[0m 
[36m(ClientAppActor pid=66464)[0m         
[36m(ClientAppActor pid=66447)[0m 
[36m(ClientAppActor pid=66447)[0m         
[36m(ClientAppActor pid=66464)[0m 
[36m(ClientAppActor pid=66464)[0m         
[36m(ClientAppActor pid=66447)[0m 
[36m(ClientAppActor pid=66447)[0m         
[36m(ClientAppActor pid=66464)[0m 
[36m(ClientAppActor pid=66464)[0m         
[36m(ClientAppActor pid=66447)[0m 
[36m(ClientAppActor pid=66447)[0m         
[92mINFO [0m:      aggregate_evaluate: received 10 results and 0 failures
INFO:flwr:aggregate_evaluate: received 10 results and 0 failures
[92mINFO [0m:      
INFO:flwr:
[92mINFO [0m:      [ROUND 11]
INFO:flwr:[ROUND 11]
[92mINFO [0m:      configure_fit: strategy sampled 10 clients (out of 10)
INFO:flwr:configure_fit: strategy sampled 10 clients (out of 10)
[36m(ClientAppActor pid=66464)[0m 
[36m(ClientAppActor pid=66464)[0m         
[36m(ClientAppActor pid=66464)[0m [Client 1] Training on NVIDIA GeForce RTX 3060[32m [repeated 5x across cluster][0m
[36m(ClientAppActor pid=66447)[0m 
[36m(ClientAppActor pid=66447)[0m         
[36m(ClientAppActor pid=66464)[0m 
[36m(ClientAppActor pid=66464)[0m         
[36m(ClientAppActor pid=66464)[0m [93mWARNING [0m:   DEPRECATED FEATURE: `client_fn` now expects a signature `def client_fn(context: Context)`.The provided `client_fn` has signature: {'cid': <Parameter "cid: str">}. You can import the `Context` like this: `from flwr.app import Context`[32m [repeated 14x across cluster][0m
[36m(ClientAppActor pid=66464)[0m             This is a deprecated feature. It will be removed[32m [repeated 14x across cluster][0m
[36m(ClientAppActor pid=66464)[0m             entirely in future versions of Flower.[32m [repeated 14x across cluster][0m
[36m(ClientAppActor pid=66464)[0m 
[36m(ClientAppActor pid=66464)[0m         
[36m(ClientAppActor pid=66464)[0m 
[36m(ClientAppActor pid=66464)[0m         
[36m(ClientAppActor pid=66464)[0m 
[36m(ClientAppActor pid=66464)[0m         
[36m(ClientAppActor pid=66447)[0m [Client 7] Training on NVIDIA GeForce RTX 3060[32m [repeated 6x across cluster][0m
[36m(ClientAppActor pid=66447)[0m 
[36m(ClientAppActor pid=66447)[0m         
[36m(ClientAppActor pid=66464)[0m 
[36m(ClientAppActor pid=66464)[0m         
[36m(ClientAppActor pid=66464)[0m 
[36m(ClientAppActor pid=66464)[0m         
[36m(ClientAppActor pid=66464)[0m [93mWARNING [0m:   DEPRECATED FEATURE: `client_fn` now expects a signature `def client_fn(context: Context)`.The provided `client_fn` has signature: {'cid': <Parameter "cid: str">}. You can import the `Context` like this: `from flwr.app import Context`[32m [repeated 6x across cluster][0m
[36m(ClientAppActor pid=66464)[0m             This is a deprecated feature. It will be removed[32m [repeated 6x across cluster][0m
[36m(ClientAppActor pid=66464)[0m             entirely in future versions of Flower.[32m [repeated 6x across cluster][0m
[36m(ClientAppActor pid=66447)[0m 
[36m(ClientAppActor pid=66447)[0m         
[92mINFO [0m:      aggregate_fit: received 10 results and 0 failures
INFO:flwr:aggregate_fit: received 10 results and 0 failures
[CascadeRouter] Round 11: 10 clients, 24578 parameters/client
[92mINFO [0m:      configure_evaluate: strategy sampled 10 clients (out of 10)
INFO:flwr:configure_evaluate: strategy sampled 10 clients (out of 10)
[36m(ClientAppActor pid=66464)[0m 
[36m(ClientAppActor pid=66464)[0m         
[36m(ClientAppActor pid=66447)[0m 
[36m(ClientAppActor pid=66447)[0m         
[36m(ClientAppActor pid=66464)[0m 
[36m(ClientAppActor pid=66464)[0m         
[36m(ClientAppActor pid=66447)[0m 
[36m(ClientAppActor pid=66447)[0m         
[36m(ClientAppActor pid=66464)[0m 
[36m(ClientAppActor pid=66464)[0m         
[36m(ClientAppActor pid=66447)[0m 
[36m(ClientAppActor pid=66447)[0m         
[36m(ClientAppActor pid=66464)[0m 
[36m(ClientAppActor pid=66464)[0m         
[36m(ClientAppActor pid=66447)[0m 
[36m(ClientAppActor pid=66447)[0m         
[36m(ClientAppActor pid=66464)[0m 
[36m(ClientAppActor pid=66464)[0m         
[36m(ClientAppActor pid=66447)[0m 
[36m(ClientAppActor pid=66447)[0m         
[92mINFO [0m:      aggregate_evaluate: received 10 results and 0 failures
INFO:flwr:aggregate_evaluate: received 10 results and 0 failures
[92mINFO [0m:      
INFO:flwr:
[92mINFO [0m:      [ROUND 12]
INFO:flwr:[ROUND 12]
[92mINFO [0m:      configure_fit: strategy sampled 10 clients (out of 10)
INFO:flwr:configure_fit: strategy sampled 10 clients (out of 10)
[36m(ClientAppActor pid=66464)[0m 
[36m(ClientAppActor pid=66464)[0m         
[36m(ClientAppActor pid=66464)[0m [Client 2] Training on NVIDIA GeForce RTX 3060[32m [repeated 4x across cluster][0m
[36m(ClientAppActor pid=66447)[0m 
[36m(ClientAppActor pid=66447)[0m         
[36m(ClientAppActor pid=66464)[0m 
[36m(ClientAppActor pid=66464)[0m         
[36m(ClientAppActor pid=66464)[0m [93mWARNING [0m:   DEPRECATED FEATURE: `client_fn` now expects a signature `def client_fn(context: Context)`.The provided `client_fn` has signature: {'cid': <Parameter "cid: str">}. You can import the `Context` like this: `from flwr.app import Context`[32m [repeated 14x across cluster][0m
[36m(ClientAppActor pid=66464)[0m             This is a deprecated feature. It will be removed[32m [repeated 14x across cluster][0m
[36m(ClientAppActor pid=66464)[0m             entirely in future versions of Flower.[32m [repeated 14x across cluster][0m
[36m(ClientAppActor pid=66464)[0m 
[36m(ClientAppActor pid=66464)[0m         
[36m(ClientAppActor pid=66447)[0m 
[36m(ClientAppActor pid=66447)[0m         
[36m(ClientAppActor pid=66464)[0m 
[36m(ClientAppActor pid=66464)[0m         
[36m(ClientAppActor pid=66447)[0m [Client 3] Training on NVIDIA GeForce RTX 3060[32m [repeated 6x across cluster][0m
[36m(ClientAppActor pid=66447)[0m 
[36m(ClientAppActor pid=66447)[0m         
[36m(ClientAppActor pid=66447)[0m [93mWARNING [0m:   DEPRECATED FEATURE: `client_fn` now expects a signature `def client_fn(context: Context)`.The provided `client_fn` has signature: {'cid': <Parameter "cid: str">}. You can import the `Context` like this: `from flwr.app import Context`[32m [repeated 4x across cluster][0m
[36m(ClientAppActor pid=66447)[0m             This is a deprecated feature. It will be removed[32m [repeated 4x across cluster][0m
[36m(ClientAppActor pid=66447)[0m             entirely in future versions of Flower.[32m [repeated 4x across cluster][0m
[36m(ClientAppActor pid=66447)[0m 
[36m(ClientAppActor pid=66447)[0m         
[36m(ClientAppActor pid=66464)[0m 
[36m(ClientAppActor pid=66464)[0m         
[36m(ClientAppActor pid=66464)[0m 
[36m(ClientAppActor pid=66464)[0m         
[92mINFO [0m:      aggregate_fit: received 10 results and 0 failures
INFO:flwr:aggregate_fit: received 10 results and 0 failures
[CascadeRouter] Round 12: 10 clients, 24578 parameters/client
[92mINFO [0m:      configure_evaluate: strategy sampled 10 clients (out of 10)
INFO:flwr:configure_evaluate: strategy sampled 10 clients (out of 10)
[36m(ClientAppActor pid=66464)[0m 
[36m(ClientAppActor pid=66464)[0m         
[36m(ClientAppActor pid=66447)[0m 
[36m(ClientAppActor pid=66447)[0m         
[36m(ClientAppActor pid=66464)[0m 
[36m(ClientAppActor pid=66464)[0m         
[36m(ClientAppActor pid=66447)[0m 
[36m(ClientAppActor pid=66447)[0m         
[36m(ClientAppActor pid=66464)[0m 
[36m(ClientAppActor pid=66464)[0m         
[36m(ClientAppActor pid=66464)[0m [93mWARNING [0m:   DEPRECATED FEATURE: `client_fn` now expects a signature `def client_fn(context: Context)`.The provided `client_fn` has signature: {'cid': <Parameter "cid: str">}. You can import the `Context` like this: `from flwr.app import Context`[32m [repeated 8x across cluster][0m
[36m(ClientAppActor pid=66464)[0m             This is a deprecated feature. It will be removed[32m [repeated 8x across cluster][0m
[36m(ClientAppActor pid=66464)[0m             entirely in future versions of Flower.[32m [repeated 8x across cluster][0m
[36m(ClientAppActor pid=66447)[0m 
[36m(ClientAppActor pid=66447)[0m         
[36m(ClientAppActor pid=66464)[0m 
[36m(ClientAppActor pid=66464)[0m         
[36m(ClientAppActor pid=66447)[0m 
[36m(ClientAppActor pid=66447)[0m         
[36m(ClientAppActor pid=66464)[0m 
[36m(ClientAppActor pid=66464)[0m         
[36m(ClientAppActor pid=66447)[0m 
[36m(ClientAppActor pid=66447)[0m         
[92mINFO [0m:      aggregate_evaluate: received 10 results and 0 failures
INFO:flwr:aggregate_evaluate: received 10 results and 0 failures
[92mINFO [0m:      
INFO:flwr:
[92mINFO [0m:      [ROUND 13]
INFO:flwr:[ROUND 13]
[92mINFO [0m:      configure_fit: strategy sampled 10 clients (out of 10)
INFO:flwr:configure_fit: strategy sampled 10 clients (out of 10)
[36m(ClientAppActor pid=66447)[0m [Client 0] Training on NVIDIA GeForce RTX 3060[32m [repeated 4x across cluster][0m
[36m(ClientAppActor pid=66447)[0m 
[36m(ClientAppActor pid=66447)[0m         
[36m(ClientAppActor pid=66464)[0m 
[36m(ClientAppActor pid=66464)[0m         
[36m(ClientAppActor pid=66447)[0m 
[36m(ClientAppActor pid=66447)[0m         
[36m(ClientAppActor pid=66464)[0m 
[36m(ClientAppActor pid=66464)[0m         
[36m(ClientAppActor pid=66464)[0m 
[36m(ClientAppActor pid=66464)[0m         
[36m(ClientAppActor pid=66464)[0m [93mWARNING [0m:   DEPRECATED FEATURE: `client_fn` now expects a signature `def client_fn(context: Context)`.The provided `client_fn` has signature: {'cid': <Parameter "cid: str">}. You can import the `Context` like this: `from flwr.app import Context`[32m [repeated 10x across cluster][0m
[36m(ClientAppActor pid=66464)[0m             This is a deprecated feature. It will be removed[32m [repeated 10x across cluster][0m
[36m(ClientAppActor pid=66464)[0m             entirely in future versions of Flower.[32m [repeated 10x across cluster][0m
[36m(ClientAppActor pid=66464)[0m [Client 7] Training on NVIDIA GeForce RTX 3060[32m [repeated 4x across cluster][0m
[36m(ClientAppActor pid=66447)[0m 
[36m(ClientAppActor pid=66447)[0m         
[36m(ClientAppActor pid=66447)[0m 
[36m(ClientAppActor pid=66447)[0m         
[36m(ClientAppActor pid=66447)[0m 
[36m(ClientAppActor pid=66447)[0m         
[36m(ClientAppActor pid=66447)[0m 
[36m(ClientAppActor pid=66447)[0m         
[36m(ClientAppActor pid=66447)[0m 
[36m(ClientAppActor pid=66447)[0m         
[92mINFO [0m:      aggregate_fit: received 10 results and 0 failures
INFO:flwr:aggregate_fit: received 10 results and 0 failures
[CascadeRouter] Round 13: 10 clients, 24578 parameters/client
[92mINFO [0m:      configure_evaluate: strategy sampled 10 clients (out of 10)
INFO:flwr:configure_evaluate: strategy sampled 10 clients (out of 10)
[36m(ClientAppActor pid=66464)[0m 
[36m(ClientAppActor pid=66464)[0m         
[36m(ClientAppActor pid=66447)[0m 
[36m(ClientAppActor pid=66447)[0m         
[36m(ClientAppActor pid=66447)[0m 
[36m(ClientAppActor pid=66447)[0m         
[36m(ClientAppActor pid=66464)[0m 
[36m(ClientAppActor pid=66464)[0m         
[36m(ClientAppActor pid=66447)[0m 
[36m(ClientAppActor pid=66447)[0m         
[36m(ClientAppActor pid=66447)[0m [93mWARNING [0m:   DEPRECATED FEATURE: `client_fn` now expects a signature `def client_fn(context: Context)`.The provided `client_fn` has signature: {'cid': <Parameter "cid: str">}. You can import the `Context` like this: `from flwr.app import Context`[32m [repeated 10x across cluster][0m
[36m(ClientAppActor pid=66447)[0m             This is a deprecated feature. It will be removed[32m [repeated 10x across cluster][0m
[36m(ClientAppActor pid=66447)[0m             entirely in future versions of Flower.[32m [repeated 10x across cluster][0m
[36m(ClientAppActor pid=66464)[0m 
[36m(ClientAppActor pid=66464)[0m         
[36m(ClientAppActor pid=66447)[0m 
[36m(ClientAppActor pid=66447)[0m         
[36m(ClientAppActor pid=66464)[0m 
[36m(ClientAppActor pid=66464)[0m         
[36m(ClientAppActor pid=66464)[0m 
[36m(ClientAppActor pid=66464)[0m         
[36m(ClientAppActor pid=66447)[0m 
[36m(ClientAppActor pid=66447)[0m         
[92mINFO [0m:      aggregate_evaluate: received 10 results and 0 failures
INFO:flwr:aggregate_evaluate: received 10 results and 0 failures
[92mINFO [0m:      
INFO:flwr:
[92mINFO [0m:      [ROUND 14]
INFO:flwr:[ROUND 14]
[92mINFO [0m:      configure_fit: strategy sampled 10 clients (out of 10)
INFO:flwr:configure_fit: strategy sampled 10 clients (out of 10)
[36m(ClientAppActor pid=66464)[0m 
[36m(ClientAppActor pid=66464)[0m         
[36m(ClientAppActor pid=66464)[0m [Client 9] Training on NVIDIA GeForce RTX 3060[32m [repeated 6x across cluster][0m
[36m(ClientAppActor pid=66447)[0m 
[36m(ClientAppActor pid=66447)[0m         
[36m(ClientAppActor pid=66464)[0m 
[36m(ClientAppActor pid=66464)[0m         
[36m(ClientAppActor pid=66447)[0m 
[36m(ClientAppActor pid=66447)[0m         
[36m(ClientAppActor pid=66447)[0m [93mWARNING [0m:   DEPRECATED FEATURE: `client_fn` now expects a signature `def client_fn(context: Context)`.The provided `client_fn` has signature: {'cid': <Parameter "cid: str">}. You can import the `Context` like this: `from flwr.app import Context`[32m [repeated 9x across cluster][0m
[36m(ClientAppActor pid=66447)[0m             This is a deprecated feature. It will be removed[32m [repeated 9x across cluster][0m
[36m(ClientAppActor pid=66447)[0m             entirely in future versions of Flower.[32m [repeated 9x across cluster][0m
[36m(ClientAppActor pid=66447)[0m 
[36m(ClientAppActor pid=66447)[0m         
[36m(ClientAppActor pid=66447)[0m [Client 0] Training on NVIDIA GeForce RTX 3060[32m [repeated 5x across cluster][0m
[36m(ClientAppActor pid=66447)[0m 
[36m(ClientAppActor pid=66447)[0m         
[36m(ClientAppActor pid=66447)[0m 
[36m(ClientAppActor pid=66447)[0m         
[36m(ClientAppActor pid=66464)[0m 
[36m(ClientAppActor pid=66464)[0m         
[36m(ClientAppActor pid=66464)[0m 
[36m(ClientAppActor pid=66464)[0m         
[36m(ClientAppActor pid=66447)[0m 
[36m(ClientAppActor pid=66447)[0m         
[36m(ClientAppActor pid=66447)[0m [93mWARNING [0m:   DEPRECATED FEATURE: `client_fn` now expects a signature `def client_fn(context: Context)`.The provided `client_fn` has signature: {'cid': <Parameter "cid: str">}. You can import the `Context` like this: `from flwr.app import Context`[32m [repeated 6x across cluster][0m
[36m(ClientAppActor pid=66447)[0m             This is a deprecated feature. It will be removed[32m [repeated 6x across cluster][0m
[36m(ClientAppActor pid=66447)[0m             entirely in future versions of Flower.[32m [repeated 6x across cluster][0m
[92mINFO [0m:      aggregate_fit: received 10 results and 0 failures
INFO:flwr:aggregate_fit: received 10 results and 0 failures
[CascadeRouter] Round 14: 10 clients, 24578 parameters/client
[92mINFO [0m:      configure_evaluate: strategy sampled 10 clients (out of 10)
INFO:flwr:configure_evaluate: strategy sampled 10 clients (out of 10)
[36m(ClientAppActor pid=66464)[0m 
[36m(ClientAppActor pid=66464)[0m         
[36m(ClientAppActor pid=66447)[0m 
[36m(ClientAppActor pid=66447)[0m         
[36m(ClientAppActor pid=66464)[0m 
[36m(ClientAppActor pid=66464)[0m         
[36m(ClientAppActor pid=66447)[0m 
[36m(ClientAppActor pid=66447)[0m         
[36m(ClientAppActor pid=66447)[0m 
[36m(ClientAppActor pid=66447)[0m         
[36m(ClientAppActor pid=66464)[0m 
[36m(ClientAppActor pid=66464)[0m         
[36m(ClientAppActor pid=66464)[0m 
[36m(ClientAppActor pid=66464)[0m         
[36m(ClientAppActor pid=66447)[0m 
[36m(ClientAppActor pid=66447)[0m         
[36m(ClientAppActor pid=66447)[0m 
[36m(ClientAppActor pid=66447)[0m         
[36m(ClientAppActor pid=66464)[0m 
[36m(ClientAppActor pid=66464)[0m         
[92mINFO [0m:      aggregate_evaluate: received 10 results and 0 failures
INFO:flwr:aggregate_evaluate: received 10 results and 0 failures
[92mINFO [0m:      
INFO:flwr:
[92mINFO [0m:      [ROUND 15]
INFO:flwr:[ROUND 15]
[92mINFO [0m:      configure_fit: strategy sampled 10 clients (out of 10)
INFO:flwr:configure_fit: strategy sampled 10 clients (out of 10)
[36m(ClientAppActor pid=66464)[0m 
[36m(ClientAppActor pid=66464)[0m         
[36m(ClientAppActor pid=66464)[0m [Client 9] Training on NVIDIA GeForce RTX 3060[32m [repeated 5x across cluster][0m
[36m(ClientAppActor pid=66447)[0m 
[36m(ClientAppActor pid=66447)[0m         
[36m(ClientAppActor pid=66464)[0m 
[36m(ClientAppActor pid=66464)[0m         
[36m(ClientAppActor pid=66464)[0m 
[36m(ClientAppActor pid=66464)[0m         
[36m(ClientAppActor pid=66464)[0m 
[36m(ClientAppActor pid=66464)[0m         
[36m(ClientAppActor pid=66464)[0m 
[36m(ClientAppActor pid=66464)[0m         
[36m(ClientAppActor pid=66464)[0m [93mWARNING [0m:   DEPRECATED FEATURE: `client_fn` now expects a signature `def client_fn(context: Context)`.The provided `client_fn` has signature: {'cid': <Parameter "cid: str">}. You can import the `Context` like this: `from flwr.app import Context`[32m [repeated 16x across cluster][0m
[36m(ClientAppActor pid=66464)[0m             This is a deprecated feature. It will be removed[32m [repeated 16x across cluster][0m
[36m(ClientAppActor pid=66464)[0m             entirely in future versions of Flower.[32m [repeated 16x across cluster][0m
[36m(ClientAppActor pid=66447)[0m 
[36m(ClientAppActor pid=66447)[0m         
[36m(ClientAppActor pid=66464)[0m 
[36m(ClientAppActor pid=66464)[0m         
[36m(ClientAppActor pid=66464)[0m [Client 4] Training on NVIDIA GeForce RTX 3060[32m [repeated 7x across cluster][0m
[36m(ClientAppActor pid=66447)[0m 
[36m(ClientAppActor pid=66447)[0m         
[36m(ClientAppActor pid=66447)[0m 
[36m(ClientAppActor pid=66447)[0m         
[36m(ClientAppActor pid=66447)[0m [93mWARNING [0m:   DEPRECATED FEATURE: `client_fn` now expects a signature `def client_fn(context: Context)`.The provided `client_fn` has signature: {'cid': <Parameter "cid: str">}. You can import the `Context` like this: `from flwr.app import Context`[32m [repeated 4x across cluster][0m
[36m(ClientAppActor pid=66447)[0m             This is a deprecated feature. It will be removed[32m [repeated 4x across cluster][0m
[36m(ClientAppActor pid=66447)[0m             entirely in future versions of Flower.[32m [repeated 4x across cluster][0m
[36m(ClientAppActor pid=66447)[0m [Client 2] Training on NVIDIA GeForce RTX 3060[32m [repeated 2x across cluster][0m
[92mINFO [0m:      aggregate_fit: received 10 results and 0 failures
INFO:flwr:aggregate_fit: received 10 results and 0 failures
[CascadeRouter] Round 15: 10 clients, 24578 parameters/client
[92mINFO [0m:      configure_evaluate: strategy sampled 10 clients (out of 10)
INFO:flwr:configure_evaluate: strategy sampled 10 clients (out of 10)
[36m(ClientAppActor pid=66464)[0m 
[36m(ClientAppActor pid=66464)[0m         
[36m(ClientAppActor pid=66447)[0m 
[36m(ClientAppActor pid=66447)[0m         
[36m(ClientAppActor pid=66447)[0m 
[36m(ClientAppActor pid=66447)[0m         
[36m(ClientAppActor pid=66464)[0m 
[36m(ClientAppActor pid=66464)[0m         
[36m(ClientAppActor pid=66447)[0m 
[36m(ClientAppActor pid=66447)[0m         
[36m(ClientAppActor pid=66464)[0m 
[36m(ClientAppActor pid=66464)[0m         
[36m(ClientAppActor pid=66464)[0m 
[36m(ClientAppActor pid=66464)[0m         
[36m(ClientAppActor pid=66447)[0m 
[36m(ClientAppActor pid=66447)[0m         
[36m(ClientAppActor pid=66447)[0m 
[36m(ClientAppActor pid=66447)[0m         
[36m(ClientAppActor pid=66464)[0m 
[36m(ClientAppActor pid=66464)[0m         
[92mINFO [0m:      aggregate_evaluate: received 10 results and 0 failures
INFO:flwr:aggregate_evaluate: received 10 results and 0 failures
[92mINFO [0m:      
INFO:flwr:
[92mINFO [0m:      [ROUND 16]
INFO:flwr:[ROUND 16]
[92mINFO [0m:      configure_fit: strategy sampled 10 clients (out of 10)
INFO:flwr:configure_fit: strategy sampled 10 clients (out of 10)
[36m(ClientAppActor pid=66464)[0m 
[36m(ClientAppActor pid=66464)[0m         
[36m(ClientAppActor pid=66447)[0m 
[36m(ClientAppActor pid=66447)[0m         
[36m(ClientAppActor pid=66464)[0m 
[36m(ClientAppActor pid=66464)[0m         
[36m(ClientAppActor pid=66464)[0m 
[36m(ClientAppActor pid=66464)[0m         
[36m(ClientAppActor pid=66464)[0m [93mWARNING [0m:   DEPRECATED FEATURE: `client_fn` now expects a signature `def client_fn(context: Context)`.The provided `client_fn` has signature: {'cid': <Parameter "cid: str">}. You can import the `Context` like this: `from flwr.app import Context`[32m [repeated 14x across cluster][0m
[36m(ClientAppActor pid=66464)[0m             This is a deprecated feature. It will be removed[32m [repeated 14x across cluster][0m
[36m(ClientAppActor pid=66464)[0m             entirely in future versions of Flower.[32m [repeated 14x across cluster][0m
[36m(ClientAppActor pid=66464)[0m [Client 1] Training on NVIDIA GeForce RTX 3060[32m [repeated 4x across cluster][0m
[36m(ClientAppActor pid=66447)[0m 
[36m(ClientAppActor pid=66447)[0m         
[36m(ClientAppActor pid=66464)[0m 
[36m(ClientAppActor pid=66464)[0m         
[36m(ClientAppActor pid=66464)[0m 
[36m(ClientAppActor pid=66464)[0m         
[36m(ClientAppActor pid=66464)[0m 
[36m(ClientAppActor pid=66464)[0m         
[36m(ClientAppActor pid=66447)[0m 
[36m(ClientAppActor pid=66447)[0m         
[36m(ClientAppActor pid=66447)[0m [Client 9] Training on NVIDIA GeForce RTX 3060[32m [repeated 6x across cluster][0m
[36m(ClientAppActor pid=66447)[0m 
[36m(ClientAppActor pid=66447)[0m         
[36m(ClientAppActor pid=66447)[0m [93mWARNING [0m:   DEPRECATED FEATURE: `client_fn` now expects a signature `def client_fn(context: Context)`.The provided `client_fn` has signature: {'cid': <Parameter "cid: str">}. You can import the `Context` like this: `from flwr.app import Context`[32m [repeated 6x across cluster][0m
[36m(ClientAppActor pid=66447)[0m             This is a deprecated feature. It will be removed[32m [repeated 6x across cluster][0m
[36m(ClientAppActor pid=66447)[0m             entirely in future versions of Flower.[32m [repeated 6x across cluster][0m
[92mINFO [0m:      aggregate_fit: received 10 results and 0 failures
INFO:flwr:aggregate_fit: received 10 results and 0 failures
[CascadeRouter] Round 16: 10 clients, 24578 parameters/client
[92mINFO [0m:      configure_evaluate: strategy sampled 10 clients (out of 10)
INFO:flwr:configure_evaluate: strategy sampled 10 clients (out of 10)
[36m(ClientAppActor pid=66464)[0m 
[36m(ClientAppActor pid=66464)[0m         
[36m(ClientAppActor pid=66447)[0m 
[36m(ClientAppActor pid=66447)[0m         
[36m(ClientAppActor pid=66464)[0m 
[36m(ClientAppActor pid=66464)[0m         
[36m(ClientAppActor pid=66447)[0m 
[36m(ClientAppActor pid=66447)[0m         
[36m(ClientAppActor pid=66464)[0m 
[36m(ClientAppActor pid=66464)[0m         
[36m(ClientAppActor pid=66447)[0m 
[36m(ClientAppActor pid=66447)[0m         
[36m(ClientAppActor pid=66464)[0m 
[36m(ClientAppActor pid=66464)[0m         
[36m(ClientAppActor pid=66447)[0m 
[36m(ClientAppActor pid=66447)[0m         
[36m(ClientAppActor pid=66464)[0m 
[36m(ClientAppActor pid=66464)[0m         
[36m(ClientAppActor pid=66447)[0m 
[36m(ClientAppActor pid=66447)[0m         
[92mINFO [0m:      aggregate_evaluate: received 10 results and 0 failures
INFO:flwr:aggregate_evaluate: received 10 results and 0 failures
[92mINFO [0m:      
INFO:flwr:
[92mINFO [0m:      [ROUND 17]
INFO:flwr:[ROUND 17]
[92mINFO [0m:      configure_fit: strategy sampled 10 clients (out of 10)
INFO:flwr:configure_fit: strategy sampled 10 clients (out of 10)
[36m(ClientAppActor pid=66464)[0m 
[36m(ClientAppActor pid=66464)[0m         
[36m(ClientAppActor pid=66447)[0m 
[36m(ClientAppActor pid=66447)[0m         
[36m(ClientAppActor pid=66447)[0m 
[36m(ClientAppActor pid=66447)[0m         
[36m(ClientAppActor pid=66447)[0m 
[36m(ClientAppActor pid=66447)[0m         
[36m(ClientAppActor pid=66447)[0m 
[36m(ClientAppActor pid=66447)[0m         
[36m(ClientAppActor pid=66447)[0m [Client 5] Training on NVIDIA GeForce RTX 3060[32m [repeated 6x across cluster][0m
[36m(ClientAppActor pid=66447)[0m 
[36m(ClientAppActor pid=66447)[0m         
[36m(ClientAppActor pid=66447)[0m [93mWARNING [0m:   DEPRECATED FEATURE: `client_fn` now expects a signature `def client_fn(context: Context)`.The provided `client_fn` has signature: {'cid': <Parameter "cid: str">}. You can import the `Context` like this: `from flwr.app import Context`[32m [repeated 16x across cluster][0m
[36m(ClientAppActor pid=66447)[0m             This is a deprecated feature. It will be removed[32m [repeated 16x across cluster][0m
[36m(ClientAppActor pid=66447)[0m             entirely in future versions of Flower.[32m [repeated 16x across cluster][0m
[36m(ClientAppActor pid=66464)[0m 
[36m(ClientAppActor pid=66464)[0m         
[36m(ClientAppActor pid=66464)[0m 
[36m(ClientAppActor pid=66464)[0m         
[36m(ClientAppActor pid=66447)[0m 
[36m(ClientAppActor pid=66447)[0m         
[36m(ClientAppActor pid=66447)[0m 
[36m(ClientAppActor pid=66447)[0m         
[92mINFO [0m:      aggregate_fit: received 10 results and 0 failures
INFO:flwr:aggregate_fit: received 10 results and 0 failures
[CascadeRouter] Round 17: 10 clients, 24578 parameters/client
[92mINFO [0m:      configure_evaluate: strategy sampled 10 clients (out of 10)
INFO:flwr:configure_evaluate: strategy sampled 10 clients (out of 10)
[36m(ClientAppActor pid=66464)[0m 
[36m(ClientAppActor pid=66464)[0m         
[36m(ClientAppActor pid=66464)[0m [93mWARNING [0m:   DEPRECATED FEATURE: `client_fn` now expects a signature `def client_fn(context: Context)`.The provided `client_fn` has signature: {'cid': <Parameter "cid: str">}. You can import the `Context` like this: `from flwr.app import Context`[32m [repeated 5x across cluster][0m
[36m(ClientAppActor pid=66464)[0m             This is a deprecated feature. It will be removed[32m [repeated 5x across cluster][0m
[36m(ClientAppActor pid=66464)[0m             entirely in future versions of Flower.[32m [repeated 5x across cluster][0m
[36m(ClientAppActor pid=66447)[0m 
[36m(ClientAppActor pid=66447)[0m         
[36m(ClientAppActor pid=66447)[0m 
[36m(ClientAppActor pid=66447)[0m         
[36m(ClientAppActor pid=66464)[0m 
[36m(ClientAppActor pid=66464)[0m         
[36m(ClientAppActor pid=66447)[0m 
[36m(ClientAppActor pid=66447)[0m         
[36m(ClientAppActor pid=66464)[0m 
[36m(ClientAppActor pid=66464)[0m         
[36m(ClientAppActor pid=66447)[0m 
[36m(ClientAppActor pid=66447)[0m         
[36m(ClientAppActor pid=66464)[0m 
[36m(ClientAppActor pid=66464)[0m         
[36m(ClientAppActor pid=66464)[0m 
[36m(ClientAppActor pid=66464)[0m         
[36m(ClientAppActor pid=66447)[0m 
[36m(ClientAppActor pid=66447)[0m         
[92mINFO [0m:      aggregate_evaluate: received 10 results and 0 failures
INFO:flwr:aggregate_evaluate: received 10 results and 0 failures
[92mINFO [0m:      
INFO:flwr:
[92mINFO [0m:      [ROUND 18]
INFO:flwr:[ROUND 18]
[92mINFO [0m:      configure_fit: strategy sampled 10 clients (out of 10)
INFO:flwr:configure_fit: strategy sampled 10 clients (out of 10)
[36m(ClientAppActor pid=66464)[0m 
[36m(ClientAppActor pid=66464)[0m         
[36m(ClientAppActor pid=66464)[0m [Client 8] Training on NVIDIA GeForce RTX 3060[32m [repeated 5x across cluster][0m
[36m(ClientAppActor pid=66447)[0m 
[36m(ClientAppActor pid=66447)[0m         
[36m(ClientAppActor pid=66447)[0m 
[36m(ClientAppActor pid=66447)[0m         
[36m(ClientAppActor pid=66447)[0m 
[36m(ClientAppActor pid=66447)[0m         
[36m(ClientAppActor pid=66464)[0m 
[36m(ClientAppActor pid=66464)[0m         
[36m(ClientAppActor pid=66464)[0m 
[36m(ClientAppActor pid=66464)[0m         
[36m(ClientAppActor pid=66464)[0m 
[36m(ClientAppActor pid=66464)[0m         
[36m(ClientAppActor pid=66447)[0m 
[36m(ClientAppActor pid=66447)[0m         
[36m(ClientAppActor pid=66447)[0m [93mWARNING [0m:   DEPRECATED FEATURE: `client_fn` now expects a signature `def client_fn(context: Context)`.The provided `client_fn` has signature: {'cid': <Parameter "cid: str">}. You can import the `Context` like this: `from flwr.app import Context`[32m [repeated 17x across cluster][0m
[36m(ClientAppActor pid=66447)[0m             This is a deprecated feature. It will be removed[32m [repeated 17x across cluster][0m
[36m(ClientAppActor pid=66447)[0m             entirely in future versions of Flower.[32m [repeated 17x across cluster][0m
[36m(ClientAppActor pid=66447)[0m [Client 5] Training on NVIDIA GeForce RTX 3060[32m [repeated 7x across cluster][0m
[36m(ClientAppActor pid=66464)[0m 
[36m(ClientAppActor pid=66464)[0m         
[36m(ClientAppActor pid=66447)[0m 
[36m(ClientAppActor pid=66447)[0m         
[92mINFO [0m:      aggregate_fit: received 10 results and 0 failures
INFO:flwr:aggregate_fit: received 10 results and 0 failures
[CascadeRouter] Round 18: 10 clients, 24578 parameters/client
[92mINFO [0m:      configure_evaluate: strategy sampled 10 clients (out of 10)
INFO:flwr:configure_evaluate: strategy sampled 10 clients (out of 10)
[36m(ClientAppActor pid=66464)[0m 
[36m(ClientAppActor pid=66464)[0m         
[36m(ClientAppActor pid=66464)[0m [93mWARNING [0m:   DEPRECATED FEATURE: `client_fn` now expects a signature `def client_fn(context: Context)`.The provided `client_fn` has signature: {'cid': <Parameter "cid: str">}. You can import the `Context` like this: `from flwr.app import Context`[32m [repeated 3x across cluster][0m
[36m(ClientAppActor pid=66464)[0m             This is a deprecated feature. It will be removed[32m [repeated 3x across cluster][0m
[36m(ClientAppActor pid=66464)[0m             entirely in future versions of Flower.[32m [repeated 3x across cluster][0m
[36m(ClientAppActor pid=66447)[0m 
[36m(ClientAppActor pid=66447)[0m         
[36m(ClientAppActor pid=66447)[0m 
[36m(ClientAppActor pid=66447)[0m         
[36m(ClientAppActor pid=66464)[0m 
[36m(ClientAppActor pid=66464)[0m         
[36m(ClientAppActor pid=66447)[0m 
[36m(ClientAppActor pid=66447)[0m         
[36m(ClientAppActor pid=66464)[0m 
[36m(ClientAppActor pid=66464)[0m         
[36m(ClientAppActor pid=66464)[0m 
[36m(ClientAppActor pid=66464)[0m         
[36m(ClientAppActor pid=66447)[0m 
[36m(ClientAppActor pid=66447)[0m         
[36m(ClientAppActor pid=66447)[0m 
[36m(ClientAppActor pid=66447)[0m         
[36m(ClientAppActor pid=66464)[0m 
[36m(ClientAppActor pid=66464)[0m         
[92mINFO [0m:      aggregate_evaluate: received 10 results and 0 failures
INFO:flwr:aggregate_evaluate: received 10 results and 0 failures
[92mINFO [0m:      
INFO:flwr:
[92mINFO [0m:      [ROUND 19]
INFO:flwr:[ROUND 19]
[92mINFO [0m:      configure_fit: strategy sampled 10 clients (out of 10)
INFO:flwr:configure_fit: strategy sampled 10 clients (out of 10)
[36m(ClientAppActor pid=66464)[0m 
[36m(ClientAppActor pid=66464)[0m         
[36m(ClientAppActor pid=66464)[0m [Client 7] Training on NVIDIA GeForce RTX 3060[32m [repeated 3x across cluster][0m
[36m(ClientAppActor pid=66447)[0m 
[36m(ClientAppActor pid=66447)[0m         
[36m(ClientAppActor pid=66447)[0m 
[36m(ClientAppActor pid=66447)[0m         
[36m(ClientAppActor pid=66447)[0m 
[36m(ClientAppActor pid=66447)[0m         
[36m(ClientAppActor pid=66464)[0m 
[36m(ClientAppActor pid=66464)[0m         
[36m(ClientAppActor pid=66464)[0m [93mWARNING [0m:   DEPRECATED FEATURE: `client_fn` now expects a signature `def client_fn(context: Context)`.The provided `client_fn` has signature: {'cid': <Parameter "cid: str">}. You can import the `Context` like this: `from flwr.app import Context`[32m [repeated 14x across cluster][0m
[36m(ClientAppActor pid=66464)[0m             This is a deprecated feature. It will be removed[32m [repeated 14x across cluster][0m
[36m(ClientAppActor pid=66464)[0m             entirely in future versions of Flower.[32m [repeated 14x across cluster][0m
[36m(ClientAppActor pid=66464)[0m 
[36m(ClientAppActor pid=66464)[0m         
[36m(ClientAppActor pid=66447)[0m 
[36m(ClientAppActor pid=66447)[0m         
[36m(ClientAppActor pid=66447)[0m [Client 2] Training on NVIDIA GeForce RTX 3060[32m [repeated 7x across cluster][0m
[36m(ClientAppActor pid=66447)[0m 
[36m(ClientAppActor pid=66447)[0m         
[36m(ClientAppActor pid=66447)[0m 
[36m(ClientAppActor pid=66447)[0m         
[36m(ClientAppActor pid=66464)[0m 
[36m(ClientAppActor pid=66464)[0m         
[36m(ClientAppActor pid=66464)[0m [93mWARNING [0m:   DEPRECATED FEATURE: `client_fn` now expects a signature `def client_fn(context: Context)`.The provided `client_fn` has signature: {'cid': <Parameter "cid: str">}. You can import the `Context` like this: `from flwr.app import Context`[32m [repeated 5x across cluster][0m
[36m(ClientAppActor pid=66464)[0m             This is a deprecated feature. It will be removed[32m [repeated 5x across cluster][0m
[36m(ClientAppActor pid=66464)[0m             entirely in future versions of Flower.[32m [repeated 5x across cluster][0m
[92mINFO [0m:      aggregate_fit: received 10 results and 0 failures
INFO:flwr:aggregate_fit: received 10 results and 0 failures
[CascadeRouter] Round 19: 10 clients, 24578 parameters/client
[92mINFO [0m:      configure_evaluate: strategy sampled 10 clients (out of 10)
INFO:flwr:configure_evaluate: strategy sampled 10 clients (out of 10)
[36m(ClientAppActor pid=66447)[0m 
[36m(ClientAppActor pid=66447)[0m         
[36m(ClientAppActor pid=66464)[0m 
[36m(ClientAppActor pid=66464)[0m         
[36m(ClientAppActor pid=66447)[0m 
[36m(ClientAppActor pid=66447)[0m         
[36m(ClientAppActor pid=66464)[0m 
[36m(ClientAppActor pid=66464)[0m         
[36m(ClientAppActor pid=66447)[0m 
[36m(ClientAppActor pid=66447)[0m         
[36m(ClientAppActor pid=66464)[0m 
[36m(ClientAppActor pid=66464)[0m         
[36m(ClientAppActor pid=66447)[0m 
[36m(ClientAppActor pid=66447)[0m         
[36m(ClientAppActor pid=66464)[0m 
[36m(ClientAppActor pid=66464)[0m         
[36m(ClientAppActor pid=66447)[0m 
[36m(ClientAppActor pid=66447)[0m         
[36m(ClientAppActor pid=66464)[0m 
[36m(ClientAppActor pid=66464)[0m         
[92mINFO [0m:      aggregate_evaluate: received 10 results and 0 failures
INFO:flwr:aggregate_evaluate: received 10 results and 0 failures
[92mINFO [0m:      
INFO:flwr:
[92mINFO [0m:      [ROUND 20]
INFO:flwr:[ROUND 20]
[92mINFO [0m:      configure_fit: strategy sampled 10 clients (out of 10)
INFO:flwr:configure_fit: strategy sampled 10 clients (out of 10)
[36m(ClientAppActor pid=66464)[0m 
[36m(ClientAppActor pid=66464)[0m         
[36m(ClientAppActor pid=66464)[0m [Client 7] Training on NVIDIA GeForce RTX 3060[32m [repeated 3x across cluster][0m
[36m(ClientAppActor pid=66447)[0m 
[36m(ClientAppActor pid=66447)[0m         
[36m(ClientAppActor pid=66447)[0m 
[36m(ClientAppActor pid=66447)[0m         
[36m(ClientAppActor pid=66464)[0m 
[36m(ClientAppActor pid=66464)[0m         
[36m(ClientAppActor pid=66464)[0m [93mWARNING [0m:   DEPRECATED FEATURE: `client_fn` now expects a signature `def client_fn(context: Context)`.The provided `client_fn` has signature: {'cid': <Parameter "cid: str">}. You can import the `Context` like this: `from flwr.app import Context`[32m [repeated 14x across cluster][0m
[36m(ClientAppActor pid=66464)[0m             This is a deprecated feature. It will be removed[32m [repeated 14x across cluster][0m
[36m(ClientAppActor pid=66464)[0m             entirely in future versions of Flower.[32m [repeated 14x across cluster][0m
[36m(ClientAppActor pid=66447)[0m [Client 6] Training on NVIDIA GeForce RTX 3060[32m [repeated 4x across cluster][0m
[36m(ClientAppActor pid=66447)[0m 
[36m(ClientAppActor pid=66447)[0m         
[36m(ClientAppActor pid=66447)[0m 
[36m(ClientAppActor pid=66447)[0m         
[36m(ClientAppActor pid=66447)[0m 
[36m(ClientAppActor pid=66447)[0m         
[36m(ClientAppActor pid=66464)[0m 
[36m(ClientAppActor pid=66464)[0m         
[36m(ClientAppActor pid=66464)[0m [93mWARNING [0m:   DEPRECATED FEATURE: `client_fn` now expects a signature `def client_fn(context: Context)`.The provided `client_fn` has signature: {'cid': <Parameter "cid: str">}. You can import the `Context` like this: `from flwr.app import Context`[32m [repeated 4x across cluster][0m
[36m(ClientAppActor pid=66464)[0m             This is a deprecated feature. It will be removed[32m [repeated 4x across cluster][0m
[36m(ClientAppActor pid=66464)[0m             entirely in future versions of Flower.[32m [repeated 4x across cluster][0m
[36m(ClientAppActor pid=66464)[0m 
[36m(ClientAppActor pid=66464)[0m         
[36m(ClientAppActor pid=66447)[0m [Client 0] Training on NVIDIA GeForce RTX 3060[32m [repeated 5x across cluster][0m
[36m(ClientAppActor pid=66447)[0m 
[36m(ClientAppActor pid=66447)[0m         
[92mINFO [0m:      aggregate_fit: received 10 results and 0 failures
INFO:flwr:aggregate_fit: received 10 results and 0 failures
[CascadeRouter] Round 20: 10 clients, 24578 parameters/client
[92mINFO [0m:      configure_evaluate: strategy sampled 10 clients (out of 10)
INFO:flwr:configure_evaluate: strategy sampled 10 clients (out of 10)
[36m(ClientAppActor pid=66464)[0m 
[36m(ClientAppActor pid=66464)[0m         
[36m(ClientAppActor pid=66447)[0m 
[36m(ClientAppActor pid=66447)[0m         
[36m(ClientAppActor pid=66447)[0m 
[36m(ClientAppActor pid=66447)[0m         
[36m(ClientAppActor pid=66464)[0m 
[36m(ClientAppActor pid=66464)[0m         
[36m(ClientAppActor pid=66447)[0m 
[36m(ClientAppActor pid=66447)[0m         
[36m(ClientAppActor pid=66464)[0m 
[36m(ClientAppActor pid=66464)[0m         
[36m(ClientAppActor pid=66464)[0m 
[36m(ClientAppActor pid=66464)[0m         
[36m(ClientAppActor pid=66447)[0m 
[36m(ClientAppActor pid=66447)[0m         
[36m(ClientAppActor pid=66447)[0m 
[36m(ClientAppActor pid=66447)[0m         
[36m(ClientAppActor pid=66464)[0m 
[36m(ClientAppActor pid=66464)[0m         
[92mINFO [0m:      aggregate_evaluate: received 10 results and 0 failures
INFO:flwr:aggregate_evaluate: received 10 results and 0 failures
[92mINFO [0m:      
INFO:flwr:
[92mINFO [0m:      [ROUND 21]
INFO:flwr:[ROUND 21]
[92mINFO [0m:      configure_fit: strategy sampled 10 clients (out of 10)
INFO:flwr:configure_fit: strategy sampled 10 clients (out of 10)
[36m(ClientAppActor pid=66464)[0m 
[36m(ClientAppActor pid=66464)[0m         
[36m(ClientAppActor pid=66447)[0m 
[36m(ClientAppActor pid=66447)[0m         
[36m(ClientAppActor pid=66464)[0m 
[36m(ClientAppActor pid=66464)[0m         
[36m(ClientAppActor pid=66447)[0m [Client 9] Training on NVIDIA GeForce RTX 3060[32m [repeated 4x across cluster][0m
[36m(ClientAppActor pid=66447)[0m 
[36m(ClientAppActor pid=66447)[0m         
[36m(ClientAppActor pid=66447)[0m [93mWARNING [0m:   DEPRECATED FEATURE: `client_fn` now expects a signature `def client_fn(context: Context)`.The provided `client_fn` has signature: {'cid': <Parameter "cid: str">}. You can import the `Context` like this: `from flwr.app import Context`[32m [repeated 16x across cluster][0m
[36m(ClientAppActor pid=66447)[0m             This is a deprecated feature. It will be removed[32m [repeated 16x across cluster][0m
[36m(ClientAppActor pid=66447)[0m             entirely in future versions of Flower.[32m [repeated 16x across cluster][0m
[36m(ClientAppActor pid=66464)[0m 
[36m(ClientAppActor pid=66464)[0m         
[36m(ClientAppActor pid=66447)[0m 
[36m(ClientAppActor pid=66447)[0m         
[36m(ClientAppActor pid=66447)[0m 
[36m(ClientAppActor pid=66447)[0m         
[36m(ClientAppActor pid=66464)[0m 
[36m(ClientAppActor pid=66464)[0m         
[36m(ClientAppActor pid=66447)[0m 
[36m(ClientAppActor pid=66447)[0m         
[36m(ClientAppActor pid=66447)[0m 
[36m(ClientAppActor pid=66447)[0m         
[92mINFO [0m:      aggregate_fit: received 10 results and 0 failures
INFO:flwr:aggregate_fit: received 10 results and 0 failures
[CascadeRouter] Round 21: 10 clients, 24578 parameters/client
[92mINFO [0m:      configure_evaluate: strategy sampled 10 clients (out of 10)
INFO:flwr:configure_evaluate: strategy sampled 10 clients (out of 10)
[36m(ClientAppActor pid=66464)[0m 
[36m(ClientAppActor pid=66464)[0m         
[36m(ClientAppActor pid=66464)[0m [93mWARNING [0m:   DEPRECATED FEATURE: `client_fn` now expects a signature `def client_fn(context: Context)`.The provided `client_fn` has signature: {'cid': <Parameter "cid: str">}. You can import the `Context` like this: `from flwr.app import Context`[32m [repeated 7x across cluster][0m
[36m(ClientAppActor pid=66464)[0m             This is a deprecated feature. It will be removed[32m [repeated 7x across cluster][0m
[36m(ClientAppActor pid=66464)[0m             entirely in future versions of Flower.[32m [repeated 7x across cluster][0m
[36m(ClientAppActor pid=66447)[0m 
[36m(ClientAppActor pid=66447)[0m         
[36m(ClientAppActor pid=66464)[0m 
[36m(ClientAppActor pid=66464)[0m         
[36m(ClientAppActor pid=66447)[0m 
[36m(ClientAppActor pid=66447)[0m         
[36m(ClientAppActor pid=66464)[0m 
[36m(ClientAppActor pid=66464)[0m         
[36m(ClientAppActor pid=66447)[0m 
[36m(ClientAppActor pid=66447)[0m         
[36m(ClientAppActor pid=66464)[0m 
[36m(ClientAppActor pid=66464)[0m         
[36m(ClientAppActor pid=66447)[0m 
[36m(ClientAppActor pid=66447)[0m         
[36m(ClientAppActor pid=66464)[0m 
[36m(ClientAppActor pid=66464)[0m         
[36m(ClientAppActor pid=66447)[0m 
[36m(ClientAppActor pid=66447)[0m         
[92mINFO [0m:      aggregate_evaluate: received 10 results and 0 failures
INFO:flwr:aggregate_evaluate: received 10 results and 0 failures
[92mINFO [0m:      
INFO:flwr:
[92mINFO [0m:      [ROUND 22]
INFO:flwr:[ROUND 22]
[92mINFO [0m:      configure_fit: strategy sampled 10 clients (out of 10)
INFO:flwr:configure_fit: strategy sampled 10 clients (out of 10)
[36m(ClientAppActor pid=66447)[0m [Client 1] Training on NVIDIA GeForce RTX 3060[32m [repeated 7x across cluster][0m
[36m(ClientAppActor pid=66447)[0m 
[36m(ClientAppActor pid=66447)[0m         
[36m(ClientAppActor pid=66464)[0m 
[36m(ClientAppActor pid=66464)[0m         
[36m(ClientAppActor pid=66447)[0m 
[36m(ClientAppActor pid=66447)[0m         
[36m(ClientAppActor pid=66464)[0m 
[36m(ClientAppActor pid=66464)[0m         
[36m(ClientAppActor pid=66447)[0m 
[36m(ClientAppActor pid=66447)[0m         
[36m(ClientAppActor pid=66447)[0m 
[36m(ClientAppActor pid=66447)[0m         
[36m(ClientAppActor pid=66447)[0m 
[36m(ClientAppActor pid=66447)[0m         
[36m(ClientAppActor pid=66447)[0m [93mWARNING [0m:   DEPRECATED FEATURE: `client_fn` now expects a signature `def client_fn(context: Context)`.The provided `client_fn` has signature: {'cid': <Parameter "cid: str">}. You can import the `Context` like this: `from flwr.app import Context`[32m [repeated 16x across cluster][0m
[36m(ClientAppActor pid=66447)[0m             This is a deprecated feature. It will be removed[32m [repeated 16x across cluster][0m
[36m(ClientAppActor pid=66447)[0m             entirely in future versions of Flower.[32m [repeated 16x across cluster][0m
[36m(ClientAppActor pid=66447)[0m 
[36m(ClientAppActor pid=66447)[0m         
[36m(ClientAppActor pid=66464)[0m 
[36m(ClientAppActor pid=66464)[0m         
[36m(ClientAppActor pid=66464)[0m [Client 7] Training on NVIDIA GeForce RTX 3060[32m [repeated 8x across cluster][0m
[36m(ClientAppActor pid=66447)[0m 
[36m(ClientAppActor pid=66447)[0m         
[92mINFO [0m:      aggregate_fit: received 10 results and 0 failures
INFO:flwr:aggregate_fit: received 10 results and 0 failures
[CascadeRouter] Round 22: 10 clients, 24578 parameters/client
[92mINFO [0m:      configure_evaluate: strategy sampled 10 clients (out of 10)
INFO:flwr:configure_evaluate: strategy sampled 10 clients (out of 10)
[36m(ClientAppActor pid=66447)[0m 
[36m(ClientAppActor pid=66447)[0m         
[36m(ClientAppActor pid=66447)[0m [93mWARNING [0m:   DEPRECATED FEATURE: `client_fn` now expects a signature `def client_fn(context: Context)`.The provided `client_fn` has signature: {'cid': <Parameter "cid: str">}. You can import the `Context` like this: `from flwr.app import Context`[32m [repeated 4x across cluster][0m
[36m(ClientAppActor pid=66447)[0m             This is a deprecated feature. It will be removed[32m [repeated 4x across cluster][0m
[36m(ClientAppActor pid=66447)[0m             entirely in future versions of Flower.[32m [repeated 4x across cluster][0m
[36m(ClientAppActor pid=66464)[0m 
[36m(ClientAppActor pid=66464)[0m         
[36m(ClientAppActor pid=66464)[0m 
[36m(ClientAppActor pid=66464)[0m         
[36m(ClientAppActor pid=66447)[0m 
[36m(ClientAppActor pid=66447)[0m         
[36m(ClientAppActor pid=66447)[0m 
[36m(ClientAppActor pid=66447)[0m         
[36m(ClientAppActor pid=66464)[0m 
[36m(ClientAppActor pid=66464)[0m         
[36m(ClientAppActor pid=66447)[0m 
[36m(ClientAppActor pid=66447)[0m         
[36m(ClientAppActor pid=66464)[0m 
[36m(ClientAppActor pid=66464)[0m         
[36m(ClientAppActor pid=66464)[0m 
[36m(ClientAppActor pid=66464)[0m         
[36m(ClientAppActor pid=66447)[0m 
[36m(ClientAppActor pid=66447)[0m         
[92mINFO [0m:      aggregate_evaluate: received 10 results and 0 failures
INFO:flwr:aggregate_evaluate: received 10 results and 0 failures
[92mINFO [0m:      
INFO:flwr:
[92mINFO [0m:      [ROUND 23]
INFO:flwr:[ROUND 23]
[92mINFO [0m:      configure_fit: strategy sampled 10 clients (out of 10)
INFO:flwr:configure_fit: strategy sampled 10 clients (out of 10)
[36m(ClientAppActor pid=66464)[0m 
[36m(ClientAppActor pid=66464)[0m         
[36m(ClientAppActor pid=66464)[0m [Client 2] Training on NVIDIA GeForce RTX 3060[32m [repeated 2x across cluster][0m
[36m(ClientAppActor pid=66447)[0m 
[36m(ClientAppActor pid=66447)[0m         
[36m(ClientAppActor pid=66464)[0m 
[36m(ClientAppActor pid=66464)[0m         
[36m(ClientAppActor pid=66447)[0m 
[36m(ClientAppActor pid=66447)[0m         
[36m(ClientAppActor pid=66464)[0m 
[36m(ClientAppActor pid=66464)[0m         
[36m(ClientAppActor pid=66464)[0m 
[36m(ClientAppActor pid=66464)[0m         
[36m(ClientAppActor pid=66464)[0m [93mWARNING [0m:   DEPRECATED FEATURE: `client_fn` now expects a signature `def client_fn(context: Context)`.The provided `client_fn` has signature: {'cid': <Parameter "cid: str">}. You can import the `Context` like this: `from flwr.app import Context`[32m [repeated 15x across cluster][0m
[36m(ClientAppActor pid=66464)[0m             This is a deprecated feature. It will be removed[32m [repeated 15x across cluster][0m
[36m(ClientAppActor pid=66464)[0m             entirely in future versions of Flower.[32m [repeated 15x across cluster][0m
[36m(ClientAppActor pid=66464)[0m 
[36m(ClientAppActor pid=66464)[0m         
[36m(ClientAppActor pid=66464)[0m [Client 3] Training on NVIDIA GeForce RTX 3060[32m [repeated 6x across cluster][0m
[36m(ClientAppActor pid=66464)[0m 
[36m(ClientAppActor pid=66464)[0m         
[36m(ClientAppActor pid=66447)[0m 
[36m(ClientAppActor pid=66447)[0m         
[36m(ClientAppActor pid=66464)[0m 
[36m(ClientAppActor pid=66464)[0m         
[36m(ClientAppActor pid=66464)[0m [93mWARNING [0m:   DEPRECATED FEATURE: `client_fn` now expects a signature `def client_fn(context: Context)`.The provided `client_fn` has signature: {'cid': <Parameter "cid: str">}. You can import the `Context` like this: `from flwr.app import Context`[32m [repeated 4x across cluster][0m
[36m(ClientAppActor pid=66464)[0m             This is a deprecated feature. It will be removed[32m [repeated 4x across cluster][0m
[36m(ClientAppActor pid=66464)[0m             entirely in future versions of Flower.[32m [repeated 4x across cluster][0m
[92mINFO [0m:      aggregate_fit: received 10 results and 0 failures
INFO:flwr:aggregate_fit: received 10 results and 0 failures
[CascadeRouter] Round 23: 10 clients, 24578 parameters/client
[92mINFO [0m:      configure_evaluate: strategy sampled 10 clients (out of 10)
INFO:flwr:configure_evaluate: strategy sampled 10 clients (out of 10)
[36m(ClientAppActor pid=66464)[0m 
[36m(ClientAppActor pid=66464)[0m         
[36m(ClientAppActor pid=66447)[0m 
[36m(ClientAppActor pid=66447)[0m         
[36m(ClientAppActor pid=66447)[0m 
[36m(ClientAppActor pid=66447)[0m         
[36m(ClientAppActor pid=66464)[0m 
[36m(ClientAppActor pid=66464)[0m         
[36m(ClientAppActor pid=66447)[0m 
[36m(ClientAppActor pid=66447)[0m         
[36m(ClientAppActor pid=66464)[0m 
[36m(ClientAppActor pid=66464)[0m         
[36m(ClientAppActor pid=66447)[0m 
[36m(ClientAppActor pid=66447)[0m         
[36m(ClientAppActor pid=66464)[0m 
[36m(ClientAppActor pid=66464)[0m         
[36m(ClientAppActor pid=66447)[0m 
[36m(ClientAppActor pid=66447)[0m         
[36m(ClientAppActor pid=66464)[0m 
[36m(ClientAppActor pid=66464)[0m         
[92mINFO [0m:      aggregate_evaluate: received 10 results and 0 failures
INFO:flwr:aggregate_evaluate: received 10 results and 0 failures
[92mINFO [0m:      
INFO:flwr:
[92mINFO [0m:      [ROUND 24]
INFO:flwr:[ROUND 24]
[92mINFO [0m:      configure_fit: strategy sampled 10 clients (out of 10)
INFO:flwr:configure_fit: strategy sampled 10 clients (out of 10)
[36m(ClientAppActor pid=66464)[0m 
[36m(ClientAppActor pid=66464)[0m         
[36m(ClientAppActor pid=66464)[0m [Client 9] Training on NVIDIA GeForce RTX 3060[32m [repeated 4x across cluster][0m
[36m(ClientAppActor pid=66447)[0m 
[36m(ClientAppActor pid=66447)[0m         
[36m(ClientAppActor pid=66464)[0m 
[36m(ClientAppActor pid=66464)[0m         
[36m(ClientAppActor pid=66464)[0m 
[36m(ClientAppActor pid=66464)[0m         
[36m(ClientAppActor pid=66464)[0m [93mWARNING [0m:   DEPRECATED FEATURE: `client_fn` now expects a signature `def client_fn(context: Context)`.The provided `client_fn` has signature: {'cid': <Parameter "cid: str">}. You can import the `Context` like this: `from flwr.app import Context`[32m [repeated 14x across cluster][0m
[36m(ClientAppActor pid=66464)[0m             This is a deprecated feature. It will be removed[32m [repeated 14x across cluster][0m
[36m(ClientAppActor pid=66464)[0m             entirely in future versions of Flower.[32m [repeated 14x across cluster][0m
[36m(ClientAppActor pid=66447)[0m 
[36m(ClientAppActor pid=66447)[0m         
[36m(ClientAppActor pid=66447)[0m [Client 3] Training on NVIDIA GeForce RTX 3060[32m [repeated 4x across cluster][0m
[36m(ClientAppActor pid=66447)[0m 
[36m(ClientAppActor pid=66447)[0m         
[36m(ClientAppActor pid=66447)[0m 
[36m(ClientAppActor pid=66447)[0m         
[36m(ClientAppActor pid=66464)[0m 
[36m(ClientAppActor pid=66464)[0m         
[36m(ClientAppActor pid=66464)[0m 
[36m(ClientAppActor pid=66464)[0m         
[36m(ClientAppActor pid=66464)[0m [93mWARNING [0m:   DEPRECATED FEATURE: `client_fn` now expects a signature `def client_fn(context: Context)`.The provided `client_fn` has signature: {'cid': <Parameter "cid: str">}. You can import the `Context` like this: `from flwr.app import Context`[32m [repeated 5x across cluster][0m
[36m(ClientAppActor pid=66464)[0m             This is a deprecated feature. It will be removed[32m [repeated 5x across cluster][0m
[36m(ClientAppActor pid=66464)[0m             entirely in future versions of Flower.[32m [repeated 5x across cluster][0m
[36m(ClientAppActor pid=66447)[0m 
[36m(ClientAppActor pid=66447)[0m         
[92mINFO [0m:      aggregate_fit: received 10 results and 0 failures
INFO:flwr:aggregate_fit: received 10 results and 0 failures
[CascadeRouter] Round 24: 10 clients, 24578 parameters/client
[92mINFO [0m:      configure_evaluate: strategy sampled 10 clients (out of 10)
INFO:flwr:configure_evaluate: strategy sampled 10 clients (out of 10)
[36m(ClientAppActor pid=66464)[0m 
[36m(ClientAppActor pid=66464)[0m         
[36m(ClientAppActor pid=66447)[0m 
[36m(ClientAppActor pid=66447)[0m         
[36m(ClientAppActor pid=66447)[0m 
[36m(ClientAppActor pid=66447)[0m         
[36m(ClientAppActor pid=66464)[0m 
[36m(ClientAppActor pid=66464)[0m         
[36m(ClientAppActor pid=66447)[0m 
[36m(ClientAppActor pid=66447)[0m         
[36m(ClientAppActor pid=66464)[0m 
[36m(ClientAppActor pid=66464)[0m         
[36m(ClientAppActor pid=66464)[0m 
[36m(ClientAppActor pid=66464)[0m         
[36m(ClientAppActor pid=66447)[0m 
[36m(ClientAppActor pid=66447)[0m         
[36m(ClientAppActor pid=66447)[0m 
[36m(ClientAppActor pid=66447)[0m         
[36m(ClientAppActor pid=66464)[0m 
[36m(ClientAppActor pid=66464)[0m         
[92mINFO [0m:      aggregate_evaluate: received 10 results and 0 failures
INFO:flwr:aggregate_evaluate: received 10 results and 0 failures
[92mINFO [0m:      
INFO:flwr:
[92mINFO [0m:      [ROUND 25]
INFO:flwr:[ROUND 25]
[92mINFO [0m:      configure_fit: strategy sampled 10 clients (out of 10)
INFO:flwr:configure_fit: strategy sampled 10 clients (out of 10)
[36m(ClientAppActor pid=66447)[0m [Client 1] Training on NVIDIA GeForce RTX 3060[32m [repeated 6x across cluster][0m
[36m(ClientAppActor pid=66447)[0m 
[36m(ClientAppActor pid=66447)[0m         
[36m(ClientAppActor pid=66464)[0m 
[36m(ClientAppActor pid=66464)[0m         
[36m(ClientAppActor pid=66464)[0m 
[36m(ClientAppActor pid=66464)[0m         
[36m(ClientAppActor pid=66447)[0m 
[36m(ClientAppActor pid=66447)[0m         
[36m(ClientAppActor pid=66447)[0m [93mWARNING [0m:   DEPRECATED FEATURE: `client_fn` now expects a signature `def client_fn(context: Context)`.The provided `client_fn` has signature: {'cid': <Parameter "cid: str">}. You can import the `Context` like this: `from flwr.app import Context`[32m [repeated 15x across cluster][0m
[36m(ClientAppActor pid=66447)[0m             This is a deprecated feature. It will be removed[32m [repeated 15x across cluster][0m
[36m(ClientAppActor pid=66447)[0m             entirely in future versions of Flower.[32m [repeated 15x across cluster][0m
[36m(ClientAppActor pid=66464)[0m 
[36m(ClientAppActor pid=66464)[0m         
[36m(ClientAppActor pid=66464)[0m 
[36m(ClientAppActor pid=66464)[0m         
[36m(ClientAppActor pid=66464)[0m 
[36m(ClientAppActor pid=66464)[0m         
[36m(ClientAppActor pid=66464)[0m [Client 6] Training on NVIDIA GeForce RTX 3060[32m [repeated 6x across cluster][0m
[36m(ClientAppActor pid=66447)[0m 
[36m(ClientAppActor pid=66447)[0m         
[36m(ClientAppActor pid=66447)[0m [93mWARNING [0m:   DEPRECATED FEATURE: `client_fn` now expects a signature `def client_fn(context: Context)`.The provided `client_fn` has signature: {'cid': <Parameter "cid: str">}. You can import the `Context` like this: `from flwr.app import Context`[32m [repeated 4x across cluster][0m
[36m(ClientAppActor pid=66447)[0m             This is a deprecated feature. It will be removed[32m [repeated 4x across cluster][0m
[36m(ClientAppActor pid=66447)[0m             entirely in future versions of Flower.[32m [repeated 4x across cluster][0m
[36m(ClientAppActor pid=66464)[0m 
[36m(ClientAppActor pid=66464)[0m         
[36m(ClientAppActor pid=66464)[0m 
[36m(ClientAppActor pid=66464)[0m         
[92mINFO [0m:      aggregate_fit: received 10 results and 0 failures
INFO:flwr:aggregate_fit: received 10 results and 0 failures
[CascadeRouter] Round 25: 10 clients, 24578 parameters/client
[92mINFO [0m:      configure_evaluate: strategy sampled 10 clients (out of 10)
INFO:flwr:configure_evaluate: strategy sampled 10 clients (out of 10)
[36m(ClientAppActor pid=66464)[0m 
[36m(ClientAppActor pid=66464)[0m         
[36m(ClientAppActor pid=66447)[0m 
[36m(ClientAppActor pid=66447)[0m         
[36m(ClientAppActor pid=66447)[0m 
[36m(ClientAppActor pid=66447)[0m         
[36m(ClientAppActor pid=66464)[0m 
[36m(ClientAppActor pid=66464)[0m         
[36m(ClientAppActor pid=66447)[0m 
[36m(ClientAppActor pid=66447)[0m         
[36m(ClientAppActor pid=66464)[0m 
[36m(ClientAppActor pid=66464)[0m         
[36m(ClientAppActor pid=66464)[0m 
[36m(ClientAppActor pid=66464)[0m         
[36m(ClientAppActor pid=66447)[0m 
[36m(ClientAppActor pid=66447)[0m         
[36m(ClientAppActor pid=66447)[0m 
[36m(ClientAppActor pid=66447)[0m         
[36m(ClientAppActor pid=66464)[0m 
[36m(ClientAppActor pid=66464)[0m         
[92mINFO [0m:      aggregate_evaluate: received 10 results and 0 failures
INFO:flwr:aggregate_evaluate: received 10 results and 0 failures
[92mINFO [0m:      
INFO:flwr:
[92mINFO [0m:      [ROUND 26]
INFO:flwr:[ROUND 26]
[92mINFO [0m:      configure_fit: strategy sampled 10 clients (out of 10)
INFO:flwr:configure_fit: strategy sampled 10 clients (out of 10)
[36m(ClientAppActor pid=66464)[0m 
[36m(ClientAppActor pid=66464)[0m         
[36m(ClientAppActor pid=66447)[0m 
[36m(ClientAppActor pid=66447)[0m         
[36m(ClientAppActor pid=66464)[0m 
[36m(ClientAppActor pid=66464)[0m         
[36m(ClientAppActor pid=66464)[0m [93mWARNING [0m:   DEPRECATED FEATURE: `client_fn` now expects a signature `def client_fn(context: Context)`.The provided `client_fn` has signature: {'cid': <Parameter "cid: str">}. You can import the `Context` like this: `from flwr.app import Context`[32m [repeated 15x across cluster][0m
[36m(ClientAppActor pid=66464)[0m             This is a deprecated feature. It will be removed[32m [repeated 15x across cluster][0m
[36m(ClientAppActor pid=66464)[0m             entirely in future versions of Flower.[32m [repeated 15x across cluster][0m
[36m(ClientAppActor pid=66464)[0m [Client 0] Training on NVIDIA GeForce RTX 3060[32m [repeated 6x across cluster][0m
[36m(ClientAppActor pid=66464)[0m 
[36m(ClientAppActor pid=66464)[0m         
[36m(ClientAppActor pid=66464)[0m 
[36m(ClientAppActor pid=66464)[0m         
[36m(ClientAppActor pid=66447)[0m 
[36m(ClientAppActor pid=66447)[0m         
[36m(ClientAppActor pid=66464)[0m 
[36m(ClientAppActor pid=66464)[0m         
[36m(ClientAppActor pid=66464)[0m 
[36m(ClientAppActor pid=66464)[0m         
[36m(ClientAppActor pid=66464)[0m [93mWARNING [0m:   DEPRECATED FEATURE: `client_fn` now expects a signature `def client_fn(context: Context)`.The provided `client_fn` has signature: {'cid': <Parameter "cid: str">}. You can import the `Context` like this: `from flwr.app import Context`[32m [repeated 5x across cluster][0m
[36m(ClientAppActor pid=66464)[0m             This is a deprecated feature. It will be removed[32m [repeated 5x across cluster][0m
[36m(ClientAppActor pid=66464)[0m             entirely in future versions of Flower.[32m [repeated 5x across cluster][0m
[36m(ClientAppActor pid=66464)[0m [Client 6] Training on NVIDIA GeForce RTX 3060[32m [repeated 5x across cluster][0m
[36m(ClientAppActor pid=66447)[0m 
[36m(ClientAppActor pid=66447)[0m         
[36m(ClientAppActor pid=66464)[0m 
[36m(ClientAppActor pid=66464)[0m         
[92mINFO [0m:      aggregate_fit: received 10 results and 0 failures
INFO:flwr:aggregate_fit: received 10 results and 0 failures
[CascadeRouter] Round 26: 10 clients, 24578 parameters/client
[92mINFO [0m:      configure_evaluate: strategy sampled 10 clients (out of 10)
INFO:flwr:configure_evaluate: strategy sampled 10 clients (out of 10)
[36m(ClientAppActor pid=66447)[0m 
[36m(ClientAppActor pid=66447)[0m         
[36m(ClientAppActor pid=66464)[0m 
[36m(ClientAppActor pid=66464)[0m         
[36m(ClientAppActor pid=66447)[0m 
[36m(ClientAppActor pid=66447)[0m         
[36m(ClientAppActor pid=66464)[0m 
[36m(ClientAppActor pid=66464)[0m         
[36m(ClientAppActor pid=66464)[0m 
[36m(ClientAppActor pid=66464)[0m         
[36m(ClientAppActor pid=66447)[0m 
[36m(ClientAppActor pid=66447)[0m         
[36m(ClientAppActor pid=66447)[0m 
[36m(ClientAppActor pid=66447)[0m         
[36m(ClientAppActor pid=66464)[0m 
[36m(ClientAppActor pid=66464)[0m         
[36m(ClientAppActor pid=66447)[0m 
[36m(ClientAppActor pid=66447)[0m         
[36m(ClientAppActor pid=66464)[0m 
[36m(ClientAppActor pid=66464)[0m         
[92mINFO [0m:      aggregate_evaluate: received 10 results and 0 failures
INFO:flwr:aggregate_evaluate: received 10 results and 0 failures
[92mINFO [0m:      
INFO:flwr:
[92mINFO [0m:      [ROUND 27]
INFO:flwr:[ROUND 27]
[92mINFO [0m:      configure_fit: strategy sampled 10 clients (out of 10)
INFO:flwr:configure_fit: strategy sampled 10 clients (out of 10)
[36m(ClientAppActor pid=66464)[0m 
[36m(ClientAppActor pid=66464)[0m         
[36m(ClientAppActor pid=66447)[0m 
[36m(ClientAppActor pid=66447)[0m         
[36m(ClientAppActor pid=66447)[0m 
[36m(ClientAppActor pid=66447)[0m         
[36m(ClientAppActor pid=66447)[0m [Client 9] Training on NVIDIA GeForce RTX 3060[32m [repeated 6x across cluster][0m
[36m(ClientAppActor pid=66447)[0m 
[36m(ClientAppActor pid=66447)[0m         
[36m(ClientAppActor pid=66447)[0m [93mWARNING [0m:   DEPRECATED FEATURE: `client_fn` now expects a signature `def client_fn(context: Context)`.The provided `client_fn` has signature: {'cid': <Parameter "cid: str">}. You can import the `Context` like this: `from flwr.app import Context`[32m [repeated 16x across cluster][0m
[36m(ClientAppActor pid=66447)[0m             This is a deprecated feature. It will be removed[32m [repeated 16x across cluster][0m
[36m(ClientAppActor pid=66447)[0m             entirely in future versions of Flower.[32m [repeated 16x across cluster][0m
[36m(ClientAppActor pid=66447)[0m 
[36m(ClientAppActor pid=66447)[0m         
[36m(ClientAppActor pid=66464)[0m 
[36m(ClientAppActor pid=66464)[0m         
[36m(ClientAppActor pid=66447)[0m [Client 1] Training on NVIDIA GeForce RTX 3060[32m [repeated 3x across cluster][0m
[36m(ClientAppActor pid=66447)[0m 
[36m(ClientAppActor pid=66447)[0m         
[36m(ClientAppActor pid=66447)[0m [93mWARNING [0m:   DEPRECATED FEATURE: `client_fn` now expects a signature `def client_fn(context: Context)`.The provided `client_fn` has signature: {'cid': <Parameter "cid: str">}. You can import the `Context` like this: `from flwr.app import Context`[32m [repeated 3x across cluster][0m
[36m(ClientAppActor pid=66447)[0m             This is a deprecated feature. It will be removed[32m [repeated 3x across cluster][0m
[36m(ClientAppActor pid=66447)[0m             entirely in future versions of Flower.[32m [repeated 3x across cluster][0m
[36m(ClientAppActor pid=66447)[0m 
[36m(ClientAppActor pid=66447)[0m         
[36m(ClientAppActor pid=66464)[0m 
[36m(ClientAppActor pid=66464)[0m         
[36m(ClientAppActor pid=66464)[0m 
[36m(ClientAppActor pid=66464)[0m         
[92mINFO [0m:      aggregate_fit: received 10 results and 0 failures
INFO:flwr:aggregate_fit: received 10 results and 0 failures
[CascadeRouter] Round 27: 10 clients, 24578 parameters/client
[92mINFO [0m:      configure_evaluate: strategy sampled 10 clients (out of 10)
INFO:flwr:configure_evaluate: strategy sampled 10 clients (out of 10)
[36m(ClientAppActor pid=66464)[0m 
[36m(ClientAppActor pid=66464)[0m         
[36m(ClientAppActor pid=66447)[0m 
[36m(ClientAppActor pid=66447)[0m         
[36m(ClientAppActor pid=66464)[0m 
[36m(ClientAppActor pid=66464)[0m         
[36m(ClientAppActor pid=66447)[0m 
[36m(ClientAppActor pid=66447)[0m         
[36m(ClientAppActor pid=66464)[0m 
[36m(ClientAppActor pid=66464)[0m         
[36m(ClientAppActor pid=66447)[0m 
[36m(ClientAppActor pid=66447)[0m         
[36m(ClientAppActor pid=66464)[0m 
[36m(ClientAppActor pid=66464)[0m         
[36m(ClientAppActor pid=66464)[0m [93mWARNING [0m:   DEPRECATED FEATURE: `client_fn` now expects a signature `def client_fn(context: Context)`.The provided `client_fn` has signature: {'cid': <Parameter "cid: str">}. You can import the `Context` like this: `from flwr.app import Context`[32m [repeated 10x across cluster][0m
[36m(ClientAppActor pid=66464)[0m             This is a deprecated feature. It will be removed[32m [repeated 10x across cluster][0m
[36m(ClientAppActor pid=66464)[0m             entirely in future versions of Flower.[32m [repeated 10x across cluster][0m
[36m(ClientAppActor pid=66447)[0m 
[36m(ClientAppActor pid=66447)[0m         
[36m(ClientAppActor pid=66464)[0m 
[36m(ClientAppActor pid=66464)[0m         
[36m(ClientAppActor pid=66447)[0m 
[36m(ClientAppActor pid=66447)[0m         
[92mINFO [0m:      aggregate_evaluate: received 10 results and 0 failures
INFO:flwr:aggregate_evaluate: received 10 results and 0 failures
[92mINFO [0m:      
INFO:flwr:
[92mINFO [0m:      [ROUND 28]
INFO:flwr:[ROUND 28]
[92mINFO [0m:      configure_fit: strategy sampled 10 clients (out of 10)
INFO:flwr:configure_fit: strategy sampled 10 clients (out of 10)
[36m(ClientAppActor pid=66447)[0m [Client 5] Training on NVIDIA GeForce RTX 3060[32m [repeated 4x across cluster][0m
[36m(ClientAppActor pid=66447)[0m 
[36m(ClientAppActor pid=66447)[0m         
[36m(ClientAppActor pid=66464)[0m 
[36m(ClientAppActor pid=66464)[0m         
[36m(ClientAppActor pid=66464)[0m 
[36m(ClientAppActor pid=66464)[0m         
[36m(ClientAppActor pid=66447)[0m 
[36m(ClientAppActor pid=66447)[0m         
[36m(ClientAppActor pid=66447)[0m 
[36m(ClientAppActor pid=66447)[0m         
[36m(ClientAppActor pid=66447)[0m [93mWARNING [0m:   DEPRECATED FEATURE: `client_fn` now expects a signature `def client_fn(context: Context)`.The provided `client_fn` has signature: {'cid': <Parameter "cid: str">}. You can import the `Context` like this: `from flwr.app import Context`[32m [repeated 8x across cluster][0m
[36m(ClientAppActor pid=66447)[0m             This is a deprecated feature. It will be removed[32m [repeated 8x across cluster][0m
[36m(ClientAppActor pid=66447)[0m             entirely in future versions of Flower.[32m [repeated 8x across cluster][0m
[36m(ClientAppActor pid=66464)[0m 
[36m(ClientAppActor pid=66464)[0m         
[36m(ClientAppActor pid=66464)[0m [Client 6] Training on NVIDIA GeForce RTX 3060[32m [repeated 5x across cluster][0m
[36m(ClientAppActor pid=66464)[0m 
[36m(ClientAppActor pid=66464)[0m         
[36m(ClientAppActor pid=66464)[0m 
[36m(ClientAppActor pid=66464)[0m         
[36m(ClientAppActor pid=66464)[0m 
[36m(ClientAppActor pid=66464)[0m         
[36m(ClientAppActor pid=66447)[0m 
[36m(ClientAppActor pid=66447)[0m         
[36m(ClientAppActor pid=66447)[0m [93mWARNING [0m:   DEPRECATED FEATURE: `client_fn` now expects a signature `def client_fn(context: Context)`.The provided `client_fn` has signature: {'cid': <Parameter "cid: str">}. You can import the `Context` like this: `from flwr.app import Context`[32m [repeated 5x across cluster][0m
[36m(ClientAppActor pid=66447)[0m             This is a deprecated feature. It will be removed[32m [repeated 5x across cluster][0m
[36m(ClientAppActor pid=66447)[0m             entirely in future versions of Flower.[32m [repeated 5x across cluster][0m
[92mINFO [0m:      aggregate_fit: received 10 results and 0 failures
INFO:flwr:aggregate_fit: received 10 results and 0 failures
[CascadeRouter] Round 28: 10 clients, 24578 parameters/client
[92mINFO [0m:      configure_evaluate: strategy sampled 10 clients (out of 10)
INFO:flwr:configure_evaluate: strategy sampled 10 clients (out of 10)
[36m(ClientAppActor pid=66464)[0m 
[36m(ClientAppActor pid=66464)[0m         
[36m(ClientAppActor pid=66447)[0m 
[36m(ClientAppActor pid=66447)[0m         
[36m(ClientAppActor pid=66464)[0m 
[36m(ClientAppActor pid=66464)[0m         
[36m(ClientAppActor pid=66447)[0m 
[36m(ClientAppActor pid=66447)[0m         
[36m(ClientAppActor pid=66464)[0m 
[36m(ClientAppActor pid=66464)[0m         
[36m(ClientAppActor pid=66447)[0m 
[36m(ClientAppActor pid=66447)[0m         
[36m(ClientAppActor pid=66464)[0m 
[36m(ClientAppActor pid=66464)[0m         
[36m(ClientAppActor pid=66447)[0m 
[36m(ClientAppActor pid=66447)[0m         
[36m(ClientAppActor pid=66464)[0m 
[36m(ClientAppActor pid=66464)[0m         
[36m(ClientAppActor pid=66447)[0m 
[36m(ClientAppActor pid=66447)[0m         
[92mINFO [0m:      aggregate_evaluate: received 10 results and 0 failures
INFO:flwr:aggregate_evaluate: received 10 results and 0 failures
[92mINFO [0m:      
INFO:flwr:
[92mINFO [0m:      [ROUND 29]
INFO:flwr:[ROUND 29]
[92mINFO [0m:      configure_fit: strategy sampled 10 clients (out of 10)
INFO:flwr:configure_fit: strategy sampled 10 clients (out of 10)
[36m(ClientAppActor pid=66447)[0m 
[36m(ClientAppActor pid=66447)[0m         
[36m(ClientAppActor pid=66447)[0m [Client 4] Training on NVIDIA GeForce RTX 3060[32m [repeated 5x across cluster][0m
[36m(ClientAppActor pid=66464)[0m 
[36m(ClientAppActor pid=66464)[0m         
[36m(ClientAppActor pid=66464)[0m 
[36m(ClientAppActor pid=66464)[0m         
[36m(ClientAppActor pid=66447)[0m [Client 8] Training on NVIDIA GeForce RTX 3060[32m [repeated 3x across cluster][0m
[36m(ClientAppActor pid=66447)[0m 
[36m(ClientAppActor pid=66447)[0m         
[36m(ClientAppActor pid=66447)[0m [93mWARNING [0m:   DEPRECATED FEATURE: `client_fn` now expects a signature `def client_fn(context: Context)`.The provided `client_fn` has signature: {'cid': <Parameter "cid: str">}. You can import the `Context` like this: `from flwr.app import Context`[32m [repeated 14x across cluster][0m
[36m(ClientAppActor pid=66447)[0m             This is a deprecated feature. It will be removed[32m [repeated 14x across cluster][0m
[36m(ClientAppActor pid=66447)[0m             entirely in future versions of Flower.[32m [repeated 14x across cluster][0m
[36m(ClientAppActor pid=66464)[0m 
[36m(ClientAppActor pid=66464)[0m         
[36m(ClientAppActor pid=66447)[0m 
[36m(ClientAppActor pid=66447)[0m         
[36m(ClientAppActor pid=66464)[0m 
[36m(ClientAppActor pid=66464)[0m         
[36m(ClientAppActor pid=66447)[0m 
[36m(ClientAppActor pid=66447)[0m         
[36m(ClientAppActor pid=66464)[0m 
[36m(ClientAppActor pid=66464)[0m         
[36m(ClientAppActor pid=66447)[0m 
[36m(ClientAppActor pid=66447)[0m         
[92mINFO [0m:      aggregate_fit: received 10 results and 0 failures
INFO:flwr:aggregate_fit: received 10 results and 0 failures
[CascadeRouter] Round 29: 10 clients, 24578 parameters/client
[92mINFO [0m:      configure_evaluate: strategy sampled 10 clients (out of 10)
INFO:flwr:configure_evaluate: strategy sampled 10 clients (out of 10)
[36m(ClientAppActor pid=66464)[0m 
[36m(ClientAppActor pid=66464)[0m         
[36m(ClientAppActor pid=66464)[0m [93mWARNING [0m:   DEPRECATED FEATURE: `client_fn` now expects a signature `def client_fn(context: Context)`.The provided `client_fn` has signature: {'cid': <Parameter "cid: str">}. You can import the `Context` like this: `from flwr.app import Context`[32m [repeated 7x across cluster][0m
[36m(ClientAppActor pid=66464)[0m             This is a deprecated feature. It will be removed[32m [repeated 7x across cluster][0m
[36m(ClientAppActor pid=66464)[0m             entirely in future versions of Flower.[32m [repeated 7x across cluster][0m
[36m(ClientAppActor pid=66447)[0m 
[36m(ClientAppActor pid=66447)[0m         
[36m(ClientAppActor pid=66464)[0m 
[36m(ClientAppActor pid=66464)[0m         
[36m(ClientAppActor pid=66447)[0m 
[36m(ClientAppActor pid=66447)[0m         
[36m(ClientAppActor pid=66464)[0m 
[36m(ClientAppActor pid=66464)[0m         
[36m(ClientAppActor pid=66447)[0m 
[36m(ClientAppActor pid=66447)[0m         
[36m(ClientAppActor pid=66464)[0m 
[36m(ClientAppActor pid=66464)[0m         
[36m(ClientAppActor pid=66447)[0m 
[36m(ClientAppActor pid=66447)[0m         
[36m(ClientAppActor pid=66464)[0m 
[36m(ClientAppActor pid=66464)[0m         
[36m(ClientAppActor pid=66447)[0m 
[36m(ClientAppActor pid=66447)[0m         
[92mINFO [0m:      aggregate_evaluate: received 10 results and 0 failures
INFO:flwr:aggregate_evaluate: received 10 results and 0 failures
[92mINFO [0m:      
INFO:flwr:
[92mINFO [0m:      [ROUND 30]
INFO:flwr:[ROUND 30]
[92mINFO [0m:      configure_fit: strategy sampled 10 clients (out of 10)
INFO:flwr:configure_fit: strategy sampled 10 clients (out of 10)
[36m(ClientAppActor pid=66447)[0m [Client 9] Training on NVIDIA GeForce RTX 3060[32m [repeated 7x across cluster][0m
[36m(ClientAppActor pid=66447)[0m 
[36m(ClientAppActor pid=66447)[0m         
[36m(ClientAppActor pid=66464)[0m 
[36m(ClientAppActor pid=66464)[0m         
[36m(ClientAppActor pid=66447)[0m 
[36m(ClientAppActor pid=66447)[0m         
[36m(ClientAppActor pid=66447)[0m 
[36m(ClientAppActor pid=66447)[0m         
[36m(ClientAppActor pid=66464)[0m 
[36m(ClientAppActor pid=66464)[0m         
[36m(ClientAppActor pid=66464)[0m 
[36m(ClientAppActor pid=66464)[0m         
[36m(ClientAppActor pid=66447)[0m 
[36m(ClientAppActor pid=66447)[0m         
[36m(ClientAppActor pid=66464)[0m 
[36m(ClientAppActor pid=66464)[0m         
[36m(ClientAppActor pid=66464)[0m [93mWARNING [0m:   DEPRECATED FEATURE: `client_fn` now expects a signature `def client_fn(context: Context)`.The provided `client_fn` has signature: {'cid': <Parameter "cid: str">}. You can import the `Context` like this: `from flwr.app import Context`[32m [repeated 17x across cluster][0m
[36m(ClientAppActor pid=66464)[0m             This is a deprecated feature. It will be removed[32m [repeated 17x across cluster][0m
[36m(ClientAppActor pid=66464)[0m             entirely in future versions of Flower.[32m [repeated 17x across cluster][0m
[36m(ClientAppActor pid=66464)[0m 
[36m(ClientAppActor pid=66464)[0m         
[36m(ClientAppActor pid=66464)[0m [Client 5] Training on NVIDIA GeForce RTX 3060[32m [repeated 8x across cluster][0m
[36m(ClientAppActor pid=66447)[0m 
[36m(ClientAppActor pid=66447)[0m         
[92mINFO [0m:      aggregate_fit: received 10 results and 0 failures
INFO:flwr:aggregate_fit: received 10 results and 0 failures
[CascadeRouter] Round 30: 10 clients, 24578 parameters/client
[92mINFO [0m:      configure_evaluate: strategy sampled 10 clients (out of 10)
INFO:flwr:configure_evaluate: strategy sampled 10 clients (out of 10)
[36m(ClientAppActor pid=66447)[0m 
[36m(ClientAppActor pid=66447)[0m         
[36m(ClientAppActor pid=66447)[0m [93mWARNING [0m:   DEPRECATED FEATURE: `client_fn` now expects a signature `def client_fn(context: Context)`.The provided `client_fn` has signature: {'cid': <Parameter "cid: str">}. You can import the `Context` like this: `from flwr.app import Context`[32m [repeated 3x across cluster][0m
[36m(ClientAppActor pid=66447)[0m             This is a deprecated feature. It will be removed[32m [repeated 3x across cluster][0m
[36m(ClientAppActor pid=66447)[0m             entirely in future versions of Flower.[32m [repeated 3x across cluster][0m
[36m(ClientAppActor pid=66464)[0m 
[36m(ClientAppActor pid=66464)[0m         
[36m(ClientAppActor pid=66447)[0m 
[36m(ClientAppActor pid=66447)[0m         
[36m(ClientAppActor pid=66464)[0m 
[36m(ClientAppActor pid=66464)[0m         
[36m(ClientAppActor pid=66464)[0m 
[36m(ClientAppActor pid=66464)[0m         
[36m(ClientAppActor pid=66447)[0m 
[36m(ClientAppActor pid=66447)[0m         
[36m(ClientAppActor pid=66447)[0m 
[36m(ClientAppActor pid=66447)[0m         
[36m(ClientAppActor pid=66464)[0m 
[36m(ClientAppActor pid=66464)[0m         
[36m(ClientAppActor pid=66447)[0m 
[36m(ClientAppActor pid=66447)[0m         
[36m(ClientAppActor pid=66464)[0m 
[36m(ClientAppActor pid=66464)[0m         
[92mINFO [0m:      aggregate_evaluate: received 10 results and 0 failures
INFO:flwr:aggregate_evaluate: received 10 results and 0 failures
[92mINFO [0m:      
INFO:flwr:
[92mINFO [0m:      [ROUND 31]
INFO:flwr:[ROUND 31]
[92mINFO [0m:      configure_fit: strategy sampled 10 clients (out of 10)
INFO:flwr:configure_fit: strategy sampled 10 clients (out of 10)
[36m(ClientAppActor pid=66464)[0m 
[36m(ClientAppActor pid=66464)[0m         
[36m(ClientAppActor pid=66464)[0m [Client 4] Training on NVIDIA GeForce RTX 3060[32m [repeated 2x across cluster][0m
[36m(ClientAppActor pid=66447)[0m 
[36m(ClientAppActor pid=66447)[0m         
[36m(ClientAppActor pid=66447)[0m 
[36m(ClientAppActor pid=66447)[0m         
[36m(ClientAppActor pid=66447)[0m 
[36m(ClientAppActor pid=66447)[0m         
[36m(ClientAppActor pid=66447)[0m 
[36m(ClientAppActor pid=66447)[0m         
[36m(ClientAppActor pid=66447)[0m [93mWARNING [0m:   DEPRECATED FEATURE: `client_fn` now expects a signature `def client_fn(context: Context)`.The provided `client_fn` has signature: {'cid': <Parameter "cid: str">}. You can import the `Context` like this: `from flwr.app import Context`[32m [repeated 14x across cluster][0m
[36m(ClientAppActor pid=66447)[0m             This is a deprecated feature. It will be removed[32m [repeated 14x across cluster][0m
[36m(ClientAppActor pid=66447)[0m             entirely in future versions of Flower.[32m [repeated 14x across cluster][0m
[36m(ClientAppActor pid=66464)[0m 
[36m(ClientAppActor pid=66464)[0m         
[36m(ClientAppActor pid=66464)[0m [Client 2] Training on NVIDIA GeForce RTX 3060[32m [repeated 5x across cluster][0m
[36m(ClientAppActor pid=66447)[0m 
[36m(ClientAppActor pid=66447)[0m         
[36m(ClientAppActor pid=66464)[0m 
[36m(ClientAppActor pid=66464)[0m         
[36m(ClientAppActor pid=66447)[0m 
[36m(ClientAppActor pid=66447)[0m         
[36m(ClientAppActor pid=66447)[0m [93mWARNING [0m:   DEPRECATED FEATURE: `client_fn` now expects a signature `def client_fn(context: Context)`.The provided `client_fn` has signature: {'cid': <Parameter "cid: str">}. You can import the `Context` like this: `from flwr.app import Context`[32m [repeated 4x across cluster][0m
[36m(ClientAppActor pid=66447)[0m             This is a deprecated feature. It will be removed[32m [repeated 4x across cluster][0m
[36m(ClientAppActor pid=66447)[0m             entirely in future versions of Flower.[32m [repeated 4x across cluster][0m
[36m(ClientAppActor pid=66464)[0m 
[36m(ClientAppActor pid=66464)[0m         
[36m(ClientAppActor pid=66464)[0m [Client 0] Training on NVIDIA GeForce RTX 3060[32m [repeated 4x across cluster][0m
[92mINFO [0m:      aggregate_fit: received 10 results and 0 failures
INFO:flwr:aggregate_fit: received 10 results and 0 failures
[CascadeRouter] Round 31: 10 clients, 24578 parameters/client
[92mINFO [0m:      configure_evaluate: strategy sampled 10 clients (out of 10)
INFO:flwr:configure_evaluate: strategy sampled 10 clients (out of 10)
[36m(ClientAppActor pid=66464)[0m 
[36m(ClientAppActor pid=66464)[0m         
[36m(ClientAppActor pid=66447)[0m 
[36m(ClientAppActor pid=66447)[0m         
[36m(ClientAppActor pid=66464)[0m 
[36m(ClientAppActor pid=66464)[0m         
[36m(ClientAppActor pid=66447)[0m 
[36m(ClientAppActor pid=66447)[0m         
[36m(ClientAppActor pid=66464)[0m 
[36m(ClientAppActor pid=66464)[0m         
[36m(ClientAppActor pid=66447)[0m 
[36m(ClientAppActor pid=66447)[0m         
[36m(ClientAppActor pid=66464)[0m 
[36m(ClientAppActor pid=66464)[0m         
[36m(ClientAppActor pid=66447)[0m 
[36m(ClientAppActor pid=66447)[0m         
[36m(ClientAppActor pid=66464)[0m 
[36m(ClientAppActor pid=66464)[0m         
[36m(ClientAppActor pid=66447)[0m 
[36m(ClientAppActor pid=66447)[0m         
[92mINFO [0m:      aggregate_evaluate: received 10 results and 0 failures
INFO:flwr:aggregate_evaluate: received 10 results and 0 failures
[92mINFO [0m:      
INFO:flwr:
[92mINFO [0m:      [ROUND 32]
INFO:flwr:[ROUND 32]
[92mINFO [0m:      configure_fit: strategy sampled 10 clients (out of 10)
INFO:flwr:configure_fit: strategy sampled 10 clients (out of 10)
[36m(ClientAppActor pid=66447)[0m 
[36m(ClientAppActor pid=66447)[0m         
[36m(ClientAppActor pid=66464)[0m 
[36m(ClientAppActor pid=66464)[0m         
[36m(ClientAppActor pid=66464)[0m 
[36m(ClientAppActor pid=66464)[0m         
[36m(ClientAppActor pid=66447)[0m 
[36m(ClientAppActor pid=66447)[0m         
[36m(ClientAppActor pid=66464)[0m 
[36m(ClientAppActor pid=66464)[0m         
[36m(ClientAppActor pid=66447)[0m 
[36m(ClientAppActor pid=66447)[0m         
[36m(ClientAppActor pid=66447)[0m [93mWARNING [0m:   DEPRECATED FEATURE: `client_fn` now expects a signature `def client_fn(context: Context)`.The provided `client_fn` has signature: {'cid': <Parameter "cid: str">}. You can import the `Context` like this: `from flwr.app import Context`[32m [repeated 17x across cluster][0m
[36m(ClientAppActor pid=66447)[0m             This is a deprecated feature. It will be removed[32m [repeated 17x across cluster][0m
[36m(ClientAppActor pid=66447)[0m             entirely in future versions of Flower.[32m [repeated 17x across cluster][0m
[36m(ClientAppActor pid=66447)[0m [Client 6] Training on NVIDIA GeForce RTX 3060[32m [repeated 6x across cluster][0m
[36m(ClientAppActor pid=66447)[0m 
[36m(ClientAppActor pid=66447)[0m         
[36m(ClientAppActor pid=66464)[0m 
[36m(ClientAppActor pid=66464)[0m         
[36m(ClientAppActor pid=66447)[0m 
[36m(ClientAppActor pid=66447)[0m         
[36m(ClientAppActor pid=66464)[0m 
[36m(ClientAppActor pid=66464)[0m         
[36m(ClientAppActor pid=66464)[0m [93mWARNING [0m:   DEPRECATED FEATURE: `client_fn` now expects a signature `def client_fn(context: Context)`.The provided `client_fn` has signature: {'cid': <Parameter "cid: str">}. You can import the `Context` like this: `from flwr.app import Context`[32m [repeated 4x across cluster][0m
[36m(ClientAppActor pid=66464)[0m             This is a deprecated feature. It will be removed[32m [repeated 4x across cluster][0m
[36m(ClientAppActor pid=66464)[0m             entirely in future versions of Flower.[32m [repeated 4x across cluster][0m
[36m(ClientAppActor pid=66464)[0m [Client 2] Training on NVIDIA GeForce RTX 3060[32m [repeated 4x across cluster][0m
[92mINFO [0m:      aggregate_fit: received 10 results and 0 failures
INFO:flwr:aggregate_fit: received 10 results and 0 failures
[CascadeRouter] Round 32: 10 clients, 24578 parameters/client
[92mINFO [0m:      configure_evaluate: strategy sampled 10 clients (out of 10)
INFO:flwr:configure_evaluate: strategy sampled 10 clients (out of 10)
[36m(ClientAppActor pid=66464)[0m 
[36m(ClientAppActor pid=66464)[0m         
[36m(ClientAppActor pid=66447)[0m 
[36m(ClientAppActor pid=66447)[0m         
[36m(ClientAppActor pid=66464)[0m 
[36m(ClientAppActor pid=66464)[0m         
[36m(ClientAppActor pid=66447)[0m 
[36m(ClientAppActor pid=66447)[0m         
[36m(ClientAppActor pid=66464)[0m 
[36m(ClientAppActor pid=66464)[0m         
[36m(ClientAppActor pid=66447)[0m 
[36m(ClientAppActor pid=66447)[0m         
[36m(ClientAppActor pid=66464)[0m 
[36m(ClientAppActor pid=66464)[0m         
[36m(ClientAppActor pid=66447)[0m 
[36m(ClientAppActor pid=66447)[0m         
[36m(ClientAppActor pid=66464)[0m 
[36m(ClientAppActor pid=66464)[0m         
[36m(ClientAppActor pid=66447)[0m 
[36m(ClientAppActor pid=66447)[0m         
[92mINFO [0m:      aggregate_evaluate: received 10 results and 0 failures
INFO:flwr:aggregate_evaluate: received 10 results and 0 failures
[92mINFO [0m:      
INFO:flwr:
[92mINFO [0m:      [ROUND 33]
INFO:flwr:[ROUND 33]
[92mINFO [0m:      configure_fit: strategy sampled 10 clients (out of 10)
INFO:flwr:configure_fit: strategy sampled 10 clients (out of 10)
[36m(ClientAppActor pid=66447)[0m 
[36m(ClientAppActor pid=66447)[0m         
[36m(ClientAppActor pid=66464)[0m 
[36m(ClientAppActor pid=66464)[0m         
[36m(ClientAppActor pid=66447)[0m 
[36m(ClientAppActor pid=66447)[0m         
[36m(ClientAppActor pid=66447)[0m 
[36m(ClientAppActor pid=66447)[0m         
[36m(ClientAppActor pid=66464)[0m 
[36m(ClientAppActor pid=66464)[0m         
[36m(ClientAppActor pid=66464)[0m 
[36m(ClientAppActor pid=66464)[0m         
[36m(ClientAppActor pid=66464)[0m [93mWARNING [0m:   DEPRECATED FEATURE: `client_fn` now expects a signature `def client_fn(context: Context)`.The provided `client_fn` has signature: {'cid': <Parameter "cid: str">}. You can import the `Context` like this: `from flwr.app import Context`[32m [repeated 16x across cluster][0m
[36m(ClientAppActor pid=66464)[0m             This is a deprecated feature. It will be removed[32m [repeated 16x across cluster][0m
[36m(ClientAppActor pid=66464)[0m             entirely in future versions of Flower.[32m [repeated 16x across cluster][0m
[36m(ClientAppActor pid=66464)[0m [Client 6] Training on NVIDIA GeForce RTX 3060[32m [repeated 6x across cluster][0m
[36m(ClientAppActor pid=66447)[0m 
[36m(ClientAppActor pid=66447)[0m         
[36m(ClientAppActor pid=66447)[0m 
[36m(ClientAppActor pid=66447)[0m         
[36m(ClientAppActor pid=66464)[0m 
[36m(ClientAppActor pid=66464)[0m         
[36m(ClientAppActor pid=66447)[0m 
[36m(ClientAppActor pid=66447)[0m         
[92mINFO [0m:      aggregate_fit: received 10 results and 0 failures
INFO:flwr:aggregate_fit: received 10 results and 0 failures
[CascadeRouter] Round 33: 10 clients, 24578 parameters/client
[92mINFO [0m:      configure_evaluate: strategy sampled 10 clients (out of 10)
INFO:flwr:configure_evaluate: strategy sampled 10 clients (out of 10)
[36m(ClientAppActor pid=66447)[0m 
[36m(ClientAppActor pid=66447)[0m         
[36m(ClientAppActor pid=66447)[0m [93mWARNING [0m:   DEPRECATED FEATURE: `client_fn` now expects a signature `def client_fn(context: Context)`.The provided `client_fn` has signature: {'cid': <Parameter "cid: str">}. You can import the `Context` like this: `from flwr.app import Context`[32m [repeated 5x across cluster][0m
[36m(ClientAppActor pid=66447)[0m             This is a deprecated feature. It will be removed[32m [repeated 5x across cluster][0m
[36m(ClientAppActor pid=66447)[0m             entirely in future versions of Flower.[32m [repeated 5x across cluster][0m
[36m(ClientAppActor pid=66464)[0m 
[36m(ClientAppActor pid=66464)[0m         
[36m(ClientAppActor pid=66447)[0m 
[36m(ClientAppActor pid=66447)[0m         
[36m(ClientAppActor pid=66464)[0m 
[36m(ClientAppActor pid=66464)[0m         
[36m(ClientAppActor pid=66447)[0m 
[36m(ClientAppActor pid=66447)[0m         
[36m(ClientAppActor pid=66464)[0m 
[36m(ClientAppActor pid=66464)[0m         
[36m(ClientAppActor pid=66447)[0m 
[36m(ClientAppActor pid=66447)[0m         
[36m(ClientAppActor pid=66464)[0m 
[36m(ClientAppActor pid=66464)[0m         
[36m(ClientAppActor pid=66447)[0m 
[36m(ClientAppActor pid=66447)[0m         
[36m(ClientAppActor pid=66464)[0m 
[36m(ClientAppActor pid=66464)[0m         
[92mINFO [0m:      aggregate_evaluate: received 10 results and 0 failures
INFO:flwr:aggregate_evaluate: received 10 results and 0 failures
[92mINFO [0m:      
INFO:flwr:
[92mINFO [0m:      [ROUND 34]
INFO:flwr:[ROUND 34]
[92mINFO [0m:      configure_fit: strategy sampled 10 clients (out of 10)
INFO:flwr:configure_fit: strategy sampled 10 clients (out of 10)
[36m(ClientAppActor pid=66464)[0m 
[36m(ClientAppActor pid=66464)[0m         
[36m(ClientAppActor pid=66464)[0m [Client 6] Training on NVIDIA GeForce RTX 3060[32m [repeated 5x across cluster][0m
[36m(ClientAppActor pid=66447)[0m 
[36m(ClientAppActor pid=66447)[0m         
[36m(ClientAppActor pid=66464)[0m 
[36m(ClientAppActor pid=66464)[0m         
[36m(ClientAppActor pid=66447)[0m 
[36m(ClientAppActor pid=66447)[0m         
[36m(ClientAppActor pid=66447)[0m 
[36m(ClientAppActor pid=66447)[0m         
[36m(ClientAppActor pid=66464)[0m 
[36m(ClientAppActor pid=66464)[0m         
[36m(ClientAppActor pid=66447)[0m 
[36m(ClientAppActor pid=66447)[0m         
[36m(ClientAppActor pid=66447)[0m [Client 4] Training on NVIDIA GeForce RTX 3060[32m [repeated 7x across cluster][0m
[36m(ClientAppActor pid=66447)[0m 
[36m(ClientAppActor pid=66447)[0m         
[36m(ClientAppActor pid=66447)[0m [93mWARNING [0m:   DEPRECATED FEATURE: `client_fn` now expects a signature `def client_fn(context: Context)`.The provided `client_fn` has signature: {'cid': <Parameter "cid: str">}. You can import the `Context` like this: `from flwr.app import Context`[32m [repeated 17x across cluster][0m
[36m(ClientAppActor pid=66447)[0m             This is a deprecated feature. It will be removed[32m [repeated 17x across cluster][0m
[36m(ClientAppActor pid=66447)[0m             entirely in future versions of Flower.[32m [repeated 17x across cluster][0m
[36m(ClientAppActor pid=66464)[0m 
[36m(ClientAppActor pid=66464)[0m         
[36m(ClientAppActor pid=66464)[0m 
[36m(ClientAppActor pid=66464)[0m         
[92mINFO [0m:      aggregate_fit: received 10 results and 0 failures
INFO:flwr:aggregate_fit: received 10 results and 0 failures
[CascadeRouter] Round 34: 10 clients, 24578 parameters/client
[92mINFO [0m:      configure_evaluate: strategy sampled 10 clients (out of 10)
INFO:flwr:configure_evaluate: strategy sampled 10 clients (out of 10)
[36m(ClientAppActor pid=66464)[0m 
[36m(ClientAppActor pid=66464)[0m         
[36m(ClientAppActor pid=66464)[0m [93mWARNING [0m:   DEPRECATED FEATURE: `client_fn` now expects a signature `def client_fn(context: Context)`.The provided `client_fn` has signature: {'cid': <Parameter "cid: str">}. You can import the `Context` like this: `from flwr.app import Context`[32m [repeated 3x across cluster][0m
[36m(ClientAppActor pid=66464)[0m             This is a deprecated feature. It will be removed[32m [repeated 3x across cluster][0m
[36m(ClientAppActor pid=66464)[0m             entirely in future versions of Flower.[32m [repeated 3x across cluster][0m
[36m(ClientAppActor pid=66447)[0m 
[36m(ClientAppActor pid=66447)[0m         
[36m(ClientAppActor pid=66464)[0m 
[36m(ClientAppActor pid=66464)[0m         
[36m(ClientAppActor pid=66447)[0m 
[36m(ClientAppActor pid=66447)[0m         
[36m(ClientAppActor pid=66464)[0m 
[36m(ClientAppActor pid=66464)[0m         
[36m(ClientAppActor pid=66447)[0m 
[36m(ClientAppActor pid=66447)[0m         
[36m(ClientAppActor pid=66464)[0m 
[36m(ClientAppActor pid=66464)[0m         
[36m(ClientAppActor pid=66447)[0m 
[36m(ClientAppActor pid=66447)[0m         
[36m(ClientAppActor pid=66464)[0m 
[36m(ClientAppActor pid=66464)[0m         
[36m(ClientAppActor pid=66447)[0m 
[36m(ClientAppActor pid=66447)[0m         
[92mINFO [0m:      aggregate_evaluate: received 10 results and 0 failures
INFO:flwr:aggregate_evaluate: received 10 results and 0 failures
[92mINFO [0m:      
INFO:flwr:
[92mINFO [0m:      [ROUND 35]
INFO:flwr:[ROUND 35]
[92mINFO [0m:      configure_fit: strategy sampled 10 clients (out of 10)
INFO:flwr:configure_fit: strategy sampled 10 clients (out of 10)
[36m(ClientAppActor pid=66447)[0m [Client 1] Training on NVIDIA GeForce RTX 3060[32m [repeated 3x across cluster][0m
[36m(ClientAppActor pid=66447)[0m 
[36m(ClientAppActor pid=66447)[0m         
[36m(ClientAppActor pid=66464)[0m 
[36m(ClientAppActor pid=66464)[0m         
[36m(ClientAppActor pid=66464)[0m 
[36m(ClientAppActor pid=66464)[0m         
[36m(ClientAppActor pid=66447)[0m 
[36m(ClientAppActor pid=66447)[0m         
[36m(ClientAppActor pid=66464)[0m 
[36m(ClientAppActor pid=66464)[0m         
[36m(ClientAppActor pid=66464)[0m 
[36m(ClientAppActor pid=66464)[0m         
[36m(ClientAppActor pid=66447)[0m [Client 3] Training on NVIDIA GeForce RTX 3060[32m [repeated 6x across cluster][0m
[36m(ClientAppActor pid=66447)[0m 
[36m(ClientAppActor pid=66447)[0m         
[36m(ClientAppActor pid=66447)[0m [93mWARNING [0m:   DEPRECATED FEATURE: `client_fn` now expects a signature `def client_fn(context: Context)`.The provided `client_fn` has signature: {'cid': <Parameter "cid: str">}. You can import the `Context` like this: `from flwr.app import Context`[32m [repeated 16x across cluster][0m
[36m(ClientAppActor pid=66447)[0m             This is a deprecated feature. It will be removed[32m [repeated 16x across cluster][0m
[36m(ClientAppActor pid=66447)[0m             entirely in future versions of Flower.[32m [repeated 16x across cluster][0m
[36m(ClientAppActor pid=66447)[0m 
[36m(ClientAppActor pid=66447)[0m         
[36m(ClientAppActor pid=66447)[0m 
[36m(ClientAppActor pid=66447)[0m         
[36m(ClientAppActor pid=66464)[0m 
[36m(ClientAppActor pid=66464)[0m         
[92mINFO [0m:      aggregate_fit: received 10 results and 0 failures
INFO:flwr:aggregate_fit: received 10 results and 0 failures
[CascadeRouter] Round 35: 10 clients, 24578 parameters/client
[92mINFO [0m:      configure_evaluate: strategy sampled 10 clients (out of 10)
INFO:flwr:configure_evaluate: strategy sampled 10 clients (out of 10)
[36m(ClientAppActor pid=66447)[0m 
[36m(ClientAppActor pid=66447)[0m         
[36m(ClientAppActor pid=66464)[0m 
[36m(ClientAppActor pid=66464)[0m         
[36m(ClientAppActor pid=66464)[0m 
[36m(ClientAppActor pid=66464)[0m         
[36m(ClientAppActor pid=66464)[0m [93mWARNING [0m:   DEPRECATED FEATURE: `client_fn` now expects a signature `def client_fn(context: Context)`.The provided `client_fn` has signature: {'cid': <Parameter "cid: str">}. You can import the `Context` like this: `from flwr.app import Context`[32m [repeated 6x across cluster][0m
[36m(ClientAppActor pid=66464)[0m             This is a deprecated feature. It will be removed[32m [repeated 6x across cluster][0m
[36m(ClientAppActor pid=66464)[0m             entirely in future versions of Flower.[32m [repeated 6x across cluster][0m
[36m(ClientAppActor pid=66447)[0m 
[36m(ClientAppActor pid=66447)[0m         
[36m(ClientAppActor pid=66464)[0m 
[36m(ClientAppActor pid=66464)[0m         
[36m(ClientAppActor pid=66447)[0m 
[36m(ClientAppActor pid=66447)[0m         
[36m(ClientAppActor pid=66464)[0m 
[36m(ClientAppActor pid=66464)[0m         
[36m(ClientAppActor pid=66447)[0m 
[36m(ClientAppActor pid=66447)[0m         
[36m(ClientAppActor pid=66464)[0m 
[36m(ClientAppActor pid=66464)[0m         
[36m(ClientAppActor pid=66447)[0m 
[36m(ClientAppActor pid=66447)[0m         
[92mINFO [0m:      aggregate_evaluate: received 10 results and 0 failures
INFO:flwr:aggregate_evaluate: received 10 results and 0 failures
[92mINFO [0m:      
INFO:flwr:
[92mINFO [0m:      [ROUND 36]
INFO:flwr:[ROUND 36]
[92mINFO [0m:      configure_fit: strategy sampled 10 clients (out of 10)
INFO:flwr:configure_fit: strategy sampled 10 clients (out of 10)
[36m(ClientAppActor pid=66464)[0m 
[36m(ClientAppActor pid=66464)[0m         
[36m(ClientAppActor pid=66464)[0m [Client 7] Training on NVIDIA GeForce RTX 3060[32m [repeated 4x across cluster][0m
[36m(ClientAppActor pid=66447)[0m 
[36m(ClientAppActor pid=66447)[0m         
[36m(ClientAppActor pid=66447)[0m 
[36m(ClientAppActor pid=66447)[0m         
[36m(ClientAppActor pid=66447)[0m [93mWARNING [0m:   DEPRECATED FEATURE: `client_fn` now expects a signature `def client_fn(context: Context)`.The provided `client_fn` has signature: {'cid': <Parameter "cid: str">}. You can import the `Context` like this: `from flwr.app import Context`[32m [repeated 10x across cluster][0m
[36m(ClientAppActor pid=66447)[0m             This is a deprecated feature. It will be removed[32m [repeated 10x across cluster][0m
[36m(ClientAppActor pid=66447)[0m             entirely in future versions of Flower.[32m [repeated 10x across cluster][0m
[36m(ClientAppActor pid=66464)[0m 
[36m(ClientAppActor pid=66464)[0m         
[36m(ClientAppActor pid=66464)[0m 
[36m(ClientAppActor pid=66464)[0m         
[36m(ClientAppActor pid=66464)[0m [Client 9] Training on NVIDIA GeForce RTX 3060[32m [repeated 4x across cluster][0m
[36m(ClientAppActor pid=66464)[0m 
[36m(ClientAppActor pid=66464)[0m         
[36m(ClientAppActor pid=66464)[0m 
[36m(ClientAppActor pid=66464)[0m         
[36m(ClientAppActor pid=66464)[0m 
[36m(ClientAppActor pid=66464)[0m         
[36m(ClientAppActor pid=66464)[0m [93mWARNING [0m:   DEPRECATED FEATURE: `client_fn` now expects a signature `def client_fn(context: Context)`.The provided `client_fn` has signature: {'cid': <Parameter "cid: str">}. You can import the `Context` like this: `from flwr.app import Context`[32m [repeated 5x across cluster][0m
[36m(ClientAppActor pid=66464)[0m             This is a deprecated feature. It will be removed[32m [repeated 5x across cluster][0m
[36m(ClientAppActor pid=66464)[0m             entirely in future versions of Flower.[32m [repeated 5x across cluster][0m
[36m(ClientAppActor pid=66464)[0m 
[36m(ClientAppActor pid=66464)[0m         
[36m(ClientAppActor pid=66447)[0m 
[36m(ClientAppActor pid=66447)[0m         
[92mINFO [0m:      aggregate_fit: received 10 results and 0 failures
INFO:flwr:aggregate_fit: received 10 results and 0 failures
[CascadeRouter] Round 36: 10 clients, 24578 parameters/client
[92mINFO [0m:      configure_evaluate: strategy sampled 10 clients (out of 10)
INFO:flwr:configure_evaluate: strategy sampled 10 clients (out of 10)
[36m(ClientAppActor pid=66447)[0m 
[36m(ClientAppActor pid=66447)[0m         
[36m(ClientAppActor pid=66464)[0m 
[36m(ClientAppActor pid=66464)[0m         
[36m(ClientAppActor pid=66447)[0m 
[36m(ClientAppActor pid=66447)[0m         
[36m(ClientAppActor pid=66464)[0m 
[36m(ClientAppActor pid=66464)[0m         
[36m(ClientAppActor pid=66447)[0m 
[36m(ClientAppActor pid=66447)[0m         
[36m(ClientAppActor pid=66464)[0m 
[36m(ClientAppActor pid=66464)[0m         
[36m(ClientAppActor pid=66447)[0m 
[36m(ClientAppActor pid=66447)[0m         
[36m(ClientAppActor pid=66464)[0m 
[36m(ClientAppActor pid=66464)[0m         
[36m(ClientAppActor pid=66464)[0m 
[36m(ClientAppActor pid=66464)[0m         
[36m(ClientAppActor pid=66447)[0m 
[36m(ClientAppActor pid=66447)[0m         
[92mINFO [0m:      aggregate_evaluate: received 10 results and 0 failures
INFO:flwr:aggregate_evaluate: received 10 results and 0 failures
[92mINFO [0m:      
INFO:flwr:
[92mINFO [0m:      [ROUND 37]
INFO:flwr:[ROUND 37]
[92mINFO [0m:      configure_fit: strategy sampled 10 clients (out of 10)
INFO:flwr:configure_fit: strategy sampled 10 clients (out of 10)
[36m(ClientAppActor pid=66464)[0m 
[36m(ClientAppActor pid=66464)[0m         
[36m(ClientAppActor pid=66464)[0m [Client 8] Training on NVIDIA GeForce RTX 3060[32m [repeated 6x across cluster][0m
[36m(ClientAppActor pid=66447)[0m 
[36m(ClientAppActor pid=66447)[0m         
[36m(ClientAppActor pid=66447)[0m 
[36m(ClientAppActor pid=66447)[0m         
[36m(ClientAppActor pid=66464)[0m 
[36m(ClientAppActor pid=66464)[0m         
[36m(ClientAppActor pid=66464)[0m [93mWARNING [0m:   DEPRECATED FEATURE: `client_fn` now expects a signature `def client_fn(context: Context)`.The provided `client_fn` has signature: {'cid': <Parameter "cid: str">}. You can import the `Context` like this: `from flwr.app import Context`[32m [repeated 16x across cluster][0m
[36m(ClientAppActor pid=66464)[0m             This is a deprecated feature. It will be removed[32m [repeated 16x across cluster][0m
[36m(ClientAppActor pid=66464)[0m             entirely in future versions of Flower.[32m [repeated 16x across cluster][0m
[36m(ClientAppActor pid=66464)[0m 
[36m(ClientAppActor pid=66464)[0m         
[36m(ClientAppActor pid=66464)[0m 
[36m(ClientAppActor pid=66464)[0m         
[36m(ClientAppActor pid=66447)[0m [Client 1] Training on NVIDIA GeForce RTX 3060[32m [repeated 6x across cluster][0m
[36m(ClientAppActor pid=66447)[0m 
[36m(ClientAppActor pid=66447)[0m         
[36m(ClientAppActor pid=66464)[0m 
[36m(ClientAppActor pid=66464)[0m         
[36m(ClientAppActor pid=66464)[0m [93mWARNING [0m:   DEPRECATED FEATURE: `client_fn` now expects a signature `def client_fn(context: Context)`.The provided `client_fn` has signature: {'cid': <Parameter "cid: str">}. You can import the `Context` like this: `from flwr.app import Context`[32m [repeated 4x across cluster][0m
[36m(ClientAppActor pid=66464)[0m             This is a deprecated feature. It will be removed[32m [repeated 4x across cluster][0m
[36m(ClientAppActor pid=66464)[0m             entirely in future versions of Flower.[32m [repeated 4x across cluster][0m
[36m(ClientAppActor pid=66447)[0m 
[36m(ClientAppActor pid=66447)[0m         
[36m(ClientAppActor pid=66464)[0m 
[36m(ClientAppActor pid=66464)[0m         
[92mINFO [0m:      aggregate_fit: received 10 results and 0 failures
INFO:flwr:aggregate_fit: received 10 results and 0 failures
[CascadeRouter] Round 37: 10 clients, 24578 parameters/client
[92mINFO [0m:      configure_evaluate: strategy sampled 10 clients (out of 10)
INFO:flwr:configure_evaluate: strategy sampled 10 clients (out of 10)
[36m(ClientAppActor pid=66447)[0m 
[36m(ClientAppActor pid=66447)[0m         
[36m(ClientAppActor pid=66464)[0m 
[36m(ClientAppActor pid=66464)[0m         
[36m(ClientAppActor pid=66464)[0m 
[36m(ClientAppActor pid=66464)[0m         
[36m(ClientAppActor pid=66447)[0m 
[36m(ClientAppActor pid=66447)[0m         
[36m(ClientAppActor pid=66447)[0m 
[36m(ClientAppActor pid=66447)[0m         
[36m(ClientAppActor pid=66464)[0m 
[36m(ClientAppActor pid=66464)[0m         
[36m(ClientAppActor pid=66447)[0m 
[36m(ClientAppActor pid=66447)[0m         
[36m(ClientAppActor pid=66464)[0m 
[36m(ClientAppActor pid=66464)[0m         
[36m(ClientAppActor pid=66447)[0m 
[36m(ClientAppActor pid=66447)[0m         
[36m(ClientAppActor pid=66447)[0m [93mWARNING [0m:   DEPRECATED FEATURE: `client_fn` now expects a signature `def client_fn(context: Context)`.The provided `client_fn` has signature: {'cid': <Parameter "cid: str">}. You can import the `Context` like this: `from flwr.app import Context`[32m [repeated 11x across cluster][0m
[36m(ClientAppActor pid=66447)[0m             This is a deprecated feature. It will be removed[32m [repeated 11x across cluster][0m
[36m(ClientAppActor pid=66447)[0m             entirely in future versions of Flower.[32m [repeated 11x across cluster][0m
[36m(ClientAppActor pid=66464)[0m 
[36m(ClientAppActor pid=66464)[0m         
[92mINFO [0m:      aggregate_evaluate: received 10 results and 0 failures
INFO:flwr:aggregate_evaluate: received 10 results and 0 failures
[92mINFO [0m:      
INFO:flwr:
[92mINFO [0m:      [ROUND 38]
INFO:flwr:[ROUND 38]
[92mINFO [0m:      configure_fit: strategy sampled 10 clients (out of 10)
INFO:flwr:configure_fit: strategy sampled 10 clients (out of 10)
[36m(ClientAppActor pid=66464)[0m 
[36m(ClientAppActor pid=66464)[0m         
[36m(ClientAppActor pid=66464)[0m [Client 9] Training on NVIDIA GeForce RTX 3060[32m [repeated 4x across cluster][0m
[36m(ClientAppActor pid=66447)[0m 
[36m(ClientAppActor pid=66447)[0m         
[36m(ClientAppActor pid=66464)[0m 
[36m(ClientAppActor pid=66464)[0m         
[36m(ClientAppActor pid=66447)[0m 
[36m(ClientAppActor pid=66447)[0m         
[36m(ClientAppActor pid=66447)[0m 
[36m(ClientAppActor pid=66447)[0m         
[36m(ClientAppActor pid=66464)[0m 
[36m(ClientAppActor pid=66464)[0m         
[36m(ClientAppActor pid=66464)[0m [93mWARNING [0m:   DEPRECATED FEATURE: `client_fn` now expects a signature `def client_fn(context: Context)`.The provided `client_fn` has signature: {'cid': <Parameter "cid: str">}. You can import the `Context` like this: `from flwr.app import Context`[32m [repeated 7x across cluster][0m
[36m(ClientAppActor pid=66464)[0m             This is a deprecated feature. It will be removed[32m [repeated 7x across cluster][0m
[36m(ClientAppActor pid=66464)[0m             entirely in future versions of Flower.[32m [repeated 7x across cluster][0m
[36m(ClientAppActor pid=66464)[0m [Client 1] Training on NVIDIA GeForce RTX 3060[32m [repeated 5x across cluster][0m
[36m(ClientAppActor pid=66464)[0m 
[36m(ClientAppActor pid=66464)[0m         
[36m(ClientAppActor pid=66464)[0m 
[36m(ClientAppActor pid=66464)[0m         
[36m(ClientAppActor pid=66447)[0m 
[36m(ClientAppActor pid=66447)[0m         
[36m(ClientAppActor pid=66447)[0m [Client 0] Training on NVIDIA GeForce RTX 3060[32m [repeated 4x across cluster][0m
[36m(ClientAppActor pid=66447)[0m 
[36m(ClientAppActor pid=66447)[0m         
[36m(ClientAppActor pid=66447)[0m [93mWARNING [0m:   DEPRECATED FEATURE: `client_fn` now expects a signature `def client_fn(context: Context)`.The provided `client_fn` has signature: {'cid': <Parameter "cid: str">}. You can import the `Context` like this: `from flwr.app import Context`[32m [repeated 4x across cluster][0m
[36m(ClientAppActor pid=66447)[0m             This is a deprecated feature. It will be removed[32m [repeated 4x across cluster][0m
[36m(ClientAppActor pid=66447)[0m             entirely in future versions of Flower.[32m [repeated 4x across cluster][0m
[92mINFO [0m:      aggregate_fit: received 10 results and 0 failures
INFO:flwr:aggregate_fit: received 10 results and 0 failures
[CascadeRouter] Round 38: 10 clients, 24578 parameters/client
[92mINFO [0m:      configure_evaluate: strategy sampled 10 clients (out of 10)
INFO:flwr:configure_evaluate: strategy sampled 10 clients (out of 10)
[36m(ClientAppActor pid=66464)[0m 
[36m(ClientAppActor pid=66464)[0m         
[36m(ClientAppActor pid=66447)[0m 
[36m(ClientAppActor pid=66447)[0m         
[36m(ClientAppActor pid=66464)[0m 
[36m(ClientAppActor pid=66464)[0m         
[36m(ClientAppActor pid=66447)[0m 
[36m(ClientAppActor pid=66447)[0m         
[36m(ClientAppActor pid=66464)[0m 
[36m(ClientAppActor pid=66464)[0m         
[36m(ClientAppActor pid=66447)[0m 
[36m(ClientAppActor pid=66447)[0m         
[36m(ClientAppActor pid=66464)[0m 
[36m(ClientAppActor pid=66464)[0m         
[36m(ClientAppActor pid=66447)[0m 
[36m(ClientAppActor pid=66447)[0m         
[36m(ClientAppActor pid=66464)[0m 
[36m(ClientAppActor pid=66464)[0m         
[36m(ClientAppActor pid=66447)[0m 
[36m(ClientAppActor pid=66447)[0m         
[92mINFO [0m:      aggregate_evaluate: received 10 results and 0 failures
INFO:flwr:aggregate_evaluate: received 10 results and 0 failures
[92mINFO [0m:      
INFO:flwr:
[92mINFO [0m:      [ROUND 39]
INFO:flwr:[ROUND 39]
[92mINFO [0m:      configure_fit: strategy sampled 10 clients (out of 10)
INFO:flwr:configure_fit: strategy sampled 10 clients (out of 10)
[36m(ClientAppActor pid=66447)[0m 
[36m(ClientAppActor pid=66447)[0m         
[36m(ClientAppActor pid=66464)[0m 
[36m(ClientAppActor pid=66464)[0m         
[36m(ClientAppActor pid=66447)[0m 
[36m(ClientAppActor pid=66447)[0m         
[36m(ClientAppActor pid=66464)[0m 
[36m(ClientAppActor pid=66464)[0m         
[36m(ClientAppActor pid=66447)[0m 
[36m(ClientAppActor pid=66447)[0m         
[36m(ClientAppActor pid=66447)[0m [Client 3] Training on NVIDIA GeForce RTX 3060[32m [repeated 6x across cluster][0m
[36m(ClientAppActor pid=66447)[0m 
[36m(ClientAppActor pid=66447)[0m         
[36m(ClientAppActor pid=66447)[0m [93mWARNING [0m:   DEPRECATED FEATURE: `client_fn` now expects a signature `def client_fn(context: Context)`.The provided `client_fn` has signature: {'cid': <Parameter "cid: str">}. You can import the `Context` like this: `from flwr.app import Context`[32m [repeated 16x across cluster][0m
[36m(ClientAppActor pid=66447)[0m             This is a deprecated feature. It will be removed[32m [repeated 16x across cluster][0m
[36m(ClientAppActor pid=66447)[0m             entirely in future versions of Flower.[32m [repeated 16x across cluster][0m
[36m(ClientAppActor pid=66447)[0m 
[36m(ClientAppActor pid=66447)[0m         
[36m(ClientAppActor pid=66464)[0m 
[36m(ClientAppActor pid=66464)[0m         
[36m(ClientAppActor pid=66464)[0m 
[36m(ClientAppActor pid=66464)[0m         
[36m(ClientAppActor pid=66447)[0m 
[36m(ClientAppActor pid=66447)[0m         
[92mINFO [0m:      aggregate_fit: received 10 results and 0 failures
INFO:flwr:aggregate_fit: received 10 results and 0 failures
[CascadeRouter] Round 39: 10 clients, 24578 parameters/client
[92mINFO [0m:      configure_evaluate: strategy sampled 10 clients (out of 10)
INFO:flwr:configure_evaluate: strategy sampled 10 clients (out of 10)
[36m(ClientAppActor pid=66447)[0m 
[36m(ClientAppActor pid=66447)[0m         
[36m(ClientAppActor pid=66447)[0m [93mWARNING [0m:   DEPRECATED FEATURE: `client_fn` now expects a signature `def client_fn(context: Context)`.The provided `client_fn` has signature: {'cid': <Parameter "cid: str">}. You can import the `Context` like this: `from flwr.app import Context`[32m [repeated 5x across cluster][0m
[36m(ClientAppActor pid=66447)[0m             This is a deprecated feature. It will be removed[32m [repeated 5x across cluster][0m
[36m(ClientAppActor pid=66447)[0m             entirely in future versions of Flower.[32m [repeated 5x across cluster][0m
[36m(ClientAppActor pid=66464)[0m 
[36m(ClientAppActor pid=66464)[0m         
[36m(ClientAppActor pid=66447)[0m 
[36m(ClientAppActor pid=66447)[0m         
[36m(ClientAppActor pid=66464)[0m 
[36m(ClientAppActor pid=66464)[0m         
[36m(ClientAppActor pid=66464)[0m 
[36m(ClientAppActor pid=66464)[0m         
[36m(ClientAppActor pid=66447)[0m 
[36m(ClientAppActor pid=66447)[0m         
[36m(ClientAppActor pid=66447)[0m 
[36m(ClientAppActor pid=66447)[0m         
[36m(ClientAppActor pid=66464)[0m 
[36m(ClientAppActor pid=66464)[0m         
[36m(ClientAppActor pid=66464)[0m 
[36m(ClientAppActor pid=66464)[0m         
[36m(ClientAppActor pid=66447)[0m 
[36m(ClientAppActor pid=66447)[0m         
[92mINFO [0m:      aggregate_evaluate: received 10 results and 0 failures
INFO:flwr:aggregate_evaluate: received 10 results and 0 failures
[92mINFO [0m:      
INFO:flwr:
[92mINFO [0m:      [ROUND 40]
INFO:flwr:[ROUND 40]
[92mINFO [0m:      configure_fit: strategy sampled 10 clients (out of 10)
INFO:flwr:configure_fit: strategy sampled 10 clients (out of 10)
[36m(ClientAppActor pid=66464)[0m 
[36m(ClientAppActor pid=66464)[0m         
[36m(ClientAppActor pid=66464)[0m [Client 9] Training on NVIDIA GeForce RTX 3060[32m [repeated 5x across cluster][0m
[36m(ClientAppActor pid=66447)[0m 
[36m(ClientAppActor pid=66447)[0m         
[36m(ClientAppActor pid=66464)[0m 
[36m(ClientAppActor pid=66464)[0m         
[36m(ClientAppActor pid=66464)[0m 
[36m(ClientAppActor pid=66464)[0m         
[36m(ClientAppActor pid=66464)[0m [93mWARNING [0m:   DEPRECATED FEATURE: `client_fn` now expects a signature `def client_fn(context: Context)`.The provided `client_fn` has signature: {'cid': <Parameter "cid: str">}. You can import the `Context` like this: `from flwr.app import Context`[32m [repeated 13x across cluster][0m
[36m(ClientAppActor pid=66464)[0m             This is a deprecated feature. It will be removed[32m [repeated 13x across cluster][0m
[36m(ClientAppActor pid=66464)[0m             entirely in future versions of Flower.[32m [repeated 13x across cluster][0m
[36m(ClientAppActor pid=66447)[0m [Client 3] Training on NVIDIA GeForce RTX 3060[32m [repeated 4x across cluster][0m
[36m(ClientAppActor pid=66447)[0m 
[36m(ClientAppActor pid=66447)[0m         
[36m(ClientAppActor pid=66447)[0m 
[36m(ClientAppActor pid=66447)[0m         
[36m(ClientAppActor pid=66464)[0m 
[36m(ClientAppActor pid=66464)[0m         
[36m(ClientAppActor pid=66447)[0m 
[36m(ClientAppActor pid=66447)[0m         
[36m(ClientAppActor pid=66464)[0m 
[36m(ClientAppActor pid=66464)[0m         
[36m(ClientAppActor pid=66464)[0m 
[36m(ClientAppActor pid=66464)[0m         
[92mINFO [0m:      aggregate_fit: received 10 results and 0 failures
INFO:flwr:aggregate_fit: received 10 results and 0 failures
[CascadeRouter] Round 40: 10 clients, 24578 parameters/client
[92mINFO [0m:      configure_evaluate: strategy sampled 10 clients (out of 10)
INFO:flwr:configure_evaluate: strategy sampled 10 clients (out of 10)
[36m(ClientAppActor pid=66464)[0m 
[36m(ClientAppActor pid=66464)[0m         
[36m(ClientAppActor pid=66464)[0m [93mWARNING [0m:   DEPRECATED FEATURE: `client_fn` now expects a signature `def client_fn(context: Context)`.The provided `client_fn` has signature: {'cid': <Parameter "cid: str">}. You can import the `Context` like this: `from flwr.app import Context`[32m [repeated 7x across cluster][0m
[36m(ClientAppActor pid=66464)[0m             This is a deprecated feature. It will be removed[32m [repeated 7x across cluster][0m
[36m(ClientAppActor pid=66464)[0m             entirely in future versions of Flower.[32m [repeated 7x across cluster][0m
[36m(ClientAppActor pid=66447)[0m 
[36m(ClientAppActor pid=66447)[0m         
[36m(ClientAppActor pid=66447)[0m 
[36m(ClientAppActor pid=66447)[0m         
[36m(ClientAppActor pid=66464)[0m 
[36m(ClientAppActor pid=66464)[0m         
[36m(ClientAppActor pid=66464)[0m 
[36m(ClientAppActor pid=66464)[0m         
[36m(ClientAppActor pid=66447)[0m 
[36m(ClientAppActor pid=66447)[0m         
[36m(ClientAppActor pid=66447)[0m 
[36m(ClientAppActor pid=66447)[0m         
[36m(ClientAppActor pid=66464)[0m 
[36m(ClientAppActor pid=66464)[0m         
[36m(ClientAppActor pid=66464)[0m 
[36m(ClientAppActor pid=66464)[0m         
[36m(ClientAppActor pid=66447)[0m 
[36m(ClientAppActor pid=66447)[0m         
[92mINFO [0m:      aggregate_evaluate: received 10 results and 0 failures
INFO:flwr:aggregate_evaluate: received 10 results and 0 failures
[92mINFO [0m:      
INFO:flwr:
[92mINFO [0m:      [ROUND 41]
INFO:flwr:[ROUND 41]
[92mINFO [0m:      configure_fit: strategy sampled 10 clients (out of 10)
INFO:flwr:configure_fit: strategy sampled 10 clients (out of 10)
[36m(ClientAppActor pid=66464)[0m 
[36m(ClientAppActor pid=66464)[0m         
[36m(ClientAppActor pid=66464)[0m [Client 5] Training on NVIDIA GeForce RTX 3060[32m [repeated 6x across cluster][0m
[36m(ClientAppActor pid=66447)[0m 
[36m(ClientAppActor pid=66447)[0m         
[36m(ClientAppActor pid=66447)[0m 
[36m(ClientAppActor pid=66447)[0m         
[36m(ClientAppActor pid=66464)[0m 
[36m(ClientAppActor pid=66464)[0m         
[36m(ClientAppActor pid=66464)[0m [93mWARNING [0m:   DEPRECATED FEATURE: `client_fn` now expects a signature `def client_fn(context: Context)`.The provided `client_fn` has signature: {'cid': <Parameter "cid: str">}. You can import the `Context` like this: `from flwr.app import Context`[32m [repeated 13x across cluster][0m
[36m(ClientAppActor pid=66464)[0m             This is a deprecated feature. It will be removed[32m [repeated 13x across cluster][0m
[36m(ClientAppActor pid=66464)[0m             entirely in future versions of Flower.[32m [repeated 13x across cluster][0m
[36m(ClientAppActor pid=66464)[0m 
[36m(ClientAppActor pid=66464)[0m         
[36m(ClientAppActor pid=66464)[0m [Client 0] Training on NVIDIA GeForce RTX 3060[32m [repeated 4x across cluster][0m
[36m(ClientAppActor pid=66464)[0m 
[36m(ClientAppActor pid=66464)[0m         
[36m(ClientAppActor pid=66447)[0m 
[36m(ClientAppActor pid=66447)[0m         
[36m(ClientAppActor pid=66447)[0m 
[36m(ClientAppActor pid=66447)[0m         
[36m(ClientAppActor pid=66464)[0m 
[36m(ClientAppActor pid=66464)[0m         
[36m(ClientAppActor pid=66464)[0m 
[36m(ClientAppActor pid=66464)[0m         
[92mINFO [0m:      aggregate_fit: received 10 results and 0 failures
INFO:flwr:aggregate_fit: received 10 results and 0 failures
[CascadeRouter] Round 41: 10 clients, 24578 parameters/client
[92mINFO [0m:      configure_evaluate: strategy sampled 10 clients (out of 10)
INFO:flwr:configure_evaluate: strategy sampled 10 clients (out of 10)
[36m(ClientAppActor pid=66464)[0m 
[36m(ClientAppActor pid=66464)[0m         
[36m(ClientAppActor pid=66464)[0m [93mWARNING [0m:   DEPRECATED FEATURE: `client_fn` now expects a signature `def client_fn(context: Context)`.The provided `client_fn` has signature: {'cid': <Parameter "cid: str">}. You can import the `Context` like this: `from flwr.app import Context`[32m [repeated 7x across cluster][0m
[36m(ClientAppActor pid=66464)[0m             This is a deprecated feature. It will be removed[32m [repeated 7x across cluster][0m
[36m(ClientAppActor pid=66464)[0m             entirely in future versions of Flower.[32m [repeated 7x across cluster][0m
[36m(ClientAppActor pid=66447)[0m 
[36m(ClientAppActor pid=66447)[0m         
[36m(ClientAppActor pid=66464)[0m 
[36m(ClientAppActor pid=66464)[0m         
[36m(ClientAppActor pid=66447)[0m 
[36m(ClientAppActor pid=66447)[0m         
[36m(ClientAppActor pid=66464)[0m 
[36m(ClientAppActor pid=66464)[0m         
[36m(ClientAppActor pid=66447)[0m 
[36m(ClientAppActor pid=66447)[0m         
[36m(ClientAppActor pid=66464)[0m 
[36m(ClientAppActor pid=66464)[0m         
[36m(ClientAppActor pid=66447)[0m 
[36m(ClientAppActor pid=66447)[0m         
[36m(ClientAppActor pid=66464)[0m 
[36m(ClientAppActor pid=66464)[0m         
[36m(ClientAppActor pid=66447)[0m 
[36m(ClientAppActor pid=66447)[0m         
[92mINFO [0m:      aggregate_evaluate: received 10 results and 0 failures
INFO:flwr:aggregate_evaluate: received 10 results and 0 failures
[92mINFO [0m:      
INFO:flwr:
[92mINFO [0m:      [ROUND 42]
INFO:flwr:[ROUND 42]
[92mINFO [0m:      configure_fit: strategy sampled 10 clients (out of 10)
INFO:flwr:configure_fit: strategy sampled 10 clients (out of 10)
[36m(ClientAppActor pid=66447)[0m [Client 7] Training on NVIDIA GeForce RTX 3060[32m [repeated 6x across cluster][0m
[36m(ClientAppActor pid=66447)[0m 
[36m(ClientAppActor pid=66447)[0m         
[36m(ClientAppActor pid=66464)[0m 
[36m(ClientAppActor pid=66464)[0m         
[36m(ClientAppActor pid=66464)[0m 
[36m(ClientAppActor pid=66464)[0m         
[36m(ClientAppActor pid=66464)[0m 
[36m(ClientAppActor pid=66464)[0m         
[36m(ClientAppActor pid=66464)[0m 
[36m(ClientAppActor pid=66464)[0m         
[36m(ClientAppActor pid=66464)[0m 
[36m(ClientAppActor pid=66464)[0m         
[36m(ClientAppActor pid=66464)[0m [93mWARNING [0m:   DEPRECATED FEATURE: `client_fn` now expects a signature `def client_fn(context: Context)`.The provided `client_fn` has signature: {'cid': <Parameter "cid: str">}. You can import the `Context` like this: `from flwr.app import Context`[32m [repeated 15x across cluster][0m
[36m(ClientAppActor pid=66464)[0m             This is a deprecated feature. It will be removed[32m [repeated 15x across cluster][0m
[36m(ClientAppActor pid=66464)[0m             entirely in future versions of Flower.[32m [repeated 15x across cluster][0m
[36m(ClientAppActor pid=66447)[0m 
[36m(ClientAppActor pid=66447)[0m         
[36m(ClientAppActor pid=66464)[0m 
[36m(ClientAppActor pid=66464)[0m         
[36m(ClientAppActor pid=66464)[0m 
[36m(ClientAppActor pid=66464)[0m         
[36m(ClientAppActor pid=66464)[0m [Client 1] Training on NVIDIA GeForce RTX 3060[32m [repeated 8x across cluster][0m
[36m(ClientAppActor pid=66464)[0m 
[36m(ClientAppActor pid=66464)[0m         
[92mINFO [0m:      aggregate_fit: received 10 results and 0 failures
INFO:flwr:aggregate_fit: received 10 results and 0 failures
[CascadeRouter] Round 42: 10 clients, 24578 parameters/client
[92mINFO [0m:      configure_evaluate: strategy sampled 10 clients (out of 10)
INFO:flwr:configure_evaluate: strategy sampled 10 clients (out of 10)
[36m(ClientAppActor pid=66464)[0m 
[36m(ClientAppActor pid=66464)[0m         
[36m(ClientAppActor pid=66464)[0m [93mWARNING [0m:   DEPRECATED FEATURE: `client_fn` now expects a signature `def client_fn(context: Context)`.The provided `client_fn` has signature: {'cid': <Parameter "cid: str">}. You can import the `Context` like this: `from flwr.app import Context`[32m [repeated 5x across cluster][0m
[36m(ClientAppActor pid=66464)[0m             This is a deprecated feature. It will be removed[32m [repeated 5x across cluster][0m
[36m(ClientAppActor pid=66464)[0m             entirely in future versions of Flower.[32m [repeated 5x across cluster][0m
[36m(ClientAppActor pid=66447)[0m 
[36m(ClientAppActor pid=66447)[0m         
[36m(ClientAppActor pid=66464)[0m 
[36m(ClientAppActor pid=66464)[0m         
[36m(ClientAppActor pid=66447)[0m 
[36m(ClientAppActor pid=66447)[0m         
[36m(ClientAppActor pid=66464)[0m 
[36m(ClientAppActor pid=66464)[0m         
[36m(ClientAppActor pid=66447)[0m 
[36m(ClientAppActor pid=66447)[0m         
[36m(ClientAppActor pid=66464)[0m 
[36m(ClientAppActor pid=66464)[0m         
[36m(ClientAppActor pid=66447)[0m 
[36m(ClientAppActor pid=66447)[0m         
[36m(ClientAppActor pid=66464)[0m 
[36m(ClientAppActor pid=66464)[0m         
[36m(ClientAppActor pid=66447)[0m 
[36m(ClientAppActor pid=66447)[0m         
[92mINFO [0m:      aggregate_evaluate: received 10 results and 0 failures
INFO:flwr:aggregate_evaluate: received 10 results and 0 failures
[92mINFO [0m:      
INFO:flwr:
[92mINFO [0m:      [ROUND 43]
INFO:flwr:[ROUND 43]
[92mINFO [0m:      configure_fit: strategy sampled 10 clients (out of 10)
INFO:flwr:configure_fit: strategy sampled 10 clients (out of 10)
[36m(ClientAppActor pid=66447)[0m [Client 1] Training on NVIDIA GeForce RTX 3060[32m [repeated 2x across cluster][0m
[36m(ClientAppActor pid=66447)[0m 
[36m(ClientAppActor pid=66447)[0m         
[36m(ClientAppActor pid=66464)[0m 
[36m(ClientAppActor pid=66464)[0m         
[36m(ClientAppActor pid=66447)[0m 
[36m(ClientAppActor pid=66447)[0m         
[36m(ClientAppActor pid=66464)[0m 
[36m(ClientAppActor pid=66464)[0m         
[36m(ClientAppActor pid=66464)[0m 
[36m(ClientAppActor pid=66464)[0m         
[36m(ClientAppActor pid=66464)[0m 
[36m(ClientAppActor pid=66464)[0m         
[36m(ClientAppActor pid=66447)[0m 
[36m(ClientAppActor pid=66447)[0m         
[36m(ClientAppActor pid=66447)[0m [93mWARNING [0m:   DEPRECATED FEATURE: `client_fn` now expects a signature `def client_fn(context: Context)`.The provided `client_fn` has signature: {'cid': <Parameter "cid: str">}. You can import the `Context` like this: `from flwr.app import Context`[32m [repeated 16x across cluster][0m
[36m(ClientAppActor pid=66447)[0m             This is a deprecated feature. It will be removed[32m [repeated 16x across cluster][0m
[36m(ClientAppActor pid=66447)[0m             entirely in future versions of Flower.[32m [repeated 16x across cluster][0m
[36m(ClientAppActor pid=66447)[0m 
[36m(ClientAppActor pid=66447)[0m         
[36m(ClientAppActor pid=66464)[0m 
[36m(ClientAppActor pid=66464)[0m         
[36m(ClientAppActor pid=66464)[0m [Client 9] Training on NVIDIA GeForce RTX 3060[32m [repeated 8x across cluster][0m
[36m(ClientAppActor pid=66464)[0m 
[36m(ClientAppActor pid=66464)[0m         
[92mINFO [0m:      aggregate_fit: received 10 results and 0 failures
INFO:flwr:aggregate_fit: received 10 results and 0 failures
[CascadeRouter] Round 43: 10 clients, 24578 parameters/client
[92mINFO [0m:      configure_evaluate: strategy sampled 10 clients (out of 10)
INFO:flwr:configure_evaluate: strategy sampled 10 clients (out of 10)
[36m(ClientAppActor pid=66464)[0m 
[36m(ClientAppActor pid=66464)[0m         
[36m(ClientAppActor pid=66464)[0m [93mWARNING [0m:   DEPRECATED FEATURE: `client_fn` now expects a signature `def client_fn(context: Context)`.The provided `client_fn` has signature: {'cid': <Parameter "cid: str">}. You can import the `Context` like this: `from flwr.app import Context`[32m [repeated 4x across cluster][0m
[36m(ClientAppActor pid=66464)[0m             This is a deprecated feature. It will be removed[32m [repeated 4x across cluster][0m
[36m(ClientAppActor pid=66464)[0m             entirely in future versions of Flower.[32m [repeated 4x across cluster][0m
[36m(ClientAppActor pid=66447)[0m 
[36m(ClientAppActor pid=66447)[0m         
[36m(ClientAppActor pid=66464)[0m 
[36m(ClientAppActor pid=66464)[0m         
[36m(ClientAppActor pid=66447)[0m 
[36m(ClientAppActor pid=66447)[0m         
[36m(ClientAppActor pid=66464)[0m 
[36m(ClientAppActor pid=66464)[0m         
[36m(ClientAppActor pid=66447)[0m 
[36m(ClientAppActor pid=66447)[0m         
[36m(ClientAppActor pid=66464)[0m 
[36m(ClientAppActor pid=66464)[0m         
[36m(ClientAppActor pid=66447)[0m 
[36m(ClientAppActor pid=66447)[0m         
[36m(ClientAppActor pid=66464)[0m 
[36m(ClientAppActor pid=66464)[0m         
[36m(ClientAppActor pid=66447)[0m 
[36m(ClientAppActor pid=66447)[0m         
[92mINFO [0m:      aggregate_evaluate: received 10 results and 0 failures
INFO:flwr:aggregate_evaluate: received 10 results and 0 failures
[92mINFO [0m:      
INFO:flwr:
[92mINFO [0m:      [ROUND 44]
INFO:flwr:[ROUND 44]
[92mINFO [0m:      configure_fit: strategy sampled 10 clients (out of 10)
INFO:flwr:configure_fit: strategy sampled 10 clients (out of 10)
[36m(ClientAppActor pid=66447)[0m [Client 3] Training on NVIDIA GeForce RTX 3060[32m [repeated 2x across cluster][0m
[36m(ClientAppActor pid=66447)[0m 
[36m(ClientAppActor pid=66447)[0m         
[36m(ClientAppActor pid=66464)[0m 
[36m(ClientAppActor pid=66464)[0m         
[36m(ClientAppActor pid=66447)[0m 
[36m(ClientAppActor pid=66447)[0m         
[36m(ClientAppActor pid=66447)[0m 
[36m(ClientAppActor pid=66447)[0m         
[36m(ClientAppActor pid=66447)[0m 
[36m(ClientAppActor pid=66447)[0m         
[36m(ClientAppActor pid=66464)[0m 
[36m(ClientAppActor pid=66464)[0m         
[36m(ClientAppActor pid=66447)[0m 
[36m(ClientAppActor pid=66447)[0m         
[36m(ClientAppActor pid=66447)[0m [93mWARNING [0m:   DEPRECATED FEATURE: `client_fn` now expects a signature `def client_fn(context: Context)`.The provided `client_fn` has signature: {'cid': <Parameter "cid: str">}. You can import the `Context` like this: `from flwr.app import Context`[32m [repeated 16x across cluster][0m
[36m(ClientAppActor pid=66447)[0m             This is a deprecated feature. It will be removed[32m [repeated 16x across cluster][0m
[36m(ClientAppActor pid=66447)[0m             entirely in future versions of Flower.[32m [repeated 16x across cluster][0m
[36m(ClientAppActor pid=66464)[0m 
[36m(ClientAppActor pid=66464)[0m         
[36m(ClientAppActor pid=66464)[0m [Client 7] Training on NVIDIA GeForce RTX 3060[32m [repeated 7x across cluster][0m
[36m(ClientAppActor pid=66447)[0m 
[36m(ClientAppActor pid=66447)[0m         
[36m(ClientAppActor pid=66447)[0m [93mWARNING [0m:   DEPRECATED FEATURE: `client_fn` now expects a signature `def client_fn(context: Context)`.The provided `client_fn` has signature: {'cid': <Parameter "cid: str">}. You can import the `Context` like this: `from flwr.app import Context`[32m [repeated 2x across cluster][0m
[36m(ClientAppActor pid=66447)[0m             This is a deprecated feature. It will be removed[32m [repeated 2x across cluster][0m
[36m(ClientAppActor pid=66447)[0m             entirely in future versions of Flower.[32m [repeated 2x across cluster][0m
[36m(ClientAppActor pid=66464)[0m 
[36m(ClientAppActor pid=66464)[0m         
[92mINFO [0m:      aggregate_fit: received 10 results and 0 failures
INFO:flwr:aggregate_fit: received 10 results and 0 failures
[CascadeRouter] Round 44: 10 clients, 24578 parameters/client
[92mINFO [0m:      configure_evaluate: strategy sampled 10 clients (out of 10)
INFO:flwr:configure_evaluate: strategy sampled 10 clients (out of 10)
[36m(ClientAppActor pid=66464)[0m 
[36m(ClientAppActor pid=66464)[0m         
[36m(ClientAppActor pid=66447)[0m 
[36m(ClientAppActor pid=66447)[0m         
[36m(ClientAppActor pid=66447)[0m 
[36m(ClientAppActor pid=66447)[0m         
[36m(ClientAppActor pid=66464)[0m 
[36m(ClientAppActor pid=66464)[0m         
[36m(ClientAppActor pid=66464)[0m 
[36m(ClientAppActor pid=66464)[0m         
[36m(ClientAppActor pid=66447)[0m 
[36m(ClientAppActor pid=66447)[0m         
[36m(ClientAppActor pid=66464)[0m 
[36m(ClientAppActor pid=66464)[0m         
[36m(ClientAppActor pid=66447)[0m 
[36m(ClientAppActor pid=66447)[0m         
[36m(ClientAppActor pid=66464)[0m 
[36m(ClientAppActor pid=66464)[0m         
[36m(ClientAppActor pid=66447)[0m 
[36m(ClientAppActor pid=66447)[0m         
[92mINFO [0m:      aggregate_evaluate: received 10 results and 0 failures
INFO:flwr:aggregate_evaluate: received 10 results and 0 failures
[92mINFO [0m:      
INFO:flwr:
[92mINFO [0m:      [ROUND 45]
INFO:flwr:[ROUND 45]
[92mINFO [0m:      configure_fit: strategy sampled 10 clients (out of 10)
INFO:flwr:configure_fit: strategy sampled 10 clients (out of 10)
[36m(ClientAppActor pid=66447)[0m [Client 9] Training on NVIDIA GeForce RTX 3060[32m [repeated 3x across cluster][0m
[36m(ClientAppActor pid=66447)[0m 
[36m(ClientAppActor pid=66447)[0m         
[36m(ClientAppActor pid=66464)[0m 
[36m(ClientAppActor pid=66464)[0m         
[36m(ClientAppActor pid=66447)[0m 
[36m(ClientAppActor pid=66447)[0m         
[36m(ClientAppActor pid=66464)[0m 
[36m(ClientAppActor pid=66464)[0m         
[36m(ClientAppActor pid=66464)[0m 
[36m(ClientAppActor pid=66464)[0m         
[36m(ClientAppActor pid=66464)[0m [93mWARNING [0m:   DEPRECATED FEATURE: `client_fn` now expects a signature `def client_fn(context: Context)`.The provided `client_fn` has signature: {'cid': <Parameter "cid: str">}. You can import the `Context` like this: `from flwr.app import Context`[32m [repeated 16x across cluster][0m
[36m(ClientAppActor pid=66464)[0m             This is a deprecated feature. It will be removed[32m [repeated 16x across cluster][0m
[36m(ClientAppActor pid=66464)[0m             entirely in future versions of Flower.[32m [repeated 16x across cluster][0m
[36m(ClientAppActor pid=66447)[0m 
[36m(ClientAppActor pid=66447)[0m         
[36m(ClientAppActor pid=66447)[0m 
[36m(ClientAppActor pid=66447)[0m         
[36m(ClientAppActor pid=66464)[0m 
[36m(ClientAppActor pid=66464)[0m         
[36m(ClientAppActor pid=66464)[0m [Client 3] Training on NVIDIA GeForce RTX 3060[32m [repeated 7x across cluster][0m
[36m(ClientAppActor pid=66464)[0m 
[36m(ClientAppActor pid=66464)[0m         
[36m(ClientAppActor pid=66447)[0m 
[36m(ClientAppActor pid=66447)[0m         
[36m(ClientAppActor pid=66447)[0m [93mWARNING [0m:   DEPRECATED FEATURE: `client_fn` now expects a signature `def client_fn(context: Context)`.The provided `client_fn` has signature: {'cid': <Parameter "cid: str">}. You can import the `Context` like this: `from flwr.app import Context`[32m [repeated 5x across cluster][0m
[36m(ClientAppActor pid=66447)[0m             This is a deprecated feature. It will be removed[32m [repeated 5x across cluster][0m
[36m(ClientAppActor pid=66447)[0m             entirely in future versions of Flower.[32m [repeated 5x across cluster][0m
[92mINFO [0m:      aggregate_fit: received 10 results and 0 failures
INFO:flwr:aggregate_fit: received 10 results and 0 failures
[CascadeRouter] Round 45: 10 clients, 24578 parameters/client
[92mINFO [0m:      configure_evaluate: strategy sampled 10 clients (out of 10)
INFO:flwr:configure_evaluate: strategy sampled 10 clients (out of 10)
[36m(ClientAppActor pid=66464)[0m 
[36m(ClientAppActor pid=66464)[0m         
[36m(ClientAppActor pid=66447)[0m 
[36m(ClientAppActor pid=66447)[0m         
[36m(ClientAppActor pid=66447)[0m 
[36m(ClientAppActor pid=66447)[0m         
[36m(ClientAppActor pid=66464)[0m 
[36m(ClientAppActor pid=66464)[0m         
[36m(ClientAppActor pid=66447)[0m 
[36m(ClientAppActor pid=66447)[0m         
[36m(ClientAppActor pid=66464)[0m 
[36m(ClientAppActor pid=66464)[0m         
[36m(ClientAppActor pid=66464)[0m 
[36m(ClientAppActor pid=66464)[0m         
[36m(ClientAppActor pid=66447)[0m 
[36m(ClientAppActor pid=66447)[0m         
[36m(ClientAppActor pid=66447)[0m 
[36m(ClientAppActor pid=66447)[0m         
[36m(ClientAppActor pid=66464)[0m 
[36m(ClientAppActor pid=66464)[0m         
[92mINFO [0m:      aggregate_evaluate: received 10 results and 0 failures
INFO:flwr:aggregate_evaluate: received 10 results and 0 failures
[92mINFO [0m:      
INFO:flwr:
[92mINFO [0m:      [ROUND 46]
INFO:flwr:[ROUND 46]
[92mINFO [0m:      configure_fit: strategy sampled 10 clients (out of 10)
INFO:flwr:configure_fit: strategy sampled 10 clients (out of 10)
[36m(ClientAppActor pid=66464)[0m 
[36m(ClientAppActor pid=66464)[0m         
[36m(ClientAppActor pid=66464)[0m [Client 9] Training on NVIDIA GeForce RTX 3060[32m [repeated 3x across cluster][0m
[36m(ClientAppActor pid=66447)[0m 
[36m(ClientAppActor pid=66447)[0m         
[36m(ClientAppActor pid=66464)[0m 
[36m(ClientAppActor pid=66464)[0m         
[36m(ClientAppActor pid=66464)[0m 
[36m(ClientAppActor pid=66464)[0m         
[36m(ClientAppActor pid=66464)[0m [93mWARNING [0m:   DEPRECATED FEATURE: `client_fn` now expects a signature `def client_fn(context: Context)`.The provided `client_fn` has signature: {'cid': <Parameter "cid: str">}. You can import the `Context` like this: `from flwr.app import Context`[32m [repeated 14x across cluster][0m
[36m(ClientAppActor pid=66464)[0m             This is a deprecated feature. It will be removed[32m [repeated 14x across cluster][0m
[36m(ClientAppActor pid=66464)[0m             entirely in future versions of Flower.[32m [repeated 14x across cluster][0m
[36m(ClientAppActor pid=66464)[0m 
[36m(ClientAppActor pid=66464)[0m         
[36m(ClientAppActor pid=66464)[0m 
[36m(ClientAppActor pid=66464)[0m         
[36m(ClientAppActor pid=66464)[0m [Client 2] Training on NVIDIA GeForce RTX 3060[32m [repeated 5x across cluster][0m
[36m(ClientAppActor pid=66447)[0m 
[36m(ClientAppActor pid=66447)[0m         
[36m(ClientAppActor pid=66464)[0m 
[36m(ClientAppActor pid=66464)[0m         
[36m(ClientAppActor pid=66464)[0m 
[36m(ClientAppActor pid=66464)[0m         
[36m(ClientAppActor pid=66464)[0m [93mWARNING [0m:   DEPRECATED FEATURE: `client_fn` now expects a signature `def client_fn(context: Context)`.The provided `client_fn` has signature: {'cid': <Parameter "cid: str">}. You can import the `Context` like this: `from flwr.app import Context`[32m [repeated 5x across cluster][0m
[36m(ClientAppActor pid=66464)[0m             This is a deprecated feature. It will be removed[32m [repeated 5x across cluster][0m
[36m(ClientAppActor pid=66464)[0m             entirely in future versions of Flower.[32m [repeated 5x across cluster][0m
[36m(ClientAppActor pid=66464)[0m 
[36m(ClientAppActor pid=66464)[0m         
[92mINFO [0m:      aggregate_fit: received 10 results and 0 failures
INFO:flwr:aggregate_fit: received 10 results and 0 failures
[CascadeRouter] Round 46: 10 clients, 24578 parameters/client
[92mINFO [0m:      configure_evaluate: strategy sampled 10 clients (out of 10)
INFO:flwr:configure_evaluate: strategy sampled 10 clients (out of 10)
[36m(ClientAppActor pid=66464)[0m 
[36m(ClientAppActor pid=66464)[0m         
[36m(ClientAppActor pid=66447)[0m 
[36m(ClientAppActor pid=66447)[0m         
[36m(ClientAppActor pid=66464)[0m 
[36m(ClientAppActor pid=66464)[0m         
[36m(ClientAppActor pid=66447)[0m 
[36m(ClientAppActor pid=66447)[0m         
[36m(ClientAppActor pid=66464)[0m 
[36m(ClientAppActor pid=66464)[0m         
[36m(ClientAppActor pid=66447)[0m 
[36m(ClientAppActor pid=66447)[0m         
[36m(ClientAppActor pid=66464)[0m 
[36m(ClientAppActor pid=66464)[0m         
[36m(ClientAppActor pid=66447)[0m 
[36m(ClientAppActor pid=66447)[0m         
[36m(ClientAppActor pid=66464)[0m 
[36m(ClientAppActor pid=66464)[0m         
[36m(ClientAppActor pid=66447)[0m 
[36m(ClientAppActor pid=66447)[0m         
[92mINFO [0m:      aggregate_evaluate: received 10 results and 0 failures
INFO:flwr:aggregate_evaluate: received 10 results and 0 failures
[92mINFO [0m:      
INFO:flwr:
[92mINFO [0m:      [ROUND 47]
INFO:flwr:[ROUND 47]
[92mINFO [0m:      configure_fit: strategy sampled 10 clients (out of 10)
INFO:flwr:configure_fit: strategy sampled 10 clients (out of 10)
[36m(ClientAppActor pid=66447)[0m [Client 4] Training on NVIDIA GeForce RTX 3060[32m [repeated 5x across cluster][0m
[36m(ClientAppActor pid=66447)[0m 
[36m(ClientAppActor pid=66447)[0m         
[36m(ClientAppActor pid=66464)[0m 
[36m(ClientAppActor pid=66464)[0m         
[36m(ClientAppActor pid=66464)[0m 
[36m(ClientAppActor pid=66464)[0m         
[36m(ClientAppActor pid=66464)[0m [93mWARNING [0m:   DEPRECATED FEATURE: `client_fn` now expects a signature `def client_fn(context: Context)`.The provided `client_fn` has signature: {'cid': <Parameter "cid: str">}. You can import the `Context` like this: `from flwr.app import Context`[32m [repeated 14x across cluster][0m
[36m(ClientAppActor pid=66464)[0m             This is a deprecated feature. It will be removed[32m [repeated 14x across cluster][0m
[36m(ClientAppActor pid=66464)[0m             entirely in future versions of Flower.[32m [repeated 14x across cluster][0m
[36m(ClientAppActor pid=66464)[0m 
[36m(ClientAppActor pid=66464)[0m         
[36m(ClientAppActor pid=66464)[0m [Client 6] Training on NVIDIA GeForce RTX 3060[32m [repeated 3x across cluster][0m
[36m(ClientAppActor pid=66447)[0m 
[36m(ClientAppActor pid=66447)[0m         
[36m(ClientAppActor pid=66447)[0m 
[36m(ClientAppActor pid=66447)[0m         
[36m(ClientAppActor pid=66464)[0m 
[36m(ClientAppActor pid=66464)[0m         
[36m(ClientAppActor pid=66464)[0m [93mWARNING [0m:   DEPRECATED FEATURE: `client_fn` now expects a signature `def client_fn(context: Context)`.The provided `client_fn` has signature: {'cid': <Parameter "cid: str">}. You can import the `Context` like this: `from flwr.app import Context`[32m [repeated 4x across cluster][0m
[36m(ClientAppActor pid=66464)[0m             This is a deprecated feature. It will be removed[32m [repeated 4x across cluster][0m
[36m(ClientAppActor pid=66464)[0m             entirely in future versions of Flower.[32m [repeated 4x across cluster][0m
[36m(ClientAppActor pid=66447)[0m 
[36m(ClientAppActor pid=66447)[0m         
[36m(ClientAppActor pid=66464)[0m 
[36m(ClientAppActor pid=66464)[0m         
[36m(ClientAppActor pid=66447)[0m 
[36m(ClientAppActor pid=66447)[0m         
[92mINFO [0m:      aggregate_fit: received 10 results and 0 failures
INFO:flwr:aggregate_fit: received 10 results and 0 failures
[CascadeRouter] Round 47: 10 clients, 24578 parameters/client
[92mINFO [0m:      configure_evaluate: strategy sampled 10 clients (out of 10)
INFO:flwr:configure_evaluate: strategy sampled 10 clients (out of 10)
[36m(ClientAppActor pid=66464)[0m 
[36m(ClientAppActor pid=66464)[0m         
[36m(ClientAppActor pid=66447)[0m 
[36m(ClientAppActor pid=66447)[0m         
[36m(ClientAppActor pid=66464)[0m 
[36m(ClientAppActor pid=66464)[0m         
[36m(ClientAppActor pid=66464)[0m [93mWARNING [0m:   DEPRECATED FEATURE: `client_fn` now expects a signature `def client_fn(context: Context)`.The provided `client_fn` has signature: {'cid': <Parameter "cid: str">}. You can import the `Context` like this: `from flwr.app import Context`[32m [repeated 6x across cluster][0m
[36m(ClientAppActor pid=66464)[0m             This is a deprecated feature. It will be removed[32m [repeated 6x across cluster][0m
[36m(ClientAppActor pid=66464)[0m             entirely in future versions of Flower.[32m [repeated 6x across cluster][0m
[36m(ClientAppActor pid=66447)[0m 
[36m(ClientAppActor pid=66447)[0m         
[36m(ClientAppActor pid=66464)[0m 
[36m(ClientAppActor pid=66464)[0m         
[36m(ClientAppActor pid=66447)[0m 
[36m(ClientAppActor pid=66447)[0m         
[36m(ClientAppActor pid=66464)[0m 
[36m(ClientAppActor pid=66464)[0m         
[36m(ClientAppActor pid=66447)[0m 
[36m(ClientAppActor pid=66447)[0m         
[36m(ClientAppActor pid=66464)[0m 
[36m(ClientAppActor pid=66464)[0m         
[36m(ClientAppActor pid=66447)[0m 
[36m(ClientAppActor pid=66447)[0m         
[92mINFO [0m:      aggregate_evaluate: received 10 results and 0 failures
INFO:flwr:aggregate_evaluate: received 10 results and 0 failures
[92mINFO [0m:      
INFO:flwr:
[92mINFO [0m:      [ROUND 48]
INFO:flwr:[ROUND 48]
[92mINFO [0m:      configure_fit: strategy sampled 10 clients (out of 10)
INFO:flwr:configure_fit: strategy sampled 10 clients (out of 10)
[36m(ClientAppActor pid=66447)[0m [Client 3] Training on NVIDIA GeForce RTX 3060[32m [repeated 7x across cluster][0m
[36m(ClientAppActor pid=66447)[0m 
[36m(ClientAppActor pid=66447)[0m         
[36m(ClientAppActor pid=66464)[0m 
[36m(ClientAppActor pid=66464)[0m         
[36m(ClientAppActor pid=66447)[0m 
[36m(ClientAppActor pid=66447)[0m         
[36m(ClientAppActor pid=66447)[0m 
[36m(ClientAppActor pid=66447)[0m         
[36m(ClientAppActor pid=66464)[0m 
[36m(ClientAppActor pid=66464)[0m         
[36m(ClientAppActor pid=66447)[0m 
[36m(ClientAppActor pid=66447)[0m         
[36m(ClientAppActor pid=66464)[0m 
[36m(ClientAppActor pid=66464)[0m         
[36m(ClientAppActor pid=66464)[0m [93mWARNING [0m:   DEPRECATED FEATURE: `client_fn` now expects a signature `def client_fn(context: Context)`.The provided `client_fn` has signature: {'cid': <Parameter "cid: str">}. You can import the `Context` like this: `from flwr.app import Context`[32m [repeated 14x across cluster][0m
[36m(ClientAppActor pid=66464)[0m             This is a deprecated feature. It will be removed[32m [repeated 14x across cluster][0m
[36m(ClientAppActor pid=66464)[0m             entirely in future versions of Flower.[32m [repeated 14x across cluster][0m
[36m(ClientAppActor pid=66447)[0m 
[36m(ClientAppActor pid=66447)[0m         
[36m(ClientAppActor pid=66464)[0m 
[36m(ClientAppActor pid=66464)[0m         
[36m(ClientAppActor pid=66464)[0m [Client 9] Training on NVIDIA GeForce RTX 3060[32m [repeated 8x across cluster][0m
[36m(ClientAppActor pid=66464)[0m 
[36m(ClientAppActor pid=66464)[0m         
[36m(ClientAppActor pid=66464)[0m [93mWARNING [0m:   DEPRECATED FEATURE: `client_fn` now expects a signature `def client_fn(context: Context)`.The provided `client_fn` has signature: {'cid': <Parameter "cid: str">}. You can import the `Context` like this: `from flwr.app import Context`[32m [repeated 3x across cluster][0m
[36m(ClientAppActor pid=66464)[0m             This is a deprecated feature. It will be removed[32m [repeated 3x across cluster][0m
[36m(ClientAppActor pid=66464)[0m             entirely in future versions of Flower.[32m [repeated 3x across cluster][0m
[92mINFO [0m:      aggregate_fit: received 10 results and 0 failures
INFO:flwr:aggregate_fit: received 10 results and 0 failures
[CascadeRouter] Round 48: 10 clients, 24578 parameters/client
[92mINFO [0m:      configure_evaluate: strategy sampled 10 clients (out of 10)
INFO:flwr:configure_evaluate: strategy sampled 10 clients (out of 10)
[36m(ClientAppActor pid=66464)[0m 
[36m(ClientAppActor pid=66464)[0m         
[36m(ClientAppActor pid=66447)[0m 
[36m(ClientAppActor pid=66447)[0m         
[36m(ClientAppActor pid=66464)[0m 
[36m(ClientAppActor pid=66464)[0m         
[36m(ClientAppActor pid=66464)[0m 
[36m(ClientAppActor pid=66464)[0m         
[36m(ClientAppActor pid=66447)[0m 
[36m(ClientAppActor pid=66447)[0m         
[36m(ClientAppActor pid=66447)[0m 
[36m(ClientAppActor pid=66447)[0m         
[36m(ClientAppActor pid=66464)[0m 
[36m(ClientAppActor pid=66464)[0m         
[36m(ClientAppActor pid=66447)[0m 
[36m(ClientAppActor pid=66447)[0m         
[36m(ClientAppActor pid=66464)[0m 
[36m(ClientAppActor pid=66464)[0m         
[36m(ClientAppActor pid=66447)[0m 
[36m(ClientAppActor pid=66447)[0m         
[92mINFO [0m:      aggregate_evaluate: received 10 results and 0 failures
INFO:flwr:aggregate_evaluate: received 10 results and 0 failures
[92mINFO [0m:      
INFO:flwr:
[92mINFO [0m:      [ROUND 49]
INFO:flwr:[ROUND 49]
[92mINFO [0m:      configure_fit: strategy sampled 10 clients (out of 10)
INFO:flwr:configure_fit: strategy sampled 10 clients (out of 10)
[36m(ClientAppActor pid=66447)[0m 
[36m(ClientAppActor pid=66447)[0m         
[36m(ClientAppActor pid=66464)[0m 
[36m(ClientAppActor pid=66464)[0m         
[36m(ClientAppActor pid=66464)[0m [Client 1] Training on NVIDIA GeForce RTX 3060[32m [repeated 2x across cluster][0m
[36m(ClientAppActor pid=66447)[0m 
[36m(ClientAppActor pid=66447)[0m         
[36m(ClientAppActor pid=66464)[0m 
[36m(ClientAppActor pid=66464)[0m         
[36m(ClientAppActor pid=66464)[0m [93mWARNING [0m:   DEPRECATED FEATURE: `client_fn` now expects a signature `def client_fn(context: Context)`.The provided `client_fn` has signature: {'cid': <Parameter "cid: str">}. You can import the `Context` like this: `from flwr.app import Context`[32m [repeated 14x across cluster][0m
[36m(ClientAppActor pid=66464)[0m             This is a deprecated feature. It will be removed[32m [repeated 14x across cluster][0m
[36m(ClientAppActor pid=66464)[0m             entirely in future versions of Flower.[32m [repeated 14x across cluster][0m
[36m(ClientAppActor pid=66464)[0m 
[36m(ClientAppActor pid=66464)[0m         
[36m(ClientAppActor pid=66447)[0m 
[36m(ClientAppActor pid=66447)[0m         
[36m(ClientAppActor pid=66464)[0m 
[36m(ClientAppActor pid=66464)[0m         
[36m(ClientAppActor pid=66447)[0m [Client 7] Training on NVIDIA GeForce RTX 3060[32m [repeated 7x across cluster][0m
[36m(ClientAppActor pid=66447)[0m 
[36m(ClientAppActor pid=66447)[0m         
[36m(ClientAppActor pid=66447)[0m 
[36m(ClientAppActor pid=66447)[0m         
[36m(ClientAppActor pid=66447)[0m [93mWARNING [0m:   DEPRECATED FEATURE: `client_fn` now expects a signature `def client_fn(context: Context)`.The provided `client_fn` has signature: {'cid': <Parameter "cid: str">}. You can import the `Context` like this: `from flwr.app import Context`[32m [repeated 5x across cluster][0m
[36m(ClientAppActor pid=66447)[0m             This is a deprecated feature. It will be removed[32m [repeated 5x across cluster][0m
[36m(ClientAppActor pid=66447)[0m             entirely in future versions of Flower.[32m [repeated 5x across cluster][0m
[36m(ClientAppActor pid=66464)[0m 
[36m(ClientAppActor pid=66464)[0m         
[36m(ClientAppActor pid=66464)[0m [Client 2] Training on NVIDIA GeForce RTX 3060[32m [repeated 2x across cluster][0m
[92mINFO [0m:      aggregate_fit: received 10 results and 0 failures
INFO:flwr:aggregate_fit: received 10 results and 0 failures
[CascadeRouter] Round 49: 10 clients, 24578 parameters/client
[92mINFO [0m:      configure_evaluate: strategy sampled 10 clients (out of 10)
INFO:flwr:configure_evaluate: strategy sampled 10 clients (out of 10)
[36m(ClientAppActor pid=66464)[0m 
[36m(ClientAppActor pid=66464)[0m         
[36m(ClientAppActor pid=66447)[0m 
[36m(ClientAppActor pid=66447)[0m         
[36m(ClientAppActor pid=66464)[0m 
[36m(ClientAppActor pid=66464)[0m         
[36m(ClientAppActor pid=66447)[0m 
[36m(ClientAppActor pid=66447)[0m         
[36m(ClientAppActor pid=66464)[0m 
[36m(ClientAppActor pid=66464)[0m         
[36m(ClientAppActor pid=66447)[0m 
[36m(ClientAppActor pid=66447)[0m         
[36m(ClientAppActor pid=66464)[0m 
[36m(ClientAppActor pid=66464)[0m         
[36m(ClientAppActor pid=66447)[0m 
[36m(ClientAppActor pid=66447)[0m         
[36m(ClientAppActor pid=66464)[0m 
[36m(ClientAppActor pid=66464)[0m         
[36m(ClientAppActor pid=66447)[0m 
[36m(ClientAppActor pid=66447)[0m         
[92mINFO [0m:      aggregate_evaluate: received 10 results and 0 failures
INFO:flwr:aggregate_evaluate: received 10 results and 0 failures
[92mINFO [0m:      
INFO:flwr:
[92mINFO [0m:      [ROUND 50]
INFO:flwr:[ROUND 50]
[92mINFO [0m:      configure_fit: strategy sampled 10 clients (out of 10)
INFO:flwr:configure_fit: strategy sampled 10 clients (out of 10)
[36m(ClientAppActor pid=66464)[0m 
[36m(ClientAppActor pid=66464)[0m         
[36m(ClientAppActor pid=66447)[0m 
[36m(ClientAppActor pid=66447)[0m         
[36m(ClientAppActor pid=66447)[0m 
[36m(ClientAppActor pid=66447)[0m         
[36m(ClientAppActor pid=66464)[0m 
[36m(ClientAppActor pid=66464)[0m         
[36m(ClientAppActor pid=66464)[0m 
[36m(ClientAppActor pid=66464)[0m         
[36m(ClientAppActor pid=66447)[0m [Client 2] Training on NVIDIA GeForce RTX 3060[32m [repeated 6x across cluster][0m
[36m(ClientAppActor pid=66447)[0m 
[36m(ClientAppActor pid=66447)[0m         
[36m(ClientAppActor pid=66447)[0m [93mWARNING [0m:   DEPRECATED FEATURE: `client_fn` now expects a signature `def client_fn(context: Context)`.The provided `client_fn` has signature: {'cid': <Parameter "cid: str">}. You can import the `Context` like this: `from flwr.app import Context`[32m [repeated 17x across cluster][0m
[36m(ClientAppActor pid=66447)[0m             This is a deprecated feature. It will be removed[32m [repeated 17x across cluster][0m
[36m(ClientAppActor pid=66447)[0m             entirely in future versions of Flower.[32m [repeated 17x across cluster][0m
[36m(ClientAppActor pid=66447)[0m 
[36m(ClientAppActor pid=66447)[0m         
[36m(ClientAppActor pid=66464)[0m 
[36m(ClientAppActor pid=66464)[0m         
[36m(ClientAppActor pid=66447)[0m [Client 1] Training on NVIDIA GeForce RTX 3060[32m [repeated 3x across cluster][0m
[36m(ClientAppActor pid=66447)[0m 
[36m(ClientAppActor pid=66447)[0m         
[36m(ClientAppActor pid=66447)[0m [93mWARNING [0m:   DEPRECATED FEATURE: `client_fn` now expects a signature `def client_fn(context: Context)`.The provided `client_fn` has signature: {'cid': <Parameter "cid: str">}. You can import the `Context` like this: `from flwr.app import Context`[32m [repeated 3x across cluster][0m
[36m(ClientAppActor pid=66447)[0m             This is a deprecated feature. It will be removed[32m [repeated 3x across cluster][0m
[36m(ClientAppActor pid=66447)[0m             entirely in future versions of Flower.[32m [repeated 3x across cluster][0m
[36m(ClientAppActor pid=66464)[0m 
[36m(ClientAppActor pid=66464)[0m         
[92mINFO [0m:      aggregate_fit: received 10 results and 0 failures
INFO:flwr:aggregate_fit: received 10 results and 0 failures
[CascadeRouter] Round 50: 10 clients, 24578 parameters/client
[92mINFO [0m:      configure_evaluate: strategy sampled 10 clients (out of 10)
INFO:flwr:configure_evaluate: strategy sampled 10 clients (out of 10)
[36m(ClientAppActor pid=66447)[0m 
[36m(ClientAppActor pid=66447)[0m         
[36m(ClientAppActor pid=66464)[0m 
[36m(ClientAppActor pid=66464)[0m         
[36m(ClientAppActor pid=66464)[0m 
[36m(ClientAppActor pid=66464)[0m         
[36m(ClientAppActor pid=66447)[0m 
[36m(ClientAppActor pid=66447)[0m         
[36m(ClientAppActor pid=66464)[0m 
[36m(ClientAppActor pid=66464)[0m         
[36m(ClientAppActor pid=66447)[0m 
[36m(ClientAppActor pid=66447)[0m         
[36m(ClientAppActor pid=66447)[0m 
[36m(ClientAppActor pid=66447)[0m         
[36m(ClientAppActor pid=66464)[0m 
[36m(ClientAppActor pid=66464)[0m         
[36m(ClientAppActor pid=66464)[0m 
[36m(ClientAppActor pid=66464)[0m         
[36m(ClientAppActor pid=66447)[0m 
[36m(ClientAppActor pid=66447)[0m         
[92mINFO [0m:      aggregate_evaluate: received 10 results and 0 failures
INFO:flwr:aggregate_evaluate: received 10 results and 0 failures
[92mINFO [0m:      
INFO:flwr:
[92mINFO [0m:      [SUMMARY]
INFO:flwr:[SUMMARY]
[92mINFO [0m:      Run finished 50 round(s) in 627.92s
INFO:flwr:Run finished 50 round(s) in 627.92s
[92mINFO [0m:      	History (loss, distributed):
INFO:flwr:	History (loss, distributed):
[92mINFO [0m:      		round 1: 0.14411270126501718
INFO:flwr:		round 1: 0.14411270126501718
[92mINFO [0m:      		round 2: 0.1293608163833618
INFO:flwr:		round 2: 0.1293608163833618
[92mINFO [0m:      		round 3: 0.13317141571044921
INFO:flwr:		round 3: 0.13317141571044921
[92mINFO [0m:      		round 4: 0.11535102488199869
INFO:flwr:		round 4: 0.11535102488199869
[92mINFO [0m:      		round 5: 0.12924965662956237
INFO:flwr:		round 5: 0.12924965662956237
[92mINFO [0m:      		round 6: 0.12493104376792907
INFO:flwr:		round 6: 0.12493104376792907
[92mINFO [0m:      		round 7: 0.13529026374022166
INFO:flwr:		round 7: 0.13529026374022166
[92mINFO [0m:      		round 8: 0.12226709422270457
INFO:flwr:		round 8: 0.12226709422270457
[92mINFO [0m:      		round 9: 0.1283781540791194
INFO:flwr:		round 9: 0.1283781540791194
[92mINFO [0m:      		round 10: 0.15236266882419586
INFO:flwr:		round 10: 0.15236266882419586
[92mINFO [0m:      		round 11: 0.1230270192861557
INFO:flwr:		round 11: 0.1230270192861557
[92mINFO [0m:      		round 12: 0.14967551800409953
INFO:flwr:		round 12: 0.14967551800409953
[92mINFO [0m:      		round 13: 0.12947845741113023
INFO:flwr:		round 13: 0.12947845741113023
[92mINFO [0m:      		round 14: 0.15518923087914785
INFO:flwr:		round 14: 0.15518923087914785
[92mINFO [0m:      		round 15: 0.13217623777389523
INFO:flwr:		round 15: 0.13217623777389523
[92mINFO [0m:      		round 16: 0.1272160723845164
INFO:flwr:		round 16: 0.1272160723845164
[92mINFO [0m:      		round 17: 0.1287550882657369
INFO:flwr:		round 17: 0.1287550882657369
[92mINFO [0m:      		round 18: 0.12301017290751139
INFO:flwr:		round 18: 0.12301017290751139
[92mINFO [0m:      		round 19: 0.12648556467692057
INFO:flwr:		round 19: 0.12648556467692057
[92mINFO [0m:      		round 20: 0.12729430603981018
INFO:flwr:		round 20: 0.12729430603981018
[92mINFO [0m:      		round 21: 0.12527427382469178
INFO:flwr:		round 21: 0.12527427382469178
[92mINFO [0m:      		round 22: 0.12905709816614785
INFO:flwr:		round 22: 0.12905709816614785
[92mINFO [0m:      		round 23: 0.12526408480008447
INFO:flwr:		round 23: 0.12526408480008447
[92mINFO [0m:      		round 24: 0.1251091915766398
INFO:flwr:		round 24: 0.1251091915766398
[92mINFO [0m:      		round 25: 0.13180087863604228
INFO:flwr:		round 25: 0.13180087863604228
[92mINFO [0m:      		round 26: 0.13396963750521346
INFO:flwr:		round 26: 0.13396963750521346
[92mINFO [0m:      		round 27: 0.12278160541852315
INFO:flwr:		round 27: 0.12278160541852315
[92mINFO [0m:      		round 28: 0.1273471055030823
INFO:flwr:		round 28: 0.1273471055030823
[92mINFO [0m:      		round 29: 0.11794458142916361
INFO:flwr:		round 29: 0.11794458142916361
[92mINFO [0m:      		round 30: 0.12054057590166728
INFO:flwr:		round 30: 0.12054057590166728
[92mINFO [0m:      		round 31: 0.12515075537363685
INFO:flwr:		round 31: 0.12515075537363685
[92mINFO [0m:      		round 32: 0.12895559515953064
INFO:flwr:		round 32: 0.12895559515953064
[92mINFO [0m:      		round 33: 0.12911924942334493
INFO:flwr:		round 33: 0.12911924942334493
[92mINFO [0m:      		round 34: 0.12895284646352131
INFO:flwr:		round 34: 0.12895284646352131
[92mINFO [0m:      		round 35: 0.12530104667345682
INFO:flwr:		round 35: 0.12530104667345682
[92mINFO [0m:      		round 36: 0.12741462244987486
INFO:flwr:		round 36: 0.12741462244987486
[92mINFO [0m:      		round 37: 0.13714194334348043
INFO:flwr:		round 37: 0.13714194334348043
[92mINFO [0m:      		round 38: 0.13720056932767233
INFO:flwr:		round 38: 0.13720056932767233
[92mINFO [0m:      		round 39: 0.13488897544542952
INFO:flwr:		round 39: 0.13488897544542952
[92mINFO [0m:      		round 40: 0.12838864237467448
INFO:flwr:		round 40: 0.12838864237467448
[92mINFO [0m:      		round 41: 0.12851687909762063
INFO:flwr:		round 41: 0.12851687909762063
[92mINFO [0m:      		round 42: 0.132355975262324
INFO:flwr:		round 42: 0.132355975262324
[92mINFO [0m:      		round 43: 0.12880776400566105
INFO:flwr:		round 43: 0.12880776400566105
[92mINFO [0m:      		round 44: 0.12957054812113444
INFO:flwr:		round 44: 0.12957054812113444
[92mINFO [0m:      		round 45: 0.131558305422465
INFO:flwr:		round 45: 0.131558305422465
[92mINFO [0m:      		round 46: 0.13451274269421895
INFO:flwr:		round 46: 0.13451274269421895
[92mINFO [0m:      		round 47: 0.12883404614130656
INFO:flwr:		round 47: 0.12883404614130656
[92mINFO [0m:      		round 48: 0.1350032307624817
INFO:flwr:		round 48: 0.1350032307624817
[92mINFO [0m:      		round 49: 0.133174875720342
INFO:flwr:		round 49: 0.133174875720342
[92mINFO [0m:      		round 50: 0.13905517185529073
INFO:flwr:		round 50: 0.13905517185529073
[92mINFO [0m:      	History (metrics, distributed, fit):
INFO:flwr:	History (metrics, distributed, fit):
[92mINFO [0m:      	{'layer1_reject_rate_at_threshold': [(1, 0.0),
INFO:flwr:	{'layer1_reject_rate_at_threshold': [(1, 0.0),
[92mINFO [0m:      	                                     (2, 0.0),
INFO:flwr:	                                     (2, 0.0),
[92mINFO [0m:      	                                     (3, 0.0),
INFO:flwr:	                                     (3, 0.0),
[92mINFO [0m:      	                                     (4, 0.0),
INFO:flwr:	                                     (4, 0.0),
[92mINFO [0m:      	                                     (5, 0.0),
INFO:flwr:	                                     (5, 0.0),
[92mINFO [0m:      	                                     (6, 0.0),
INFO:flwr:	                                     (6, 0.0),
[92mINFO [0m:      	                                     (7, 0.0),
INFO:flwr:	                                     (7, 0.0),
[92mINFO [0m:      	                                     (8, 0.0),
INFO:flwr:	                                     (8, 0.0),
[92mINFO [0m:      	                                     (9, 0.0),
INFO:flwr:	                                     (9, 0.0),
[92mINFO [0m:      	                                     (10, 0.0),
INFO:flwr:	                                     (10, 0.0),
[92mINFO [0m:      	                                     (11, 0.0),
INFO:flwr:	                                     (11, 0.0),
[92mINFO [0m:      	                                     (12, 0.0),
INFO:flwr:	                                     (12, 0.0),
[92mINFO [0m:      	                                     (13, 0.0),
INFO:flwr:	                                     (13, 0.0),
[92mINFO [0m:      	                                     (14, 0.0),
INFO:flwr:	                                     (14, 0.0),
[92mINFO [0m:      	                                     (15, 0.0),
INFO:flwr:	                                     (15, 0.0),
[92mINFO [0m:      	                                     (16, 0.0),
INFO:flwr:	                                     (16, 0.0),
[92mINFO [0m:      	                                     (17, 0.0),
INFO:flwr:	                                     (17, 0.0),
[92mINFO [0m:      	                                     (18, 0.0),
INFO:flwr:	                                     (18, 0.0),
[92mINFO [0m:      	                                     (19, 0.0),
INFO:flwr:	                                     (19, 0.0),
[92mINFO [0m:      	                                     (20, 0.0),
INFO:flwr:	                                     (20, 0.0),
[92mINFO [0m:      	                                     (21, 0.0),
INFO:flwr:	                                     (21, 0.0),
[92mINFO [0m:      	                                     (22, 0.0),
INFO:flwr:	                                     (22, 0.0),
[92mINFO [0m:      	                                     (23, 0.0),
INFO:flwr:	                                     (23, 0.0),
[92mINFO [0m:      	                                     (24, 0.0),
INFO:flwr:	                                     (24, 0.0),
[92mINFO [0m:      	                                     (25, 0.0),
INFO:flwr:	                                     (25, 0.0),
[92mINFO [0m:      	                                     (26, 0.0),
INFO:flwr:	                                     (26, 0.0),
[92mINFO [0m:      	                                     (27, 0.0),
INFO:flwr:	                                     (27, 0.0),
[92mINFO [0m:      	                                     (28, 0.0),
INFO:flwr:	                                     (28, 0.0),
[92mINFO [0m:      	                                     (29, 0.0),
INFO:flwr:	                                     (29, 0.0),
[92mINFO [0m:      	                                     (30, 0.0),
INFO:flwr:	                                     (30, 0.0),
[92mINFO [0m:      	                                     (31, 0.0),
INFO:flwr:	                                     (31, 0.0),
[92mINFO [0m:      	                                     (32, 0.0),
INFO:flwr:	                                     (32, 0.0),
[92mINFO [0m:      	                                     (33, 0.0),
INFO:flwr:	                                     (33, 0.0),
[92mINFO [0m:      	                                     (34, 0.0),
INFO:flwr:	                                     (34, 0.0),
[92mINFO [0m:      	                                     (35, 0.0),
INFO:flwr:	                                     (35, 0.0),
[92mINFO [0m:      	                                     (36, 0.0),
INFO:flwr:	                                     (36, 0.0),
[92mINFO [0m:      	                                     (37, 0.0),
INFO:flwr:	                                     (37, 0.0),
[92mINFO [0m:      	                                     (38, 0.0),
INFO:flwr:	                                     (38, 0.0),
[92mINFO [0m:      	                                     (39, 0.0),
INFO:flwr:	                                     (39, 0.0),
[92mINFO [0m:      	                                     (40, 0.0),
INFO:flwr:	                                     (40, 0.0),
[92mINFO [0m:      	                                     (41, 0.0),
INFO:flwr:	                                     (41, 0.0),
[92mINFO [0m:      	                                     (42, 0.0),
INFO:flwr:	                                     (42, 0.0),
[92mINFO [0m:      	                                     (43, 0.0),
INFO:flwr:	                                     (43, 0.0),
[92mINFO [0m:      	                                     (44, 0.0),
INFO:flwr:	                                     (44, 0.0),
[92mINFO [0m:      	                                     (45, 0.0),
INFO:flwr:	                                     (45, 0.0),
[92mINFO [0m:      	                                     (46, 0.0),
INFO:flwr:	                                     (46, 0.0),
[92mINFO [0m:      	                                     (47, 0.0),
INFO:flwr:	                                     (47, 0.0),
[92mINFO [0m:      	                                     (48, 0.0),
INFO:flwr:	                                     (48, 0.0),
[92mINFO [0m:      	                                     (49, 0.0),
INFO:flwr:	                                     (49, 0.0),
[92mINFO [0m:      	                                     (50, 0.0)],
INFO:flwr:	                                     (50, 0.0)],
[92mINFO [0m:      	 'layer1_reject_rate_raw': [(1, 0.0),
INFO:flwr:	 'layer1_reject_rate_raw': [(1, 0.0),
[92mINFO [0m:      	                            (2, 0.0),
INFO:flwr:	                            (2, 0.0),
[92mINFO [0m:      	                            (3, 0.0),
INFO:flwr:	                            (3, 0.0),
[92mINFO [0m:      	                            (4, 0.0),
INFO:flwr:	                            (4, 0.0),
[92mINFO [0m:      	                            (5, 0.0),
INFO:flwr:	                            (5, 0.0),
[92mINFO [0m:      	                            (6, 0.0),
INFO:flwr:	                            (6, 0.0),
[92mINFO [0m:      	                            (7, 0.0),
INFO:flwr:	                            (7, 0.0),
[92mINFO [0m:      	                            (8, 0.0),
INFO:flwr:	                            (8, 0.0),
[92mINFO [0m:      	                            (9, 0.0),
INFO:flwr:	                            (9, 0.0),
[92mINFO [0m:      	                            (10, 0.0),
INFO:flwr:	                            (10, 0.0),
[92mINFO [0m:      	                            (11, 0.0),
INFO:flwr:	                            (11, 0.0),
[92mINFO [0m:      	                            (12, 0.0),
INFO:flwr:	                            (12, 0.0),
[92mINFO [0m:      	                            (13, 0.0),
INFO:flwr:	                            (13, 0.0),
[92mINFO [0m:      	                            (14, 0.0),
INFO:flwr:	                            (14, 0.0),
[92mINFO [0m:      	                            (15, 0.0),
INFO:flwr:	                            (15, 0.0),
[92mINFO [0m:      	                            (16, 0.0),
INFO:flwr:	                            (16, 0.0),
[92mINFO [0m:      	                            (17, 0.0),
INFO:flwr:	                            (17, 0.0),
[92mINFO [0m:      	                            (18, 0.0),
INFO:flwr:	                            (18, 0.0),
[92mINFO [0m:      	                            (19, 0.0),
INFO:flwr:	                            (19, 0.0),
[92mINFO [0m:      	                            (20, 0.0),
INFO:flwr:	                            (20, 0.0),
[92mINFO [0m:      	                            (21, 0.0),
INFO:flwr:	                            (21, 0.0),
[92mINFO [0m:      	                            (22, 0.0),
INFO:flwr:	                            (22, 0.0),
[92mINFO [0m:      	                            (23, 0.0),
INFO:flwr:	                            (23, 0.0),
[92mINFO [0m:      	                            (24, 0.0),
INFO:flwr:	                            (24, 0.0),
[92mINFO [0m:      	                            (25, 0.0),
INFO:flwr:	                            (25, 0.0),
[92mINFO [0m:      	                            (26, 0.0),
INFO:flwr:	                            (26, 0.0),
[92mINFO [0m:      	                            (27, 0.0),
INFO:flwr:	                            (27, 0.0),
[92mINFO [0m:      	                            (28, 0.0),
INFO:flwr:	                            (28, 0.0),
[92mINFO [0m:      	                            (29, 0.0),
INFO:flwr:	                            (29, 0.0),
[92mINFO [0m:      	                            (30, 0.0),
INFO:flwr:	                            (30, 0.0),
[92mINFO [0m:      	                            (31, 0.0),
INFO:flwr:	                            (31, 0.0),
[92mINFO [0m:      	                            (32, 0.0),
INFO:flwr:	                            (32, 0.0),
[92mINFO [0m:      	                            (33, 0.0),
INFO:flwr:	                            (33, 0.0),
[92mINFO [0m:      	                            (34, 0.0),
INFO:flwr:	                            (34, 0.0),
[92mINFO [0m:      	                            (35, 0.0),
INFO:flwr:	                            (35, 0.0),
[92mINFO [0m:      	                            (36, 0.0),
INFO:flwr:	                            (36, 0.0),
[92mINFO [0m:      	                            (37, 0.0),
INFO:flwr:	                            (37, 0.0),
[92mINFO [0m:      	                            (38, 0.0),
INFO:flwr:	                            (38, 0.0),
[92mINFO [0m:      	                            (39, 0.0),
INFO:flwr:	                            (39, 0.0),
[92mINFO [0m:      	                            (40, 0.0),
INFO:flwr:	                            (40, 0.0),
[92mINFO [0m:      	                            (41, 0.0),
INFO:flwr:	                            (41, 0.0),
[92mINFO [0m:      	                            (42, 0.0),
INFO:flwr:	                            (42, 0.0),
[92mINFO [0m:      	                            (43, 0.0),
INFO:flwr:	                            (43, 0.0),
[92mINFO [0m:      	                            (44, 0.0),
INFO:flwr:	                            (44, 0.0),
[92mINFO [0m:      	                            (45, 0.0),
INFO:flwr:	                            (45, 0.0),
[92mINFO [0m:      	                            (46, 0.0),
INFO:flwr:	                            (46, 0.0),
[92mINFO [0m:      	                            (47, 0.0),
INFO:flwr:	                            (47, 0.0),
[92mINFO [0m:      	                            (48, 0.0),
INFO:flwr:	                            (48, 0.0),
[92mINFO [0m:      	                            (49, 0.0),
INFO:flwr:	                            (49, 0.0),
[92mINFO [0m:      	                            (50, 0.0)],
INFO:flwr:	                            (50, 0.0)],
[92mINFO [0m:      	 'layer1_threshold': [(1, 0.5),
INFO:flwr:	 'layer1_threshold': [(1, 0.5),
[92mINFO [0m:      	                      (2, 0.5),
INFO:flwr:	                      (2, 0.5),
[92mINFO [0m:      	                      (3, 0.5),
INFO:flwr:	                      (3, 0.5),
[92mINFO [0m:      	                      (4, 0.5),
INFO:flwr:	                      (4, 0.5),
[92mINFO [0m:      	                      (5, 0.5),
INFO:flwr:	                      (5, 0.5),
[92mINFO [0m:      	                      (6, 0.5),
INFO:flwr:	                      (6, 0.5),
[92mINFO [0m:      	                      (7, 0.5),
INFO:flwr:	                      (7, 0.5),
[92mINFO [0m:      	                      (8, 0.5),
INFO:flwr:	                      (8, 0.5),
[92mINFO [0m:      	                      (9, 0.5),
INFO:flwr:	                      (9, 0.5),
[92mINFO [0m:      	                      (10, 0.5),
INFO:flwr:	                      (10, 0.5),
[92mINFO [0m:      	                      (11, 0.5),
INFO:flwr:	                      (11, 0.5),
[92mINFO [0m:      	                      (12, 0.5),
INFO:flwr:	                      (12, 0.5),
[92mINFO [0m:      	                      (13, 0.5),
INFO:flwr:	                      (13, 0.5),
[92mINFO [0m:      	                      (14, 0.5),
INFO:flwr:	                      (14, 0.5),
[92mINFO [0m:      	                      (15, 0.5),
INFO:flwr:	                      (15, 0.5),
[92mINFO [0m:      	                      (16, 0.5),
INFO:flwr:	                      (16, 0.5),
[92mINFO [0m:      	                      (17, 0.5),
INFO:flwr:	                      (17, 0.5),
[92mINFO [0m:      	                      (18, 0.5),
INFO:flwr:	                      (18, 0.5),
[92mINFO [0m:      	                      (19, 0.5),
INFO:flwr:	                      (19, 0.5),
[92mINFO [0m:      	                      (20, 0.5),
INFO:flwr:	                      (20, 0.5),
[92mINFO [0m:      	                      (21, 0.5),
INFO:flwr:	                      (21, 0.5),
[92mINFO [0m:      	                      (22, 0.5),
INFO:flwr:	                      (22, 0.5),
[92mINFO [0m:      	                      (23, 0.5),
INFO:flwr:	                      (23, 0.5),
[92mINFO [0m:      	                      (24, 0.5),
INFO:flwr:	                      (24, 0.5),
[92mINFO [0m:      	                      (25, 0.5),
INFO:flwr:	                      (25, 0.5),
[92mINFO [0m:      	                      (26, 0.5),
INFO:flwr:	                      (26, 0.5),
[92mINFO [0m:      	                      (27, 0.5),
INFO:flwr:	                      (27, 0.5),
[92mINFO [0m:      	                      (28, 0.5),
INFO:flwr:	                      (28, 0.5),
[92mINFO [0m:      	                      (29, 0.5),
INFO:flwr:	                      (29, 0.5),
[92mINFO [0m:      	                      (30, 0.5),
INFO:flwr:	                      (30, 0.5),
[92mINFO [0m:      	                      (31, 0.5),
INFO:flwr:	                      (31, 0.5),
[92mINFO [0m:      	                      (32, 0.5),
INFO:flwr:	                      (32, 0.5),
[92mINFO [0m:      	                      (33, 0.5),
INFO:flwr:	                      (33, 0.5),
[92mINFO [0m:      	                      (34, 0.5),
INFO:flwr:	                      (34, 0.5),
[92mINFO [0m:      	                      (35, 0.5),
INFO:flwr:	                      (35, 0.5),
[92mINFO [0m:      	                      (36, 0.5),
INFO:flwr:	                      (36, 0.5),
[92mINFO [0m:      	                      (37, 0.5),
INFO:flwr:	                      (37, 0.5),
[92mINFO [0m:      	                      (38, 0.5),
INFO:flwr:	                      (38, 0.5),
[92mINFO [0m:      	                      (39, 0.5),
INFO:flwr:	                      (39, 0.5),
[92mINFO [0m:      	                      (40, 0.5),
INFO:flwr:	                      (40, 0.5),
[92mINFO [0m:      	                      (41, 0.5),
INFO:flwr:	                      (41, 0.5),
[92mINFO [0m:      	                      (42, 0.5),
INFO:flwr:	                      (42, 0.5),
[92mINFO [0m:      	                      (43, 0.5),
INFO:flwr:	                      (43, 0.5),
[92mINFO [0m:      	                      (44, 0.5),
INFO:flwr:	                      (44, 0.5),
[92mINFO [0m:      	                      (45, 0.5),
INFO:flwr:	                      (45, 0.5),
[92mINFO [0m:      	                      (46, 0.5),
INFO:flwr:	                      (46, 0.5),
[92mINFO [0m:      	                      (47, 0.5),
INFO:flwr:	                      (47, 0.5),
[92mINFO [0m:      	                      (48, 0.5),
INFO:flwr:	                      (48, 0.5),
[92mINFO [0m:      	                      (49, 0.5),
INFO:flwr:	                      (49, 0.5),
[92mINFO [0m:      	                      (50, 0.5)],
INFO:flwr:	                      (50, 0.5)],
[92mINFO [0m:      	 'layer2_reject_rate_at_threshold': [(1, 0.20000000298023224),
INFO:flwr:	 'layer2_reject_rate_at_threshold': [(1, 0.20000000298023224),
[92mINFO [0m:      	                                     (2, 0.30000001192092896),
INFO:flwr:	                                     (2, 0.30000001192092896),
[92mINFO [0m:      	                                     (3, 0.30000001192092896),
INFO:flwr:	                                     (3, 0.30000001192092896),
[92mINFO [0m:      	                                     (4, 0.20000000298023224),
INFO:flwr:	                                     (4, 0.20000000298023224),
[92mINFO [0m:      	                                     (5, 0.30000001192092896),
INFO:flwr:	                                     (5, 0.30000001192092896),
[92mINFO [0m:      	                                     (6, 0.20000000298023224),
INFO:flwr:	                                     (6, 0.20000000298023224),
[92mINFO [0m:      	                                     (7, 0.30000001192092896),
INFO:flwr:	                                     (7, 0.30000001192092896),
[92mINFO [0m:      	                                     (8, 0.30000001192092896),
INFO:flwr:	                                     (8, 0.30000001192092896),
[92mINFO [0m:      	                                     (9, 0.30000001192092896),
INFO:flwr:	                                     (9, 0.30000001192092896),
[92mINFO [0m:      	                                     (10, 0.4000000059604645),
INFO:flwr:	                                     (10, 0.4000000059604645),
[92mINFO [0m:      	                                     (11, 0.30000001192092896),
INFO:flwr:	                                     (11, 0.30000001192092896),
[92mINFO [0m:      	                                     (12, 0.4000000059604645),
INFO:flwr:	                                     (12, 0.4000000059604645),
[92mINFO [0m:      	                                     (13, 0.30000001192092896),
INFO:flwr:	                                     (13, 0.30000001192092896),
[92mINFO [0m:      	                                     (14, 0.4000000059604645),
INFO:flwr:	                                     (14, 0.4000000059604645),
[92mINFO [0m:      	                                     (15, 0.30000001192092896),
INFO:flwr:	                                     (15, 0.30000001192092896),
[92mINFO [0m:      	                                     (16, 0.30000001192092896),
INFO:flwr:	                                     (16, 0.30000001192092896),
[92mINFO [0m:      	                                     (17, 0.30000001192092896),
INFO:flwr:	                                     (17, 0.30000001192092896),
[92mINFO [0m:      	                                     (18, 0.30000001192092896),
INFO:flwr:	                                     (18, 0.30000001192092896),
[92mINFO [0m:      	                                     (19, 0.30000001192092896),
INFO:flwr:	                                     (19, 0.30000001192092896),
[92mINFO [0m:      	                                     (20, 0.30000001192092896),
INFO:flwr:	                                     (20, 0.30000001192092896),
[92mINFO [0m:      	                                     (21, 0.30000001192092896),
INFO:flwr:	                                     (21, 0.30000001192092896),
[92mINFO [0m:      	                                     (22, 0.30000001192092896),
INFO:flwr:	                                     (22, 0.30000001192092896),
[92mINFO [0m:      	                                     (23, 0.30000001192092896),
INFO:flwr:	                                     (23, 0.30000001192092896),
[92mINFO [0m:      	                                     (24, 0.30000001192092896),
INFO:flwr:	                                     (24, 0.30000001192092896),
[92mINFO [0m:      	                                     (25, 0.30000001192092896),
INFO:flwr:	                                     (25, 0.30000001192092896),
[92mINFO [0m:      	                                     (26, 0.30000001192092896),
INFO:flwr:	                                     (26, 0.30000001192092896),
[92mINFO [0m:      	                                     (27, 0.30000001192092896),
INFO:flwr:	                                     (27, 0.30000001192092896),
[92mINFO [0m:      	                                     (28, 0.30000001192092896),
INFO:flwr:	                                     (28, 0.30000001192092896),
[92mINFO [0m:      	                                     (29, 0.30000001192092896),
INFO:flwr:	                                     (29, 0.30000001192092896),
[92mINFO [0m:      	                                     (30, 0.30000001192092896),
INFO:flwr:	                                     (30, 0.30000001192092896),
[92mINFO [0m:      	                                     (31, 0.30000001192092896),
INFO:flwr:	                                     (31, 0.30000001192092896),
[92mINFO [0m:      	                                     (32, 0.30000001192092896),
INFO:flwr:	                                     (32, 0.30000001192092896),
[92mINFO [0m:      	                                     (33, 0.30000001192092896),
INFO:flwr:	                                     (33, 0.30000001192092896),
[92mINFO [0m:      	                                     (34, 0.30000001192092896),
INFO:flwr:	                                     (34, 0.30000001192092896),
[92mINFO [0m:      	                                     (35, 0.30000001192092896),
INFO:flwr:	                                     (35, 0.30000001192092896),
[92mINFO [0m:      	                                     (36, 0.30000001192092896),
INFO:flwr:	                                     (36, 0.30000001192092896),
[92mINFO [0m:      	                                     (37, 0.30000001192092896),
INFO:flwr:	                                     (37, 0.30000001192092896),
[92mINFO [0m:      	                                     (38, 0.30000001192092896),
INFO:flwr:	                                     (38, 0.30000001192092896),
[92mINFO [0m:      	                                     (39, 0.30000001192092896),
INFO:flwr:	                                     (39, 0.30000001192092896),
[92mINFO [0m:      	                                     (40, 0.30000001192092896),
INFO:flwr:	                                     (40, 0.30000001192092896),
[92mINFO [0m:      	                                     (41, 0.30000001192092896),
INFO:flwr:	                                     (41, 0.30000001192092896),
[92mINFO [0m:      	                                     (42, 0.30000001192092896),
INFO:flwr:	                                     (42, 0.30000001192092896),
[92mINFO [0m:      	                                     (43, 0.30000001192092896),
INFO:flwr:	                                     (43, 0.30000001192092896),
[92mINFO [0m:      	                                     (44, 0.30000001192092896),
INFO:flwr:	                                     (44, 0.30000001192092896),
[92mINFO [0m:      	                                     (45, 0.30000001192092896),
INFO:flwr:	                                     (45, 0.30000001192092896),
[92mINFO [0m:      	                                     (46, 0.30000001192092896),
INFO:flwr:	                                     (46, 0.30000001192092896),
[92mINFO [0m:      	                                     (47, 0.30000001192092896),
INFO:flwr:	                                     (47, 0.30000001192092896),
[92mINFO [0m:      	                                     (48, 0.30000001192092896),
INFO:flwr:	                                     (48, 0.30000001192092896),
[92mINFO [0m:      	                                     (49, 0.30000001192092896),
INFO:flwr:	                                     (49, 0.30000001192092896),
[92mINFO [0m:      	                                     (50, 0.30000001192092896)],
INFO:flwr:	                                     (50, 0.30000001192092896)],
[92mINFO [0m:      	 'layer2_reject_rate_raw': [(1, 0.20000000298023224),
INFO:flwr:	 'layer2_reject_rate_raw': [(1, 0.20000000298023224),
[92mINFO [0m:      	                            (2, 0.30000001192092896),
INFO:flwr:	                            (2, 0.30000001192092896),
[92mINFO [0m:      	                            (3, 0.30000001192092896),
INFO:flwr:	                            (3, 0.30000001192092896),
[92mINFO [0m:      	                            (4, 0.20000000298023224),
INFO:flwr:	                            (4, 0.20000000298023224),
[92mINFO [0m:      	                            (5, 0.30000001192092896),
INFO:flwr:	                            (5, 0.30000001192092896),
[92mINFO [0m:      	                            (6, 0.20000000298023224),
INFO:flwr:	                            (6, 0.20000000298023224),
[92mINFO [0m:      	                            (7, 0.20000000298023224),
INFO:flwr:	                            (7, 0.20000000298023224),
[92mINFO [0m:      	                            (8, 0.30000001192092896),
INFO:flwr:	                            (8, 0.30000001192092896),
[92mINFO [0m:      	                            (9, 0.30000001192092896),
INFO:flwr:	                            (9, 0.30000001192092896),
[92mINFO [0m:      	                            (10, 0.4000000059604645),
INFO:flwr:	                            (10, 0.4000000059604645),
[92mINFO [0m:      	                            (11, 0.20000000298023224),
INFO:flwr:	                            (11, 0.20000000298023224),
[92mINFO [0m:      	                            (12, 0.30000001192092896),
INFO:flwr:	                            (12, 0.30000001192092896),
[92mINFO [0m:      	                            (13, 0.30000001192092896),
INFO:flwr:	                            (13, 0.30000001192092896),
[92mINFO [0m:      	                            (14, 0.30000001192092896),
INFO:flwr:	                            (14, 0.30000001192092896),
[92mINFO [0m:      	                            (15, 0.30000001192092896),
INFO:flwr:	                            (15, 0.30000001192092896),
[92mINFO [0m:      	                            (16, 0.20000000298023224),
INFO:flwr:	                            (16, 0.20000000298023224),
[92mINFO [0m:      	                            (17, 0.30000001192092896),
INFO:flwr:	                            (17, 0.30000001192092896),
[92mINFO [0m:      	                            (18, 0.30000001192092896),
INFO:flwr:	                            (18, 0.30000001192092896),
[92mINFO [0m:      	                            (19, 0.20000000298023224),
INFO:flwr:	                            (19, 0.20000000298023224),
[92mINFO [0m:      	                            (20, 0.30000001192092896),
INFO:flwr:	                            (20, 0.30000001192092896),
[92mINFO [0m:      	                            (21, 0.20000000298023224),
INFO:flwr:	                            (21, 0.20000000298023224),
[92mINFO [0m:      	                            (22, 0.30000001192092896),
INFO:flwr:	                            (22, 0.30000001192092896),
[92mINFO [0m:      	                            (23, 0.30000001192092896),
INFO:flwr:	                            (23, 0.30000001192092896),
[92mINFO [0m:      	                            (24, 0.20000000298023224),
INFO:flwr:	                            (24, 0.20000000298023224),
[92mINFO [0m:      	                            (25, 0.30000001192092896),
INFO:flwr:	                            (25, 0.30000001192092896),
[92mINFO [0m:      	                            (26, 0.30000001192092896),
INFO:flwr:	                            (26, 0.30000001192092896),
[92mINFO [0m:      	                            (27, 0.20000000298023224),
INFO:flwr:	                            (27, 0.20000000298023224),
[92mINFO [0m:      	                            (28, 0.20000000298023224),
INFO:flwr:	                            (28, 0.20000000298023224),
[92mINFO [0m:      	                            (29, 0.20000000298023224),
INFO:flwr:	                            (29, 0.20000000298023224),
[92mINFO [0m:      	                            (30, 0.20000000298023224),
INFO:flwr:	                            (30, 0.20000000298023224),
[92mINFO [0m:      	                            (31, 0.30000001192092896),
INFO:flwr:	                            (31, 0.30000001192092896),
[92mINFO [0m:      	                            (32, 0.30000001192092896),
INFO:flwr:	                            (32, 0.30000001192092896),
[92mINFO [0m:      	                            (33, 0.30000001192092896),
INFO:flwr:	                            (33, 0.30000001192092896),
[92mINFO [0m:      	                            (34, 0.30000001192092896),
INFO:flwr:	                            (34, 0.30000001192092896),
[92mINFO [0m:      	                            (35, 0.20000000298023224),
INFO:flwr:	                            (35, 0.20000000298023224),
[92mINFO [0m:      	                            (36, 0.30000001192092896),
INFO:flwr:	                            (36, 0.30000001192092896),
[92mINFO [0m:      	                            (37, 0.30000001192092896),
INFO:flwr:	                            (37, 0.30000001192092896),
[92mINFO [0m:      	                            (38, 0.20000000298023224),
INFO:flwr:	                            (38, 0.20000000298023224),
[92mINFO [0m:      	                            (39, 0.20000000298023224),
INFO:flwr:	                            (39, 0.20000000298023224),
[92mINFO [0m:      	                            (40, 0.30000001192092896),
INFO:flwr:	                            (40, 0.30000001192092896),
[92mINFO [0m:      	                            (41, 0.20000000298023224),
INFO:flwr:	                            (41, 0.20000000298023224),
[92mINFO [0m:      	                            (42, 0.20000000298023224),
INFO:flwr:	                            (42, 0.20000000298023224),
[92mINFO [0m:      	                            (43, 0.20000000298023224),
INFO:flwr:	                            (43, 0.20000000298023224),
[92mINFO [0m:      	                            (44, 0.30000001192092896),
INFO:flwr:	                            (44, 0.30000001192092896),
[92mINFO [0m:      	                            (45, 0.30000001192092896),
INFO:flwr:	                            (45, 0.30000001192092896),
[92mINFO [0m:      	                            (46, 0.20000000298023224),
INFO:flwr:	                            (46, 0.20000000298023224),
[92mINFO [0m:      	                            (47, 0.20000000298023224),
INFO:flwr:	                            (47, 0.20000000298023224),
[92mINFO [0m:      	                            (48, 0.30000001192092896),
INFO:flwr:	                            (48, 0.30000001192092896),
[92mINFO [0m:      	                            (49, 0.30000001192092896),
INFO:flwr:	                            (49, 0.30000001192092896),
[92mINFO [0m:      	                            (50, 0.30000001192092896)],
INFO:flwr:	                            (50, 0.30000001192092896)],
[92mINFO [0m:      	 'layer2_threshold': [(1, 0.5),
INFO:flwr:	 'layer2_threshold': [(1, 0.5),
[92mINFO [0m:      	                      (2, 0.5),
INFO:flwr:	                      (2, 0.5),
[92mINFO [0m:      	                      (3, 0.5),
INFO:flwr:	                      (3, 0.5),
[92mINFO [0m:      	                      (4, 0.5),
INFO:flwr:	                      (4, 0.5),
[92mINFO [0m:      	                      (5, 0.55),
INFO:flwr:	                      (5, 0.55),
[92mINFO [0m:      	                      (6, 0.6000000000000001),
INFO:flwr:	                      (6, 0.6000000000000001),
[92mINFO [0m:      	                      (7, 0.6500000000000001),
INFO:flwr:	                      (7, 0.6500000000000001),
[92mINFO [0m:      	                      (8, 0.7000000000000002),
INFO:flwr:	                      (8, 0.7000000000000002),
[92mINFO [0m:      	                      (9, 0.7500000000000002),
INFO:flwr:	                      (9, 0.7500000000000002),
[92mINFO [0m:      	                      (10, 0.8),
INFO:flwr:	                      (10, 0.8),
[92mINFO [0m:      	                      (11, 0.8),
INFO:flwr:	                      (11, 0.8),
[92mINFO [0m:      	                      (12, 0.8),
INFO:flwr:	                      (12, 0.8),
[92mINFO [0m:      	                      (13, 0.8),
INFO:flwr:	                      (13, 0.8),
[92mINFO [0m:      	                      (14, 0.8),
INFO:flwr:	                      (14, 0.8),
[92mINFO [0m:      	                      (15, 0.8),
INFO:flwr:	                      (15, 0.8),
[92mINFO [0m:      	                      (16, 0.8),
INFO:flwr:	                      (16, 0.8),
[92mINFO [0m:      	                      (17, 0.8),
INFO:flwr:	                      (17, 0.8),
[92mINFO [0m:      	                      (18, 0.8),
INFO:flwr:	                      (18, 0.8),
[92mINFO [0m:      	                      (19, 0.8),
INFO:flwr:	                      (19, 0.8),
[92mINFO [0m:      	                      (20, 0.8),
INFO:flwr:	                      (20, 0.8),
[92mINFO [0m:      	                      (21, 0.8),
INFO:flwr:	                      (21, 0.8),
[92mINFO [0m:      	                      (22, 0.8),
INFO:flwr:	                      (22, 0.8),
[92mINFO [0m:      	                      (23, 0.8),
INFO:flwr:	                      (23, 0.8),
[92mINFO [0m:      	                      (24, 0.8),
INFO:flwr:	                      (24, 0.8),
[92mINFO [0m:      	                      (25, 0.8),
INFO:flwr:	                      (25, 0.8),
[92mINFO [0m:      	                      (26, 0.8),
INFO:flwr:	                      (26, 0.8),
[92mINFO [0m:      	                      (27, 0.8),
INFO:flwr:	                      (27, 0.8),
[92mINFO [0m:      	                      (28, 0.8),
INFO:flwr:	                      (28, 0.8),
[92mINFO [0m:      	                      (29, 0.8),
INFO:flwr:	                      (29, 0.8),
[92mINFO [0m:      	                      (30, 0.8),
INFO:flwr:	                      (30, 0.8),
[92mINFO [0m:      	                      (31, 0.8),
INFO:flwr:	                      (31, 0.8),
[92mINFO [0m:      	                      (32, 0.8),
INFO:flwr:	                      (32, 0.8),
[92mINFO [0m:      	                      (33, 0.8),
INFO:flwr:	                      (33, 0.8),
[92mINFO [0m:      	                      (34, 0.8),
INFO:flwr:	                      (34, 0.8),
[92mINFO [0m:      	                      (35, 0.8),
INFO:flwr:	                      (35, 0.8),
[92mINFO [0m:      	                      (36, 0.8),
INFO:flwr:	                      (36, 0.8),
[92mINFO [0m:      	                      (37, 0.8),
INFO:flwr:	                      (37, 0.8),
[92mINFO [0m:      	                      (38, 0.8),
INFO:flwr:	                      (38, 0.8),
[92mINFO [0m:      	                      (39, 0.8),
INFO:flwr:	                      (39, 0.8),
[92mINFO [0m:      	                      (40, 0.8),
INFO:flwr:	                      (40, 0.8),
[92mINFO [0m:      	                      (41, 0.8),
INFO:flwr:	                      (41, 0.8),
[92mINFO [0m:      	                      (42, 0.8),
INFO:flwr:	                      (42, 0.8),
[92mINFO [0m:      	                      (43, 0.8),
INFO:flwr:	                      (43, 0.8),
[92mINFO [0m:      	                      (44, 0.8),
INFO:flwr:	                      (44, 0.8),
[92mINFO [0m:      	                      (45, 0.8),
INFO:flwr:	                      (45, 0.8),
[92mINFO [0m:      	                      (46, 0.8),
INFO:flwr:	                      (46, 0.8),
[92mINFO [0m:      	                      (47, 0.8),
INFO:flwr:	                      (47, 0.8),
[92mINFO [0m:      	                      (48, 0.8),
INFO:flwr:	                      (48, 0.8),
[92mINFO [0m:      	                      (49, 0.8),
INFO:flwr:	                      (49, 0.8),
[92mINFO [0m:      	                      (50, 0.8)],
INFO:flwr:	                      (50, 0.8)],
[92mINFO [0m:      	 'layer3_reject_rate_at_threshold': [(1, 0.0),
INFO:flwr:	 'layer3_reject_rate_at_threshold': [(1, 0.0),
[92mINFO [0m:      	                                     (2, 0.0),
INFO:flwr:	                                     (2, 0.0),
[92mINFO [0m:      	                                     (3, 0.0),
INFO:flwr:	                                     (3, 0.0),
[92mINFO [0m:      	                                     (4, 0.0),
INFO:flwr:	                                     (4, 0.0),
[92mINFO [0m:      	                                     (5, 0.0),
INFO:flwr:	                                     (5, 0.0),
[92mINFO [0m:      	                                     (6, 0.0),
INFO:flwr:	                                     (6, 0.0),
[92mINFO [0m:      	                                     (7, 0.0),
INFO:flwr:	                                     (7, 0.0),
[92mINFO [0m:      	                                     (8, 0.0),
INFO:flwr:	                                     (8, 0.0),
[92mINFO [0m:      	                                     (9, 0.0),
INFO:flwr:	                                     (9, 0.0),
[92mINFO [0m:      	                                     (10, 0.0),
INFO:flwr:	                                     (10, 0.0),
[92mINFO [0m:      	                                     (11, 0.0),
INFO:flwr:	                                     (11, 0.0),
[92mINFO [0m:      	                                     (12, 0.0),
INFO:flwr:	                                     (12, 0.0),
[92mINFO [0m:      	                                     (13, 0.0),
INFO:flwr:	                                     (13, 0.0),
[92mINFO [0m:      	                                     (14, 0.0),
INFO:flwr:	                                     (14, 0.0),
[92mINFO [0m:      	                                     (15, 0.0),
INFO:flwr:	                                     (15, 0.0),
[92mINFO [0m:      	                                     (16, 0.0),
INFO:flwr:	                                     (16, 0.0),
[92mINFO [0m:      	                                     (17, 0.0),
INFO:flwr:	                                     (17, 0.0),
[92mINFO [0m:      	                                     (18, 0.0),
INFO:flwr:	                                     (18, 0.0),
[92mINFO [0m:      	                                     (19, 0.0),
INFO:flwr:	                                     (19, 0.0),
[92mINFO [0m:      	                                     (20, 0.0),
INFO:flwr:	                                     (20, 0.0),
[92mINFO [0m:      	                                     (21, 0.0),
INFO:flwr:	                                     (21, 0.0),
[92mINFO [0m:      	                                     (22, 0.0),
INFO:flwr:	                                     (22, 0.0),
[92mINFO [0m:      	                                     (23, 0.0),
INFO:flwr:	                                     (23, 0.0),
[92mINFO [0m:      	                                     (24, 0.0),
INFO:flwr:	                                     (24, 0.0),
[92mINFO [0m:      	                                     (25, 0.0),
INFO:flwr:	                                     (25, 0.0),
[92mINFO [0m:      	                                     (26, 0.0),
INFO:flwr:	                                     (26, 0.0),
[92mINFO [0m:      	                                     (27, 0.0),
INFO:flwr:	                                     (27, 0.0),
[92mINFO [0m:      	                                     (28, 0.0),
INFO:flwr:	                                     (28, 0.0),
[92mINFO [0m:      	                                     (29, 0.0),
INFO:flwr:	                                     (29, 0.0),
[92mINFO [0m:      	                                     (30, 0.0),
INFO:flwr:	                                     (30, 0.0),
[92mINFO [0m:      	                                     (31, 0.0),
INFO:flwr:	                                     (31, 0.0),
[92mINFO [0m:      	                                     (32, 0.0),
INFO:flwr:	                                     (32, 0.0),
[92mINFO [0m:      	                                     (33, 0.0),
INFO:flwr:	                                     (33, 0.0),
[92mINFO [0m:      	                                     (34, 0.0),
INFO:flwr:	                                     (34, 0.0),
[92mINFO [0m:      	                                     (35, 0.0),
INFO:flwr:	                                     (35, 0.0),
[92mINFO [0m:      	                                     (36, 0.0),
INFO:flwr:	                                     (36, 0.0),
[92mINFO [0m:      	                                     (37, 0.0),
INFO:flwr:	                                     (37, 0.0),
[92mINFO [0m:      	                                     (38, 0.0),
INFO:flwr:	                                     (38, 0.0),
[92mINFO [0m:      	                                     (39, 0.0),
INFO:flwr:	                                     (39, 0.0),
[92mINFO [0m:      	                                     (40, 0.0),
INFO:flwr:	                                     (40, 0.0),
[92mINFO [0m:      	                                     (41, 0.0),
INFO:flwr:	                                     (41, 0.0),
[92mINFO [0m:      	                                     (42, 0.0),
INFO:flwr:	                                     (42, 0.0),
[92mINFO [0m:      	                                     (43, 0.0),
INFO:flwr:	                                     (43, 0.0),
[92mINFO [0m:      	                                     (44, 0.0),
INFO:flwr:	                                     (44, 0.0),
[92mINFO [0m:      	                                     (45, 0.0),
INFO:flwr:	                                     (45, 0.0),
[92mINFO [0m:      	                                     (46, 0.0),
INFO:flwr:	                                     (46, 0.0),
[92mINFO [0m:      	                                     (47, 0.0),
INFO:flwr:	                                     (47, 0.0),
[92mINFO [0m:      	                                     (48, 0.0),
INFO:flwr:	                                     (48, 0.0),
[92mINFO [0m:      	                                     (49, 0.0),
INFO:flwr:	                                     (49, 0.0),
[92mINFO [0m:      	                                     (50, 0.0)],
INFO:flwr:	                                     (50, 0.0)],
[92mINFO [0m:      	 'layer3_reject_rate_raw': [(1, 0.0),
INFO:flwr:	 'layer3_reject_rate_raw': [(1, 0.0),
[92mINFO [0m:      	                            (2, 0.0),
INFO:flwr:	                            (2, 0.0),
[92mINFO [0m:      	                            (3, 0.0),
INFO:flwr:	                            (3, 0.0),
[92mINFO [0m:      	                            (4, 0.0),
INFO:flwr:	                            (4, 0.0),
[92mINFO [0m:      	                            (5, 0.0),
INFO:flwr:	                            (5, 0.0),
[92mINFO [0m:      	                            (6, 0.0),
INFO:flwr:	                            (6, 0.0),
[92mINFO [0m:      	                            (7, 0.0),
INFO:flwr:	                            (7, 0.0),
[92mINFO [0m:      	                            (8, 0.0),
INFO:flwr:	                            (8, 0.0),
[92mINFO [0m:      	                            (9, 0.0),
INFO:flwr:	                            (9, 0.0),
[92mINFO [0m:      	                            (10, 0.0),
INFO:flwr:	                            (10, 0.0),
[92mINFO [0m:      	                            (11, 0.0),
INFO:flwr:	                            (11, 0.0),
[92mINFO [0m:      	                            (12, 0.0),
INFO:flwr:	                            (12, 0.0),
[92mINFO [0m:      	                            (13, 0.0),
INFO:flwr:	                            (13, 0.0),
[92mINFO [0m:      	                            (14, 0.0),
INFO:flwr:	                            (14, 0.0),
[92mINFO [0m:      	                            (15, 0.0),
INFO:flwr:	                            (15, 0.0),
[92mINFO [0m:      	                            (16, 0.0),
INFO:flwr:	                            (16, 0.0),
[92mINFO [0m:      	                            (17, 0.0),
INFO:flwr:	                            (17, 0.0),
[92mINFO [0m:      	                            (18, 0.0),
INFO:flwr:	                            (18, 0.0),
[92mINFO [0m:      	                            (19, 0.0),
INFO:flwr:	                            (19, 0.0),
[92mINFO [0m:      	                            (20, 0.0),
INFO:flwr:	                            (20, 0.0),
[92mINFO [0m:      	                            (21, 0.0),
INFO:flwr:	                            (21, 0.0),
[92mINFO [0m:      	                            (22, 0.0),
INFO:flwr:	                            (22, 0.0),
[92mINFO [0m:      	                            (23, 0.0),
INFO:flwr:	                            (23, 0.0),
[92mINFO [0m:      	                            (24, 0.0),
INFO:flwr:	                            (24, 0.0),
[92mINFO [0m:      	                            (25, 0.0),
INFO:flwr:	                            (25, 0.0),
[92mINFO [0m:      	                            (26, 0.0),
INFO:flwr:	                            (26, 0.0),
[92mINFO [0m:      	                            (27, 0.0),
INFO:flwr:	                            (27, 0.0),
[92mINFO [0m:      	                            (28, 0.0),
INFO:flwr:	                            (28, 0.0),
[92mINFO [0m:      	                            (29, 0.0),
INFO:flwr:	                            (29, 0.0),
[92mINFO [0m:      	                            (30, 0.0),
INFO:flwr:	                            (30, 0.0),
[92mINFO [0m:      	                            (31, 0.0),
INFO:flwr:	                            (31, 0.0),
[92mINFO [0m:      	                            (32, 0.0),
INFO:flwr:	                            (32, 0.0),
[92mINFO [0m:      	                            (33, 0.0),
INFO:flwr:	                            (33, 0.0),
[92mINFO [0m:      	                            (34, 0.0),
INFO:flwr:	                            (34, 0.0),
[92mINFO [0m:      	                            (35, 0.0),
INFO:flwr:	                            (35, 0.0),
[92mINFO [0m:      	                            (36, 0.0),
INFO:flwr:	                            (36, 0.0),
[92mINFO [0m:      	                            (37, 0.0),
INFO:flwr:	                            (37, 0.0),
[92mINFO [0m:      	                            (38, 0.0),
INFO:flwr:	                            (38, 0.0),
[92mINFO [0m:      	                            (39, 0.0),
INFO:flwr:	                            (39, 0.0),
[92mINFO [0m:      	                            (40, 0.0),
INFO:flwr:	                            (40, 0.0),
[92mINFO [0m:      	                            (41, 0.0),
INFO:flwr:	                            (41, 0.0),
[92mINFO [0m:      	                            (42, 0.0),
INFO:flwr:	                            (42, 0.0),
[92mINFO [0m:      	                            (43, 0.0),
INFO:flwr:	                            (43, 0.0),
[92mINFO [0m:      	                            (44, 0.0),
INFO:flwr:	                            (44, 0.0),
[92mINFO [0m:      	                            (45, 0.0),
INFO:flwr:	                            (45, 0.0),
[92mINFO [0m:      	                            (46, 0.0),
INFO:flwr:	                            (46, 0.0),
[92mINFO [0m:      	                            (47, 0.0),
INFO:flwr:	                            (47, 0.0),
[92mINFO [0m:      	                            (48, 0.0),
INFO:flwr:	                            (48, 0.0),
[92mINFO [0m:      	                            (49, 0.0),
INFO:flwr:	                            (49, 0.0),
[92mINFO [0m:      	                            (50, 0.0)],
INFO:flwr:	                            (50, 0.0)],
[92mINFO [0m:      	 'layer3_threshold': [(1, 0.5),
INFO:flwr:	 'layer3_threshold': [(1, 0.5),
[92mINFO [0m:      	                      (2, 0.5),
INFO:flwr:	                      (2, 0.5),
[92mINFO [0m:      	                      (3, 0.5),
INFO:flwr:	                      (3, 0.5),
[92mINFO [0m:      	                      (4, 0.5),
INFO:flwr:	                      (4, 0.5),
[92mINFO [0m:      	                      (5, 0.5),
INFO:flwr:	                      (5, 0.5),
[92mINFO [0m:      	                      (6, 0.5),
INFO:flwr:	                      (6, 0.5),
[92mINFO [0m:      	                      (7, 0.5),
INFO:flwr:	                      (7, 0.5),
[92mINFO [0m:      	                      (8, 0.5),
INFO:flwr:	                      (8, 0.5),
[92mINFO [0m:      	                      (9, 0.5),
INFO:flwr:	                      (9, 0.5),
[92mINFO [0m:      	                      (10, 0.5),
INFO:flwr:	                      (10, 0.5),
[92mINFO [0m:      	                      (11, 0.5),
INFO:flwr:	                      (11, 0.5),
[92mINFO [0m:      	                      (12, 0.5),
INFO:flwr:	                      (12, 0.5),
[92mINFO [0m:      	                      (13, 0.5),
INFO:flwr:	                      (13, 0.5),
[92mINFO [0m:      	                      (14, 0.5),
INFO:flwr:	                      (14, 0.5),
[92mINFO [0m:      	                      (15, 0.5),
INFO:flwr:	                      (15, 0.5),
[92mINFO [0m:      	                      (16, 0.5),
INFO:flwr:	                      (16, 0.5),
[92mINFO [0m:      	                      (17, 0.5),
INFO:flwr:	                      (17, 0.5),
[92mINFO [0m:      	                      (18, 0.5),
INFO:flwr:	                      (18, 0.5),
[92mINFO [0m:      	                      (19, 0.5),
INFO:flwr:	                      (19, 0.5),
[92mINFO [0m:      	                      (20, 0.5),
INFO:flwr:	                      (20, 0.5),
[92mINFO [0m:      	                      (21, 0.5),
INFO:flwr:	                      (21, 0.5),
[92mINFO [0m:      	                      (22, 0.5),
INFO:flwr:	                      (22, 0.5),
[92mINFO [0m:      	                      (23, 0.5),
INFO:flwr:	                      (23, 0.5),
[92mINFO [0m:      	                      (24, 0.5),
INFO:flwr:	                      (24, 0.5),
[92mINFO [0m:      	                      (25, 0.5),
INFO:flwr:	                      (25, 0.5),
[92mINFO [0m:      	                      (26, 0.5),
INFO:flwr:	                      (26, 0.5),
[92mINFO [0m:      	                      (27, 0.5),
INFO:flwr:	                      (27, 0.5),
[92mINFO [0m:      	                      (28, 0.5),
INFO:flwr:	                      (28, 0.5),
[92mINFO [0m:      	                      (29, 0.5),
INFO:flwr:	                      (29, 0.5),
[92mINFO [0m:      	                      (30, 0.5),
INFO:flwr:	                      (30, 0.5),
[92mINFO [0m:      	                      (31, 0.5),
INFO:flwr:	                      (31, 0.5),
[92mINFO [0m:      	                      (32, 0.5),
INFO:flwr:	                      (32, 0.5),
[92mINFO [0m:      	                      (33, 0.5),
INFO:flwr:	                      (33, 0.5),
[92mINFO [0m:      	                      (34, 0.5),
INFO:flwr:	                      (34, 0.5),
[92mINFO [0m:      	                      (35, 0.5),
INFO:flwr:	                      (35, 0.5),
[92mINFO [0m:      	                      (36, 0.5),
INFO:flwr:	                      (36, 0.5),
[92mINFO [0m:      	                      (37, 0.5),
INFO:flwr:	                      (37, 0.5),
[92mINFO [0m:      	                      (38, 0.5),
INFO:flwr:	                      (38, 0.5),
[92mINFO [0m:      	                      (39, 0.5),
INFO:flwr:	                      (39, 0.5),
[92mINFO [0m:      	                      (40, 0.5),
INFO:flwr:	                      (40, 0.5),
[92mINFO [0m:      	                      (41, 0.5),
INFO:flwr:	                      (41, 0.5),
[92mINFO [0m:      	                      (42, 0.5),
INFO:flwr:	                      (42, 0.5),
[92mINFO [0m:      	                      (43, 0.5),
INFO:flwr:	                      (43, 0.5),
[92mINFO [0m:      	                      (44, 0.5),
INFO:flwr:	                      (44, 0.5),
[92mINFO [0m:      	                      (45, 0.5),
INFO:flwr:	                      (45, 0.5),
[92mINFO [0m:      	                      (46, 0.5),
INFO:flwr:	                      (46, 0.5),
[92mINFO [0m:      	                      (47, 0.5),
INFO:flwr:	                      (47, 0.5),
[92mINFO [0m:      	                      (48, 0.5),
INFO:flwr:	                      (48, 0.5),
[92mINFO [0m:      	                      (49, 0.5),
INFO:flwr:	                      (49, 0.5),
[92mINFO [0m:      	                      (50, 0.5)],
INFO:flwr:	                      (50, 0.5)],
[92mINFO [0m:      	 'mean_reputation': [(1, 0.964462161064148),
INFO:flwr:	 'mean_reputation': [(1, 0.964462161064148),
[92mINFO [0m:      	                     (2, 0.9270137548446655),
INFO:flwr:	                     (2, 0.9270137548446655),
[92mINFO [0m:      	                     (3, 0.8938271403312683),
INFO:flwr:	                     (3, 0.8938271403312683),
[92mINFO [0m:      	                     (4, 0.8720381855964661),
INFO:flwr:	                     (4, 0.8720381855964661),
[92mINFO [0m:      	                     (5, 0.8451321721076965),
INFO:flwr:	                     (5, 0.8451321721076965),
[92mINFO [0m:      	                     (6, 0.8288980722427368),
INFO:flwr:	                     (6, 0.8288980722427368),
[92mINFO [0m:      	                     (7, 0.8068691492080688),
INFO:flwr:	                     (7, 0.8068691492080688),
[92mINFO [0m:      	                     (8, 0.7872629165649414),
INFO:flwr:	                     (8, 0.7872629165649414),
[92mINFO [0m:      	                     (9, 0.7698038816452026),
INFO:flwr:	                     (9, 0.7698038816452026),
[92mINFO [0m:      	                     (10, 0.7454308867454529),
INFO:flwr:	                     (10, 0.7454308867454529),
[92mINFO [0m:      	                     (11, 0.7328885197639465),
INFO:flwr:	                     (11, 0.7328885197639465),
[92mINFO [0m:      	                     (12, 0.7124207615852356),
INFO:flwr:	                     (12, 0.7124207615852356),
[92mINFO [0m:      	                     (13, 0.7031025886535645),
INFO:flwr:	                     (13, 0.7031025886535645),
[92mINFO [0m:      	                     (14, 0.6857672333717346),
INFO:flwr:	                     (14, 0.6857672333717346),
[92mINFO [0m:      	                     (15, 0.6801112294197083),
INFO:flwr:	                     (15, 0.6801112294197083),
[92mINFO [0m:      	                     (16, 0.6749160885810852),
INFO:flwr:	                     (16, 0.6749160885810852),
[92mINFO [0m:      	                     (17, 0.6702375411987305),
INFO:flwr:	                     (17, 0.6702375411987305),
[92mINFO [0m:      	                     (18, 0.6659533381462097),
INFO:flwr:	                     (18, 0.6659533381462097),
[92mINFO [0m:      	                     (19, 0.6620343923568726),
INFO:flwr:	                     (19, 0.6620343923568726),
[92mINFO [0m:      	                     (20, 0.6584547162055969),
INFO:flwr:	                     (20, 0.6584547162055969),
[92mINFO [0m:      	                     (21, 0.6551871299743652),
INFO:flwr:	                     (21, 0.6551871299743652),
[92mINFO [0m:      	                     (22, 0.6522078514099121),
INFO:flwr:	                     (22, 0.6522078514099121),
[92mINFO [0m:      	                     (23, 0.6494934558868408),
INFO:flwr:	                     (23, 0.6494934558868408),
[92mINFO [0m:      	                     (24, 0.6470228433609009),
INFO:flwr:	                     (24, 0.6470228433609009),
[92mINFO [0m:      	                     (25, 0.6447759866714478),
INFO:flwr:	                     (25, 0.6447759866714478),
[92mINFO [0m:      	                     (26, 0.6427335143089294),
INFO:flwr:	                     (26, 0.6427335143089294),
[92mINFO [0m:      	                     (27, 0.6408781409263611),
INFO:flwr:	                     (27, 0.6408781409263611),
[92mINFO [0m:      	                     (28, 0.6391931772232056),
INFO:flwr:	                     (28, 0.6391931772232056),
[92mINFO [0m:      	                     (29, 0.6376643776893616),
INFO:flwr:	                     (29, 0.6376643776893616),
[92mINFO [0m:      	                     (30, 0.6362782716751099),
INFO:flwr:	                     (30, 0.6362782716751099),
[92mINFO [0m:      	                     (31, 0.6350216865539551),
INFO:flwr:	                     (31, 0.6350216865539551),
[92mINFO [0m:      	                     (32, 0.6338828802108765),
INFO:flwr:	                     (32, 0.6338828802108765),
[92mINFO [0m:      	                     (33, 0.6328510642051697),
INFO:flwr:	                     (33, 0.6328510642051697),
[92mINFO [0m:      	                     (34, 0.6319167613983154),
INFO:flwr:	                     (34, 0.6319167613983154),
[92mINFO [0m:      	                     (35, 0.6310707330703735),
INFO:flwr:	                     (35, 0.6310707330703735),
[92mINFO [0m:      	                     (36, 0.6303051710128784),
INFO:flwr:	                     (36, 0.6303051710128784),
[92mINFO [0m:      	                     (37, 0.6296124458312988),
INFO:flwr:	                     (37, 0.6296124458312988),
[92mINFO [0m:      	                     (38, 0.6289868354797363),
INFO:flwr:	                     (38, 0.6289868354797363),
[92mINFO [0m:      	                     (39, 0.6284210681915283),
INFO:flwr:	                     (39, 0.6284210681915283),
[92mINFO [0m:      	                     (40, 0.6279088854789734),
INFO:flwr:	                     (40, 0.6279088854789734),
[92mINFO [0m:      	                     (41, 0.6274469494819641),
INFO:flwr:	                     (41, 0.6274469494819641),
[92mINFO [0m:      	                     (42, 0.6270297765731812),
INFO:flwr:	                     (42, 0.6270297765731812),
[92mINFO [0m:      	                     (43, 0.6266534924507141),
INFO:flwr:	                     (43, 0.6266534924507141),
[92mINFO [0m:      	                     (44, 0.6263132095336914),
INFO:flwr:	                     (44, 0.6263132095336914),
[92mINFO [0m:      	                     (45, 0.6260059475898743),
INFO:flwr:	                     (45, 0.6260059475898743),
[92mINFO [0m:      	                     (46, 0.6257287859916687),
INFO:flwr:	                     (46, 0.6257287859916687),
[92mINFO [0m:      	                     (47, 0.6254782676696777),
INFO:flwr:	                     (47, 0.6254782676696777),
[92mINFO [0m:      	                     (48, 0.6252049207687378),
INFO:flwr:	                     (48, 0.6252049207687378),
[92mINFO [0m:      	                     (49, 0.6243667006492615),
INFO:flwr:	                     (49, 0.6243667006492615),
[92mINFO [0m:      	                     (50, 0.6235823631286621)],
INFO:flwr:	                     (50, 0.6235823631286621)],
[92mINFO [0m:      	 'min_reputation': [(1, 0.8999999761581421),
INFO:flwr:	 'min_reputation': [(1, 0.8999999761581421),
[92mINFO [0m:      	                    (2, 0.8100000023841858),
INFO:flwr:	                    (2, 0.8100000023841858),
[92mINFO [0m:      	                    (3, 0.7289999723434448),
INFO:flwr:	                    (3, 0.7289999723434448),
[92mINFO [0m:      	                    (4, 0.6560999751091003),
INFO:flwr:	                    (4, 0.6560999751091003),
[92mINFO [0m:      	                    (5, 0.5904899835586548),
INFO:flwr:	                    (5, 0.5904899835586548),
[92mINFO [0m:      	                    (6, 0.5314409732818604),
INFO:flwr:	                    (6, 0.5314409732818604),
[92mINFO [0m:      	                    (7, 0.4782969057559967),
INFO:flwr:	                    (7, 0.4782969057559967),
[92mINFO [0m:      	                    (8, 0.4304672181606293),
INFO:flwr:	                    (8, 0.4304672181606293),
[92mINFO [0m:      	                    (9, 0.3874204754829407),
INFO:flwr:	                    (9, 0.3874204754829407),
[92mINFO [0m:      	                    (10, 0.34867843985557556),
INFO:flwr:	                    (10, 0.34867843985557556),
[92mINFO [0m:      	                    (11, 0.3138105869293213),
INFO:flwr:	                    (11, 0.3138105869293213),
[92mINFO [0m:      	                    (12, 0.2824295461177826),
INFO:flwr:	                    (12, 0.2824295461177826),
[92mINFO [0m:      	                    (13, 0.25418657064437866),
INFO:flwr:	                    (13, 0.25418657064437866),
[92mINFO [0m:      	                    (14, 0.22876793146133423),
INFO:flwr:	                    (14, 0.22876793146133423),
[92mINFO [0m:      	                    (15, 0.20589113235473633),
INFO:flwr:	                    (15, 0.20589113235473633),
[92mINFO [0m:      	                    (16, 0.1853020191192627),
INFO:flwr:	                    (16, 0.1853020191192627),
[92mINFO [0m:      	                    (17, 0.1667718142271042),
INFO:flwr:	                    (17, 0.1667718142271042),
[92mINFO [0m:      	                    (18, 0.1500946283340454),
INFO:flwr:	                    (18, 0.1500946283340454),
[92mINFO [0m:      	                    (19, 0.13508516550064087),
INFO:flwr:	                    (19, 0.13508516550064087),
[92mINFO [0m:      	                    (20, 0.12157665193080902),
INFO:flwr:	                    (20, 0.12157665193080902),
[92mINFO [0m:      	                    (21, 0.10941898822784424),
INFO:flwr:	                    (21, 0.10941898822784424),
[92mINFO [0m:      	                    (22, 0.0984770879149437),
INFO:flwr:	                    (22, 0.0984770879149437),
[92mINFO [0m:      	                    (23, 0.08862937986850739),
INFO:flwr:	                    (23, 0.08862937986850739),
[92mINFO [0m:      	                    (24, 0.07976644486188889),
INFO:flwr:	                    (24, 0.07976644486188889),
[92mINFO [0m:      	                    (25, 0.07178980112075806),
INFO:flwr:	                    (25, 0.07178980112075806),
[92mINFO [0m:      	                    (26, 0.06461081653833389),
INFO:flwr:	                    (26, 0.06461081653833389),
[92mINFO [0m:      	                    (27, 0.05814973637461662),
INFO:flwr:	                    (27, 0.05814973637461662),
[92mINFO [0m:      	                    (28, 0.05233476310968399),
INFO:flwr:	                    (28, 0.05233476310968399),
[92mINFO [0m:      	                    (29, 0.04710128530859947),
INFO:flwr:	                    (29, 0.04710128530859947),
[92mINFO [0m:      	                    (30, 0.042391158640384674),
INFO:flwr:	                    (30, 0.042391158640384674),
[92mINFO [0m:      	                    (31, 0.03815204277634621),
INFO:flwr:	                    (31, 0.03815204277634621),
[92mINFO [0m:      	                    (32, 0.034336838871240616),
INFO:flwr:	                    (32, 0.034336838871240616),
[92mINFO [0m:      	                    (33, 0.030903154984116554),
INFO:flwr:	                    (33, 0.030903154984116554),
[92mINFO [0m:      	                    (34, 0.027812838554382324),
INFO:flwr:	                    (34, 0.027812838554382324),
[92mINFO [0m:      	                    (35, 0.02503155544400215),
INFO:flwr:	                    (35, 0.02503155544400215),
[92mINFO [0m:      	                    (36, 0.022528398782014847),
INFO:flwr:	                    (36, 0.022528398782014847),
[92mINFO [0m:      	                    (37, 0.020275559276342392),
INFO:flwr:	                    (37, 0.020275559276342392),
[92mINFO [0m:      	                    (38, 0.018248002976179123),
INFO:flwr:	                    (38, 0.018248002976179123),
[92mINFO [0m:      	                    (39, 0.01642320305109024),
INFO:flwr:	                    (39, 0.01642320305109024),
[92mINFO [0m:      	                    (40, 0.014780882745981216),
INFO:flwr:	                    (40, 0.014780882745981216),
[92mINFO [0m:      	                    (41, 0.01330279465764761),
INFO:flwr:	                    (41, 0.01330279465764761),
[92mINFO [0m:      	                    (42, 0.011972514912486076),
INFO:flwr:	                    (42, 0.011972514912486076),
[92mINFO [0m:      	                    (43, 0.010775263421237469),
INFO:flwr:	                    (43, 0.010775263421237469),
[92mINFO [0m:      	                    (44, 0.00969773717224598),
INFO:flwr:	                    (44, 0.00969773717224598),
[92mINFO [0m:      	                    (45, 0.008727964013814926),
INFO:flwr:	                    (45, 0.008727964013814926),
[92mINFO [0m:      	                    (46, 0.007855167612433434),
INFO:flwr:	                    (46, 0.007855167612433434),
[92mINFO [0m:      	                    (47, 0.007069650571793318),
INFO:flwr:	                    (47, 0.007069650571793318),
[92mINFO [0m:      	                    (48, 0.006362685468047857),
INFO:flwr:	                    (48, 0.006362685468047857),
[92mINFO [0m:      	                    (49, 0.005726417060941458),
INFO:flwr:	                    (49, 0.005726417060941458),
[92mINFO [0m:      	                    (50, 0.005153775215148926)],
INFO:flwr:	                    (50, 0.005153775215148926)],
[92mINFO [0m:      	 'server_round': [(1, 1),
INFO:flwr:	 'server_round': [(1, 1),
[92mINFO [0m:      	                  (2, 2),
INFO:flwr:	                  (2, 2),
[92mINFO [0m:      	                  (3, 3),
INFO:flwr:	                  (3, 3),
[92mINFO [0m:      	                  (4, 4),
INFO:flwr:	                  (4, 4),
[92mINFO [0m:      	                  (5, 5),
INFO:flwr:	                  (5, 5),
[92mINFO [0m:      	                  (6, 6),
INFO:flwr:	                  (6, 6),
[92mINFO [0m:      	                  (7, 7),
INFO:flwr:	                  (7, 7),
[92mINFO [0m:      	                  (8, 8),
INFO:flwr:	                  (8, 8),
[92mINFO [0m:      	                  (9, 9),
INFO:flwr:	                  (9, 9),
[92mINFO [0m:      	                  (10, 10),
INFO:flwr:	                  (10, 10),
[92mINFO [0m:      	                  (11, 11),
INFO:flwr:	                  (11, 11),
[92mINFO [0m:      	                  (12, 12),
INFO:flwr:	                  (12, 12),
[92mINFO [0m:      	                  (13, 13),
INFO:flwr:	                  (13, 13),
[92mINFO [0m:      	                  (14, 14),
INFO:flwr:	                  (14, 14),
[92mINFO [0m:      	                  (15, 15),
INFO:flwr:	                  (15, 15),
[92mINFO [0m:      	                  (16, 16),
INFO:flwr:	                  (16, 16),
[92mINFO [0m:      	                  (17, 17),
INFO:flwr:	                  (17, 17),
[92mINFO [0m:      	                  (18, 18),
INFO:flwr:	                  (18, 18),
[92mINFO [0m:      	                  (19, 19),
INFO:flwr:	                  (19, 19),
[92mINFO [0m:      	                  (20, 20),
INFO:flwr:	                  (20, 20),
[92mINFO [0m:      	                  (21, 21),
INFO:flwr:	                  (21, 21),
[92mINFO [0m:      	                  (22, 22),
INFO:flwr:	                  (22, 22),
[92mINFO [0m:      	                  (23, 23),
INFO:flwr:	                  (23, 23),
[92mINFO [0m:      	                  (24, 24),
INFO:flwr:	                  (24, 24),
[92mINFO [0m:      	                  (25, 25),
INFO:flwr:	                  (25, 25),
[92mINFO [0m:      	                  (26, 26),
INFO:flwr:	                  (26, 26),
[92mINFO [0m:      	                  (27, 27),
INFO:flwr:	                  (27, 27),
[92mINFO [0m:      	                  (28, 28),
INFO:flwr:	                  (28, 28),
[92mINFO [0m:      	                  (29, 29),
INFO:flwr:	                  (29, 29),
[92mINFO [0m:      	                  (30, 30),
INFO:flwr:	                  (30, 30),
[92mINFO [0m:      	                  (31, 31),
INFO:flwr:	                  (31, 31),
[92mINFO [0m:      	                  (32, 32),
INFO:flwr:	                  (32, 32),
[92mINFO [0m:      	                  (33, 33),
INFO:flwr:	                  (33, 33),
[92mINFO [0m:      	                  (34, 34),
INFO:flwr:	                  (34, 34),
[92mINFO [0m:      	                  (35, 35),
INFO:flwr:	                  (35, 35),
[92mINFO [0m:      	                  (36, 36),
INFO:flwr:	                  (36, 36),
[92mINFO [0m:      	                  (37, 37),
INFO:flwr:	                  (37, 37),
[92mINFO [0m:      	                  (38, 38),
INFO:flwr:	                  (38, 38),
[92mINFO [0m:      	                  (39, 39),
INFO:flwr:	                  (39, 39),
[92mINFO [0m:      	                  (40, 40),
INFO:flwr:	                  (40, 40),
[92mINFO [0m:      	                  (41, 41),
INFO:flwr:	                  (41, 41),
[92mINFO [0m:      	                  (42, 42),
INFO:flwr:	                  (42, 42),
[92mINFO [0m:      	                  (43, 43),
INFO:flwr:	                  (43, 43),
[92mINFO [0m:      	                  (44, 44),
INFO:flwr:	                  (44, 44),
[92mINFO [0m:      	                  (45, 45),
INFO:flwr:	                  (45, 45),
[92mINFO [0m:      	                  (46, 46),
INFO:flwr:	                  (46, 46),
[92mINFO [0m:      	                  (47, 47),
INFO:flwr:	                  (47, 47),
[92mINFO [0m:      	                  (48, 48),
INFO:flwr:	                  (48, 48),
[92mINFO [0m:      	                  (49, 49),
INFO:flwr:	                  (49, 49),
[92mINFO [0m:      	                  (50, 50)]}
INFO:flwr:	                  (50, 50)]}
[92mINFO [0m:      	History (metrics, distributed, evaluate):
INFO:flwr:	History (metrics, distributed, evaluate):
[92mINFO [0m:      	{'accuracy': [(1, 0.9686333333333333),
INFO:flwr:	{'accuracy': [(1, 0.9686333333333333),
[92mINFO [0m:      	              (2, 0.9553666666666667),
INFO:flwr:	              (2, 0.9553666666666667),
[92mINFO [0m:      	              (3, 0.9501666666666667),
INFO:flwr:	              (3, 0.9501666666666667),
[92mINFO [0m:      	              (4, 0.9647666666666667),
INFO:flwr:	              (4, 0.9647666666666667),
[92mINFO [0m:      	              (5, 0.9514333333333334),
INFO:flwr:	              (5, 0.9514333333333334),
[92mINFO [0m:      	              (6, 0.9564),
INFO:flwr:	              (6, 0.9564),
[92mINFO [0m:      	              (7, 0.9484),
INFO:flwr:	              (7, 0.9484),
[92mINFO [0m:      	              (8, 0.9583333333333334),
INFO:flwr:	              (8, 0.9583333333333334),
[92mINFO [0m:      	              (9, 0.9541),
INFO:flwr:	              (9, 0.9541),
[92mINFO [0m:      	              (10, 0.9389333333333333),
INFO:flwr:	              (10, 0.9389333333333333),
[92mINFO [0m:      	              (11, 0.9603333333333334),
INFO:flwr:	              (11, 0.9603333333333334),
[92mINFO [0m:      	              (12, 0.9406333333333333),
INFO:flwr:	              (12, 0.9406333333333333),
[92mINFO [0m:      	              (13, 0.9587333333333333),
INFO:flwr:	              (13, 0.9587333333333333),
[92mINFO [0m:      	              (14, 0.9406666666666667),
INFO:flwr:	              (14, 0.9406666666666667),
[92mINFO [0m:      	              (15, 0.9585),
INFO:flwr:	              (15, 0.9585),
[92mINFO [0m:      	              (16, 0.9593),
INFO:flwr:	              (16, 0.9593),
[92mINFO [0m:      	              (17, 0.9633666666666667),
INFO:flwr:	              (17, 0.9633666666666667),
[92mINFO [0m:      	              (18, 0.9649),
INFO:flwr:	              (18, 0.9649),
[92mINFO [0m:      	              (19, 0.9657),
INFO:flwr:	              (19, 0.9657),
[92mINFO [0m:      	              (20, 0.9622666666666667),
INFO:flwr:	              (20, 0.9622666666666667),
[92mINFO [0m:      	              (21, 0.9661),
INFO:flwr:	              (21, 0.9661),
[92mINFO [0m:      	              (22, 0.9655333333333334),
INFO:flwr:	              (22, 0.9655333333333334),
[92mINFO [0m:      	              (23, 0.9658666666666667),
INFO:flwr:	              (23, 0.9658666666666667),
[92mINFO [0m:      	              (24, 0.9695666666666667),
INFO:flwr:	              (24, 0.9695666666666667),
[92mINFO [0m:      	              (25, 0.9659333333333333),
INFO:flwr:	              (25, 0.9659333333333333),
[92mINFO [0m:      	              (26, 0.9674),
INFO:flwr:	              (26, 0.9674),
[92mINFO [0m:      	              (27, 0.9686666666666667),
INFO:flwr:	              (27, 0.9686666666666667),
[92mINFO [0m:      	              (28, 0.968),
INFO:flwr:	              (28, 0.968),
[92mINFO [0m:      	              (29, 0.9702333333333333),
INFO:flwr:	              (29, 0.9702333333333333),
[92mINFO [0m:      	              (30, 0.9715666666666667),
INFO:flwr:	              (30, 0.9715666666666667),
[92mINFO [0m:      	              (31, 0.9698666666666667),
INFO:flwr:	              (31, 0.9698666666666667),
[92mINFO [0m:      	              (32, 0.9714333333333334),
INFO:flwr:	              (32, 0.9714333333333334),
[92mINFO [0m:      	              (33, 0.9680666666666666),
INFO:flwr:	              (33, 0.9680666666666666),
[92mINFO [0m:      	              (34, 0.9704333333333334),
INFO:flwr:	              (34, 0.9704333333333334),
[92mINFO [0m:      	              (35, 0.9715),
INFO:flwr:	              (35, 0.9715),
[92mINFO [0m:      	              (36, 0.9697333333333333),
INFO:flwr:	              (36, 0.9697333333333333),
[92mINFO [0m:      	              (37, 0.9679),
INFO:flwr:	              (37, 0.9679),
[92mINFO [0m:      	              (38, 0.9695666666666667),
INFO:flwr:	              (38, 0.9695666666666667),
[92mINFO [0m:      	              (39, 0.9688666666666667),
INFO:flwr:	              (39, 0.9688666666666667),
[92mINFO [0m:      	              (40, 0.9719333333333333),
INFO:flwr:	              (40, 0.9719333333333333),
[92mINFO [0m:      	              (41, 0.9733333333333334),
INFO:flwr:	              (41, 0.9733333333333334),
[92mINFO [0m:      	              (42, 0.9721666666666666),
INFO:flwr:	              (42, 0.9721666666666666),
[92mINFO [0m:      	              (43, 0.9720666666666666),
INFO:flwr:	              (43, 0.9720666666666666),
[92mINFO [0m:      	              (44, 0.9721),
INFO:flwr:	              (44, 0.9721),
[92mINFO [0m:      	              (45, 0.9724),
INFO:flwr:	              (45, 0.9724),
[92mINFO [0m:      	              (46, 0.9726666666666667),
INFO:flwr:	              (46, 0.9726666666666667),
[92mINFO [0m:      	              (47, 0.9736),
INFO:flwr:	              (47, 0.9736),
[92mINFO [0m:      	              (48, 0.9730666666666666),
INFO:flwr:	              (48, 0.9730666666666666),
[92mINFO [0m:      	              (49, 0.9721333333333333),
INFO:flwr:	              (49, 0.9721333333333333),
[92mINFO [0m:      	              (50, 0.9714666666666667)],
INFO:flwr:	              (50, 0.9714666666666667)],
[92mINFO [0m:      	 'auc': [(1, 0.8262287983642657),
INFO:flwr:	 'auc': [(1, 0.8262287983642657),
[92mINFO [0m:      	         (2, 0.9038670651148158),
INFO:flwr:	         (2, 0.9038670651148158),
[92mINFO [0m:      	         (3, 0.9125747090279961),
INFO:flwr:	         (3, 0.9125747090279961),
[92mINFO [0m:      	         (4, 0.903072161056936),
INFO:flwr:	         (4, 0.903072161056936),
[92mINFO [0m:      	         (5, 0.9088319440075495),
INFO:flwr:	         (5, 0.9088319440075495),
[92mINFO [0m:      	         (6, 0.9070675998741743),
INFO:flwr:	         (6, 0.9070675998741743),
[92mINFO [0m:      	         (7, 0.9079286096256685),
INFO:flwr:	         (7, 0.9079286096256685),
[92mINFO [0m:      	         (8, 0.9139260773828245),
INFO:flwr:	         (8, 0.9139260773828245),
[92mINFO [0m:      	         (9, 0.9073511796162316),
INFO:flwr:	         (9, 0.9073511796162316),
[92mINFO [0m:      	         (10, 0.9165787039949671),
INFO:flwr:	         (10, 0.9165787039949671),
[92mINFO [0m:      	         (11, 0.9096971060081787),
INFO:flwr:	         (11, 0.9096971060081787),
[92mINFO [0m:      	         (12, 0.9175683862849952),
INFO:flwr:	         (12, 0.9175683862849952),
[92mINFO [0m:      	         (13, 0.9032319754639825),
INFO:flwr:	         (13, 0.9032319754639825),
[92mINFO [0m:      	         (14, 0.9173334853727588),
INFO:flwr:	         (14, 0.9173334853727588),
[92mINFO [0m:      	         (15, 0.9081972947467757),
INFO:flwr:	         (15, 0.9081972947467757),
[92mINFO [0m:      	         (16, 0.9065592639194716),
INFO:flwr:	         (16, 0.9065592639194716),
[92mINFO [0m:      	         (17, 0.8994308587606163),
INFO:flwr:	         (17, 0.8994308587606163),
[92mINFO [0m:      	         (18, 0.9014603648946209),
INFO:flwr:	         (18, 0.9014603648946209),
[92mINFO [0m:      	         (19, 0.9012942906574393),
INFO:flwr:	         (19, 0.9012942906574393),
[92mINFO [0m:      	         (20, 0.9037455331865366),
INFO:flwr:	         (20, 0.9037455331865366),
[92mINFO [0m:      	         (21, 0.8974883768480655),
INFO:flwr:	         (21, 0.8974883768480655),
[92mINFO [0m:      	         (22, 0.8971402956904686),
INFO:flwr:	         (22, 0.8971402956904686),
[92mINFO [0m:      	         (23, 0.8986164202579429),
INFO:flwr:	         (23, 0.8986164202579429),
[92mINFO [0m:      	         (24, 0.8917379993708713),
INFO:flwr:	         (24, 0.8917379993708713),
[92mINFO [0m:      	         (25, 0.8920426549229317),
INFO:flwr:	         (25, 0.8920426549229317),
[92mINFO [0m:      	         (26, 0.8850203680402642),
INFO:flwr:	         (26, 0.8850203680402642),
[92mINFO [0m:      	         (27, 0.899556291286568),
INFO:flwr:	         (27, 0.899556291286568),
[92mINFO [0m:      	         (28, 0.8950224127083988),
INFO:flwr:	         (28, 0.8950224127083988),
[92mINFO [0m:      	         (29, 0.9034396036489463),
INFO:flwr:	         (29, 0.9034396036489463),
[92mINFO [0m:      	         (30, 0.8979044196288141),
INFO:flwr:	         (30, 0.8979044196288141),
[92mINFO [0m:      	         (31, 0.8953497640767538),
INFO:flwr:	         (31, 0.8953497640767538),
[92mINFO [0m:      	         (32, 0.8897684177414281),
INFO:flwr:	         (32, 0.8897684177414281),
[92mINFO [0m:      	         (33, 0.895867772884555),
INFO:flwr:	         (33, 0.895867772884555),
[92mINFO [0m:      	         (34, 0.8974317709971691),
INFO:flwr:	         (34, 0.8974317709971691),
[92mINFO [0m:      	         (35, 0.8982870871343192),
INFO:flwr:	         (35, 0.8982870871343192),
[92mINFO [0m:      	         (36, 0.8971795847750866),
INFO:flwr:	         (36, 0.8971795847750866),
[92mINFO [0m:      	         (37, 0.8899438345391634),
INFO:flwr:	         (37, 0.8899438345391634),
[92mINFO [0m:      	         (38, 0.8860442434727901),
INFO:flwr:	         (38, 0.8860442434727901),
[92mINFO [0m:      	         (39, 0.8915315665303555),
INFO:flwr:	         (39, 0.8915315665303555),
[92mINFO [0m:      	         (40, 0.8951389273356399),
INFO:flwr:	         (40, 0.8951389273356399),
[92mINFO [0m:      	         (41, 0.891355614973262),
INFO:flwr:	         (41, 0.891355614973262),
[92mINFO [0m:      	         (42, 0.8904363636363636),
INFO:flwr:	         (42, 0.8904363636363636),
[92mINFO [0m:      	         (43, 0.8957074237181505),
INFO:flwr:	         (43, 0.8957074237181505),
[92mINFO [0m:      	         (44, 0.8934401855929537),
INFO:flwr:	         (44, 0.8934401855929537),
[92mINFO [0m:      	         (45, 0.8882963038691413),
INFO:flwr:	         (45, 0.8882963038691413),
[92mINFO [0m:      	         (46, 0.8877337999370872),
INFO:flwr:	         (46, 0.8877337999370872),
[92mINFO [0m:      	         (47, 0.8912956747404843),
INFO:flwr:	         (47, 0.8912956747404843),
[92mINFO [0m:      	         (48, 0.8868727744573768),
INFO:flwr:	         (48, 0.8868727744573768),
[92mINFO [0m:      	         (49, 0.8910466498899026),
INFO:flwr:	         (49, 0.8910466498899026),
[92mINFO [0m:      	         (50, 0.8842787039949669)],
INFO:flwr:	         (50, 0.8842787039949669)],
[92mINFO [0m:      	 'f1': [(1, 0.42375995101041036),
INFO:flwr:	 'f1': [(1, 0.42375995101041036),
[92mINFO [0m:      	        (2, 0.4848018468641785),
INFO:flwr:	        (2, 0.4848018468641785),
[92mINFO [0m:      	        (3, 0.47562258856541567),
INFO:flwr:	        (3, 0.47562258856541567),
[92mINFO [0m:      	        (4, 0.5135757017947538),
INFO:flwr:	        (4, 0.5135757017947538),
[92mINFO [0m:      	        (5, 0.47495495495495493),
INFO:flwr:	        (5, 0.47495495495495493),
[92mINFO [0m:      	        (6, 0.4910505836575875),
INFO:flwr:	        (6, 0.4910505836575875),
[92mINFO [0m:      	        (7, 0.4647302904564316),
INFO:flwr:	        (7, 0.4647302904564316),
[92mINFO [0m:      	        (8, 0.5158791634391944),
INFO:flwr:	        (8, 0.5158791634391944),
[92mINFO [0m:      	        (9, 0.4901888189559422),
INFO:flwr:	        (9, 0.4901888189559422),
[92mINFO [0m:      	        (10, 0.4498498498498499),
INFO:flwr:	        (10, 0.4498498498498499),
[92mINFO [0m:      	        (11, 0.5262738853503185),
INFO:flwr:	        (11, 0.5262738853503185),
[92mINFO [0m:      	        (12, 0.4551850718874273),
INFO:flwr:	        (12, 0.4551850718874273),
[92mINFO [0m:      	        (13, 0.5102848101265823),
INFO:flwr:	        (13, 0.5102848101265823),
[92mINFO [0m:      	        (14, 0.45797807551766145),
INFO:flwr:	        (14, 0.45797807551766145),
[92mINFO [0m:      	        (15, 0.5108055009823183),
INFO:flwr:	        (15, 0.5108055009823183),
[92mINFO [0m:      	        (16, 0.5121853775469437),
INFO:flwr:	        (16, 0.5121853775469437),
[92mINFO [0m:      	        (17, 0.5152183502426115),
INFO:flwr:	        (17, 0.5152183502426115),
[92mINFO [0m:      	        (18, 0.5313751668891856),
INFO:flwr:	        (18, 0.5313751668891856),
[92mINFO [0m:      	        (19, 0.5316340464269458),
INFO:flwr:	        (19, 0.5316340464269458),
[92mINFO [0m:      	        (20, 0.5170648464163823),
INFO:flwr:	        (20, 0.5170648464163823),
[92mINFO [0m:      	        (21, 0.53068758652515),
INFO:flwr:	        (21, 0.53068758652515),
[92mINFO [0m:      	        (22, 0.5261228230980751),
INFO:flwr:	        (22, 0.5261228230980751),
[92mINFO [0m:      	        (23, 0.5332725615314494),
INFO:flwr:	        (23, 0.5332725615314494),
[92mINFO [0m:      	        (24, 0.546448087431694),
INFO:flwr:	        (24, 0.546448087431694),
[92mINFO [0m:      	        (25, 0.5224299065420561),
INFO:flwr:	        (25, 0.5224299065420561),
[92mINFO [0m:      	        (26, 0.5270793036750484),
INFO:flwr:	        (26, 0.5270793036750484),
[92mINFO [0m:      	        (27, 0.5454545454545454),
INFO:flwr:	        (27, 0.5454545454545454),
[92mINFO [0m:      	        (28, 0.5380173243503369),
INFO:flwr:	        (28, 0.5380173243503369),
[92mINFO [0m:      	        (29, 0.555942317255097),
INFO:flwr:	        (29, 0.555942317255097),
[92mINFO [0m:      	        (30, 0.5596282911719154),
INFO:flwr:	        (30, 0.5596282911719154),
[92mINFO [0m:      	        (31, 0.548),
INFO:flwr:	        (31, 0.548),
[92mINFO [0m:      	        (32, 0.5419561731694281),
INFO:flwr:	        (32, 0.5419561731694281),
[92mINFO [0m:      	        (33, 0.5354025218234724),
INFO:flwr:	        (33, 0.5354025218234724),
[92mINFO [0m:      	        (34, 0.5522463402322059),
INFO:flwr:	        (34, 0.5522463402322059),
[92mINFO [0m:      	        (35, 0.5622119815668203),
INFO:flwr:	        (35, 0.5622119815668203),
[92mINFO [0m:      	        (36, 0.5441767068273093),
INFO:flwr:	        (36, 0.5441767068273093),
[92mINFO [0m:      	        (37, 0.5172932330827068),
INFO:flwr:	        (37, 0.5172932330827068),
[92mINFO [0m:      	        (38, 0.536783358701167),
INFO:flwr:	        (38, 0.536783358701167),
[92mINFO [0m:      	        (39, 0.533),
INFO:flwr:	        (39, 0.533),
[92mINFO [0m:      	        (40, 0.5535524920466597),
INFO:flwr:	        (40, 0.5535524920466597),
[92mINFO [0m:      	        (41, 0.5575221238938053),
INFO:flwr:	        (41, 0.5575221238938053),
[92mINFO [0m:      	        (42, 0.5404512933406715),
INFO:flwr:	        (42, 0.5404512933406715),
[92mINFO [0m:      	        (43, 0.5475161987041036),
INFO:flwr:	        (43, 0.5475161987041036),
[92mINFO [0m:      	        (44, 0.5433715220949263),
INFO:flwr:	        (44, 0.5433715220949263),
[92mINFO [0m:      	        (45, 0.545054945054945),
INFO:flwr:	        (45, 0.545054945054945),
[92mINFO [0m:      	        (46, 0.5439377085650723),
INFO:flwr:	        (46, 0.5439377085650723),
[92mINFO [0m:      	        (47, 0.5624309392265193),
INFO:flwr:	        (47, 0.5624309392265193),
[92mINFO [0m:      	        (48, 0.5388127853881278),
INFO:flwr:	        (48, 0.5388127853881278),
[92mINFO [0m:      	        (49, 0.538121546961326),
INFO:flwr:	        (49, 0.538121546961326),
[92mINFO [0m:      	        (50, 0.5402792696025779)],
INFO:flwr:	        (50, 0.5402792696025779)],
[92mINFO [0m:      	 'precision': [(1, 0.649155722326454),
INFO:flwr:	 'precision': [(1, 0.649155722326454),
[92mINFO [0m:      	               (2, 0.4202801867911941),
INFO:flwr:	               (2, 0.4202801867911941),
[92mINFO [0m:      	               (3, 0.38720731010850945),
INFO:flwr:	               (3, 0.38720731010850945),
[92mINFO [0m:      	               (4, 0.5200372786579683),
INFO:flwr:	               (4, 0.5200372786579683),
[92mINFO [0m:      	               (5, 0.3934328358208955),
INFO:flwr:	               (5, 0.3934328358208955),
[92mINFO [0m:      	               (6, 0.42925170068027213),
INFO:flwr:	               (6, 0.42925170068027213),
[92mINFO [0m:      	               (7, 0.375),
INFO:flwr:	               (7, 0.375),
[92mINFO [0m:      	               (8, 0.4493927125506073),
INFO:flwr:	               (8, 0.4493927125506073),
[92mINFO [0m:      	               (9, 0.4134915677701436),
INFO:flwr:	               (9, 0.4134915677701436),
[92mINFO [0m:      	               (10, 0.3358744394618834),
INFO:flwr:	               (10, 0.3358744394618834),
[92mINFO [0m:      	               (11, 0.46813031161473084),
INFO:flwr:	               (11, 0.46813031161473084),
[92mINFO [0m:      	               (12, 0.343015214384509),
INFO:flwr:	               (12, 0.343015214384509),
[92mINFO [0m:      	               (13, 0.45168067226890757),
INFO:flwr:	               (13, 0.45168067226890757),
[92mINFO [0m:      	               (14, 0.34432234432234426),
INFO:flwr:	               (14, 0.34432234432234426),
[92mINFO [0m:      	               (15, 0.4498269896193772),
INFO:flwr:	               (15, 0.4498269896193772),
[92mINFO [0m:      	               (16, 0.4568781183178902),
INFO:flwr:	               (16, 0.4568781183178902),
[92mINFO [0m:      	               (17, 0.5004284490145673),
INFO:flwr:	               (17, 0.5004284490145673),
[92mINFO [0m:      	               (18, 0.5204882301656495),
INFO:flwr:	               (18, 0.5204882301656495),
[92mINFO [0m:      	               (19, 0.5323609845031905),
INFO:flwr:	               (19, 0.5323609845031905),
[92mINFO [0m:      	               (20, 0.4871382636655949),
INFO:flwr:	               (20, 0.4871382636655949),
[92mINFO [0m:      	               (21, 0.5388940955951266),
INFO:flwr:	               (21, 0.5388940955951266),
[92mINFO [0m:      	               (22, 0.5304990757855823),
INFO:flwr:	               (22, 0.5304990757855823),
[92mINFO [0m:      	               (23, 0.5347349177330896),
INFO:flwr:	               (23, 0.5347349177330896),
[92mINFO [0m:      	               (24, 0.6024096385542168),
INFO:flwr:	               (24, 0.6024096385542168),
[92mINFO [0m:      	               (25, 0.5375),
INFO:flwr:	               (25, 0.5375),
[92mINFO [0m:      	               (26, 0.5630165289256198),
INFO:flwr:	               (26, 0.5630165289256198),
[92mINFO [0m:      	               (27, 0.5826446280991735),
INFO:flwr:	               (27, 0.5826446280991735),
[92mINFO [0m:      	               (28, 0.5715746421267893),
INFO:flwr:	               (28, 0.5715746421267893),
[92mINFO [0m:      	               (29, 0.6136114160263447),
INFO:flwr:	               (29, 0.6136114160263447),
[92mINFO [0m:      	               (30, 0.6475507765830347),
INFO:flwr:	               (30, 0.6475507765830347),
[92mINFO [0m:      	               (31, 0.6088888888888889),
INFO:flwr:	               (31, 0.6088888888888889),
[92mINFO [0m:      	               (32, 0.6575875486381323),
INFO:flwr:	               (32, 0.6575875486381323),
[92mINFO [0m:      	               (33, 0.5738045738045738),
INFO:flwr:	               (33, 0.5738045738045738),
[92mINFO [0m:      	               (34, 0.6208853575482406),
INFO:flwr:	               (34, 0.6208853575482406),
[92mINFO [0m:      	               (35, 0.6436107854630715),
INFO:flwr:	               (35, 0.6436107854630715),
[92mINFO [0m:      	               (36, 0.6076233183856502),
INFO:flwr:	               (36, 0.6076233183856502),
[92mINFO [0m:      	               (37, 0.576536312849162),
INFO:flwr:	               (37, 0.576536312849162),
[92mINFO [0m:      	               (38, 0.6073478760045924),
INFO:flwr:	               (38, 0.6073478760045924),
[92mINFO [0m:      	               (39, 0.5922222222222223),
INFO:flwr:	               (39, 0.5922222222222223),
[92mINFO [0m:      	               (40, 0.6641221374045801),
INFO:flwr:	               (40, 0.6641221374045801),
[92mINFO [0m:      	               (41, 0.7118644067796611),
INFO:flwr:	               (41, 0.7118644067796611),
[92mINFO [0m:      	               (42, 0.6847977684797768),
INFO:flwr:	               (42, 0.6847977684797768),
[92mINFO [0m:      	               (43, 0.6742021276595744),
INFO:flwr:	               (43, 0.6742021276595744),
[92mINFO [0m:      	               (44, 0.6793997271487039),
INFO:flwr:	               (44, 0.6793997271487039),
[92mINFO [0m:      	               (45, 0.688888888888889),
INFO:flwr:	               (45, 0.688888888888889),
[92mINFO [0m:      	               (46, 0.7005730659025788),
INFO:flwr:	               (46, 0.7005730659025788),
[92mINFO [0m:      	               (47, 0.7169014084507043),
INFO:flwr:	               (47, 0.7169014084507043),
[92mINFO [0m:      	               (48, 0.7239263803680981),
INFO:flwr:	               (48, 0.7239263803680981),
[92mINFO [0m:      	               (49, 0.6859154929577466),
INFO:flwr:	               (49, 0.6859154929577466),
[92mINFO [0m:      	               (50, 0.6601049868766403)],
INFO:flwr:	               (50, 0.6601049868766403)],
[92mINFO [0m:      	 'recall': [(1, 0.31454545454545463),
INFO:flwr:	 'recall': [(1, 0.31454545454545463),
[92mINFO [0m:      	            (2, 0.5727272727272728),
INFO:flwr:	            (2, 0.5727272727272728),
[92mINFO [0m:      	            (3, 0.6163636363636362),
INFO:flwr:	            (3, 0.6163636363636362),
[92mINFO [0m:      	            (4, 0.5072727272727273),
INFO:flwr:	            (4, 0.5072727272727273),
[92mINFO [0m:      	            (5, 0.599090909090909),
INFO:flwr:	            (5, 0.599090909090909),
[92mINFO [0m:      	            (6, 0.5736363636363636),
INFO:flwr:	            (6, 0.5736363636363636),
[92mINFO [0m:      	            (7, 0.610909090909091),
INFO:flwr:	            (7, 0.610909090909091),
[92mINFO [0m:      	            (8, 0.6054545454545455),
INFO:flwr:	            (8, 0.6054545454545455),
[92mINFO [0m:      	            (9, 0.6018181818181818),
INFO:flwr:	            (9, 0.6018181818181818),
[92mINFO [0m:      	            (10, 0.680909090909091),
INFO:flwr:	            (10, 0.680909090909091),
[92mINFO [0m:      	            (11, 0.600909090909091),
INFO:flwr:	            (11, 0.600909090909091),
[92mINFO [0m:      	            (12, 0.6763636363636364),
INFO:flwr:	            (12, 0.6763636363636364),
[92mINFO [0m:      	            (13, 0.5863636363636363),
INFO:flwr:	            (13, 0.5863636363636363),
[92mINFO [0m:      	            (14, 0.6836363636363636),
INFO:flwr:	            (14, 0.6836363636363636),
[92mINFO [0m:      	            (15, 0.5909090909090909),
INFO:flwr:	            (15, 0.5909090909090909),
[92mINFO [0m:      	            (16, 0.5827272727272728),
INFO:flwr:	            (16, 0.5827272727272728),
[92mINFO [0m:      	            (17, 0.5309090909090909),
INFO:flwr:	            (17, 0.5309090909090909),
[92mINFO [0m:      	            (18, 0.5427272727272727),
INFO:flwr:	            (18, 0.5427272727272727),
[92mINFO [0m:      	            (19, 0.5309090909090909),
INFO:flwr:	            (19, 0.5309090909090909),
[92mINFO [0m:      	            (20, 0.550909090909091),
INFO:flwr:	            (20, 0.550909090909091),
[92mINFO [0m:      	            (21, 0.5227272727272727),
INFO:flwr:	            (21, 0.5227272727272727),
[92mINFO [0m:      	            (22, 0.5218181818181818),
INFO:flwr:	            (22, 0.5218181818181818),
[92mINFO [0m:      	            (23, 0.5318181818181819),
INFO:flwr:	            (23, 0.5318181818181819),
[92mINFO [0m:      	            (24, 0.5),
INFO:flwr:	            (24, 0.5),
[92mINFO [0m:      	            (25, 0.5081818181818183),
INFO:flwr:	            (25, 0.5081818181818183),
[92mINFO [0m:      	            (26, 0.4954545454545455),
INFO:flwr:	            (26, 0.4954545454545455),
[92mINFO [0m:      	            (27, 0.5127272727272727),
INFO:flwr:	            (27, 0.5127272727272727),
[92mINFO [0m:      	            (28, 0.5081818181818183),
INFO:flwr:	            (28, 0.5081818181818183),
[92mINFO [0m:      	            (29, 0.5081818181818183),
INFO:flwr:	            (29, 0.5081818181818183),
[92mINFO [0m:      	            (30, 0.49272727272727274),
INFO:flwr:	            (30, 0.49272727272727274),
[92mINFO [0m:      	            (31, 0.4981818181818182),
INFO:flwr:	            (31, 0.4981818181818182),
[92mINFO [0m:      	            (32, 0.460909090909091),
INFO:flwr:	            (32, 0.460909090909091),
[92mINFO [0m:      	            (33, 0.5018181818181817),
INFO:flwr:	            (33, 0.5018181818181817),
[92mINFO [0m:      	            (34, 0.49727272727272726),
INFO:flwr:	            (34, 0.49727272727272726),
[92mINFO [0m:      	            (35, 0.49909090909090903),
INFO:flwr:	            (35, 0.49909090909090903),
[92mINFO [0m:      	            (36, 0.49272727272727274),
INFO:flwr:	            (36, 0.49272727272727274),
[92mINFO [0m:      	            (37, 0.4690909090909091),
INFO:flwr:	            (37, 0.4690909090909091),
[92mINFO [0m:      	            (38, 0.4809090909090909),
INFO:flwr:	            (38, 0.4809090909090909),
[92mINFO [0m:      	            (39, 0.4845454545454545),
INFO:flwr:	            (39, 0.4845454545454545),
[92mINFO [0m:      	            (40, 0.4745454545454545),
INFO:flwr:	            (40, 0.4745454545454545),
[92mINFO [0m:      	            (41, 0.45818181818181825),
INFO:flwr:	            (41, 0.45818181818181825),
[92mINFO [0m:      	            (42, 0.44636363636363635),
INFO:flwr:	            (42, 0.44636363636363635),
[92mINFO [0m:      	            (43, 0.460909090909091),
INFO:flwr:	            (43, 0.460909090909091),
[92mINFO [0m:      	            (44, 0.45272727272727264),
INFO:flwr:	            (44, 0.45272727272727264),
[92mINFO [0m:      	            (45, 0.450909090909091),
INFO:flwr:	            (45, 0.450909090909091),
[92mINFO [0m:      	            (46, 0.4445454545454545),
INFO:flwr:	            (46, 0.4445454545454545),
[92mINFO [0m:      	            (47, 0.46272727272727276),
INFO:flwr:	            (47, 0.46272727272727276),
[92mINFO [0m:      	            (48, 0.4290909090909091),
INFO:flwr:	            (48, 0.4290909090909091),
[92mINFO [0m:      	            (49, 0.44272727272727275),
INFO:flwr:	            (49, 0.44272727272727275),
[92mINFO [0m:      	            (50, 0.4572727272727273)]}
INFO:flwr:	            (50, 0.4572727272727273)]}
[92mINFO [0m:      
INFO:flwr:

Training complete in 635.4s (12.7s/round)

[Ray cleanup] Shutting down Ray...
[36m(ClientAppActor pid=66464)[0m [Client 9] Training on NVIDIA GeForce RTX 3060
[36m(ClientAppActor pid=66447)[0m [93mWARNING [0m:   DEPRECATED FEATURE: `client_fn` now expects a signature `def client_fn(context: Context)`.The provided `client_fn` has signature: {'cid': <Parameter "cid: str">}. You can import the `Context` like this: `from flwr.app import Context`[32m [repeated 11x across cluster][0m
[36m(ClientAppActor pid=66447)[0m             This is a deprecated feature. It will be removed[32m [repeated 11x across cluster][0m
[36m(ClientAppActor pid=66447)[0m             entirely in future versions of Flower.[32m [repeated 11x across cluster][0m
[Ray cleanup] Ray shutdown complete.
Metrics saved to: ./results/seed_49/Attack_ModelReplace_20pct.json
Model checkpoint saved to: ./results/seed_49/models/Attack_ModelReplace_20pct.pt
