
==============================================================================
EXPERIMENT: Attack_ModelReplace_10pct
SEED:       52
STARTED:    2026-09-15T23:04:14+00:00
TIMEOUT:    180.0 min
COMMAND:
/app/.venv/bin/python train.py --num-clients 10 --num-rounds 50 --nrows 150000 --batch-size 512 --epochs-per-round 10 --results-dir ./results/seed_52 --save-model ./results/seed_52/models/Attack_ModelReplace_10pct.pt --seed 52 --run-label Attack_ModelReplace_10pct --num-adversaries 1 --attack-type model_replace
==============================================================================
Device: cuda
  GPU: NVIDIA GeForce RTX 3060
  VRAM: 12.9 GB

Loading data from: ./data/raw
/app/.venv/lib/python3.14/site-packages/numpy/lib/_function_base_impl.py:3036: RuntimeWarning: invalid value encountered in divide
  c /= stddev[:, None]
/app/.venv/lib/python3.14/site-packages/numpy/lib/_function_base_impl.py:3037: RuntimeWarning: invalid value encountered in divide
  c /= stddev[None, :]
/app/data/loader.py:132: PerformanceWarning: DataFrame is highly fragmented.  This is usually the result of calling `frame.insert` many times, which has poor performance.  Consider joining all columns at once using pd.concat(axis=1) instead. To get a de-fragmented frame, use `newframe = frame.copy()`
  X_df["uid_fraud_mean"] = y_series.groupby(by=uid_series).transform("mean").values
/app/data/loader.py:133: PerformanceWarning: DataFrame is highly fragmented.  This is usually the result of calling `frame.insert` many times, which has poor performance.  Consider joining all columns at once using pd.concat(axis=1) instead. To get a de-fragmented frame, use `newframe = frame.copy()`
  X_df["uid_count"]      = uid_series.groupby(by=uid_series).transform("count").astype(np.float32).values
/app/data/loader.py:134: PerformanceWarning: DataFrame is highly fragmented.  This is usually the result of calling `frame.insert` many times, which has poor performance.  Consider joining all columns at once using pd.concat(axis=1) instead. To get a de-fragmented frame, use `newframe = frame.copy()`
  X_df["uid_amt_mean"]   = amt_series.groupby(by=uid_series).transform("mean").astype(np.float32).values
/app/data/loader.py:135: PerformanceWarning: DataFrame is highly fragmented.  This is usually the result of calling `frame.insert` many times, which has poor performance.  Consider joining all columns at once using pd.concat(axis=1) instead. To get a de-fragmented frame, use `newframe = frame.copy()`
  X_df["uid_amt_std"]    = amt_series.groupby(by=uid_series).transform("std").fillna(0).astype(np.float32).values
/app/data/loader.py:142: PerformanceWarning: DataFrame is highly fragmented.  This is usually the result of calling `frame.insert` many times, which has poor performance.  Consider joining all columns at once using pd.concat(axis=1) instead. To get a de-fragmented frame, use `newframe = frame.copy()`
  X_df["log_TransactionAmt"] = np.log1p(
/app/data/loader.py:147: PerformanceWarning: DataFrame is highly fragmented.  This is usually the result of calling `frame.insert` many times, which has poor performance.  Consider joining all columns at once using pd.concat(axis=1) instead. To get a de-fragmented frame, use `newframe = frame.copy()`
  X_df["amt_uid_ratio"] = (
  Train samples: 120000
  Test samples:  30000
  Input dim: 122
Strategy: CascadeRouter

Starting FL simulation:
  Clients:      10
  Rounds:       50
  Adversaries:  1
  Attack:       model_replace
[93mWARNING [0m:   DEPRECATED FEATURE: flwr.simulation.start_simulation() is deprecated.
	Instead, use the `flwr run` CLI command to start a local simulation in your Flower app, as shown for example below:

		$ flwr new  # Create a new Flower app from a template

		$ flwr run  # Run the Flower app in Simulation Mode

	Using `start_simulation()` is deprecated.

            This is a deprecated feature. It will be removed
            entirely in future versions of Flower.
        
[92mINFO [0m:      Starting Flower simulation, config: num_rounds=50, no round_timeout
2026-09-15 23:04:32,773	INFO worker.py:2024 -- Started a local Ray instance.
[92mINFO [0m:      Flower VCE: Ray initialized with resources: {'memory': 4784568320.0, 'CPU': 20.0, 'node:172.18.0.2': 1.0, 'object_store_memory': 2050529280.0, 'node:__internal_head__': 1.0, 'accelerator_type:GeForce-RTX-3060': 1.0, 'GPU': 1.0}
[92mINFO [0m:      Optimize your simulation with Flower VCE: https://flower.ai/docs/framework/how-to-run-simulations.html
[92mINFO [0m:      Flower VCE: Resources for each Virtual Client: {'num_cpus': 10, 'num_gpus': 0.5}
[92mINFO [0m:      Flower VCE: Creating VirtualClientEngineActorPool with 2 actors
[92mINFO [0m:      [INIT]
[92mINFO [0m:      Requesting initial parameters from one random client
[36m(ClientAppActor pid=238133)[0m [93mWARNING [0m:   DEPRECATED FEATURE: `client_fn` now expects a signature `def client_fn(context: Context)`.The provided `client_fn` has signature: {'cid': <Parameter "cid: str">}. You can import the `Context` like this: `from flwr.app import Context`
[36m(ClientAppActor pid=238133)[0m 
[36m(ClientAppActor pid=238133)[0m             This is a deprecated feature. It will be removed
[36m(ClientAppActor pid=238133)[0m             entirely in future versions of Flower.
[36m(ClientAppActor pid=238133)[0m         
[92mINFO [0m:      Received initial parameters from one random client
[92mINFO [0m:      Starting evaluation of initial global parameters
[92mINFO [0m:      Evaluation returned no results (`None`)
[92mINFO [0m:      
[92mINFO [0m:      [ROUND 1]
[92mINFO [0m:      configure_fit: strategy sampled 10 clients (out of 10)
[36m(ClientAppActor pid=238133)[0m [Client 7] Training on NVIDIA GeForce RTX 3060
[36m(ClientAppActor pid=238133)[0m [93mWARNING [0m:   DEPRECATED FEATURE: `client_fn` now expects a signature `def client_fn(context: Context)`.The provided `client_fn` has signature: {'cid': <Parameter "cid: str">}. You can import the `Context` like this: `from flwr.app import Context`
[36m(ClientAppActor pid=238133)[0m 
[36m(ClientAppActor pid=238133)[0m             This is a deprecated feature. It will be removed
[36m(ClientAppActor pid=238133)[0m             entirely in future versions of Flower.
[36m(ClientAppActor pid=238133)[0m         
[36m(ClientAppActor pid=238129)[0m 
[36m(ClientAppActor pid=238129)[0m         
[36m(ClientAppActor pid=238133)[0m 
[36m(ClientAppActor pid=238133)[0m         
[36m(ClientAppActor pid=238133)[0m 
[36m(ClientAppActor pid=238133)[0m         
[36m(ClientAppActor pid=238129)[0m 
[36m(ClientAppActor pid=238129)[0m         
[36m(ClientAppActor pid=238129)[0m [93mWARNING [0m:   DEPRECATED FEATURE: `client_fn` now expects a signature `def client_fn(context: Context)`.The provided `client_fn` has signature: {'cid': <Parameter "cid: str">}. You can import the `Context` like this: `from flwr.app import Context`[32m [repeated 4x across cluster] (Ray deduplicates logs by default. Set RAY_DEDUP_LOGS=0 to disable log deduplication, or see https://docs.ray.io/en/master/ray-observability/user-guides/configure-logging.html#log-deduplication for more options.)[0m
[36m(ClientAppActor pid=238129)[0m             This is a deprecated feature. It will be removed[32m [repeated 4x across cluster][0m
[36m(ClientAppActor pid=238129)[0m             entirely in future versions of Flower.[32m [repeated 4x across cluster][0m
[36m(ClientAppActor pid=238129)[0m [Client 5] Training on NVIDIA GeForce RTX 3060[32m [repeated 4x across cluster][0m
[36m(ClientAppActor pid=238133)[0m 
[36m(ClientAppActor pid=238133)[0m         
[36m(ClientAppActor pid=238133)[0m 
[36m(ClientAppActor pid=238133)[0m         
[36m(ClientAppActor pid=238133)[0m [Client 1] Training on NVIDIA GeForce RTX 3060[32m [repeated 3x across cluster][0m
[36m(ClientAppActor pid=238133)[0m 
[36m(ClientAppActor pid=238133)[0m         
[36m(ClientAppActor pid=238133)[0m [93mWARNING [0m:   DEPRECATED FEATURE: `client_fn` now expects a signature `def client_fn(context: Context)`.The provided `client_fn` has signature: {'cid': <Parameter "cid: str">}. You can import the `Context` like this: `from flwr.app import Context`[32m [repeated 3x across cluster][0m
[36m(ClientAppActor pid=238133)[0m             This is a deprecated feature. It will be removed[32m [repeated 3x across cluster][0m
[36m(ClientAppActor pid=238133)[0m             entirely in future versions of Flower.[32m [repeated 3x across cluster][0m
[36m(ClientAppActor pid=238129)[0m 
[36m(ClientAppActor pid=238129)[0m         
[36m(ClientAppActor pid=238129)[0m 
[36m(ClientAppActor pid=238129)[0m         
[92mINFO [0m:      aggregate_fit: received 10 results and 0 failures
[CascadeRouter] Round 1: 10 clients, 24578 parameters/client
[92mINFO [0m:      configure_evaluate: strategy sampled 10 clients (out of 10)
INFO:flwr:configure_evaluate: strategy sampled 10 clients (out of 10)
[36m(ClientAppActor pid=238133)[0m 
[36m(ClientAppActor pid=238133)[0m         
[36m(ClientAppActor pid=238129)[0m 
[36m(ClientAppActor pid=238129)[0m         
[36m(ClientAppActor pid=238133)[0m 
[36m(ClientAppActor pid=238133)[0m         
[36m(ClientAppActor pid=238129)[0m 
[36m(ClientAppActor pid=238129)[0m         
[36m(ClientAppActor pid=238133)[0m 
[36m(ClientAppActor pid=238133)[0m         
[36m(ClientAppActor pid=238129)[0m 
[36m(ClientAppActor pid=238129)[0m         
[36m(ClientAppActor pid=238133)[0m 
[36m(ClientAppActor pid=238133)[0m         
[36m(ClientAppActor pid=238129)[0m 
[36m(ClientAppActor pid=238129)[0m         
[36m(ClientAppActor pid=238133)[0m 
[36m(ClientAppActor pid=238133)[0m         
[36m(ClientAppActor pid=238129)[0m 
[36m(ClientAppActor pid=238129)[0m         
[92mINFO [0m:      aggregate_evaluate: received 10 results and 0 failures
INFO:flwr:aggregate_evaluate: received 10 results and 0 failures
[92mINFO [0m:      
INFO:flwr:
[92mINFO [0m:      [ROUND 2]
INFO:flwr:[ROUND 2]
[92mINFO [0m:      configure_fit: strategy sampled 10 clients (out of 10)
INFO:flwr:configure_fit: strategy sampled 10 clients (out of 10)
[36m(ClientAppActor pid=238129)[0m 
[36m(ClientAppActor pid=238129)[0m         
[36m(ClientAppActor pid=238133)[0m 
[36m(ClientAppActor pid=238133)[0m         
[36m(ClientAppActor pid=238133)[0m [Client 6] Training on NVIDIA GeForce RTX 3060[32m [repeated 5x across cluster][0m
[36m(ClientAppActor pid=238133)[0m 
[36m(ClientAppActor pid=238133)[0m         
[36m(ClientAppActor pid=238133)[0m [93mWARNING [0m:   DEPRECATED FEATURE: `client_fn` now expects a signature `def client_fn(context: Context)`.The provided `client_fn` has signature: {'cid': <Parameter "cid: str">}. You can import the `Context` like this: `from flwr.app import Context`[32m [repeated 15x across cluster][0m
[36m(ClientAppActor pid=238133)[0m             This is a deprecated feature. It will be removed[32m [repeated 15x across cluster][0m
[36m(ClientAppActor pid=238133)[0m             entirely in future versions of Flower.[32m [repeated 15x across cluster][0m
[36m(ClientAppActor pid=238133)[0m 
[36m(ClientAppActor pid=238133)[0m         
[36m(ClientAppActor pid=238129)[0m 
[36m(ClientAppActor pid=238129)[0m         
[36m(ClientAppActor pid=238133)[0m 
[36m(ClientAppActor pid=238133)[0m         
[36m(ClientAppActor pid=238129)[0m 
[36m(ClientAppActor pid=238129)[0m         
[36m(ClientAppActor pid=238133)[0m 
[36m(ClientAppActor pid=238133)[0m         
[36m(ClientAppActor pid=238129)[0m 
[36m(ClientAppActor pid=238129)[0m         
[36m(ClientAppActor pid=238133)[0m 
[36m(ClientAppActor pid=238133)[0m         
[92mINFO [0m:      aggregate_fit: received 10 results and 0 failures
INFO:flwr:aggregate_fit: received 10 results and 0 failures
[CascadeRouter] Round 2: 10 clients, 24578 parameters/client
[92mINFO [0m:      configure_evaluate: strategy sampled 10 clients (out of 10)
INFO:flwr:configure_evaluate: strategy sampled 10 clients (out of 10)
[36m(ClientAppActor pid=238129)[0m 
[36m(ClientAppActor pid=238129)[0m         
[36m(ClientAppActor pid=238129)[0m [93mWARNING [0m:   DEPRECATED FEATURE: `client_fn` now expects a signature `def client_fn(context: Context)`.The provided `client_fn` has signature: {'cid': <Parameter "cid: str">}. You can import the `Context` like this: `from flwr.app import Context`[32m [repeated 8x across cluster][0m
[36m(ClientAppActor pid=238129)[0m             This is a deprecated feature. It will be removed[32m [repeated 8x across cluster][0m
[36m(ClientAppActor pid=238129)[0m             entirely in future versions of Flower.[32m [repeated 8x across cluster][0m
[36m(ClientAppActor pid=238133)[0m 
[36m(ClientAppActor pid=238133)[0m         
[36m(ClientAppActor pid=238129)[0m 
[36m(ClientAppActor pid=238129)[0m         
[36m(ClientAppActor pid=238133)[0m 
[36m(ClientAppActor pid=238133)[0m         
[36m(ClientAppActor pid=238129)[0m 
[36m(ClientAppActor pid=238129)[0m         
[36m(ClientAppActor pid=238133)[0m 
[36m(ClientAppActor pid=238133)[0m         
[36m(ClientAppActor pid=238129)[0m 
[36m(ClientAppActor pid=238129)[0m         
[36m(ClientAppActor pid=238133)[0m 
[36m(ClientAppActor pid=238133)[0m         
[36m(ClientAppActor pid=238129)[0m 
[36m(ClientAppActor pid=238129)[0m         
[36m(ClientAppActor pid=238133)[0m 
[36m(ClientAppActor pid=238133)[0m         
[92mINFO [0m:      aggregate_evaluate: received 10 results and 0 failures
INFO:flwr:aggregate_evaluate: received 10 results and 0 failures
[92mINFO [0m:      
INFO:flwr:
[92mINFO [0m:      [ROUND 3]
INFO:flwr:[ROUND 3]
[92mINFO [0m:      configure_fit: strategy sampled 10 clients (out of 10)
INFO:flwr:configure_fit: strategy sampled 10 clients (out of 10)
[36m(ClientAppActor pid=238133)[0m [Client 1] Training on NVIDIA GeForce RTX 3060[32m [repeated 8x across cluster][0m
[36m(ClientAppActor pid=238129)[0m 
[36m(ClientAppActor pid=238129)[0m         
[36m(ClientAppActor pid=238133)[0m 
[36m(ClientAppActor pid=238133)[0m         
[36m(ClientAppActor pid=238129)[0m 
[36m(ClientAppActor pid=238129)[0m         
[36m(ClientAppActor pid=238129)[0m 
[36m(ClientAppActor pid=238129)[0m         
[36m(ClientAppActor pid=238129)[0m 
[36m(ClientAppActor pid=238129)[0m         
[36m(ClientAppActor pid=238133)[0m 
[36m(ClientAppActor pid=238133)[0m         
[36m(ClientAppActor pid=238129)[0m [Client 8] Training on NVIDIA GeForce RTX 3060[32m [repeated 6x across cluster][0m
[36m(ClientAppActor pid=238129)[0m 
[36m(ClientAppActor pid=238129)[0m         
[36m(ClientAppActor pid=238129)[0m [93mWARNING [0m:   DEPRECATED FEATURE: `client_fn` now expects a signature `def client_fn(context: Context)`.The provided `client_fn` has signature: {'cid': <Parameter "cid: str">}. You can import the `Context` like this: `from flwr.app import Context`[32m [repeated 16x across cluster][0m
[36m(ClientAppActor pid=238129)[0m             This is a deprecated feature. It will be removed[32m [repeated 16x across cluster][0m
[36m(ClientAppActor pid=238129)[0m             entirely in future versions of Flower.[32m [repeated 16x across cluster][0m
[36m(ClientAppActor pid=238129)[0m 
[36m(ClientAppActor pid=238129)[0m         
[36m(ClientAppActor pid=238133)[0m 
[36m(ClientAppActor pid=238133)[0m         
[36m(ClientAppActor pid=238129)[0m 
[36m(ClientAppActor pid=238129)[0m         
[92mINFO [0m:      aggregate_fit: received 10 results and 0 failures
INFO:flwr:aggregate_fit: received 10 results and 0 failures
[CascadeRouter] Round 3: 10 clients, 24578 parameters/client
[92mINFO [0m:      configure_evaluate: strategy sampled 10 clients (out of 10)
INFO:flwr:configure_evaluate: strategy sampled 10 clients (out of 10)
[36m(ClientAppActor pid=238129)[0m 
[36m(ClientAppActor pid=238129)[0m         
[36m(ClientAppActor pid=238129)[0m [93mWARNING [0m:   DEPRECATED FEATURE: `client_fn` now expects a signature `def client_fn(context: Context)`.The provided `client_fn` has signature: {'cid': <Parameter "cid: str">}. You can import the `Context` like this: `from flwr.app import Context`[32m [repeated 4x across cluster][0m
[36m(ClientAppActor pid=238129)[0m             This is a deprecated feature. It will be removed[32m [repeated 4x across cluster][0m
[36m(ClientAppActor pid=238129)[0m             entirely in future versions of Flower.[32m [repeated 4x across cluster][0m
[36m(ClientAppActor pid=238133)[0m 
[36m(ClientAppActor pid=238133)[0m         
[36m(ClientAppActor pid=238133)[0m 
[36m(ClientAppActor pid=238133)[0m         
[36m(ClientAppActor pid=238129)[0m 
[36m(ClientAppActor pid=238129)[0m         
[36m(ClientAppActor pid=238133)[0m 
[36m(ClientAppActor pid=238133)[0m         
[36m(ClientAppActor pid=238129)[0m 
[36m(ClientAppActor pid=238129)[0m         
[36m(ClientAppActor pid=238133)[0m 
[36m(ClientAppActor pid=238133)[0m         
[36m(ClientAppActor pid=238129)[0m 
[36m(ClientAppActor pid=238129)[0m         
[36m(ClientAppActor pid=238133)[0m 
[36m(ClientAppActor pid=238133)[0m         
[36m(ClientAppActor pid=238129)[0m 
[36m(ClientAppActor pid=238129)[0m         
[92mINFO [0m:      aggregate_evaluate: received 10 results and 0 failures
INFO:flwr:aggregate_evaluate: received 10 results and 0 failures
[92mINFO [0m:      
INFO:flwr:
[92mINFO [0m:      [ROUND 4]
INFO:flwr:[ROUND 4]
[92mINFO [0m:      configure_fit: strategy sampled 10 clients (out of 10)
INFO:flwr:configure_fit: strategy sampled 10 clients (out of 10)
[36m(ClientAppActor pid=238129)[0m [Client 7] Training on NVIDIA GeForce RTX 3060[32m [repeated 4x across cluster][0m
[36m(ClientAppActor pid=238129)[0m 
[36m(ClientAppActor pid=238129)[0m         
[36m(ClientAppActor pid=238133)[0m 
[36m(ClientAppActor pid=238133)[0m         
[36m(ClientAppActor pid=238129)[0m 
[36m(ClientAppActor pid=238129)[0m         
[36m(ClientAppActor pid=238133)[0m 
[36m(ClientAppActor pid=238133)[0m         
[36m(ClientAppActor pid=238129)[0m 
[36m(ClientAppActor pid=238129)[0m         
[36m(ClientAppActor pid=238129)[0m 
[36m(ClientAppActor pid=238129)[0m         
[36m(ClientAppActor pid=238133)[0m 
[36m(ClientAppActor pid=238133)[0m         
[36m(ClientAppActor pid=238133)[0m [93mWARNING [0m:   DEPRECATED FEATURE: `client_fn` now expects a signature `def client_fn(context: Context)`.The provided `client_fn` has signature: {'cid': <Parameter "cid: str">}. You can import the `Context` like this: `from flwr.app import Context`[32m [repeated 16x across cluster][0m
[36m(ClientAppActor pid=238133)[0m             This is a deprecated feature. It will be removed[32m [repeated 16x across cluster][0m
[36m(ClientAppActor pid=238133)[0m             entirely in future versions of Flower.[32m [repeated 16x across cluster][0m
[36m(ClientAppActor pid=238133)[0m 
[36m(ClientAppActor pid=238133)[0m         
[36m(ClientAppActor pid=238129)[0m [Client 8] Training on NVIDIA GeForce RTX 3060[32m [repeated 8x across cluster][0m
[36m(ClientAppActor pid=238129)[0m 
[36m(ClientAppActor pid=238129)[0m         
[36m(ClientAppActor pid=238133)[0m 
[36m(ClientAppActor pid=238133)[0m         
[92mINFO [0m:      aggregate_fit: received 10 results and 0 failures
INFO:flwr:aggregate_fit: received 10 results and 0 failures
[CascadeRouter] Round 4: 10 clients, 24578 parameters/client
[92mINFO [0m:      configure_evaluate: strategy sampled 10 clients (out of 10)
INFO:flwr:configure_evaluate: strategy sampled 10 clients (out of 10)
[36m(ClientAppActor pid=238133)[0m 
[36m(ClientAppActor pid=238133)[0m         
[36m(ClientAppActor pid=238133)[0m [93mWARNING [0m:   DEPRECATED FEATURE: `client_fn` now expects a signature `def client_fn(context: Context)`.The provided `client_fn` has signature: {'cid': <Parameter "cid: str">}. You can import the `Context` like this: `from flwr.app import Context`[32m [repeated 4x across cluster][0m
[36m(ClientAppActor pid=238133)[0m             This is a deprecated feature. It will be removed[32m [repeated 4x across cluster][0m
[36m(ClientAppActor pid=238133)[0m             entirely in future versions of Flower.[32m [repeated 4x across cluster][0m
[36m(ClientAppActor pid=238129)[0m 
[36m(ClientAppActor pid=238129)[0m         
[36m(ClientAppActor pid=238133)[0m 
[36m(ClientAppActor pid=238133)[0m         
[36m(ClientAppActor pid=238129)[0m 
[36m(ClientAppActor pid=238129)[0m         
[36m(ClientAppActor pid=238133)[0m 
[36m(ClientAppActor pid=238133)[0m         
[36m(ClientAppActor pid=238129)[0m 
[36m(ClientAppActor pid=238129)[0m         
[36m(ClientAppActor pid=238133)[0m 
[36m(ClientAppActor pid=238133)[0m         
[36m(ClientAppActor pid=238129)[0m 
[36m(ClientAppActor pid=238129)[0m         
[36m(ClientAppActor pid=238129)[0m 
[36m(ClientAppActor pid=238129)[0m         
[36m(ClientAppActor pid=238133)[0m 
[36m(ClientAppActor pid=238133)[0m         
[92mINFO [0m:      aggregate_evaluate: received 10 results and 0 failures
INFO:flwr:aggregate_evaluate: received 10 results and 0 failures
[92mINFO [0m:      
INFO:flwr:
[92mINFO [0m:      [ROUND 5]
INFO:flwr:[ROUND 5]
[92mINFO [0m:      configure_fit: strategy sampled 10 clients (out of 10)
INFO:flwr:configure_fit: strategy sampled 10 clients (out of 10)
[36m(ClientAppActor pid=238129)[0m [Client 0] Training on NVIDIA GeForce RTX 3060[32m [repeated 2x across cluster][0m
[36m(ClientAppActor pid=238129)[0m 
[36m(ClientAppActor pid=238129)[0m         
[36m(ClientAppActor pid=238133)[0m 
[36m(ClientAppActor pid=238133)[0m         
[36m(ClientAppActor pid=238133)[0m 
[36m(ClientAppActor pid=238133)[0m         
[36m(ClientAppActor pid=238133)[0m 
[36m(ClientAppActor pid=238133)[0m         
[36m(ClientAppActor pid=238133)[0m 
[36m(ClientAppActor pid=238133)[0m         
[36m(ClientAppActor pid=238129)[0m 
[36m(ClientAppActor pid=238129)[0m         
[36m(ClientAppActor pid=238133)[0m 
[36m(ClientAppActor pid=238133)[0m         
[36m(ClientAppActor pid=238129)[0m 
[36m(ClientAppActor pid=238129)[0m         
[36m(ClientAppActor pid=238129)[0m [93mWARNING [0m:   DEPRECATED FEATURE: `client_fn` now expects a signature `def client_fn(context: Context)`.The provided `client_fn` has signature: {'cid': <Parameter "cid: str">}. You can import the `Context` like this: `from flwr.app import Context`[32m [repeated 17x across cluster][0m
[36m(ClientAppActor pid=238129)[0m             This is a deprecated feature. It will be removed[32m [repeated 17x across cluster][0m
[36m(ClientAppActor pid=238129)[0m             entirely in future versions of Flower.[32m [repeated 17x across cluster][0m
[36m(ClientAppActor pid=238133)[0m [Client 3] Training on NVIDIA GeForce RTX 3060[32m [repeated 8x across cluster][0m
[36m(ClientAppActor pid=238133)[0m 
[36m(ClientAppActor pid=238133)[0m         
[36m(ClientAppActor pid=238133)[0m 
[36m(ClientAppActor pid=238133)[0m         
[92mINFO [0m:      aggregate_fit: received 10 results and 0 failures
INFO:flwr:aggregate_fit: received 10 results and 0 failures
[CascadeRouter] Round 5: 10 clients, 24578 parameters/client
[92mINFO [0m:      configure_evaluate: strategy sampled 10 clients (out of 10)
INFO:flwr:configure_evaluate: strategy sampled 10 clients (out of 10)
[36m(ClientAppActor pid=238129)[0m 
[36m(ClientAppActor pid=238129)[0m         
[36m(ClientAppActor pid=238129)[0m [93mWARNING [0m:   DEPRECATED FEATURE: `client_fn` now expects a signature `def client_fn(context: Context)`.The provided `client_fn` has signature: {'cid': <Parameter "cid: str">}. You can import the `Context` like this: `from flwr.app import Context`[32m [repeated 3x across cluster][0m
[36m(ClientAppActor pid=238129)[0m             This is a deprecated feature. It will be removed[32m [repeated 3x across cluster][0m
[36m(ClientAppActor pid=238129)[0m             entirely in future versions of Flower.[32m [repeated 3x across cluster][0m
[36m(ClientAppActor pid=238133)[0m 
[36m(ClientAppActor pid=238133)[0m         
[36m(ClientAppActor pid=238133)[0m 
[36m(ClientAppActor pid=238133)[0m         
[36m(ClientAppActor pid=238129)[0m 
[36m(ClientAppActor pid=238129)[0m         
[36m(ClientAppActor pid=238133)[0m 
[36m(ClientAppActor pid=238133)[0m         
[36m(ClientAppActor pid=238129)[0m 
[36m(ClientAppActor pid=238129)[0m         
[36m(ClientAppActor pid=238133)[0m 
[36m(ClientAppActor pid=238133)[0m         
[36m(ClientAppActor pid=238129)[0m 
[36m(ClientAppActor pid=238129)[0m         
[36m(ClientAppActor pid=238133)[0m 
[36m(ClientAppActor pid=238133)[0m         
[36m(ClientAppActor pid=238129)[0m 
[36m(ClientAppActor pid=238129)[0m         
[92mINFO [0m:      aggregate_evaluate: received 10 results and 0 failures
INFO:flwr:aggregate_evaluate: received 10 results and 0 failures
[92mINFO [0m:      
INFO:flwr:
[92mINFO [0m:      [ROUND 6]
INFO:flwr:[ROUND 6]
[92mINFO [0m:      configure_fit: strategy sampled 10 clients (out of 10)
INFO:flwr:configure_fit: strategy sampled 10 clients (out of 10)
[36m(ClientAppActor pid=238129)[0m [Client 3] Training on NVIDIA GeForce RTX 3060[32m [repeated 2x across cluster][0m
[36m(ClientAppActor pid=238129)[0m 
[36m(ClientAppActor pid=238129)[0m         
[36m(ClientAppActor pid=238133)[0m 
[36m(ClientAppActor pid=238133)[0m         
[36m(ClientAppActor pid=238129)[0m 
[36m(ClientAppActor pid=238129)[0m         
[36m(ClientAppActor pid=238129)[0m [93mWARNING [0m:   DEPRECATED FEATURE: `client_fn` now expects a signature `def client_fn(context: Context)`.The provided `client_fn` has signature: {'cid': <Parameter "cid: str">}. You can import the `Context` like this: `from flwr.app import Context`[32m [repeated 12x across cluster][0m
[36m(ClientAppActor pid=238129)[0m             This is a deprecated feature. It will be removed[32m [repeated 12x across cluster][0m
[36m(ClientAppActor pid=238129)[0m             entirely in future versions of Flower.[32m [repeated 12x across cluster][0m
[36m(ClientAppActor pid=238133)[0m 
[36m(ClientAppActor pid=238133)[0m         
[36m(ClientAppActor pid=238133)[0m 
[36m(ClientAppActor pid=238133)[0m         
[36m(ClientAppActor pid=238129)[0m [Client 2] Training on NVIDIA GeForce RTX 3060[32m [repeated 5x across cluster][0m
[36m(ClientAppActor pid=238129)[0m 
[36m(ClientAppActor pid=238129)[0m         
[36m(ClientAppActor pid=238133)[0m 
[36m(ClientAppActor pid=238133)[0m         
[36m(ClientAppActor pid=238133)[0m 
[36m(ClientAppActor pid=238133)[0m         
[36m(ClientAppActor pid=238129)[0m 
[36m(ClientAppActor pid=238129)[0m         
[36m(ClientAppActor pid=238129)[0m 
[36m(ClientAppActor pid=238129)[0m         
[92mINFO [0m:      aggregate_fit: received 10 results and 0 failures
INFO:flwr:aggregate_fit: received 10 results and 0 failures
[CascadeRouter] Round 6: 10 clients, 24578 parameters/client
[92mINFO [0m:      configure_evaluate: strategy sampled 10 clients (out of 10)
INFO:flwr:configure_evaluate: strategy sampled 10 clients (out of 10)
[36m(ClientAppActor pid=238129)[0m 
[36m(ClientAppActor pid=238129)[0m         
[36m(ClientAppActor pid=238129)[0m [93mWARNING [0m:   DEPRECATED FEATURE: `client_fn` now expects a signature `def client_fn(context: Context)`.The provided `client_fn` has signature: {'cid': <Parameter "cid: str">}. You can import the `Context` like this: `from flwr.app import Context`[32m [repeated 8x across cluster][0m
[36m(ClientAppActor pid=238129)[0m             This is a deprecated feature. It will be removed[32m [repeated 8x across cluster][0m
[36m(ClientAppActor pid=238129)[0m             entirely in future versions of Flower.[32m [repeated 8x across cluster][0m
[36m(ClientAppActor pid=238133)[0m 
[36m(ClientAppActor pid=238133)[0m         
[36m(ClientAppActor pid=238133)[0m 
[36m(ClientAppActor pid=238133)[0m         
[36m(ClientAppActor pid=238129)[0m 
[36m(ClientAppActor pid=238129)[0m         
[36m(ClientAppActor pid=238133)[0m 
[36m(ClientAppActor pid=238133)[0m         
[36m(ClientAppActor pid=238129)[0m 
[36m(ClientAppActor pid=238129)[0m         
[36m(ClientAppActor pid=238133)[0m 
[36m(ClientAppActor pid=238133)[0m         
[36m(ClientAppActor pid=238129)[0m 
[36m(ClientAppActor pid=238129)[0m         
[36m(ClientAppActor pid=238129)[0m 
[36m(ClientAppActor pid=238129)[0m         
[36m(ClientAppActor pid=238133)[0m 
[36m(ClientAppActor pid=238133)[0m         
[92mINFO [0m:      aggregate_evaluate: received 10 results and 0 failures
INFO:flwr:aggregate_evaluate: received 10 results and 0 failures
[92mINFO [0m:      
INFO:flwr:
[92mINFO [0m:      [ROUND 7]
INFO:flwr:[ROUND 7]
[92mINFO [0m:      configure_fit: strategy sampled 10 clients (out of 10)
INFO:flwr:configure_fit: strategy sampled 10 clients (out of 10)
[36m(ClientAppActor pid=238129)[0m [Client 0] Training on NVIDIA GeForce RTX 3060[32m [repeated 5x across cluster][0m
[36m(ClientAppActor pid=238129)[0m 
[36m(ClientAppActor pid=238129)[0m         
[36m(ClientAppActor pid=238133)[0m 
[36m(ClientAppActor pid=238133)[0m         
[36m(ClientAppActor pid=238129)[0m 
[36m(ClientAppActor pid=238129)[0m         
[36m(ClientAppActor pid=238129)[0m 
[36m(ClientAppActor pid=238129)[0m         
[36m(ClientAppActor pid=238129)[0m 
[36m(ClientAppActor pid=238129)[0m         
[36m(ClientAppActor pid=238133)[0m 
[36m(ClientAppActor pid=238133)[0m         
[36m(ClientAppActor pid=238133)[0m [93mWARNING [0m:   DEPRECATED FEATURE: `client_fn` now expects a signature `def client_fn(context: Context)`.The provided `client_fn` has signature: {'cid': <Parameter "cid: str">}. You can import the `Context` like this: `from flwr.app import Context`[32m [repeated 15x across cluster][0m
[36m(ClientAppActor pid=238133)[0m             This is a deprecated feature. It will be removed[32m [repeated 15x across cluster][0m
[36m(ClientAppActor pid=238133)[0m             entirely in future versions of Flower.[32m [repeated 15x across cluster][0m
[36m(ClientAppActor pid=238133)[0m 
[36m(ClientAppActor pid=238133)[0m         
[36m(ClientAppActor pid=238129)[0m [Client 2] Training on NVIDIA GeForce RTX 3060[32m [repeated 7x across cluster][0m
[36m(ClientAppActor pid=238129)[0m 
[36m(ClientAppActor pid=238129)[0m         
[36m(ClientAppActor pid=238129)[0m 
[36m(ClientAppActor pid=238129)[0m         
[36m(ClientAppActor pid=238129)[0m 
[36m(ClientAppActor pid=238129)[0m         
[36m(ClientAppActor pid=238129)[0m [93mWARNING [0m:   DEPRECATED FEATURE: `client_fn` now expects a signature `def client_fn(context: Context)`.The provided `client_fn` has signature: {'cid': <Parameter "cid: str">}. You can import the `Context` like this: `from flwr.app import Context`[32m [repeated 4x across cluster][0m
[36m(ClientAppActor pid=238129)[0m             This is a deprecated feature. It will be removed[32m [repeated 4x across cluster][0m
[36m(ClientAppActor pid=238129)[0m             entirely in future versions of Flower.[32m [repeated 4x across cluster][0m
[92mINFO [0m:      aggregate_fit: received 10 results and 0 failures
INFO:flwr:aggregate_fit: received 10 results and 0 failures
[CascadeRouter] Round 7: 10 clients, 24578 parameters/client
[92mINFO [0m:      configure_evaluate: strategy sampled 10 clients (out of 10)
INFO:flwr:configure_evaluate: strategy sampled 10 clients (out of 10)
[36m(ClientAppActor pid=238129)[0m 
[36m(ClientAppActor pid=238129)[0m         
[36m(ClientAppActor pid=238133)[0m 
[36m(ClientAppActor pid=238133)[0m         
[36m(ClientAppActor pid=238129)[0m 
[36m(ClientAppActor pid=238129)[0m         
[36m(ClientAppActor pid=238133)[0m 
[36m(ClientAppActor pid=238133)[0m         
[36m(ClientAppActor pid=238129)[0m 
[36m(ClientAppActor pid=238129)[0m         
[36m(ClientAppActor pid=238133)[0m 
[36m(ClientAppActor pid=238133)[0m         
[36m(ClientAppActor pid=238129)[0m 
[36m(ClientAppActor pid=238129)[0m         
[36m(ClientAppActor pid=238133)[0m 
[36m(ClientAppActor pid=238133)[0m         
[36m(ClientAppActor pid=238129)[0m 
[36m(ClientAppActor pid=238129)[0m         
[36m(ClientAppActor pid=238133)[0m 
[36m(ClientAppActor pid=238133)[0m         
[92mINFO [0m:      aggregate_evaluate: received 10 results and 0 failures
INFO:flwr:aggregate_evaluate: received 10 results and 0 failures
[92mINFO [0m:      
INFO:flwr:
[92mINFO [0m:      [ROUND 8]
INFO:flwr:[ROUND 8]
[92mINFO [0m:      configure_fit: strategy sampled 10 clients (out of 10)
INFO:flwr:configure_fit: strategy sampled 10 clients (out of 10)
[36m(ClientAppActor pid=238133)[0m [Client 6] Training on NVIDIA GeForce RTX 3060[32m [repeated 3x across cluster][0m
[36m(ClientAppActor pid=238133)[0m 
[36m(ClientAppActor pid=238133)[0m         
[36m(ClientAppActor pid=238129)[0m 
[36m(ClientAppActor pid=238129)[0m         
[36m(ClientAppActor pid=238133)[0m 
[36m(ClientAppActor pid=238133)[0m         
[36m(ClientAppActor pid=238133)[0m 
[36m(ClientAppActor pid=238133)[0m         
[36m(ClientAppActor pid=238133)[0m 
[36m(ClientAppActor pid=238133)[0m         
[36m(ClientAppActor pid=238129)[0m 
[36m(ClientAppActor pid=238129)[0m         
[36m(ClientAppActor pid=238129)[0m [Client 2] Training on NVIDIA GeForce RTX 3060[32m [repeated 6x across cluster][0m
[36m(ClientAppActor pid=238129)[0m 
[36m(ClientAppActor pid=238129)[0m         
[36m(ClientAppActor pid=238129)[0m [93mWARNING [0m:   DEPRECATED FEATURE: `client_fn` now expects a signature `def client_fn(context: Context)`.The provided `client_fn` has signature: {'cid': <Parameter "cid: str">}. You can import the `Context` like this: `from flwr.app import Context`[32m [repeated 17x across cluster][0m
[36m(ClientAppActor pid=238129)[0m             This is a deprecated feature. It will be removed[32m [repeated 17x across cluster][0m
[36m(ClientAppActor pid=238129)[0m             entirely in future versions of Flower.[32m [repeated 17x across cluster][0m
[36m(ClientAppActor pid=238129)[0m 
[36m(ClientAppActor pid=238129)[0m         
[36m(ClientAppActor pid=238133)[0m 
[36m(ClientAppActor pid=238133)[0m         
[36m(ClientAppActor pid=238129)[0m 
[36m(ClientAppActor pid=238129)[0m         
[92mINFO [0m:      aggregate_fit: received 10 results and 0 failures
INFO:flwr:aggregate_fit: received 10 results and 0 failures
[CascadeRouter] Round 8: 10 clients, 24578 parameters/client
[92mINFO [0m:      configure_evaluate: strategy sampled 10 clients (out of 10)
INFO:flwr:configure_evaluate: strategy sampled 10 clients (out of 10)
[36m(ClientAppActor pid=238129)[0m 
[36m(ClientAppActor pid=238129)[0m         
[36m(ClientAppActor pid=238129)[0m [93mWARNING [0m:   DEPRECATED FEATURE: `client_fn` now expects a signature `def client_fn(context: Context)`.The provided `client_fn` has signature: {'cid': <Parameter "cid: str">}. You can import the `Context` like this: `from flwr.app import Context`[32m [repeated 4x across cluster][0m
[36m(ClientAppActor pid=238129)[0m             This is a deprecated feature. It will be removed[32m [repeated 4x across cluster][0m
[36m(ClientAppActor pid=238129)[0m             entirely in future versions of Flower.[32m [repeated 4x across cluster][0m
[36m(ClientAppActor pid=238133)[0m 
[36m(ClientAppActor pid=238133)[0m         
[36m(ClientAppActor pid=238129)[0m 
[36m(ClientAppActor pid=238129)[0m         
[36m(ClientAppActor pid=238133)[0m 
[36m(ClientAppActor pid=238133)[0m         
[36m(ClientAppActor pid=238129)[0m 
[36m(ClientAppActor pid=238129)[0m         
[36m(ClientAppActor pid=238133)[0m 
[36m(ClientAppActor pid=238133)[0m         
[36m(ClientAppActor pid=238129)[0m 
[36m(ClientAppActor pid=238129)[0m         
[36m(ClientAppActor pid=238133)[0m 
[36m(ClientAppActor pid=238133)[0m         
[36m(ClientAppActor pid=238129)[0m 
[36m(ClientAppActor pid=238129)[0m         
[36m(ClientAppActor pid=238133)[0m 
[36m(ClientAppActor pid=238133)[0m         
[92mINFO [0m:      aggregate_evaluate: received 10 results and 0 failures
INFO:flwr:aggregate_evaluate: received 10 results and 0 failures
[92mINFO [0m:      
INFO:flwr:
[92mINFO [0m:      [ROUND 9]
INFO:flwr:[ROUND 9]
[92mINFO [0m:      configure_fit: strategy sampled 10 clients (out of 10)
INFO:flwr:configure_fit: strategy sampled 10 clients (out of 10)
[36m(ClientAppActor pid=238133)[0m [Client 7] Training on NVIDIA GeForce RTX 3060[32m [repeated 4x across cluster][0m
[36m(ClientAppActor pid=238133)[0m 
[36m(ClientAppActor pid=238133)[0m         
[36m(ClientAppActor pid=238129)[0m 
[36m(ClientAppActor pid=238129)[0m         
[36m(ClientAppActor pid=238133)[0m 
[36m(ClientAppActor pid=238133)[0m         
[36m(ClientAppActor pid=238129)[0m 
[36m(ClientAppActor pid=238129)[0m         
[36m(ClientAppActor pid=238133)[0m 
[36m(ClientAppActor pid=238133)[0m         
[36m(ClientAppActor pid=238129)[0m 
[36m(ClientAppActor pid=238129)[0m         
[36m(ClientAppActor pid=238133)[0m 
[36m(ClientAppActor pid=238133)[0m         
[36m(ClientAppActor pid=238133)[0m [93mWARNING [0m:   DEPRECATED FEATURE: `client_fn` now expects a signature `def client_fn(context: Context)`.The provided `client_fn` has signature: {'cid': <Parameter "cid: str">}. You can import the `Context` like this: `from flwr.app import Context`[32m [repeated 16x across cluster][0m
[36m(ClientAppActor pid=238133)[0m             This is a deprecated feature. It will be removed[32m [repeated 16x across cluster][0m
[36m(ClientAppActor pid=238133)[0m             entirely in future versions of Flower.[32m [repeated 16x across cluster][0m
[36m(ClientAppActor pid=238129)[0m [Client 1] Training on NVIDIA GeForce RTX 3060[32m [repeated 7x across cluster][0m
[36m(ClientAppActor pid=238129)[0m 
[36m(ClientAppActor pid=238129)[0m         
[36m(ClientAppActor pid=238133)[0m 
[36m(ClientAppActor pid=238133)[0m         
[36m(ClientAppActor pid=238133)[0m 
[36m(ClientAppActor pid=238133)[0m         
[36m(ClientAppActor pid=238133)[0m [93mWARNING [0m:   DEPRECATED FEATURE: `client_fn` now expects a signature `def client_fn(context: Context)`.The provided `client_fn` has signature: {'cid': <Parameter "cid: str">}. You can import the `Context` like this: `from flwr.app import Context`[32m [repeated 3x across cluster][0m
[36m(ClientAppActor pid=238133)[0m             This is a deprecated feature. It will be removed[32m [repeated 3x across cluster][0m
[36m(ClientAppActor pid=238133)[0m             entirely in future versions of Flower.[32m [repeated 3x across cluster][0m
[92mINFO [0m:      aggregate_fit: received 10 results and 0 failures
INFO:flwr:aggregate_fit: received 10 results and 0 failures
[CascadeRouter] Round 9: 10 clients, 24578 parameters/client
[92mINFO [0m:      configure_evaluate: strategy sampled 10 clients (out of 10)
INFO:flwr:configure_evaluate: strategy sampled 10 clients (out of 10)
[36m(ClientAppActor pid=238133)[0m 
[36m(ClientAppActor pid=238133)[0m         
[36m(ClientAppActor pid=238129)[0m 
[36m(ClientAppActor pid=238129)[0m         
[36m(ClientAppActor pid=238133)[0m 
[36m(ClientAppActor pid=238133)[0m         
[36m(ClientAppActor pid=238129)[0m 
[36m(ClientAppActor pid=238129)[0m         
[36m(ClientAppActor pid=238129)[0m 
[36m(ClientAppActor pid=238129)[0m         
[36m(ClientAppActor pid=238133)[0m 
[36m(ClientAppActor pid=238133)[0m         
[36m(ClientAppActor pid=238133)[0m 
[36m(ClientAppActor pid=238133)[0m         
[36m(ClientAppActor pid=238129)[0m 
[36m(ClientAppActor pid=238129)[0m         
[36m(ClientAppActor pid=238129)[0m 
[36m(ClientAppActor pid=238129)[0m         
[36m(ClientAppActor pid=238133)[0m 
[36m(ClientAppActor pid=238133)[0m         
[92mINFO [0m:      aggregate_evaluate: received 10 results and 0 failures
INFO:flwr:aggregate_evaluate: received 10 results and 0 failures
[92mINFO [0m:      
INFO:flwr:
[92mINFO [0m:      [ROUND 10]
INFO:flwr:[ROUND 10]
[92mINFO [0m:      configure_fit: strategy sampled 10 clients (out of 10)
INFO:flwr:configure_fit: strategy sampled 10 clients (out of 10)
[36m(ClientAppActor pid=238129)[0m 
[36m(ClientAppActor pid=238129)[0m         
[36m(ClientAppActor pid=238133)[0m 
[36m(ClientAppActor pid=238133)[0m         
[36m(ClientAppActor pid=238133)[0m [Client 6] Training on NVIDIA GeForce RTX 3060[32m [repeated 4x across cluster][0m
[36m(ClientAppActor pid=238133)[0m 
[36m(ClientAppActor pid=238133)[0m         
[36m(ClientAppActor pid=238129)[0m 
[36m(ClientAppActor pid=238129)[0m         
[36m(ClientAppActor pid=238129)[0m [93mWARNING [0m:   DEPRECATED FEATURE: `client_fn` now expects a signature `def client_fn(context: Context)`.The provided `client_fn` has signature: {'cid': <Parameter "cid: str">}. You can import the `Context` like this: `from flwr.app import Context`[32m [repeated 14x across cluster][0m
[36m(ClientAppActor pid=238129)[0m             This is a deprecated feature. It will be removed[32m [repeated 14x across cluster][0m
[36m(ClientAppActor pid=238129)[0m             entirely in future versions of Flower.[32m [repeated 14x across cluster][0m
[36m(ClientAppActor pid=238133)[0m 
[36m(ClientAppActor pid=238133)[0m         
[36m(ClientAppActor pid=238133)[0m 
[36m(ClientAppActor pid=238133)[0m         
[36m(ClientAppActor pid=238133)[0m [Client 0] Training on NVIDIA GeForce RTX 3060[32m [repeated 5x across cluster][0m
[36m(ClientAppActor pid=238133)[0m 
[36m(ClientAppActor pid=238133)[0m         
[36m(ClientAppActor pid=238133)[0m [93mWARNING [0m:   DEPRECATED FEATURE: `client_fn` now expects a signature `def client_fn(context: Context)`.The provided `client_fn` has signature: {'cid': <Parameter "cid: str">}. You can import the `Context` like this: `from flwr.app import Context`[32m [repeated 3x across cluster][0m
[36m(ClientAppActor pid=238133)[0m             This is a deprecated feature. It will be removed[32m [repeated 3x across cluster][0m
[36m(ClientAppActor pid=238133)[0m             entirely in future versions of Flower.[32m [repeated 3x across cluster][0m
[36m(ClientAppActor pid=238129)[0m 
[36m(ClientAppActor pid=238129)[0m         
[36m(ClientAppActor pid=238133)[0m 
[36m(ClientAppActor pid=238133)[0m         
[36m(ClientAppActor pid=238129)[0m 
[36m(ClientAppActor pid=238129)[0m         
[92mINFO [0m:      aggregate_fit: received 10 results and 0 failures
INFO:flwr:aggregate_fit: received 10 results and 0 failures
[CascadeRouter] Round 10: 10 clients, 24578 parameters/client
[92mINFO [0m:      configure_evaluate: strategy sampled 10 clients (out of 10)
INFO:flwr:configure_evaluate: strategy sampled 10 clients (out of 10)
[36m(ClientAppActor pid=238129)[0m 
[36m(ClientAppActor pid=238129)[0m         
[36m(ClientAppActor pid=238133)[0m 
[36m(ClientAppActor pid=238133)[0m         
[36m(ClientAppActor pid=238129)[0m 
[36m(ClientAppActor pid=238129)[0m         
[36m(ClientAppActor pid=238133)[0m 
[36m(ClientAppActor pid=238133)[0m         
[36m(ClientAppActor pid=238133)[0m 
[36m(ClientAppActor pid=238133)[0m         
[36m(ClientAppActor pid=238129)[0m 
[36m(ClientAppActor pid=238129)[0m         
[36m(ClientAppActor pid=238133)[0m 
[36m(ClientAppActor pid=238133)[0m         
[36m(ClientAppActor pid=238129)[0m 
[36m(ClientAppActor pid=238129)[0m         
[36m(ClientAppActor pid=238129)[0m 
[36m(ClientAppActor pid=238129)[0m         
[36m(ClientAppActor pid=238133)[0m 
[36m(ClientAppActor pid=238133)[0m         
[92mINFO [0m:      aggregate_evaluate: received 10 results and 0 failures
INFO:flwr:aggregate_evaluate: received 10 results and 0 failures
[92mINFO [0m:      
INFO:flwr:
[92mINFO [0m:      [ROUND 11]
INFO:flwr:[ROUND 11]
[92mINFO [0m:      configure_fit: strategy sampled 10 clients (out of 10)
INFO:flwr:configure_fit: strategy sampled 10 clients (out of 10)
[36m(ClientAppActor pid=238129)[0m 
[36m(ClientAppActor pid=238129)[0m         
[36m(ClientAppActor pid=238133)[0m 
[36m(ClientAppActor pid=238133)[0m         
[36m(ClientAppActor pid=238129)[0m 
[36m(ClientAppActor pid=238129)[0m         
[36m(ClientAppActor pid=238133)[0m 
[36m(ClientAppActor pid=238133)[0m         
[36m(ClientAppActor pid=238129)[0m [Client 5] Training on NVIDIA GeForce RTX 3060[32m [repeated 8x across cluster][0m
[36m(ClientAppActor pid=238129)[0m 
[36m(ClientAppActor pid=238129)[0m         
[36m(ClientAppActor pid=238129)[0m [93mWARNING [0m:   DEPRECATED FEATURE: `client_fn` now expects a signature `def client_fn(context: Context)`.The provided `client_fn` has signature: {'cid': <Parameter "cid: str">}. You can import the `Context` like this: `from flwr.app import Context`[32m [repeated 18x across cluster][0m
[36m(ClientAppActor pid=238129)[0m             This is a deprecated feature. It will be removed[32m [repeated 18x across cluster][0m
[36m(ClientAppActor pid=238129)[0m             entirely in future versions of Flower.[32m [repeated 18x across cluster][0m
[36m(ClientAppActor pid=238133)[0m 
[36m(ClientAppActor pid=238133)[0m         
[36m(ClientAppActor pid=238129)[0m [Client 1] Training on NVIDIA GeForce RTX 3060[32m [repeated 2x across cluster][0m
[36m(ClientAppActor pid=238129)[0m 
[36m(ClientAppActor pid=238129)[0m         
[36m(ClientAppActor pid=238129)[0m [93mWARNING [0m:   DEPRECATED FEATURE: `client_fn` now expects a signature `def client_fn(context: Context)`.The provided `client_fn` has signature: {'cid': <Parameter "cid: str">}. You can import the `Context` like this: `from flwr.app import Context`[32m [repeated 2x across cluster][0m
[36m(ClientAppActor pid=238129)[0m             This is a deprecated feature. It will be removed[32m [repeated 2x across cluster][0m
[36m(ClientAppActor pid=238129)[0m             entirely in future versions of Flower.[32m [repeated 2x across cluster][0m
[36m(ClientAppActor pid=238133)[0m 
[36m(ClientAppActor pid=238133)[0m         
[36m(ClientAppActor pid=238129)[0m 
[36m(ClientAppActor pid=238129)[0m         
[36m(ClientAppActor pid=238133)[0m 
[36m(ClientAppActor pid=238133)[0m         
[92mINFO [0m:      aggregate_fit: received 10 results and 0 failures
INFO:flwr:aggregate_fit: received 10 results and 0 failures
[CascadeRouter] Round 11: 10 clients, 24578 parameters/client
[92mINFO [0m:      configure_evaluate: strategy sampled 10 clients (out of 10)
INFO:flwr:configure_evaluate: strategy sampled 10 clients (out of 10)
[36m(ClientAppActor pid=238129)[0m 
[36m(ClientAppActor pid=238129)[0m         
[36m(ClientAppActor pid=238133)[0m 
[36m(ClientAppActor pid=238133)[0m         
[36m(ClientAppActor pid=238129)[0m 
[36m(ClientAppActor pid=238129)[0m         
[36m(ClientAppActor pid=238133)[0m 
[36m(ClientAppActor pid=238133)[0m         
[36m(ClientAppActor pid=238129)[0m 
[36m(ClientAppActor pid=238129)[0m         
[36m(ClientAppActor pid=238133)[0m 
[36m(ClientAppActor pid=238133)[0m         
[36m(ClientAppActor pid=238129)[0m 
[36m(ClientAppActor pid=238129)[0m         
[36m(ClientAppActor pid=238133)[0m 
[36m(ClientAppActor pid=238133)[0m         
[36m(ClientAppActor pid=238129)[0m 
[36m(ClientAppActor pid=238129)[0m         
[36m(ClientAppActor pid=238133)[0m 
[36m(ClientAppActor pid=238133)[0m         
[92mINFO [0m:      aggregate_evaluate: received 10 results and 0 failures
INFO:flwr:aggregate_evaluate: received 10 results and 0 failures
[92mINFO [0m:      
INFO:flwr:
[92mINFO [0m:      [ROUND 12]
INFO:flwr:[ROUND 12]
[92mINFO [0m:      configure_fit: strategy sampled 10 clients (out of 10)
INFO:flwr:configure_fit: strategy sampled 10 clients (out of 10)
[36m(ClientAppActor pid=238133)[0m 
[36m(ClientAppActor pid=238133)[0m         
[36m(ClientAppActor pid=238129)[0m [Client 1] Training on NVIDIA GeForce RTX 3060[32m [repeated 5x across cluster][0m
[36m(ClientAppActor pid=238129)[0m 
[36m(ClientAppActor pid=238129)[0m         
[36m(ClientAppActor pid=238129)[0m [93mWARNING [0m:   DEPRECATED FEATURE: `client_fn` now expects a signature `def client_fn(context: Context)`.The provided `client_fn` has signature: {'cid': <Parameter "cid: str">}. You can import the `Context` like this: `from flwr.app import Context`[32m [repeated 15x across cluster][0m
[36m(ClientAppActor pid=238129)[0m             This is a deprecated feature. It will be removed[32m [repeated 15x across cluster][0m
[36m(ClientAppActor pid=238129)[0m             entirely in future versions of Flower.[32m [repeated 15x across cluster][0m
[36m(ClientAppActor pid=238129)[0m 
[36m(ClientAppActor pid=238129)[0m         
[36m(ClientAppActor pid=238133)[0m 
[36m(ClientAppActor pid=238133)[0m         
[36m(ClientAppActor pid=238133)[0m [Client 0] Training on NVIDIA GeForce RTX 3060[32m [repeated 3x across cluster][0m
[36m(ClientAppActor pid=238133)[0m 
[36m(ClientAppActor pid=238133)[0m         
[36m(ClientAppActor pid=238133)[0m [93mWARNING [0m:   DEPRECATED FEATURE: `client_fn` now expects a signature `def client_fn(context: Context)`.The provided `client_fn` has signature: {'cid': <Parameter "cid: str">}. You can import the `Context` like this: `from flwr.app import Context`[32m [repeated 3x across cluster][0m
[36m(ClientAppActor pid=238133)[0m             This is a deprecated feature. It will be removed[32m [repeated 3x across cluster][0m
[36m(ClientAppActor pid=238133)[0m             entirely in future versions of Flower.[32m [repeated 3x across cluster][0m
[36m(ClientAppActor pid=238133)[0m 
[36m(ClientAppActor pid=238133)[0m         
[36m(ClientAppActor pid=238129)[0m 
[36m(ClientAppActor pid=238129)[0m         
[36m(ClientAppActor pid=238129)[0m 
[36m(ClientAppActor pid=238129)[0m         
[36m(ClientAppActor pid=238129)[0m 
[36m(ClientAppActor pid=238129)[0m         
[92mINFO [0m:      aggregate_fit: received 10 results and 0 failures
INFO:flwr:aggregate_fit: received 10 results and 0 failures
[CascadeRouter] Round 12: 10 clients, 24578 parameters/client
[92mINFO [0m:      configure_evaluate: strategy sampled 10 clients (out of 10)
[36m(ClientAppActor pid=238129)[0m 
INFO:flwr:configure_evaluate: strategy sampled 10 clients (out of 10)
[36m(ClientAppActor pid=238129)[0m         
[36m(ClientAppActor pid=238129)[0m 
[36m(ClientAppActor pid=238129)[0m         
[36m(ClientAppActor pid=238129)[0m [93mWARNING [0m:   DEPRECATED FEATURE: `client_fn` now expects a signature `def client_fn(context: Context)`.The provided `client_fn` has signature: {'cid': <Parameter "cid: str">}. You can import the `Context` like this: `from flwr.app import Context`[32m [repeated 6x across cluster][0m
[36m(ClientAppActor pid=238129)[0m             This is a deprecated feature. It will be removed[32m [repeated 6x across cluster][0m
[36m(ClientAppActor pid=238129)[0m             entirely in future versions of Flower.[32m [repeated 6x across cluster][0m
[36m(ClientAppActor pid=238133)[0m 
[36m(ClientAppActor pid=238133)[0m         
[36m(ClientAppActor pid=238129)[0m 
[36m(ClientAppActor pid=238129)[0m         
[36m(ClientAppActor pid=238133)[0m 
[36m(ClientAppActor pid=238133)[0m         
[36m(ClientAppActor pid=238129)[0m 
[36m(ClientAppActor pid=238129)[0m         
[36m(ClientAppActor pid=238133)[0m 
[36m(ClientAppActor pid=238133)[0m         
[36m(ClientAppActor pid=238129)[0m 
[36m(ClientAppActor pid=238129)[0m         
[36m(ClientAppActor pid=238133)[0m 
[36m(ClientAppActor pid=238133)[0m         
[36m(ClientAppActor pid=238129)[0m 
[36m(ClientAppActor pid=238129)[0m         
[36m(ClientAppActor pid=238133)[0m 
[36m(ClientAppActor pid=238133)[0m         
[92mINFO [0m:      aggregate_evaluate: received 10 results and 0 failures
INFO:flwr:aggregate_evaluate: received 10 results and 0 failures
[92mINFO [0m:      
INFO:flwr:
[92mINFO [0m:      [ROUND 13]
INFO:flwr:[ROUND 13]
[92mINFO [0m:      configure_fit: strategy sampled 10 clients (out of 10)
INFO:flwr:configure_fit: strategy sampled 10 clients (out of 10)
[36m(ClientAppActor pid=238129)[0m [Client 4] Training on NVIDIA GeForce RTX 3060[32m [repeated 6x across cluster][0m
[36m(ClientAppActor pid=238129)[0m 
[36m(ClientAppActor pid=238129)[0m         
[36m(ClientAppActor pid=238133)[0m 
[36m(ClientAppActor pid=238133)[0m         
[36m(ClientAppActor pid=238133)[0m 
[36m(ClientAppActor pid=238133)[0m         
[36m(ClientAppActor pid=238129)[0m 
[36m(ClientAppActor pid=238129)[0m         
[36m(ClientAppActor pid=238133)[0m 
[36m(ClientAppActor pid=238133)[0m         
[36m(ClientAppActor pid=238133)[0m 
[36m(ClientAppActor pid=238133)[0m         
[36m(ClientAppActor pid=238133)[0m [93mWARNING [0m:   DEPRECATED FEATURE: `client_fn` now expects a signature `def client_fn(context: Context)`.The provided `client_fn` has signature: {'cid': <Parameter "cid: str">}. You can import the `Context` like this: `from flwr.app import Context`[32m [repeated 15x across cluster][0m
[36m(ClientAppActor pid=238133)[0m             This is a deprecated feature. It will be removed[32m [repeated 15x across cluster][0m
[36m(ClientAppActor pid=238133)[0m             entirely in future versions of Flower.[32m [repeated 15x across cluster][0m
[36m(ClientAppActor pid=238133)[0m [Client 0] Training on NVIDIA GeForce RTX 3060[32m [repeated 6x across cluster][0m
[36m(ClientAppActor pid=238133)[0m 
[36m(ClientAppActor pid=238133)[0m         
[36m(ClientAppActor pid=238129)[0m 
[36m(ClientAppActor pid=238129)[0m         
[36m(ClientAppActor pid=238133)[0m 
[36m(ClientAppActor pid=238133)[0m         
[36m(ClientAppActor pid=238133)[0m [93mWARNING [0m:   DEPRECATED FEATURE: `client_fn` now expects a signature `def client_fn(context: Context)`.The provided `client_fn` has signature: {'cid': <Parameter "cid: str">}. You can import the `Context` like this: `from flwr.app import Context`[32m [repeated 3x across cluster][0m
[36m(ClientAppActor pid=238133)[0m             This is a deprecated feature. It will be removed[32m [repeated 3x across cluster][0m
[36m(ClientAppActor pid=238133)[0m             entirely in future versions of Flower.[32m [repeated 3x across cluster][0m
[36m(ClientAppActor pid=238133)[0m 
[36m(ClientAppActor pid=238133)[0m         
[92mINFO [0m:      aggregate_fit: received 10 results and 0 failures
INFO:flwr:aggregate_fit: received 10 results and 0 failures
[CascadeRouter] Round 13: 10 clients, 24578 parameters/client
[92mINFO [0m:      configure_evaluate: strategy sampled 10 clients (out of 10)
INFO:flwr:configure_evaluate: strategy sampled 10 clients (out of 10)
[36m(ClientAppActor pid=238129)[0m 
[36m(ClientAppActor pid=238129)[0m         
[36m(ClientAppActor pid=238133)[0m 
[36m(ClientAppActor pid=238133)[0m         
[36m(ClientAppActor pid=238129)[0m 
[36m(ClientAppActor pid=238129)[0m         
[36m(ClientAppActor pid=238133)[0m 
[36m(ClientAppActor pid=238133)[0m         
[36m(ClientAppActor pid=238133)[0m 
[36m(ClientAppActor pid=238133)[0m         
[36m(ClientAppActor pid=238129)[0m 
[36m(ClientAppActor pid=238129)[0m         
[36m(ClientAppActor pid=238129)[0m 
[36m(ClientAppActor pid=238129)[0m         
[36m(ClientAppActor pid=238133)[0m 
[36m(ClientAppActor pid=238133)[0m         
[36m(ClientAppActor pid=238129)[0m 
[36m(ClientAppActor pid=238129)[0m         
[36m(ClientAppActor pid=238133)[0m 
[36m(ClientAppActor pid=238133)[0m         
[92mINFO [0m:      aggregate_evaluate: received 10 results and 0 failures
INFO:flwr:aggregate_evaluate: received 10 results and 0 failures
[92mINFO [0m:      
INFO:flwr:
[92mINFO [0m:      [ROUND 14]
INFO:flwr:[ROUND 14]
[92mINFO [0m:      configure_fit: strategy sampled 10 clients (out of 10)
INFO:flwr:configure_fit: strategy sampled 10 clients (out of 10)
[36m(ClientAppActor pid=238129)[0m 
[36m(ClientAppActor pid=238129)[0m         
[36m(ClientAppActor pid=238133)[0m 
[36m(ClientAppActor pid=238133)[0m         
[36m(ClientAppActor pid=238133)[0m [Client 7] Training on NVIDIA GeForce RTX 3060[32m [repeated 6x across cluster][0m
[36m(ClientAppActor pid=238133)[0m 
[36m(ClientAppActor pid=238133)[0m         
[36m(ClientAppActor pid=238133)[0m [93mWARNING [0m:   DEPRECATED FEATURE: `client_fn` now expects a signature `def client_fn(context: Context)`.The provided `client_fn` has signature: {'cid': <Parameter "cid: str">}. You can import the `Context` like this: `from flwr.app import Context`[32m [repeated 14x across cluster][0m
[36m(ClientAppActor pid=238133)[0m             This is a deprecated feature. It will be removed[32m [repeated 14x across cluster][0m
[36m(ClientAppActor pid=238133)[0m             entirely in future versions of Flower.[32m [repeated 14x across cluster][0m
[36m(ClientAppActor pid=238133)[0m 
[36m(ClientAppActor pid=238133)[0m         
[36m(ClientAppActor pid=238133)[0m 
[36m(ClientAppActor pid=238133)[0m         
[36m(ClientAppActor pid=238129)[0m 
[36m(ClientAppActor pid=238129)[0m         
[36m(ClientAppActor pid=238129)[0m 
[36m(ClientAppActor pid=238129)[0m         
[36m(ClientAppActor pid=238129)[0m 
[36m(ClientAppActor pid=238129)[0m         
[36m(ClientAppActor pid=238133)[0m [Client 6] Training on NVIDIA GeForce RTX 3060[32m [repeated 6x across cluster][0m
[36m(ClientAppActor pid=238133)[0m 
[36m(ClientAppActor pid=238133)[0m         
[36m(ClientAppActor pid=238133)[0m [93mWARNING [0m:   DEPRECATED FEATURE: `client_fn` now expects a signature `def client_fn(context: Context)`.The provided `client_fn` has signature: {'cid': <Parameter "cid: str">}. You can import the `Context` like this: `from flwr.app import Context`[32m [repeated 6x across cluster][0m
[36m(ClientAppActor pid=238133)[0m             This is a deprecated feature. It will be removed[32m [repeated 6x across cluster][0m
[36m(ClientAppActor pid=238133)[0m             entirely in future versions of Flower.[32m [repeated 6x across cluster][0m
[36m(ClientAppActor pid=238129)[0m 
[36m(ClientAppActor pid=238129)[0m         
[92mINFO [0m:      aggregate_fit: received 10 results and 0 failures
INFO:flwr:aggregate_fit: received 10 results and 0 failures
[CascadeRouter] Round 14: 10 clients, 24578 parameters/client
[92mINFO [0m:      configure_evaluate: strategy sampled 10 clients (out of 10)
INFO:flwr:configure_evaluate: strategy sampled 10 clients (out of 10)
[36m(ClientAppActor pid=238129)[0m 
[36m(ClientAppActor pid=238129)[0m         
[36m(ClientAppActor pid=238133)[0m 
[36m(ClientAppActor pid=238133)[0m         
[36m(ClientAppActor pid=238129)[0m 
[36m(ClientAppActor pid=238129)[0m         
[36m(ClientAppActor pid=238133)[0m 
[36m(ClientAppActor pid=238133)[0m         
[36m(ClientAppActor pid=238129)[0m 
[36m(ClientAppActor pid=238129)[0m         
[36m(ClientAppActor pid=238133)[0m 
[36m(ClientAppActor pid=238133)[0m         
[36m(ClientAppActor pid=238129)[0m 
[36m(ClientAppActor pid=238129)[0m         
[36m(ClientAppActor pid=238133)[0m 
[36m(ClientAppActor pid=238133)[0m         
[36m(ClientAppActor pid=238129)[0m 
[36m(ClientAppActor pid=238129)[0m         
[36m(ClientAppActor pid=238133)[0m 
[36m(ClientAppActor pid=238133)[0m         
[92mINFO [0m:      aggregate_evaluate: received 10 results and 0 failures
INFO:flwr:aggregate_evaluate: received 10 results and 0 failures
[92mINFO [0m:      
INFO:flwr:
[92mINFO [0m:      [ROUND 15]
INFO:flwr:[ROUND 15]
[92mINFO [0m:      configure_fit: strategy sampled 10 clients (out of 10)
INFO:flwr:configure_fit: strategy sampled 10 clients (out of 10)
[36m(ClientAppActor pid=238133)[0m 
[36m(ClientAppActor pid=238133)[0m         
[36m(ClientAppActor pid=238129)[0m 
[36m(ClientAppActor pid=238129)[0m         
[36m(ClientAppActor pid=238129)[0m 
[36m(ClientAppActor pid=238129)[0m         
[36m(ClientAppActor pid=238129)[0m 
[36m(ClientAppActor pid=238129)[0m         
[36m(ClientAppActor pid=238133)[0m [Client 6] Training on NVIDIA GeForce RTX 3060[32m [repeated 6x across cluster][0m
[36m(ClientAppActor pid=238133)[0m 
[36m(ClientAppActor pid=238133)[0m         
[36m(ClientAppActor pid=238133)[0m [93mWARNING [0m:   DEPRECATED FEATURE: `client_fn` now expects a signature `def client_fn(context: Context)`.The provided `client_fn` has signature: {'cid': <Parameter "cid: str">}. You can import the `Context` like this: `from flwr.app import Context`[32m [repeated 16x across cluster][0m
[36m(ClientAppActor pid=238133)[0m             This is a deprecated feature. It will be removed[32m [repeated 16x across cluster][0m
[36m(ClientAppActor pid=238133)[0m             entirely in future versions of Flower.[32m [repeated 16x across cluster][0m
[36m(ClientAppActor pid=238133)[0m 
[36m(ClientAppActor pid=238133)[0m         
[36m(ClientAppActor pid=238133)[0m 
[36m(ClientAppActor pid=238133)[0m         
[36m(ClientAppActor pid=238129)[0m 
[36m(ClientAppActor pid=238129)[0m         
[36m(ClientAppActor pid=238133)[0m 
[36m(ClientAppActor pid=238133)[0m         
[36m(ClientAppActor pid=238129)[0m [Client 5] Training on NVIDIA GeForce RTX 3060[32m [repeated 5x across cluster][0m
[36m(ClientAppActor pid=238129)[0m 
[36m(ClientAppActor pid=238129)[0m         
[36m(ClientAppActor pid=238129)[0m [93mWARNING [0m:   DEPRECATED FEATURE: `client_fn` now expects a signature `def client_fn(context: Context)`.The provided `client_fn` has signature: {'cid': <Parameter "cid: str">}. You can import the `Context` like this: `from flwr.app import Context`[32m [repeated 5x across cluster][0m
[36m(ClientAppActor pid=238129)[0m             This is a deprecated feature. It will be removed[32m [repeated 5x across cluster][0m
[36m(ClientAppActor pid=238129)[0m             entirely in future versions of Flower.[32m [repeated 5x across cluster][0m
[92mINFO [0m:      aggregate_fit: received 10 results and 0 failures
INFO:flwr:aggregate_fit: received 10 results and 0 failures
[CascadeRouter] Round 15: 10 clients, 24578 parameters/client
[92mINFO [0m:      configure_evaluate: strategy sampled 10 clients (out of 10)
INFO:flwr:configure_evaluate: strategy sampled 10 clients (out of 10)
[36m(ClientAppActor pid=238129)[0m 
[36m(ClientAppActor pid=238129)[0m         
[36m(ClientAppActor pid=238133)[0m 
[36m(ClientAppActor pid=238133)[0m         
[36m(ClientAppActor pid=238129)[0m 
[36m(ClientAppActor pid=238129)[0m         
[36m(ClientAppActor pid=238133)[0m 
[36m(ClientAppActor pid=238133)[0m         
[36m(ClientAppActor pid=238133)[0m [93mWARNING [0m:   DEPRECATED FEATURE: `client_fn` now expects a signature `def client_fn(context: Context)`.The provided `client_fn` has signature: {'cid': <Parameter "cid: str">}. You can import the `Context` like this: `from flwr.app import Context`[32m [repeated 4x across cluster][0m
[36m(ClientAppActor pid=238133)[0m             This is a deprecated feature. It will be removed[32m [repeated 4x across cluster][0m
[36m(ClientAppActor pid=238133)[0m             entirely in future versions of Flower.[32m [repeated 4x across cluster][0m
[36m(ClientAppActor pid=238129)[0m 
[36m(ClientAppActor pid=238129)[0m         
[36m(ClientAppActor pid=238133)[0m 
[36m(ClientAppActor pid=238133)[0m         
[36m(ClientAppActor pid=238129)[0m 
[36m(ClientAppActor pid=238129)[0m         
[36m(ClientAppActor pid=238133)[0m 
[36m(ClientAppActor pid=238133)[0m         
[36m(ClientAppActor pid=238129)[0m 
[36m(ClientAppActor pid=238129)[0m         
[36m(ClientAppActor pid=238133)[0m 
[36m(ClientAppActor pid=238133)[0m         
[92mINFO [0m:      aggregate_evaluate: received 10 results and 0 failures
INFO:flwr:aggregate_evaluate: received 10 results and 0 failures
[92mINFO [0m:      
INFO:flwr:
[92mINFO [0m:      [ROUND 16]
INFO:flwr:[ROUND 16]
[92mINFO [0m:      configure_fit: strategy sampled 10 clients (out of 10)
INFO:flwr:configure_fit: strategy sampled 10 clients (out of 10)
[36m(ClientAppActor pid=238133)[0m [Client 0] Training on NVIDIA GeForce RTX 3060
[36m(ClientAppActor pid=238133)[0m 
[36m(ClientAppActor pid=238133)[0m         
[36m(ClientAppActor pid=238129)[0m [Client 8] Training on NVIDIA GeForce RTX 3060
[36m(ClientAppActor pid=238129)[0m 
[36m(ClientAppActor pid=238129)[0m         
[36m(ClientAppActor pid=238133)[0m 
[36m(ClientAppActor pid=238133)[0m         
[36m(ClientAppActor pid=238129)[0m 
[36m(ClientAppActor pid=238129)[0m         
[36m(ClientAppActor pid=238129)[0m [93mWARNING [0m:   DEPRECATED FEATURE: `client_fn` now expects a signature `def client_fn(context: Context)`.The provided `client_fn` has signature: {'cid': <Parameter "cid: str">}. You can import the `Context` like this: `from flwr.app import Context`[32m [repeated 10x across cluster][0m
[36m(ClientAppActor pid=238129)[0m             This is a deprecated feature. It will be removed[32m [repeated 10x across cluster][0m
[36m(ClientAppActor pid=238129)[0m             entirely in future versions of Flower.[32m [repeated 10x across cluster][0m
[36m(ClientAppActor pid=238133)[0m 
[36m(ClientAppActor pid=238133)[0m         
[36m(ClientAppActor pid=238129)[0m 
[36m(ClientAppActor pid=238129)[0m         
[36m(ClientAppActor pid=238133)[0m 
[36m(ClientAppActor pid=238133)[0m         
[36m(ClientAppActor pid=238133)[0m 
[36m(ClientAppActor pid=238133)[0m         
[36m(ClientAppActor pid=238133)[0m 
[36m(ClientAppActor pid=238133)[0m         
[36m(ClientAppActor pid=238133)[0m [Client 5] Training on NVIDIA GeForce RTX 3060[32m [repeated 7x across cluster][0m
[36m(ClientAppActor pid=238129)[0m 
[36m(ClientAppActor pid=238129)[0m         
[92mINFO [0m:      aggregate_fit: received 10 results and 0 failures
INFO:flwr:aggregate_fit: received 10 results and 0 failures
[CascadeRouter] Round 16: 10 clients, 24578 parameters/client
[92mINFO [0m:      configure_evaluate: strategy sampled 10 clients (out of 10)
INFO:flwr:configure_evaluate: strategy sampled 10 clients (out of 10)
[36m(ClientAppActor pid=238129)[0m 
[36m(ClientAppActor pid=238129)[0m         
[36m(ClientAppActor pid=238129)[0m [93mWARNING [0m:   DEPRECATED FEATURE: `client_fn` now expects a signature `def client_fn(context: Context)`.The provided `client_fn` has signature: {'cid': <Parameter "cid: str">}. You can import the `Context` like this: `from flwr.app import Context`[32m [repeated 7x across cluster][0m
[36m(ClientAppActor pid=238129)[0m             This is a deprecated feature. It will be removed[32m [repeated 7x across cluster][0m
[36m(ClientAppActor pid=238129)[0m             entirely in future versions of Flower.[32m [repeated 7x across cluster][0m
[36m(ClientAppActor pid=238133)[0m 
[36m(ClientAppActor pid=238133)[0m         
[36m(ClientAppActor pid=238133)[0m 
[36m(ClientAppActor pid=238133)[0m         
[36m(ClientAppActor pid=238129)[0m 
[36m(ClientAppActor pid=238129)[0m         
[36m(ClientAppActor pid=238133)[0m 
[36m(ClientAppActor pid=238133)[0m         
[36m(ClientAppActor pid=238129)[0m 
[36m(ClientAppActor pid=238129)[0m         
[36m(ClientAppActor pid=238129)[0m 
[36m(ClientAppActor pid=238129)[0m         
[36m(ClientAppActor pid=238133)[0m 
[36m(ClientAppActor pid=238133)[0m         
[36m(ClientAppActor pid=238133)[0m 
[36m(ClientAppActor pid=238133)[0m         
[36m(ClientAppActor pid=238129)[0m 
[36m(ClientAppActor pid=238129)[0m         
[92mINFO [0m:      aggregate_evaluate: received 10 results and 0 failures
INFO:flwr:aggregate_evaluate: received 10 results and 0 failures
[92mINFO [0m:      
INFO:flwr:
[92mINFO [0m:      [ROUND 17]
INFO:flwr:[ROUND 17]
[92mINFO [0m:      configure_fit: strategy sampled 10 clients (out of 10)
INFO:flwr:configure_fit: strategy sampled 10 clients (out of 10)
[36m(ClientAppActor pid=238129)[0m [Client 0] Training on NVIDIA GeForce RTX 3060[32m [repeated 2x across cluster][0m
[36m(ClientAppActor pid=238129)[0m 
[36m(ClientAppActor pid=238129)[0m         
[36m(ClientAppActor pid=238133)[0m 
[36m(ClientAppActor pid=238133)[0m         
[36m(ClientAppActor pid=238129)[0m 
[36m(ClientAppActor pid=238129)[0m         
[36m(ClientAppActor pid=238133)[0m 
[36m(ClientAppActor pid=238133)[0m         
[36m(ClientAppActor pid=238129)[0m [Client 6] Training on NVIDIA GeForce RTX 3060[32m [repeated 4x across cluster][0m
[36m(ClientAppActor pid=238129)[0m 
[36m(ClientAppActor pid=238129)[0m         
[36m(ClientAppActor pid=238129)[0m [93mWARNING [0m:   DEPRECATED FEATURE: `client_fn` now expects a signature `def client_fn(context: Context)`.The provided `client_fn` has signature: {'cid': <Parameter "cid: str">}. You can import the `Context` like this: `from flwr.app import Context`[32m [repeated 14x across cluster][0m
[36m(ClientAppActor pid=238129)[0m             This is a deprecated feature. It will be removed[32m [repeated 14x across cluster][0m
[36m(ClientAppActor pid=238129)[0m             entirely in future versions of Flower.[32m [repeated 14x across cluster][0m
[36m(ClientAppActor pid=238129)[0m 
[36m(ClientAppActor pid=238129)[0m         
[36m(ClientAppActor pid=238129)[0m 
[36m(ClientAppActor pid=238129)[0m         
[36m(ClientAppActor pid=238133)[0m 
[36m(ClientAppActor pid=238133)[0m         
[36m(ClientAppActor pid=238129)[0m 
[36m(ClientAppActor pid=238129)[0m         
[36m(ClientAppActor pid=238129)[0m 
[36m(ClientAppActor pid=238129)[0m         
[92mINFO [0m:      aggregate_fit: received 10 results and 0 failures
INFO:flwr:aggregate_fit: received 10 results and 0 failures
[CascadeRouter] Round 17: 10 clients, 24578 parameters/client
[92mINFO [0m:      configure_evaluate: strategy sampled 10 clients (out of 10)
INFO:flwr:configure_evaluate: strategy sampled 10 clients (out of 10)
[36m(ClientAppActor pid=238133)[0m 
[36m(ClientAppActor pid=238133)[0m         
[36m(ClientAppActor pid=238133)[0m [93mWARNING [0m:   DEPRECATED FEATURE: `client_fn` now expects a signature `def client_fn(context: Context)`.The provided `client_fn` has signature: {'cid': <Parameter "cid: str">}. You can import the `Context` like this: `from flwr.app import Context`[32m [repeated 6x across cluster][0m
[36m(ClientAppActor pid=238133)[0m             This is a deprecated feature. It will be removed[32m [repeated 6x across cluster][0m
[36m(ClientAppActor pid=238133)[0m             entirely in future versions of Flower.[32m [repeated 6x across cluster][0m
[36m(ClientAppActor pid=238129)[0m 
[36m(ClientAppActor pid=238129)[0m         
[36m(ClientAppActor pid=238133)[0m 
[36m(ClientAppActor pid=238133)[0m         
[36m(ClientAppActor pid=238129)[0m 
[36m(ClientAppActor pid=238129)[0m         
[36m(ClientAppActor pid=238129)[0m 
[36m(ClientAppActor pid=238129)[0m         
[36m(ClientAppActor pid=238133)[0m 
[36m(ClientAppActor pid=238133)[0m         
[36m(ClientAppActor pid=238129)[0m 
[36m(ClientAppActor pid=238129)[0m         
[36m(ClientAppActor pid=238133)[0m 
[36m(ClientAppActor pid=238133)[0m         
[36m(ClientAppActor pid=238133)[0m 
[36m(ClientAppActor pid=238133)[0m         
[36m(ClientAppActor pid=238129)[0m 
[36m(ClientAppActor pid=238129)[0m         
[92mINFO [0m:      aggregate_evaluate: received 10 results and 0 failures
INFO:flwr:aggregate_evaluate: received 10 results and 0 failures
[92mINFO [0m:      
INFO:flwr:
[92mINFO [0m:      [ROUND 18]
INFO:flwr:[ROUND 18]
[92mINFO [0m:      configure_fit: strategy sampled 10 clients (out of 10)
INFO:flwr:configure_fit: strategy sampled 10 clients (out of 10)
[36m(ClientAppActor pid=238129)[0m [Client 2] Training on NVIDIA GeForce RTX 3060[32m [repeated 6x across cluster][0m
[36m(ClientAppActor pid=238129)[0m 
[36m(ClientAppActor pid=238129)[0m         
[36m(ClientAppActor pid=238133)[0m 
[36m(ClientAppActor pid=238133)[0m         
[36m(ClientAppActor pid=238129)[0m 
[36m(ClientAppActor pid=238129)[0m         
[36m(ClientAppActor pid=238129)[0m 
[36m(ClientAppActor pid=238129)[0m         
[36m(ClientAppActor pid=238133)[0m 
[36m(ClientAppActor pid=238133)[0m         
[36m(ClientAppActor pid=238129)[0m 
[36m(ClientAppActor pid=238129)[0m         
[36m(ClientAppActor pid=238129)[0m [93mWARNING [0m:   DEPRECATED FEATURE: `client_fn` now expects a signature `def client_fn(context: Context)`.The provided `client_fn` has signature: {'cid': <Parameter "cid: str">}. You can import the `Context` like this: `from flwr.app import Context`[32m [repeated 15x across cluster][0m
[36m(ClientAppActor pid=238129)[0m             This is a deprecated feature. It will be removed[32m [repeated 15x across cluster][0m
[36m(ClientAppActor pid=238129)[0m             entirely in future versions of Flower.[32m [repeated 15x across cluster][0m
[36m(ClientAppActor pid=238133)[0m [Client 6] Training on NVIDIA GeForce RTX 3060[32m [repeated 6x across cluster][0m
[36m(ClientAppActor pid=238133)[0m 
[36m(ClientAppActor pid=238133)[0m         
[36m(ClientAppActor pid=238133)[0m 
[36m(ClientAppActor pid=238133)[0m         
[36m(ClientAppActor pid=238129)[0m 
[36m(ClientAppActor pid=238129)[0m         
[36m(ClientAppActor pid=238133)[0m 
[36m(ClientAppActor pid=238133)[0m         
[92mINFO [0m:      aggregate_fit: received 10 results and 0 failures
INFO:flwr:aggregate_fit: received 10 results and 0 failures
[CascadeRouter] Round 18: 10 clients, 24578 parameters/client
[92mINFO [0m:      configure_evaluate: strategy sampled 10 clients (out of 10)
INFO:flwr:configure_evaluate: strategy sampled 10 clients (out of 10)
[36m(ClientAppActor pid=238129)[0m 
[36m(ClientAppActor pid=238129)[0m         
[36m(ClientAppActor pid=238129)[0m [93mWARNING [0m:   DEPRECATED FEATURE: `client_fn` now expects a signature `def client_fn(context: Context)`.The provided `client_fn` has signature: {'cid': <Parameter "cid: str">}. You can import the `Context` like this: `from flwr.app import Context`[32m [repeated 5x across cluster][0m
[36m(ClientAppActor pid=238129)[0m             This is a deprecated feature. It will be removed[32m [repeated 5x across cluster][0m
[36m(ClientAppActor pid=238129)[0m             entirely in future versions of Flower.[32m [repeated 5x across cluster][0m
[36m(ClientAppActor pid=238133)[0m 
[36m(ClientAppActor pid=238133)[0m         
[36m(ClientAppActor pid=238129)[0m 
[36m(ClientAppActor pid=238129)[0m         
[36m(ClientAppActor pid=238133)[0m 
[36m(ClientAppActor pid=238133)[0m         
[36m(ClientAppActor pid=238129)[0m 
[36m(ClientAppActor pid=238129)[0m         
[36m(ClientAppActor pid=238133)[0m 
[36m(ClientAppActor pid=238133)[0m         
[36m(ClientAppActor pid=238129)[0m 
[36m(ClientAppActor pid=238129)[0m         
[36m(ClientAppActor pid=238133)[0m 
[36m(ClientAppActor pid=238133)[0m         
[36m(ClientAppActor pid=238129)[0m 
[36m(ClientAppActor pid=238129)[0m         
[36m(ClientAppActor pid=238133)[0m 
[36m(ClientAppActor pid=238133)[0m         
[92mINFO [0m:      aggregate_evaluate: received 10 results and 0 failures
INFO:flwr:aggregate_evaluate: received 10 results and 0 failures
[92mINFO [0m:      
INFO:flwr:
[92mINFO [0m:      [ROUND 19]
INFO:flwr:[ROUND 19]
[92mINFO [0m:      configure_fit: strategy sampled 10 clients (out of 10)
INFO:flwr:configure_fit: strategy sampled 10 clients (out of 10)
[36m(ClientAppActor pid=238129)[0m [Client 4] Training on NVIDIA GeForce RTX 3060[32m [repeated 4x across cluster][0m
[36m(ClientAppActor pid=238129)[0m 
[36m(ClientAppActor pid=238129)[0m         
[36m(ClientAppActor pid=238133)[0m 
[36m(ClientAppActor pid=238133)[0m         
[36m(ClientAppActor pid=238129)[0m 
[36m(ClientAppActor pid=238129)[0m         
[36m(ClientAppActor pid=238129)[0m 
[36m(ClientAppActor pid=238129)[0m         
[36m(ClientAppActor pid=238133)[0m 
[36m(ClientAppActor pid=238133)[0m         
[36m(ClientAppActor pid=238133)[0m [93mWARNING [0m:   DEPRECATED FEATURE: `client_fn` now expects a signature `def client_fn(context: Context)`.The provided `client_fn` has signature: {'cid': <Parameter "cid: str">}. You can import the `Context` like this: `from flwr.app import Context`[32m [repeated 14x across cluster][0m
[36m(ClientAppActor pid=238133)[0m             This is a deprecated feature. It will be removed[32m [repeated 14x across cluster][0m
[36m(ClientAppActor pid=238133)[0m             entirely in future versions of Flower.[32m [repeated 14x across cluster][0m
[36m(ClientAppActor pid=238133)[0m 
[36m(ClientAppActor pid=238133)[0m         
[36m(ClientAppActor pid=238133)[0m [Client 3] Training on NVIDIA GeForce RTX 3060[32m [repeated 6x across cluster][0m
[36m(ClientAppActor pid=238133)[0m 
[36m(ClientAppActor pid=238133)[0m         
[36m(ClientAppActor pid=238129)[0m 
[36m(ClientAppActor pid=238129)[0m         
[36m(ClientAppActor pid=238129)[0m [93mWARNING [0m:   DEPRECATED FEATURE: `client_fn` now expects a signature `def client_fn(context: Context)`.The provided `client_fn` has signature: {'cid': <Parameter "cid: str">}. You can import the `Context` like this: `from flwr.app import Context`[32m [repeated 3x across cluster][0m
[36m(ClientAppActor pid=238129)[0m             This is a deprecated feature. It will be removed[32m [repeated 3x across cluster][0m
[36m(ClientAppActor pid=238129)[0m             entirely in future versions of Flower.[32m [repeated 3x across cluster][0m
[36m(ClientAppActor pid=238129)[0m 
[36m(ClientAppActor pid=238129)[0m         
[36m(ClientAppActor pid=238129)[0m 
[36m(ClientAppActor pid=238129)[0m         
[92mINFO [0m:      aggregate_fit: received 10 results and 0 failures
INFO:flwr:aggregate_fit: received 10 results and 0 failures
[CascadeRouter] Round 19: 10 clients, 24578 parameters/client
[92mINFO [0m:      configure_evaluate: strategy sampled 10 clients (out of 10)
INFO:flwr:configure_evaluate: strategy sampled 10 clients (out of 10)
[36m(ClientAppActor pid=238129)[0m 
[36m(ClientAppActor pid=238129)[0m         
[36m(ClientAppActor pid=238133)[0m 
[36m(ClientAppActor pid=238133)[0m         
[36m(ClientAppActor pid=238129)[0m 
[36m(ClientAppActor pid=238129)[0m         
[36m(ClientAppActor pid=238133)[0m 
[36m(ClientAppActor pid=238133)[0m         
[36m(ClientAppActor pid=238129)[0m 
[36m(ClientAppActor pid=238129)[0m         
[36m(ClientAppActor pid=238133)[0m 
[36m(ClientAppActor pid=238133)[0m         
[36m(ClientAppActor pid=238129)[0m 
[36m(ClientAppActor pid=238129)[0m         
[36m(ClientAppActor pid=238133)[0m 
[36m(ClientAppActor pid=238133)[0m         
[36m(ClientAppActor pid=238129)[0m 
[36m(ClientAppActor pid=238129)[0m         
[36m(ClientAppActor pid=238133)[0m 
[36m(ClientAppActor pid=238133)[0m         
[92mINFO [0m:      aggregate_evaluate: received 10 results and 0 failures
INFO:flwr:aggregate_evaluate: received 10 results and 0 failures
[92mINFO [0m:      
INFO:flwr:
[92mINFO [0m:      [ROUND 20]
INFO:flwr:[ROUND 20]
[92mINFO [0m:      configure_fit: strategy sampled 10 clients (out of 10)
INFO:flwr:configure_fit: strategy sampled 10 clients (out of 10)
[36m(ClientAppActor pid=238133)[0m [Client 8] Training on NVIDIA GeForce RTX 3060[32m [repeated 4x across cluster][0m
[36m(ClientAppActor pid=238133)[0m 
[36m(ClientAppActor pid=238133)[0m         
[36m(ClientAppActor pid=238129)[0m 
[36m(ClientAppActor pid=238129)[0m         
[36m(ClientAppActor pid=238129)[0m 
[36m(ClientAppActor pid=238129)[0m         
[36m(ClientAppActor pid=238129)[0m [93mWARNING [0m:   DEPRECATED FEATURE: `client_fn` now expects a signature `def client_fn(context: Context)`.The provided `client_fn` has signature: {'cid': <Parameter "cid: str">}. You can import the `Context` like this: `from flwr.app import Context`[32m [repeated 15x across cluster][0m
[36m(ClientAppActor pid=238129)[0m             This is a deprecated feature. It will be removed[32m [repeated 15x across cluster][0m
[36m(ClientAppActor pid=238129)[0m             entirely in future versions of Flower.[32m [repeated 15x across cluster][0m
[36m(ClientAppActor pid=238133)[0m 
[36m(ClientAppActor pid=238133)[0m         
[36m(ClientAppActor pid=238129)[0m 
[36m(ClientAppActor pid=238129)[0m         
[36m(ClientAppActor pid=238133)[0m 
[36m(ClientAppActor pid=238133)[0m         
[36m(ClientAppActor pid=238129)[0m 
[36m(ClientAppActor pid=238129)[0m         
[36m(ClientAppActor pid=238133)[0m [Client 7] Training on NVIDIA GeForce RTX 3060[32m [repeated 7x across cluster][0m
[36m(ClientAppActor pid=238133)[0m 
[36m(ClientAppActor pid=238133)[0m         
[36m(ClientAppActor pid=238133)[0m 
[36m(ClientAppActor pid=238133)[0m         
[36m(ClientAppActor pid=238133)[0m 
[36m(ClientAppActor pid=238133)[0m         
[92mINFO [0m:      aggregate_fit: received 10 results and 0 failures
INFO:flwr:aggregate_fit: received 10 results and 0 failures
[CascadeRouter] Round 20: 10 clients, 24578 parameters/client
[92mINFO [0m:      configure_evaluate: strategy sampled 10 clients (out of 10)
INFO:flwr:configure_evaluate: strategy sampled 10 clients (out of 10)
[36m(ClientAppActor pid=238133)[0m 
[36m(ClientAppActor pid=238133)[0m         
[36m(ClientAppActor pid=238133)[0m [93mWARNING [0m:   DEPRECATED FEATURE: `client_fn` now expects a signature `def client_fn(context: Context)`.The provided `client_fn` has signature: {'cid': <Parameter "cid: str">}. You can import the `Context` like this: `from flwr.app import Context`[32m [repeated 8x across cluster][0m
[36m(ClientAppActor pid=238133)[0m             This is a deprecated feature. It will be removed[32m [repeated 8x across cluster][0m
[36m(ClientAppActor pid=238133)[0m             entirely in future versions of Flower.[32m [repeated 8x across cluster][0m
[36m(ClientAppActor pid=238129)[0m 
[36m(ClientAppActor pid=238129)[0m         
[36m(ClientAppActor pid=238129)[0m 
[36m(ClientAppActor pid=238129)[0m         
[36m(ClientAppActor pid=238133)[0m 
[36m(ClientAppActor pid=238133)[0m         
[36m(ClientAppActor pid=238129)[0m 
[36m(ClientAppActor pid=238129)[0m         
[36m(ClientAppActor pid=238133)[0m 
[36m(ClientAppActor pid=238133)[0m         
[36m(ClientAppActor pid=238133)[0m 
[36m(ClientAppActor pid=238133)[0m         
[36m(ClientAppActor pid=238129)[0m 
[36m(ClientAppActor pid=238129)[0m         
[36m(ClientAppActor pid=238129)[0m 
[36m(ClientAppActor pid=238129)[0m         
[36m(ClientAppActor pid=238133)[0m 
[36m(ClientAppActor pid=238133)[0m         
[92mINFO [0m:      aggregate_evaluate: received 10 results and 0 failures
INFO:flwr:aggregate_evaluate: received 10 results and 0 failures
[92mINFO [0m:      
INFO:flwr:
[92mINFO [0m:      [ROUND 21]
INFO:flwr:[ROUND 21]
[92mINFO [0m:      configure_fit: strategy sampled 10 clients (out of 10)
INFO:flwr:configure_fit: strategy sampled 10 clients (out of 10)
[36m(ClientAppActor pid=238129)[0m [Client 4] Training on NVIDIA GeForce RTX 3060[32m [repeated 3x across cluster][0m
[36m(ClientAppActor pid=238129)[0m 
[36m(ClientAppActor pid=238129)[0m         
[36m(ClientAppActor pid=238133)[0m 
[36m(ClientAppActor pid=238133)[0m         
[36m(ClientAppActor pid=238133)[0m 
[36m(ClientAppActor pid=238133)[0m         
[36m(ClientAppActor pid=238129)[0m 
[36m(ClientAppActor pid=238129)[0m         
[36m(ClientAppActor pid=238133)[0m 
[36m(ClientAppActor pid=238133)[0m         
[36m(ClientAppActor pid=238129)[0m 
[36m(ClientAppActor pid=238129)[0m         
[36m(ClientAppActor pid=238133)[0m [Client 1] Training on NVIDIA GeForce RTX 3060[32m [repeated 6x across cluster][0m
[36m(ClientAppActor pid=238133)[0m 
[36m(ClientAppActor pid=238133)[0m         
[36m(ClientAppActor pid=238133)[0m [93mWARNING [0m:   DEPRECATED FEATURE: `client_fn` now expects a signature `def client_fn(context: Context)`.The provided `client_fn` has signature: {'cid': <Parameter "cid: str">}. You can import the `Context` like this: `from flwr.app import Context`[32m [repeated 16x across cluster][0m
[36m(ClientAppActor pid=238133)[0m             This is a deprecated feature. It will be removed[32m [repeated 16x across cluster][0m
[36m(ClientAppActor pid=238133)[0m             entirely in future versions of Flower.[32m [repeated 16x across cluster][0m
[36m(ClientAppActor pid=238133)[0m 
[36m(ClientAppActor pid=238133)[0m         
[36m(ClientAppActor pid=238129)[0m 
[36m(ClientAppActor pid=238129)[0m         
[36m(ClientAppActor pid=238133)[0m 
[36m(ClientAppActor pid=238133)[0m         
[92mINFO [0m:      aggregate_fit: received 10 results and 0 failures
INFO:flwr:aggregate_fit: received 10 results and 0 failures
[CascadeRouter] Round 21: 10 clients, 24578 parameters/client
[92mINFO [0m:      configure_evaluate: strategy sampled 10 clients (out of 10)
INFO:flwr:configure_evaluate: strategy sampled 10 clients (out of 10)
[36m(ClientAppActor pid=238129)[0m 
[36m(ClientAppActor pid=238129)[0m         
[36m(ClientAppActor pid=238133)[0m 
[36m(ClientAppActor pid=238133)[0m         
[36m(ClientAppActor pid=238133)[0m [93mWARNING [0m:   DEPRECATED FEATURE: `client_fn` now expects a signature `def client_fn(context: Context)`.The provided `client_fn` has signature: {'cid': <Parameter "cid: str">}. You can import the `Context` like this: `from flwr.app import Context`[32m [repeated 5x across cluster][0m
[36m(ClientAppActor pid=238133)[0m             This is a deprecated feature. It will be removed[32m [repeated 5x across cluster][0m
[36m(ClientAppActor pid=238133)[0m             entirely in future versions of Flower.[32m [repeated 5x across cluster][0m
[36m(ClientAppActor pid=238129)[0m 
[36m(ClientAppActor pid=238129)[0m         
[36m(ClientAppActor pid=238133)[0m 
[36m(ClientAppActor pid=238133)[0m         
[36m(ClientAppActor pid=238129)[0m 
[36m(ClientAppActor pid=238129)[0m         
[36m(ClientAppActor pid=238133)[0m 
[36m(ClientAppActor pid=238133)[0m         
[36m(ClientAppActor pid=238129)[0m 
[36m(ClientAppActor pid=238129)[0m         
[36m(ClientAppActor pid=238133)[0m 
[36m(ClientAppActor pid=238133)[0m         
[36m(ClientAppActor pid=238129)[0m 
[36m(ClientAppActor pid=238129)[0m         
[36m(ClientAppActor pid=238133)[0m 
[36m(ClientAppActor pid=238133)[0m         
[92mINFO [0m:      aggregate_evaluate: received 10 results and 0 failures
INFO:flwr:aggregate_evaluate: received 10 results and 0 failures
[92mINFO [0m:      
INFO:flwr:
[92mINFO [0m:      [ROUND 22]
INFO:flwr:[ROUND 22]
[92mINFO [0m:      configure_fit: strategy sampled 10 clients (out of 10)
INFO:flwr:configure_fit: strategy sampled 10 clients (out of 10)
[36m(ClientAppActor pid=238133)[0m [Client 3] Training on NVIDIA GeForce RTX 3060[32m [repeated 4x across cluster][0m
[36m(ClientAppActor pid=238133)[0m 
[36m(ClientAppActor pid=238133)[0m         
[36m(ClientAppActor pid=238129)[0m 
[36m(ClientAppActor pid=238129)[0m         
[36m(ClientAppActor pid=238129)[0m 
[36m(ClientAppActor pid=238129)[0m         
[36m(ClientAppActor pid=238129)[0m 
[36m(ClientAppActor pid=238129)[0m         
[36m(ClientAppActor pid=238133)[0m 
[36m(ClientAppActor pid=238133)[0m         
[36m(ClientAppActor pid=238133)[0m 
[36m(ClientAppActor pid=238133)[0m         
[36m(ClientAppActor pid=238133)[0m [93mWARNING [0m:   DEPRECATED FEATURE: `client_fn` now expects a signature `def client_fn(context: Context)`.The provided `client_fn` has signature: {'cid': <Parameter "cid: str">}. You can import the `Context` like this: `from flwr.app import Context`[32m [repeated 14x across cluster][0m
[36m(ClientAppActor pid=238133)[0m             This is a deprecated feature. It will be removed[32m [repeated 14x across cluster][0m
[36m(ClientAppActor pid=238133)[0m             entirely in future versions of Flower.[32m [repeated 14x across cluster][0m
[36m(ClientAppActor pid=238129)[0m 
[36m(ClientAppActor pid=238129)[0m         
[36m(ClientAppActor pid=238129)[0m 
[36m(ClientAppActor pid=238129)[0m         
[36m(ClientAppActor pid=238129)[0m [Client 1] Training on NVIDIA GeForce RTX 3060[32m [repeated 8x across cluster][0m
[36m(ClientAppActor pid=238129)[0m 
[36m(ClientAppActor pid=238129)[0m         
[36m(ClientAppActor pid=238129)[0m 
[36m(ClientAppActor pid=238129)[0m         
[92mINFO [0m:      aggregate_fit: received 10 results and 0 failures
INFO:flwr:aggregate_fit: received 10 results and 0 failures
[CascadeRouter] Round 22: 10 clients, 24578 parameters/client
[92mINFO [0m:      configure_evaluate: strategy sampled 10 clients (out of 10)
INFO:flwr:configure_evaluate: strategy sampled 10 clients (out of 10)
[36m(ClientAppActor pid=238129)[0m 
[36m(ClientAppActor pid=238129)[0m         
[36m(ClientAppActor pid=238129)[0m [93mWARNING [0m:   DEPRECATED FEATURE: `client_fn` now expects a signature `def client_fn(context: Context)`.The provided `client_fn` has signature: {'cid': <Parameter "cid: str">}. You can import the `Context` like this: `from flwr.app import Context`[32m [repeated 5x across cluster][0m
[36m(ClientAppActor pid=238129)[0m             This is a deprecated feature. It will be removed[32m [repeated 5x across cluster][0m
[36m(ClientAppActor pid=238129)[0m             entirely in future versions of Flower.[32m [repeated 5x across cluster][0m
[36m(ClientAppActor pid=238133)[0m 
[36m(ClientAppActor pid=238133)[0m         
[36m(ClientAppActor pid=238129)[0m 
[36m(ClientAppActor pid=238129)[0m         
[36m(ClientAppActor pid=238133)[0m 
[36m(ClientAppActor pid=238133)[0m         
[36m(ClientAppActor pid=238129)[0m 
[36m(ClientAppActor pid=238129)[0m         
[36m(ClientAppActor pid=238133)[0m 
[36m(ClientAppActor pid=238133)[0m         
[36m(ClientAppActor pid=238129)[0m 
[36m(ClientAppActor pid=238129)[0m         
[36m(ClientAppActor pid=238133)[0m 
[36m(ClientAppActor pid=238133)[0m         
[36m(ClientAppActor pid=238129)[0m 
[36m(ClientAppActor pid=238129)[0m         
[36m(ClientAppActor pid=238133)[0m 
[36m(ClientAppActor pid=238133)[0m         
[92mINFO [0m:      aggregate_evaluate: received 10 results and 0 failures
INFO:flwr:aggregate_evaluate: received 10 results and 0 failures
[92mINFO [0m:      
INFO:flwr:
[92mINFO [0m:      [ROUND 23]
INFO:flwr:[ROUND 23]
[92mINFO [0m:      configure_fit: strategy sampled 10 clients (out of 10)
INFO:flwr:configure_fit: strategy sampled 10 clients (out of 10)
[36m(ClientAppActor pid=238133)[0m [Client 0] Training on NVIDIA GeForce RTX 3060[32m [repeated 2x across cluster][0m
[36m(ClientAppActor pid=238129)[0m 
[36m(ClientAppActor pid=238129)[0m         
[36m(ClientAppActor pid=238133)[0m 
[36m(ClientAppActor pid=238133)[0m         
[36m(ClientAppActor pid=238133)[0m 
[36m(ClientAppActor pid=238133)[0m         
[36m(ClientAppActor pid=238133)[0m 
[36m(ClientAppActor pid=238133)[0m         
[36m(ClientAppActor pid=238129)[0m 
[36m(ClientAppActor pid=238129)[0m         
[36m(ClientAppActor pid=238129)[0m [Client 1] Training on NVIDIA GeForce RTX 3060[32m [repeated 5x across cluster][0m
[36m(ClientAppActor pid=238129)[0m 
[36m(ClientAppActor pid=238129)[0m         
[36m(ClientAppActor pid=238129)[0m [93mWARNING [0m:   DEPRECATED FEATURE: `client_fn` now expects a signature `def client_fn(context: Context)`.The provided `client_fn` has signature: {'cid': <Parameter "cid: str">}. You can import the `Context` like this: `from flwr.app import Context`[32m [repeated 15x across cluster][0m
[36m(ClientAppActor pid=238129)[0m             This is a deprecated feature. It will be removed[32m [repeated 15x across cluster][0m
[36m(ClientAppActor pid=238129)[0m             entirely in future versions of Flower.[32m [repeated 15x across cluster][0m
[36m(ClientAppActor pid=238133)[0m 
[36m(ClientAppActor pid=238133)[0m         
[36m(ClientAppActor pid=238133)[0m 
[36m(ClientAppActor pid=238133)[0m         
[36m(ClientAppActor pid=238133)[0m 
[36m(ClientAppActor pid=238133)[0m         
[36m(ClientAppActor pid=238129)[0m 
[36m(ClientAppActor pid=238129)[0m         
[92mINFO [0m:      aggregate_fit: received 10 results and 0 failures
INFO:flwr:aggregate_fit: received 10 results and 0 failures
[CascadeRouter] Round 23: 10 clients, 24578 parameters/client
[92mINFO [0m:      configure_evaluate: strategy sampled 10 clients (out of 10)
INFO:flwr:configure_evaluate: strategy sampled 10 clients (out of 10)
[36m(ClientAppActor pid=238133)[0m 
[36m(ClientAppActor pid=238133)[0m         
[36m(ClientAppActor pid=238133)[0m [93mWARNING [0m:   DEPRECATED FEATURE: `client_fn` now expects a signature `def client_fn(context: Context)`.The provided `client_fn` has signature: {'cid': <Parameter "cid: str">}. You can import the `Context` like this: `from flwr.app import Context`[32m [repeated 5x across cluster][0m
[36m(ClientAppActor pid=238133)[0m             This is a deprecated feature. It will be removed[32m [repeated 5x across cluster][0m
[36m(ClientAppActor pid=238133)[0m             entirely in future versions of Flower.[32m [repeated 5x across cluster][0m
[36m(ClientAppActor pid=238129)[0m 
[36m(ClientAppActor pid=238129)[0m         
[36m(ClientAppActor pid=238133)[0m 
[36m(ClientAppActor pid=238133)[0m         
[36m(ClientAppActor pid=238129)[0m 
[36m(ClientAppActor pid=238129)[0m         
[36m(ClientAppActor pid=238129)[0m 
[36m(ClientAppActor pid=238129)[0m         
[36m(ClientAppActor pid=238133)[0m 
[36m(ClientAppActor pid=238133)[0m         
[36m(ClientAppActor pid=238133)[0m 
[36m(ClientAppActor pid=238133)[0m         
[36m(ClientAppActor pid=238129)[0m 
[36m(ClientAppActor pid=238129)[0m         
[36m(ClientAppActor pid=238133)[0m 
[36m(ClientAppActor pid=238133)[0m         
[36m(ClientAppActor pid=238129)[0m 
[36m(ClientAppActor pid=238129)[0m         
[92mINFO [0m:      aggregate_evaluate: received 10 results and 0 failures
INFO:flwr:aggregate_evaluate: received 10 results and 0 failures
[92mINFO [0m:      
INFO:flwr:
[92mINFO [0m:      [ROUND 24]
INFO:flwr:[ROUND 24]
[92mINFO [0m:      configure_fit: strategy sampled 10 clients (out of 10)
INFO:flwr:configure_fit: strategy sampled 10 clients (out of 10)
[36m(ClientAppActor pid=238129)[0m [Client 0] Training on NVIDIA GeForce RTX 3060[32m [repeated 5x across cluster][0m
[36m(ClientAppActor pid=238129)[0m 
[36m(ClientAppActor pid=238129)[0m         
[36m(ClientAppActor pid=238133)[0m 
[36m(ClientAppActor pid=238133)[0m         
[36m(ClientAppActor pid=238129)[0m 
[36m(ClientAppActor pid=238129)[0m         
[36m(ClientAppActor pid=238129)[0m 
[36m(ClientAppActor pid=238129)[0m         
[36m(ClientAppActor pid=238129)[0m 
[36m(ClientAppActor pid=238129)[0m         
[36m(ClientAppActor pid=238133)[0m 
[36m(ClientAppActor pid=238133)[0m         
[36m(ClientAppActor pid=238133)[0m 
[36m(ClientAppActor pid=238133)[0m         
[36m(ClientAppActor pid=238133)[0m [93mWARNING [0m:   DEPRECATED FEATURE: `client_fn` now expects a signature `def client_fn(context: Context)`.The provided `client_fn` has signature: {'cid': <Parameter "cid: str">}. You can import the `Context` like this: `from flwr.app import Context`[32m [repeated 16x across cluster][0m
[36m(ClientAppActor pid=238133)[0m             This is a deprecated feature. It will be removed[32m [repeated 16x across cluster][0m
[36m(ClientAppActor pid=238133)[0m             entirely in future versions of Flower.[32m [repeated 16x across cluster][0m
[36m(ClientAppActor pid=238129)[0m 
[36m(ClientAppActor pid=238129)[0m         
[36m(ClientAppActor pid=238129)[0m [Client 1] Training on NVIDIA GeForce RTX 3060[32m [repeated 8x across cluster][0m
[36m(ClientAppActor pid=238129)[0m 
[36m(ClientAppActor pid=238129)[0m         
[36m(ClientAppActor pid=238133)[0m 
[36m(ClientAppActor pid=238133)[0m         
[92mINFO [0m:      aggregate_fit: received 10 results and 0 failures
INFO:flwr:aggregate_fit: received 10 results and 0 failures
[CascadeRouter] Round 24: 10 clients, 24578 parameters/client
[92mINFO [0m:      configure_evaluate: strategy sampled 10 clients (out of 10)
INFO:flwr:configure_evaluate: strategy sampled 10 clients (out of 10)
[36m(ClientAppActor pid=238129)[0m 
[36m(ClientAppActor pid=238129)[0m         
[36m(ClientAppActor pid=238129)[0m [93mWARNING [0m:   DEPRECATED FEATURE: `client_fn` now expects a signature `def client_fn(context: Context)`.The provided `client_fn` has signature: {'cid': <Parameter "cid: str">}. You can import the `Context` like this: `from flwr.app import Context`[32m [repeated 4x across cluster][0m
[36m(ClientAppActor pid=238129)[0m             This is a deprecated feature. It will be removed[32m [repeated 4x across cluster][0m
[36m(ClientAppActor pid=238129)[0m             entirely in future versions of Flower.[32m [repeated 4x across cluster][0m
[36m(ClientAppActor pid=238133)[0m 
[36m(ClientAppActor pid=238133)[0m         
[36m(ClientAppActor pid=238133)[0m 
[36m(ClientAppActor pid=238133)[0m         
[36m(ClientAppActor pid=238129)[0m 
[36m(ClientAppActor pid=238129)[0m         
[36m(ClientAppActor pid=238129)[0m 
[36m(ClientAppActor pid=238129)[0m         
[36m(ClientAppActor pid=238133)[0m 
[36m(ClientAppActor pid=238133)[0m         
[36m(ClientAppActor pid=238133)[0m 
[36m(ClientAppActor pid=238133)[0m         
[36m(ClientAppActor pid=238129)[0m 
[36m(ClientAppActor pid=238129)[0m         
[36m(ClientAppActor pid=238133)[0m 
[36m(ClientAppActor pid=238133)[0m         
[36m(ClientAppActor pid=238129)[0m 
[36m(ClientAppActor pid=238129)[0m         
[92mINFO [0m:      aggregate_evaluate: received 10 results and 0 failures
INFO:flwr:aggregate_evaluate: received 10 results and 0 failures
[92mINFO [0m:      
INFO:flwr:
[92mINFO [0m:      [ROUND 25]
INFO:flwr:[ROUND 25]
[92mINFO [0m:      configure_fit: strategy sampled 10 clients (out of 10)
INFO:flwr:configure_fit: strategy sampled 10 clients (out of 10)
[36m(ClientAppActor pid=238129)[0m [Client 4] Training on NVIDIA GeForce RTX 3060[32m [repeated 2x across cluster][0m
[36m(ClientAppActor pid=238129)[0m 
[36m(ClientAppActor pid=238129)[0m         
[36m(ClientAppActor pid=238133)[0m 
[36m(ClientAppActor pid=238133)[0m         
[36m(ClientAppActor pid=238129)[0m 
[36m(ClientAppActor pid=238129)[0m         
[36m(ClientAppActor pid=238129)[0m 
[36m(ClientAppActor pid=238129)[0m         
[36m(ClientAppActor pid=238133)[0m 
[36m(ClientAppActor pid=238133)[0m         
[36m(ClientAppActor pid=238133)[0m [93mWARNING [0m:   DEPRECATED FEATURE: `client_fn` now expects a signature `def client_fn(context: Context)`.The provided `client_fn` has signature: {'cid': <Parameter "cid: str">}. You can import the `Context` like this: `from flwr.app import Context`[32m [repeated 14x across cluster][0m
[36m(ClientAppActor pid=238133)[0m             This is a deprecated feature. It will be removed[32m [repeated 14x across cluster][0m
[36m(ClientAppActor pid=238133)[0m             entirely in future versions of Flower.[32m [repeated 14x across cluster][0m
[36m(ClientAppActor pid=238133)[0m 
[36m(ClientAppActor pid=238133)[0m         
[36m(ClientAppActor pid=238133)[0m 
[36m(ClientAppActor pid=238133)[0m         
[36m(ClientAppActor pid=238129)[0m 
[36m(ClientAppActor pid=238129)[0m         
[36m(ClientAppActor pid=238129)[0m [Client 5] Training on NVIDIA GeForce RTX 3060[32m [repeated 8x across cluster][0m
[36m(ClientAppActor pid=238129)[0m 
[36m(ClientAppActor pid=238129)[0m         
[36m(ClientAppActor pid=238133)[0m 
[36m(ClientAppActor pid=238133)[0m         
[92mINFO [0m:      aggregate_fit: received 10 results and 0 failures
INFO:flwr:aggregate_fit: received 10 results and 0 failures
[CascadeRouter] Round 25: 10 clients, 24578 parameters/client
[92mINFO [0m:      configure_evaluate: strategy sampled 10 clients (out of 10)
INFO:flwr:configure_evaluate: strategy sampled 10 clients (out of 10)
[36m(ClientAppActor pid=238129)[0m 
[36m(ClientAppActor pid=238129)[0m         
[36m(ClientAppActor pid=238129)[0m [93mWARNING [0m:   DEPRECATED FEATURE: `client_fn` now expects a signature `def client_fn(context: Context)`.The provided `client_fn` has signature: {'cid': <Parameter "cid: str">}. You can import the `Context` like this: `from flwr.app import Context`[32m [repeated 6x across cluster][0m
[36m(ClientAppActor pid=238129)[0m             This is a deprecated feature. It will be removed[32m [repeated 6x across cluster][0m
[36m(ClientAppActor pid=238129)[0m             entirely in future versions of Flower.[32m [repeated 6x across cluster][0m
[36m(ClientAppActor pid=238133)[0m 
[36m(ClientAppActor pid=238133)[0m         
[36m(ClientAppActor pid=238129)[0m 
[36m(ClientAppActor pid=238129)[0m         
[36m(ClientAppActor pid=238133)[0m 
[36m(ClientAppActor pid=238133)[0m         
[36m(ClientAppActor pid=238129)[0m 
[36m(ClientAppActor pid=238129)[0m         
[36m(ClientAppActor pid=238133)[0m 
[36m(ClientAppActor pid=238133)[0m         
[36m(ClientAppActor pid=238129)[0m 
[36m(ClientAppActor pid=238129)[0m         
[36m(ClientAppActor pid=238133)[0m 
[36m(ClientAppActor pid=238133)[0m         
[36m(ClientAppActor pid=238129)[0m 
[36m(ClientAppActor pid=238129)[0m         
[36m(ClientAppActor pid=238133)[0m 
[36m(ClientAppActor pid=238133)[0m         
[92mINFO [0m:      aggregate_evaluate: received 10 results and 0 failures
INFO:flwr:aggregate_evaluate: received 10 results and 0 failures
[92mINFO [0m:      
INFO:flwr:
[92mINFO [0m:      [ROUND 26]
INFO:flwr:[ROUND 26]
[92mINFO [0m:      configure_fit: strategy sampled 10 clients (out of 10)
INFO:flwr:configure_fit: strategy sampled 10 clients (out of 10)
[36m(ClientAppActor pid=238133)[0m [Client 7] Training on NVIDIA GeForce RTX 3060[32m [repeated 2x across cluster][0m
[36m(ClientAppActor pid=238133)[0m 
[36m(ClientAppActor pid=238133)[0m         
[36m(ClientAppActor pid=238129)[0m 
[36m(ClientAppActor pid=238129)[0m         
[36m(ClientAppActor pid=238133)[0m 
[36m(ClientAppActor pid=238133)[0m         
[36m(ClientAppActor pid=238129)[0m 
[36m(ClientAppActor pid=238129)[0m         
[36m(ClientAppActor pid=238129)[0m [93mWARNING [0m:   DEPRECATED FEATURE: `client_fn` now expects a signature `def client_fn(context: Context)`.The provided `client_fn` has signature: {'cid': <Parameter "cid: str">}. You can import the `Context` like this: `from flwr.app import Context`[32m [repeated 13x across cluster][0m
[36m(ClientAppActor pid=238129)[0m             This is a deprecated feature. It will be removed[32m [repeated 13x across cluster][0m
[36m(ClientAppActor pid=238129)[0m             entirely in future versions of Flower.[32m [repeated 13x across cluster][0m
[36m(ClientAppActor pid=238133)[0m [Client 9] Training on NVIDIA GeForce RTX 3060[32m [repeated 4x across cluster][0m
[36m(ClientAppActor pid=238133)[0m 
[36m(ClientAppActor pid=238133)[0m         
[36m(ClientAppActor pid=238129)[0m 
[36m(ClientAppActor pid=238129)[0m         
[36m(ClientAppActor pid=238133)[0m 
[36m(ClientAppActor pid=238133)[0m         
[36m(ClientAppActor pid=238129)[0m 
[36m(ClientAppActor pid=238129)[0m         
[36m(ClientAppActor pid=238129)[0m 
[36m(ClientAppActor pid=238129)[0m         
[36m(ClientAppActor pid=238133)[0m 
[36m(ClientAppActor pid=238133)[0m         
[36m(ClientAppActor pid=238133)[0m [93mWARNING [0m:   DEPRECATED FEATURE: `client_fn` now expects a signature `def client_fn(context: Context)`.The provided `client_fn` has signature: {'cid': <Parameter "cid: str">}. You can import the `Context` like this: `from flwr.app import Context`[32m [repeated 6x across cluster][0m
[36m(ClientAppActor pid=238133)[0m             This is a deprecated feature. It will be removed[32m [repeated 6x across cluster][0m
[36m(ClientAppActor pid=238133)[0m             entirely in future versions of Flower.[32m [repeated 6x across cluster][0m
[92mINFO [0m:      aggregate_fit: received 10 results and 0 failures
INFO:flwr:aggregate_fit: received 10 results and 0 failures
[CascadeRouter] Round 26: 10 clients, 24578 parameters/client
[92mINFO [0m:      configure_evaluate: strategy sampled 10 clients (out of 10)
INFO:flwr:configure_evaluate: strategy sampled 10 clients (out of 10)
[36m(ClientAppActor pid=238129)[0m 
[36m(ClientAppActor pid=238129)[0m         
[36m(ClientAppActor pid=238133)[0m 
[36m(ClientAppActor pid=238133)[0m         
[36m(ClientAppActor pid=238133)[0m 
[36m(ClientAppActor pid=238133)[0m         
[36m(ClientAppActor pid=238129)[0m 
[36m(ClientAppActor pid=238129)[0m         
[36m(ClientAppActor pid=238133)[0m 
[36m(ClientAppActor pid=238133)[0m         
[36m(ClientAppActor pid=238129)[0m 
[36m(ClientAppActor pid=238129)[0m         
[36m(ClientAppActor pid=238129)[0m 
[36m(ClientAppActor pid=238129)[0m         
[36m(ClientAppActor pid=238133)[0m 
[36m(ClientAppActor pid=238133)[0m         
[36m(ClientAppActor pid=238133)[0m 
[36m(ClientAppActor pid=238133)[0m         
[36m(ClientAppActor pid=238129)[0m 
[36m(ClientAppActor pid=238129)[0m         
[92mINFO [0m:      aggregate_evaluate: received 10 results and 0 failures
INFO:flwr:aggregate_evaluate: received 10 results and 0 failures
[92mINFO [0m:      
INFO:flwr:
[92mINFO [0m:      [ROUND 27]
INFO:flwr:[ROUND 27]
[92mINFO [0m:      configure_fit: strategy sampled 10 clients (out of 10)
INFO:flwr:configure_fit: strategy sampled 10 clients (out of 10)
[36m(ClientAppActor pid=238129)[0m [Client 5] Training on NVIDIA GeForce RTX 3060[32m [repeated 6x across cluster][0m
[36m(ClientAppActor pid=238129)[0m 
[36m(ClientAppActor pid=238129)[0m         
[36m(ClientAppActor pid=238133)[0m 
[36m(ClientAppActor pid=238133)[0m         
[36m(ClientAppActor pid=238133)[0m 
[36m(ClientAppActor pid=238133)[0m         
[36m(ClientAppActor pid=238133)[0m 
[36m(ClientAppActor pid=238133)[0m         
[36m(ClientAppActor pid=238133)[0m [93mWARNING [0m:   DEPRECATED FEATURE: `client_fn` now expects a signature `def client_fn(context: Context)`.The provided `client_fn` has signature: {'cid': <Parameter "cid: str">}. You can import the `Context` like this: `from flwr.app import Context`[32m [repeated 14x across cluster][0m
[36m(ClientAppActor pid=238133)[0m             This is a deprecated feature. It will be removed[32m [repeated 14x across cluster][0m
[36m(ClientAppActor pid=238133)[0m             entirely in future versions of Flower.[32m [repeated 14x across cluster][0m
[36m(ClientAppActor pid=238133)[0m [Client 7] Training on NVIDIA GeForce RTX 3060[32m [repeated 4x across cluster][0m
[36m(ClientAppActor pid=238133)[0m 
[36m(ClientAppActor pid=238133)[0m         
[36m(ClientAppActor pid=238133)[0m 
[36m(ClientAppActor pid=238133)[0m         
[36m(ClientAppActor pid=238129)[0m 
[36m(ClientAppActor pid=238129)[0m         
[36m(ClientAppActor pid=238133)[0m 
[36m(ClientAppActor pid=238133)[0m         
[36m(ClientAppActor pid=238129)[0m 
[36m(ClientAppActor pid=238129)[0m         
[36m(ClientAppActor pid=238133)[0m 
[36m(ClientAppActor pid=238133)[0m         
[36m(ClientAppActor pid=238133)[0m [93mWARNING [0m:   DEPRECATED FEATURE: `client_fn` now expects a signature `def client_fn(context: Context)`.The provided `client_fn` has signature: {'cid': <Parameter "cid: str">}. You can import the `Context` like this: `from flwr.app import Context`[32m [repeated 6x across cluster][0m
[36m(ClientAppActor pid=238133)[0m             This is a deprecated feature. It will be removed[32m [repeated 6x across cluster][0m
[36m(ClientAppActor pid=238133)[0m             entirely in future versions of Flower.[32m [repeated 6x across cluster][0m
[92mINFO [0m:      aggregate_fit: received 10 results and 0 failures
INFO:flwr:aggregate_fit: received 10 results and 0 failures
[CascadeRouter] Round 27: 10 clients, 24578 parameters/client
[92mINFO [0m:      configure_evaluate: strategy sampled 10 clients (out of 10)
INFO:flwr:configure_evaluate: strategy sampled 10 clients (out of 10)
[36m(ClientAppActor pid=238129)[0m 
[36m(ClientAppActor pid=238129)[0m         
[36m(ClientAppActor pid=238133)[0m 
[36m(ClientAppActor pid=238133)[0m         
[36m(ClientAppActor pid=238129)[0m 
[36m(ClientAppActor pid=238129)[0m         
[36m(ClientAppActor pid=238133)[0m 
[36m(ClientAppActor pid=238133)[0m         
[36m(ClientAppActor pid=238129)[0m 
[36m(ClientAppActor pid=238129)[0m         
[36m(ClientAppActor pid=238133)[0m 
[36m(ClientAppActor pid=238133)[0m         
[36m(ClientAppActor pid=238129)[0m 
[36m(ClientAppActor pid=238129)[0m         
[36m(ClientAppActor pid=238133)[0m 
[36m(ClientAppActor pid=238133)[0m         
[36m(ClientAppActor pid=238129)[0m 
[36m(ClientAppActor pid=238129)[0m         
[36m(ClientAppActor pid=238133)[0m 
[36m(ClientAppActor pid=238133)[0m         
[92mINFO [0m:      aggregate_evaluate: received 10 results and 0 failures
INFO:flwr:aggregate_evaluate: received 10 results and 0 failures
[92mINFO [0m:      
INFO:flwr:
[92mINFO [0m:      [ROUND 28]
INFO:flwr:[ROUND 28]
[92mINFO [0m:      configure_fit: strategy sampled 10 clients (out of 10)
INFO:flwr:configure_fit: strategy sampled 10 clients (out of 10)
[36m(ClientAppActor pid=238129)[0m [Client 0] Training on NVIDIA GeForce RTX 3060[32m [repeated 6x across cluster][0m
[36m(ClientAppActor pid=238129)[0m 
[36m(ClientAppActor pid=238129)[0m         
[36m(ClientAppActor pid=238133)[0m 
[36m(ClientAppActor pid=238133)[0m         
[36m(ClientAppActor pid=238129)[0m 
[36m(ClientAppActor pid=238129)[0m         
[36m(ClientAppActor pid=238129)[0m 
[36m(ClientAppActor pid=238129)[0m         
[36m(ClientAppActor pid=238129)[0m 
[36m(ClientAppActor pid=238129)[0m         
[36m(ClientAppActor pid=238129)[0m [93mWARNING [0m:   DEPRECATED FEATURE: `client_fn` now expects a signature `def client_fn(context: Context)`.The provided `client_fn` has signature: {'cid': <Parameter "cid: str">}. You can import the `Context` like this: `from flwr.app import Context`[32m [repeated 15x across cluster][0m
[36m(ClientAppActor pid=238129)[0m             This is a deprecated feature. It will be removed[32m [repeated 15x across cluster][0m
[36m(ClientAppActor pid=238129)[0m             entirely in future versions of Flower.[32m [repeated 15x across cluster][0m
[36m(ClientAppActor pid=238129)[0m 
[36m(ClientAppActor pid=238129)[0m         
[36m(ClientAppActor pid=238133)[0m [Client 8] Training on NVIDIA GeForce RTX 3060[32m [repeated 6x across cluster][0m
[36m(ClientAppActor pid=238133)[0m 
[36m(ClientAppActor pid=238133)[0m         
[36m(ClientAppActor pid=238129)[0m 
[36m(ClientAppActor pid=238129)[0m         
[36m(ClientAppActor pid=238129)[0m 
[36m(ClientAppActor pid=238129)[0m         
[36m(ClientAppActor pid=238129)[0m 
[36m(ClientAppActor pid=238129)[0m         
[92mINFO [0m:      aggregate_fit: received 10 results and 0 failures
INFO:flwr:aggregate_fit: received 10 results and 0 failures
[CascadeRouter] Round 28: 10 clients, 24578 parameters/client
[92mINFO [0m:      configure_evaluate: strategy sampled 10 clients (out of 10)
INFO:flwr:configure_evaluate: strategy sampled 10 clients (out of 10)
[36m(ClientAppActor pid=238129)[0m 
[36m(ClientAppActor pid=238129)[0m         
[36m(ClientAppActor pid=238129)[0m [93mWARNING [0m:   DEPRECATED FEATURE: `client_fn` now expects a signature `def client_fn(context: Context)`.The provided `client_fn` has signature: {'cid': <Parameter "cid: str">}. You can import the `Context` like this: `from flwr.app import Context`[32m [repeated 6x across cluster][0m
[36m(ClientAppActor pid=238129)[0m             This is a deprecated feature. It will be removed[32m [repeated 6x across cluster][0m
[36m(ClientAppActor pid=238129)[0m             entirely in future versions of Flower.[32m [repeated 6x across cluster][0m
[36m(ClientAppActor pid=238133)[0m 
[36m(ClientAppActor pid=238133)[0m         
[36m(ClientAppActor pid=238129)[0m 
[36m(ClientAppActor pid=238129)[0m         
[36m(ClientAppActor pid=238133)[0m 
[36m(ClientAppActor pid=238133)[0m         
[36m(ClientAppActor pid=238129)[0m 
[36m(ClientAppActor pid=238129)[0m         
[36m(ClientAppActor pid=238133)[0m 
[36m(ClientAppActor pid=238133)[0m         
[36m(ClientAppActor pid=238129)[0m 
[36m(ClientAppActor pid=238129)[0m         
[36m(ClientAppActor pid=238133)[0m 
[36m(ClientAppActor pid=238133)[0m         
[36m(ClientAppActor pid=238133)[0m 
[36m(ClientAppActor pid=238133)[0m         
[36m(ClientAppActor pid=238129)[0m 
[36m(ClientAppActor pid=238129)[0m         
[92mINFO [0m:      aggregate_evaluate: received 10 results and 0 failures
INFO:flwr:aggregate_evaluate: received 10 results and 0 failures
[92mINFO [0m:      
INFO:flwr:
[92mINFO [0m:      [ROUND 29]
INFO:flwr:[ROUND 29]
[92mINFO [0m:      configure_fit: strategy sampled 10 clients (out of 10)
INFO:flwr:configure_fit: strategy sampled 10 clients (out of 10)
[36m(ClientAppActor pid=238129)[0m [Client 5] Training on NVIDIA GeForce RTX 3060[32m [repeated 4x across cluster][0m
[36m(ClientAppActor pid=238129)[0m 
[36m(ClientAppActor pid=238129)[0m         
[36m(ClientAppActor pid=238133)[0m 
[36m(ClientAppActor pid=238133)[0m         
[36m(ClientAppActor pid=238133)[0m 
[36m(ClientAppActor pid=238133)[0m         
[36m(ClientAppActor pid=238133)[0m 
[36m(ClientAppActor pid=238133)[0m         
[36m(ClientAppActor pid=238133)[0m 
[36m(ClientAppActor pid=238133)[0m         
[36m(ClientAppActor pid=238133)[0m 
[36m(ClientAppActor pid=238133)[0m         
[36m(ClientAppActor pid=238133)[0m [Client 6] Training on NVIDIA GeForce RTX 3060[32m [repeated 6x across cluster][0m
[36m(ClientAppActor pid=238133)[0m 
[36m(ClientAppActor pid=238133)[0m         
[36m(ClientAppActor pid=238133)[0m [93mWARNING [0m:   DEPRECATED FEATURE: `client_fn` now expects a signature `def client_fn(context: Context)`.The provided `client_fn` has signature: {'cid': <Parameter "cid: str">}. You can import the `Context` like this: `from flwr.app import Context`[32m [repeated 16x across cluster][0m
[36m(ClientAppActor pid=238133)[0m             This is a deprecated feature. It will be removed[32m [repeated 16x across cluster][0m
[36m(ClientAppActor pid=238133)[0m             entirely in future versions of Flower.[32m [repeated 16x across cluster][0m
[36m(ClientAppActor pid=238133)[0m 
[36m(ClientAppActor pid=238133)[0m         
[36m(ClientAppActor pid=238129)[0m 
[36m(ClientAppActor pid=238129)[0m         
[36m(ClientAppActor pid=238133)[0m 
[36m(ClientAppActor pid=238133)[0m         
[92mINFO [0m:      aggregate_fit: received 10 results and 0 failures
INFO:flwr:aggregate_fit: received 10 results and 0 failures
[CascadeRouter] Round 29: 10 clients, 24578 parameters/client
[92mINFO [0m:      configure_evaluate: strategy sampled 10 clients (out of 10)
INFO:flwr:configure_evaluate: strategy sampled 10 clients (out of 10)
[36m(ClientAppActor pid=238133)[0m 
[36m(ClientAppActor pid=238133)[0m         
[36m(ClientAppActor pid=238133)[0m [93mWARNING [0m:   DEPRECATED FEATURE: `client_fn` now expects a signature `def client_fn(context: Context)`.The provided `client_fn` has signature: {'cid': <Parameter "cid: str">}. You can import the `Context` like this: `from flwr.app import Context`[32m [repeated 4x across cluster][0m
[36m(ClientAppActor pid=238133)[0m             This is a deprecated feature. It will be removed[32m [repeated 4x across cluster][0m
[36m(ClientAppActor pid=238133)[0m             entirely in future versions of Flower.[32m [repeated 4x across cluster][0m
[36m(ClientAppActor pid=238129)[0m 
[36m(ClientAppActor pid=238129)[0m         
[36m(ClientAppActor pid=238129)[0m 
[36m(ClientAppActor pid=238129)[0m         
[36m(ClientAppActor pid=238133)[0m 
[36m(ClientAppActor pid=238133)[0m         
[36m(ClientAppActor pid=238129)[0m 
[36m(ClientAppActor pid=238129)[0m         
[36m(ClientAppActor pid=238133)[0m 
[36m(ClientAppActor pid=238133)[0m         
[36m(ClientAppActor pid=238133)[0m 
[36m(ClientAppActor pid=238133)[0m         
[36m(ClientAppActor pid=238129)[0m 
[36m(ClientAppActor pid=238129)[0m         
[36m(ClientAppActor pid=238133)[0m 
[36m(ClientAppActor pid=238133)[0m         
[36m(ClientAppActor pid=238129)[0m 
[36m(ClientAppActor pid=238129)[0m         
[92mINFO [0m:      aggregate_evaluate: received 10 results and 0 failures
INFO:flwr:aggregate_evaluate: received 10 results and 0 failures
[92mINFO [0m:      
INFO:flwr:
[92mINFO [0m:      [ROUND 30]
INFO:flwr:[ROUND 30]
[92mINFO [0m:      configure_fit: strategy sampled 10 clients (out of 10)
INFO:flwr:configure_fit: strategy sampled 10 clients (out of 10)
[36m(ClientAppActor pid=238129)[0m [Client 1] Training on NVIDIA GeForce RTX 3060[32m [repeated 4x across cluster][0m
[36m(ClientAppActor pid=238129)[0m 
[36m(ClientAppActor pid=238129)[0m         
[36m(ClientAppActor pid=238133)[0m 
[36m(ClientAppActor pid=238133)[0m         
[36m(ClientAppActor pid=238133)[0m 
[36m(ClientAppActor pid=238133)[0m         
[36m(ClientAppActor pid=238129)[0m 
[36m(ClientAppActor pid=238129)[0m         
[36m(ClientAppActor pid=238133)[0m 
[36m(ClientAppActor pid=238133)[0m         
[36m(ClientAppActor pid=238133)[0m [93mWARNING [0m:   DEPRECATED FEATURE: `client_fn` now expects a signature `def client_fn(context: Context)`.The provided `client_fn` has signature: {'cid': <Parameter "cid: str">}. You can import the `Context` like this: `from flwr.app import Context`[32m [repeated 14x across cluster][0m
[36m(ClientAppActor pid=238133)[0m             This is a deprecated feature. It will be removed[32m [repeated 14x across cluster][0m
[36m(ClientAppActor pid=238133)[0m             entirely in future versions of Flower.[32m [repeated 14x across cluster][0m
[36m(ClientAppActor pid=238133)[0m 
[36m(ClientAppActor pid=238133)[0m         
[36m(ClientAppActor pid=238133)[0m 
[36m(ClientAppActor pid=238133)[0m         
[36m(ClientAppActor pid=238133)[0m 
[36m(ClientAppActor pid=238133)[0m         
[36m(ClientAppActor pid=238133)[0m [Client 3] Training on NVIDIA GeForce RTX 3060[32m [repeated 8x across cluster][0m
[36m(ClientAppActor pid=238133)[0m 
[36m(ClientAppActor pid=238133)[0m         
[36m(ClientAppActor pid=238133)[0m 
[36m(ClientAppActor pid=238133)[0m         
[92mINFO [0m:      aggregate_fit: received 10 results and 0 failures
INFO:flwr:aggregate_fit: received 10 results and 0 failures
[CascadeRouter] Round 30: 10 clients, 24578 parameters/client
[92mINFO [0m:      configure_evaluate: strategy sampled 10 clients (out of 10)
INFO:flwr:configure_evaluate: strategy sampled 10 clients (out of 10)
[36m(ClientAppActor pid=238133)[0m 
[36m(ClientAppActor pid=238133)[0m         
[36m(ClientAppActor pid=238133)[0m [93mWARNING [0m:   DEPRECATED FEATURE: `client_fn` now expects a signature `def client_fn(context: Context)`.The provided `client_fn` has signature: {'cid': <Parameter "cid: str">}. You can import the `Context` like this: `from flwr.app import Context`[32m [repeated 6x across cluster][0m
[36m(ClientAppActor pid=238133)[0m             This is a deprecated feature. It will be removed[32m [repeated 6x across cluster][0m
[36m(ClientAppActor pid=238133)[0m             entirely in future versions of Flower.[32m [repeated 6x across cluster][0m
[36m(ClientAppActor pid=238129)[0m 
[36m(ClientAppActor pid=238129)[0m         
[36m(ClientAppActor pid=238133)[0m 
[36m(ClientAppActor pid=238133)[0m         
[36m(ClientAppActor pid=238129)[0m 
[36m(ClientAppActor pid=238129)[0m         
[36m(ClientAppActor pid=238133)[0m 
[36m(ClientAppActor pid=238133)[0m         
[36m(ClientAppActor pid=238129)[0m 
[36m(ClientAppActor pid=238129)[0m         
[36m(ClientAppActor pid=238129)[0m 
[36m(ClientAppActor pid=238129)[0m         
[36m(ClientAppActor pid=238133)[0m 
[36m(ClientAppActor pid=238133)[0m         
[36m(ClientAppActor pid=238129)[0m 
[36m(ClientAppActor pid=238129)[0m         
[36m(ClientAppActor pid=238133)[0m 
[36m(ClientAppActor pid=238133)[0m         
[92mINFO [0m:      aggregate_evaluate: received 10 results and 0 failures
INFO:flwr:aggregate_evaluate: received 10 results and 0 failures
[92mINFO [0m:      
INFO:flwr:
[92mINFO [0m:      [ROUND 31]
INFO:flwr:[ROUND 31]
[92mINFO [0m:      configure_fit: strategy sampled 10 clients (out of 10)
INFO:flwr:configure_fit: strategy sampled 10 clients (out of 10)
[36m(ClientAppActor pid=238129)[0m [Client 2] Training on NVIDIA GeForce RTX 3060[32m [repeated 2x across cluster][0m
[36m(ClientAppActor pid=238129)[0m 
[36m(ClientAppActor pid=238129)[0m         
[36m(ClientAppActor pid=238133)[0m 
[36m(ClientAppActor pid=238133)[0m         
[36m(ClientAppActor pid=238129)[0m 
[36m(ClientAppActor pid=238129)[0m         
[36m(ClientAppActor pid=238133)[0m 
[36m(ClientAppActor pid=238133)[0m         
[36m(ClientAppActor pid=238129)[0m 
[36m(ClientAppActor pid=238129)[0m         
[36m(ClientAppActor pid=238129)[0m [93mWARNING [0m:   DEPRECATED FEATURE: `client_fn` now expects a signature `def client_fn(context: Context)`.The provided `client_fn` has signature: {'cid': <Parameter "cid: str">}. You can import the `Context` like this: `from flwr.app import Context`[32m [repeated 14x across cluster][0m
[36m(ClientAppActor pid=238129)[0m             This is a deprecated feature. It will be removed[32m [repeated 14x across cluster][0m
[36m(ClientAppActor pid=238129)[0m             entirely in future versions of Flower.[32m [repeated 14x across cluster][0m
[36m(ClientAppActor pid=238133)[0m [Client 3] Training on NVIDIA GeForce RTX 3060[32m [repeated 5x across cluster][0m
[36m(ClientAppActor pid=238133)[0m 
[36m(ClientAppActor pid=238133)[0m         
[36m(ClientAppActor pid=238133)[0m 
[36m(ClientAppActor pid=238133)[0m         
[36m(ClientAppActor pid=238129)[0m [Client 6] Training on NVIDIA GeForce RTX 3060[32m [repeated 2x across cluster][0m
[36m(ClientAppActor pid=238129)[0m 
[36m(ClientAppActor pid=238129)[0m         
[36m(ClientAppActor pid=238129)[0m [93mWARNING [0m:   DEPRECATED FEATURE: `client_fn` now expects a signature `def client_fn(context: Context)`.The provided `client_fn` has signature: {'cid': <Parameter "cid: str">}. You can import the `Context` like this: `from flwr.app import Context`[32m [repeated 3x across cluster][0m
[36m(ClientAppActor pid=238129)[0m             This is a deprecated feature. It will be removed[32m [repeated 3x across cluster][0m
[36m(ClientAppActor pid=238129)[0m             entirely in future versions of Flower.[32m [repeated 3x across cluster][0m
[36m(ClientAppActor pid=238133)[0m 
[36m(ClientAppActor pid=238133)[0m         
[36m(ClientAppActor pid=238133)[0m 
[36m(ClientAppActor pid=238133)[0m         
[92mINFO [0m:      aggregate_fit: received 10 results and 0 failures
INFO:flwr:aggregate_fit: received 10 results and 0 failures
[CascadeRouter] Round 31: 10 clients, 24578 parameters/client
[92mINFO [0m:      configure_evaluate: strategy sampled 10 clients (out of 10)
INFO:flwr:configure_evaluate: strategy sampled 10 clients (out of 10)
[36m(ClientAppActor pid=238129)[0m 
[36m(ClientAppActor pid=238129)[0m         
[36m(ClientAppActor pid=238133)[0m 
[36m(ClientAppActor pid=238133)[0m         
[36m(ClientAppActor pid=238129)[0m 
[36m(ClientAppActor pid=238129)[0m         
[36m(ClientAppActor pid=238133)[0m 
[36m(ClientAppActor pid=238133)[0m         
[36m(ClientAppActor pid=238133)[0m 
[36m(ClientAppActor pid=238133)[0m         
[36m(ClientAppActor pid=238129)[0m 
[36m(ClientAppActor pid=238129)[0m         
[36m(ClientAppActor pid=238133)[0m 
[36m(ClientAppActor pid=238133)[0m         
[36m(ClientAppActor pid=238129)[0m 
[36m(ClientAppActor pid=238129)[0m         
[36m(ClientAppActor pid=238129)[0m 
[36m(ClientAppActor pid=238129)[0m         
[36m(ClientAppActor pid=238133)[0m 
[36m(ClientAppActor pid=238133)[0m         
[92mINFO [0m:      aggregate_evaluate: received 10 results and 0 failures
INFO:flwr:aggregate_evaluate: received 10 results and 0 failures
[92mINFO [0m:      
INFO:flwr:
[92mINFO [0m:      [ROUND 32]
INFO:flwr:[ROUND 32]
[92mINFO [0m:      configure_fit: strategy sampled 10 clients (out of 10)
INFO:flwr:configure_fit: strategy sampled 10 clients (out of 10)
[36m(ClientAppActor pid=238129)[0m 
[36m(ClientAppActor pid=238129)[0m         
[36m(ClientAppActor pid=238133)[0m 
[36m(ClientAppActor pid=238133)[0m         
[36m(ClientAppActor pid=238129)[0m 
[36m(ClientAppActor pid=238129)[0m         
[36m(ClientAppActor pid=238129)[0m 
[36m(ClientAppActor pid=238129)[0m         
[36m(ClientAppActor pid=238129)[0m 
[36m(ClientAppActor pid=238129)[0m         
[36m(ClientAppActor pid=238133)[0m [Client 5] Training on NVIDIA GeForce RTX 3060[32m [repeated 8x across cluster][0m
[36m(ClientAppActor pid=238133)[0m 
[36m(ClientAppActor pid=238133)[0m         
[36m(ClientAppActor pid=238133)[0m [93mWARNING [0m:   DEPRECATED FEATURE: `client_fn` now expects a signature `def client_fn(context: Context)`.The provided `client_fn` has signature: {'cid': <Parameter "cid: str">}. You can import the `Context` like this: `from flwr.app import Context`[32m [repeated 18x across cluster][0m
[36m(ClientAppActor pid=238133)[0m             This is a deprecated feature. It will be removed[32m [repeated 18x across cluster][0m
[36m(ClientAppActor pid=238133)[0m             entirely in future versions of Flower.[32m [repeated 18x across cluster][0m
[36m(ClientAppActor pid=238129)[0m 
[36m(ClientAppActor pid=238129)[0m         
[36m(ClientAppActor pid=238129)[0m 
[36m(ClientAppActor pid=238129)[0m         
[36m(ClientAppActor pid=238129)[0m [93mWARNING [0m:   DEPRECATED FEATURE: `client_fn` now expects a signature `def client_fn(context: Context)`.The provided `client_fn` has signature: {'cid': <Parameter "cid: str">}. You can import the `Context` like this: `from flwr.app import Context`[32m [repeated 2x across cluster][0m
[36m(ClientAppActor pid=238129)[0m             This is a deprecated feature. It will be removed[32m [repeated 2x across cluster][0m
[36m(ClientAppActor pid=238129)[0m             entirely in future versions of Flower.[32m [repeated 2x across cluster][0m
[36m(ClientAppActor pid=238129)[0m [Client 2] Training on NVIDIA GeForce RTX 3060[32m [repeated 2x across cluster][0m
[36m(ClientAppActor pid=238129)[0m 
[36m(ClientAppActor pid=238129)[0m         
[36m(ClientAppActor pid=238133)[0m 
[36m(ClientAppActor pid=238133)[0m         
[92mINFO [0m:      aggregate_fit: received 10 results and 0 failures
INFO:flwr:aggregate_fit: received 10 results and 0 failures
[CascadeRouter] Round 32: 10 clients, 24578 parameters/client
[92mINFO [0m:      configure_evaluate: strategy sampled 10 clients (out of 10)
INFO:flwr:configure_evaluate: strategy sampled 10 clients (out of 10)
[36m(ClientAppActor pid=238129)[0m 
[36m(ClientAppActor pid=238129)[0m         
[36m(ClientAppActor pid=238133)[0m 
[36m(ClientAppActor pid=238133)[0m         
[36m(ClientAppActor pid=238129)[0m 
[36m(ClientAppActor pid=238129)[0m         
[36m(ClientAppActor pid=238133)[0m 
[36m(ClientAppActor pid=238133)[0m         
[36m(ClientAppActor pid=238129)[0m 
[36m(ClientAppActor pid=238129)[0m         
[36m(ClientAppActor pid=238133)[0m 
[36m(ClientAppActor pid=238133)[0m         
[36m(ClientAppActor pid=238129)[0m 
[36m(ClientAppActor pid=238129)[0m         
[36m(ClientAppActor pid=238133)[0m 
[36m(ClientAppActor pid=238133)[0m         
[36m(ClientAppActor pid=238129)[0m 
[36m(ClientAppActor pid=238129)[0m         
[36m(ClientAppActor pid=238133)[0m 
[36m(ClientAppActor pid=238133)[0m         
[92mINFO [0m:      aggregate_evaluate: received 10 results and 0 failures
INFO:flwr:aggregate_evaluate: received 10 results and 0 failures
[92mINFO [0m:      
INFO:flwr:
[92mINFO [0m:      [ROUND 33]
INFO:flwr:[ROUND 33]
[92mINFO [0m:      configure_fit: strategy sampled 10 clients (out of 10)
INFO:flwr:configure_fit: strategy sampled 10 clients (out of 10)
[36m(ClientAppActor pid=238129)[0m 
[36m(ClientAppActor pid=238129)[0m         
[36m(ClientAppActor pid=238133)[0m 
[36m(ClientAppActor pid=238133)[0m         
[36m(ClientAppActor pid=238129)[0m [Client 1] Training on NVIDIA GeForce RTX 3060[32m [repeated 5x across cluster][0m
[36m(ClientAppActor pid=238129)[0m 
[36m(ClientAppActor pid=238129)[0m         
[36m(ClientAppActor pid=238129)[0m [93mWARNING [0m:   DEPRECATED FEATURE: `client_fn` now expects a signature `def client_fn(context: Context)`.The provided `client_fn` has signature: {'cid': <Parameter "cid: str">}. You can import the `Context` like this: `from flwr.app import Context`[32m [repeated 15x across cluster][0m
[36m(ClientAppActor pid=238129)[0m             This is a deprecated feature. It will be removed[32m [repeated 15x across cluster][0m
[36m(ClientAppActor pid=238129)[0m             entirely in future versions of Flower.[32m [repeated 15x across cluster][0m
[36m(ClientAppActor pid=238129)[0m 
[36m(ClientAppActor pid=238129)[0m         
[36m(ClientAppActor pid=238133)[0m 
[36m(ClientAppActor pid=238133)[0m         
[36m(ClientAppActor pid=238133)[0m 
[36m(ClientAppActor pid=238133)[0m         
[36m(ClientAppActor pid=238129)[0m 
[36m(ClientAppActor pid=238129)[0m         
[36m(ClientAppActor pid=238129)[0m [Client 7] Training on NVIDIA GeForce RTX 3060[32m [repeated 5x across cluster][0m
[36m(ClientAppActor pid=238129)[0m 
[36m(ClientAppActor pid=238129)[0m         
[36m(ClientAppActor pid=238129)[0m [93mWARNING [0m:   DEPRECATED FEATURE: `client_fn` now expects a signature `def client_fn(context: Context)`.The provided `client_fn` has signature: {'cid': <Parameter "cid: str">}. You can import the `Context` like this: `from flwr.app import Context`[32m [repeated 5x across cluster][0m
[36m(ClientAppActor pid=238129)[0m             This is a deprecated feature. It will be removed[32m [repeated 5x across cluster][0m
[36m(ClientAppActor pid=238129)[0m             entirely in future versions of Flower.[32m [repeated 5x across cluster][0m
[36m(ClientAppActor pid=238133)[0m 
[36m(ClientAppActor pid=238133)[0m         
[36m(ClientAppActor pid=238129)[0m 
[36m(ClientAppActor pid=238129)[0m         
[92mINFO [0m:      aggregate_fit: received 10 results and 0 failures
INFO:flwr:aggregate_fit: received 10 results and 0 failures
[CascadeRouter] Round 33: 10 clients, 24578 parameters/client
[92mINFO [0m:      configure_evaluate: strategy sampled 10 clients (out of 10)
INFO:flwr:configure_evaluate: strategy sampled 10 clients (out of 10)
[36m(ClientAppActor pid=238129)[0m 
[36m(ClientAppActor pid=238129)[0m         
[36m(ClientAppActor pid=238133)[0m 
[36m(ClientAppActor pid=238133)[0m         
[36m(ClientAppActor pid=238129)[0m 
[36m(ClientAppActor pid=238129)[0m         
[36m(ClientAppActor pid=238133)[0m 
[36m(ClientAppActor pid=238133)[0m         
[36m(ClientAppActor pid=238129)[0m 
[36m(ClientAppActor pid=238129)[0m         
[36m(ClientAppActor pid=238133)[0m 
[36m(ClientAppActor pid=238133)[0m         
[36m(ClientAppActor pid=238129)[0m 
[36m(ClientAppActor pid=238129)[0m         
[36m(ClientAppActor pid=238133)[0m 
[36m(ClientAppActor pid=238133)[0m         
[36m(ClientAppActor pid=238129)[0m 
[36m(ClientAppActor pid=238129)[0m         
[36m(ClientAppActor pid=238133)[0m 
[36m(ClientAppActor pid=238133)[0m         
[92mINFO [0m:      aggregate_evaluate: received 10 results and 0 failures
INFO:flwr:aggregate_evaluate: received 10 results and 0 failures
[92mINFO [0m:      
INFO:flwr:
[92mINFO [0m:      [ROUND 34]
INFO:flwr:[ROUND 34]
[92mINFO [0m:      configure_fit: strategy sampled 10 clients (out of 10)
INFO:flwr:configure_fit: strategy sampled 10 clients (out of 10)
[36m(ClientAppActor pid=238129)[0m 
[36m(ClientAppActor pid=238129)[0m         
[36m(ClientAppActor pid=238133)[0m 
[36m(ClientAppActor pid=238133)[0m         
[36m(ClientAppActor pid=238133)[0m 
[36m(ClientAppActor pid=238133)[0m         
[36m(ClientAppActor pid=238133)[0m 
[36m(ClientAppActor pid=238133)[0m         
[36m(ClientAppActor pid=238129)[0m [Client 2] Training on NVIDIA GeForce RTX 3060[32m [repeated 7x across cluster][0m
[36m(ClientAppActor pid=238129)[0m 
[36m(ClientAppActor pid=238129)[0m         
[36m(ClientAppActor pid=238129)[0m [93mWARNING [0m:   DEPRECATED FEATURE: `client_fn` now expects a signature `def client_fn(context: Context)`.The provided `client_fn` has signature: {'cid': <Parameter "cid: str">}. You can import the `Context` like this: `from flwr.app import Context`[32m [repeated 17x across cluster][0m
[36m(ClientAppActor pid=238129)[0m             This is a deprecated feature. It will be removed[32m [repeated 17x across cluster][0m
[36m(ClientAppActor pid=238129)[0m             entirely in future versions of Flower.[32m [repeated 17x across cluster][0m
[36m(ClientAppActor pid=238129)[0m 
[36m(ClientAppActor pid=238129)[0m         
[36m(ClientAppActor pid=238133)[0m 
[36m(ClientAppActor pid=238133)[0m         
[36m(ClientAppActor pid=238129)[0m 
[36m(ClientAppActor pid=238129)[0m         
[36m(ClientAppActor pid=238133)[0m 
[36m(ClientAppActor pid=238133)[0m         
[36m(ClientAppActor pid=238129)[0m [Client 8] Training on NVIDIA GeForce RTX 3060[32m [repeated 5x across cluster][0m
[36m(ClientAppActor pid=238129)[0m 
[36m(ClientAppActor pid=238129)[0m         
[36m(ClientAppActor pid=238129)[0m [93mWARNING [0m:   DEPRECATED FEATURE: `client_fn` now expects a signature `def client_fn(context: Context)`.The provided `client_fn` has signature: {'cid': <Parameter "cid: str">}. You can import the `Context` like this: `from flwr.app import Context`[32m [repeated 5x across cluster][0m
[36m(ClientAppActor pid=238129)[0m             This is a deprecated feature. It will be removed[32m [repeated 5x across cluster][0m
[36m(ClientAppActor pid=238129)[0m             entirely in future versions of Flower.[32m [repeated 5x across cluster][0m
[92mINFO [0m:      aggregate_fit: received 10 results and 0 failures
INFO:flwr:aggregate_fit: received 10 results and 0 failures
[CascadeRouter] Round 34: 10 clients, 24578 parameters/client
[92mINFO [0m:      configure_evaluate: strategy sampled 10 clients (out of 10)
INFO:flwr:configure_evaluate: strategy sampled 10 clients (out of 10)
[36m(ClientAppActor pid=238129)[0m 
[36m(ClientAppActor pid=238129)[0m         
[36m(ClientAppActor pid=238133)[0m 
[36m(ClientAppActor pid=238133)[0m         
[36m(ClientAppActor pid=238129)[0m 
[36m(ClientAppActor pid=238129)[0m         
[36m(ClientAppActor pid=238133)[0m 
[36m(ClientAppActor pid=238133)[0m         
[36m(ClientAppActor pid=238129)[0m 
[36m(ClientAppActor pid=238129)[0m         
[36m(ClientAppActor pid=238133)[0m 
[36m(ClientAppActor pid=238133)[0m         
[36m(ClientAppActor pid=238129)[0m 
[36m(ClientAppActor pid=238129)[0m         
[36m(ClientAppActor pid=238133)[0m 
[36m(ClientAppActor pid=238133)[0m         
[36m(ClientAppActor pid=238129)[0m 
[36m(ClientAppActor pid=238129)[0m         
[36m(ClientAppActor pid=238133)[0m 
[36m(ClientAppActor pid=238133)[0m         
[92mINFO [0m:      aggregate_evaluate: received 10 results and 0 failures
INFO:flwr:aggregate_evaluate: received 10 results and 0 failures
[92mINFO [0m:      
INFO:flwr:
[92mINFO [0m:      [ROUND 35]
INFO:flwr:[ROUND 35]
[92mINFO [0m:      configure_fit: strategy sampled 10 clients (out of 10)
INFO:flwr:configure_fit: strategy sampled 10 clients (out of 10)
[36m(ClientAppActor pid=238133)[0m 
[36m(ClientAppActor pid=238133)[0m         
[36m(ClientAppActor pid=238129)[0m 
[36m(ClientAppActor pid=238129)[0m         
[36m(ClientAppActor pid=238133)[0m [Client 5] Training on NVIDIA GeForce RTX 3060[32m [repeated 3x across cluster][0m
[36m(ClientAppActor pid=238133)[0m 
[36m(ClientAppActor pid=238133)[0m         
[36m(ClientAppActor pid=238133)[0m [93mWARNING [0m:   DEPRECATED FEATURE: `client_fn` now expects a signature `def client_fn(context: Context)`.The provided `client_fn` has signature: {'cid': <Parameter "cid: str">}. You can import the `Context` like this: `from flwr.app import Context`[32m [repeated 13x across cluster][0m
[36m(ClientAppActor pid=238133)[0m             This is a deprecated feature. It will be removed[32m [repeated 13x across cluster][0m
[36m(ClientAppActor pid=238133)[0m             entirely in future versions of Flower.[32m [repeated 13x across cluster][0m
[36m(ClientAppActor pid=238129)[0m 
[36m(ClientAppActor pid=238129)[0m         
[36m(ClientAppActor pid=238129)[0m [Client 9] Training on NVIDIA GeForce RTX 3060[32m [repeated 2x across cluster][0m
[36m(ClientAppActor pid=238129)[0m 
[36m(ClientAppActor pid=238129)[0m         
[36m(ClientAppActor pid=238129)[0m [93mWARNING [0m:   DEPRECATED FEATURE: `client_fn` now expects a signature `def client_fn(context: Context)`.The provided `client_fn` has signature: {'cid': <Parameter "cid: str">}. You can import the `Context` like this: `from flwr.app import Context`[32m [repeated 2x across cluster][0m
[36m(ClientAppActor pid=238129)[0m             This is a deprecated feature. It will be removed[32m [repeated 2x across cluster][0m
[36m(ClientAppActor pid=238129)[0m             entirely in future versions of Flower.[32m [repeated 2x across cluster][0m
[36m(ClientAppActor pid=238129)[0m 
[36m(ClientAppActor pid=238129)[0m         
[36m(ClientAppActor pid=238133)[0m 
[36m(ClientAppActor pid=238133)[0m         
[36m(ClientAppActor pid=238133)[0m 
[36m(ClientAppActor pid=238133)[0m         
[36m(ClientAppActor pid=238129)[0m 
[36m(ClientAppActor pid=238129)[0m         
[36m(ClientAppActor pid=238133)[0m 
[36m(ClientAppActor pid=238133)[0m         
[92mINFO [0m:      aggregate_fit: received 10 results and 0 failures
INFO:flwr:aggregate_fit: received 10 results and 0 failures
[CascadeRouter] Round 35: 10 clients, 24578 parameters/client
[92mINFO [0m:      configure_evaluate: strategy sampled 10 clients (out of 10)
INFO:flwr:configure_evaluate: strategy sampled 10 clients (out of 10)
[36m(ClientAppActor pid=238129)[0m 
[36m(ClientAppActor pid=238129)[0m         
[36m(ClientAppActor pid=238129)[0m [93mWARNING [0m:   DEPRECATED FEATURE: `client_fn` now expects a signature `def client_fn(context: Context)`.The provided `client_fn` has signature: {'cid': <Parameter "cid: str">}. You can import the `Context` like this: `from flwr.app import Context`[32m [repeated 6x across cluster][0m
[36m(ClientAppActor pid=238129)[0m             This is a deprecated feature. It will be removed[32m [repeated 6x across cluster][0m
[36m(ClientAppActor pid=238129)[0m             entirely in future versions of Flower.[32m [repeated 6x across cluster][0m
[36m(ClientAppActor pid=238133)[0m 
[36m(ClientAppActor pid=238133)[0m         
[36m(ClientAppActor pid=238129)[0m 
[36m(ClientAppActor pid=238129)[0m         
[36m(ClientAppActor pid=238133)[0m 
[36m(ClientAppActor pid=238133)[0m         
[36m(ClientAppActor pid=238129)[0m 
[36m(ClientAppActor pid=238129)[0m         
[36m(ClientAppActor pid=238133)[0m 
[36m(ClientAppActor pid=238133)[0m         
[36m(ClientAppActor pid=238129)[0m 
[36m(ClientAppActor pid=238129)[0m         
[36m(ClientAppActor pid=238133)[0m 
[36m(ClientAppActor pid=238133)[0m         
[36m(ClientAppActor pid=238129)[0m 
[36m(ClientAppActor pid=238129)[0m         
[36m(ClientAppActor pid=238133)[0m 
[36m(ClientAppActor pid=238133)[0m         
[92mINFO [0m:      aggregate_evaluate: received 10 results and 0 failures
INFO:flwr:aggregate_evaluate: received 10 results and 0 failures
[92mINFO [0m:      
INFO:flwr:
[92mINFO [0m:      [ROUND 36]
INFO:flwr:[ROUND 36]
[92mINFO [0m:      configure_fit: strategy sampled 10 clients (out of 10)
INFO:flwr:configure_fit: strategy sampled 10 clients (out of 10)
[36m(ClientAppActor pid=238133)[0m [Client 4] Training on NVIDIA GeForce RTX 3060[32m [repeated 6x across cluster][0m
[36m(ClientAppActor pid=238133)[0m 
[36m(ClientAppActor pid=238133)[0m         
[36m(ClientAppActor pid=238129)[0m 
[36m(ClientAppActor pid=238129)[0m         
[36m(ClientAppActor pid=238133)[0m 
[36m(ClientAppActor pid=238133)[0m         
[36m(ClientAppActor pid=238133)[0m 
[36m(ClientAppActor pid=238133)[0m         
[36m(ClientAppActor pid=238133)[0m [93mWARNING [0m:   DEPRECATED FEATURE: `client_fn` now expects a signature `def client_fn(context: Context)`.The provided `client_fn` has signature: {'cid': <Parameter "cid: str">}. You can import the `Context` like this: `from flwr.app import Context`[32m [repeated 13x across cluster][0m
[36m(ClientAppActor pid=238133)[0m             This is a deprecated feature. It will be removed[32m [repeated 13x across cluster][0m
[36m(ClientAppActor pid=238133)[0m             entirely in future versions of Flower.[32m [repeated 13x across cluster][0m
[36m(ClientAppActor pid=238133)[0m 
[36m(ClientAppActor pid=238133)[0m         
[36m(ClientAppActor pid=238129)[0m [Client 7] Training on NVIDIA GeForce RTX 3060[32m [repeated 5x across cluster][0m
[36m(ClientAppActor pid=238129)[0m 
[36m(ClientAppActor pid=238129)[0m         
[36m(ClientAppActor pid=238129)[0m 
[36m(ClientAppActor pid=238129)[0m         
[36m(ClientAppActor pid=238133)[0m 
[36m(ClientAppActor pid=238133)[0m         
[36m(ClientAppActor pid=238133)[0m 
[36m(ClientAppActor pid=238133)[0m         
[36m(ClientAppActor pid=238129)[0m 
[36m(ClientAppActor pid=238129)[0m         
[36m(ClientAppActor pid=238129)[0m [93mWARNING [0m:   DEPRECATED FEATURE: `client_fn` now expects a signature `def client_fn(context: Context)`.The provided `client_fn` has signature: {'cid': <Parameter "cid: str">}. You can import the `Context` like this: `from flwr.app import Context`[32m [repeated 6x across cluster][0m
[36m(ClientAppActor pid=238129)[0m             This is a deprecated feature. It will be removed[32m [repeated 6x across cluster][0m
[36m(ClientAppActor pid=238129)[0m             entirely in future versions of Flower.[32m [repeated 6x across cluster][0m
[92mINFO [0m:      aggregate_fit: received 10 results and 0 failures
INFO:flwr:aggregate_fit: received 10 results and 0 failures
[CascadeRouter] Round 36: 10 clients, 24578 parameters/client
[92mINFO [0m:      configure_evaluate: strategy sampled 10 clients (out of 10)
INFO:flwr:configure_evaluate: strategy sampled 10 clients (out of 10)
[36m(ClientAppActor pid=238129)[0m 
[36m(ClientAppActor pid=238129)[0m         
[36m(ClientAppActor pid=238133)[0m 
[36m(ClientAppActor pid=238133)[0m         
[36m(ClientAppActor pid=238133)[0m 
[36m(ClientAppActor pid=238133)[0m         
[36m(ClientAppActor pid=238129)[0m 
[36m(ClientAppActor pid=238129)[0m         
[36m(ClientAppActor pid=238133)[0m 
[36m(ClientAppActor pid=238133)[0m         
[36m(ClientAppActor pid=238129)[0m 
[36m(ClientAppActor pid=238129)[0m         
[36m(ClientAppActor pid=238133)[0m 
[36m(ClientAppActor pid=238133)[0m         
[36m(ClientAppActor pid=238129)[0m 
[36m(ClientAppActor pid=238129)[0m         
[36m(ClientAppActor pid=238129)[0m 
[36m(ClientAppActor pid=238129)[0m         
[36m(ClientAppActor pid=238133)[0m 
[36m(ClientAppActor pid=238133)[0m         
[92mINFO [0m:      aggregate_evaluate: received 10 results and 0 failures
INFO:flwr:aggregate_evaluate: received 10 results and 0 failures
[92mINFO [0m:      
INFO:flwr:
[92mINFO [0m:      [ROUND 37]
INFO:flwr:[ROUND 37]
[92mINFO [0m:      configure_fit: strategy sampled 10 clients (out of 10)
INFO:flwr:configure_fit: strategy sampled 10 clients (out of 10)
[36m(ClientAppActor pid=238129)[0m [Client 6] Training on NVIDIA GeForce RTX 3060[32m [repeated 5x across cluster][0m
[36m(ClientAppActor pid=238129)[0m 
[36m(ClientAppActor pid=238129)[0m         
[36m(ClientAppActor pid=238133)[0m 
[36m(ClientAppActor pid=238133)[0m         
[36m(ClientAppActor pid=238129)[0m 
[36m(ClientAppActor pid=238129)[0m         
[36m(ClientAppActor pid=238129)[0m 
[36m(ClientAppActor pid=238129)[0m         
[36m(ClientAppActor pid=238133)[0m 
[36m(ClientAppActor pid=238133)[0m         
[36m(ClientAppActor pid=238133)[0m [93mWARNING [0m:   DEPRECATED FEATURE: `client_fn` now expects a signature `def client_fn(context: Context)`.The provided `client_fn` has signature: {'cid': <Parameter "cid: str">}. You can import the `Context` like this: `from flwr.app import Context`[32m [repeated 15x across cluster][0m
[36m(ClientAppActor pid=238133)[0m             This is a deprecated feature. It will be removed[32m [repeated 15x across cluster][0m
[36m(ClientAppActor pid=238133)[0m             entirely in future versions of Flower.[32m [repeated 15x across cluster][0m
[36m(ClientAppActor pid=238133)[0m 
[36m(ClientAppActor pid=238133)[0m         
[36m(ClientAppActor pid=238129)[0m 
[36m(ClientAppActor pid=238129)[0m         
[36m(ClientAppActor pid=238129)[0m 
[36m(ClientAppActor pid=238129)[0m         
[36m(ClientAppActor pid=238129)[0m [Client 0] Training on NVIDIA GeForce RTX 3060[32m [repeated 8x across cluster][0m
[36m(ClientAppActor pid=238129)[0m 
[36m(ClientAppActor pid=238129)[0m         
[36m(ClientAppActor pid=238129)[0m 
[36m(ClientAppActor pid=238129)[0m         
[92mINFO [0m:      aggregate_fit: received 10 results and 0 failures
INFO:flwr:aggregate_fit: received 10 results and 0 failures
[CascadeRouter] Round 37: 10 clients, 24578 parameters/client
[92mINFO [0m:      configure_evaluate: strategy sampled 10 clients (out of 10)
INFO:flwr:configure_evaluate: strategy sampled 10 clients (out of 10)
[36m(ClientAppActor pid=238129)[0m 
[36m(ClientAppActor pid=238129)[0m         
[36m(ClientAppActor pid=238129)[0m [93mWARNING [0m:   DEPRECATED FEATURE: `client_fn` now expects a signature `def client_fn(context: Context)`.The provided `client_fn` has signature: {'cid': <Parameter "cid: str">}. You can import the `Context` like this: `from flwr.app import Context`[32m [repeated 6x across cluster][0m
[36m(ClientAppActor pid=238129)[0m             This is a deprecated feature. It will be removed[32m [repeated 6x across cluster][0m
[36m(ClientAppActor pid=238129)[0m             entirely in future versions of Flower.[32m [repeated 6x across cluster][0m
[36m(ClientAppActor pid=238133)[0m 
[36m(ClientAppActor pid=238133)[0m         
[36m(ClientAppActor pid=238129)[0m 
[36m(ClientAppActor pid=238129)[0m         
[36m(ClientAppActor pid=238133)[0m 
[36m(ClientAppActor pid=238133)[0m         
[36m(ClientAppActor pid=238129)[0m 
[36m(ClientAppActor pid=238129)[0m         
[36m(ClientAppActor pid=238133)[0m 
[36m(ClientAppActor pid=238133)[0m         
[36m(ClientAppActor pid=238129)[0m 
[36m(ClientAppActor pid=238129)[0m         
[36m(ClientAppActor pid=238133)[0m 
[36m(ClientAppActor pid=238133)[0m         
[36m(ClientAppActor pid=238129)[0m 
[36m(ClientAppActor pid=238129)[0m         
[36m(ClientAppActor pid=238133)[0m 
[36m(ClientAppActor pid=238133)[0m         
[92mINFO [0m:      aggregate_evaluate: received 10 results and 0 failures
INFO:flwr:aggregate_evaluate: received 10 results and 0 failures
[92mINFO [0m:      
INFO:flwr:
[92mINFO [0m:      [ROUND 38]
INFO:flwr:[ROUND 38]
[92mINFO [0m:      configure_fit: strategy sampled 10 clients (out of 10)
INFO:flwr:configure_fit: strategy sampled 10 clients (out of 10)
[36m(ClientAppActor pid=238133)[0m [Client 1] Training on NVIDIA GeForce RTX 3060[32m [repeated 2x across cluster][0m
[36m(ClientAppActor pid=238129)[0m 
[36m(ClientAppActor pid=238129)[0m         
[36m(ClientAppActor pid=238133)[0m 
[36m(ClientAppActor pid=238133)[0m         
[36m(ClientAppActor pid=238129)[0m 
[36m(ClientAppActor pid=238129)[0m         
[36m(ClientAppActor pid=238129)[0m 
[36m(ClientAppActor pid=238129)[0m         
[36m(ClientAppActor pid=238133)[0m 
[36m(ClientAppActor pid=238133)[0m         
[36m(ClientAppActor pid=238133)[0m [Client 4] Training on NVIDIA GeForce RTX 3060[32m [repeated 5x across cluster][0m
[36m(ClientAppActor pid=238133)[0m 
[36m(ClientAppActor pid=238133)[0m         
[36m(ClientAppActor pid=238133)[0m [93mWARNING [0m:   DEPRECATED FEATURE: `client_fn` now expects a signature `def client_fn(context: Context)`.The provided `client_fn` has signature: {'cid': <Parameter "cid: str">}. You can import the `Context` like this: `from flwr.app import Context`[32m [repeated 15x across cluster][0m
[36m(ClientAppActor pid=238133)[0m             This is a deprecated feature. It will be removed[32m [repeated 15x across cluster][0m
[36m(ClientAppActor pid=238133)[0m             entirely in future versions of Flower.[32m [repeated 15x across cluster][0m
[36m(ClientAppActor pid=238129)[0m 
[36m(ClientAppActor pid=238129)[0m         
[36m(ClientAppActor pid=238129)[0m 
[36m(ClientAppActor pid=238129)[0m         
[36m(ClientAppActor pid=238133)[0m 
[36m(ClientAppActor pid=238133)[0m         
[36m(ClientAppActor pid=238129)[0m 
[36m(ClientAppActor pid=238129)[0m         
[92mINFO [0m:      aggregate_fit: received 10 results and 0 failures
INFO:flwr:aggregate_fit: received 10 results and 0 failures
[CascadeRouter] Round 38: 10 clients, 24578 parameters/client
[92mINFO [0m:      configure_evaluate: strategy sampled 10 clients (out of 10)
INFO:flwr:configure_evaluate: strategy sampled 10 clients (out of 10)
[36m(ClientAppActor pid=238129)[0m 
[36m(ClientAppActor pid=238129)[0m         
[36m(ClientAppActor pid=238133)[0m 
[36m(ClientAppActor pid=238133)[0m         
[36m(ClientAppActor pid=238133)[0m 
[36m(ClientAppActor pid=238133)[0m         
[36m(ClientAppActor pid=238129)[0m 
[36m(ClientAppActor pid=238129)[0m         
[36m(ClientAppActor pid=238129)[0m [93mWARNING [0m:   DEPRECATED FEATURE: `client_fn` now expects a signature `def client_fn(context: Context)`.The provided `client_fn` has signature: {'cid': <Parameter "cid: str">}. You can import the `Context` like this: `from flwr.app import Context`[32m [repeated 8x across cluster][0m
[36m(ClientAppActor pid=238129)[0m             This is a deprecated feature. It will be removed[32m [repeated 8x across cluster][0m
[36m(ClientAppActor pid=238129)[0m             entirely in future versions of Flower.[32m [repeated 8x across cluster][0m
[36m(ClientAppActor pid=238133)[0m 
[36m(ClientAppActor pid=238133)[0m         
[36m(ClientAppActor pid=238129)[0m 
[36m(ClientAppActor pid=238129)[0m         
[36m(ClientAppActor pid=238133)[0m 
[36m(ClientAppActor pid=238133)[0m         
[36m(ClientAppActor pid=238129)[0m 
[36m(ClientAppActor pid=238129)[0m         
[36m(ClientAppActor pid=238129)[0m 
[36m(ClientAppActor pid=238129)[0m         
[36m(ClientAppActor pid=238133)[0m 
[36m(ClientAppActor pid=238133)[0m         
[92mINFO [0m:      aggregate_evaluate: received 10 results and 0 failures
INFO:flwr:aggregate_evaluate: received 10 results and 0 failures
[92mINFO [0m:      
INFO:flwr:
[92mINFO [0m:      [ROUND 39]
INFO:flwr:[ROUND 39]
[92mINFO [0m:      configure_fit: strategy sampled 10 clients (out of 10)
INFO:flwr:configure_fit: strategy sampled 10 clients (out of 10)
[36m(ClientAppActor pid=238129)[0m [Client 4] Training on NVIDIA GeForce RTX 3060[32m [repeated 5x across cluster][0m
[36m(ClientAppActor pid=238129)[0m 
[36m(ClientAppActor pid=238129)[0m         
[36m(ClientAppActor pid=238133)[0m 
[36m(ClientAppActor pid=238133)[0m         
[36m(ClientAppActor pid=238129)[0m 
[36m(ClientAppActor pid=238129)[0m         
[36m(ClientAppActor pid=238129)[0m 
[36m(ClientAppActor pid=238129)[0m         
[36m(ClientAppActor pid=238133)[0m 
[36m(ClientAppActor pid=238133)[0m         
[36m(ClientAppActor pid=238129)[0m 
[36m(ClientAppActor pid=238129)[0m         
[36m(ClientAppActor pid=238129)[0m [93mWARNING [0m:   DEPRECATED FEATURE: `client_fn` now expects a signature `def client_fn(context: Context)`.The provided `client_fn` has signature: {'cid': <Parameter "cid: str">}. You can import the `Context` like this: `from flwr.app import Context`[32m [repeated 12x across cluster][0m
[36m(ClientAppActor pid=238129)[0m             This is a deprecated feature. It will be removed[32m [repeated 12x across cluster][0m
[36m(ClientAppActor pid=238129)[0m             entirely in future versions of Flower.[32m [repeated 12x across cluster][0m
[36m(ClientAppActor pid=238129)[0m 
[36m(ClientAppActor pid=238129)[0m         
[36m(ClientAppActor pid=238129)[0m [Client 2] Training on NVIDIA GeForce RTX 3060[32m [repeated 7x across cluster][0m
[36m(ClientAppActor pid=238129)[0m 
[36m(ClientAppActor pid=238129)[0m         
[36m(ClientAppActor pid=238129)[0m 
[36m(ClientAppActor pid=238129)[0m         
[36m(ClientAppActor pid=238133)[0m 
[36m(ClientAppActor pid=238133)[0m         
[92mINFO [0m:      aggregate_fit: received 10 results and 0 failures
INFO:flwr:aggregate_fit: received 10 results and 0 failures
[CascadeRouter] Round 39: 10 clients, 24578 parameters/client
[92mINFO [0m:      configure_evaluate: strategy sampled 10 clients (out of 10)
INFO:flwr:configure_evaluate: strategy sampled 10 clients (out of 10)
[36m(ClientAppActor pid=238133)[0m 
[36m(ClientAppActor pid=238133)[0m         
[36m(ClientAppActor pid=238133)[0m [93mWARNING [0m:   DEPRECATED FEATURE: `client_fn` now expects a signature `def client_fn(context: Context)`.The provided `client_fn` has signature: {'cid': <Parameter "cid: str">}. You can import the `Context` like this: `from flwr.app import Context`[32m [repeated 5x across cluster][0m
[36m(ClientAppActor pid=238133)[0m             This is a deprecated feature. It will be removed[32m [repeated 5x across cluster][0m
[36m(ClientAppActor pid=238133)[0m             entirely in future versions of Flower.[32m [repeated 5x across cluster][0m
[36m(ClientAppActor pid=238129)[0m 
[36m(ClientAppActor pid=238129)[0m         
[36m(ClientAppActor pid=238129)[0m 
[36m(ClientAppActor pid=238129)[0m         
[36m(ClientAppActor pid=238133)[0m 
[36m(ClientAppActor pid=238133)[0m         
[36m(ClientAppActor pid=238129)[0m 
[36m(ClientAppActor pid=238129)[0m         
[36m(ClientAppActor pid=238133)[0m 
[36m(ClientAppActor pid=238133)[0m         
[36m(ClientAppActor pid=238133)[0m 
[36m(ClientAppActor pid=238133)[0m         
[36m(ClientAppActor pid=238129)[0m 
[36m(ClientAppActor pid=238129)[0m         
[36m(ClientAppActor pid=238129)[0m 
[36m(ClientAppActor pid=238129)[0m         
[36m(ClientAppActor pid=238133)[0m 
[36m(ClientAppActor pid=238133)[0m         
[92mINFO [0m:      aggregate_evaluate: received 10 results and 0 failures
INFO:flwr:aggregate_evaluate: received 10 results and 0 failures
[92mINFO [0m:      
INFO:flwr:
[92mINFO [0m:      [ROUND 40]
INFO:flwr:[ROUND 40]
[92mINFO [0m:      configure_fit: strategy sampled 10 clients (out of 10)
INFO:flwr:configure_fit: strategy sampled 10 clients (out of 10)
[36m(ClientAppActor pid=238129)[0m 
[36m(ClientAppActor pid=238129)[0m         
[36m(ClientAppActor pid=238133)[0m 
[36m(ClientAppActor pid=238133)[0m         
[36m(ClientAppActor pid=238133)[0m 
[36m(ClientAppActor pid=238133)[0m         
[36m(ClientAppActor pid=238133)[0m [Client 4] Training on NVIDIA GeForce RTX 3060[32m [repeated 6x across cluster][0m
[36m(ClientAppActor pid=238133)[0m 
[36m(ClientAppActor pid=238133)[0m         
[36m(ClientAppActor pid=238129)[0m 
[36m(ClientAppActor pid=238129)[0m         
[36m(ClientAppActor pid=238133)[0m 
[36m(ClientAppActor pid=238133)[0m         
[36m(ClientAppActor pid=238133)[0m 
[36m(ClientAppActor pid=238133)[0m         
[36m(ClientAppActor pid=238133)[0m [93mWARNING [0m:   DEPRECATED FEATURE: `client_fn` now expects a signature `def client_fn(context: Context)`.The provided `client_fn` has signature: {'cid': <Parameter "cid: str">}. You can import the `Context` like this: `from flwr.app import Context`[32m [repeated 16x across cluster][0m
[36m(ClientAppActor pid=238133)[0m             This is a deprecated feature. It will be removed[32m [repeated 16x across cluster][0m
[36m(ClientAppActor pid=238133)[0m             entirely in future versions of Flower.[32m [repeated 16x across cluster][0m
[36m(ClientAppActor pid=238129)[0m 
[36m(ClientAppActor pid=238129)[0m         
[36m(ClientAppActor pid=238129)[0m 
[36m(ClientAppActor pid=238129)[0m         
[36m(ClientAppActor pid=238133)[0m [Client 5] Training on NVIDIA GeForce RTX 3060[32m [repeated 6x across cluster][0m
[36m(ClientAppActor pid=238133)[0m 
[36m(ClientAppActor pid=238133)[0m         
[92mINFO [0m:      aggregate_fit: received 10 results and 0 failures
INFO:flwr:aggregate_fit: received 10 results and 0 failures
[CascadeRouter] Round 40: 10 clients, 24578 parameters/client
[92mINFO [0m:      configure_evaluate: strategy sampled 10 clients (out of 10)
INFO:flwr:configure_evaluate: strategy sampled 10 clients (out of 10)
[36m(ClientAppActor pid=238129)[0m 
[36m(ClientAppActor pid=238129)[0m         
[36m(ClientAppActor pid=238129)[0m [93mWARNING [0m:   DEPRECATED FEATURE: `client_fn` now expects a signature `def client_fn(context: Context)`.The provided `client_fn` has signature: {'cid': <Parameter "cid: str">}. You can import the `Context` like this: `from flwr.app import Context`[32m [repeated 4x across cluster][0m
[36m(ClientAppActor pid=238129)[0m             This is a deprecated feature. It will be removed[32m [repeated 4x across cluster][0m
[36m(ClientAppActor pid=238129)[0m             entirely in future versions of Flower.[32m [repeated 4x across cluster][0m
[36m(ClientAppActor pid=238133)[0m 
[36m(ClientAppActor pid=238133)[0m         
[36m(ClientAppActor pid=238129)[0m 
[36m(ClientAppActor pid=238129)[0m         
[36m(ClientAppActor pid=238133)[0m 
[36m(ClientAppActor pid=238133)[0m         
[36m(ClientAppActor pid=238133)[0m 
[36m(ClientAppActor pid=238133)[0m         
[36m(ClientAppActor pid=238129)[0m 
[36m(ClientAppActor pid=238129)[0m         
[36m(ClientAppActor pid=238133)[0m 
[36m(ClientAppActor pid=238133)[0m         
[36m(ClientAppActor pid=238129)[0m 
[36m(ClientAppActor pid=238129)[0m         
[36m(ClientAppActor pid=238133)[0m 
[36m(ClientAppActor pid=238133)[0m         
[36m(ClientAppActor pid=238129)[0m 
[36m(ClientAppActor pid=238129)[0m         
[92mINFO [0m:      aggregate_evaluate: received 10 results and 0 failures
INFO:flwr:aggregate_evaluate: received 10 results and 0 failures
[92mINFO [0m:      
INFO:flwr:
[92mINFO [0m:      [ROUND 41]
INFO:flwr:[ROUND 41]
[92mINFO [0m:      configure_fit: strategy sampled 10 clients (out of 10)
INFO:flwr:configure_fit: strategy sampled 10 clients (out of 10)
[36m(ClientAppActor pid=238129)[0m [Client 0] Training on NVIDIA GeForce RTX 3060
[36m(ClientAppActor pid=238129)[0m 
[36m(ClientAppActor pid=238129)[0m         
[36m(ClientAppActor pid=238133)[0m [Client 7] Training on NVIDIA GeForce RTX 3060
[36m(ClientAppActor pid=238133)[0m 
[36m(ClientAppActor pid=238133)[0m         
[36m(ClientAppActor pid=238133)[0m 
[36m(ClientAppActor pid=238133)[0m         
[36m(ClientAppActor pid=238133)[0m [Client 3] Training on NVIDIA GeForce RTX 3060
[36m(ClientAppActor pid=238129)[0m 
[36m(ClientAppActor pid=238129)[0m         
[36m(ClientAppActor pid=238133)[0m 
[36m(ClientAppActor pid=238133)[0m         
[36m(ClientAppActor pid=238133)[0m [93mWARNING [0m:   DEPRECATED FEATURE: `client_fn` now expects a signature `def client_fn(context: Context)`.The provided `client_fn` has signature: {'cid': <Parameter "cid: str">}. You can import the `Context` like this: `from flwr.app import Context`[32m [repeated 14x across cluster][0m
[36m(ClientAppActor pid=238133)[0m             This is a deprecated feature. It will be removed[32m [repeated 14x across cluster][0m
[36m(ClientAppActor pid=238133)[0m             entirely in future versions of Flower.[32m [repeated 14x across cluster][0m
[36m(ClientAppActor pid=238129)[0m 
[36m(ClientAppActor pid=238129)[0m         
[36m(ClientAppActor pid=238133)[0m 
[36m(ClientAppActor pid=238133)[0m         
[36m(ClientAppActor pid=238129)[0m 
[36m(ClientAppActor pid=238129)[0m         
[36m(ClientAppActor pid=238133)[0m [Client 8] Training on NVIDIA GeForce RTX 3060[32m [repeated 6x across cluster][0m
[36m(ClientAppActor pid=238133)[0m 
[36m(ClientAppActor pid=238133)[0m         
[36m(ClientAppActor pid=238133)[0m 
[36m(ClientAppActor pid=238133)[0m         
[92mINFO [0m:      aggregate_fit: received 10 results and 0 failures
INFO:flwr:aggregate_fit: received 10 results and 0 failures
[CascadeRouter] Round 41: 10 clients, 24578 parameters/client
[92mINFO [0m:      configure_evaluate: strategy sampled 10 clients (out of 10)
INFO:flwr:configure_evaluate: strategy sampled 10 clients (out of 10)
[36m(ClientAppActor pid=238129)[0m 
[36m(ClientAppActor pid=238129)[0m         
[36m(ClientAppActor pid=238129)[0m [93mWARNING [0m:   DEPRECATED FEATURE: `client_fn` now expects a signature `def client_fn(context: Context)`.The provided `client_fn` has signature: {'cid': <Parameter "cid: str">}. You can import the `Context` like this: `from flwr.app import Context`[32m [repeated 6x across cluster][0m
[36m(ClientAppActor pid=238129)[0m             This is a deprecated feature. It will be removed[32m [repeated 6x across cluster][0m
[36m(ClientAppActor pid=238129)[0m             entirely in future versions of Flower.[32m [repeated 6x across cluster][0m
[36m(ClientAppActor pid=238133)[0m 
[36m(ClientAppActor pid=238133)[0m         
[36m(ClientAppActor pid=238129)[0m 
[36m(ClientAppActor pid=238129)[0m         
[36m(ClientAppActor pid=238133)[0m 
[36m(ClientAppActor pid=238133)[0m         
[36m(ClientAppActor pid=238129)[0m 
[36m(ClientAppActor pid=238129)[0m         
[36m(ClientAppActor pid=238133)[0m 
[36m(ClientAppActor pid=238133)[0m         
[36m(ClientAppActor pid=238129)[0m 
[36m(ClientAppActor pid=238129)[0m         
[36m(ClientAppActor pid=238133)[0m 
[36m(ClientAppActor pid=238133)[0m         
[36m(ClientAppActor pid=238129)[0m 
[36m(ClientAppActor pid=238129)[0m         
[36m(ClientAppActor pid=238133)[0m 
[36m(ClientAppActor pid=238133)[0m         
[92mINFO [0m:      aggregate_evaluate: received 10 results and 0 failures
INFO:flwr:aggregate_evaluate: received 10 results and 0 failures
[92mINFO [0m:      
INFO:flwr:
[92mINFO [0m:      [ROUND 42]
INFO:flwr:[ROUND 42]
[92mINFO [0m:      configure_fit: strategy sampled 10 clients (out of 10)
INFO:flwr:configure_fit: strategy sampled 10 clients (out of 10)
[36m(ClientAppActor pid=238129)[0m [Client 6] Training on NVIDIA GeForce RTX 3060[32m [repeated 2x across cluster][0m
[36m(ClientAppActor pid=238129)[0m 
[36m(ClientAppActor pid=238129)[0m         
[36m(ClientAppActor pid=238133)[0m 
[36m(ClientAppActor pid=238133)[0m         
[36m(ClientAppActor pid=238129)[0m 
[36m(ClientAppActor pid=238129)[0m         
[36m(ClientAppActor pid=238133)[0m 
[36m(ClientAppActor pid=238133)[0m         
[36m(ClientAppActor pid=238133)[0m [Client 0] Training on NVIDIA GeForce RTX 3060[32m [repeated 4x across cluster][0m
[36m(ClientAppActor pid=238133)[0m 
[36m(ClientAppActor pid=238133)[0m         
[36m(ClientAppActor pid=238133)[0m [93mWARNING [0m:   DEPRECATED FEATURE: `client_fn` now expects a signature `def client_fn(context: Context)`.The provided `client_fn` has signature: {'cid': <Parameter "cid: str">}. You can import the `Context` like this: `from flwr.app import Context`[32m [repeated 14x across cluster][0m
[36m(ClientAppActor pid=238133)[0m             This is a deprecated feature. It will be removed[32m [repeated 14x across cluster][0m
[36m(ClientAppActor pid=238133)[0m             entirely in future versions of Flower.[32m [repeated 14x across cluster][0m
[36m(ClientAppActor pid=238129)[0m 
[36m(ClientAppActor pid=238129)[0m         
[36m(ClientAppActor pid=238133)[0m 
[36m(ClientAppActor pid=238133)[0m         
[36m(ClientAppActor pid=238129)[0m 
[36m(ClientAppActor pid=238129)[0m         
[36m(ClientAppActor pid=238133)[0m [Client 7] Training on NVIDIA GeForce RTX 3060[32m [repeated 4x across cluster][0m
[36m(ClientAppActor pid=238133)[0m 
[36m(ClientAppActor pid=238133)[0m         
[36m(ClientAppActor pid=238133)[0m [93mWARNING [0m:   DEPRECATED FEATURE: `client_fn` now expects a signature `def client_fn(context: Context)`.The provided `client_fn` has signature: {'cid': <Parameter "cid: str">}. You can import the `Context` like this: `from flwr.app import Context`[32m [repeated 4x across cluster][0m
[36m(ClientAppActor pid=238133)[0m             This is a deprecated feature. It will be removed[32m [repeated 4x across cluster][0m
[36m(ClientAppActor pid=238133)[0m             entirely in future versions of Flower.[32m [repeated 4x across cluster][0m
[92mINFO [0m:      aggregate_fit: received 10 results and 0 failures
INFO:flwr:aggregate_fit: received 10 results and 0 failures
[CascadeRouter] Round 42: 10 clients, 24578 parameters/client
[92mINFO [0m:      configure_evaluate: strategy sampled 10 clients (out of 10)
INFO:flwr:configure_evaluate: strategy sampled 10 clients (out of 10)
[36m(ClientAppActor pid=238129)[0m 
[36m(ClientAppActor pid=238129)[0m         
[36m(ClientAppActor pid=238129)[0m 
[36m(ClientAppActor pid=238129)[0m         
[36m(ClientAppActor pid=238133)[0m 
[36m(ClientAppActor pid=238133)[0m         
[36m(ClientAppActor pid=238129)[0m 
[36m(ClientAppActor pid=238129)[0m         
[36m(ClientAppActor pid=238133)[0m 
[36m(ClientAppActor pid=238133)[0m         
[36m(ClientAppActor pid=238129)[0m 
[36m(ClientAppActor pid=238129)[0m         
[36m(ClientAppActor pid=238133)[0m 
[36m(ClientAppActor pid=238133)[0m         
[36m(ClientAppActor pid=238129)[0m 
[36m(ClientAppActor pid=238129)[0m         
[36m(ClientAppActor pid=238133)[0m 
[36m(ClientAppActor pid=238133)[0m         
[36m(ClientAppActor pid=238129)[0m 
[36m(ClientAppActor pid=238129)[0m         
[36m(ClientAppActor pid=238133)[0m 
[36m(ClientAppActor pid=238133)[0m         
[92mINFO [0m:      aggregate_evaluate: received 10 results and 0 failures
INFO:flwr:aggregate_evaluate: received 10 results and 0 failures
[92mINFO [0m:      
INFO:flwr:
[92mINFO [0m:      [ROUND 43]
INFO:flwr:[ROUND 43]
[92mINFO [0m:      configure_fit: strategy sampled 10 clients (out of 10)
INFO:flwr:configure_fit: strategy sampled 10 clients (out of 10)
[36m(ClientAppActor pid=238133)[0m 
[36m(ClientAppActor pid=238133)[0m         
[36m(ClientAppActor pid=238129)[0m 
[36m(ClientAppActor pid=238129)[0m         
[36m(ClientAppActor pid=238133)[0m 
[36m(ClientAppActor pid=238133)[0m         
[36m(ClientAppActor pid=238133)[0m 
[36m(ClientAppActor pid=238133)[0m         
[36m(ClientAppActor pid=238133)[0m 
[36m(ClientAppActor pid=238133)[0m         
[36m(ClientAppActor pid=238129)[0m [Client 2] Training on NVIDIA GeForce RTX 3060[32m [repeated 7x across cluster][0m
[36m(ClientAppActor pid=238129)[0m 
[36m(ClientAppActor pid=238129)[0m         
[36m(ClientAppActor pid=238129)[0m [93mWARNING [0m:   DEPRECATED FEATURE: `client_fn` now expects a signature `def client_fn(context: Context)`.The provided `client_fn` has signature: {'cid': <Parameter "cid: str">}. You can import the `Context` like this: `from flwr.app import Context`[32m [repeated 17x across cluster][0m
[36m(ClientAppActor pid=238129)[0m             This is a deprecated feature. It will be removed[32m [repeated 17x across cluster][0m
[36m(ClientAppActor pid=238129)[0m             entirely in future versions of Flower.[32m [repeated 17x across cluster][0m
[36m(ClientAppActor pid=238129)[0m 
[36m(ClientAppActor pid=238129)[0m         
[36m(ClientAppActor pid=238133)[0m 
[36m(ClientAppActor pid=238133)[0m         
[36m(ClientAppActor pid=238129)[0m 
[36m(ClientAppActor pid=238129)[0m         
[36m(ClientAppActor pid=238129)[0m 
[36m(ClientAppActor pid=238129)[0m         
[92mINFO [0m:      aggregate_fit: received 10 results and 0 failures
INFO:flwr:aggregate_fit: received 10 results and 0 failures
[CascadeRouter] Round 43: 10 clients, 24578 parameters/client
[92mINFO [0m:      configure_evaluate: strategy sampled 10 clients (out of 10)
INFO:flwr:configure_evaluate: strategy sampled 10 clients (out of 10)
[36m(ClientAppActor pid=238133)[0m 
[36m(ClientAppActor pid=238133)[0m         
[36m(ClientAppActor pid=238133)[0m [93mWARNING [0m:   DEPRECATED FEATURE: `client_fn` now expects a signature `def client_fn(context: Context)`.The provided `client_fn` has signature: {'cid': <Parameter "cid: str">}. You can import the `Context` like this: `from flwr.app import Context`[32m [repeated 5x across cluster][0m
[36m(ClientAppActor pid=238133)[0m             This is a deprecated feature. It will be removed[32m [repeated 5x across cluster][0m
[36m(ClientAppActor pid=238133)[0m             entirely in future versions of Flower.[32m [repeated 5x across cluster][0m
[36m(ClientAppActor pid=238129)[0m 
[36m(ClientAppActor pid=238129)[0m         
[36m(ClientAppActor pid=238129)[0m 
[36m(ClientAppActor pid=238129)[0m         
[36m(ClientAppActor pid=238133)[0m 
[36m(ClientAppActor pid=238133)[0m         
[36m(ClientAppActor pid=238133)[0m 
[36m(ClientAppActor pid=238133)[0m         
[36m(ClientAppActor pid=238129)[0m 
[36m(ClientAppActor pid=238129)[0m         
[36m(ClientAppActor pid=238133)[0m 
[36m(ClientAppActor pid=238133)[0m         
[36m(ClientAppActor pid=238129)[0m 
[36m(ClientAppActor pid=238129)[0m         
[36m(ClientAppActor pid=238133)[0m 
[36m(ClientAppActor pid=238133)[0m         
[36m(ClientAppActor pid=238129)[0m 
[36m(ClientAppActor pid=238129)[0m         
[92mINFO [0m:      aggregate_evaluate: received 10 results and 0 failures
INFO:flwr:aggregate_evaluate: received 10 results and 0 failures
[92mINFO [0m:      
INFO:flwr:
[92mINFO [0m:      [ROUND 44]
INFO:flwr:[ROUND 44]
[92mINFO [0m:      configure_fit: strategy sampled 10 clients (out of 10)
INFO:flwr:configure_fit: strategy sampled 10 clients (out of 10)
[36m(ClientAppActor pid=238129)[0m [Client 4] Training on NVIDIA GeForce RTX 3060[32m [repeated 5x across cluster][0m
[36m(ClientAppActor pid=238129)[0m 
[36m(ClientAppActor pid=238129)[0m         
[36m(ClientAppActor pid=238133)[0m 
[36m(ClientAppActor pid=238133)[0m         
[36m(ClientAppActor pid=238133)[0m 
[36m(ClientAppActor pid=238133)[0m         
[36m(ClientAppActor pid=238133)[0m 
[36m(ClientAppActor pid=238133)[0m         
[36m(ClientAppActor pid=238133)[0m 
[36m(ClientAppActor pid=238133)[0m         
[36m(ClientAppActor pid=238129)[0m 
[36m(ClientAppActor pid=238129)[0m         
[36m(ClientAppActor pid=238133)[0m 
[36m(ClientAppActor pid=238133)[0m         
[36m(ClientAppActor pid=238133)[0m [93mWARNING [0m:   DEPRECATED FEATURE: `client_fn` now expects a signature `def client_fn(context: Context)`.The provided `client_fn` has signature: {'cid': <Parameter "cid: str">}. You can import the `Context` like this: `from flwr.app import Context`[32m [repeated 16x across cluster][0m
[36m(ClientAppActor pid=238133)[0m             This is a deprecated feature. It will be removed[32m [repeated 16x across cluster][0m
[36m(ClientAppActor pid=238133)[0m             entirely in future versions of Flower.[32m [repeated 16x across cluster][0m
[36m(ClientAppActor pid=238129)[0m [Client 0] Training on NVIDIA GeForce RTX 3060[32m [repeated 7x across cluster][0m
[36m(ClientAppActor pid=238129)[0m 
[36m(ClientAppActor pid=238129)[0m         
[36m(ClientAppActor pid=238129)[0m 
[36m(ClientAppActor pid=238129)[0m         
[36m(ClientAppActor pid=238129)[0m 
[36m(ClientAppActor pid=238129)[0m         
[92mINFO [0m:      aggregate_fit: received 10 results and 0 failures
INFO:flwr:aggregate_fit: received 10 results and 0 failures
[CascadeRouter] Round 44: 10 clients, 24578 parameters/client
[92mINFO [0m:      configure_evaluate: strategy sampled 10 clients (out of 10)
INFO:flwr:configure_evaluate: strategy sampled 10 clients (out of 10)
[36m(ClientAppActor pid=238129)[0m 
[36m(ClientAppActor pid=238129)[0m         
[36m(ClientAppActor pid=238129)[0m [93mWARNING [0m:   DEPRECATED FEATURE: `client_fn` now expects a signature `def client_fn(context: Context)`.The provided `client_fn` has signature: {'cid': <Parameter "cid: str">}. You can import the `Context` like this: `from flwr.app import Context`[32m [repeated 4x across cluster][0m
[36m(ClientAppActor pid=238129)[0m             This is a deprecated feature. It will be removed[32m [repeated 4x across cluster][0m
[36m(ClientAppActor pid=238129)[0m             entirely in future versions of Flower.[32m [repeated 4x across cluster][0m
[36m(ClientAppActor pid=238133)[0m 
[36m(ClientAppActor pid=238133)[0m         
[36m(ClientAppActor pid=238129)[0m 
[36m(ClientAppActor pid=238129)[0m         
[36m(ClientAppActor pid=238133)[0m 
[36m(ClientAppActor pid=238133)[0m         
[36m(ClientAppActor pid=238129)[0m 
[36m(ClientAppActor pid=238129)[0m         
[36m(ClientAppActor pid=238133)[0m 
[36m(ClientAppActor pid=238133)[0m         
[36m(ClientAppActor pid=238129)[0m 
[36m(ClientAppActor pid=238129)[0m         
[36m(ClientAppActor pid=238133)[0m 
[36m(ClientAppActor pid=238133)[0m         
[36m(ClientAppActor pid=238129)[0m 
[36m(ClientAppActor pid=238129)[0m         
[36m(ClientAppActor pid=238133)[0m 
[36m(ClientAppActor pid=238133)[0m         
[92mINFO [0m:      aggregate_evaluate: received 10 results and 0 failures
INFO:flwr:aggregate_evaluate: received 10 results and 0 failures
[92mINFO [0m:      
INFO:flwr:
[92mINFO [0m:      [ROUND 45]
INFO:flwr:[ROUND 45]
[92mINFO [0m:      configure_fit: strategy sampled 10 clients (out of 10)
INFO:flwr:configure_fit: strategy sampled 10 clients (out of 10)
[36m(ClientAppActor pid=238133)[0m [Client 8] Training on NVIDIA GeForce RTX 3060[32m [repeated 3x across cluster][0m
[36m(ClientAppActor pid=238133)[0m 
[36m(ClientAppActor pid=238133)[0m         
[36m(ClientAppActor pid=238129)[0m 
[36m(ClientAppActor pid=238129)[0m         
[36m(ClientAppActor pid=238133)[0m 
[36m(ClientAppActor pid=238133)[0m         
[36m(ClientAppActor pid=238133)[0m [93mWARNING [0m:   DEPRECATED FEATURE: `client_fn` now expects a signature `def client_fn(context: Context)`.The provided `client_fn` has signature: {'cid': <Parameter "cid: str">}. You can import the `Context` like this: `from flwr.app import Context`[32m [repeated 12x across cluster][0m
[36m(ClientAppActor pid=238133)[0m             This is a deprecated feature. It will be removed[32m [repeated 12x across cluster][0m
[36m(ClientAppActor pid=238133)[0m             entirely in future versions of Flower.[32m [repeated 12x across cluster][0m
[36m(ClientAppActor pid=238129)[0m 
[36m(ClientAppActor pid=238129)[0m         
[36m(ClientAppActor pid=238129)[0m 
[36m(ClientAppActor pid=238129)[0m         
[36m(ClientAppActor pid=238129)[0m [Client 2] Training on NVIDIA GeForce RTX 3060[32m [repeated 5x across cluster][0m
[36m(ClientAppActor pid=238129)[0m 
[36m(ClientAppActor pid=238129)[0m         
[36m(ClientAppActor pid=238133)[0m 
[36m(ClientAppActor pid=238133)[0m         
[36m(ClientAppActor pid=238129)[0m 
[36m(ClientAppActor pid=238129)[0m         
[36m(ClientAppActor pid=238129)[0m 
[36m(ClientAppActor pid=238129)[0m         
[36m(ClientAppActor pid=238129)[0m 
[36m(ClientAppActor pid=238129)[0m         
[36m(ClientAppActor pid=238129)[0m [93mWARNING [0m:   DEPRECATED FEATURE: `client_fn` now expects a signature `def client_fn(context: Context)`.The provided `client_fn` has signature: {'cid': <Parameter "cid: str">}. You can import the `Context` like this: `from flwr.app import Context`[32m [repeated 7x across cluster][0m
[36m(ClientAppActor pid=238129)[0m             This is a deprecated feature. It will be removed[32m [repeated 7x across cluster][0m
[36m(ClientAppActor pid=238129)[0m             entirely in future versions of Flower.[32m [repeated 7x across cluster][0m
[92mINFO [0m:      aggregate_fit: received 10 results and 0 failures
INFO:flwr:aggregate_fit: received 10 results and 0 failures
[CascadeRouter] Round 45: 10 clients, 24578 parameters/client
[92mINFO [0m:      configure_evaluate: strategy sampled 10 clients (out of 10)
INFO:flwr:configure_evaluate: strategy sampled 10 clients (out of 10)
[36m(ClientAppActor pid=238133)[0m 
[36m(ClientAppActor pid=238133)[0m         
[36m(ClientAppActor pid=238129)[0m 
[36m(ClientAppActor pid=238129)[0m         
[36m(ClientAppActor pid=238133)[0m 
[36m(ClientAppActor pid=238133)[0m         
[36m(ClientAppActor pid=238129)[0m 
[36m(ClientAppActor pid=238129)[0m         
[36m(ClientAppActor pid=238129)[0m 
[36m(ClientAppActor pid=238129)[0m         
[36m(ClientAppActor pid=238133)[0m 
[36m(ClientAppActor pid=238133)[0m         
[36m(ClientAppActor pid=238133)[0m 
[36m(ClientAppActor pid=238133)[0m         
[36m(ClientAppActor pid=238129)[0m 
[36m(ClientAppActor pid=238129)[0m         
[36m(ClientAppActor pid=238133)[0m 
[36m(ClientAppActor pid=238133)[0m         
[36m(ClientAppActor pid=238129)[0m 
[36m(ClientAppActor pid=238129)[0m         
[92mINFO [0m:      aggregate_evaluate: received 10 results and 0 failures
INFO:flwr:aggregate_evaluate: received 10 results and 0 failures
[92mINFO [0m:      
INFO:flwr:
[92mINFO [0m:      [ROUND 46]
INFO:flwr:[ROUND 46]
[92mINFO [0m:      configure_fit: strategy sampled 10 clients (out of 10)
INFO:flwr:configure_fit: strategy sampled 10 clients (out of 10)
[36m(ClientAppActor pid=238129)[0m [Client 2] Training on NVIDIA GeForce RTX 3060[32m [repeated 5x across cluster][0m
[36m(ClientAppActor pid=238129)[0m 
[36m(ClientAppActor pid=238129)[0m         
[36m(ClientAppActor pid=238133)[0m 
[36m(ClientAppActor pid=238133)[0m         
[36m(ClientAppActor pid=238129)[0m 
[36m(ClientAppActor pid=238129)[0m         
[36m(ClientAppActor pid=238129)[0m 
[36m(ClientAppActor pid=238129)[0m         
[36m(ClientAppActor pid=238129)[0m [93mWARNING [0m:   DEPRECATED FEATURE: `client_fn` now expects a signature `def client_fn(context: Context)`.The provided `client_fn` has signature: {'cid': <Parameter "cid: str">}. You can import the `Context` like this: `from flwr.app import Context`[32m [repeated 14x across cluster][0m
[36m(ClientAppActor pid=238129)[0m             This is a deprecated feature. It will be removed[32m [repeated 14x across cluster][0m
[36m(ClientAppActor pid=238129)[0m             entirely in future versions of Flower.[32m [repeated 14x across cluster][0m
[36m(ClientAppActor pid=238133)[0m 
[36m(ClientAppActor pid=238133)[0m         
[36m(ClientAppActor pid=238133)[0m 
[36m(ClientAppActor pid=238133)[0m         
[36m(ClientAppActor pid=238133)[0m 
[36m(ClientAppActor pid=238133)[0m         
[36m(ClientAppActor pid=238133)[0m 
[36m(ClientAppActor pid=238133)[0m         
[36m(ClientAppActor pid=238129)[0m [Client 5] Training on NVIDIA GeForce RTX 3060[32m [repeated 8x across cluster][0m
[36m(ClientAppActor pid=238129)[0m 
[36m(ClientAppActor pid=238129)[0m         
[36m(ClientAppActor pid=238133)[0m 
[36m(ClientAppActor pid=238133)[0m         
[92mINFO [0m:      aggregate_fit: received 10 results and 0 failures
INFO:flwr:aggregate_fit: received 10 results and 0 failures
[CascadeRouter] Round 46: 10 clients, 24578 parameters/client
[92mINFO [0m:      configure_evaluate: strategy sampled 10 clients (out of 10)
INFO:flwr:configure_evaluate: strategy sampled 10 clients (out of 10)
[36m(ClientAppActor pid=238129)[0m 
[36m(ClientAppActor pid=238129)[0m         
[36m(ClientAppActor pid=238129)[0m [93mWARNING [0m:   DEPRECATED FEATURE: `client_fn` now expects a signature `def client_fn(context: Context)`.The provided `client_fn` has signature: {'cid': <Parameter "cid: str">}. You can import the `Context` like this: `from flwr.app import Context`[32m [repeated 7x across cluster][0m
[36m(ClientAppActor pid=238129)[0m             This is a deprecated feature. It will be removed[32m [repeated 7x across cluster][0m
[36m(ClientAppActor pid=238129)[0m             entirely in future versions of Flower.[32m [repeated 7x across cluster][0m
[36m(ClientAppActor pid=238133)[0m 
[36m(ClientAppActor pid=238133)[0m         
[36m(ClientAppActor pid=238129)[0m 
[36m(ClientAppActor pid=238129)[0m         
[36m(ClientAppActor pid=238133)[0m 
[36m(ClientAppActor pid=238133)[0m         
[36m(ClientAppActor pid=238129)[0m 
[36m(ClientAppActor pid=238129)[0m         
[36m(ClientAppActor pid=238133)[0m 
[36m(ClientAppActor pid=238133)[0m         
[36m(ClientAppActor pid=238129)[0m 
[36m(ClientAppActor pid=238129)[0m         
[36m(ClientAppActor pid=238133)[0m 
[36m(ClientAppActor pid=238133)[0m         
[36m(ClientAppActor pid=238129)[0m 
[36m(ClientAppActor pid=238129)[0m         
[36m(ClientAppActor pid=238133)[0m 
[36m(ClientAppActor pid=238133)[0m         
[92mINFO [0m:      aggregate_evaluate: received 10 results and 0 failures
INFO:flwr:aggregate_evaluate: received 10 results and 0 failures
[92mINFO [0m:      
INFO:flwr:
[92mINFO [0m:      [ROUND 47]
INFO:flwr:[ROUND 47]
[92mINFO [0m:      configure_fit: strategy sampled 10 clients (out of 10)
INFO:flwr:configure_fit: strategy sampled 10 clients (out of 10)
[36m(ClientAppActor pid=238133)[0m [Client 0] Training on NVIDIA GeForce RTX 3060[32m [repeated 2x across cluster][0m
[36m(ClientAppActor pid=238133)[0m 
[36m(ClientAppActor pid=238133)[0m         
[36m(ClientAppActor pid=238129)[0m 
[36m(ClientAppActor pid=238129)[0m         
[36m(ClientAppActor pid=238129)[0m 
[36m(ClientAppActor pid=238129)[0m         
[36m(ClientAppActor pid=238133)[0m 
[36m(ClientAppActor pid=238133)[0m         
[36m(ClientAppActor pid=238133)[0m 
[36m(ClientAppActor pid=238133)[0m         
[36m(ClientAppActor pid=238129)[0m 
[36m(ClientAppActor pid=238129)[0m         
[36m(ClientAppActor pid=238129)[0m [93mWARNING [0m:   DEPRECATED FEATURE: `client_fn` now expects a signature `def client_fn(context: Context)`.The provided `client_fn` has signature: {'cid': <Parameter "cid: str">}. You can import the `Context` like this: `from flwr.app import Context`[32m [repeated 15x across cluster][0m
[36m(ClientAppActor pid=238129)[0m             This is a deprecated feature. It will be removed[32m [repeated 15x across cluster][0m
[36m(ClientAppActor pid=238129)[0m             entirely in future versions of Flower.[32m [repeated 15x across cluster][0m
[36m(ClientAppActor pid=238129)[0m 
[36m(ClientAppActor pid=238129)[0m         
[36m(ClientAppActor pid=238129)[0m [Client 2] Training on NVIDIA GeForce RTX 3060[32m [repeated 7x across cluster][0m
[36m(ClientAppActor pid=238129)[0m 
[36m(ClientAppActor pid=238129)[0m         
[36m(ClientAppActor pid=238129)[0m 
[36m(ClientAppActor pid=238129)[0m         
[36m(ClientAppActor pid=238133)[0m 
[36m(ClientAppActor pid=238133)[0m         
[92mINFO [0m:      aggregate_fit: received 10 results and 0 failures
INFO:flwr:aggregate_fit: received 10 results and 0 failures
[CascadeRouter] Round 47: 10 clients, 24578 parameters/client
[92mINFO [0m:      configure_evaluate: strategy sampled 10 clients (out of 10)
INFO:flwr:configure_evaluate: strategy sampled 10 clients (out of 10)
[36m(ClientAppActor pid=238133)[0m 
[36m(ClientAppActor pid=238133)[0m         
[36m(ClientAppActor pid=238133)[0m [93mWARNING [0m:   DEPRECATED FEATURE: `client_fn` now expects a signature `def client_fn(context: Context)`.The provided `client_fn` has signature: {'cid': <Parameter "cid: str">}. You can import the `Context` like this: `from flwr.app import Context`[32m [repeated 5x across cluster][0m
[36m(ClientAppActor pid=238133)[0m             This is a deprecated feature. It will be removed[32m [repeated 5x across cluster][0m
[36m(ClientAppActor pid=238133)[0m             entirely in future versions of Flower.[32m [repeated 5x across cluster][0m
[36m(ClientAppActor pid=238129)[0m 
[36m(ClientAppActor pid=238129)[0m         
[36m(ClientAppActor pid=238129)[0m 
[36m(ClientAppActor pid=238129)[0m         
[36m(ClientAppActor pid=238133)[0m 
[36m(ClientAppActor pid=238133)[0m         
[36m(ClientAppActor pid=238129)[0m 
[36m(ClientAppActor pid=238129)[0m         
[36m(ClientAppActor pid=238133)[0m 
[36m(ClientAppActor pid=238133)[0m         
[36m(ClientAppActor pid=238133)[0m 
[36m(ClientAppActor pid=238133)[0m         
[36m(ClientAppActor pid=238129)[0m 
[36m(ClientAppActor pid=238129)[0m         
[36m(ClientAppActor pid=238133)[0m 
[36m(ClientAppActor pid=238133)[0m         
[36m(ClientAppActor pid=238129)[0m 
[36m(ClientAppActor pid=238129)[0m         
[92mINFO [0m:      aggregate_evaluate: received 10 results and 0 failures
INFO:flwr:aggregate_evaluate: received 10 results and 0 failures
[92mINFO [0m:      
INFO:flwr:
[92mINFO [0m:      [ROUND 48]
INFO:flwr:[ROUND 48]
[92mINFO [0m:      configure_fit: strategy sampled 10 clients (out of 10)
INFO:flwr:configure_fit: strategy sampled 10 clients (out of 10)
[36m(ClientAppActor pid=238129)[0m 
[36m(ClientAppActor pid=238129)[0m         
[36m(ClientAppActor pid=238133)[0m 
[36m(ClientAppActor pid=238133)[0m         
[36m(ClientAppActor pid=238129)[0m [Client 7] Training on NVIDIA GeForce RTX 3060[32m [repeated 5x across cluster][0m
[36m(ClientAppActor pid=238129)[0m 
[36m(ClientAppActor pid=238129)[0m         
[36m(ClientAppActor pid=238133)[0m 
[36m(ClientAppActor pid=238133)[0m         
[36m(ClientAppActor pid=238133)[0m 
[36m(ClientAppActor pid=238133)[0m         
[36m(ClientAppActor pid=238133)[0m [93mWARNING [0m:   DEPRECATED FEATURE: `client_fn` now expects a signature `def client_fn(context: Context)`.The provided `client_fn` has signature: {'cid': <Parameter "cid: str">}. You can import the `Context` like this: `from flwr.app import Context`[32m [repeated 14x across cluster][0m
[36m(ClientAppActor pid=238133)[0m             This is a deprecated feature. It will be removed[32m [repeated 14x across cluster][0m
[36m(ClientAppActor pid=238133)[0m             entirely in future versions of Flower.[32m [repeated 14x across cluster][0m
[36m(ClientAppActor pid=238129)[0m 
[36m(ClientAppActor pid=238129)[0m         
[36m(ClientAppActor pid=238133)[0m 
[36m(ClientAppActor pid=238133)[0m         
[36m(ClientAppActor pid=238133)[0m 
[36m(ClientAppActor pid=238133)[0m         
[36m(ClientAppActor pid=238129)[0m 
[36m(ClientAppActor pid=238129)[0m         
[36m(ClientAppActor pid=238133)[0m 
[36m(ClientAppActor pid=238133)[0m         
[92mINFO [0m:      aggregate_fit: received 10 results and 0 failures
INFO:flwr:aggregate_fit: received 10 results and 0 failures
[CascadeRouter] Round 48: 10 clients, 24578 parameters/client
[92mINFO [0m:      configure_evaluate: strategy sampled 10 clients (out of 10)
INFO:flwr:configure_evaluate: strategy sampled 10 clients (out of 10)
[36m(ClientAppActor pid=238129)[0m 
[36m(ClientAppActor pid=238129)[0m         
[36m(ClientAppActor pid=238129)[0m [93mWARNING [0m:   DEPRECATED FEATURE: `client_fn` now expects a signature `def client_fn(context: Context)`.The provided `client_fn` has signature: {'cid': <Parameter "cid: str">}. You can import the `Context` like this: `from flwr.app import Context`[32m [repeated 6x across cluster][0m
[36m(ClientAppActor pid=238129)[0m             This is a deprecated feature. It will be removed[32m [repeated 6x across cluster][0m
[36m(ClientAppActor pid=238129)[0m             entirely in future versions of Flower.[32m [repeated 6x across cluster][0m
[36m(ClientAppActor pid=238133)[0m 
[36m(ClientAppActor pid=238133)[0m         
[36m(ClientAppActor pid=238129)[0m 
[36m(ClientAppActor pid=238129)[0m         
[36m(ClientAppActor pid=238133)[0m 
[36m(ClientAppActor pid=238133)[0m         
[36m(ClientAppActor pid=238129)[0m 
[36m(ClientAppActor pid=238129)[0m         
[36m(ClientAppActor pid=238129)[0m 
[36m(ClientAppActor pid=238129)[0m         
[36m(ClientAppActor pid=238133)[0m 
[36m(ClientAppActor pid=238133)[0m         
[36m(ClientAppActor pid=238129)[0m 
[36m(ClientAppActor pid=238129)[0m         
[36m(ClientAppActor pid=238133)[0m 
[36m(ClientAppActor pid=238133)[0m         
[36m(ClientAppActor pid=238133)[0m 
[36m(ClientAppActor pid=238133)[0m         
[92mINFO [0m:      aggregate_evaluate: received 10 results and 0 failures
INFO:flwr:aggregate_evaluate: received 10 results and 0 failures
[92mINFO [0m:      
INFO:flwr:
[92mINFO [0m:      [ROUND 49]
INFO:flwr:[ROUND 49]
[92mINFO [0m:      configure_fit: strategy sampled 10 clients (out of 10)
INFO:flwr:configure_fit: strategy sampled 10 clients (out of 10)
[36m(ClientAppActor pid=238129)[0m [Client 1] Training on NVIDIA GeForce RTX 3060[32m [repeated 8x across cluster][0m
[36m(ClientAppActor pid=238129)[0m 
[36m(ClientAppActor pid=238129)[0m         
[36m(ClientAppActor pid=238133)[0m 
[36m(ClientAppActor pid=238133)[0m         
[36m(ClientAppActor pid=238129)[0m 
[36m(ClientAppActor pid=238129)[0m         
[36m(ClientAppActor pid=238129)[0m 
[36m(ClientAppActor pid=238129)[0m         
[36m(ClientAppActor pid=238129)[0m [93mWARNING [0m:   DEPRECATED FEATURE: `client_fn` now expects a signature `def client_fn(context: Context)`.The provided `client_fn` has signature: {'cid': <Parameter "cid: str">}. You can import the `Context` like this: `from flwr.app import Context`[32m [repeated 13x across cluster][0m
[36m(ClientAppActor pid=238129)[0m             This is a deprecated feature. It will be removed[32m [repeated 13x across cluster][0m
[36m(ClientAppActor pid=238129)[0m             entirely in future versions of Flower.[32m [repeated 13x across cluster][0m
[36m(ClientAppActor pid=238133)[0m 
[36m(ClientAppActor pid=238133)[0m         
[36m(ClientAppActor pid=238129)[0m 
[36m(ClientAppActor pid=238129)[0m         
[36m(ClientAppActor pid=238129)[0m [Client 6] Training on NVIDIA GeForce RTX 3060[32m [repeated 6x across cluster][0m
[36m(ClientAppActor pid=238129)[0m 
[36m(ClientAppActor pid=238129)[0m         
[36m(ClientAppActor pid=238129)[0m 
[36m(ClientAppActor pid=238129)[0m         
[36m(ClientAppActor pid=238133)[0m 
[36m(ClientAppActor pid=238133)[0m         
[36m(ClientAppActor pid=238133)[0m 
[36m(ClientAppActor pid=238133)[0m         
[92mINFO [0m:      aggregate_fit: received 10 results and 0 failures
INFO:flwr:aggregate_fit: received 10 results and 0 failures
[CascadeRouter] Round 49: 10 clients, 24578 parameters/client
[92mINFO [0m:      configure_evaluate: strategy sampled 10 clients (out of 10)
INFO:flwr:configure_evaluate: strategy sampled 10 clients (out of 10)
[36m(ClientAppActor pid=238129)[0m 
[36m(ClientAppActor pid=238129)[0m         
[36m(ClientAppActor pid=238129)[0m [93mWARNING [0m:   DEPRECATED FEATURE: `client_fn` now expects a signature `def client_fn(context: Context)`.The provided `client_fn` has signature: {'cid': <Parameter "cid: str">}. You can import the `Context` like this: `from flwr.app import Context`[32m [repeated 7x across cluster][0m
[36m(ClientAppActor pid=238129)[0m             This is a deprecated feature. It will be removed[32m [repeated 7x across cluster][0m
[36m(ClientAppActor pid=238129)[0m             entirely in future versions of Flower.[32m [repeated 7x across cluster][0m
[36m(ClientAppActor pid=238133)[0m 
[36m(ClientAppActor pid=238133)[0m         
[36m(ClientAppActor pid=238129)[0m 
[36m(ClientAppActor pid=238129)[0m         
[36m(ClientAppActor pid=238133)[0m 
[36m(ClientAppActor pid=238133)[0m         
[36m(ClientAppActor pid=238129)[0m 
[36m(ClientAppActor pid=238129)[0m         
[36m(ClientAppActor pid=238133)[0m 
[36m(ClientAppActor pid=238133)[0m         
[36m(ClientAppActor pid=238129)[0m 
[36m(ClientAppActor pid=238129)[0m         
[36m(ClientAppActor pid=238133)[0m 
[36m(ClientAppActor pid=238133)[0m         
[36m(ClientAppActor pid=238129)[0m 
[36m(ClientAppActor pid=238129)[0m         
[36m(ClientAppActor pid=238133)[0m 
[36m(ClientAppActor pid=238133)[0m         
[92mINFO [0m:      aggregate_evaluate: received 10 results and 0 failures
INFO:flwr:aggregate_evaluate: received 10 results and 0 failures
[92mINFO [0m:      
INFO:flwr:
[92mINFO [0m:      [ROUND 50]
INFO:flwr:[ROUND 50]
[92mINFO [0m:      configure_fit: strategy sampled 10 clients (out of 10)
INFO:flwr:configure_fit: strategy sampled 10 clients (out of 10)
[36m(ClientAppActor pid=238133)[0m [Client 0] Training on NVIDIA GeForce RTX 3060[32m [repeated 4x across cluster][0m
[36m(ClientAppActor pid=238133)[0m 
[36m(ClientAppActor pid=238133)[0m         
[36m(ClientAppActor pid=238129)[0m 
[36m(ClientAppActor pid=238129)[0m         
[36m(ClientAppActor pid=238129)[0m 
[36m(ClientAppActor pid=238129)[0m         
[36m(ClientAppActor pid=238133)[0m 
[36m(ClientAppActor pid=238133)[0m         
[36m(ClientAppActor pid=238133)[0m 
[36m(ClientAppActor pid=238133)[0m         
[36m(ClientAppActor pid=238129)[0m 
[36m(ClientAppActor pid=238129)[0m         
[36m(ClientAppActor pid=238129)[0m [93mWARNING [0m:   DEPRECATED FEATURE: `client_fn` now expects a signature `def client_fn(context: Context)`.The provided `client_fn` has signature: {'cid': <Parameter "cid: str">}. You can import the `Context` like this: `from flwr.app import Context`[32m [repeated 15x across cluster][0m
[36m(ClientAppActor pid=238129)[0m             This is a deprecated feature. It will be removed[32m [repeated 15x across cluster][0m
[36m(ClientAppActor pid=238129)[0m             entirely in future versions of Flower.[32m [repeated 15x across cluster][0m
[36m(ClientAppActor pid=238129)[0m 
[36m(ClientAppActor pid=238129)[0m         
[36m(ClientAppActor pid=238129)[0m 
[36m(ClientAppActor pid=238129)[0m         
[36m(ClientAppActor pid=238129)[0m [Client 3] Training on NVIDIA GeForce RTX 3060[32m [repeated 8x across cluster][0m
[36m(ClientAppActor pid=238129)[0m 
[36m(ClientAppActor pid=238129)[0m         
[36m(ClientAppActor pid=238133)[0m 
[36m(ClientAppActor pid=238133)[0m         
[92mINFO [0m:      aggregate_fit: received 10 results and 0 failures
INFO:flwr:aggregate_fit: received 10 results and 0 failures
[CascadeRouter] Round 50: 10 clients, 24578 parameters/client
[92mINFO [0m:      configure_evaluate: strategy sampled 10 clients (out of 10)
INFO:flwr:configure_evaluate: strategy sampled 10 clients (out of 10)
[36m(ClientAppActor pid=238129)[0m 
[36m(ClientAppActor pid=238129)[0m         
[36m(ClientAppActor pid=238129)[0m [93mWARNING [0m:   DEPRECATED FEATURE: `client_fn` now expects a signature `def client_fn(context: Context)`.The provided `client_fn` has signature: {'cid': <Parameter "cid: str">}. You can import the `Context` like this: `from flwr.app import Context`[32m [repeated 5x across cluster][0m
[36m(ClientAppActor pid=238129)[0m             This is a deprecated feature. It will be removed[32m [repeated 5x across cluster][0m
[36m(ClientAppActor pid=238129)[0m             entirely in future versions of Flower.[32m [repeated 5x across cluster][0m
[36m(ClientAppActor pid=238133)[0m 
[36m(ClientAppActor pid=238133)[0m         
[36m(ClientAppActor pid=238133)[0m 
[36m(ClientAppActor pid=238133)[0m         
[36m(ClientAppActor pid=238129)[0m 
[36m(ClientAppActor pid=238129)[0m         
[36m(ClientAppActor pid=238133)[0m 
[36m(ClientAppActor pid=238133)[0m         
[36m(ClientAppActor pid=238129)[0m 
[36m(ClientAppActor pid=238129)[0m         
[36m(ClientAppActor pid=238129)[0m 
[36m(ClientAppActor pid=238129)[0m         
[36m(ClientAppActor pid=238133)[0m 
[36m(ClientAppActor pid=238133)[0m         
[36m(ClientAppActor pid=238129)[0m 
[36m(ClientAppActor pid=238129)[0m         
[36m(ClientAppActor pid=238133)[0m 
[36m(ClientAppActor pid=238133)[0m         
[92mINFO [0m:      aggregate_evaluate: received 10 results and 0 failures
INFO:flwr:aggregate_evaluate: received 10 results and 0 failures
[92mINFO [0m:      
INFO:flwr:
[92mINFO [0m:      [SUMMARY]
INFO:flwr:[SUMMARY]
[92mINFO [0m:      Run finished 50 round(s) in 634.93s
INFO:flwr:Run finished 50 round(s) in 634.93s
[92mINFO [0m:      	History (loss, distributed):
INFO:flwr:	History (loss, distributed):
[92mINFO [0m:      		round 1: 0.18364435241222382
INFO:flwr:		round 1: 0.18364435241222382
[92mINFO [0m:      		round 2: 0.13501201256116233
INFO:flwr:		round 2: 0.13501201256116233
[92mINFO [0m:      		round 3: 0.12173826418320338
INFO:flwr:		round 3: 0.12173826418320338
[92mINFO [0m:      		round 4: 0.12303545141220093
INFO:flwr:		round 4: 0.12303545141220093
[92mINFO [0m:      		round 5: 0.1224700453042984
INFO:flwr:		round 5: 0.1224700453042984
[92mINFO [0m:      		round 6: 0.12375325086116791
INFO:flwr:		round 6: 0.12375325086116791
[92mINFO [0m:      		round 7: 0.11953413662910461
INFO:flwr:		round 7: 0.11953413662910461
[92mINFO [0m:      		round 8: 0.12314515353838602
INFO:flwr:		round 8: 0.12314515353838602
[92mINFO [0m:      		round 9: 0.125382915465037
INFO:flwr:		round 9: 0.125382915465037
[92mINFO [0m:      		round 10: 0.12246083068052928
INFO:flwr:		round 10: 0.12246083068052928
[92mINFO [0m:      		round 11: 0.12523817801475529
INFO:flwr:		round 11: 0.12523817801475529
[92mINFO [0m:      		round 12: 0.12800086708068847
INFO:flwr:		round 12: 0.12800086708068847
[92mINFO [0m:      		round 13: 0.13980183673699698
INFO:flwr:		round 13: 0.13980183673699698
[92mINFO [0m:      		round 14: 0.12584431738853455
INFO:flwr:		round 14: 0.12584431738853455
[92mINFO [0m:      		round 15: 0.12547646710077923
INFO:flwr:		round 15: 0.12547646710077923
[92mINFO [0m:      		round 16: 0.12462629262606303
INFO:flwr:		round 16: 0.12462629262606303
[92mINFO [0m:      		round 17: 0.12626245344479875
INFO:flwr:		round 17: 0.12626245344479875
[92mINFO [0m:      		round 18: 0.12875011494159702
INFO:flwr:		round 18: 0.12875011494159702
[92mINFO [0m:      		round 19: 0.12641612060070037
INFO:flwr:		round 19: 0.12641612060070037
[92mINFO [0m:      		round 20: 0.12632965771357219
INFO:flwr:		round 20: 0.12632965771357219
[92mINFO [0m:      		round 21: 0.12178702236016592
INFO:flwr:		round 21: 0.12178702236016592
[92mINFO [0m:      		round 22: 0.12693595703442892
INFO:flwr:		round 22: 0.12693595703442892
[92mINFO [0m:      		round 23: 0.12531544771989186
INFO:flwr:		round 23: 0.12531544771989186
[92mINFO [0m:      		round 24: 0.1265394552230835
INFO:flwr:		round 24: 0.1265394552230835
[92mINFO [0m:      		round 25: 0.127275062306722
INFO:flwr:		round 25: 0.127275062306722
[92mINFO [0m:      		round 26: 0.1439771463871002
INFO:flwr:		round 26: 0.1439771463871002
[92mINFO [0m:      		round 27: 0.13483223769664765
INFO:flwr:		round 27: 0.13483223769664765
[92mINFO [0m:      		round 28: 0.12888304165204367
INFO:flwr:		round 28: 0.12888304165204367
[92mINFO [0m:      		round 29: 0.1280849880774816
INFO:flwr:		round 29: 0.1280849880774816
[92mINFO [0m:      		round 30: 0.12387622400919597
INFO:flwr:		round 30: 0.12387622400919597
[92mINFO [0m:      		round 31: 0.1399249992609024
INFO:flwr:		round 31: 0.1399249992609024
[92mINFO [0m:      		round 32: 0.12085001278718313
INFO:flwr:		round 32: 0.12085001278718313
[92mINFO [0m:      		round 33: 0.12335202318827311
INFO:flwr:		round 33: 0.12335202318827311
[92mINFO [0m:      		round 34: 0.13181648435592655
INFO:flwr:		round 34: 0.13181648435592655
[92mINFO [0m:      		round 35: 0.13459667684237162
INFO:flwr:		round 35: 0.13459667684237162
[92mINFO [0m:      		round 36: 0.13794068723519642
INFO:flwr:		round 36: 0.13794068723519642
[92mINFO [0m:      		round 37: 0.13109601445992788
INFO:flwr:		round 37: 0.13109601445992788
[92mINFO [0m:      		round 38: 0.1319668540477753
INFO:flwr:		round 38: 0.1319668540477753
[92mINFO [0m:      		round 39: 0.12847898854414622
INFO:flwr:		round 39: 0.12847898854414622
[92mINFO [0m:      		round 40: 0.13340564986069997
INFO:flwr:		round 40: 0.13340564986069997
[92mINFO [0m:      		round 41: 0.1283036343892415
INFO:flwr:		round 41: 0.1283036343892415
[92mINFO [0m:      		round 42: 0.12711023548444111
INFO:flwr:		round 42: 0.12711023548444111
[92mINFO [0m:      		round 43: 0.1261729901234309
INFO:flwr:		round 43: 0.1261729901234309
[92mINFO [0m:      		round 44: 0.12815250817139942
INFO:flwr:		round 44: 0.12815250817139942
[92mINFO [0m:      		round 45: 0.12219994015693665
INFO:flwr:		round 45: 0.12219994015693665
[92mINFO [0m:      		round 46: 0.12684019289811452
INFO:flwr:		round 46: 0.12684019289811452
[92mINFO [0m:      		round 47: 0.12919824651877085
INFO:flwr:		round 47: 0.12919824651877085
[92mINFO [0m:      		round 48: 0.1252323942422867
INFO:flwr:		round 48: 0.1252323942422867
[92mINFO [0m:      		round 49: 0.12998254725933076
INFO:flwr:		round 49: 0.12998254725933076
[92mINFO [0m:      		round 50: 0.13004864757855733
INFO:flwr:		round 50: 0.13004864757855733
[92mINFO [0m:      	History (metrics, distributed, fit):
INFO:flwr:	History (metrics, distributed, fit):
[92mINFO [0m:      	{'layer1_reject_rate_at_threshold': [(1, 0.0),
INFO:flwr:	{'layer1_reject_rate_at_threshold': [(1, 0.0),
[92mINFO [0m:      	                                     (2, 0.0),
INFO:flwr:	                                     (2, 0.0),
[92mINFO [0m:      	                                     (3, 0.0),
INFO:flwr:	                                     (3, 0.0),
[92mINFO [0m:      	                                     (4, 0.0),
INFO:flwr:	                                     (4, 0.0),
[92mINFO [0m:      	                                     (5, 0.0),
INFO:flwr:	                                     (5, 0.0),
[92mINFO [0m:      	                                     (6, 0.0),
INFO:flwr:	                                     (6, 0.0),
[92mINFO [0m:      	                                     (7, 0.0),
INFO:flwr:	                                     (7, 0.0),
[92mINFO [0m:      	                                     (8, 0.0),
INFO:flwr:	                                     (8, 0.0),
[92mINFO [0m:      	                                     (9, 0.0),
INFO:flwr:	                                     (9, 0.0),
[92mINFO [0m:      	                                     (10, 0.0),
INFO:flwr:	                                     (10, 0.0),
[92mINFO [0m:      	                                     (11, 0.0),
INFO:flwr:	                                     (11, 0.0),
[92mINFO [0m:      	                                     (12, 0.0),
INFO:flwr:	                                     (12, 0.0),
[92mINFO [0m:      	                                     (13, 0.0),
INFO:flwr:	                                     (13, 0.0),
[92mINFO [0m:      	                                     (14, 0.0),
INFO:flwr:	                                     (14, 0.0),
[92mINFO [0m:      	                                     (15, 0.0),
INFO:flwr:	                                     (15, 0.0),
[92mINFO [0m:      	                                     (16, 0.0),
INFO:flwr:	                                     (16, 0.0),
[92mINFO [0m:      	                                     (17, 0.0),
INFO:flwr:	                                     (17, 0.0),
[92mINFO [0m:      	                                     (18, 0.0),
INFO:flwr:	                                     (18, 0.0),
[92mINFO [0m:      	                                     (19, 0.0),
INFO:flwr:	                                     (19, 0.0),
[92mINFO [0m:      	                                     (20, 0.0),
INFO:flwr:	                                     (20, 0.0),
[92mINFO [0m:      	                                     (21, 0.0),
INFO:flwr:	                                     (21, 0.0),
[92mINFO [0m:      	                                     (22, 0.0),
INFO:flwr:	                                     (22, 0.0),
[92mINFO [0m:      	                                     (23, 0.0),
INFO:flwr:	                                     (23, 0.0),
[92mINFO [0m:      	                                     (24, 0.0),
INFO:flwr:	                                     (24, 0.0),
[92mINFO [0m:      	                                     (25, 0.0),
INFO:flwr:	                                     (25, 0.0),
[92mINFO [0m:      	                                     (26, 0.0),
INFO:flwr:	                                     (26, 0.0),
[92mINFO [0m:      	                                     (27, 0.0),
INFO:flwr:	                                     (27, 0.0),
[92mINFO [0m:      	                                     (28, 0.0),
INFO:flwr:	                                     (28, 0.0),
[92mINFO [0m:      	                                     (29, 0.0),
INFO:flwr:	                                     (29, 0.0),
[92mINFO [0m:      	                                     (30, 0.0),
INFO:flwr:	                                     (30, 0.0),
[92mINFO [0m:      	                                     (31, 0.0),
INFO:flwr:	                                     (31, 0.0),
[92mINFO [0m:      	                                     (32, 0.0),
INFO:flwr:	                                     (32, 0.0),
[92mINFO [0m:      	                                     (33, 0.0),
INFO:flwr:	                                     (33, 0.0),
[92mINFO [0m:      	                                     (34, 0.0),
INFO:flwr:	                                     (34, 0.0),
[92mINFO [0m:      	                                     (35, 0.0),
INFO:flwr:	                                     (35, 0.0),
[92mINFO [0m:      	                                     (36, 0.0),
INFO:flwr:	                                     (36, 0.0),
[92mINFO [0m:      	                                     (37, 0.0),
INFO:flwr:	                                     (37, 0.0),
[92mINFO [0m:      	                                     (38, 0.0),
INFO:flwr:	                                     (38, 0.0),
[92mINFO [0m:      	                                     (39, 0.0),
INFO:flwr:	                                     (39, 0.0),
[92mINFO [0m:      	                                     (40, 0.0),
INFO:flwr:	                                     (40, 0.0),
[92mINFO [0m:      	                                     (41, 0.0),
INFO:flwr:	                                     (41, 0.0),
[92mINFO [0m:      	                                     (42, 0.0),
INFO:flwr:	                                     (42, 0.0),
[92mINFO [0m:      	                                     (43, 0.0),
INFO:flwr:	                                     (43, 0.0),
[92mINFO [0m:      	                                     (44, 0.0),
INFO:flwr:	                                     (44, 0.0),
[92mINFO [0m:      	                                     (45, 0.0),
INFO:flwr:	                                     (45, 0.0),
[92mINFO [0m:      	                                     (46, 0.0),
INFO:flwr:	                                     (46, 0.0),
[92mINFO [0m:      	                                     (47, 0.0),
INFO:flwr:	                                     (47, 0.0),
[92mINFO [0m:      	                                     (48, 0.0),
INFO:flwr:	                                     (48, 0.0),
[92mINFO [0m:      	                                     (49, 0.0),
INFO:flwr:	                                     (49, 0.0),
[92mINFO [0m:      	                                     (50, 0.0)],
INFO:flwr:	                                     (50, 0.0)],
[92mINFO [0m:      	 'layer1_reject_rate_raw': [(1, 0.0),
INFO:flwr:	 'layer1_reject_rate_raw': [(1, 0.0),
[92mINFO [0m:      	                            (2, 0.0),
INFO:flwr:	                            (2, 0.0),
[92mINFO [0m:      	                            (3, 0.0),
INFO:flwr:	                            (3, 0.0),
[92mINFO [0m:      	                            (4, 0.0),
INFO:flwr:	                            (4, 0.0),
[92mINFO [0m:      	                            (5, 0.0),
INFO:flwr:	                            (5, 0.0),
[92mINFO [0m:      	                            (6, 0.0),
INFO:flwr:	                            (6, 0.0),
[92mINFO [0m:      	                            (7, 0.0),
INFO:flwr:	                            (7, 0.0),
[92mINFO [0m:      	                            (8, 0.0),
INFO:flwr:	                            (8, 0.0),
[92mINFO [0m:      	                            (9, 0.0),
INFO:flwr:	                            (9, 0.0),
[92mINFO [0m:      	                            (10, 0.0),
INFO:flwr:	                            (10, 0.0),
[92mINFO [0m:      	                            (11, 0.0),
INFO:flwr:	                            (11, 0.0),
[92mINFO [0m:      	                            (12, 0.0),
INFO:flwr:	                            (12, 0.0),
[92mINFO [0m:      	                            (13, 0.0),
INFO:flwr:	                            (13, 0.0),
[92mINFO [0m:      	                            (14, 0.0),
INFO:flwr:	                            (14, 0.0),
[92mINFO [0m:      	                            (15, 0.0),
INFO:flwr:	                            (15, 0.0),
[92mINFO [0m:      	                            (16, 0.0),
INFO:flwr:	                            (16, 0.0),
[92mINFO [0m:      	                            (17, 0.0),
INFO:flwr:	                            (17, 0.0),
[92mINFO [0m:      	                            (18, 0.0),
INFO:flwr:	                            (18, 0.0),
[92mINFO [0m:      	                            (19, 0.0),
INFO:flwr:	                            (19, 0.0),
[92mINFO [0m:      	                            (20, 0.0),
INFO:flwr:	                            (20, 0.0),
[92mINFO [0m:      	                            (21, 0.0),
INFO:flwr:	                            (21, 0.0),
[92mINFO [0m:      	                            (22, 0.0),
INFO:flwr:	                            (22, 0.0),
[92mINFO [0m:      	                            (23, 0.0),
INFO:flwr:	                            (23, 0.0),
[92mINFO [0m:      	                            (24, 0.0),
INFO:flwr:	                            (24, 0.0),
[92mINFO [0m:      	                            (25, 0.0),
INFO:flwr:	                            (25, 0.0),
[92mINFO [0m:      	                            (26, 0.0),
INFO:flwr:	                            (26, 0.0),
[92mINFO [0m:      	                            (27, 0.0),
INFO:flwr:	                            (27, 0.0),
[92mINFO [0m:      	                            (28, 0.0),
INFO:flwr:	                            (28, 0.0),
[92mINFO [0m:      	                            (29, 0.0),
INFO:flwr:	                            (29, 0.0),
[92mINFO [0m:      	                            (30, 0.0),
INFO:flwr:	                            (30, 0.0),
[92mINFO [0m:      	                            (31, 0.0),
INFO:flwr:	                            (31, 0.0),
[92mINFO [0m:      	                            (32, 0.0),
INFO:flwr:	                            (32, 0.0),
[92mINFO [0m:      	                            (33, 0.0),
INFO:flwr:	                            (33, 0.0),
[92mINFO [0m:      	                            (34, 0.0),
INFO:flwr:	                            (34, 0.0),
[92mINFO [0m:      	                            (35, 0.0),
INFO:flwr:	                            (35, 0.0),
[92mINFO [0m:      	                            (36, 0.0),
INFO:flwr:	                            (36, 0.0),
[92mINFO [0m:      	                            (37, 0.0),
INFO:flwr:	                            (37, 0.0),
[92mINFO [0m:      	                            (38, 0.0),
INFO:flwr:	                            (38, 0.0),
[92mINFO [0m:      	                            (39, 0.0),
INFO:flwr:	                            (39, 0.0),
[92mINFO [0m:      	                            (40, 0.0),
INFO:flwr:	                            (40, 0.0),
[92mINFO [0m:      	                            (41, 0.0),
INFO:flwr:	                            (41, 0.0),
[92mINFO [0m:      	                            (42, 0.0),
INFO:flwr:	                            (42, 0.0),
[92mINFO [0m:      	                            (43, 0.0),
INFO:flwr:	                            (43, 0.0),
[92mINFO [0m:      	                            (44, 0.0),
INFO:flwr:	                            (44, 0.0),
[92mINFO [0m:      	                            (45, 0.0),
INFO:flwr:	                            (45, 0.0),
[92mINFO [0m:      	                            (46, 0.0),
INFO:flwr:	                            (46, 0.0),
[92mINFO [0m:      	                            (47, 0.0),
INFO:flwr:	                            (47, 0.0),
[92mINFO [0m:      	                            (48, 0.0),
INFO:flwr:	                            (48, 0.0),
[92mINFO [0m:      	                            (49, 0.0),
INFO:flwr:	                            (49, 0.0),
[92mINFO [0m:      	                            (50, 0.0)],
INFO:flwr:	                            (50, 0.0)],
[92mINFO [0m:      	 'layer1_threshold': [(1, 0.5),
INFO:flwr:	 'layer1_threshold': [(1, 0.5),
[92mINFO [0m:      	                      (2, 0.5),
INFO:flwr:	                      (2, 0.5),
[92mINFO [0m:      	                      (3, 0.5),
INFO:flwr:	                      (3, 0.5),
[92mINFO [0m:      	                      (4, 0.5),
INFO:flwr:	                      (4, 0.5),
[92mINFO [0m:      	                      (5, 0.5),
INFO:flwr:	                      (5, 0.5),
[92mINFO [0m:      	                      (6, 0.5),
INFO:flwr:	                      (6, 0.5),
[92mINFO [0m:      	                      (7, 0.5),
INFO:flwr:	                      (7, 0.5),
[92mINFO [0m:      	                      (8, 0.5),
INFO:flwr:	                      (8, 0.5),
[92mINFO [0m:      	                      (9, 0.5),
INFO:flwr:	                      (9, 0.5),
[92mINFO [0m:      	                      (10, 0.5),
INFO:flwr:	                      (10, 0.5),
[92mINFO [0m:      	                      (11, 0.5),
INFO:flwr:	                      (11, 0.5),
[92mINFO [0m:      	                      (12, 0.5),
INFO:flwr:	                      (12, 0.5),
[92mINFO [0m:      	                      (13, 0.5),
INFO:flwr:	                      (13, 0.5),
[92mINFO [0m:      	                      (14, 0.5),
INFO:flwr:	                      (14, 0.5),
[92mINFO [0m:      	                      (15, 0.5),
INFO:flwr:	                      (15, 0.5),
[92mINFO [0m:      	                      (16, 0.5),
INFO:flwr:	                      (16, 0.5),
[92mINFO [0m:      	                      (17, 0.5),
INFO:flwr:	                      (17, 0.5),
[92mINFO [0m:      	                      (18, 0.5),
INFO:flwr:	                      (18, 0.5),
[92mINFO [0m:      	                      (19, 0.5),
INFO:flwr:	                      (19, 0.5),
[92mINFO [0m:      	                      (20, 0.5),
INFO:flwr:	                      (20, 0.5),
[92mINFO [0m:      	                      (21, 0.5),
INFO:flwr:	                      (21, 0.5),
[92mINFO [0m:      	                      (22, 0.5),
INFO:flwr:	                      (22, 0.5),
[92mINFO [0m:      	                      (23, 0.5),
INFO:flwr:	                      (23, 0.5),
[92mINFO [0m:      	                      (24, 0.5),
INFO:flwr:	                      (24, 0.5),
[92mINFO [0m:      	                      (25, 0.5),
INFO:flwr:	                      (25, 0.5),
[92mINFO [0m:      	                      (26, 0.5),
INFO:flwr:	                      (26, 0.5),
[92mINFO [0m:      	                      (27, 0.5),
INFO:flwr:	                      (27, 0.5),
[92mINFO [0m:      	                      (28, 0.5),
INFO:flwr:	                      (28, 0.5),
[92mINFO [0m:      	                      (29, 0.5),
INFO:flwr:	                      (29, 0.5),
[92mINFO [0m:      	                      (30, 0.5),
INFO:flwr:	                      (30, 0.5),
[92mINFO [0m:      	                      (31, 0.5),
INFO:flwr:	                      (31, 0.5),
[92mINFO [0m:      	                      (32, 0.5),
INFO:flwr:	                      (32, 0.5),
[92mINFO [0m:      	                      (33, 0.5),
INFO:flwr:	                      (33, 0.5),
[92mINFO [0m:      	                      (34, 0.5),
INFO:flwr:	                      (34, 0.5),
[92mINFO [0m:      	                      (35, 0.5),
INFO:flwr:	                      (35, 0.5),
[92mINFO [0m:      	                      (36, 0.5),
INFO:flwr:	                      (36, 0.5),
[92mINFO [0m:      	                      (37, 0.5),
INFO:flwr:	                      (37, 0.5),
[92mINFO [0m:      	                      (38, 0.5),
INFO:flwr:	                      (38, 0.5),
[92mINFO [0m:      	                      (39, 0.5),
INFO:flwr:	                      (39, 0.5),
[92mINFO [0m:      	                      (40, 0.5),
INFO:flwr:	                      (40, 0.5),
[92mINFO [0m:      	                      (41, 0.5),
INFO:flwr:	                      (41, 0.5),
[92mINFO [0m:      	                      (42, 0.5),
INFO:flwr:	                      (42, 0.5),
[92mINFO [0m:      	                      (43, 0.5),
INFO:flwr:	                      (43, 0.5),
[92mINFO [0m:      	                      (44, 0.5),
INFO:flwr:	                      (44, 0.5),
[92mINFO [0m:      	                      (45, 0.5),
INFO:flwr:	                      (45, 0.5),
[92mINFO [0m:      	                      (46, 0.5),
INFO:flwr:	                      (46, 0.5),
[92mINFO [0m:      	                      (47, 0.5),
INFO:flwr:	                      (47, 0.5),
[92mINFO [0m:      	                      (48, 0.5),
INFO:flwr:	                      (48, 0.5),
[92mINFO [0m:      	                      (49, 0.5),
INFO:flwr:	                      (49, 0.5),
[92mINFO [0m:      	                      (50, 0.5)],
INFO:flwr:	                      (50, 0.5)],
[92mINFO [0m:      	 'layer2_reject_rate_at_threshold': [(1, 0.10000000149011612),
INFO:flwr:	 'layer2_reject_rate_at_threshold': [(1, 0.10000000149011612),
[92mINFO [0m:      	                                     (2, 0.10000000149011612),
INFO:flwr:	                                     (2, 0.10000000149011612),
[92mINFO [0m:      	                                     (3, 0.10000000149011612),
INFO:flwr:	                                     (3, 0.10000000149011612),
[92mINFO [0m:      	                                     (4, 0.10000000149011612),
INFO:flwr:	                                     (4, 0.10000000149011612),
[92mINFO [0m:      	                                     (5, 0.10000000149011612),
INFO:flwr:	                                     (5, 0.10000000149011612),
[92mINFO [0m:      	                                     (6, 0.10000000149011612),
INFO:flwr:	                                     (6, 0.10000000149011612),
[92mINFO [0m:      	                                     (7, 0.10000000149011612),
INFO:flwr:	                                     (7, 0.10000000149011612),
[92mINFO [0m:      	                                     (8, 0.10000000149011612),
INFO:flwr:	                                     (8, 0.10000000149011612),
[92mINFO [0m:      	                                     (9, 0.10000000149011612),
INFO:flwr:	                                     (9, 0.10000000149011612),
[92mINFO [0m:      	                                     (10, 0.10000000149011612),
INFO:flwr:	                                     (10, 0.10000000149011612),
[92mINFO [0m:      	                                     (11, 0.10000000149011612),
INFO:flwr:	                                     (11, 0.10000000149011612),
[92mINFO [0m:      	                                     (12, 0.10000000149011612),
INFO:flwr:	                                     (12, 0.10000000149011612),
[92mINFO [0m:      	                                     (13, 0.30000001192092896),
INFO:flwr:	                                     (13, 0.30000001192092896),
[92mINFO [0m:      	                                     (14, 0.10000000149011612),
INFO:flwr:	                                     (14, 0.10000000149011612),
[92mINFO [0m:      	                                     (15, 0.10000000149011612),
INFO:flwr:	                                     (15, 0.10000000149011612),
[92mINFO [0m:      	                                     (16, 0.10000000149011612),
INFO:flwr:	                                     (16, 0.10000000149011612),
[92mINFO [0m:      	                                     (17, 0.10000000149011612),
INFO:flwr:	                                     (17, 0.10000000149011612),
[92mINFO [0m:      	                                     (18, 0.20000000298023224),
INFO:flwr:	                                     (18, 0.20000000298023224),
[92mINFO [0m:      	                                     (19, 0.10000000149011612),
INFO:flwr:	                                     (19, 0.10000000149011612),
[92mINFO [0m:      	                                     (20, 0.10000000149011612),
INFO:flwr:	                                     (20, 0.10000000149011612),
[92mINFO [0m:      	                                     (21, 0.30000001192092896),
INFO:flwr:	                                     (21, 0.30000001192092896),
[92mINFO [0m:      	                                     (22, 0.10000000149011612),
INFO:flwr:	                                     (22, 0.10000000149011612),
[92mINFO [0m:      	                                     (23, 0.30000001192092896),
INFO:flwr:	                                     (23, 0.30000001192092896),
[92mINFO [0m:      	                                     (24, 0.20000000298023224),
INFO:flwr:	                                     (24, 0.20000000298023224),
[92mINFO [0m:      	                                     (25, 0.10000000149011612),
INFO:flwr:	                                     (25, 0.10000000149011612),
[92mINFO [0m:      	                                     (26, 0.4000000059604645),
INFO:flwr:	                                     (26, 0.4000000059604645),
[92mINFO [0m:      	                                     (27, 0.20000000298023224),
INFO:flwr:	                                     (27, 0.20000000298023224),
[92mINFO [0m:      	                                     (28, 0.20000000298023224),
INFO:flwr:	                                     (28, 0.20000000298023224),
[92mINFO [0m:      	                                     (29, 0.10000000149011612),
INFO:flwr:	                                     (29, 0.10000000149011612),
[92mINFO [0m:      	                                     (30, 0.10000000149011612),
INFO:flwr:	                                     (30, 0.10000000149011612),
[92mINFO [0m:      	                                     (31, 0.4000000059604645),
INFO:flwr:	                                     (31, 0.4000000059604645),
[92mINFO [0m:      	                                     (32, 0.30000001192092896),
INFO:flwr:	                                     (32, 0.30000001192092896),
[92mINFO [0m:      	                                     (33, 0.20000000298023224),
INFO:flwr:	                                     (33, 0.20000000298023224),
[92mINFO [0m:      	                                     (34, 0.10000000149011612),
INFO:flwr:	                                     (34, 0.10000000149011612),
[92mINFO [0m:      	                                     (35, 0.30000001192092896),
INFO:flwr:	                                     (35, 0.30000001192092896),
[92mINFO [0m:      	                                     (36, 0.30000001192092896),
INFO:flwr:	                                     (36, 0.30000001192092896),
[92mINFO [0m:      	                                     (37, 0.30000001192092896),
INFO:flwr:	                                     (37, 0.30000001192092896),
[92mINFO [0m:      	                                     (38, 0.20000000298023224),
INFO:flwr:	                                     (38, 0.20000000298023224),
[92mINFO [0m:      	                                     (39, 0.30000001192092896),
INFO:flwr:	                                     (39, 0.30000001192092896),
[92mINFO [0m:      	                                     (40, 0.5),
INFO:flwr:	                                     (40, 0.5),
[92mINFO [0m:      	                                     (41, 0.30000001192092896),
INFO:flwr:	                                     (41, 0.30000001192092896),
[92mINFO [0m:      	                                     (42, 0.30000001192092896),
INFO:flwr:	                                     (42, 0.30000001192092896),
[92mINFO [0m:      	                                     (43, 0.30000001192092896),
INFO:flwr:	                                     (43, 0.30000001192092896),
[92mINFO [0m:      	                                     (44, 0.10000000149011612),
INFO:flwr:	                                     (44, 0.10000000149011612),
[92mINFO [0m:      	                                     (45, 0.30000001192092896),
INFO:flwr:	                                     (45, 0.30000001192092896),
[92mINFO [0m:      	                                     (46, 0.30000001192092896),
INFO:flwr:	                                     (46, 0.30000001192092896),
[92mINFO [0m:      	                                     (47, 0.30000001192092896),
INFO:flwr:	                                     (47, 0.30000001192092896),
[92mINFO [0m:      	                                     (48, 0.30000001192092896),
INFO:flwr:	                                     (48, 0.30000001192092896),
[92mINFO [0m:      	                                     (49, 0.30000001192092896),
INFO:flwr:	                                     (49, 0.30000001192092896),
[92mINFO [0m:      	                                     (50, 0.30000001192092896)],
INFO:flwr:	                                     (50, 0.30000001192092896)],
[92mINFO [0m:      	 'layer2_reject_rate_raw': [(1, 0.10000000149011612),
INFO:flwr:	 'layer2_reject_rate_raw': [(1, 0.10000000149011612),
[92mINFO [0m:      	                            (2, 0.10000000149011612),
INFO:flwr:	                            (2, 0.10000000149011612),
[92mINFO [0m:      	                            (3, 0.10000000149011612),
INFO:flwr:	                            (3, 0.10000000149011612),
[92mINFO [0m:      	                            (4, 0.10000000149011612),
INFO:flwr:	                            (4, 0.10000000149011612),
[92mINFO [0m:      	                            (5, 0.10000000149011612),
INFO:flwr:	                            (5, 0.10000000149011612),
[92mINFO [0m:      	                            (6, 0.10000000149011612),
INFO:flwr:	                            (6, 0.10000000149011612),
[92mINFO [0m:      	                            (7, 0.10000000149011612),
INFO:flwr:	                            (7, 0.10000000149011612),
[92mINFO [0m:      	                            (8, 0.10000000149011612),
INFO:flwr:	                            (8, 0.10000000149011612),
[92mINFO [0m:      	                            (9, 0.10000000149011612),
INFO:flwr:	                            (9, 0.10000000149011612),
[92mINFO [0m:      	                            (10, 0.10000000149011612),
INFO:flwr:	                            (10, 0.10000000149011612),
[92mINFO [0m:      	                            (11, 0.10000000149011612),
INFO:flwr:	                            (11, 0.10000000149011612),
[92mINFO [0m:      	                            (12, 0.10000000149011612),
INFO:flwr:	                            (12, 0.10000000149011612),
[92mINFO [0m:      	                            (13, 0.30000001192092896),
INFO:flwr:	                            (13, 0.30000001192092896),
[92mINFO [0m:      	                            (14, 0.10000000149011612),
INFO:flwr:	                            (14, 0.10000000149011612),
[92mINFO [0m:      	                            (15, 0.10000000149011612),
INFO:flwr:	                            (15, 0.10000000149011612),
[92mINFO [0m:      	                            (16, 0.10000000149011612),
INFO:flwr:	                            (16, 0.10000000149011612),
[92mINFO [0m:      	                            (17, 0.10000000149011612),
INFO:flwr:	                            (17, 0.10000000149011612),
[92mINFO [0m:      	                            (18, 0.20000000298023224),
INFO:flwr:	                            (18, 0.20000000298023224),
[92mINFO [0m:      	                            (19, 0.10000000149011612),
INFO:flwr:	                            (19, 0.10000000149011612),
[92mINFO [0m:      	                            (20, 0.10000000149011612),
INFO:flwr:	                            (20, 0.10000000149011612),
[92mINFO [0m:      	                            (21, 0.30000001192092896),
INFO:flwr:	                            (21, 0.30000001192092896),
[92mINFO [0m:      	                            (22, 0.10000000149011612),
INFO:flwr:	                            (22, 0.10000000149011612),
[92mINFO [0m:      	                            (23, 0.30000001192092896),
INFO:flwr:	                            (23, 0.30000001192092896),
[92mINFO [0m:      	                            (24, 0.10000000149011612),
INFO:flwr:	                            (24, 0.10000000149011612),
[92mINFO [0m:      	                            (25, 0.10000000149011612),
INFO:flwr:	                            (25, 0.10000000149011612),
[92mINFO [0m:      	                            (26, 0.20000000298023224),
INFO:flwr:	                            (26, 0.20000000298023224),
[92mINFO [0m:      	                            (27, 0.10000000149011612),
INFO:flwr:	                            (27, 0.10000000149011612),
[92mINFO [0m:      	                            (28, 0.10000000149011612),
INFO:flwr:	                            (28, 0.10000000149011612),
[92mINFO [0m:      	                            (29, 0.10000000149011612),
INFO:flwr:	                            (29, 0.10000000149011612),
[92mINFO [0m:      	                            (30, 0.10000000149011612),
INFO:flwr:	                            (30, 0.10000000149011612),
[92mINFO [0m:      	                            (31, 0.30000001192092896),
INFO:flwr:	                            (31, 0.30000001192092896),
[92mINFO [0m:      	                            (32, 0.10000000149011612),
INFO:flwr:	                            (32, 0.10000000149011612),
[92mINFO [0m:      	                            (33, 0.10000000149011612),
INFO:flwr:	                            (33, 0.10000000149011612),
[92mINFO [0m:      	                            (34, 0.10000000149011612),
INFO:flwr:	                            (34, 0.10000000149011612),
[92mINFO [0m:      	                            (35, 0.30000001192092896),
INFO:flwr:	                            (35, 0.30000001192092896),
[92mINFO [0m:      	                            (36, 0.30000001192092896),
INFO:flwr:	                            (36, 0.30000001192092896),
[92mINFO [0m:      	                            (37, 0.30000001192092896),
INFO:flwr:	                            (37, 0.30000001192092896),
[92mINFO [0m:      	                            (38, 0.10000000149011612),
INFO:flwr:	                            (38, 0.10000000149011612),
[92mINFO [0m:      	                            (39, 0.10000000149011612),
INFO:flwr:	                            (39, 0.10000000149011612),
[92mINFO [0m:      	                            (40, 0.5),
INFO:flwr:	                            (40, 0.5),
[92mINFO [0m:      	                            (41, 0.10000000149011612),
INFO:flwr:	                            (41, 0.10000000149011612),
[92mINFO [0m:      	                            (42, 0.30000001192092896),
INFO:flwr:	                            (42, 0.30000001192092896),
[92mINFO [0m:      	                            (43, 0.30000001192092896),
INFO:flwr:	                            (43, 0.30000001192092896),
[92mINFO [0m:      	                            (44, 0.10000000149011612),
INFO:flwr:	                            (44, 0.10000000149011612),
[92mINFO [0m:      	                            (45, 0.20000000298023224),
INFO:flwr:	                            (45, 0.20000000298023224),
[92mINFO [0m:      	                            (46, 0.20000000298023224),
INFO:flwr:	                            (46, 0.20000000298023224),
[92mINFO [0m:      	                            (47, 0.30000001192092896),
INFO:flwr:	                            (47, 0.30000001192092896),
[92mINFO [0m:      	                            (48, 0.30000001192092896),
INFO:flwr:	                            (48, 0.30000001192092896),
[92mINFO [0m:      	                            (49, 0.30000001192092896),
INFO:flwr:	                            (49, 0.30000001192092896),
[92mINFO [0m:      	                            (50, 0.10000000149011612)],
INFO:flwr:	                            (50, 0.10000000149011612)],
[92mINFO [0m:      	 'layer2_threshold': [(1, 0.5),
INFO:flwr:	 'layer2_threshold': [(1, 0.5),
[92mINFO [0m:      	                      (2, 0.5),
INFO:flwr:	                      (2, 0.5),
[92mINFO [0m:      	                      (3, 0.5),
INFO:flwr:	                      (3, 0.5),
[92mINFO [0m:      	                      (4, 0.5),
INFO:flwr:	                      (4, 0.5),
[92mINFO [0m:      	                      (5, 0.5),
INFO:flwr:	                      (5, 0.5),
[92mINFO [0m:      	                      (6, 0.5),
INFO:flwr:	                      (6, 0.5),
[92mINFO [0m:      	                      (7, 0.5),
INFO:flwr:	                      (7, 0.5),
[92mINFO [0m:      	                      (8, 0.5),
INFO:flwr:	                      (8, 0.5),
[92mINFO [0m:      	                      (9, 0.5),
INFO:flwr:	                      (9, 0.5),
[92mINFO [0m:      	                      (10, 0.5),
INFO:flwr:	                      (10, 0.5),
[92mINFO [0m:      	                      (11, 0.5),
INFO:flwr:	                      (11, 0.5),
[92mINFO [0m:      	                      (12, 0.5),
INFO:flwr:	                      (12, 0.5),
[92mINFO [0m:      	                      (13, 0.5),
INFO:flwr:	                      (13, 0.5),
[92mINFO [0m:      	                      (14, 0.5),
INFO:flwr:	                      (14, 0.5),
[92mINFO [0m:      	                      (15, 0.5),
INFO:flwr:	                      (15, 0.5),
[92mINFO [0m:      	                      (16, 0.5),
INFO:flwr:	                      (16, 0.5),
[92mINFO [0m:      	                      (17, 0.5),
INFO:flwr:	                      (17, 0.5),
[92mINFO [0m:      	                      (18, 0.5),
INFO:flwr:	                      (18, 0.5),
[92mINFO [0m:      	                      (19, 0.5),
INFO:flwr:	                      (19, 0.5),
[92mINFO [0m:      	                      (20, 0.5),
INFO:flwr:	                      (20, 0.5),
[92mINFO [0m:      	                      (21, 0.55),
INFO:flwr:	                      (21, 0.55),
[92mINFO [0m:      	                      (22, 0.54),
INFO:flwr:	                      (22, 0.54),
[92mINFO [0m:      	                      (23, 0.5900000000000001),
INFO:flwr:	                      (23, 0.5900000000000001),
[92mINFO [0m:      	                      (24, 0.6400000000000001),
INFO:flwr:	                      (24, 0.6400000000000001),
[92mINFO [0m:      	                      (25, 0.6300000000000001),
INFO:flwr:	                      (25, 0.6300000000000001),
[92mINFO [0m:      	                      (26, 0.6800000000000002),
INFO:flwr:	                      (26, 0.6800000000000002),
[92mINFO [0m:      	                      (27, 0.6700000000000002),
INFO:flwr:	                      (27, 0.6700000000000002),
[92mINFO [0m:      	                      (28, 0.6600000000000001),
INFO:flwr:	                      (28, 0.6600000000000001),
[92mINFO [0m:      	                      (29, 0.6500000000000001),
INFO:flwr:	                      (29, 0.6500000000000001),
[92mINFO [0m:      	                      (30, 0.6400000000000001),
INFO:flwr:	                      (30, 0.6400000000000001),
[92mINFO [0m:      	                      (31, 0.6900000000000002),
INFO:flwr:	                      (31, 0.6900000000000002),
[92mINFO [0m:      	                      (32, 0.6800000000000002),
INFO:flwr:	                      (32, 0.6800000000000002),
[92mINFO [0m:      	                      (33, 0.6700000000000002),
INFO:flwr:	                      (33, 0.6700000000000002),
[92mINFO [0m:      	                      (34, 0.6600000000000001),
INFO:flwr:	                      (34, 0.6600000000000001),
[92mINFO [0m:      	                      (35, 0.7100000000000002),
INFO:flwr:	                      (35, 0.7100000000000002),
[92mINFO [0m:      	                      (36, 0.7600000000000002),
INFO:flwr:	                      (36, 0.7600000000000002),
[92mINFO [0m:      	                      (37, 0.8),
INFO:flwr:	                      (37, 0.8),
[92mINFO [0m:      	                      (38, 0.8),
INFO:flwr:	                      (38, 0.8),
[92mINFO [0m:      	                      (39, 0.8),
INFO:flwr:	                      (39, 0.8),
[92mINFO [0m:      	                      (40, 0.8),
INFO:flwr:	                      (40, 0.8),
[92mINFO [0m:      	                      (41, 0.8),
INFO:flwr:	                      (41, 0.8),
[92mINFO [0m:      	                      (42, 0.8),
INFO:flwr:	                      (42, 0.8),
[92mINFO [0m:      	                      (43, 0.8),
INFO:flwr:	                      (43, 0.8),
[92mINFO [0m:      	                      (44, 0.8),
INFO:flwr:	                      (44, 0.8),
[92mINFO [0m:      	                      (45, 0.8),
INFO:flwr:	                      (45, 0.8),
[92mINFO [0m:      	                      (46, 0.8),
INFO:flwr:	                      (46, 0.8),
[92mINFO [0m:      	                      (47, 0.8),
INFO:flwr:	                      (47, 0.8),
[92mINFO [0m:      	                      (48, 0.8),
INFO:flwr:	                      (48, 0.8),
[92mINFO [0m:      	                      (49, 0.8),
INFO:flwr:	                      (49, 0.8),
[92mINFO [0m:      	                      (50, 0.8)],
INFO:flwr:	                      (50, 0.8)],
[92mINFO [0m:      	 'layer3_reject_rate_at_threshold': [(1, 0.0),
INFO:flwr:	 'layer3_reject_rate_at_threshold': [(1, 0.0),
[92mINFO [0m:      	                                     (2, 0.0),
INFO:flwr:	                                     (2, 0.0),
[92mINFO [0m:      	                                     (3, 0.0),
INFO:flwr:	                                     (3, 0.0),
[92mINFO [0m:      	                                     (4, 0.0),
INFO:flwr:	                                     (4, 0.0),
[92mINFO [0m:      	                                     (5, 0.0),
INFO:flwr:	                                     (5, 0.0),
[92mINFO [0m:      	                                     (6, 0.0),
INFO:flwr:	                                     (6, 0.0),
[92mINFO [0m:      	                                     (7, 0.0),
INFO:flwr:	                                     (7, 0.0),
[92mINFO [0m:      	                                     (8, 0.0),
INFO:flwr:	                                     (8, 0.0),
[92mINFO [0m:      	                                     (9, 0.0),
INFO:flwr:	                                     (9, 0.0),
[92mINFO [0m:      	                                     (10, 0.0),
INFO:flwr:	                                     (10, 0.0),
[92mINFO [0m:      	                                     (11, 0.0),
INFO:flwr:	                                     (11, 0.0),
[92mINFO [0m:      	                                     (12, 0.0),
INFO:flwr:	                                     (12, 0.0),
[92mINFO [0m:      	                                     (13, 0.0),
INFO:flwr:	                                     (13, 0.0),
[92mINFO [0m:      	                                     (14, 0.0),
INFO:flwr:	                                     (14, 0.0),
[92mINFO [0m:      	                                     (15, 0.0),
INFO:flwr:	                                     (15, 0.0),
[92mINFO [0m:      	                                     (16, 0.0),
INFO:flwr:	                                     (16, 0.0),
[92mINFO [0m:      	                                     (17, 0.0),
INFO:flwr:	                                     (17, 0.0),
[92mINFO [0m:      	                                     (18, 0.0),
INFO:flwr:	                                     (18, 0.0),
[92mINFO [0m:      	                                     (19, 0.0),
INFO:flwr:	                                     (19, 0.0),
[92mINFO [0m:      	                                     (20, 0.0),
INFO:flwr:	                                     (20, 0.0),
[92mINFO [0m:      	                                     (21, 0.0),
INFO:flwr:	                                     (21, 0.0),
[92mINFO [0m:      	                                     (22, 0.0),
INFO:flwr:	                                     (22, 0.0),
[92mINFO [0m:      	                                     (23, 0.0),
INFO:flwr:	                                     (23, 0.0),
[92mINFO [0m:      	                                     (24, 0.0),
INFO:flwr:	                                     (24, 0.0),
[92mINFO [0m:      	                                     (25, 0.0),
INFO:flwr:	                                     (25, 0.0),
[92mINFO [0m:      	                                     (26, 0.0),
INFO:flwr:	                                     (26, 0.0),
[92mINFO [0m:      	                                     (27, 0.0),
INFO:flwr:	                                     (27, 0.0),
[92mINFO [0m:      	                                     (28, 0.0),
INFO:flwr:	                                     (28, 0.0),
[92mINFO [0m:      	                                     (29, 0.0),
INFO:flwr:	                                     (29, 0.0),
[92mINFO [0m:      	                                     (30, 0.0),
INFO:flwr:	                                     (30, 0.0),
[92mINFO [0m:      	                                     (31, 0.0),
INFO:flwr:	                                     (31, 0.0),
[92mINFO [0m:      	                                     (32, 0.0),
INFO:flwr:	                                     (32, 0.0),
[92mINFO [0m:      	                                     (33, 0.0),
INFO:flwr:	                                     (33, 0.0),
[92mINFO [0m:      	                                     (34, 0.0),
INFO:flwr:	                                     (34, 0.0),
[92mINFO [0m:      	                                     (35, 0.0),
INFO:flwr:	                                     (35, 0.0),
[92mINFO [0m:      	                                     (36, 0.0),
INFO:flwr:	                                     (36, 0.0),
[92mINFO [0m:      	                                     (37, 0.0),
INFO:flwr:	                                     (37, 0.0),
[92mINFO [0m:      	                                     (38, 0.0),
INFO:flwr:	                                     (38, 0.0),
[92mINFO [0m:      	                                     (39, 0.0),
INFO:flwr:	                                     (39, 0.0),
[92mINFO [0m:      	                                     (40, 0.0),
INFO:flwr:	                                     (40, 0.0),
[92mINFO [0m:      	                                     (41, 0.0),
INFO:flwr:	                                     (41, 0.0),
[92mINFO [0m:      	                                     (42, 0.0),
INFO:flwr:	                                     (42, 0.0),
[92mINFO [0m:      	                                     (43, 0.0),
INFO:flwr:	                                     (43, 0.0),
[92mINFO [0m:      	                                     (44, 0.0),
INFO:flwr:	                                     (44, 0.0),
[92mINFO [0m:      	                                     (45, 0.0),
INFO:flwr:	                                     (45, 0.0),
[92mINFO [0m:      	                                     (46, 0.0),
INFO:flwr:	                                     (46, 0.0),
[92mINFO [0m:      	                                     (47, 0.0),
INFO:flwr:	                                     (47, 0.0),
[92mINFO [0m:      	                                     (48, 0.0),
INFO:flwr:	                                     (48, 0.0),
[92mINFO [0m:      	                                     (49, 0.0),
INFO:flwr:	                                     (49, 0.0),
[92mINFO [0m:      	                                     (50, 0.0)],
INFO:flwr:	                                     (50, 0.0)],
[92mINFO [0m:      	 'layer3_reject_rate_raw': [(1, 0.0),
INFO:flwr:	 'layer3_reject_rate_raw': [(1, 0.0),
[92mINFO [0m:      	                            (2, 0.0),
INFO:flwr:	                            (2, 0.0),
[92mINFO [0m:      	                            (3, 0.0),
INFO:flwr:	                            (3, 0.0),
[92mINFO [0m:      	                            (4, 0.0),
INFO:flwr:	                            (4, 0.0),
[92mINFO [0m:      	                            (5, 0.0),
INFO:flwr:	                            (5, 0.0),
[92mINFO [0m:      	                            (6, 0.0),
INFO:flwr:	                            (6, 0.0),
[92mINFO [0m:      	                            (7, 0.0),
INFO:flwr:	                            (7, 0.0),
[92mINFO [0m:      	                            (8, 0.0),
INFO:flwr:	                            (8, 0.0),
[92mINFO [0m:      	                            (9, 0.0),
INFO:flwr:	                            (9, 0.0),
[92mINFO [0m:      	                            (10, 0.0),
INFO:flwr:	                            (10, 0.0),
[92mINFO [0m:      	                            (11, 0.0),
INFO:flwr:	                            (11, 0.0),
[92mINFO [0m:      	                            (12, 0.0),
INFO:flwr:	                            (12, 0.0),
[92mINFO [0m:      	                            (13, 0.0),
INFO:flwr:	                            (13, 0.0),
[92mINFO [0m:      	                            (14, 0.0),
INFO:flwr:	                            (14, 0.0),
[92mINFO [0m:      	                            (15, 0.0),
INFO:flwr:	                            (15, 0.0),
[92mINFO [0m:      	                            (16, 0.0),
INFO:flwr:	                            (16, 0.0),
[92mINFO [0m:      	                            (17, 0.0),
INFO:flwr:	                            (17, 0.0),
[92mINFO [0m:      	                            (18, 0.0),
INFO:flwr:	                            (18, 0.0),
[92mINFO [0m:      	                            (19, 0.0),
INFO:flwr:	                            (19, 0.0),
[92mINFO [0m:      	                            (20, 0.0),
INFO:flwr:	                            (20, 0.0),
[92mINFO [0m:      	                            (21, 0.0),
INFO:flwr:	                            (21, 0.0),
[92mINFO [0m:      	                            (22, 0.0),
INFO:flwr:	                            (22, 0.0),
[92mINFO [0m:      	                            (23, 0.0),
INFO:flwr:	                            (23, 0.0),
[92mINFO [0m:      	                            (24, 0.0),
INFO:flwr:	                            (24, 0.0),
[92mINFO [0m:      	                            (25, 0.0),
INFO:flwr:	                            (25, 0.0),
[92mINFO [0m:      	                            (26, 0.0),
INFO:flwr:	                            (26, 0.0),
[92mINFO [0m:      	                            (27, 0.0),
INFO:flwr:	                            (27, 0.0),
[92mINFO [0m:      	                            (28, 0.0),
INFO:flwr:	                            (28, 0.0),
[92mINFO [0m:      	                            (29, 0.0),
INFO:flwr:	                            (29, 0.0),
[92mINFO [0m:      	                            (30, 0.0),
INFO:flwr:	                            (30, 0.0),
[92mINFO [0m:      	                            (31, 0.0),
INFO:flwr:	                            (31, 0.0),
[92mINFO [0m:      	                            (32, 0.0),
INFO:flwr:	                            (32, 0.0),
[92mINFO [0m:      	                            (33, 0.0),
INFO:flwr:	                            (33, 0.0),
[92mINFO [0m:      	                            (34, 0.0),
INFO:flwr:	                            (34, 0.0),
[92mINFO [0m:      	                            (35, 0.0),
INFO:flwr:	                            (35, 0.0),
[92mINFO [0m:      	                            (36, 0.0),
INFO:flwr:	                            (36, 0.0),
[92mINFO [0m:      	                            (37, 0.0),
INFO:flwr:	                            (37, 0.0),
[92mINFO [0m:      	                            (38, 0.0),
INFO:flwr:	                            (38, 0.0),
[92mINFO [0m:      	                            (39, 0.0),
INFO:flwr:	                            (39, 0.0),
[92mINFO [0m:      	                            (40, 0.0),
INFO:flwr:	                            (40, 0.0),
[92mINFO [0m:      	                            (41, 0.0),
INFO:flwr:	                            (41, 0.0),
[92mINFO [0m:      	                            (42, 0.0),
INFO:flwr:	                            (42, 0.0),
[92mINFO [0m:      	                            (43, 0.0),
INFO:flwr:	                            (43, 0.0),
[92mINFO [0m:      	                            (44, 0.0),
INFO:flwr:	                            (44, 0.0),
[92mINFO [0m:      	                            (45, 0.0),
INFO:flwr:	                            (45, 0.0),
[92mINFO [0m:      	                            (46, 0.0),
INFO:flwr:	                            (46, 0.0),
[92mINFO [0m:      	                            (47, 0.0),
INFO:flwr:	                            (47, 0.0),
[92mINFO [0m:      	                            (48, 0.0),
INFO:flwr:	                            (48, 0.0),
[92mINFO [0m:      	                            (49, 0.0),
INFO:flwr:	                            (49, 0.0),
[92mINFO [0m:      	                            (50, 0.0)],
INFO:flwr:	                            (50, 0.0)],
[92mINFO [0m:      	 'layer3_threshold': [(1, 0.5),
INFO:flwr:	 'layer3_threshold': [(1, 0.5),
[92mINFO [0m:      	                      (2, 0.5),
INFO:flwr:	                      (2, 0.5),
[92mINFO [0m:      	                      (3, 0.5),
INFO:flwr:	                      (3, 0.5),
[92mINFO [0m:      	                      (4, 0.5),
INFO:flwr:	                      (4, 0.5),
[92mINFO [0m:      	                      (5, 0.5),
INFO:flwr:	                      (5, 0.5),
[92mINFO [0m:      	                      (6, 0.5),
INFO:flwr:	                      (6, 0.5),
[92mINFO [0m:      	                      (7, 0.5),
INFO:flwr:	                      (7, 0.5),
[92mINFO [0m:      	                      (8, 0.5),
INFO:flwr:	                      (8, 0.5),
[92mINFO [0m:      	                      (9, 0.5),
INFO:flwr:	                      (9, 0.5),
[92mINFO [0m:      	                      (10, 0.5),
INFO:flwr:	                      (10, 0.5),
[92mINFO [0m:      	                      (11, 0.5),
INFO:flwr:	                      (11, 0.5),
[92mINFO [0m:      	                      (12, 0.5),
INFO:flwr:	                      (12, 0.5),
[92mINFO [0m:      	                      (13, 0.5),
INFO:flwr:	                      (13, 0.5),
[92mINFO [0m:      	                      (14, 0.5),
INFO:flwr:	                      (14, 0.5),
[92mINFO [0m:      	                      (15, 0.5),
INFO:flwr:	                      (15, 0.5),
[92mINFO [0m:      	                      (16, 0.5),
INFO:flwr:	                      (16, 0.5),
[92mINFO [0m:      	                      (17, 0.5),
INFO:flwr:	                      (17, 0.5),
[92mINFO [0m:      	                      (18, 0.5),
INFO:flwr:	                      (18, 0.5),
[92mINFO [0m:      	                      (19, 0.5),
INFO:flwr:	                      (19, 0.5),
[92mINFO [0m:      	                      (20, 0.5),
INFO:flwr:	                      (20, 0.5),
[92mINFO [0m:      	                      (21, 0.5),
INFO:flwr:	                      (21, 0.5),
[92mINFO [0m:      	                      (22, 0.5),
INFO:flwr:	                      (22, 0.5),
[92mINFO [0m:      	                      (23, 0.5),
INFO:flwr:	                      (23, 0.5),
[92mINFO [0m:      	                      (24, 0.5),
INFO:flwr:	                      (24, 0.5),
[92mINFO [0m:      	                      (25, 0.5),
INFO:flwr:	                      (25, 0.5),
[92mINFO [0m:      	                      (26, 0.5),
INFO:flwr:	                      (26, 0.5),
[92mINFO [0m:      	                      (27, 0.5),
INFO:flwr:	                      (27, 0.5),
[92mINFO [0m:      	                      (28, 0.5),
INFO:flwr:	                      (28, 0.5),
[92mINFO [0m:      	                      (29, 0.5),
INFO:flwr:	                      (29, 0.5),
[92mINFO [0m:      	                      (30, 0.5),
INFO:flwr:	                      (30, 0.5),
[92mINFO [0m:      	                      (31, 0.5),
INFO:flwr:	                      (31, 0.5),
[92mINFO [0m:      	                      (32, 0.5),
INFO:flwr:	                      (32, 0.5),
[92mINFO [0m:      	                      (33, 0.5),
INFO:flwr:	                      (33, 0.5),
[92mINFO [0m:      	                      (34, 0.5),
INFO:flwr:	                      (34, 0.5),
[92mINFO [0m:      	                      (35, 0.5),
INFO:flwr:	                      (35, 0.5),
[92mINFO [0m:      	                      (36, 0.5),
INFO:flwr:	                      (36, 0.5),
[92mINFO [0m:      	                      (37, 0.5),
INFO:flwr:	                      (37, 0.5),
[92mINFO [0m:      	                      (38, 0.5),
INFO:flwr:	                      (38, 0.5),
[92mINFO [0m:      	                      (39, 0.5),
INFO:flwr:	                      (39, 0.5),
[92mINFO [0m:      	                      (40, 0.5),
INFO:flwr:	                      (40, 0.5),
[92mINFO [0m:      	                      (41, 0.5),
INFO:flwr:	                      (41, 0.5),
[92mINFO [0m:      	                      (42, 0.5),
INFO:flwr:	                      (42, 0.5),
[92mINFO [0m:      	                      (43, 0.5),
INFO:flwr:	                      (43, 0.5),
[92mINFO [0m:      	                      (44, 0.5),
INFO:flwr:	                      (44, 0.5),
[92mINFO [0m:      	                      (45, 0.5),
INFO:flwr:	                      (45, 0.5),
[92mINFO [0m:      	                      (46, 0.5),
INFO:flwr:	                      (46, 0.5),
[92mINFO [0m:      	                      (47, 0.5),
INFO:flwr:	                      (47, 0.5),
[92mINFO [0m:      	                      (48, 0.5),
INFO:flwr:	                      (48, 0.5),
[92mINFO [0m:      	                      (49, 0.5),
INFO:flwr:	                      (49, 0.5),
[92mINFO [0m:      	                      (50, 0.5)],
INFO:flwr:	                      (50, 0.5)],
[92mINFO [0m:      	 'mean_reputation': [(1, 0.9728121757507324),
INFO:flwr:	 'mean_reputation': [(1, 0.9728121757507324),
[92mINFO [0m:      	                     (2, 0.9504499435424805),
INFO:flwr:	                     (2, 0.9504499435424805),
[92mINFO [0m:      	                     (3, 0.9309989809989929),
INFO:flwr:	                     (3, 0.9309989809989929),
[92mINFO [0m:      	                     (4, 0.9140605926513672),
INFO:flwr:	                     (4, 0.9140605926513672),
[92mINFO [0m:      	                     (5, 0.899298369884491),
INFO:flwr:	                     (5, 0.899298369884491),
[92mINFO [0m:      	                     (6, 0.8864225149154663),
INFO:flwr:	                     (6, 0.8864225149154663),
[92mINFO [0m:      	                     (7, 0.8751827478408813),
INFO:flwr:	                     (7, 0.8751827478408813),
[92mINFO [0m:      	                     (8, 0.8653629422187805),
INFO:flwr:	                     (8, 0.8653629422187805),
[92mINFO [0m:      	                     (9, 0.8567768335342407),
INFO:flwr:	                     (9, 0.8567768335342407),
[92mINFO [0m:      	                     (10, 0.8492635488510132),
INFO:flwr:	                     (10, 0.8492635488510132),
[92mINFO [0m:      	                     (11, 0.8426834940910339),
INFO:flwr:	                     (11, 0.8426834940910339),
[92mINFO [0m:      	                     (12, 0.8335675001144409),
INFO:flwr:	                     (12, 0.8335675001144409),
[92mINFO [0m:      	                     (13, 0.8071331977844238),
INFO:flwr:	                     (13, 0.8071331977844238),
[92mINFO [0m:      	                     (14, 0.8031347393989563),
INFO:flwr:	                     (14, 0.8031347393989563),
[92mINFO [0m:      	                     (15, 0.802686870098114),
INFO:flwr:	                     (15, 0.802686870098114),
[92mINFO [0m:      	                     (16, 0.8008171319961548),
INFO:flwr:	                     (16, 0.8008171319961548),
[92mINFO [0m:      	                     (17, 0.8003228902816772),
INFO:flwr:	                     (17, 0.8003228902816772),
[92mINFO [0m:      	                     (18, 0.7887066006660461),
INFO:flwr:	                     (18, 0.7887066006660461),
[92mINFO [0m:      	                     (19, 0.7878433465957642),
INFO:flwr:	                     (19, 0.7878433465957642),
[92mINFO [0m:      	                     (20, 0.7860454320907593),
INFO:flwr:	                     (20, 0.7860454320907593),
[92mINFO [0m:      	                     (21, 0.7703253626823425),
INFO:flwr:	                     (21, 0.7703253626823425),
[92mINFO [0m:      	                     (22, 0.7739048600196838),
INFO:flwr:	                     (22, 0.7739048600196838),
[92mINFO [0m:      	                     (23, 0.7575129270553589),
INFO:flwr:	                     (23, 0.7575129270553589),
[92mINFO [0m:      	                     (24, 0.7525460124015808),
INFO:flwr:	                     (24, 0.7525460124015808),
[92mINFO [0m:      	                     (25, 0.7570222616195679),
INFO:flwr:	                     (25, 0.7570222616195679),
[92mINFO [0m:      	                     (26, 0.7350505590438843),
INFO:flwr:	                     (26, 0.7350505590438843),
[92mINFO [0m:      	                     (27, 0.7333773374557495),
INFO:flwr:	                     (27, 0.7333773374557495),
[92mINFO [0m:      	                     (28, 0.7298183441162109),
INFO:flwr:	                     (28, 0.7298183441162109),
[92mINFO [0m:      	                     (29, 0.7379865050315857),
INFO:flwr:	                     (29, 0.7379865050315857),
[92mINFO [0m:      	                     (30, 0.7461729645729065),
INFO:flwr:	                     (30, 0.7461729645729065),
[92mINFO [0m:      	                     (31, 0.7249366641044617),
INFO:flwr:	                     (31, 0.7249366641044617),
[92mINFO [0m:      	                     (32, 0.7158733010292053),
INFO:flwr:	                     (32, 0.7158733010292053),
[92mINFO [0m:      	                     (33, 0.7166070342063904),
INFO:flwr:	                     (33, 0.7166070342063904),
[92mINFO [0m:      	                     (34, 0.7261117696762085),
INFO:flwr:	                     (34, 0.7261117696762085),
[92mINFO [0m:      	                     (35, 0.7166219353675842),
INFO:flwr:	                     (35, 0.7166219353675842),
[92mINFO [0m:      	                     (36, 0.7069196105003357),
INFO:flwr:	                     (36, 0.7069196105003357),
[92mINFO [0m:      	                     (37, 0.6992637515068054),
INFO:flwr:	                     (37, 0.6992637515068054),
[92mINFO [0m:      	                     (38, 0.7022348642349243),
INFO:flwr:	                     (38, 0.7022348642349243),
[92mINFO [0m:      	                     (39, 0.6949337720870972),
INFO:flwr:	                     (39, 0.6949337720870972),
[92mINFO [0m:      	                     (40, 0.6701747179031372),
INFO:flwr:	                     (40, 0.6701747179031372),
[92mINFO [0m:      	                     (41, 0.6669024229049683),
INFO:flwr:	                     (41, 0.6669024229049683),
[92mINFO [0m:      	                     (42, 0.6632894277572632),
INFO:flwr:	                     (42, 0.6632894277572632),
[92mINFO [0m:      	                     (43, 0.6604180335998535),
INFO:flwr:	                     (43, 0.6604180335998535),
[92mINFO [0m:      	                     (44, 0.6799545288085938),
INFO:flwr:	                     (44, 0.6799545288085938),
[92mINFO [0m:      	                     (45, 0.6751837730407715),
INFO:flwr:	                     (45, 0.6751837730407715),
[92mINFO [0m:      	                     (46, 0.670799195766449),
INFO:flwr:	                     (46, 0.670799195766449),
[92mINFO [0m:      	                     (47, 0.6667757630348206),
INFO:flwr:	                     (47, 0.6667757630348206),
[92mINFO [0m:      	                     (48, 0.6630890965461731),
INFO:flwr:	                     (48, 0.6630890965461731),
[92mINFO [0m:      	                     (49, 0.6597150564193726),
INFO:flwr:	                     (49, 0.6597150564193726),
[92mINFO [0m:      	                     (50, 0.6566311717033386)],
INFO:flwr:	                     (50, 0.6566311717033386)],
[92mINFO [0m:      	 'min_reputation': [(1, 0.8999999761581421),
INFO:flwr:	 'min_reputation': [(1, 0.8999999761581421),
[92mINFO [0m:      	                    (2, 0.8100000023841858),
INFO:flwr:	                    (2, 0.8100000023841858),
[92mINFO [0m:      	                    (3, 0.7289999723434448),
INFO:flwr:	                    (3, 0.7289999723434448),
[92mINFO [0m:      	                    (4, 0.6560999751091003),
INFO:flwr:	                    (4, 0.6560999751091003),
[92mINFO [0m:      	                    (5, 0.5904899835586548),
INFO:flwr:	                    (5, 0.5904899835586548),
[92mINFO [0m:      	                    (6, 0.5314409732818604),
INFO:flwr:	                    (6, 0.5314409732818604),
[92mINFO [0m:      	                    (7, 0.4782969057559967),
INFO:flwr:	                    (7, 0.4782969057559967),
[92mINFO [0m:      	                    (8, 0.4304672181606293),
INFO:flwr:	                    (8, 0.4304672181606293),
[92mINFO [0m:      	                    (9, 0.3874204754829407),
INFO:flwr:	                    (9, 0.3874204754829407),
[92mINFO [0m:      	                    (10, 0.34867843985557556),
INFO:flwr:	                    (10, 0.34867843985557556),
[92mINFO [0m:      	                    (11, 0.3138105869293213),
INFO:flwr:	                    (11, 0.3138105869293213),
[92mINFO [0m:      	                    (12, 0.2824295461177826),
INFO:flwr:	                    (12, 0.2824295461177826),
[92mINFO [0m:      	                    (13, 0.25418657064437866),
INFO:flwr:	                    (13, 0.25418657064437866),
[92mINFO [0m:      	                    (14, 0.22876793146133423),
INFO:flwr:	                    (14, 0.22876793146133423),
[92mINFO [0m:      	                    (15, 0.20589113235473633),
INFO:flwr:	                    (15, 0.20589113235473633),
[92mINFO [0m:      	                    (16, 0.1853020191192627),
INFO:flwr:	                    (16, 0.1853020191192627),
[92mINFO [0m:      	                    (17, 0.1667718142271042),
INFO:flwr:	                    (17, 0.1667718142271042),
[92mINFO [0m:      	                    (18, 0.1500946283340454),
INFO:flwr:	                    (18, 0.1500946283340454),
[92mINFO [0m:      	                    (19, 0.13508516550064087),
INFO:flwr:	                    (19, 0.13508516550064087),
[92mINFO [0m:      	                    (20, 0.12157665193080902),
INFO:flwr:	                    (20, 0.12157665193080902),
[92mINFO [0m:      	                    (21, 0.10941898822784424),
INFO:flwr:	                    (21, 0.10941898822784424),
[92mINFO [0m:      	                    (22, 0.0984770879149437),
INFO:flwr:	                    (22, 0.0984770879149437),
[92mINFO [0m:      	                    (23, 0.08862937986850739),
INFO:flwr:	                    (23, 0.08862937986850739),
[92mINFO [0m:      	                    (24, 0.07976644486188889),
INFO:flwr:	                    (24, 0.07976644486188889),
[92mINFO [0m:      	                    (25, 0.07178980112075806),
INFO:flwr:	                    (25, 0.07178980112075806),
[92mINFO [0m:      	                    (26, 0.06461081653833389),
INFO:flwr:	                    (26, 0.06461081653833389),
[92mINFO [0m:      	                    (27, 0.05814973637461662),
INFO:flwr:	                    (27, 0.05814973637461662),
[92mINFO [0m:      	                    (28, 0.05233476310968399),
INFO:flwr:	                    (28, 0.05233476310968399),
[92mINFO [0m:      	                    (29, 0.04710128530859947),
INFO:flwr:	                    (29, 0.04710128530859947),
[92mINFO [0m:      	                    (30, 0.042391158640384674),
INFO:flwr:	                    (30, 0.042391158640384674),
[92mINFO [0m:      	                    (31, 0.03815204277634621),
INFO:flwr:	                    (31, 0.03815204277634621),
[92mINFO [0m:      	                    (32, 0.034336838871240616),
INFO:flwr:	                    (32, 0.034336838871240616),
[92mINFO [0m:      	                    (33, 0.030903154984116554),
INFO:flwr:	                    (33, 0.030903154984116554),
[92mINFO [0m:      	                    (34, 0.027812838554382324),
INFO:flwr:	                    (34, 0.027812838554382324),
[92mINFO [0m:      	                    (35, 0.02503155544400215),
INFO:flwr:	                    (35, 0.02503155544400215),
[92mINFO [0m:      	                    (36, 0.022528398782014847),
INFO:flwr:	                    (36, 0.022528398782014847),
[92mINFO [0m:      	                    (37, 0.020275559276342392),
INFO:flwr:	                    (37, 0.020275559276342392),
[92mINFO [0m:      	                    (38, 0.018248002976179123),
INFO:flwr:	                    (38, 0.018248002976179123),
[92mINFO [0m:      	                    (39, 0.01642320305109024),
INFO:flwr:	                    (39, 0.01642320305109024),
[92mINFO [0m:      	                    (40, 0.014780882745981216),
INFO:flwr:	                    (40, 0.014780882745981216),
[92mINFO [0m:      	                    (41, 0.01330279465764761),
INFO:flwr:	                    (41, 0.01330279465764761),
[92mINFO [0m:      	                    (42, 0.011972514912486076),
INFO:flwr:	                    (42, 0.011972514912486076),
[92mINFO [0m:      	                    (43, 0.010775263421237469),
INFO:flwr:	                    (43, 0.010775263421237469),
[92mINFO [0m:      	                    (44, 0.00969773717224598),
INFO:flwr:	                    (44, 0.00969773717224598),
[92mINFO [0m:      	                    (45, 0.008727964013814926),
INFO:flwr:	                    (45, 0.008727964013814926),
[92mINFO [0m:      	                    (46, 0.007855167612433434),
INFO:flwr:	                    (46, 0.007855167612433434),
[92mINFO [0m:      	                    (47, 0.007069650571793318),
INFO:flwr:	                    (47, 0.007069650571793318),
[92mINFO [0m:      	                    (48, 0.006362685468047857),
INFO:flwr:	                    (48, 0.006362685468047857),
[92mINFO [0m:      	                    (49, 0.005726417060941458),
INFO:flwr:	                    (49, 0.005726417060941458),
[92mINFO [0m:      	                    (50, 0.005153775215148926)],
INFO:flwr:	                    (50, 0.005153775215148926)],
[92mINFO [0m:      	 'server_round': [(1, 1),
INFO:flwr:	 'server_round': [(1, 1),
[92mINFO [0m:      	                  (2, 2),
INFO:flwr:	                  (2, 2),
[92mINFO [0m:      	                  (3, 3),
INFO:flwr:	                  (3, 3),
[92mINFO [0m:      	                  (4, 4),
INFO:flwr:	                  (4, 4),
[92mINFO [0m:      	                  (5, 5),
INFO:flwr:	                  (5, 5),
[92mINFO [0m:      	                  (6, 6),
INFO:flwr:	                  (6, 6),
[92mINFO [0m:      	                  (7, 7),
INFO:flwr:	                  (7, 7),
[92mINFO [0m:      	                  (8, 8),
INFO:flwr:	                  (8, 8),
[92mINFO [0m:      	                  (9, 9),
INFO:flwr:	                  (9, 9),
[92mINFO [0m:      	                  (10, 10),
INFO:flwr:	                  (10, 10),
[92mINFO [0m:      	                  (11, 11),
INFO:flwr:	                  (11, 11),
[92mINFO [0m:      	                  (12, 12),
INFO:flwr:	                  (12, 12),
[92mINFO [0m:      	                  (13, 13),
INFO:flwr:	                  (13, 13),
[92mINFO [0m:      	                  (14, 14),
INFO:flwr:	                  (14, 14),
[92mINFO [0m:      	                  (15, 15),
INFO:flwr:	                  (15, 15),
[92mINFO [0m:      	                  (16, 16),
INFO:flwr:	                  (16, 16),
[92mINFO [0m:      	                  (17, 17),
INFO:flwr:	                  (17, 17),
[92mINFO [0m:      	                  (18, 18),
INFO:flwr:	                  (18, 18),
[92mINFO [0m:      	                  (19, 19),
INFO:flwr:	                  (19, 19),
[92mINFO [0m:      	                  (20, 20),
INFO:flwr:	                  (20, 20),
[92mINFO [0m:      	                  (21, 21),
INFO:flwr:	                  (21, 21),
[92mINFO [0m:      	                  (22, 22),
INFO:flwr:	                  (22, 22),
[92mINFO [0m:      	                  (23, 23),
INFO:flwr:	                  (23, 23),
[92mINFO [0m:      	                  (24, 24),
INFO:flwr:	                  (24, 24),
[92mINFO [0m:      	                  (25, 25),
INFO:flwr:	                  (25, 25),
[92mINFO [0m:      	                  (26, 26),
INFO:flwr:	                  (26, 26),
[92mINFO [0m:      	                  (27, 27),
INFO:flwr:	                  (27, 27),
[92mINFO [0m:      	                  (28, 28),
INFO:flwr:	                  (28, 28),
[92mINFO [0m:      	                  (29, 29),
INFO:flwr:	                  (29, 29),
[92mINFO [0m:      	                  (30, 30),
INFO:flwr:	                  (30, 30),
[92mINFO [0m:      	                  (31, 31),
INFO:flwr:	                  (31, 31),
[92mINFO [0m:      	                  (32, 32),
INFO:flwr:	                  (32, 32),
[92mINFO [0m:      	                  (33, 33),
INFO:flwr:	                  (33, 33),
[92mINFO [0m:      	                  (34, 34),
INFO:flwr:	                  (34, 34),
[92mINFO [0m:      	                  (35, 35),
INFO:flwr:	                  (35, 35),
[92mINFO [0m:      	                  (36, 36),
INFO:flwr:	                  (36, 36),
[92mINFO [0m:      	                  (37, 37),
INFO:flwr:	                  (37, 37),
[92mINFO [0m:      	                  (38, 38),
INFO:flwr:	                  (38, 38),
[92mINFO [0m:      	                  (39, 39),
INFO:flwr:	                  (39, 39),
[92mINFO [0m:      	                  (40, 40),
INFO:flwr:	                  (40, 40),
[92mINFO [0m:      	                  (41, 41),
INFO:flwr:	                  (41, 41),
[92mINFO [0m:      	                  (42, 42),
INFO:flwr:	                  (42, 42),
[92mINFO [0m:      	                  (43, 43),
INFO:flwr:	                  (43, 43),
[92mINFO [0m:      	                  (44, 44),
INFO:flwr:	                  (44, 44),
[92mINFO [0m:      	                  (45, 45),
INFO:flwr:	                  (45, 45),
[92mINFO [0m:      	                  (46, 46),
INFO:flwr:	                  (46, 46),
[92mINFO [0m:      	                  (47, 47),
INFO:flwr:	                  (47, 47),
[92mINFO [0m:      	                  (48, 48),
INFO:flwr:	                  (48, 48),
[92mINFO [0m:      	                  (49, 49),
INFO:flwr:	                  (49, 49),
[92mINFO [0m:      	                  (50, 50)]}
INFO:flwr:	                  (50, 50)]}
[92mINFO [0m:      	History (metrics, distributed, evaluate):
INFO:flwr:	History (metrics, distributed, evaluate):
[92mINFO [0m:      	{'accuracy': [(1, 0.9540666666666666),
INFO:flwr:	{'accuracy': [(1, 0.9540666666666666),
[92mINFO [0m:      	              (2, 0.9542),
INFO:flwr:	              (2, 0.9542),
[92mINFO [0m:      	              (3, 0.9588666666666666),
INFO:flwr:	              (3, 0.9588666666666666),
[92mINFO [0m:      	              (4, 0.9561666666666667),
INFO:flwr:	              (4, 0.9561666666666667),
[92mINFO [0m:      	              (5, 0.9554),
INFO:flwr:	              (5, 0.9554),
[92mINFO [0m:      	              (6, 0.9553666666666667),
INFO:flwr:	              (6, 0.9553666666666667),
[92mINFO [0m:      	              (7, 0.9579666666666666),
INFO:flwr:	              (7, 0.9579666666666666),
[92mINFO [0m:      	              (8, 0.956),
INFO:flwr:	              (8, 0.956),
[92mINFO [0m:      	              (9, 0.9550333333333333),
INFO:flwr:	              (9, 0.9550333333333333),
[92mINFO [0m:      	              (10, 0.9580666666666666),
INFO:flwr:	              (10, 0.9580666666666666),
[92mINFO [0m:      	              (11, 0.9574333333333334),
INFO:flwr:	              (11, 0.9574333333333334),
[92mINFO [0m:      	              (12, 0.9589666666666666),
INFO:flwr:	              (12, 0.9589666666666666),
[92mINFO [0m:      	              (13, 0.9460333333333333),
INFO:flwr:	              (13, 0.9460333333333333),
[92mINFO [0m:      	              (14, 0.9582),
INFO:flwr:	              (14, 0.9582),
[92mINFO [0m:      	              (15, 0.9596),
INFO:flwr:	              (15, 0.9596),
[92mINFO [0m:      	              (16, 0.9592),
INFO:flwr:	              (16, 0.9592),
[92mINFO [0m:      	              (17, 0.9603666666666667),
INFO:flwr:	              (17, 0.9603666666666667),
[92mINFO [0m:      	              (18, 0.9594333333333334),
INFO:flwr:	              (18, 0.9594333333333334),
[92mINFO [0m:      	              (19, 0.9617333333333333),
INFO:flwr:	              (19, 0.9617333333333333),
[92mINFO [0m:      	              (20, 0.9613666666666667),
INFO:flwr:	              (20, 0.9613666666666667),
[92mINFO [0m:      	              (21, 0.963),
INFO:flwr:	              (21, 0.963),
[92mINFO [0m:      	              (22, 0.9637),
INFO:flwr:	              (22, 0.9637),
[92mINFO [0m:      	              (23, 0.9616666666666667),
INFO:flwr:	              (23, 0.9616666666666667),
[92mINFO [0m:      	              (24, 0.9630333333333333),
INFO:flwr:	              (24, 0.9630333333333333),
[92mINFO [0m:      	              (25, 0.9633),
INFO:flwr:	              (25, 0.9633),
[92mINFO [0m:      	              (26, 0.9511666666666667),
INFO:flwr:	              (26, 0.9511666666666667),
[92mINFO [0m:      	              (27, 0.9625),
INFO:flwr:	              (27, 0.9625),
[92mINFO [0m:      	              (28, 0.9631333333333333),
INFO:flwr:	              (28, 0.9631333333333333),
[92mINFO [0m:      	              (29, 0.9647),
INFO:flwr:	              (29, 0.9647),
[92mINFO [0m:      	              (30, 0.966),
INFO:flwr:	              (30, 0.966),
[92mINFO [0m:      	              (31, 0.9539333333333333),
INFO:flwr:	              (31, 0.9539333333333333),
[92mINFO [0m:      	              (32, 0.9664),
INFO:flwr:	              (32, 0.9664),
[92mINFO [0m:      	              (33, 0.9672666666666667),
INFO:flwr:	              (33, 0.9672666666666667),
[92mINFO [0m:      	              (34, 0.9663666666666667),
INFO:flwr:	              (34, 0.9663666666666667),
[92mINFO [0m:      	              (35, 0.9671666666666666),
INFO:flwr:	              (35, 0.9671666666666666),
[92mINFO [0m:      	              (36, 0.9668333333333333),
INFO:flwr:	              (36, 0.9668333333333333),
[92mINFO [0m:      	              (37, 0.9670333333333333),
INFO:flwr:	              (37, 0.9670333333333333),
[92mINFO [0m:      	              (38, 0.9691666666666666),
INFO:flwr:	              (38, 0.9691666666666666),
[92mINFO [0m:      	              (39, 0.9677333333333333),
INFO:flwr:	              (39, 0.9677333333333333),
[92mINFO [0m:      	              (40, 0.9566),
INFO:flwr:	              (40, 0.9566),
[92mINFO [0m:      	              (41, 0.9680333333333333),
INFO:flwr:	              (41, 0.9680333333333333),
[92mINFO [0m:      	              (42, 0.9684333333333334),
INFO:flwr:	              (42, 0.9684333333333334),
[92mINFO [0m:      	              (43, 0.9683),
INFO:flwr:	              (43, 0.9683),
[92mINFO [0m:      	              (44, 0.9694333333333334),
INFO:flwr:	              (44, 0.9694333333333334),
[92mINFO [0m:      	              (45, 0.9706),
INFO:flwr:	              (45, 0.9706),
[92mINFO [0m:      	              (46, 0.9695),
INFO:flwr:	              (46, 0.9695),
[92mINFO [0m:      	              (47, 0.9694333333333334),
INFO:flwr:	              (47, 0.9694333333333334),
[92mINFO [0m:      	              (48, 0.9721),
INFO:flwr:	              (48, 0.9721),
[92mINFO [0m:      	              (49, 0.9704666666666667),
INFO:flwr:	              (49, 0.9704666666666667),
[92mINFO [0m:      	              (50, 0.9716)],
INFO:flwr:	              (50, 0.9716)],
[92mINFO [0m:      	 'auc': [(1, 0.9093483013526267),
INFO:flwr:	 'auc': [(1, 0.9093483013526267),
[92mINFO [0m:      	         (2, 0.9238480182447312),
INFO:flwr:	         (2, 0.9238480182447312),
[92mINFO [0m:      	         (3, 0.9191520918527839),
INFO:flwr:	         (3, 0.9191520918527839),
[92mINFO [0m:      	         (4, 0.9233062441019189),
INFO:flwr:	         (4, 0.9233062441019189),
[92mINFO [0m:      	         (5, 0.9229646272412709),
INFO:flwr:	         (5, 0.9229646272412709),
[92mINFO [0m:      	         (6, 0.9158553475935829),
INFO:flwr:	         (6, 0.9158553475935829),
[92mINFO [0m:      	         (7, 0.917275259515571),
INFO:flwr:	         (7, 0.917275259515571),
[92mINFO [0m:      	         (8, 0.9173437401698649),
INFO:flwr:	         (8, 0.9173437401698649),
[92mINFO [0m:      	         (9, 0.9139795847750865),
INFO:flwr:	         (9, 0.9139795847750865),
[92mINFO [0m:      	         (10, 0.9168928751179617),
INFO:flwr:	         (10, 0.9168928751179617),
[92mINFO [0m:      	         (11, 0.9138790814721609),
INFO:flwr:	         (11, 0.9138790814721609),
[92mINFO [0m:      	         (12, 0.9065683548285624),
INFO:flwr:	         (12, 0.9065683548285624),
[92mINFO [0m:      	         (13, 0.9268858288770052),
INFO:flwr:	         (13, 0.9268858288770052),
[92mINFO [0m:      	         (14, 0.91569191569676),
INFO:flwr:	         (14, 0.91569191569676),
[92mINFO [0m:      	         (15, 0.9117563384712175),
INFO:flwr:	         (15, 0.9117563384712175),
[92mINFO [0m:      	         (16, 0.9159814721610567),
INFO:flwr:	         (16, 0.9159814721610567),
[92mINFO [0m:      	         (17, 0.9123586190625983),
INFO:flwr:	         (17, 0.9123586190625983),
[92mINFO [0m:      	         (18, 0.9125383453916326),
INFO:flwr:	         (18, 0.9125383453916326),
[92mINFO [0m:      	         (19, 0.9117883611198492),
INFO:flwr:	         (19, 0.9117883611198492),
[92mINFO [0m:      	         (20, 0.9146351368354829),
INFO:flwr:	         (20, 0.9146351368354829),
[92mINFO [0m:      	         (21, 0.9130974205725072),
INFO:flwr:	         (21, 0.9130974205725072),
[92mINFO [0m:      	         (22, 0.9100283737024221),
INFO:flwr:	         (22, 0.9100283737024221),
[92mINFO [0m:      	         (23, 0.9147028782636047),
INFO:flwr:	         (23, 0.9147028782636047),
[92mINFO [0m:      	         (24, 0.9123553947782322),
INFO:flwr:	         (24, 0.9123553947782322),
[92mINFO [0m:      	         (25, 0.9130832022648633),
INFO:flwr:	         (25, 0.9130832022648633),
[92mINFO [0m:      	         (26, 0.9167393991821328),
INFO:flwr:	         (26, 0.9167393991821328),
[92mINFO [0m:      	         (27, 0.9058979238754324),
INFO:flwr:	         (27, 0.9058979238754324),
[92mINFO [0m:      	         (28, 0.9106122680088078),
INFO:flwr:	         (28, 0.9106122680088078),
[92mINFO [0m:      	         (29, 0.909682069833281),
INFO:flwr:	         (29, 0.909682069833281),
[92mINFO [0m:      	         (30, 0.9126849952815351),
INFO:flwr:	         (30, 0.9126849952815351),
[92mINFO [0m:      	         (31, 0.9175972318339102),
INFO:flwr:	         (31, 0.9175972318339102),
[92mINFO [0m:      	         (32, 0.9123845548914753),
INFO:flwr:	         (32, 0.9123845548914753),
[92mINFO [0m:      	         (33, 0.9097855614973261),
INFO:flwr:	         (33, 0.9097855614973261),
[92mINFO [0m:      	         (34, 0.9066890217049387),
INFO:flwr:	         (34, 0.9066890217049387),
[92mINFO [0m:      	         (35, 0.8973662787039949),
INFO:flwr:	         (35, 0.8973662787039949),
[92mINFO [0m:      	         (36, 0.8994170808430324),
INFO:flwr:	         (36, 0.8994170808430324),
[92mINFO [0m:      	         (37, 0.9060769738911608),
INFO:flwr:	         (37, 0.9060769738911608),
[92mINFO [0m:      	         (38, 0.9022837055677886),
INFO:flwr:	         (38, 0.9022837055677886),
[92mINFO [0m:      	         (39, 0.9081691412393837),
INFO:flwr:	         (39, 0.9081691412393837),
[92mINFO [0m:      	         (40, 0.9210728530984588),
INFO:flwr:	         (40, 0.9210728530984588),
[92mINFO [0m:      	         (41, 0.909265712488204),
INFO:flwr:	         (41, 0.909265712488204),
[92mINFO [0m:      	         (42, 0.908081251966027),
INFO:flwr:	         (42, 0.908081251966027),
[92mINFO [0m:      	         (43, 0.9069123309216736),
INFO:flwr:	         (43, 0.9069123309216736),
[92mINFO [0m:      	         (44, 0.9054530198175527),
INFO:flwr:	         (44, 0.9054530198175527),
[92mINFO [0m:      	         (45, 0.910494762503932),
INFO:flwr:	         (45, 0.910494762503932),
[92mINFO [0m:      	         (46, 0.9072678829820698),
INFO:flwr:	         (46, 0.9072678829820698),
[92mINFO [0m:      	         (47, 0.9039081000314564),
INFO:flwr:	         (47, 0.9039081000314564),
[92mINFO [0m:      	         (48, 0.9093227430009436),
INFO:flwr:	         (48, 0.9093227430009436),
[92mINFO [0m:      	         (49, 0.9095136678200693),
INFO:flwr:	         (49, 0.9095136678200693),
[92mINFO [0m:      	         (50, 0.9025238754325259)],
INFO:flwr:	         (50, 0.9025238754325259)],
[92mINFO [0m:      	 'f1': [(1, 0.48658718330849476),
INFO:flwr:	 'f1': [(1, 0.48658718330849476),
[92mINFO [0m:      	        (2, 0.5028943560057886),
INFO:flwr:	        (2, 0.5028943560057886),
[92mINFO [0m:      	        (3, 0.5220759101471727),
INFO:flwr:	        (3, 0.5220759101471727),
[92mINFO [0m:      	        (4, 0.5109706210487172),
INFO:flwr:	        (4, 0.5109706210487172),
[92mINFO [0m:      	        (5, 0.5084496693607642),
INFO:flwr:	        (5, 0.5084496693607642),
[92mINFO [0m:      	        (6, 0.5013035381750466),
INFO:flwr:	        (6, 0.5013035381750466),
[92mINFO [0m:      	        (7, 0.5140655105973025),
INFO:flwr:	        (7, 0.5140655105973025),
[92mINFO [0m:      	        (8, 0.5074626865671642),
INFO:flwr:	        (8, 0.5074626865671642),
[92mINFO [0m:      	        (9, 0.5020302694721299),
INFO:flwr:	        (9, 0.5020302694721299),
[92mINFO [0m:      	        (10, 0.5176380368098159),
INFO:flwr:	        (10, 0.5176380368098159),
[92mINFO [0m:      	        (11, 0.5138941758660068),
INFO:flwr:	        (11, 0.5138941758660068),
[92mINFO [0m:      	        (12, 0.5155450609996065),
INFO:flwr:	        (12, 0.5155450609996065),
[92mINFO [0m:      	        (13, 0.476221287609188),
INFO:flwr:	        (13, 0.476221287609188),
[92mINFO [0m:      	        (14, 0.5169491525423728),
INFO:flwr:	        (14, 0.5169491525423728),
[92mINFO [0m:      	        (15, 0.5190476190476191),
INFO:flwr:	        (15, 0.5190476190476191),
[92mINFO [0m:      	        (16, 0.521875),
INFO:flwr:	        (16, 0.521875),
[92mINFO [0m:      	        (17, 0.5234468937875751),
INFO:flwr:	        (17, 0.5234468937875751),
[92mINFO [0m:      	        (18, 0.5221829603455045),
INFO:flwr:	        (18, 0.5221829603455045),
[92mINFO [0m:      	        (19, 0.5298935298935299),
INFO:flwr:	        (19, 0.5298935298935299),
[92mINFO [0m:      	        (20, 0.5317171717171716),
INFO:flwr:	        (20, 0.5317171717171716),
[92mINFO [0m:      	        (21, 0.5378850957535388),
INFO:flwr:	        (21, 0.5378850957535388),
[92mINFO [0m:      	        (22, 0.5352112676056338),
INFO:flwr:	        (22, 0.5352112676056338),
[92mINFO [0m:      	        (23, 0.5366639806607575),
INFO:flwr:	        (23, 0.5366639806607575),
[92mINFO [0m:      	        (24, 0.5365649811951525),
INFO:flwr:	        (24, 0.5365649811951525),
[92mINFO [0m:      	        (25, 0.5383647798742138),
INFO:flwr:	        (25, 0.5383647798742138),
[92mINFO [0m:      	        (26, 0.4970820460006865),
INFO:flwr:	        (26, 0.4970820460006865),
[92mINFO [0m:      	        (27, 0.5318352059925093),
INFO:flwr:	        (27, 0.5318352059925093),
[92mINFO [0m:      	        (28, 0.5356842989084802),
INFO:flwr:	        (28, 0.5356842989084802),
[92mINFO [0m:      	        (29, 0.540962288686606),
INFO:flwr:	        (29, 0.540962288686606),
[92mINFO [0m:      	        (30, 0.5478723404255318),
INFO:flwr:	        (30, 0.5478723404255318),
[92mINFO [0m:      	        (31, 0.5106232294617564),
INFO:flwr:	        (31, 0.5106232294617564),
[92mINFO [0m:      	        (32, 0.5483870967741935),
INFO:flwr:	        (32, 0.5483870967741935),
[92mINFO [0m:      	        (33, 0.5515981735159817),
INFO:flwr:	        (33, 0.5515981735159817),
[92mINFO [0m:      	        (34, 0.5448804691023906),
INFO:flwr:	        (34, 0.5448804691023906),
[92mINFO [0m:      	        (35, 0.5454545454545454),
INFO:flwr:	        (35, 0.5454545454545454),
[92mINFO [0m:      	        (36, 0.5471096950386891),
INFO:flwr:	        (36, 0.5471096950386891),
[92mINFO [0m:      	        (37, 0.5494305239179954),
INFO:flwr:	        (37, 0.5494305239179954),
[92mINFO [0m:      	        (38, 0.5601521635758441),
INFO:flwr:	        (38, 0.5601521635758441),
[92mINFO [0m:      	        (39, 0.5547378104875805),
INFO:flwr:	        (39, 0.5547378104875805),
[92mINFO [0m:      	        (40, 0.5195571955719557),
INFO:flwr:	        (40, 0.5195571955719557),
[92mINFO [0m:      	        (41, 0.5590804597701149),
INFO:flwr:	        (41, 0.5590804597701149),
[92mINFO [0m:      	        (42, 0.5560243788091891),
INFO:flwr:	        (42, 0.5560243788091891),
[92mINFO [0m:      	        (43, 0.5528913963328632),
INFO:flwr:	        (43, 0.5528913963328632),
[92mINFO [0m:      	        (44, 0.5546381738708112),
INFO:flwr:	        (44, 0.5546381738708112),
[92mINFO [0m:      	        (45, 0.5680705190989227),
INFO:flwr:	        (45, 0.5680705190989227),
[92mINFO [0m:      	        (46, 0.5615716339242932),
INFO:flwr:	        (46, 0.5615716339242932),
[92mINFO [0m:      	        (47, 0.5618729096989966),
INFO:flwr:	        (47, 0.5618729096989966),
[92mINFO [0m:      	        (48, 0.5804511278195489),
INFO:flwr:	        (48, 0.5804511278195489),
[92mINFO [0m:      	        (49, 0.5748560460652592),
INFO:flwr:	        (49, 0.5748560460652592),
[92mINFO [0m:      	        (50, 0.5709969788519638)],
INFO:flwr:	        (50, 0.5709969788519638)],
[92mINFO [0m:      	 'precision': [(1, 0.4122474747474747),
INFO:flwr:	 'precision': [(1, 0.4122474747474747),
[92mINFO [0m:      	               (2, 0.4176682692307692),
INFO:flwr:	               (2, 0.4176682692307692),
[92mINFO [0m:      	               (3, 0.45479082321187586),
INFO:flwr:	               (3, 0.45479082321187586),
[92mINFO [0m:      	               (4, 0.43234738829452485),
INFO:flwr:	               (4, 0.43234738829452485),
[92mINFO [0m:      	               (5, 0.42663378545006164),
INFO:flwr:	               (5, 0.42663378545006164),
[92mINFO [0m:      	               (6, 0.4246056782334384),
INFO:flwr:	               (6, 0.4246056782334384),
[92mINFO [0m:      	               (7, 0.4461538461538461),
INFO:flwr:	               (7, 0.4461538461538461),
[92mINFO [0m:      	               (8, 0.43037974683544306),
INFO:flwr:	               (8, 0.43037974683544306),
[92mINFO [0m:      	               (9, 0.42262274704785574),
INFO:flwr:	               (9, 0.42262274704785574),
[92mINFO [0m:      	               (10, 0.4476127320954907),
INFO:flwr:	               (10, 0.4476127320954907),
[92mINFO [0m:      	               (11, 0.44204322200392926),
INFO:flwr:	               (11, 0.44204322200392926),
[92mINFO [0m:      	               (12, 0.45454545454545453),
INFO:flwr:	               (12, 0.45454545454545453),
[92mINFO [0m:      	               (13, 0.36966348568558516),
INFO:flwr:	               (13, 0.36966348568558516),
[92mINFO [0m:      	               (14, 0.4485294117647059),
INFO:flwr:	               (14, 0.4485294117647059),
[92mINFO [0m:      	               (15, 0.46056338028169014),
INFO:flwr:	               (15, 0.46056338028169014),
[92mINFO [0m:      	               (16, 0.4575342465753425),
INFO:flwr:	               (16, 0.4575342465753425),
[92mINFO [0m:      	               (17, 0.468100358422939),
INFO:flwr:	               (17, 0.468100358422939),
[92mINFO [0m:      	               (18, 0.45957152729785766),
INFO:flwr:	               (18, 0.45957152729785766),
[92mINFO [0m:      	               (19, 0.4821162444113264),
INFO:flwr:	               (19, 0.4821162444113264),
[92mINFO [0m:      	               (20, 0.4785454545454545),
INFO:flwr:	               (20, 0.4785454545454545),
[92mINFO [0m:      	               (21, 0.4961597542242703),
INFO:flwr:	               (21, 0.4961597542242703),
[92mINFO [0m:      	               (22, 0.504424778761062),
INFO:flwr:	               (22, 0.504424778761062),
[92mINFO [0m:      	               (23, 0.4819102749638205),
INFO:flwr:	               (23, 0.4819102749638205),
[92mINFO [0m:      	               (24, 0.4965197215777262),
INFO:flwr:	               (24, 0.4965197215777262),
[92mINFO [0m:      	               (25, 0.49961089494163424),
INFO:flwr:	               (25, 0.49961089494163424),
[92mINFO [0m:      	               (26, 0.39933811362382793),
INFO:flwr:	               (26, 0.39933811362382793),
[92mINFO [0m:      	               (27, 0.4904067536454336),
INFO:flwr:	               (27, 0.4904067536454336),
[92mINFO [0m:      	               (28, 0.49765990639625585),
INFO:flwr:	               (28, 0.49765990639625585),
[92mINFO [0m:      	               (29, 0.5169842584921293),
INFO:flwr:	               (29, 0.5169842584921293),
[92mINFO [0m:      	               (30, 0.5346020761245674),
INFO:flwr:	               (30, 0.5346020761245674),
[92mINFO [0m:      	               (31, 0.4182134570765661),
INFO:flwr:	               (31, 0.4182134570765661),
[92mINFO [0m:      	               (32, 0.5406360424028268),
INFO:flwr:	               (32, 0.5406360424028268),
[92mINFO [0m:      	               (33, 0.5541284403669725),
INFO:flwr:	               (33, 0.5541284403669725),
[92mINFO [0m:      	               (34, 0.540734109221128),
INFO:flwr:	               (34, 0.540734109221128),
[92mINFO [0m:      	               (35, 0.5538894095595126),
INFO:flwr:	               (35, 0.5538894095595126),
[92mINFO [0m:      	               (36, 0.5478577939835916),
INFO:flwr:	               (36, 0.5478577939835916),
[92mINFO [0m:      	               (37, 0.5506849315068493),
INFO:flwr:	               (37, 0.5506849315068493),
[92mINFO [0m:      	               (38, 0.5872382851445663),
INFO:flwr:	               (38, 0.5872382851445663),
[92mINFO [0m:      	               (39, 0.5614525139664804),
INFO:flwr:	               (39, 0.5614525139664804),
[92mINFO [0m:      	               (40, 0.43726708074534154),
INFO:flwr:	               (40, 0.43726708074534154),
[92mINFO [0m:      	               (41, 0.5655813953488372),
INFO:flwr:	               (41, 0.5655813953488372),
[92mINFO [0m:      	               (42, 0.57405614714424),
INFO:flwr:	               (42, 0.57405614714424),
[92mINFO [0m:      	               (43, 0.572541382667965),
INFO:flwr:	               (43, 0.572541382667965),
[92mINFO [0m:      	               (44, 0.5954118873826904),
INFO:flwr:	               (44, 0.5954118873826904),
[92mINFO [0m:      	               (45, 0.6157112526539278),
INFO:flwr:	               (45, 0.6157112526539278),
[92mINFO [0m:      	               (46, 0.5937183383991894),
INFO:flwr:	               (46, 0.5937183383991894),
[92mINFO [0m:      	               (47, 0.59214501510574),
INFO:flwr:	               (47, 0.59214501510574),
[92mINFO [0m:      	               (48, 0.6469273743016761),
INFO:flwr:	               (48, 0.6469273743016761),
[92mINFO [0m:      	               (49, 0.608739837398374),
INFO:flwr:	               (49, 0.608739837398374),
[92mINFO [0m:      	               (50, 0.6399548532731377)],
INFO:flwr:	               (50, 0.6399548532731377)],
[92mINFO [0m:      	 'recall': [(1, 0.5936363636363636),
INFO:flwr:	 'recall': [(1, 0.5936363636363636),
[92mINFO [0m:      	            (2, 0.6318181818181818),
INFO:flwr:	            (2, 0.6318181818181818),
[92mINFO [0m:      	            (3, 0.6127272727272727),
INFO:flwr:	            (3, 0.6127272727272727),
[92mINFO [0m:      	            (4, 0.6245454545454545),
INFO:flwr:	            (4, 0.6245454545454545),
[92mINFO [0m:      	            (5, 0.6290909090909093),
INFO:flwr:	            (5, 0.6290909090909093),
[92mINFO [0m:      	            (6, 0.6118181818181818),
INFO:flwr:	            (6, 0.6118181818181818),
[92mINFO [0m:      	            (7, 0.6063636363636363),
INFO:flwr:	            (7, 0.6063636363636363),
[92mINFO [0m:      	            (8, 0.6181818181818182),
INFO:flwr:	            (8, 0.6181818181818182),
[92mINFO [0m:      	            (9, 0.6181818181818182),
INFO:flwr:	            (9, 0.6181818181818182),
[92mINFO [0m:      	            (10, 0.6136363636363636),
INFO:flwr:	            (10, 0.6136363636363636),
[92mINFO [0m:      	            (11, 0.6136363636363636),
INFO:flwr:	            (11, 0.6136363636363636),
[92mINFO [0m:      	            (12, 0.5954545454545455),
INFO:flwr:	            (12, 0.5954545454545455),
[92mINFO [0m:      	            (13, 0.6690909090909091),
INFO:flwr:	            (13, 0.6690909090909091),
[92mINFO [0m:      	            (14, 0.61),
INFO:flwr:	            (14, 0.61),
[92mINFO [0m:      	            (15, 0.5945454545454547),
INFO:flwr:	            (15, 0.5945454545454547),
[92mINFO [0m:      	            (16, 0.6072727272727273),
INFO:flwr:	            (16, 0.6072727272727273),
[92mINFO [0m:      	            (17, 0.5936363636363636),
INFO:flwr:	            (17, 0.5936363636363636),
[92mINFO [0m:      	            (18, 0.6045454545454545),
INFO:flwr:	            (18, 0.6045454545454545),
[92mINFO [0m:      	            (19, 0.5881818181818181),
INFO:flwr:	            (19, 0.5881818181818181),
[92mINFO [0m:      	            (20, 0.5981818181818181),
INFO:flwr:	            (20, 0.5981818181818181),
[92mINFO [0m:      	            (21, 0.5872727272727274),
INFO:flwr:	            (21, 0.5872727272727274),
[92mINFO [0m:      	            (22, 0.57),
INFO:flwr:	            (22, 0.57),
[92mINFO [0m:      	            (23, 0.6054545454545455),
INFO:flwr:	            (23, 0.6054545454545455),
[92mINFO [0m:      	            (24, 0.5836363636363636),
INFO:flwr:	            (24, 0.5836363636363636),
[92mINFO [0m:      	            (25, 0.5836363636363636),
INFO:flwr:	            (25, 0.5836363636363636),
[92mINFO [0m:      	            (26, 0.6581818181818182),
INFO:flwr:	            (26, 0.6581818181818182),
[92mINFO [0m:      	            (27, 0.5809090909090909),
INFO:flwr:	            (27, 0.5809090909090909),
[92mINFO [0m:      	            (28, 0.58),
INFO:flwr:	            (28, 0.58),
[92mINFO [0m:      	            (29, 0.5672727272727273),
INFO:flwr:	            (29, 0.5672727272727273),
[92mINFO [0m:      	            (30, 0.5618181818181818),
INFO:flwr:	            (30, 0.5618181818181818),
[92mINFO [0m:      	            (31, 0.6554545454545453),
INFO:flwr:	            (31, 0.6554545454545453),
[92mINFO [0m:      	            (32, 0.5563636363636364),
INFO:flwr:	            (32, 0.5563636363636364),
[92mINFO [0m:      	            (33, 0.5490909090909091),
INFO:flwr:	            (33, 0.5490909090909091),
[92mINFO [0m:      	            (34, 0.5490909090909091),
INFO:flwr:	            (34, 0.5490909090909091),
[92mINFO [0m:      	            (35, 0.5372727272727272),
INFO:flwr:	            (35, 0.5372727272727272),
[92mINFO [0m:      	            (36, 0.5463636363636364),
INFO:flwr:	            (36, 0.5463636363636364),
[92mINFO [0m:      	            (37, 0.5481818181818182),
INFO:flwr:	            (37, 0.5481818181818182),
[92mINFO [0m:      	            (38, 0.5354545454545454),
INFO:flwr:	            (38, 0.5354545454545454),
[92mINFO [0m:      	            (39, 0.5481818181818182),
INFO:flwr:	            (39, 0.5481818181818182),
[92mINFO [0m:      	            (40, 0.64),
INFO:flwr:	            (40, 0.64),
[92mINFO [0m:      	            (41, 0.5527272727272727),
INFO:flwr:	            (41, 0.5527272727272727),
[92mINFO [0m:      	            (42, 0.5390909090909091),
INFO:flwr:	            (42, 0.5390909090909091),
[92mINFO [0m:      	            (43, 0.5345454545454545),
INFO:flwr:	            (43, 0.5345454545454545),
[92mINFO [0m:      	            (44, 0.519090909090909),
INFO:flwr:	            (44, 0.519090909090909),
[92mINFO [0m:      	            (45, 0.5272727272727272),
INFO:flwr:	            (45, 0.5272727272727272),
[92mINFO [0m:      	            (46, 0.5327272727272727),
INFO:flwr:	            (46, 0.5327272727272727),
[92mINFO [0m:      	            (47, 0.5345454545454545),
INFO:flwr:	            (47, 0.5345454545454545),
[92mINFO [0m:      	            (48, 0.5263636363636364),
INFO:flwr:	            (48, 0.5263636363636364),
[92mINFO [0m:      	            (49, 0.5445454545454546),
INFO:flwr:	            (49, 0.5445454545454546),
[92mINFO [0m:      	            (50, 0.5154545454545455)]}
INFO:flwr:	            (50, 0.5154545454545455)]}
[92mINFO [0m:      
INFO:flwr:

Training complete in 642.4s (12.8s/round)

[Ray cleanup] Shutting down Ray...
[36m(ClientAppActor pid=238133)[0m [Client 1] Training on NVIDIA GeForce RTX 3060
[36m(ClientAppActor pid=238133)[0m [93mWARNING [0m:   DEPRECATED FEATURE: `client_fn` now expects a signature `def client_fn(context: Context)`.The provided `client_fn` has signature: {'cid': <Parameter "cid: str">}. You can import the `Context` like this: `from flwr.app import Context`[32m [repeated 9x across cluster][0m
[36m(ClientAppActor pid=238133)[0m             This is a deprecated feature. It will be removed[32m [repeated 9x across cluster][0m
[36m(ClientAppActor pid=238133)[0m             entirely in future versions of Flower.[32m [repeated 9x across cluster][0m
[Ray cleanup] Ray shutdown complete.
Metrics saved to: ./results/seed_52/Attack_ModelReplace_10pct.json
Model checkpoint saved to: ./results/seed_52/models/Attack_ModelReplace_10pct.pt
