
==============================================================================
EXPERIMENT: Ablation_NoL3_LabelFlip20pct
SEED:       48
STARTED:    2026-09-15T09:49:59+00:00
TIMEOUT:    180.0 min
COMMAND:
/app/.venv/bin/python train.py --num-clients 10 --num-rounds 50 --nrows 150000 --batch-size 512 --epochs-per-round 10 --results-dir ./results/seed_48 --save-model ./results/seed_48/models/Ablation_NoL3_LabelFlip20pct.pt --seed 48 --run-label Ablation_NoL3_LabelFlip20pct --disable-layer3 --num-adversaries 2 --attack-type label_flip
==============================================================================
Device: cuda
  GPU: NVIDIA GeForce RTX 3060
  VRAM: 12.9 GB

Loading data from: ./data/raw
/app/.venv/lib/python3.14/site-packages/numpy/lib/_function_base_impl.py:3036: RuntimeWarning: invalid value encountered in divide
  c /= stddev[:, None]
/app/.venv/lib/python3.14/site-packages/numpy/lib/_function_base_impl.py:3037: RuntimeWarning: invalid value encountered in divide
  c /= stddev[None, :]
/app/data/loader.py:132: PerformanceWarning: DataFrame is highly fragmented.  This is usually the result of calling `frame.insert` many times, which has poor performance.  Consider joining all columns at once using pd.concat(axis=1) instead. To get a de-fragmented frame, use `newframe = frame.copy()`
  X_df["uid_fraud_mean"] = y_series.groupby(by=uid_series).transform("mean").values
/app/data/loader.py:133: PerformanceWarning: DataFrame is highly fragmented.  This is usually the result of calling `frame.insert` many times, which has poor performance.  Consider joining all columns at once using pd.concat(axis=1) instead. To get a de-fragmented frame, use `newframe = frame.copy()`
  X_df["uid_count"]      = uid_series.groupby(by=uid_series).transform("count").astype(np.float32).values
/app/data/loader.py:134: PerformanceWarning: DataFrame is highly fragmented.  This is usually the result of calling `frame.insert` many times, which has poor performance.  Consider joining all columns at once using pd.concat(axis=1) instead. To get a de-fragmented frame, use `newframe = frame.copy()`
  X_df["uid_amt_mean"]   = amt_series.groupby(by=uid_series).transform("mean").astype(np.float32).values
/app/data/loader.py:135: PerformanceWarning: DataFrame is highly fragmented.  This is usually the result of calling `frame.insert` many times, which has poor performance.  Consider joining all columns at once using pd.concat(axis=1) instead. To get a de-fragmented frame, use `newframe = frame.copy()`
  X_df["uid_amt_std"]    = amt_series.groupby(by=uid_series).transform("std").fillna(0).astype(np.float32).values
/app/data/loader.py:142: PerformanceWarning: DataFrame is highly fragmented.  This is usually the result of calling `frame.insert` many times, which has poor performance.  Consider joining all columns at once using pd.concat(axis=1) instead. To get a de-fragmented frame, use `newframe = frame.copy()`
  X_df["log_TransactionAmt"] = np.log1p(
/app/data/loader.py:147: PerformanceWarning: DataFrame is highly fragmented.  This is usually the result of calling `frame.insert` many times, which has poor performance.  Consider joining all columns at once using pd.concat(axis=1) instead. To get a de-fragmented frame, use `newframe = frame.copy()`
  X_df["amt_uid_ratio"] = (
  Train samples: 120000
  Test samples:  30000
  Input dim: 122
Strategy: CascadeRouter

Starting FL simulation:
  Clients:      10
  Rounds:       50
  Adversaries:  2
  Attack:       label_flip
[93mWARNING [0m:   DEPRECATED FEATURE: flwr.simulation.start_simulation() is deprecated.
	Instead, use the `flwr run` CLI command to start a local simulation in your Flower app, as shown for example below:

		$ flwr new  # Create a new Flower app from a template

		$ flwr run  # Run the Flower app in Simulation Mode

	Using `start_simulation()` is deprecated.

            This is a deprecated feature. It will be removed
            entirely in future versions of Flower.
        
[92mINFO [0m:      Starting Flower simulation, config: num_rounds=50, no round_timeout
2026-09-15 09:50:18,446	INFO worker.py:2024 -- Started a local Ray instance.
[92mINFO [0m:      Flower VCE: Ray initialized with resources: {'memory': 4798411162.0, 'GPU': 1.0, 'node:172.18.0.2': 1.0, 'object_store_memory': 2056461926.0, 'accelerator_type:GeForce-RTX-3060': 1.0, 'CPU': 20.0, 'node:__internal_head__': 1.0}
[92mINFO [0m:      Optimize your simulation with Flower VCE: https://flower.ai/docs/framework/how-to-run-simulations.html
[92mINFO [0m:      Flower VCE: Resources for each Virtual Client: {'num_cpus': 10, 'num_gpus': 0.5}
[92mINFO [0m:      Flower VCE: Creating VirtualClientEngineActorPool with 2 actors
[92mINFO [0m:      [INIT]
[92mINFO [0m:      Requesting initial parameters from one random client
[36m(ClientAppActor pid=40087)[0m [93mWARNING [0m:   DEPRECATED FEATURE: `client_fn` now expects a signature `def client_fn(context: Context)`.The provided `client_fn` has signature: {'cid': <Parameter "cid: str">}. You can import the `Context` like this: `from flwr.app import Context`
[36m(ClientAppActor pid=40087)[0m 
[36m(ClientAppActor pid=40087)[0m             This is a deprecated feature. It will be removed
[36m(ClientAppActor pid=40087)[0m             entirely in future versions of Flower.
[36m(ClientAppActor pid=40087)[0m         
[92mINFO [0m:      Received initial parameters from one random client
[92mINFO [0m:      Starting evaluation of initial global parameters
[92mINFO [0m:      Evaluation returned no results (`None`)
[92mINFO [0m:      
[92mINFO [0m:      [ROUND 1]
[92mINFO [0m:      configure_fit: strategy sampled 10 clients (out of 10)
[36m(ClientAppActor pid=40087)[0m [Client 3] Training on NVIDIA GeForce RTX 3060
[36m(ClientAppActor pid=40087)[0m [93mWARNING [0m:   DEPRECATED FEATURE: `client_fn` now expects a signature `def client_fn(context: Context)`.The provided `client_fn` has signature: {'cid': <Parameter "cid: str">}. You can import the `Context` like this: `from flwr.app import Context`
[36m(ClientAppActor pid=40087)[0m 
[36m(ClientAppActor pid=40087)[0m             This is a deprecated feature. It will be removed
[36m(ClientAppActor pid=40087)[0m             entirely in future versions of Flower.
[36m(ClientAppActor pid=40087)[0m         
[36m(ClientAppActor pid=40094)[0m 
[36m(ClientAppActor pid=40094)[0m         
[36m(ClientAppActor pid=40087)[0m 
[36m(ClientAppActor pid=40087)[0m         
[36m(ClientAppActor pid=40087)[0m 
[36m(ClientAppActor pid=40087)[0m         
[36m(ClientAppActor pid=40087)[0m [Client 2] Training on NVIDIA GeForce RTX 3060[32m [repeated 4x across cluster] (Ray deduplicates logs by default. Set RAY_DEDUP_LOGS=0 to disable log deduplication, or see https://docs.ray.io/en/master/ray-observability/user-guides/configure-logging.html#log-deduplication for more options.)[0m
[36m(ClientAppActor pid=40087)[0m 
[36m(ClientAppActor pid=40087)[0m         
[36m(ClientAppActor pid=40087)[0m [93mWARNING [0m:   DEPRECATED FEATURE: `client_fn` now expects a signature `def client_fn(context: Context)`.The provided `client_fn` has signature: {'cid': <Parameter "cid: str">}. You can import the `Context` like this: `from flwr.app import Context`[32m [repeated 4x across cluster][0m
[36m(ClientAppActor pid=40087)[0m             This is a deprecated feature. It will be removed[32m [repeated 4x across cluster][0m
[36m(ClientAppActor pid=40087)[0m             entirely in future versions of Flower.[32m [repeated 4x across cluster][0m
[36m(ClientAppActor pid=40087)[0m 
[36m(ClientAppActor pid=40087)[0m         
[36m(ClientAppActor pid=40087)[0m 
[36m(ClientAppActor pid=40087)[0m         
[36m(ClientAppActor pid=40087)[0m [Client 9] Training on NVIDIA GeForce RTX 3060[32m [repeated 3x across cluster][0m
[36m(ClientAppActor pid=40087)[0m 
[36m(ClientAppActor pid=40087)[0m         
[36m(ClientAppActor pid=40087)[0m [93mWARNING [0m:   DEPRECATED FEATURE: `client_fn` now expects a signature `def client_fn(context: Context)`.The provided `client_fn` has signature: {'cid': <Parameter "cid: str">}. You can import the `Context` like this: `from flwr.app import Context`[32m [repeated 3x across cluster][0m
[36m(ClientAppActor pid=40087)[0m             This is a deprecated feature. It will be removed[32m [repeated 3x across cluster][0m
[36m(ClientAppActor pid=40087)[0m             entirely in future versions of Flower.[32m [repeated 3x across cluster][0m
[36m(ClientAppActor pid=40094)[0m 
[36m(ClientAppActor pid=40094)[0m         
[36m(ClientAppActor pid=40087)[0m 
[36m(ClientAppActor pid=40087)[0m         
[92mINFO [0m:      aggregate_fit: received 10 results and 0 failures
[CascadeRouter] Round 1: 10 clients, 24578 parameters/client
[92mINFO [0m:      configure_evaluate: strategy sampled 10 clients (out of 10)
INFO:flwr:configure_evaluate: strategy sampled 10 clients (out of 10)
[36m(ClientAppActor pid=40094)[0m 
[36m(ClientAppActor pid=40094)[0m         
[36m(ClientAppActor pid=40087)[0m 
[36m(ClientAppActor pid=40087)[0m         
[36m(ClientAppActor pid=40094)[0m 
[36m(ClientAppActor pid=40094)[0m         
[36m(ClientAppActor pid=40087)[0m 
[36m(ClientAppActor pid=40087)[0m         
[36m(ClientAppActor pid=40094)[0m 
[36m(ClientAppActor pid=40094)[0m         
[36m(ClientAppActor pid=40087)[0m 
[36m(ClientAppActor pid=40087)[0m         
[36m(ClientAppActor pid=40094)[0m 
[36m(ClientAppActor pid=40094)[0m         
[36m(ClientAppActor pid=40087)[0m 
[36m(ClientAppActor pid=40087)[0m         
[36m(ClientAppActor pid=40094)[0m 
[36m(ClientAppActor pid=40094)[0m         
[36m(ClientAppActor pid=40094)[0m [93mWARNING [0m:   DEPRECATED FEATURE: `client_fn` now expects a signature `def client_fn(context: Context)`.The provided `client_fn` has signature: {'cid': <Parameter "cid: str">}. You can import the `Context` like this: `from flwr.app import Context`[32m [repeated 11x across cluster][0m
[36m(ClientAppActor pid=40094)[0m             This is a deprecated feature. It will be removed[32m [repeated 11x across cluster][0m
[36m(ClientAppActor pid=40094)[0m             entirely in future versions of Flower.[32m [repeated 11x across cluster][0m
[36m(ClientAppActor pid=40087)[0m 
[36m(ClientAppActor pid=40087)[0m         
[92mINFO [0m:      aggregate_evaluate: received 10 results and 0 failures
INFO:flwr:aggregate_evaluate: received 10 results and 0 failures
[92mINFO [0m:      
INFO:flwr:
[92mINFO [0m:      [ROUND 2]
INFO:flwr:[ROUND 2]
[92mINFO [0m:      configure_fit: strategy sampled 10 clients (out of 10)
INFO:flwr:configure_fit: strategy sampled 10 clients (out of 10)
[36m(ClientAppActor pid=40087)[0m [Client 9] Training on NVIDIA GeForce RTX 3060[32m [repeated 3x across cluster][0m
[36m(ClientAppActor pid=40087)[0m 
[36m(ClientAppActor pid=40087)[0m         
[36m(ClientAppActor pid=40094)[0m 
[36m(ClientAppActor pid=40094)[0m         
[36m(ClientAppActor pid=40087)[0m 
[36m(ClientAppActor pid=40087)[0m         
[36m(ClientAppActor pid=40087)[0m 
[36m(ClientAppActor pid=40087)[0m         
[36m(ClientAppActor pid=40087)[0m 
[36m(ClientAppActor pid=40087)[0m         
[36m(ClientAppActor pid=40094)[0m 
[36m(ClientAppActor pid=40094)[0m         
[36m(ClientAppActor pid=40094)[0m [Client 5] Training on NVIDIA GeForce RTX 3060[32m [repeated 6x across cluster][0m
[36m(ClientAppActor pid=40094)[0m 
[36m(ClientAppActor pid=40094)[0m         
[36m(ClientAppActor pid=40094)[0m [93mWARNING [0m:   DEPRECATED FEATURE: `client_fn` now expects a signature `def client_fn(context: Context)`.The provided `client_fn` has signature: {'cid': <Parameter "cid: str">}. You can import the `Context` like this: `from flwr.app import Context`[32m [repeated 8x across cluster][0m
[36m(ClientAppActor pid=40094)[0m             This is a deprecated feature. It will be removed[32m [repeated 8x across cluster][0m
[36m(ClientAppActor pid=40094)[0m             entirely in future versions of Flower.[32m [repeated 8x across cluster][0m
[36m(ClientAppActor pid=40094)[0m 
[36m(ClientAppActor pid=40094)[0m         
[36m(ClientAppActor pid=40094)[0m 
[36m(ClientAppActor pid=40094)[0m         
[36m(ClientAppActor pid=40087)[0m [Client 3] Training on NVIDIA GeForce RTX 3060[32m [repeated 3x across cluster][0m
[36m(ClientAppActor pid=40087)[0m 
[36m(ClientAppActor pid=40087)[0m         
[36m(ClientAppActor pid=40087)[0m [93mWARNING [0m:   DEPRECATED FEATURE: `client_fn` now expects a signature `def client_fn(context: Context)`.The provided `client_fn` has signature: {'cid': <Parameter "cid: str">}. You can import the `Context` like this: `from flwr.app import Context`[32m [repeated 3x across cluster][0m
[36m(ClientAppActor pid=40087)[0m             This is a deprecated feature. It will be removed[32m [repeated 3x across cluster][0m
[36m(ClientAppActor pid=40087)[0m             entirely in future versions of Flower.[32m [repeated 3x across cluster][0m
[92mINFO [0m:      aggregate_fit: received 10 results and 0 failures
INFO:flwr:aggregate_fit: received 10 results and 0 failures
[CascadeRouter] Round 2: 10 clients, 24578 parameters/client
[92mINFO [0m:      configure_evaluate: strategy sampled 10 clients (out of 10)
INFO:flwr:configure_evaluate: strategy sampled 10 clients (out of 10)
[36m(ClientAppActor pid=40087)[0m 
[36m(ClientAppActor pid=40087)[0m         
[36m(ClientAppActor pid=40094)[0m 
[36m(ClientAppActor pid=40094)[0m         
[36m(ClientAppActor pid=40087)[0m 
[36m(ClientAppActor pid=40087)[0m         
[36m(ClientAppActor pid=40094)[0m 
[36m(ClientAppActor pid=40094)[0m         
[36m(ClientAppActor pid=40094)[0m 
[36m(ClientAppActor pid=40094)[0m         
[36m(ClientAppActor pid=40087)[0m 
[36m(ClientAppActor pid=40087)[0m         
[36m(ClientAppActor pid=40087)[0m 
[36m(ClientAppActor pid=40087)[0m         
[36m(ClientAppActor pid=40094)[0m 
[36m(ClientAppActor pid=40094)[0m         
[36m(ClientAppActor pid=40087)[0m 
[36m(ClientAppActor pid=40087)[0m         
[36m(ClientAppActor pid=40094)[0m 
[36m(ClientAppActor pid=40094)[0m         
[92mINFO [0m:      aggregate_evaluate: received 10 results and 0 failures
INFO:flwr:aggregate_evaluate: received 10 results and 0 failures
[92mINFO [0m:      
INFO:flwr:
[92mINFO [0m:      [ROUND 3]
INFO:flwr:[ROUND 3]
[92mINFO [0m:      configure_fit: strategy sampled 10 clients (out of 10)
INFO:flwr:configure_fit: strategy sampled 10 clients (out of 10)
[36m(ClientAppActor pid=40094)[0m 
[36m(ClientAppActor pid=40094)[0m         
[36m(ClientAppActor pid=40087)[0m 
[36m(ClientAppActor pid=40087)[0m         
[36m(ClientAppActor pid=40094)[0m 
[36m(ClientAppActor pid=40094)[0m         
[36m(ClientAppActor pid=40094)[0m 
[36m(ClientAppActor pid=40094)[0m         
[36m(ClientAppActor pid=40087)[0m 
[36m(ClientAppActor pid=40087)[0m         
[36m(ClientAppActor pid=40087)[0m 
[36m(ClientAppActor pid=40087)[0m         
[36m(ClientAppActor pid=40087)[0m 
[36m(ClientAppActor pid=40087)[0m         
[36m(ClientAppActor pid=40087)[0m [Client 0] Training on NVIDIA GeForce RTX 3060[32m [repeated 8x across cluster][0m
[36m(ClientAppActor pid=40087)[0m 
[36m(ClientAppActor pid=40087)[0m         
[36m(ClientAppActor pid=40087)[0m [93mWARNING [0m:   DEPRECATED FEATURE: `client_fn` now expects a signature `def client_fn(context: Context)`.The provided `client_fn` has signature: {'cid': <Parameter "cid: str">}. You can import the `Context` like this: `from flwr.app import Context`[32m [repeated 18x across cluster][0m
[36m(ClientAppActor pid=40087)[0m             This is a deprecated feature. It will be removed[32m [repeated 18x across cluster][0m
[36m(ClientAppActor pid=40087)[0m             entirely in future versions of Flower.[32m [repeated 18x across cluster][0m
[36m(ClientAppActor pid=40094)[0m 
[36m(ClientAppActor pid=40094)[0m         
[36m(ClientAppActor pid=40087)[0m [Client 3] Training on NVIDIA GeForce RTX 3060[32m [repeated 2x across cluster][0m
[36m(ClientAppActor pid=40087)[0m 
[36m(ClientAppActor pid=40087)[0m         
[36m(ClientAppActor pid=40087)[0m [93mWARNING [0m:   DEPRECATED FEATURE: `client_fn` now expects a signature `def client_fn(context: Context)`.The provided `client_fn` has signature: {'cid': <Parameter "cid: str">}. You can import the `Context` like this: `from flwr.app import Context`[32m [repeated 2x across cluster][0m
[36m(ClientAppActor pid=40087)[0m             This is a deprecated feature. It will be removed[32m [repeated 2x across cluster][0m
[36m(ClientAppActor pid=40087)[0m             entirely in future versions of Flower.[32m [repeated 2x across cluster][0m
[92mINFO [0m:      aggregate_fit: received 10 results and 0 failures
INFO:flwr:aggregate_fit: received 10 results and 0 failures
[CascadeRouter] Round 3: 10 clients, 24578 parameters/client
[92mINFO [0m:      configure_evaluate: strategy sampled 10 clients (out of 10)
INFO:flwr:configure_evaluate: strategy sampled 10 clients (out of 10)
[36m(ClientAppActor pid=40094)[0m 
[36m(ClientAppActor pid=40094)[0m         
[36m(ClientAppActor pid=40087)[0m 
[36m(ClientAppActor pid=40087)[0m         
[36m(ClientAppActor pid=40094)[0m 
[36m(ClientAppActor pid=40094)[0m         
[36m(ClientAppActor pid=40087)[0m 
[36m(ClientAppActor pid=40087)[0m         
[36m(ClientAppActor pid=40094)[0m 
[36m(ClientAppActor pid=40094)[0m         
[36m(ClientAppActor pid=40087)[0m 
[36m(ClientAppActor pid=40087)[0m         
[36m(ClientAppActor pid=40094)[0m 
[36m(ClientAppActor pid=40094)[0m         
[36m(ClientAppActor pid=40087)[0m 
[36m(ClientAppActor pid=40087)[0m         
[36m(ClientAppActor pid=40094)[0m 
[36m(ClientAppActor pid=40094)[0m         
[36m(ClientAppActor pid=40087)[0m 
[36m(ClientAppActor pid=40087)[0m         
[92mINFO [0m:      aggregate_evaluate: received 10 results and 0 failures
INFO:flwr:aggregate_evaluate: received 10 results and 0 failures
[92mINFO [0m:      
INFO:flwr:
[92mINFO [0m:      [ROUND 4]
INFO:flwr:[ROUND 4]
[92mINFO [0m:      configure_fit: strategy sampled 10 clients (out of 10)
INFO:flwr:configure_fit: strategy sampled 10 clients (out of 10)
[36m(ClientAppActor pid=40094)[0m 
[36m(ClientAppActor pid=40094)[0m         
[36m(ClientAppActor pid=40087)[0m 
[36m(ClientAppActor pid=40087)[0m         
[36m(ClientAppActor pid=40094)[0m 
[36m(ClientAppActor pid=40094)[0m         
[36m(ClientAppActor pid=40094)[0m 
[36m(ClientAppActor pid=40094)[0m         
[36m(ClientAppActor pid=40094)[0m [Client 9] Training on NVIDIA GeForce RTX 3060[32m [repeated 5x across cluster][0m
[36m(ClientAppActor pid=40094)[0m 
[36m(ClientAppActor pid=40094)[0m         
[36m(ClientAppActor pid=40094)[0m [93mWARNING [0m:   DEPRECATED FEATURE: `client_fn` now expects a signature `def client_fn(context: Context)`.The provided `client_fn` has signature: {'cid': <Parameter "cid: str">}. You can import the `Context` like this: `from flwr.app import Context`[32m [repeated 15x across cluster][0m
[36m(ClientAppActor pid=40094)[0m             This is a deprecated feature. It will be removed[32m [repeated 15x across cluster][0m
[36m(ClientAppActor pid=40094)[0m             entirely in future versions of Flower.[32m [repeated 15x across cluster][0m
[36m(ClientAppActor pid=40094)[0m 
[36m(ClientAppActor pid=40094)[0m         
[36m(ClientAppActor pid=40087)[0m [Client 3] Training on NVIDIA GeForce RTX 3060[32m [repeated 2x across cluster][0m
[36m(ClientAppActor pid=40087)[0m 
[36m(ClientAppActor pid=40087)[0m         
[36m(ClientAppActor pid=40087)[0m [93mWARNING [0m:   DEPRECATED FEATURE: `client_fn` now expects a signature `def client_fn(context: Context)`.The provided `client_fn` has signature: {'cid': <Parameter "cid: str">}. You can import the `Context` like this: `from flwr.app import Context`[32m [repeated 2x across cluster][0m
[36m(ClientAppActor pid=40087)[0m             This is a deprecated feature. It will be removed[32m [repeated 2x across cluster][0m
[36m(ClientAppActor pid=40087)[0m             entirely in future versions of Flower.[32m [repeated 2x across cluster][0m
[36m(ClientAppActor pid=40094)[0m 
[36m(ClientAppActor pid=40094)[0m         
[36m(ClientAppActor pid=40087)[0m 
[36m(ClientAppActor pid=40087)[0m         
[36m(ClientAppActor pid=40094)[0m 
[36m(ClientAppActor pid=40094)[0m         
[92mINFO [0m:      aggregate_fit: received 10 results and 0 failures
INFO:flwr:aggregate_fit: received 10 results and 0 failures
[CascadeRouter] Round 4: 10 clients, 24578 parameters/client
[92mINFO [0m:      configure_evaluate: strategy sampled 10 clients (out of 10)
INFO:flwr:configure_evaluate: strategy sampled 10 clients (out of 10)
[36m(ClientAppActor pid=40094)[0m 
[36m(ClientAppActor pid=40094)[0m         
[36m(ClientAppActor pid=40087)[0m 
[36m(ClientAppActor pid=40087)[0m         
[36m(ClientAppActor pid=40094)[0m 
[36m(ClientAppActor pid=40094)[0m         
[36m(ClientAppActor pid=40087)[0m 
[36m(ClientAppActor pid=40087)[0m         
[36m(ClientAppActor pid=40094)[0m 
[36m(ClientAppActor pid=40094)[0m         
[36m(ClientAppActor pid=40087)[0m 
[36m(ClientAppActor pid=40087)[0m         
[36m(ClientAppActor pid=40094)[0m 
[36m(ClientAppActor pid=40094)[0m         
[36m(ClientAppActor pid=40087)[0m 
[36m(ClientAppActor pid=40087)[0m         
[36m(ClientAppActor pid=40094)[0m 
[36m(ClientAppActor pid=40094)[0m         
[36m(ClientAppActor pid=40087)[0m 
[36m(ClientAppActor pid=40087)[0m         
[92mINFO [0m:      aggregate_evaluate: received 10 results and 0 failures
INFO:flwr:aggregate_evaluate: received 10 results and 0 failures
[92mINFO [0m:      
INFO:flwr:
[92mINFO [0m:      [ROUND 5]
INFO:flwr:[ROUND 5]
[92mINFO [0m:      configure_fit: strategy sampled 10 clients (out of 10)
INFO:flwr:configure_fit: strategy sampled 10 clients (out of 10)
[36m(ClientAppActor pid=40087)[0m 
[36m(ClientAppActor pid=40087)[0m         
[36m(ClientAppActor pid=40094)[0m [Client 6] Training on NVIDIA GeForce RTX 3060[32m [repeated 5x across cluster][0m
[36m(ClientAppActor pid=40094)[0m 
[36m(ClientAppActor pid=40094)[0m         
[36m(ClientAppActor pid=40094)[0m [93mWARNING [0m:   DEPRECATED FEATURE: `client_fn` now expects a signature `def client_fn(context: Context)`.The provided `client_fn` has signature: {'cid': <Parameter "cid: str">}. You can import the `Context` like this: `from flwr.app import Context`[32m [repeated 15x across cluster][0m
[36m(ClientAppActor pid=40094)[0m             This is a deprecated feature. It will be removed[32m [repeated 15x across cluster][0m
[36m(ClientAppActor pid=40094)[0m             entirely in future versions of Flower.[32m [repeated 15x across cluster][0m
[36m(ClientAppActor pid=40094)[0m 
[36m(ClientAppActor pid=40094)[0m         
[36m(ClientAppActor pid=40094)[0m [Client 3] Training on NVIDIA GeForce RTX 3060[32m [repeated 2x across cluster][0m
[36m(ClientAppActor pid=40094)[0m 
[36m(ClientAppActor pid=40094)[0m         
[36m(ClientAppActor pid=40094)[0m [93mWARNING [0m:   DEPRECATED FEATURE: `client_fn` now expects a signature `def client_fn(context: Context)`.The provided `client_fn` has signature: {'cid': <Parameter "cid: str">}. You can import the `Context` like this: `from flwr.app import Context`[32m [repeated 2x across cluster][0m
[36m(ClientAppActor pid=40094)[0m             This is a deprecated feature. It will be removed[32m [repeated 2x across cluster][0m
[36m(ClientAppActor pid=40094)[0m             entirely in future versions of Flower.[32m [repeated 2x across cluster][0m
[36m(ClientAppActor pid=40087)[0m 
[36m(ClientAppActor pid=40087)[0m         
[36m(ClientAppActor pid=40094)[0m 
[36m(ClientAppActor pid=40094)[0m         
[36m(ClientAppActor pid=40087)[0m 
[36m(ClientAppActor pid=40087)[0m         
[36m(ClientAppActor pid=40087)[0m 
[36m(ClientAppActor pid=40087)[0m         
[36m(ClientAppActor pid=40087)[0m 
[36m(ClientAppActor pid=40087)[0m         
[36m(ClientAppActor pid=40087)[0m 
[36m(ClientAppActor pid=40087)[0m         
[92mINFO [0m:      aggregate_fit: received 10 results and 0 failures
INFO:flwr:aggregate_fit: received 10 results and 0 failures
[CascadeRouter] Round 5: 10 clients, 24578 parameters/client
[92mINFO [0m:      configure_evaluate: strategy sampled 10 clients (out of 10)
INFO:flwr:configure_evaluate: strategy sampled 10 clients (out of 10)
[36m(ClientAppActor pid=40094)[0m 
[36m(ClientAppActor pid=40094)[0m         
[36m(ClientAppActor pid=40094)[0m [93mWARNING [0m:   DEPRECATED FEATURE: `client_fn` now expects a signature `def client_fn(context: Context)`.The provided `client_fn` has signature: {'cid': <Parameter "cid: str">}. You can import the `Context` like this: `from flwr.app import Context`[32m [repeated 7x across cluster][0m
[36m(ClientAppActor pid=40094)[0m             This is a deprecated feature. It will be removed[32m [repeated 7x across cluster][0m
[36m(ClientAppActor pid=40094)[0m             entirely in future versions of Flower.[32m [repeated 7x across cluster][0m
[36m(ClientAppActor pid=40087)[0m 
[36m(ClientAppActor pid=40087)[0m         
[36m(ClientAppActor pid=40094)[0m 
[36m(ClientAppActor pid=40094)[0m         
[36m(ClientAppActor pid=40087)[0m 
[36m(ClientAppActor pid=40087)[0m         
[36m(ClientAppActor pid=40094)[0m 
[36m(ClientAppActor pid=40094)[0m         
[36m(ClientAppActor pid=40087)[0m 
[36m(ClientAppActor pid=40087)[0m         
[36m(ClientAppActor pid=40094)[0m 
[36m(ClientAppActor pid=40094)[0m         
[36m(ClientAppActor pid=40087)[0m 
[36m(ClientAppActor pid=40087)[0m         
[36m(ClientAppActor pid=40094)[0m 
[36m(ClientAppActor pid=40094)[0m         
[36m(ClientAppActor pid=40087)[0m 
[36m(ClientAppActor pid=40087)[0m         
[92mINFO [0m:      aggregate_evaluate: received 10 results and 0 failures
INFO:flwr:aggregate_evaluate: received 10 results and 0 failures
[92mINFO [0m:      
INFO:flwr:
[92mINFO [0m:      [ROUND 6]
INFO:flwr:[ROUND 6]
[92mINFO [0m:      configure_fit: strategy sampled 10 clients (out of 10)
INFO:flwr:configure_fit: strategy sampled 10 clients (out of 10)
[36m(ClientAppActor pid=40087)[0m [Client 1] Training on NVIDIA GeForce RTX 3060[32m [repeated 7x across cluster][0m
[36m(ClientAppActor pid=40087)[0m 
[36m(ClientAppActor pid=40087)[0m         
[36m(ClientAppActor pid=40094)[0m 
[36m(ClientAppActor pid=40094)[0m         
[36m(ClientAppActor pid=40087)[0m 
[36m(ClientAppActor pid=40087)[0m         
[36m(ClientAppActor pid=40087)[0m 
[36m(ClientAppActor pid=40087)[0m         
[36m(ClientAppActor pid=40094)[0m 
[36m(ClientAppActor pid=40094)[0m         
[36m(ClientAppActor pid=40094)[0m [93mWARNING [0m:   DEPRECATED FEATURE: `client_fn` now expects a signature `def client_fn(context: Context)`.The provided `client_fn` has signature: {'cid': <Parameter "cid: str">}. You can import the `Context` like this: `from flwr.app import Context`[32m [repeated 14x across cluster][0m
[36m(ClientAppActor pid=40094)[0m             This is a deprecated feature. It will be removed[32m [repeated 14x across cluster][0m
[36m(ClientAppActor pid=40094)[0m             entirely in future versions of Flower.[32m [repeated 14x across cluster][0m
[36m(ClientAppActor pid=40094)[0m [Client 3] Training on NVIDIA GeForce RTX 3060[32m [repeated 5x across cluster][0m
[36m(ClientAppActor pid=40094)[0m 
[36m(ClientAppActor pid=40094)[0m         
[36m(ClientAppActor pid=40094)[0m [93mWARNING [0m:   DEPRECATED FEATURE: `client_fn` now expects a signature `def client_fn(context: Context)`.The provided `client_fn` has signature: {'cid': <Parameter "cid: str">}. You can import the `Context` like this: `from flwr.app import Context`
[36m(ClientAppActor pid=40094)[0m             This is a deprecated feature. It will be removed
[36m(ClientAppActor pid=40094)[0m             entirely in future versions of Flower.
[36m(ClientAppActor pid=40094)[0m [93mWARNING [0m:   DEPRECATED FEATURE: `client_fn` now expects a signature `def client_fn(context: Context)`.The provided `client_fn` has signature: {'cid': <Parameter "cid: str">}. You can import the `Context` like this: `from flwr.app import Context`
[36m(ClientAppActor pid=40094)[0m 
[36m(ClientAppActor pid=40094)[0m             This is a deprecated feature. It will be removed
[36m(ClientAppActor pid=40094)[0m             entirely in future versions of Flower.
[36m(ClientAppActor pid=40094)[0m         
[36m(ClientAppActor pid=40094)[0m [93mWARNING [0m:   DEPRECATED FEATURE: `client_fn` now expects a signature `def client_fn(context: Context)`.The provided `client_fn` has signature: {'cid': <Parameter "cid: str">}. You can import the `Context` like this: `from flwr.app import Context`
[36m(ClientAppActor pid=40094)[0m 
[36m(ClientAppActor pid=40094)[0m             This is a deprecated feature. It will be removed
[36m(ClientAppActor pid=40094)[0m             entirely in future versions of Flower.
[36m(ClientAppActor pid=40094)[0m         
[36m(ClientAppActor pid=40094)[0m [93mWARNING [0m:   DEPRECATED FEATURE: `client_fn` now expects a signature `def client_fn(context: Context)`.The provided `client_fn` has signature: {'cid': <Parameter "cid: str">}. You can import the `Context` like this: `from flwr.app import Context`
[36m(ClientAppActor pid=40094)[0m 
[36m(ClientAppActor pid=40094)[0m             This is a deprecated feature. It will be removed
[36m(ClientAppActor pid=40094)[0m             entirely in future versions of Flower.
[36m(ClientAppActor pid=40094)[0m         
[36m(ClientAppActor pid=40087)[0m 
[36m(ClientAppActor pid=40087)[0m         
[92mINFO [0m:      aggregate_fit: received 10 results and 0 failures
INFO:flwr:aggregate_fit: received 10 results and 0 failures
[CascadeRouter] Round 6: 10 clients, 24578 parameters/client
[92mINFO [0m:      configure_evaluate: strategy sampled 10 clients (out of 10)
INFO:flwr:configure_evaluate: strategy sampled 10 clients (out of 10)
[36m(ClientAppActor pid=40094)[0m 
[36m(ClientAppActor pid=40094)[0m         
[36m(ClientAppActor pid=40087)[0m 
[36m(ClientAppActor pid=40087)[0m         
[36m(ClientAppActor pid=40087)[0m 
[36m(ClientAppActor pid=40087)[0m         
[36m(ClientAppActor pid=40094)[0m 
[36m(ClientAppActor pid=40094)[0m         
[36m(ClientAppActor pid=40087)[0m 
[36m(ClientAppActor pid=40087)[0m         
[36m(ClientAppActor pid=40094)[0m 
[36m(ClientAppActor pid=40094)[0m         
[36m(ClientAppActor pid=40094)[0m 
[36m(ClientAppActor pid=40094)[0m         
[36m(ClientAppActor pid=40087)[0m 
[36m(ClientAppActor pid=40087)[0m         
[36m(ClientAppActor pid=40094)[0m 
[36m(ClientAppActor pid=40094)[0m         
[36m(ClientAppActor pid=40087)[0m 
[36m(ClientAppActor pid=40087)[0m         
[92mINFO [0m:      aggregate_evaluate: received 10 results and 0 failures
INFO:flwr:aggregate_evaluate: received 10 results and 0 failures
[92mINFO [0m:      
INFO:flwr:
[92mINFO [0m:      [ROUND 7]
INFO:flwr:[ROUND 7]
[92mINFO [0m:      configure_fit: strategy sampled 10 clients (out of 10)
INFO:flwr:configure_fit: strategy sampled 10 clients (out of 10)
[36m(ClientAppActor pid=40094)[0m 
[36m(ClientAppActor pid=40094)[0m         
[36m(ClientAppActor pid=40087)[0m 
[36m(ClientAppActor pid=40087)[0m         
[36m(ClientAppActor pid=40087)[0m 
[36m(ClientAppActor pid=40087)[0m         
[36m(ClientAppActor pid=40087)[0m 
[36m(ClientAppActor pid=40087)[0m         
[36m(ClientAppActor pid=40087)[0m 
[36m(ClientAppActor pid=40087)[0m         
[36m(ClientAppActor pid=40087)[0m [Client 4] Training on NVIDIA GeForce RTX 3060[32m [repeated 10x across cluster][0m
[36m(ClientAppActor pid=40087)[0m 
[36m(ClientAppActor pid=40087)[0m         
[36m(ClientAppActor pid=40087)[0m 
[36m(ClientAppActor pid=40087)[0m         
[36m(ClientAppActor pid=40087)[0m [93mWARNING [0m:   DEPRECATED FEATURE: `client_fn` now expects a signature `def client_fn(context: Context)`.The provided `client_fn` has signature: {'cid': <Parameter "cid: str">}. You can import the `Context` like this: `from flwr.app import Context`[32m [repeated 18x across cluster][0m
[36m(ClientAppActor pid=40087)[0m             This is a deprecated feature. It will be removed[32m [repeated 18x across cluster][0m
[36m(ClientAppActor pid=40087)[0m             entirely in future versions of Flower.[32m [repeated 18x across cluster][0m
[36m(ClientAppActor pid=40087)[0m 
[36m(ClientAppActor pid=40087)[0m         
[36m(ClientAppActor pid=40094)[0m [Client 6] Training on NVIDIA GeForce RTX 3060[32m [repeated 3x across cluster][0m
[36m(ClientAppActor pid=40094)[0m 
[36m(ClientAppActor pid=40094)[0m         
[36m(ClientAppActor pid=40087)[0m 
[36m(ClientAppActor pid=40087)[0m         
[36m(ClientAppActor pid=40087)[0m [93mWARNING [0m:   DEPRECATED FEATURE: `client_fn` now expects a signature `def client_fn(context: Context)`.The provided `client_fn` has signature: {'cid': <Parameter "cid: str">}. You can import the `Context` like this: `from flwr.app import Context`[32m [repeated 3x across cluster][0m
[36m(ClientAppActor pid=40087)[0m             This is a deprecated feature. It will be removed[32m [repeated 3x across cluster][0m
[36m(ClientAppActor pid=40087)[0m             entirely in future versions of Flower.[32m [repeated 3x across cluster][0m
[92mINFO [0m:      aggregate_fit: received 10 results and 0 failures
INFO:flwr:aggregate_fit: received 10 results and 0 failures
[CascadeRouter] Round 7: 10 clients, 24578 parameters/client
[92mINFO [0m:      configure_evaluate: strategy sampled 10 clients (out of 10)
INFO:flwr:configure_evaluate: strategy sampled 10 clients (out of 10)
[36m(ClientAppActor pid=40094)[0m 
[36m(ClientAppActor pid=40094)[0m         
[36m(ClientAppActor pid=40087)[0m 
[36m(ClientAppActor pid=40087)[0m         
[36m(ClientAppActor pid=40094)[0m 
[36m(ClientAppActor pid=40094)[0m         
[36m(ClientAppActor pid=40087)[0m 
[36m(ClientAppActor pid=40087)[0m         
[36m(ClientAppActor pid=40094)[0m 
[36m(ClientAppActor pid=40094)[0m         
[36m(ClientAppActor pid=40087)[0m 
[36m(ClientAppActor pid=40087)[0m         
[36m(ClientAppActor pid=40094)[0m 
[36m(ClientAppActor pid=40094)[0m         
[36m(ClientAppActor pid=40087)[0m 
[36m(ClientAppActor pid=40087)[0m         
[36m(ClientAppActor pid=40094)[0m 
[36m(ClientAppActor pid=40094)[0m         
[36m(ClientAppActor pid=40087)[0m 
[36m(ClientAppActor pid=40087)[0m         
[92mINFO [0m:      aggregate_evaluate: received 10 results and 0 failures
INFO:flwr:aggregate_evaluate: received 10 results and 0 failures
[92mINFO [0m:      
INFO:flwr:
[92mINFO [0m:      [ROUND 8]
INFO:flwr:[ROUND 8]
[92mINFO [0m:      configure_fit: strategy sampled 10 clients (out of 10)
INFO:flwr:configure_fit: strategy sampled 10 clients (out of 10)
[36m(ClientAppActor pid=40087)[0m 
[36m(ClientAppActor pid=40087)[0m         
[36m(ClientAppActor pid=40094)[0m 
[36m(ClientAppActor pid=40094)[0m         
[36m(ClientAppActor pid=40087)[0m 
[36m(ClientAppActor pid=40087)[0m         
[36m(ClientAppActor pid=40087)[0m 
[36m(ClientAppActor pid=40087)[0m         
[36m(ClientAppActor pid=40094)[0m [Client 4] Training on NVIDIA GeForce RTX 3060[32m [repeated 6x across cluster][0m
[36m(ClientAppActor pid=40094)[0m 
[36m(ClientAppActor pid=40094)[0m         
[36m(ClientAppActor pid=40094)[0m [93mWARNING [0m:   DEPRECATED FEATURE: `client_fn` now expects a signature `def client_fn(context: Context)`.The provided `client_fn` has signature: {'cid': <Parameter "cid: str">}. You can import the `Context` like this: `from flwr.app import Context`[32m [repeated 15x across cluster][0m
[36m(ClientAppActor pid=40094)[0m             This is a deprecated feature. It will be removed[32m [repeated 15x across cluster][0m
[36m(ClientAppActor pid=40094)[0m             entirely in future versions of Flower.[32m [repeated 15x across cluster][0m
[36m(ClientAppActor pid=40094)[0m 
[36m(ClientAppActor pid=40094)[0m         
[36m(ClientAppActor pid=40094)[0m 
[36m(ClientAppActor pid=40094)[0m         
[36m(ClientAppActor pid=40094)[0m 
[36m(ClientAppActor pid=40094)[0m         
[36m(ClientAppActor pid=40087)[0m 
[36m(ClientAppActor pid=40087)[0m         
[36m(ClientAppActor pid=40094)[0m 
[36m(ClientAppActor pid=40094)[0m         
[92mINFO [0m:      aggregate_fit: received 10 results and 0 failures
INFO:flwr:aggregate_fit: received 10 results and 0 failures
[CascadeRouter] Round 8: 10 clients, 24578 parameters/client
[92mINFO [0m:      configure_evaluate: strategy sampled 10 clients (out of 10)
INFO:flwr:configure_evaluate: strategy sampled 10 clients (out of 10)
[36m(ClientAppActor pid=40087)[0m 
[36m(ClientAppActor pid=40087)[0m         
[36m(ClientAppActor pid=40087)[0m [93mWARNING [0m:   DEPRECATED FEATURE: `client_fn` now expects a signature `def client_fn(context: Context)`.The provided `client_fn` has signature: {'cid': <Parameter "cid: str">}. You can import the `Context` like this: `from flwr.app import Context`[32m [repeated 6x across cluster][0m
[36m(ClientAppActor pid=40087)[0m             This is a deprecated feature. It will be removed[32m [repeated 6x across cluster][0m
[36m(ClientAppActor pid=40087)[0m             entirely in future versions of Flower.[32m [repeated 6x across cluster][0m
[36m(ClientAppActor pid=40094)[0m 
[36m(ClientAppActor pid=40094)[0m         
[36m(ClientAppActor pid=40094)[0m 
[36m(ClientAppActor pid=40094)[0m         
[36m(ClientAppActor pid=40087)[0m 
[36m(ClientAppActor pid=40087)[0m         
[36m(ClientAppActor pid=40087)[0m 
[36m(ClientAppActor pid=40087)[0m         
[36m(ClientAppActor pid=40094)[0m 
[36m(ClientAppActor pid=40094)[0m         
[36m(ClientAppActor pid=40094)[0m 
[36m(ClientAppActor pid=40094)[0m         
[36m(ClientAppActor pid=40087)[0m 
[36m(ClientAppActor pid=40087)[0m         
[36m(ClientAppActor pid=40087)[0m 
[36m(ClientAppActor pid=40087)[0m         
[36m(ClientAppActor pid=40094)[0m 
[36m(ClientAppActor pid=40094)[0m         
[92mINFO [0m:      aggregate_evaluate: received 10 results and 0 failures
INFO:flwr:aggregate_evaluate: received 10 results and 0 failures
[92mINFO [0m:      
INFO:flwr:
[92mINFO [0m:      [ROUND 9]
INFO:flwr:[ROUND 9]
[92mINFO [0m:      configure_fit: strategy sampled 10 clients (out of 10)
INFO:flwr:configure_fit: strategy sampled 10 clients (out of 10)
[36m(ClientAppActor pid=40094)[0m [Client 5] Training on NVIDIA GeForce RTX 3060[32m [repeated 6x across cluster][0m
[36m(ClientAppActor pid=40094)[0m 
[36m(ClientAppActor pid=40094)[0m         
[36m(ClientAppActor pid=40087)[0m 
[36m(ClientAppActor pid=40087)[0m         
[36m(ClientAppActor pid=40094)[0m 
[36m(ClientAppActor pid=40094)[0m         
[36m(ClientAppActor pid=40087)[0m 
[36m(ClientAppActor pid=40087)[0m         
[36m(ClientAppActor pid=40087)[0m 
[36m(ClientAppActor pid=40087)[0m         
[36m(ClientAppActor pid=40094)[0m 
[36m(ClientAppActor pid=40094)[0m         
[36m(ClientAppActor pid=40087)[0m 
[36m(ClientAppActor pid=40087)[0m         
[36m(ClientAppActor pid=40087)[0m [Client 6] Training on NVIDIA GeForce RTX 3060[32m [repeated 7x across cluster][0m
[36m(ClientAppActor pid=40087)[0m 
[36m(ClientAppActor pid=40087)[0m         
[36m(ClientAppActor pid=40087)[0m [93mWARNING [0m:   DEPRECATED FEATURE: `client_fn` now expects a signature `def client_fn(context: Context)`.The provided `client_fn` has signature: {'cid': <Parameter "cid: str">}. You can import the `Context` like this: `from flwr.app import Context`[32m [repeated 17x across cluster][0m
[36m(ClientAppActor pid=40087)[0m             This is a deprecated feature. It will be removed[32m [repeated 17x across cluster][0m
[36m(ClientAppActor pid=40087)[0m             entirely in future versions of Flower.[32m [repeated 17x across cluster][0m
[36m(ClientAppActor pid=40094)[0m 
[36m(ClientAppActor pid=40094)[0m         
[36m(ClientAppActor pid=40094)[0m 
[36m(ClientAppActor pid=40094)[0m         
[92mINFO [0m:      aggregate_fit: received 10 results and 0 failures
INFO:flwr:aggregate_fit: received 10 results and 0 failures
[CascadeRouter] Round 9: 10 clients, 24578 parameters/client
[92mINFO [0m:      configure_evaluate: strategy sampled 10 clients (out of 10)
INFO:flwr:configure_evaluate: strategy sampled 10 clients (out of 10)
[36m(ClientAppActor pid=40094)[0m 
[36m(ClientAppActor pid=40094)[0m         
[36m(ClientAppActor pid=40087)[0m 
[36m(ClientAppActor pid=40087)[0m         
[36m(ClientAppActor pid=40087)[0m 
[36m(ClientAppActor pid=40087)[0m         
[36m(ClientAppActor pid=40094)[0m 
[36m(ClientAppActor pid=40094)[0m         
[36m(ClientAppActor pid=40087)[0m 
[36m(ClientAppActor pid=40087)[0m         
[36m(ClientAppActor pid=40094)[0m 
[36m(ClientAppActor pid=40094)[0m         
[36m(ClientAppActor pid=40094)[0m 
[36m(ClientAppActor pid=40094)[0m         
[36m(ClientAppActor pid=40087)[0m 
[36m(ClientAppActor pid=40087)[0m         
[36m(ClientAppActor pid=40087)[0m 
[36m(ClientAppActor pid=40087)[0m         
[36m(ClientAppActor pid=40094)[0m 
[36m(ClientAppActor pid=40094)[0m         
[92mINFO [0m:      aggregate_evaluate: received 10 results and 0 failures
INFO:flwr:aggregate_evaluate: received 10 results and 0 failures
[92mINFO [0m:      
INFO:flwr:
[92mINFO [0m:      [ROUND 10]
INFO:flwr:[ROUND 10]
[92mINFO [0m:      configure_fit: strategy sampled 10 clients (out of 10)
INFO:flwr:configure_fit: strategy sampled 10 clients (out of 10)
[36m(ClientAppActor pid=40094)[0m 
[36m(ClientAppActor pid=40094)[0m         
[36m(ClientAppActor pid=40087)[0m [Client 7] Training on NVIDIA GeForce RTX 3060[32m [repeated 4x across cluster][0m
[36m(ClientAppActor pid=40087)[0m 
[36m(ClientAppActor pid=40087)[0m         
[36m(ClientAppActor pid=40087)[0m [93mWARNING [0m:   DEPRECATED FEATURE: `client_fn` now expects a signature `def client_fn(context: Context)`.The provided `client_fn` has signature: {'cid': <Parameter "cid: str">}. You can import the `Context` like this: `from flwr.app import Context`[32m [repeated 14x across cluster][0m
[36m(ClientAppActor pid=40087)[0m             This is a deprecated feature. It will be removed[32m [repeated 14x across cluster][0m
[36m(ClientAppActor pid=40087)[0m             entirely in future versions of Flower.[32m [repeated 14x across cluster][0m
[36m(ClientAppActor pid=40094)[0m 
[36m(ClientAppActor pid=40094)[0m         
[36m(ClientAppActor pid=40094)[0m 
[36m(ClientAppActor pid=40094)[0m         
[36m(ClientAppActor pid=40094)[0m 
[36m(ClientAppActor pid=40094)[0m         
[36m(ClientAppActor pid=40094)[0m [Client 5] Training on NVIDIA GeForce RTX 3060[32m [repeated 4x across cluster][0m
[36m(ClientAppActor pid=40094)[0m 
[36m(ClientAppActor pid=40094)[0m         
[36m(ClientAppActor pid=40094)[0m [93mWARNING [0m:   DEPRECATED FEATURE: `client_fn` now expects a signature `def client_fn(context: Context)`.The provided `client_fn` has signature: {'cid': <Parameter "cid: str">}. You can import the `Context` like this: `from flwr.app import Context`[32m [repeated 4x across cluster][0m
[36m(ClientAppActor pid=40094)[0m             This is a deprecated feature. It will be removed[32m [repeated 4x across cluster][0m
[36m(ClientAppActor pid=40094)[0m             entirely in future versions of Flower.[32m [repeated 4x across cluster][0m
[36m(ClientAppActor pid=40094)[0m 
[36m(ClientAppActor pid=40094)[0m         
[36m(ClientAppActor pid=40087)[0m 
[36m(ClientAppActor pid=40087)[0m         
[36m(ClientAppActor pid=40094)[0m 
[36m(ClientAppActor pid=40094)[0m         
[36m(ClientAppActor pid=40087)[0m 
[36m(ClientAppActor pid=40087)[0m         
[92mINFO [0m:      aggregate_fit: received 10 results and 0 failures
INFO:flwr:aggregate_fit: received 10 results and 0 failures
[CascadeRouter] Round 10: 10 clients, 24578 parameters/client
[92mINFO [0m:      configure_evaluate: strategy sampled 10 clients (out of 10)
INFO:flwr:configure_evaluate: strategy sampled 10 clients (out of 10)
[36m(ClientAppActor pid=40094)[0m 
[36m(ClientAppActor pid=40094)[0m         
[36m(ClientAppActor pid=40087)[0m 
[36m(ClientAppActor pid=40087)[0m         
[36m(ClientAppActor pid=40094)[0m 
[36m(ClientAppActor pid=40094)[0m         
[36m(ClientAppActor pid=40087)[0m 
[36m(ClientAppActor pid=40087)[0m         
[36m(ClientAppActor pid=40094)[0m 
[36m(ClientAppActor pid=40094)[0m         
[36m(ClientAppActor pid=40087)[0m 
[36m(ClientAppActor pid=40087)[0m         
[36m(ClientAppActor pid=40094)[0m 
[36m(ClientAppActor pid=40094)[0m         
[36m(ClientAppActor pid=40087)[0m 
[36m(ClientAppActor pid=40087)[0m         
[36m(ClientAppActor pid=40094)[0m 
[36m(ClientAppActor pid=40094)[0m         
[36m(ClientAppActor pid=40087)[0m 
[36m(ClientAppActor pid=40087)[0m         
[92mINFO [0m:      aggregate_evaluate: received 10 results and 0 failures
INFO:flwr:aggregate_evaluate: received 10 results and 0 failures
[92mINFO [0m:      
INFO:flwr:
[92mINFO [0m:      [ROUND 11]
INFO:flwr:[ROUND 11]
[92mINFO [0m:      configure_fit: strategy sampled 10 clients (out of 10)
INFO:flwr:configure_fit: strategy sampled 10 clients (out of 10)
[36m(ClientAppActor pid=40087)[0m 
[36m(ClientAppActor pid=40087)[0m         
[36m(ClientAppActor pid=40094)[0m [Client 6] Training on NVIDIA GeForce RTX 3060[32m [repeated 6x across cluster][0m
[36m(ClientAppActor pid=40094)[0m 
[36m(ClientAppActor pid=40094)[0m         
[36m(ClientAppActor pid=40094)[0m [93mWARNING [0m:   DEPRECATED FEATURE: `client_fn` now expects a signature `def client_fn(context: Context)`.The provided `client_fn` has signature: {'cid': <Parameter "cid: str">}. You can import the `Context` like this: `from flwr.app import Context`[32m [repeated 16x across cluster][0m
[36m(ClientAppActor pid=40094)[0m             This is a deprecated feature. It will be removed[32m [repeated 16x across cluster][0m
[36m(ClientAppActor pid=40094)[0m             entirely in future versions of Flower.[32m [repeated 16x across cluster][0m
[36m(ClientAppActor pid=40094)[0m 
[36m(ClientAppActor pid=40094)[0m         
[36m(ClientAppActor pid=40094)[0m 
[36m(ClientAppActor pid=40094)[0m         
[36m(ClientAppActor pid=40087)[0m [Client 1] Training on NVIDIA GeForce RTX 3060[32m [repeated 3x across cluster][0m
[36m(ClientAppActor pid=40087)[0m 
[36m(ClientAppActor pid=40087)[0m         
[36m(ClientAppActor pid=40087)[0m [93mWARNING [0m:   DEPRECATED FEATURE: `client_fn` now expects a signature `def client_fn(context: Context)`.The provided `client_fn` has signature: {'cid': <Parameter "cid: str">}. You can import the `Context` like this: `from flwr.app import Context`[32m [repeated 3x across cluster][0m
[36m(ClientAppActor pid=40087)[0m             This is a deprecated feature. It will be removed[32m [repeated 3x across cluster][0m
[36m(ClientAppActor pid=40087)[0m             entirely in future versions of Flower.[32m [repeated 3x across cluster][0m
[36m(ClientAppActor pid=40094)[0m 
[36m(ClientAppActor pid=40094)[0m         
[36m(ClientAppActor pid=40087)[0m 
[36m(ClientAppActor pid=40087)[0m         
[36m(ClientAppActor pid=40087)[0m 
[36m(ClientAppActor pid=40087)[0m         
[36m(ClientAppActor pid=40094)[0m 
[36m(ClientAppActor pid=40094)[0m         
[36m(ClientAppActor pid=40087)[0m 
[36m(ClientAppActor pid=40087)[0m         
[92mINFO [0m:      aggregate_fit: received 10 results and 0 failures
INFO:flwr:aggregate_fit: received 10 results and 0 failures
[CascadeRouter] Round 11: 10 clients, 24578 parameters/client
[92mINFO [0m:      configure_evaluate: strategy sampled 10 clients (out of 10)
INFO:flwr:configure_evaluate: strategy sampled 10 clients (out of 10)
[36m(ClientAppActor pid=40094)[0m 
[36m(ClientAppActor pid=40094)[0m         
[36m(ClientAppActor pid=40094)[0m [93mWARNING [0m:   DEPRECATED FEATURE: `client_fn` now expects a signature `def client_fn(context: Context)`.The provided `client_fn` has signature: {'cid': <Parameter "cid: str">}. You can import the `Context` like this: `from flwr.app import Context`[32m [repeated 6x across cluster][0m
[36m(ClientAppActor pid=40094)[0m             This is a deprecated feature. It will be removed[32m [repeated 6x across cluster][0m
[36m(ClientAppActor pid=40094)[0m             entirely in future versions of Flower.[32m [repeated 6x across cluster][0m
[36m(ClientAppActor pid=40087)[0m 
[36m(ClientAppActor pid=40087)[0m         
[36m(ClientAppActor pid=40094)[0m 
[36m(ClientAppActor pid=40094)[0m         
[36m(ClientAppActor pid=40087)[0m 
[36m(ClientAppActor pid=40087)[0m         
[36m(ClientAppActor pid=40094)[0m 
[36m(ClientAppActor pid=40094)[0m         
[36m(ClientAppActor pid=40087)[0m 
[36m(ClientAppActor pid=40087)[0m         
[36m(ClientAppActor pid=40094)[0m 
[36m(ClientAppActor pid=40094)[0m         
[36m(ClientAppActor pid=40087)[0m 
[36m(ClientAppActor pid=40087)[0m         
[36m(ClientAppActor pid=40094)[0m 
[36m(ClientAppActor pid=40094)[0m         
[36m(ClientAppActor pid=40087)[0m 
[36m(ClientAppActor pid=40087)[0m         
[92mINFO [0m:      aggregate_evaluate: received 10 results and 0 failures
INFO:flwr:aggregate_evaluate: received 10 results and 0 failures
[92mINFO [0m:      
INFO:flwr:
[92mINFO [0m:      [ROUND 12]
INFO:flwr:[ROUND 12]
[92mINFO [0m:      configure_fit: strategy sampled 10 clients (out of 10)
INFO:flwr:configure_fit: strategy sampled 10 clients (out of 10)
[36m(ClientAppActor pid=40087)[0m [Client 1] Training on NVIDIA GeForce RTX 3060[32m [repeated 6x across cluster][0m
[36m(ClientAppActor pid=40087)[0m 
[36m(ClientAppActor pid=40087)[0m         
[36m(ClientAppActor pid=40094)[0m 
[36m(ClientAppActor pid=40094)[0m         
[36m(ClientAppActor pid=40094)[0m 
[36m(ClientAppActor pid=40094)[0m         
[36m(ClientAppActor pid=40087)[0m 
[36m(ClientAppActor pid=40087)[0m         
[36m(ClientAppActor pid=40094)[0m 
[36m(ClientAppActor pid=40094)[0m         
[36m(ClientAppActor pid=40087)[0m 
[36m(ClientAppActor pid=40087)[0m         
[36m(ClientAppActor pid=40087)[0m 
[36m(ClientAppActor pid=40087)[0m         
[36m(ClientAppActor pid=40087)[0m 
[36m(ClientAppActor pid=40087)[0m         
[36m(ClientAppActor pid=40087)[0m 
[36m(ClientAppActor pid=40087)[0m         
[36m(ClientAppActor pid=40087)[0m [93mWARNING [0m:   DEPRECATED FEATURE: `client_fn` now expects a signature `def client_fn(context: Context)`.The provided `client_fn` has signature: {'cid': <Parameter "cid: str">}. You can import the `Context` like this: `from flwr.app import Context`[32m [repeated 18x across cluster][0m
[36m(ClientAppActor pid=40087)[0m             This is a deprecated feature. It will be removed[32m [repeated 18x across cluster][0m
[36m(ClientAppActor pid=40087)[0m             entirely in future versions of Flower.[32m [repeated 18x across cluster][0m
[36m(ClientAppActor pid=40087)[0m [Client 0] Training on NVIDIA GeForce RTX 3060[32m [repeated 9x across cluster][0m
[36m(ClientAppActor pid=40087)[0m 
[36m(ClientAppActor pid=40087)[0m         
[92mINFO [0m:      aggregate_fit: received 10 results and 0 failures
INFO:flwr:aggregate_fit: received 10 results and 0 failures
[CascadeRouter] Round 12: 10 clients, 24578 parameters/client
[92mINFO [0m:      configure_evaluate: strategy sampled 10 clients (out of 10)
INFO:flwr:configure_evaluate: strategy sampled 10 clients (out of 10)
[36m(ClientAppActor pid=40087)[0m 
[36m(ClientAppActor pid=40087)[0m         
[36m(ClientAppActor pid=40087)[0m [93mWARNING [0m:   DEPRECATED FEATURE: `client_fn` now expects a signature `def client_fn(context: Context)`.The provided `client_fn` has signature: {'cid': <Parameter "cid: str">}. You can import the `Context` like this: `from flwr.app import Context`[32m [repeated 2x across cluster][0m
[36m(ClientAppActor pid=40087)[0m             This is a deprecated feature. It will be removed[32m [repeated 2x across cluster][0m
[36m(ClientAppActor pid=40087)[0m             entirely in future versions of Flower.[32m [repeated 2x across cluster][0m
[36m(ClientAppActor pid=40094)[0m 
[36m(ClientAppActor pid=40094)[0m         
[36m(ClientAppActor pid=40094)[0m 
[36m(ClientAppActor pid=40094)[0m         
[36m(ClientAppActor pid=40087)[0m 
[36m(ClientAppActor pid=40087)[0m         
[36m(ClientAppActor pid=40094)[0m 
[36m(ClientAppActor pid=40094)[0m         
[36m(ClientAppActor pid=40087)[0m 
[36m(ClientAppActor pid=40087)[0m         
[36m(ClientAppActor pid=40087)[0m 
[36m(ClientAppActor pid=40087)[0m         
[36m(ClientAppActor pid=40094)[0m 
[36m(ClientAppActor pid=40094)[0m         
[36m(ClientAppActor pid=40087)[0m 
[36m(ClientAppActor pid=40087)[0m         
[36m(ClientAppActor pid=40094)[0m 
[36m(ClientAppActor pid=40094)[0m         
[92mINFO [0m:      aggregate_evaluate: received 10 results and 0 failures
INFO:flwr:aggregate_evaluate: received 10 results and 0 failures
[92mINFO [0m:      
INFO:flwr:
[92mINFO [0m:      [ROUND 13]
INFO:flwr:[ROUND 13]
[92mINFO [0m:      configure_fit: strategy sampled 10 clients (out of 10)
INFO:flwr:configure_fit: strategy sampled 10 clients (out of 10)
[36m(ClientAppActor pid=40094)[0m 
[36m(ClientAppActor pid=40094)[0m         
[36m(ClientAppActor pid=40087)[0m [Client 3] Training on NVIDIA GeForce RTX 3060[32m [repeated 2x across cluster][0m
[36m(ClientAppActor pid=40087)[0m 
[36m(ClientAppActor pid=40087)[0m         
[36m(ClientAppActor pid=40087)[0m 
[36m(ClientAppActor pid=40087)[0m         
[36m(ClientAppActor pid=40087)[0m 
[36m(ClientAppActor pid=40087)[0m         
[36m(ClientAppActor pid=40094)[0m 
[36m(ClientAppActor pid=40094)[0m         
[36m(ClientAppActor pid=40087)[0m 
[36m(ClientAppActor pid=40087)[0m         
[36m(ClientAppActor pid=40087)[0m 
[36m(ClientAppActor pid=40087)[0m         
[36m(ClientAppActor pid=40094)[0m 
[36m(ClientAppActor pid=40094)[0m         
[36m(ClientAppActor pid=40094)[0m [Client 5] Training on NVIDIA GeForce RTX 3060[32m [repeated 7x across cluster][0m
[36m(ClientAppActor pid=40094)[0m 
[36m(ClientAppActor pid=40094)[0m         
[36m(ClientAppActor pid=40094)[0m [93mWARNING [0m:   DEPRECATED FEATURE: `client_fn` now expects a signature `def client_fn(context: Context)`.The provided `client_fn` has signature: {'cid': <Parameter "cid: str">}. You can import the `Context` like this: `from flwr.app import Context`[32m [repeated 18x across cluster][0m
[36m(ClientAppActor pid=40094)[0m             This is a deprecated feature. It will be removed[32m [repeated 18x across cluster][0m
[36m(ClientAppActor pid=40094)[0m             entirely in future versions of Flower.[32m [repeated 18x across cluster][0m
[36m(ClientAppActor pid=40094)[0m 
[36m(ClientAppActor pid=40094)[0m         
[92mINFO [0m:      aggregate_fit: received 10 results and 0 failures
INFO:flwr:aggregate_fit: received 10 results and 0 failures
[CascadeRouter] Round 13: 10 clients, 24578 parameters/client
[92mINFO [0m:      configure_evaluate: strategy sampled 10 clients (out of 10)
INFO:flwr:configure_evaluate: strategy sampled 10 clients (out of 10)
[36m(ClientAppActor pid=40094)[0m 
[36m(ClientAppActor pid=40094)[0m         
[36m(ClientAppActor pid=40094)[0m [93mWARNING [0m:   DEPRECATED FEATURE: `client_fn` now expects a signature `def client_fn(context: Context)`.The provided `client_fn` has signature: {'cid': <Parameter "cid: str">}. You can import the `Context` like this: `from flwr.app import Context`[32m [repeated 2x across cluster][0m
[36m(ClientAppActor pid=40094)[0m             This is a deprecated feature. It will be removed[32m [repeated 2x across cluster][0m
[36m(ClientAppActor pid=40094)[0m             entirely in future versions of Flower.[32m [repeated 2x across cluster][0m
[36m(ClientAppActor pid=40087)[0m 
[36m(ClientAppActor pid=40087)[0m         
[36m(ClientAppActor pid=40094)[0m 
[36m(ClientAppActor pid=40094)[0m         
[36m(ClientAppActor pid=40087)[0m 
[36m(ClientAppActor pid=40087)[0m         
[36m(ClientAppActor pid=40094)[0m 
[36m(ClientAppActor pid=40094)[0m         
[36m(ClientAppActor pid=40087)[0m 
[36m(ClientAppActor pid=40087)[0m         
[36m(ClientAppActor pid=40094)[0m 
[36m(ClientAppActor pid=40094)[0m         
[36m(ClientAppActor pid=40087)[0m 
[36m(ClientAppActor pid=40087)[0m         
[36m(ClientAppActor pid=40094)[0m 
[36m(ClientAppActor pid=40094)[0m         
[36m(ClientAppActor pid=40087)[0m 
[36m(ClientAppActor pid=40087)[0m         
[92mINFO [0m:      aggregate_evaluate: received 10 results and 0 failures
INFO:flwr:aggregate_evaluate: received 10 results and 0 failures
[92mINFO [0m:      
INFO:flwr:
[92mINFO [0m:      [ROUND 14]
INFO:flwr:[ROUND 14]
[92mINFO [0m:      configure_fit: strategy sampled 10 clients (out of 10)
INFO:flwr:configure_fit: strategy sampled 10 clients (out of 10)
[36m(ClientAppActor pid=40094)[0m [Client 8] Training on NVIDIA GeForce RTX 3060[32m [repeated 2x across cluster][0m
[36m(ClientAppActor pid=40094)[0m 
[36m(ClientAppActor pid=40094)[0m         
[36m(ClientAppActor pid=40087)[0m 
[36m(ClientAppActor pid=40087)[0m         
[36m(ClientAppActor pid=40094)[0m 
[36m(ClientAppActor pid=40094)[0m         
[36m(ClientAppActor pid=40094)[0m 
[36m(ClientAppActor pid=40094)[0m         
[36m(ClientAppActor pid=40094)[0m 
[36m(ClientAppActor pid=40094)[0m         
[36m(ClientAppActor pid=40094)[0m 
[36m(ClientAppActor pid=40094)[0m         
[36m(ClientAppActor pid=40094)[0m 
[36m(ClientAppActor pid=40094)[0m         
[36m(ClientAppActor pid=40094)[0m 
[36m(ClientAppActor pid=40094)[0m         
[36m(ClientAppActor pid=40094)[0m [93mWARNING [0m:   DEPRECATED FEATURE: `client_fn` now expects a signature `def client_fn(context: Context)`.The provided `client_fn` has signature: {'cid': <Parameter "cid: str">}. You can import the `Context` like this: `from flwr.app import Context`[32m [repeated 17x across cluster][0m
[36m(ClientAppActor pid=40094)[0m             This is a deprecated feature. It will be removed[32m [repeated 17x across cluster][0m
[36m(ClientAppActor pid=40094)[0m             entirely in future versions of Flower.[32m [repeated 17x across cluster][0m
[36m(ClientAppActor pid=40094)[0m [Client 0] Training on NVIDIA GeForce RTX 3060[32m [repeated 8x across cluster][0m
[36m(ClientAppActor pid=40094)[0m 
[36m(ClientAppActor pid=40094)[0m         
[36m(ClientAppActor pid=40087)[0m 
[36m(ClientAppActor pid=40087)[0m         
[92mINFO [0m:      aggregate_fit: received 10 results and 0 failures
INFO:flwr:aggregate_fit: received 10 results and 0 failures
[CascadeRouter] Round 14: 10 clients, 24578 parameters/client
[92mINFO [0m:      configure_evaluate: strategy sampled 10 clients (out of 10)
INFO:flwr:configure_evaluate: strategy sampled 10 clients (out of 10)
[36m(ClientAppActor pid=40094)[0m 
[36m(ClientAppActor pid=40094)[0m         
[36m(ClientAppActor pid=40094)[0m [93mWARNING [0m:   DEPRECATED FEATURE: `client_fn` now expects a signature `def client_fn(context: Context)`.The provided `client_fn` has signature: {'cid': <Parameter "cid: str">}. You can import the `Context` like this: `from flwr.app import Context`[32m [repeated 3x across cluster][0m
[36m(ClientAppActor pid=40094)[0m             This is a deprecated feature. It will be removed[32m [repeated 3x across cluster][0m
[36m(ClientAppActor pid=40094)[0m             entirely in future versions of Flower.[32m [repeated 3x across cluster][0m
[36m(ClientAppActor pid=40087)[0m 
[36m(ClientAppActor pid=40087)[0m         
[36m(ClientAppActor pid=40094)[0m 
[36m(ClientAppActor pid=40094)[0m         
[36m(ClientAppActor pid=40087)[0m 
[36m(ClientAppActor pid=40087)[0m         
[36m(ClientAppActor pid=40094)[0m 
[36m(ClientAppActor pid=40094)[0m         
[36m(ClientAppActor pid=40087)[0m 
[36m(ClientAppActor pid=40087)[0m         
[36m(ClientAppActor pid=40094)[0m 
[36m(ClientAppActor pid=40094)[0m         
[36m(ClientAppActor pid=40087)[0m 
[36m(ClientAppActor pid=40087)[0m         
[36m(ClientAppActor pid=40094)[0m 
[36m(ClientAppActor pid=40094)[0m         
[36m(ClientAppActor pid=40087)[0m 
[36m(ClientAppActor pid=40087)[0m         
[92mINFO [0m:      aggregate_evaluate: received 10 results and 0 failures
INFO:flwr:aggregate_evaluate: received 10 results and 0 failures
[92mINFO [0m:      
INFO:flwr:
[92mINFO [0m:      [ROUND 15]
INFO:flwr:[ROUND 15]
[92mINFO [0m:      configure_fit: strategy sampled 10 clients (out of 10)
INFO:flwr:configure_fit: strategy sampled 10 clients (out of 10)
[36m(ClientAppActor pid=40087)[0m 
[36m(ClientAppActor pid=40087)[0m         
[36m(ClientAppActor pid=40094)[0m 
[36m(ClientAppActor pid=40094)[0m         
[36m(ClientAppActor pid=40087)[0m [Client 3] Training on NVIDIA GeForce RTX 3060[32m [repeated 4x across cluster][0m
[36m(ClientAppActor pid=40087)[0m 
[36m(ClientAppActor pid=40087)[0m         
[36m(ClientAppActor pid=40087)[0m 
[36m(ClientAppActor pid=40087)[0m         
[36m(ClientAppActor pid=40094)[0m 
[36m(ClientAppActor pid=40094)[0m         
[36m(ClientAppActor pid=40087)[0m 
[36m(ClientAppActor pid=40087)[0m         
[36m(ClientAppActor pid=40094)[0m 
[36m(ClientAppActor pid=40094)[0m         
[36m(ClientAppActor pid=40094)[0m 
[36m(ClientAppActor pid=40094)[0m         
[36m(ClientAppActor pid=40087)[0m [Client 7] Training on NVIDIA GeForce RTX 3060[32m [repeated 6x across cluster][0m
[36m(ClientAppActor pid=40087)[0m 
[36m(ClientAppActor pid=40087)[0m         
[36m(ClientAppActor pid=40087)[0m [93mWARNING [0m:   DEPRECATED FEATURE: `client_fn` now expects a signature `def client_fn(context: Context)`.The provided `client_fn` has signature: {'cid': <Parameter "cid: str">}. You can import the `Context` like this: `from flwr.app import Context`[32m [repeated 18x across cluster][0m
[36m(ClientAppActor pid=40087)[0m             This is a deprecated feature. It will be removed[32m [repeated 18x across cluster][0m
[36m(ClientAppActor pid=40087)[0m             entirely in future versions of Flower.[32m [repeated 18x across cluster][0m
[36m(ClientAppActor pid=40094)[0m 
[36m(ClientAppActor pid=40094)[0m         
[92mINFO [0m:      aggregate_fit: received 10 results and 0 failures
INFO:flwr:aggregate_fit: received 10 results and 0 failures
[CascadeRouter] Round 15: 10 clients, 24578 parameters/client
[92mINFO [0m:      configure_evaluate: strategy sampled 10 clients (out of 10)
INFO:flwr:configure_evaluate: strategy sampled 10 clients (out of 10)
[36m(ClientAppActor pid=40087)[0m 
[36m(ClientAppActor pid=40087)[0m         
[36m(ClientAppActor pid=40087)[0m [93mWARNING [0m:   DEPRECATED FEATURE: `client_fn` now expects a signature `def client_fn(context: Context)`.The provided `client_fn` has signature: {'cid': <Parameter "cid: str">}. You can import the `Context` like this: `from flwr.app import Context`[32m [repeated 2x across cluster][0m
[36m(ClientAppActor pid=40087)[0m             This is a deprecated feature. It will be removed[32m [repeated 2x across cluster][0m
[36m(ClientAppActor pid=40087)[0m             entirely in future versions of Flower.[32m [repeated 2x across cluster][0m
[36m(ClientAppActor pid=40094)[0m 
[36m(ClientAppActor pid=40094)[0m         
[36m(ClientAppActor pid=40087)[0m 
[36m(ClientAppActor pid=40087)[0m         
[36m(ClientAppActor pid=40094)[0m 
[36m(ClientAppActor pid=40094)[0m         
[36m(ClientAppActor pid=40094)[0m 
[36m(ClientAppActor pid=40094)[0m         
[36m(ClientAppActor pid=40087)[0m 
[36m(ClientAppActor pid=40087)[0m         
[36m(ClientAppActor pid=40094)[0m 
[36m(ClientAppActor pid=40094)[0m         
[36m(ClientAppActor pid=40087)[0m 
[36m(ClientAppActor pid=40087)[0m         
[36m(ClientAppActor pid=40087)[0m 
[36m(ClientAppActor pid=40087)[0m         
[36m(ClientAppActor pid=40094)[0m 
[36m(ClientAppActor pid=40094)[0m         
[92mINFO [0m:      aggregate_evaluate: received 10 results and 0 failures
INFO:flwr:aggregate_evaluate: received 10 results and 0 failures
[92mINFO [0m:      
INFO:flwr:
[92mINFO [0m:      [ROUND 16]
INFO:flwr:[ROUND 16]
[92mINFO [0m:      configure_fit: strategy sampled 10 clients (out of 10)
INFO:flwr:configure_fit: strategy sampled 10 clients (out of 10)
[36m(ClientAppActor pid=40094)[0m [Client 0] Training on NVIDIA GeForce RTX 3060[32m [repeated 2x across cluster][0m
[36m(ClientAppActor pid=40094)[0m 
[36m(ClientAppActor pid=40094)[0m         
[36m(ClientAppActor pid=40087)[0m 
[36m(ClientAppActor pid=40087)[0m         
[36m(ClientAppActor pid=40087)[0m 
[36m(ClientAppActor pid=40087)[0m         
[36m(ClientAppActor pid=40087)[0m [93mWARNING [0m:   DEPRECATED FEATURE: `client_fn` now expects a signature `def client_fn(context: Context)`.The provided `client_fn` has signature: {'cid': <Parameter "cid: str">}. You can import the `Context` like this: `from flwr.app import Context`[32m [repeated 12x across cluster][0m
[36m(ClientAppActor pid=40087)[0m             This is a deprecated feature. It will be removed[32m [repeated 12x across cluster][0m
[36m(ClientAppActor pid=40087)[0m             entirely in future versions of Flower.[32m [repeated 12x across cluster][0m
[36m(ClientAppActor pid=40087)[0m 
[36m(ClientAppActor pid=40087)[0m         
[36m(ClientAppActor pid=40094)[0m [Client 7] Training on NVIDIA GeForce RTX 3060[32m [repeated 4x across cluster][0m
[36m(ClientAppActor pid=40094)[0m 
[36m(ClientAppActor pid=40094)[0m         
[36m(ClientAppActor pid=40087)[0m 
[36m(ClientAppActor pid=40087)[0m         
[36m(ClientAppActor pid=40087)[0m 
[36m(ClientAppActor pid=40087)[0m         
[36m(ClientAppActor pid=40087)[0m 
[36m(ClientAppActor pid=40087)[0m         
[36m(ClientAppActor pid=40087)[0m 
[36m(ClientAppActor pid=40087)[0m         
[36m(ClientAppActor pid=40087)[0m 
[36m(ClientAppActor pid=40087)[0m         
[92mINFO [0m:      aggregate_fit: received 10 results and 0 failures
INFO:flwr:aggregate_fit: received 10 results and 0 failures
[CascadeRouter] Round 16: 10 clients, 24578 parameters/client
[92mINFO [0m:      configure_evaluate: strategy sampled 10 clients (out of 10)
INFO:flwr:configure_evaluate: strategy sampled 10 clients (out of 10)
[36m(ClientAppActor pid=40094)[0m 
[36m(ClientAppActor pid=40094)[0m         
[36m(ClientAppActor pid=40094)[0m [93mWARNING [0m:   DEPRECATED FEATURE: `client_fn` now expects a signature `def client_fn(context: Context)`.The provided `client_fn` has signature: {'cid': <Parameter "cid: str">}. You can import the `Context` like this: `from flwr.app import Context`[32m [repeated 8x across cluster][0m
[36m(ClientAppActor pid=40094)[0m             This is a deprecated feature. It will be removed[32m [repeated 8x across cluster][0m
[36m(ClientAppActor pid=40094)[0m             entirely in future versions of Flower.[32m [repeated 8x across cluster][0m
[36m(ClientAppActor pid=40087)[0m 
[36m(ClientAppActor pid=40087)[0m         
[36m(ClientAppActor pid=40094)[0m 
[36m(ClientAppActor pid=40094)[0m         
[36m(ClientAppActor pid=40087)[0m 
[36m(ClientAppActor pid=40087)[0m         
[36m(ClientAppActor pid=40094)[0m 
[36m(ClientAppActor pid=40094)[0m         
[36m(ClientAppActor pid=40087)[0m 
[36m(ClientAppActor pid=40087)[0m         
[36m(ClientAppActor pid=40094)[0m 
[36m(ClientAppActor pid=40094)[0m         
[36m(ClientAppActor pid=40087)[0m 
[36m(ClientAppActor pid=40087)[0m         
[36m(ClientAppActor pid=40094)[0m 
[36m(ClientAppActor pid=40094)[0m         
[36m(ClientAppActor pid=40087)[0m 
[36m(ClientAppActor pid=40087)[0m         
[92mINFO [0m:      aggregate_evaluate: received 10 results and 0 failures
INFO:flwr:aggregate_evaluate: received 10 results and 0 failures
[92mINFO [0m:      
INFO:flwr:
[92mINFO [0m:      [ROUND 17]
INFO:flwr:[ROUND 17]
[92mINFO [0m:      configure_fit: strategy sampled 10 clients (out of 10)
INFO:flwr:configure_fit: strategy sampled 10 clients (out of 10)
[36m(ClientAppActor pid=40094)[0m [Client 3] Training on NVIDIA GeForce RTX 3060[32m [repeated 6x across cluster][0m
[36m(ClientAppActor pid=40094)[0m 
[36m(ClientAppActor pid=40094)[0m         
[36m(ClientAppActor pid=40087)[0m 
[36m(ClientAppActor pid=40087)[0m         
[36m(ClientAppActor pid=40094)[0m 
[36m(ClientAppActor pid=40094)[0m         
[36m(ClientAppActor pid=40094)[0m 
[36m(ClientAppActor pid=40094)[0m         
[36m(ClientAppActor pid=40094)[0m 
[36m(ClientAppActor pid=40094)[0m         
[36m(ClientAppActor pid=40087)[0m [Client 2] Training on NVIDIA GeForce RTX 3060[32m [repeated 5x across cluster][0m
[36m(ClientAppActor pid=40087)[0m 
[36m(ClientAppActor pid=40087)[0m         
[36m(ClientAppActor pid=40087)[0m [93mWARNING [0m:   DEPRECATED FEATURE: `client_fn` now expects a signature `def client_fn(context: Context)`.The provided `client_fn` has signature: {'cid': <Parameter "cid: str">}. You can import the `Context` like this: `from flwr.app import Context`[32m [repeated 15x across cluster][0m
[36m(ClientAppActor pid=40087)[0m             This is a deprecated feature. It will be removed[32m [repeated 15x across cluster][0m
[36m(ClientAppActor pid=40087)[0m             entirely in future versions of Flower.[32m [repeated 15x across cluster][0m
[36m(ClientAppActor pid=40087)[0m 
[36m(ClientAppActor pid=40087)[0m         
[36m(ClientAppActor pid=40087)[0m 
[36m(ClientAppActor pid=40087)[0m         
[36m(ClientAppActor pid=40087)[0m 
[36m(ClientAppActor pid=40087)[0m         
[36m(ClientAppActor pid=40094)[0m 
[36m(ClientAppActor pid=40094)[0m         
[92mINFO [0m:      aggregate_fit: received 10 results and 0 failures
INFO:flwr:aggregate_fit: received 10 results and 0 failures
[CascadeRouter] Round 17: 10 clients, 24578 parameters/client
[92mINFO [0m:      configure_evaluate: strategy sampled 10 clients (out of 10)
INFO:flwr:configure_evaluate: strategy sampled 10 clients (out of 10)
[36m(ClientAppActor pid=40094)[0m 
[36m(ClientAppActor pid=40094)[0m         
[36m(ClientAppActor pid=40094)[0m [93mWARNING [0m:   DEPRECATED FEATURE: `client_fn` now expects a signature `def client_fn(context: Context)`.The provided `client_fn` has signature: {'cid': <Parameter "cid: str">}. You can import the `Context` like this: `from flwr.app import Context`[32m [repeated 5x across cluster][0m
[36m(ClientAppActor pid=40094)[0m             This is a deprecated feature. It will be removed[32m [repeated 5x across cluster][0m
[36m(ClientAppActor pid=40094)[0m             entirely in future versions of Flower.[32m [repeated 5x across cluster][0m
[36m(ClientAppActor pid=40087)[0m 
[36m(ClientAppActor pid=40087)[0m         
[36m(ClientAppActor pid=40094)[0m 
[36m(ClientAppActor pid=40094)[0m         
[36m(ClientAppActor pid=40087)[0m 
[36m(ClientAppActor pid=40087)[0m         
[36m(ClientAppActor pid=40094)[0m 
[36m(ClientAppActor pid=40094)[0m         
[36m(ClientAppActor pid=40087)[0m 
[36m(ClientAppActor pid=40087)[0m         
[36m(ClientAppActor pid=40094)[0m 
[36m(ClientAppActor pid=40094)[0m         
[36m(ClientAppActor pid=40087)[0m 
[36m(ClientAppActor pid=40087)[0m         
[36m(ClientAppActor pid=40094)[0m 
[36m(ClientAppActor pid=40094)[0m         
[36m(ClientAppActor pid=40087)[0m 
[36m(ClientAppActor pid=40087)[0m         
[92mINFO [0m:      aggregate_evaluate: received 10 results and 0 failures
INFO:flwr:aggregate_evaluate: received 10 results and 0 failures
[92mINFO [0m:      
INFO:flwr:
[92mINFO [0m:      [ROUND 18]
INFO:flwr:[ROUND 18]
[92mINFO [0m:      configure_fit: strategy sampled 10 clients (out of 10)
INFO:flwr:configure_fit: strategy sampled 10 clients (out of 10)
[36m(ClientAppActor pid=40094)[0m 
[36m(ClientAppActor pid=40094)[0m         
[36m(ClientAppActor pid=40087)[0m [Client 4] Training on NVIDIA GeForce RTX 3060[32m [repeated 5x across cluster][0m
[36m(ClientAppActor pid=40087)[0m 
[36m(ClientAppActor pid=40087)[0m         
[36m(ClientAppActor pid=40087)[0m 
[36m(ClientAppActor pid=40087)[0m         
[36m(ClientAppActor pid=40087)[0m 
[36m(ClientAppActor pid=40087)[0m         
[36m(ClientAppActor pid=40087)[0m 
[36m(ClientAppActor pid=40087)[0m         
[36m(ClientAppActor pid=40087)[0m 
[36m(ClientAppActor pid=40087)[0m         
[36m(ClientAppActor pid=40087)[0m 
[36m(ClientAppActor pid=40087)[0m         
[36m(ClientAppActor pid=40087)[0m [93mWARNING [0m:   DEPRECATED FEATURE: `client_fn` now expects a signature `def client_fn(context: Context)`.The provided `client_fn` has signature: {'cid': <Parameter "cid: str">}. You can import the `Context` like this: `from flwr.app import Context`[32m [repeated 16x across cluster][0m
[36m(ClientAppActor pid=40087)[0m             This is a deprecated feature. It will be removed[32m [repeated 16x across cluster][0m
[36m(ClientAppActor pid=40087)[0m             entirely in future versions of Flower.[32m [repeated 16x across cluster][0m
[36m(ClientAppActor pid=40094)[0m [Client 6] Training on NVIDIA GeForce RTX 3060[32m [repeated 7x across cluster][0m
[36m(ClientAppActor pid=40094)[0m 
[36m(ClientAppActor pid=40094)[0m         
[36m(ClientAppActor pid=40094)[0m 
[36m(ClientAppActor pid=40094)[0m         
[36m(ClientAppActor pid=40094)[0m 
[36m(ClientAppActor pid=40094)[0m         
[36m(ClientAppActor pid=40094)[0m [93mWARNING [0m:   DEPRECATED FEATURE: `client_fn` now expects a signature `def client_fn(context: Context)`.The provided `client_fn` has signature: {'cid': <Parameter "cid: str">}. You can import the `Context` like this: `from flwr.app import Context`[32m [repeated 3x across cluster][0m
[36m(ClientAppActor pid=40094)[0m             This is a deprecated feature. It will be removed[32m [repeated 3x across cluster][0m
[36m(ClientAppActor pid=40094)[0m             entirely in future versions of Flower.[32m [repeated 3x across cluster][0m
[92mINFO [0m:      aggregate_fit: received 10 results and 0 failures
INFO:flwr:aggregate_fit: received 10 results and 0 failures
[CascadeRouter] Round 18: 10 clients, 24578 parameters/client
[92mINFO [0m:      configure_evaluate: strategy sampled 10 clients (out of 10)
INFO:flwr:configure_evaluate: strategy sampled 10 clients (out of 10)
[36m(ClientAppActor pid=40094)[0m 
[36m(ClientAppActor pid=40094)[0m         
[36m(ClientAppActor pid=40087)[0m 
[36m(ClientAppActor pid=40087)[0m         
[36m(ClientAppActor pid=40087)[0m 
[36m(ClientAppActor pid=40087)[0m         
[36m(ClientAppActor pid=40094)[0m 
[36m(ClientAppActor pid=40094)[0m         
[36m(ClientAppActor pid=40094)[0m 
[36m(ClientAppActor pid=40094)[0m         
[36m(ClientAppActor pid=40087)[0m 
[36m(ClientAppActor pid=40087)[0m         
[36m(ClientAppActor pid=40087)[0m 
[36m(ClientAppActor pid=40087)[0m         
[36m(ClientAppActor pid=40094)[0m 
[36m(ClientAppActor pid=40094)[0m         
[36m(ClientAppActor pid=40094)[0m 
[36m(ClientAppActor pid=40094)[0m         
[36m(ClientAppActor pid=40087)[0m 
[36m(ClientAppActor pid=40087)[0m         
[92mINFO [0m:      aggregate_evaluate: received 10 results and 0 failures
INFO:flwr:aggregate_evaluate: received 10 results and 0 failures
[92mINFO [0m:      
INFO:flwr:
[92mINFO [0m:      [ROUND 19]
INFO:flwr:[ROUND 19]
[92mINFO [0m:      configure_fit: strategy sampled 10 clients (out of 10)
INFO:flwr:configure_fit: strategy sampled 10 clients (out of 10)
[36m(ClientAppActor pid=40094)[0m [Client 8] Training on NVIDIA GeForce RTX 3060[32m [repeated 3x across cluster][0m
[36m(ClientAppActor pid=40094)[0m 
[36m(ClientAppActor pid=40094)[0m         
[36m(ClientAppActor pid=40087)[0m 
[36m(ClientAppActor pid=40087)[0m         
[36m(ClientAppActor pid=40094)[0m 
[36m(ClientAppActor pid=40094)[0m         
[36m(ClientAppActor pid=40094)[0m 
[36m(ClientAppActor pid=40094)[0m         
[36m(ClientAppActor pid=40094)[0m 
[36m(ClientAppActor pid=40094)[0m         
[36m(ClientAppActor pid=40094)[0m [93mWARNING [0m:   DEPRECATED FEATURE: `client_fn` now expects a signature `def client_fn(context: Context)`.The provided `client_fn` has signature: {'cid': <Parameter "cid: str">}. You can import the `Context` like this: `from flwr.app import Context`[32m [repeated 15x across cluster][0m
[36m(ClientAppActor pid=40094)[0m             This is a deprecated feature. It will be removed[32m [repeated 15x across cluster][0m
[36m(ClientAppActor pid=40094)[0m             entirely in future versions of Flower.[32m [repeated 15x across cluster][0m
[36m(ClientAppActor pid=40087)[0m 
[36m(ClientAppActor pid=40087)[0m         
[36m(ClientAppActor pid=40087)[0m 
[36m(ClientAppActor pid=40087)[0m         
[36m(ClientAppActor pid=40087)[0m 
[36m(ClientAppActor pid=40087)[0m         
[36m(ClientAppActor pid=40087)[0m [Client 9] Training on NVIDIA GeForce RTX 3060[32m [repeated 8x across cluster][0m
[36m(ClientAppActor pid=40087)[0m 
[36m(ClientAppActor pid=40087)[0m         
[36m(ClientAppActor pid=40087)[0m 
[36m(ClientAppActor pid=40087)[0m         
[92mINFO [0m:      aggregate_fit: received 10 results and 0 failures
INFO:flwr:aggregate_fit: received 10 results and 0 failures
[CascadeRouter] Round 19: 10 clients, 24578 parameters/client
[92mINFO [0m:      configure_evaluate: strategy sampled 10 clients (out of 10)
INFO:flwr:configure_evaluate: strategy sampled 10 clients (out of 10)
[36m(ClientAppActor pid=40094)[0m 
[36m(ClientAppActor pid=40094)[0m         
[36m(ClientAppActor pid=40094)[0m [93mWARNING [0m:   DEPRECATED FEATURE: `client_fn` now expects a signature `def client_fn(context: Context)`.The provided `client_fn` has signature: {'cid': <Parameter "cid: str">}. You can import the `Context` like this: `from flwr.app import Context`[32m [repeated 6x across cluster][0m
[36m(ClientAppActor pid=40094)[0m             This is a deprecated feature. It will be removed[32m [repeated 6x across cluster][0m
[36m(ClientAppActor pid=40094)[0m             entirely in future versions of Flower.[32m [repeated 6x across cluster][0m
[36m(ClientAppActor pid=40087)[0m 
[36m(ClientAppActor pid=40087)[0m         
[36m(ClientAppActor pid=40087)[0m 
[36m(ClientAppActor pid=40087)[0m         
[36m(ClientAppActor pid=40094)[0m 
[36m(ClientAppActor pid=40094)[0m         
[36m(ClientAppActor pid=40094)[0m 
[36m(ClientAppActor pid=40094)[0m         
[36m(ClientAppActor pid=40087)[0m 
[36m(ClientAppActor pid=40087)[0m         
[36m(ClientAppActor pid=40087)[0m 
[36m(ClientAppActor pid=40087)[0m         
[36m(ClientAppActor pid=40094)[0m 
[36m(ClientAppActor pid=40094)[0m         
[36m(ClientAppActor pid=40087)[0m 
[36m(ClientAppActor pid=40087)[0m         
[36m(ClientAppActor pid=40094)[0m 
[36m(ClientAppActor pid=40094)[0m         
[92mINFO [0m:      aggregate_evaluate: received 10 results and 0 failures
INFO:flwr:aggregate_evaluate: received 10 results and 0 failures
[92mINFO [0m:      
INFO:flwr:
[92mINFO [0m:      [ROUND 20]
INFO:flwr:[ROUND 20]
[92mINFO [0m:      configure_fit: strategy sampled 10 clients (out of 10)
INFO:flwr:configure_fit: strategy sampled 10 clients (out of 10)
[36m(ClientAppActor pid=40094)[0m [Client 3] Training on NVIDIA GeForce RTX 3060[32m [repeated 2x across cluster][0m
[36m(ClientAppActor pid=40094)[0m 
[36m(ClientAppActor pid=40094)[0m         
[36m(ClientAppActor pid=40087)[0m 
[36m(ClientAppActor pid=40087)[0m         
[36m(ClientAppActor pid=40094)[0m 
[36m(ClientAppActor pid=40094)[0m         
[36m(ClientAppActor pid=40087)[0m 
[36m(ClientAppActor pid=40087)[0m         
[36m(ClientAppActor pid=40087)[0m 
[36m(ClientAppActor pid=40087)[0m         
[36m(ClientAppActor pid=40087)[0m 
[36m(ClientAppActor pid=40087)[0m         
[36m(ClientAppActor pid=40087)[0m [93mWARNING [0m:   DEPRECATED FEATURE: `client_fn` now expects a signature `def client_fn(context: Context)`.The provided `client_fn` has signature: {'cid': <Parameter "cid: str">}. You can import the `Context` like this: `from flwr.app import Context`[32m [repeated 15x across cluster][0m
[36m(ClientAppActor pid=40087)[0m             This is a deprecated feature. It will be removed[32m [repeated 15x across cluster][0m
[36m(ClientAppActor pid=40087)[0m             entirely in future versions of Flower.[32m [repeated 15x across cluster][0m
[36m(ClientAppActor pid=40087)[0m 
[36m(ClientAppActor pid=40087)[0m         
[36m(ClientAppActor pid=40087)[0m 
[36m(ClientAppActor pid=40087)[0m         
[36m(ClientAppActor pid=40094)[0m [Client 6] Training on NVIDIA GeForce RTX 3060[32m [repeated 8x across cluster][0m
[36m(ClientAppActor pid=40094)[0m 
[36m(ClientAppActor pid=40094)[0m         
[36m(ClientAppActor pid=40094)[0m 
[36m(ClientAppActor pid=40094)[0m         
[36m(ClientAppActor pid=40094)[0m [93mWARNING [0m:   DEPRECATED FEATURE: `client_fn` now expects a signature `def client_fn(context: Context)`.The provided `client_fn` has signature: {'cid': <Parameter "cid: str">}. You can import the `Context` like this: `from flwr.app import Context`[32m [repeated 4x across cluster][0m
[36m(ClientAppActor pid=40094)[0m             This is a deprecated feature. It will be removed[32m [repeated 4x across cluster][0m
[36m(ClientAppActor pid=40094)[0m             entirely in future versions of Flower.[32m [repeated 4x across cluster][0m
[92mINFO [0m:      aggregate_fit: received 10 results and 0 failures
INFO:flwr:aggregate_fit: received 10 results and 0 failures
[CascadeRouter] Round 20: 10 clients, 24578 parameters/client
[92mINFO [0m:      configure_evaluate: strategy sampled 10 clients (out of 10)
INFO:flwr:configure_evaluate: strategy sampled 10 clients (out of 10)
[36m(ClientAppActor pid=40094)[0m 
[36m(ClientAppActor pid=40094)[0m         
[36m(ClientAppActor pid=40087)[0m 
[36m(ClientAppActor pid=40087)[0m         
[36m(ClientAppActor pid=40087)[0m 
[36m(ClientAppActor pid=40087)[0m         
[36m(ClientAppActor pid=40094)[0m 
[36m(ClientAppActor pid=40094)[0m         
[36m(ClientAppActor pid=40087)[0m 
[36m(ClientAppActor pid=40087)[0m         
[36m(ClientAppActor pid=40094)[0m 
[36m(ClientAppActor pid=40094)[0m         
[36m(ClientAppActor pid=40094)[0m 
[36m(ClientAppActor pid=40094)[0m         
[36m(ClientAppActor pid=40087)[0m 
[36m(ClientAppActor pid=40087)[0m         
[36m(ClientAppActor pid=40087)[0m 
[36m(ClientAppActor pid=40087)[0m         
[36m(ClientAppActor pid=40094)[0m 
[36m(ClientAppActor pid=40094)[0m         
[92mINFO [0m:      aggregate_evaluate: received 10 results and 0 failures
INFO:flwr:aggregate_evaluate: received 10 results and 0 failures
[92mINFO [0m:      
INFO:flwr:
[92mINFO [0m:      [ROUND 21]
INFO:flwr:[ROUND 21]
[92mINFO [0m:      configure_fit: strategy sampled 10 clients (out of 10)
INFO:flwr:configure_fit: strategy sampled 10 clients (out of 10)
[36m(ClientAppActor pid=40094)[0m [Client 2] Training on NVIDIA GeForce RTX 3060[32m [repeated 2x across cluster][0m
[36m(ClientAppActor pid=40094)[0m 
[36m(ClientAppActor pid=40094)[0m         
[36m(ClientAppActor pid=40087)[0m 
[36m(ClientAppActor pid=40087)[0m         
[36m(ClientAppActor pid=40094)[0m 
[36m(ClientAppActor pid=40094)[0m         
[36m(ClientAppActor pid=40087)[0m 
[36m(ClientAppActor pid=40087)[0m         
[36m(ClientAppActor pid=40087)[0m [93mWARNING [0m:   DEPRECATED FEATURE: `client_fn` now expects a signature `def client_fn(context: Context)`.The provided `client_fn` has signature: {'cid': <Parameter "cid: str">}. You can import the `Context` like this: `from flwr.app import Context`[32m [repeated 14x across cluster][0m
[36m(ClientAppActor pid=40087)[0m             This is a deprecated feature. It will be removed[32m [repeated 14x across cluster][0m
[36m(ClientAppActor pid=40087)[0m             entirely in future versions of Flower.[32m [repeated 14x across cluster][0m
[36m(ClientAppActor pid=40087)[0m [Client 5] Training on NVIDIA GeForce RTX 3060[32m [repeated 4x across cluster][0m
[36m(ClientAppActor pid=40087)[0m 
[36m(ClientAppActor pid=40087)[0m         
[36m(ClientAppActor pid=40087)[0m 
[36m(ClientAppActor pid=40087)[0m         
[36m(ClientAppActor pid=40087)[0m 
[36m(ClientAppActor pid=40087)[0m         
[36m(ClientAppActor pid=40087)[0m 
[36m(ClientAppActor pid=40087)[0m         
[36m(ClientAppActor pid=40087)[0m 
[36m(ClientAppActor pid=40087)[0m         
[36m(ClientAppActor pid=40094)[0m 
[36m(ClientAppActor pid=40094)[0m         
[92mINFO [0m:      aggregate_fit: received 10 results and 0 failures
INFO:flwr:aggregate_fit: received 10 results and 0 failures
[CascadeRouter] Round 21: 10 clients, 24578 parameters/client
[92mINFO [0m:      configure_evaluate: strategy sampled 10 clients (out of 10)
INFO:flwr:configure_evaluate: strategy sampled 10 clients (out of 10)
[36m(ClientAppActor pid=40094)[0m 
[36m(ClientAppActor pid=40094)[0m         
[36m(ClientAppActor pid=40094)[0m [93mWARNING [0m:   DEPRECATED FEATURE: `client_fn` now expects a signature `def client_fn(context: Context)`.The provided `client_fn` has signature: {'cid': <Parameter "cid: str">}. You can import the `Context` like this: `from flwr.app import Context`[32m [repeated 7x across cluster][0m
[36m(ClientAppActor pid=40094)[0m             This is a deprecated feature. It will be removed[32m [repeated 7x across cluster][0m
[36m(ClientAppActor pid=40094)[0m             entirely in future versions of Flower.[32m [repeated 7x across cluster][0m
[36m(ClientAppActor pid=40087)[0m 
[36m(ClientAppActor pid=40087)[0m         
[36m(ClientAppActor pid=40094)[0m 
[36m(ClientAppActor pid=40094)[0m         
[36m(ClientAppActor pid=40087)[0m 
[36m(ClientAppActor pid=40087)[0m         
[36m(ClientAppActor pid=40094)[0m 
[36m(ClientAppActor pid=40094)[0m         
[36m(ClientAppActor pid=40087)[0m 
[36m(ClientAppActor pid=40087)[0m         
[36m(ClientAppActor pid=40094)[0m 
[36m(ClientAppActor pid=40094)[0m         
[36m(ClientAppActor pid=40087)[0m 
[36m(ClientAppActor pid=40087)[0m         
[36m(ClientAppActor pid=40094)[0m 
[36m(ClientAppActor pid=40094)[0m         
[36m(ClientAppActor pid=40087)[0m 
[36m(ClientAppActor pid=40087)[0m         
[92mINFO [0m:      aggregate_evaluate: received 10 results and 0 failures
INFO:flwr:aggregate_evaluate: received 10 results and 0 failures
[92mINFO [0m:      
INFO:flwr:
[92mINFO [0m:      [ROUND 22]
INFO:flwr:[ROUND 22]
[92mINFO [0m:      configure_fit: strategy sampled 10 clients (out of 10)
INFO:flwr:configure_fit: strategy sampled 10 clients (out of 10)
[36m(ClientAppActor pid=40094)[0m [Client 0] Training on NVIDIA GeForce RTX 3060[32m [repeated 6x across cluster][0m
[36m(ClientAppActor pid=40094)[0m 
[36m(ClientAppActor pid=40094)[0m         
[36m(ClientAppActor pid=40087)[0m 
[36m(ClientAppActor pid=40087)[0m         
[36m(ClientAppActor pid=40094)[0m [Client 3] Training on NVIDIA GeForce RTX 3060[32m [repeated 2x across cluster][0m
[36m(ClientAppActor pid=40094)[0m 
[36m(ClientAppActor pid=40094)[0m         
[36m(ClientAppActor pid=40094)[0m [93mWARNING [0m:   DEPRECATED FEATURE: `client_fn` now expects a signature `def client_fn(context: Context)`.The provided `client_fn` has signature: {'cid': <Parameter "cid: str">}. You can import the `Context` like this: `from flwr.app import Context`[32m [repeated 12x across cluster][0m
[36m(ClientAppActor pid=40094)[0m             This is a deprecated feature. It will be removed[32m [repeated 12x across cluster][0m
[36m(ClientAppActor pid=40094)[0m             entirely in future versions of Flower.[32m [repeated 12x across cluster][0m
[36m(ClientAppActor pid=40094)[0m 
[36m(ClientAppActor pid=40094)[0m         
[36m(ClientAppActor pid=40094)[0m 
[36m(ClientAppActor pid=40094)[0m         
[36m(ClientAppActor pid=40094)[0m 
[36m(ClientAppActor pid=40094)[0m         
[36m(ClientAppActor pid=40094)[0m 
[36m(ClientAppActor pid=40094)[0m         
[36m(ClientAppActor pid=40087)[0m 
[36m(ClientAppActor pid=40087)[0m         
[36m(ClientAppActor pid=40094)[0m 
[36m(ClientAppActor pid=40094)[0m         
[36m(ClientAppActor pid=40094)[0m 
[36m(ClientAppActor pid=40094)[0m         
[92mINFO [0m:      aggregate_fit: received 10 results and 0 failures
INFO:flwr:aggregate_fit: received 10 results and 0 failures
[CascadeRouter] Round 22: 10 clients, 24578 parameters/client
[92mINFO [0m:      configure_evaluate: strategy sampled 10 clients (out of 10)
INFO:flwr:configure_evaluate: strategy sampled 10 clients (out of 10)
[36m(ClientAppActor pid=40094)[0m 
[36m(ClientAppActor pid=40094)[0m         
[36m(ClientAppActor pid=40094)[0m [93mWARNING [0m:   DEPRECATED FEATURE: `client_fn` now expects a signature `def client_fn(context: Context)`.The provided `client_fn` has signature: {'cid': <Parameter "cid: str">}. You can import the `Context` like this: `from flwr.app import Context`[32m [repeated 8x across cluster][0m
[36m(ClientAppActor pid=40094)[0m             This is a deprecated feature. It will be removed[32m [repeated 8x across cluster][0m
[36m(ClientAppActor pid=40094)[0m             entirely in future versions of Flower.[32m [repeated 8x across cluster][0m
[36m(ClientAppActor pid=40087)[0m 
[36m(ClientAppActor pid=40087)[0m         
[36m(ClientAppActor pid=40087)[0m 
[36m(ClientAppActor pid=40087)[0m         
[36m(ClientAppActor pid=40094)[0m 
[36m(ClientAppActor pid=40094)[0m         
[36m(ClientAppActor pid=40094)[0m 
[36m(ClientAppActor pid=40094)[0m         
[36m(ClientAppActor pid=40087)[0m 
[36m(ClientAppActor pid=40087)[0m         
[36m(ClientAppActor pid=40087)[0m 
[36m(ClientAppActor pid=40087)[0m         
[36m(ClientAppActor pid=40094)[0m 
[36m(ClientAppActor pid=40094)[0m         
[36m(ClientAppActor pid=40087)[0m 
[36m(ClientAppActor pid=40087)[0m         
[36m(ClientAppActor pid=40094)[0m 
[36m(ClientAppActor pid=40094)[0m         
[92mINFO [0m:      aggregate_evaluate: received 10 results and 0 failures
INFO:flwr:aggregate_evaluate: received 10 results and 0 failures
[92mINFO [0m:      
INFO:flwr:
[92mINFO [0m:      [ROUND 23]
INFO:flwr:[ROUND 23]
[92mINFO [0m:      configure_fit: strategy sampled 10 clients (out of 10)
INFO:flwr:configure_fit: strategy sampled 10 clients (out of 10)
[36m(ClientAppActor pid=40094)[0m [Client 7] Training on NVIDIA GeForce RTX 3060[32m [repeated 8x across cluster][0m
[36m(ClientAppActor pid=40094)[0m 
[36m(ClientAppActor pid=40094)[0m         
[36m(ClientAppActor pid=40087)[0m 
[36m(ClientAppActor pid=40087)[0m         
[36m(ClientAppActor pid=40087)[0m 
[36m(ClientAppActor pid=40087)[0m         
[36m(ClientAppActor pid=40087)[0m 
[36m(ClientAppActor pid=40087)[0m         
[36m(ClientAppActor pid=40087)[0m 
[36m(ClientAppActor pid=40087)[0m         
[36m(ClientAppActor pid=40087)[0m 
[36m(ClientAppActor pid=40087)[0m         
[36m(ClientAppActor pid=40087)[0m [Client 8] Training on NVIDIA GeForce RTX 3060[32m [repeated 6x across cluster][0m
[36m(ClientAppActor pid=40087)[0m 
[36m(ClientAppActor pid=40087)[0m         
[36m(ClientAppActor pid=40087)[0m [93mWARNING [0m:   DEPRECATED FEATURE: `client_fn` now expects a signature `def client_fn(context: Context)`.The provided `client_fn` has signature: {'cid': <Parameter "cid: str">}. You can import the `Context` like this: `from flwr.app import Context`[32m [repeated 16x across cluster][0m
[36m(ClientAppActor pid=40087)[0m             This is a deprecated feature. It will be removed[32m [repeated 16x across cluster][0m
[36m(ClientAppActor pid=40087)[0m             entirely in future versions of Flower.[32m [repeated 16x across cluster][0m
[36m(ClientAppActor pid=40094)[0m 
[36m(ClientAppActor pid=40094)[0m         
[36m(ClientAppActor pid=40087)[0m 
[36m(ClientAppActor pid=40087)[0m         
[36m(ClientAppActor pid=40094)[0m 
[36m(ClientAppActor pid=40094)[0m         
[92mINFO [0m:      aggregate_fit: received 10 results and 0 failures
INFO:flwr:aggregate_fit: received 10 results and 0 failures
[CascadeRouter] Round 23: 10 clients, 24578 parameters/client
[92mINFO [0m:      configure_evaluate: strategy sampled 10 clients (out of 10)
INFO:flwr:configure_evaluate: strategy sampled 10 clients (out of 10)
[36m(ClientAppActor pid=40094)[0m 
[36m(ClientAppActor pid=40094)[0m         
[36m(ClientAppActor pid=40087)[0m 
[36m(ClientAppActor pid=40087)[0m         
[36m(ClientAppActor pid=40087)[0m 
[36m(ClientAppActor pid=40087)[0m         
[36m(ClientAppActor pid=40094)[0m 
[36m(ClientAppActor pid=40094)[0m         
[36m(ClientAppActor pid=40087)[0m 
[36m(ClientAppActor pid=40087)[0m         
[36m(ClientAppActor pid=40094)[0m 
[36m(ClientAppActor pid=40094)[0m         
[36m(ClientAppActor pid=40094)[0m 
[36m(ClientAppActor pid=40094)[0m         
[36m(ClientAppActor pid=40087)[0m 
[36m(ClientAppActor pid=40087)[0m         
[36m(ClientAppActor pid=40087)[0m 
[36m(ClientAppActor pid=40087)[0m         
[36m(ClientAppActor pid=40094)[0m 
[36m(ClientAppActor pid=40094)[0m         
[92mINFO [0m:      aggregate_evaluate: received 10 results and 0 failures
INFO:flwr:aggregate_evaluate: received 10 results and 0 failures
[92mINFO [0m:      
INFO:flwr:
[92mINFO [0m:      [ROUND 24]
INFO:flwr:[ROUND 24]
[92mINFO [0m:      configure_fit: strategy sampled 10 clients (out of 10)
INFO:flwr:configure_fit: strategy sampled 10 clients (out of 10)
[36m(ClientAppActor pid=40094)[0m 
[36m(ClientAppActor pid=40094)[0m         
[36m(ClientAppActor pid=40087)[0m 
[36m(ClientAppActor pid=40087)[0m         
[36m(ClientAppActor pid=40094)[0m 
[36m(ClientAppActor pid=40094)[0m         
[36m(ClientAppActor pid=40087)[0m [Client 8] Training on NVIDIA GeForce RTX 3060[32m [repeated 7x across cluster][0m
[36m(ClientAppActor pid=40087)[0m 
[36m(ClientAppActor pid=40087)[0m         
[36m(ClientAppActor pid=40087)[0m [93mWARNING [0m:   DEPRECATED FEATURE: `client_fn` now expects a signature `def client_fn(context: Context)`.The provided `client_fn` has signature: {'cid': <Parameter "cid: str">}. You can import the `Context` like this: `from flwr.app import Context`[32m [repeated 17x across cluster][0m
[36m(ClientAppActor pid=40087)[0m             This is a deprecated feature. It will be removed[32m [repeated 17x across cluster][0m
[36m(ClientAppActor pid=40087)[0m             entirely in future versions of Flower.[32m [repeated 17x across cluster][0m
[36m(ClientAppActor pid=40087)[0m 
[36m(ClientAppActor pid=40087)[0m         
[36m(ClientAppActor pid=40087)[0m 
[36m(ClientAppActor pid=40087)[0m         
[36m(ClientAppActor pid=40094)[0m 
[36m(ClientAppActor pid=40094)[0m         
[36m(ClientAppActor pid=40094)[0m [Client 6] Training on NVIDIA GeForce RTX 3060[32m [repeated 4x across cluster][0m
[36m(ClientAppActor pid=40094)[0m 
[36m(ClientAppActor pid=40094)[0m         
[36m(ClientAppActor pid=40094)[0m [93mWARNING [0m:   DEPRECATED FEATURE: `client_fn` now expects a signature `def client_fn(context: Context)`.The provided `client_fn` has signature: {'cid': <Parameter "cid: str">}. You can import the `Context` like this: `from flwr.app import Context`[32m [repeated 4x across cluster][0m
[36m(ClientAppActor pid=40094)[0m             This is a deprecated feature. It will be removed[32m [repeated 4x across cluster][0m
[36m(ClientAppActor pid=40094)[0m             entirely in future versions of Flower.[32m [repeated 4x across cluster][0m
[36m(ClientAppActor pid=40087)[0m 
[36m(ClientAppActor pid=40087)[0m         
[36m(ClientAppActor pid=40094)[0m 
[36m(ClientAppActor pid=40094)[0m         
[92mINFO [0m:      aggregate_fit: received 10 results and 0 failures
INFO:flwr:aggregate_fit: received 10 results and 0 failures
[CascadeRouter] Round 24: 10 clients, 24578 parameters/client
[92mINFO [0m:      configure_evaluate: strategy sampled 10 clients (out of 10)
INFO:flwr:configure_evaluate: strategy sampled 10 clients (out of 10)
[36m(ClientAppActor pid=40094)[0m 
[36m(ClientAppActor pid=40094)[0m         
[36m(ClientAppActor pid=40087)[0m 
[36m(ClientAppActor pid=40087)[0m         
[36m(ClientAppActor pid=40094)[0m 
[36m(ClientAppActor pid=40094)[0m         
[36m(ClientAppActor pid=40094)[0m [93mWARNING [0m:   DEPRECATED FEATURE: `client_fn` now expects a signature `def client_fn(context: Context)`.The provided `client_fn` has signature: {'cid': <Parameter "cid: str">}. You can import the `Context` like this: `from flwr.app import Context`[32m [repeated 5x across cluster][0m
[36m(ClientAppActor pid=40094)[0m             This is a deprecated feature. It will be removed[32m [repeated 5x across cluster][0m
[36m(ClientAppActor pid=40094)[0m             entirely in future versions of Flower.[32m [repeated 5x across cluster][0m
[36m(ClientAppActor pid=40087)[0m 
[36m(ClientAppActor pid=40087)[0m         
[36m(ClientAppActor pid=40094)[0m 
[36m(ClientAppActor pid=40094)[0m         
[36m(ClientAppActor pid=40087)[0m 
[36m(ClientAppActor pid=40087)[0m         
[36m(ClientAppActor pid=40094)[0m 
[36m(ClientAppActor pid=40094)[0m         
[36m(ClientAppActor pid=40087)[0m 
[36m(ClientAppActor pid=40087)[0m         
[36m(ClientAppActor pid=40094)[0m 
[36m(ClientAppActor pid=40094)[0m         
[36m(ClientAppActor pid=40087)[0m 
[36m(ClientAppActor pid=40087)[0m         
[92mINFO [0m:      aggregate_evaluate: received 10 results and 0 failures
INFO:flwr:aggregate_evaluate: received 10 results and 0 failures
[92mINFO [0m:      
INFO:flwr:
[92mINFO [0m:      [ROUND 25]
INFO:flwr:[ROUND 25]
[92mINFO [0m:      configure_fit: strategy sampled 10 clients (out of 10)
INFO:flwr:configure_fit: strategy sampled 10 clients (out of 10)
[36m(ClientAppActor pid=40087)[0m [Client 6] Training on NVIDIA GeForce RTX 3060[32m [repeated 3x across cluster][0m
[36m(ClientAppActor pid=40087)[0m 
[36m(ClientAppActor pid=40087)[0m         
[36m(ClientAppActor pid=40094)[0m 
[36m(ClientAppActor pid=40094)[0m         
[36m(ClientAppActor pid=40087)[0m 
[36m(ClientAppActor pid=40087)[0m         
[36m(ClientAppActor pid=40087)[0m [93mWARNING [0m:   DEPRECATED FEATURE: `client_fn` now expects a signature `def client_fn(context: Context)`.The provided `client_fn` has signature: {'cid': <Parameter "cid: str">}. You can import the `Context` like this: `from flwr.app import Context`[32m [repeated 10x across cluster][0m
[36m(ClientAppActor pid=40087)[0m             This is a deprecated feature. It will be removed[32m [repeated 10x across cluster][0m
[36m(ClientAppActor pid=40087)[0m             entirely in future versions of Flower.[32m [repeated 10x across cluster][0m
[36m(ClientAppActor pid=40087)[0m 
[36m(ClientAppActor pid=40087)[0m         
[36m(ClientAppActor pid=40087)[0m 
[36m(ClientAppActor pid=40087)[0m         
[36m(ClientAppActor pid=40094)[0m [Client 7] Training on NVIDIA GeForce RTX 3060[32m [repeated 5x across cluster][0m
[36m(ClientAppActor pid=40094)[0m 
[36m(ClientAppActor pid=40094)[0m         
[36m(ClientAppActor pid=40087)[0m 
[36m(ClientAppActor pid=40087)[0m         
[36m(ClientAppActor pid=40087)[0m 
[36m(ClientAppActor pid=40087)[0m         
[36m(ClientAppActor pid=40087)[0m 
[36m(ClientAppActor pid=40087)[0m         
[36m(ClientAppActor pid=40087)[0m 
[36m(ClientAppActor pid=40087)[0m         
[92mINFO [0m:      aggregate_fit: received 10 results and 0 failures
INFO:flwr:aggregate_fit: received 10 results and 0 failures
[CascadeRouter] Round 25: 10 clients, 24578 parameters/client
[92mINFO [0m:      configure_evaluate: strategy sampled 10 clients (out of 10)
INFO:flwr:configure_evaluate: strategy sampled 10 clients (out of 10)
[36m(ClientAppActor pid=40094)[0m 
[36m(ClientAppActor pid=40094)[0m         
[36m(ClientAppActor pid=40094)[0m [93mWARNING [0m:   DEPRECATED FEATURE: `client_fn` now expects a signature `def client_fn(context: Context)`.The provided `client_fn` has signature: {'cid': <Parameter "cid: str">}. You can import the `Context` like this: `from flwr.app import Context`[32m [repeated 8x across cluster][0m
[36m(ClientAppActor pid=40094)[0m             This is a deprecated feature. It will be removed[32m [repeated 8x across cluster][0m
[36m(ClientAppActor pid=40094)[0m             entirely in future versions of Flower.[32m [repeated 8x across cluster][0m
[36m(ClientAppActor pid=40087)[0m 
[36m(ClientAppActor pid=40087)[0m         
[36m(ClientAppActor pid=40094)[0m 
[36m(ClientAppActor pid=40094)[0m         
[36m(ClientAppActor pid=40087)[0m 
[36m(ClientAppActor pid=40087)[0m         
[36m(ClientAppActor pid=40094)[0m 
[36m(ClientAppActor pid=40094)[0m         
[36m(ClientAppActor pid=40087)[0m 
[36m(ClientAppActor pid=40087)[0m         
[36m(ClientAppActor pid=40094)[0m 
[36m(ClientAppActor pid=40094)[0m         
[36m(ClientAppActor pid=40087)[0m 
[36m(ClientAppActor pid=40087)[0m         
[36m(ClientAppActor pid=40094)[0m 
[36m(ClientAppActor pid=40094)[0m         
[36m(ClientAppActor pid=40087)[0m 
[36m(ClientAppActor pid=40087)[0m         
[92mINFO [0m:      aggregate_evaluate: received 10 results and 0 failures
INFO:flwr:aggregate_evaluate: received 10 results and 0 failures
[92mINFO [0m:      
INFO:flwr:
[92mINFO [0m:      [ROUND 26]
INFO:flwr:[ROUND 26]
[92mINFO [0m:      configure_fit: strategy sampled 10 clients (out of 10)
INFO:flwr:configure_fit: strategy sampled 10 clients (out of 10)
[36m(ClientAppActor pid=40094)[0m [Client 7] Training on NVIDIA GeForce RTX 3060[32m [repeated 5x across cluster][0m
[36m(ClientAppActor pid=40094)[0m 
[36m(ClientAppActor pid=40094)[0m         
[36m(ClientAppActor pid=40087)[0m 
[36m(ClientAppActor pid=40087)[0m         
[36m(ClientAppActor pid=40087)[0m 
[36m(ClientAppActor pid=40087)[0m         
[36m(ClientAppActor pid=40087)[0m [Client 4] Training on NVIDIA GeForce RTX 3060[32m [repeated 3x across cluster][0m
[36m(ClientAppActor pid=40087)[0m 
[36m(ClientAppActor pid=40087)[0m         
[36m(ClientAppActor pid=40087)[0m [93mWARNING [0m:   DEPRECATED FEATURE: `client_fn` now expects a signature `def client_fn(context: Context)`.The provided `client_fn` has signature: {'cid': <Parameter "cid: str">}. You can import the `Context` like this: `from flwr.app import Context`[32m [repeated 13x across cluster][0m
[36m(ClientAppActor pid=40087)[0m             This is a deprecated feature. It will be removed[32m [repeated 13x across cluster][0m
[36m(ClientAppActor pid=40087)[0m             entirely in future versions of Flower.[32m [repeated 13x across cluster][0m
[36m(ClientAppActor pid=40087)[0m 
[36m(ClientAppActor pid=40087)[0m         
[36m(ClientAppActor pid=40087)[0m 
[36m(ClientAppActor pid=40087)[0m         
[36m(ClientAppActor pid=40094)[0m 
[36m(ClientAppActor pid=40094)[0m         
[36m(ClientAppActor pid=40094)[0m 
[36m(ClientAppActor pid=40094)[0m         
[36m(ClientAppActor pid=40094)[0m 
[36m(ClientAppActor pid=40094)[0m         
[36m(ClientAppActor pid=40094)[0m 
[36m(ClientAppActor pid=40094)[0m         
[92mINFO [0m:      aggregate_fit: received 10 results and 0 failures
INFO:flwr:aggregate_fit: received 10 results and 0 failures
[CascadeRouter] Round 26: 10 clients, 24578 parameters/client
[92mINFO [0m:      configure_evaluate: strategy sampled 10 clients (out of 10)
INFO:flwr:configure_evaluate: strategy sampled 10 clients (out of 10)
[36m(ClientAppActor pid=40087)[0m 
[36m(ClientAppActor pid=40087)[0m         
[36m(ClientAppActor pid=40087)[0m [93mWARNING [0m:   DEPRECATED FEATURE: `client_fn` now expects a signature `def client_fn(context: Context)`.The provided `client_fn` has signature: {'cid': <Parameter "cid: str">}. You can import the `Context` like this: `from flwr.app import Context`[32m [repeated 7x across cluster][0m
[36m(ClientAppActor pid=40087)[0m             This is a deprecated feature. It will be removed[32m [repeated 7x across cluster][0m
[36m(ClientAppActor pid=40087)[0m             entirely in future versions of Flower.[32m [repeated 7x across cluster][0m
[36m(ClientAppActor pid=40094)[0m 
[36m(ClientAppActor pid=40094)[0m         
[36m(ClientAppActor pid=40087)[0m 
[36m(ClientAppActor pid=40087)[0m         
[36m(ClientAppActor pid=40094)[0m 
[36m(ClientAppActor pid=40094)[0m         
[36m(ClientAppActor pid=40087)[0m 
[36m(ClientAppActor pid=40087)[0m         
[36m(ClientAppActor pid=40094)[0m 
[36m(ClientAppActor pid=40094)[0m         
[36m(ClientAppActor pid=40087)[0m 
[36m(ClientAppActor pid=40087)[0m         
[36m(ClientAppActor pid=40094)[0m 
[36m(ClientAppActor pid=40094)[0m         
[36m(ClientAppActor pid=40087)[0m 
[36m(ClientAppActor pid=40087)[0m         
[36m(ClientAppActor pid=40094)[0m 
[36m(ClientAppActor pid=40094)[0m         
[92mINFO [0m:      aggregate_evaluate: received 10 results and 0 failures
INFO:flwr:aggregate_evaluate: received 10 results and 0 failures
[92mINFO [0m:      
INFO:flwr:
[92mINFO [0m:      [ROUND 27]
INFO:flwr:[ROUND 27]
[92mINFO [0m:      configure_fit: strategy sampled 10 clients (out of 10)
INFO:flwr:configure_fit: strategy sampled 10 clients (out of 10)
[36m(ClientAppActor pid=40094)[0m [Client 8] Training on NVIDIA GeForce RTX 3060[32m [repeated 7x across cluster][0m
[36m(ClientAppActor pid=40094)[0m 
[36m(ClientAppActor pid=40094)[0m         
[36m(ClientAppActor pid=40087)[0m 
[36m(ClientAppActor pid=40087)[0m         
[36m(ClientAppActor pid=40094)[0m 
[36m(ClientAppActor pid=40094)[0m         
[36m(ClientAppActor pid=40094)[0m 
[36m(ClientAppActor pid=40094)[0m         
[36m(ClientAppActor pid=40094)[0m 
[36m(ClientAppActor pid=40094)[0m         
[36m(ClientAppActor pid=40094)[0m 
[36m(ClientAppActor pid=40094)[0m         
[36m(ClientAppActor pid=40087)[0m [Client 6] Training on NVIDIA GeForce RTX 3060[32m [repeated 6x across cluster][0m
[36m(ClientAppActor pid=40087)[0m 
[36m(ClientAppActor pid=40087)[0m         
[36m(ClientAppActor pid=40087)[0m [93mWARNING [0m:   DEPRECATED FEATURE: `client_fn` now expects a signature `def client_fn(context: Context)`.The provided `client_fn` has signature: {'cid': <Parameter "cid: str">}. You can import the `Context` like this: `from flwr.app import Context`[32m [repeated 16x across cluster][0m
[36m(ClientAppActor pid=40087)[0m             This is a deprecated feature. It will be removed[32m [repeated 16x across cluster][0m
[36m(ClientAppActor pid=40087)[0m             entirely in future versions of Flower.[32m [repeated 16x across cluster][0m
[36m(ClientAppActor pid=40094)[0m 
[36m(ClientAppActor pid=40094)[0m         
[36m(ClientAppActor pid=40094)[0m 
[36m(ClientAppActor pid=40094)[0m         
[36m(ClientAppActor pid=40094)[0m 
[36m(ClientAppActor pid=40094)[0m         
[92mINFO [0m:      aggregate_fit: received 10 results and 0 failures
INFO:flwr:aggregate_fit: received 10 results and 0 failures
[CascadeRouter] Round 27: 10 clients, 24578 parameters/client
[92mINFO [0m:      configure_evaluate: strategy sampled 10 clients (out of 10)
INFO:flwr:configure_evaluate: strategy sampled 10 clients (out of 10)
[36m(ClientAppActor pid=40087)[0m 
[36m(ClientAppActor pid=40087)[0m         
[36m(ClientAppActor pid=40094)[0m 
[36m(ClientAppActor pid=40094)[0m         
[36m(ClientAppActor pid=40087)[0m 
[36m(ClientAppActor pid=40087)[0m         
[36m(ClientAppActor pid=40094)[0m 
[36m(ClientAppActor pid=40094)[0m         
[36m(ClientAppActor pid=40087)[0m 
[36m(ClientAppActor pid=40087)[0m         
[36m(ClientAppActor pid=40094)[0m 
[36m(ClientAppActor pid=40094)[0m         
[36m(ClientAppActor pid=40087)[0m 
[36m(ClientAppActor pid=40087)[0m         
[36m(ClientAppActor pid=40094)[0m 
[36m(ClientAppActor pid=40094)[0m         
[36m(ClientAppActor pid=40094)[0m 
[36m(ClientAppActor pid=40094)[0m         
[36m(ClientAppActor pid=40087)[0m 
[36m(ClientAppActor pid=40087)[0m         
[92mINFO [0m:      aggregate_evaluate: received 10 results and 0 failures
INFO:flwr:aggregate_evaluate: received 10 results and 0 failures
[92mINFO [0m:      
INFO:flwr:
[92mINFO [0m:      [ROUND 28]
INFO:flwr:[ROUND 28]
[92mINFO [0m:      configure_fit: strategy sampled 10 clients (out of 10)
INFO:flwr:configure_fit: strategy sampled 10 clients (out of 10)
[36m(ClientAppActor pid=40094)[0m 
[36m(ClientAppActor pid=40094)[0m         
[36m(ClientAppActor pid=40087)[0m 
[36m(ClientAppActor pid=40087)[0m         
[36m(ClientAppActor pid=40094)[0m 
[36m(ClientAppActor pid=40094)[0m         
[36m(ClientAppActor pid=40094)[0m 
[36m(ClientAppActor pid=40094)[0m         
[36m(ClientAppActor pid=40094)[0m [Client 1] Training on NVIDIA GeForce RTX 3060[32m [repeated 8x across cluster][0m
[36m(ClientAppActor pid=40094)[0m 
[36m(ClientAppActor pid=40094)[0m         
[36m(ClientAppActor pid=40094)[0m [93mWARNING [0m:   DEPRECATED FEATURE: `client_fn` now expects a signature `def client_fn(context: Context)`.The provided `client_fn` has signature: {'cid': <Parameter "cid: str">}. You can import the `Context` like this: `from flwr.app import Context`[32m [repeated 18x across cluster][0m
[36m(ClientAppActor pid=40094)[0m             This is a deprecated feature. It will be removed[32m [repeated 18x across cluster][0m
[36m(ClientAppActor pid=40094)[0m             entirely in future versions of Flower.[32m [repeated 18x across cluster][0m
[36m(ClientAppActor pid=40087)[0m 
[36m(ClientAppActor pid=40087)[0m         
[36m(ClientAppActor pid=40087)[0m 
[36m(ClientAppActor pid=40087)[0m         
[36m(ClientAppActor pid=40094)[0m 
[36m(ClientAppActor pid=40094)[0m         
[36m(ClientAppActor pid=40094)[0m 
[36m(ClientAppActor pid=40094)[0m         
[36m(ClientAppActor pid=40087)[0m [Client 4] Training on NVIDIA GeForce RTX 3060[32m [repeated 5x across cluster][0m
[36m(ClientAppActor pid=40087)[0m 
[36m(ClientAppActor pid=40087)[0m         
[36m(ClientAppActor pid=40087)[0m [93mWARNING [0m:   DEPRECATED FEATURE: `client_fn` now expects a signature `def client_fn(context: Context)`.The provided `client_fn` has signature: {'cid': <Parameter "cid: str">}. You can import the `Context` like this: `from flwr.app import Context`[32m [repeated 5x across cluster][0m
[36m(ClientAppActor pid=40087)[0m             This is a deprecated feature. It will be removed[32m [repeated 5x across cluster][0m
[36m(ClientAppActor pid=40087)[0m             entirely in future versions of Flower.[32m [repeated 5x across cluster][0m
[92mINFO [0m:      aggregate_fit: received 10 results and 0 failures
INFO:flwr:aggregate_fit: received 10 results and 0 failures
[CascadeRouter] Round 28: 10 clients, 24578 parameters/client
[92mINFO [0m:      configure_evaluate: strategy sampled 10 clients (out of 10)
INFO:flwr:configure_evaluate: strategy sampled 10 clients (out of 10)
[36m(ClientAppActor pid=40094)[0m 
[36m(ClientAppActor pid=40094)[0m         
[36m(ClientAppActor pid=40087)[0m 
[36m(ClientAppActor pid=40087)[0m         
[36m(ClientAppActor pid=40094)[0m 
[36m(ClientAppActor pid=40094)[0m         
[36m(ClientAppActor pid=40087)[0m 
[36m(ClientAppActor pid=40087)[0m         
[36m(ClientAppActor pid=40094)[0m 
[36m(ClientAppActor pid=40094)[0m         
[36m(ClientAppActor pid=40087)[0m 
[36m(ClientAppActor pid=40087)[0m         
[36m(ClientAppActor pid=40094)[0m 
[36m(ClientAppActor pid=40094)[0m         
[36m(ClientAppActor pid=40087)[0m 
[36m(ClientAppActor pid=40087)[0m         
[36m(ClientAppActor pid=40094)[0m 
[36m(ClientAppActor pid=40094)[0m         
[36m(ClientAppActor pid=40087)[0m 
[36m(ClientAppActor pid=40087)[0m         
[92mINFO [0m:      aggregate_evaluate: received 10 results and 0 failures
INFO:flwr:aggregate_evaluate: received 10 results and 0 failures
[92mINFO [0m:      
INFO:flwr:
[92mINFO [0m:      [ROUND 29]
INFO:flwr:[ROUND 29]
[92mINFO [0m:      configure_fit: strategy sampled 10 clients (out of 10)
INFO:flwr:configure_fit: strategy sampled 10 clients (out of 10)
[36m(ClientAppActor pid=40087)[0m 
[36m(ClientAppActor pid=40087)[0m         
[36m(ClientAppActor pid=40094)[0m 
[36m(ClientAppActor pid=40094)[0m         
[36m(ClientAppActor pid=40087)[0m 
[36m(ClientAppActor pid=40087)[0m         
[36m(ClientAppActor pid=40087)[0m 
[36m(ClientAppActor pid=40087)[0m         
[36m(ClientAppActor pid=40087)[0m [Client 3] Training on NVIDIA GeForce RTX 3060[32m [repeated 5x across cluster][0m
[36m(ClientAppActor pid=40087)[0m 
[36m(ClientAppActor pid=40087)[0m         
[36m(ClientAppActor pid=40087)[0m [93mWARNING [0m:   DEPRECATED FEATURE: `client_fn` now expects a signature `def client_fn(context: Context)`.The provided `client_fn` has signature: {'cid': <Parameter "cid: str">}. You can import the `Context` like this: `from flwr.app import Context`[32m [repeated 15x across cluster][0m
[36m(ClientAppActor pid=40087)[0m             This is a deprecated feature. It will be removed[32m [repeated 15x across cluster][0m
[36m(ClientAppActor pid=40087)[0m             entirely in future versions of Flower.[32m [repeated 15x across cluster][0m
[36m(ClientAppActor pid=40087)[0m 
[36m(ClientAppActor pid=40087)[0m         
[36m(ClientAppActor pid=40087)[0m 
[36m(ClientAppActor pid=40087)[0m         
[36m(ClientAppActor pid=40087)[0m 
[36m(ClientAppActor pid=40087)[0m         
[36m(ClientAppActor pid=40094)[0m 
[36m(ClientAppActor pid=40094)[0m         
[36m(ClientAppActor pid=40087)[0m 
[36m(ClientAppActor pid=40087)[0m         
[92mINFO [0m:      aggregate_fit: received 10 results and 0 failures
INFO:flwr:aggregate_fit: received 10 results and 0 failures
[CascadeRouter] Round 29: 10 clients, 24578 parameters/client
[92mINFO [0m:      configure_evaluate: strategy sampled 10 clients (out of 10)
INFO:flwr:configure_evaluate: strategy sampled 10 clients (out of 10)
[36m(ClientAppActor pid=40094)[0m 
[36m(ClientAppActor pid=40094)[0m         
[36m(ClientAppActor pid=40094)[0m [93mWARNING [0m:   DEPRECATED FEATURE: `client_fn` now expects a signature `def client_fn(context: Context)`.The provided `client_fn` has signature: {'cid': <Parameter "cid: str">}. You can import the `Context` like this: `from flwr.app import Context`[32m [repeated 6x across cluster][0m
[36m(ClientAppActor pid=40094)[0m             This is a deprecated feature. It will be removed[32m [repeated 6x across cluster][0m
[36m(ClientAppActor pid=40094)[0m             entirely in future versions of Flower.[32m [repeated 6x across cluster][0m
[36m(ClientAppActor pid=40087)[0m 
[36m(ClientAppActor pid=40087)[0m         
[36m(ClientAppActor pid=40094)[0m 
[36m(ClientAppActor pid=40094)[0m         
[36m(ClientAppActor pid=40087)[0m 
[36m(ClientAppActor pid=40087)[0m         
[36m(ClientAppActor pid=40094)[0m 
[36m(ClientAppActor pid=40094)[0m         
[36m(ClientAppActor pid=40087)[0m 
[36m(ClientAppActor pid=40087)[0m         
[36m(ClientAppActor pid=40094)[0m 
[36m(ClientAppActor pid=40094)[0m         
[36m(ClientAppActor pid=40087)[0m 
[36m(ClientAppActor pid=40087)[0m         
[36m(ClientAppActor pid=40094)[0m 
[36m(ClientAppActor pid=40094)[0m         
[36m(ClientAppActor pid=40087)[0m 
[36m(ClientAppActor pid=40087)[0m         
[92mINFO [0m:      aggregate_evaluate: received 10 results and 0 failures
INFO:flwr:aggregate_evaluate: received 10 results and 0 failures
[92mINFO [0m:      
INFO:flwr:
[92mINFO [0m:      [ROUND 30]
INFO:flwr:[ROUND 30]
[92mINFO [0m:      configure_fit: strategy sampled 10 clients (out of 10)
INFO:flwr:configure_fit: strategy sampled 10 clients (out of 10)
[36m(ClientAppActor pid=40094)[0m [Client 1] Training on NVIDIA GeForce RTX 3060[32m [repeated 6x across cluster][0m
[36m(ClientAppActor pid=40094)[0m 
[36m(ClientAppActor pid=40094)[0m         
[36m(ClientAppActor pid=40087)[0m 
[36m(ClientAppActor pid=40087)[0m         
[36m(ClientAppActor pid=40087)[0m 
[36m(ClientAppActor pid=40087)[0m         
[36m(ClientAppActor pid=40094)[0m 
[36m(ClientAppActor pid=40094)[0m         
[36m(ClientAppActor pid=40094)[0m 
[36m(ClientAppActor pid=40094)[0m         
[36m(ClientAppActor pid=40094)[0m 
[36m(ClientAppActor pid=40094)[0m         
[36m(ClientAppActor pid=40087)[0m 
[36m(ClientAppActor pid=40087)[0m         
[36m(ClientAppActor pid=40087)[0m [93mWARNING [0m:   DEPRECATED FEATURE: `client_fn` now expects a signature `def client_fn(context: Context)`.The provided `client_fn` has signature: {'cid': <Parameter "cid: str">}. You can import the `Context` like this: `from flwr.app import Context`[32m [repeated 16x across cluster][0m
[36m(ClientAppActor pid=40087)[0m             This is a deprecated feature. It will be removed[32m [repeated 16x across cluster][0m
[36m(ClientAppActor pid=40087)[0m             entirely in future versions of Flower.[32m [repeated 16x across cluster][0m
[36m(ClientAppActor pid=40094)[0m 
[36m(ClientAppActor pid=40094)[0m         
[36m(ClientAppActor pid=40094)[0m 
[36m(ClientAppActor pid=40094)[0m         
[36m(ClientAppActor pid=40087)[0m [Client 3] Training on NVIDIA GeForce RTX 3060[32m [repeated 9x across cluster][0m
[36m(ClientAppActor pid=40087)[0m 
[36m(ClientAppActor pid=40087)[0m         
[36m(ClientAppActor pid=40087)[0m [93mWARNING [0m:   DEPRECATED FEATURE: `client_fn` now expects a signature `def client_fn(context: Context)`.The provided `client_fn` has signature: {'cid': <Parameter "cid: str">}. You can import the `Context` like this: `from flwr.app import Context`[32m [repeated 3x across cluster][0m
[36m(ClientAppActor pid=40087)[0m             This is a deprecated feature. It will be removed[32m [repeated 3x across cluster][0m
[36m(ClientAppActor pid=40087)[0m             entirely in future versions of Flower.[32m [repeated 3x across cluster][0m
[92mINFO [0m:      aggregate_fit: received 10 results and 0 failures
INFO:flwr:aggregate_fit: received 10 results and 0 failures
[CascadeRouter] Round 30: 10 clients, 24578 parameters/client
[92mINFO [0m:      configure_evaluate: strategy sampled 10 clients (out of 10)
INFO:flwr:configure_evaluate: strategy sampled 10 clients (out of 10)
[36m(ClientAppActor pid=40094)[0m 
[36m(ClientAppActor pid=40094)[0m         
[36m(ClientAppActor pid=40087)[0m 
[36m(ClientAppActor pid=40087)[0m         
[36m(ClientAppActor pid=40094)[0m 
[36m(ClientAppActor pid=40094)[0m         
[36m(ClientAppActor pid=40087)[0m 
[36m(ClientAppActor pid=40087)[0m         
[36m(ClientAppActor pid=40094)[0m 
[36m(ClientAppActor pid=40094)[0m         
[36m(ClientAppActor pid=40087)[0m 
[36m(ClientAppActor pid=40087)[0m         
[36m(ClientAppActor pid=40094)[0m 
[36m(ClientAppActor pid=40094)[0m         
[36m(ClientAppActor pid=40087)[0m 
[36m(ClientAppActor pid=40087)[0m         
[36m(ClientAppActor pid=40094)[0m 
[36m(ClientAppActor pid=40094)[0m         
[36m(ClientAppActor pid=40087)[0m 
[36m(ClientAppActor pid=40087)[0m         
[92mINFO [0m:      aggregate_evaluate: received 10 results and 0 failures
INFO:flwr:aggregate_evaluate: received 10 results and 0 failures
[92mINFO [0m:      
INFO:flwr:
[92mINFO [0m:      [ROUND 31]
INFO:flwr:[ROUND 31]
[92mINFO [0m:      configure_fit: strategy sampled 10 clients (out of 10)
INFO:flwr:configure_fit: strategy sampled 10 clients (out of 10)
[36m(ClientAppActor pid=40087)[0m 
[36m(ClientAppActor pid=40087)[0m         
[36m(ClientAppActor pid=40094)[0m 
[36m(ClientAppActor pid=40094)[0m         
[36m(ClientAppActor pid=40094)[0m 
[36m(ClientAppActor pid=40094)[0m         
[36m(ClientAppActor pid=40087)[0m 
[36m(ClientAppActor pid=40087)[0m         
[36m(ClientAppActor pid=40087)[0m [Client 1] Training on NVIDIA GeForce RTX 3060[32m [repeated 5x across cluster][0m
[36m(ClientAppActor pid=40087)[0m 
[36m(ClientAppActor pid=40087)[0m         
[36m(ClientAppActor pid=40087)[0m [93mWARNING [0m:   DEPRECATED FEATURE: `client_fn` now expects a signature `def client_fn(context: Context)`.The provided `client_fn` has signature: {'cid': <Parameter "cid: str">}. You can import the `Context` like this: `from flwr.app import Context`[32m [repeated 15x across cluster][0m
[36m(ClientAppActor pid=40087)[0m             This is a deprecated feature. It will be removed[32m [repeated 15x across cluster][0m
[36m(ClientAppActor pid=40087)[0m             entirely in future versions of Flower.[32m [repeated 15x across cluster][0m
[36m(ClientAppActor pid=40087)[0m 
[36m(ClientAppActor pid=40087)[0m         
[36m(ClientAppActor pid=40087)[0m 
[36m(ClientAppActor pid=40087)[0m         
[36m(ClientAppActor pid=40087)[0m 
[36m(ClientAppActor pid=40087)[0m         
[36m(ClientAppActor pid=40094)[0m 
[36m(ClientAppActor pid=40094)[0m         
[36m(ClientAppActor pid=40087)[0m 
[36m(ClientAppActor pid=40087)[0m         
[92mINFO [0m:      aggregate_fit: received 10 results and 0 failures
INFO:flwr:aggregate_fit: received 10 results and 0 failures
[CascadeRouter] Round 31: 10 clients, 24578 parameters/client
[92mINFO [0m:      configure_evaluate: strategy sampled 10 clients (out of 10)
INFO:flwr:configure_evaluate: strategy sampled 10 clients (out of 10)
[36m(ClientAppActor pid=40094)[0m 
[36m(ClientAppActor pid=40094)[0m         
[36m(ClientAppActor pid=40094)[0m [93mWARNING [0m:   DEPRECATED FEATURE: `client_fn` now expects a signature `def client_fn(context: Context)`.The provided `client_fn` has signature: {'cid': <Parameter "cid: str">}. You can import the `Context` like this: `from flwr.app import Context`[32m [repeated 6x across cluster][0m
[36m(ClientAppActor pid=40094)[0m             This is a deprecated feature. It will be removed[32m [repeated 6x across cluster][0m
[36m(ClientAppActor pid=40094)[0m             entirely in future versions of Flower.[32m [repeated 6x across cluster][0m
[36m(ClientAppActor pid=40087)[0m 
[36m(ClientAppActor pid=40087)[0m         
[36m(ClientAppActor pid=40094)[0m 
[36m(ClientAppActor pid=40094)[0m         
[36m(ClientAppActor pid=40087)[0m 
[36m(ClientAppActor pid=40087)[0m         
[36m(ClientAppActor pid=40094)[0m 
[36m(ClientAppActor pid=40094)[0m         
[36m(ClientAppActor pid=40087)[0m 
[36m(ClientAppActor pid=40087)[0m         
[36m(ClientAppActor pid=40094)[0m 
[36m(ClientAppActor pid=40094)[0m         
[36m(ClientAppActor pid=40087)[0m 
[36m(ClientAppActor pid=40087)[0m         
[36m(ClientAppActor pid=40094)[0m 
[36m(ClientAppActor pid=40094)[0m         
[36m(ClientAppActor pid=40087)[0m 
[36m(ClientAppActor pid=40087)[0m         
[92mINFO [0m:      aggregate_evaluate: received 10 results and 0 failures
INFO:flwr:aggregate_evaluate: received 10 results and 0 failures
[92mINFO [0m:      
INFO:flwr:
[92mINFO [0m:      [ROUND 32]
INFO:flwr:[ROUND 32]
[92mINFO [0m:      configure_fit: strategy sampled 10 clients (out of 10)
INFO:flwr:configure_fit: strategy sampled 10 clients (out of 10)
[36m(ClientAppActor pid=40087)[0m [Client 8] Training on NVIDIA GeForce RTX 3060[32m [repeated 6x across cluster][0m
[36m(ClientAppActor pid=40087)[0m 
[36m(ClientAppActor pid=40087)[0m         
[36m(ClientAppActor pid=40094)[0m 
[36m(ClientAppActor pid=40094)[0m         
[36m(ClientAppActor pid=40087)[0m 
[36m(ClientAppActor pid=40087)[0m         
[36m(ClientAppActor pid=40087)[0m 
[36m(ClientAppActor pid=40087)[0m         
[36m(ClientAppActor pid=40094)[0m 
[36m(ClientAppActor pid=40094)[0m         
[36m(ClientAppActor pid=40094)[0m 
[36m(ClientAppActor pid=40094)[0m         
[36m(ClientAppActor pid=40087)[0m [Client 5] Training on NVIDIA GeForce RTX 3060[32m [repeated 6x across cluster][0m
[36m(ClientAppActor pid=40087)[0m 
[36m(ClientAppActor pid=40087)[0m         
[36m(ClientAppActor pid=40087)[0m [93mWARNING [0m:   DEPRECATED FEATURE: `client_fn` now expects a signature `def client_fn(context: Context)`.The provided `client_fn` has signature: {'cid': <Parameter "cid: str">}. You can import the `Context` like this: `from flwr.app import Context`[32m [repeated 16x across cluster][0m
[36m(ClientAppActor pid=40087)[0m             This is a deprecated feature. It will be removed[32m [repeated 16x across cluster][0m
[36m(ClientAppActor pid=40087)[0m             entirely in future versions of Flower.[32m [repeated 16x across cluster][0m
[36m(ClientAppActor pid=40087)[0m 
[36m(ClientAppActor pid=40087)[0m         
[36m(ClientAppActor pid=40094)[0m 
[36m(ClientAppActor pid=40094)[0m         
[36m(ClientAppActor pid=40087)[0m 
[36m(ClientAppActor pid=40087)[0m         
[92mINFO [0m:      aggregate_fit: received 10 results and 0 failures
INFO:flwr:aggregate_fit: received 10 results and 0 failures
[CascadeRouter] Round 32: 10 clients, 24578 parameters/client
[92mINFO [0m:      configure_evaluate: strategy sampled 10 clients (out of 10)
INFO:flwr:configure_evaluate: strategy sampled 10 clients (out of 10)
[36m(ClientAppActor pid=40094)[0m 
[36m(ClientAppActor pid=40094)[0m         
[36m(ClientAppActor pid=40094)[0m [93mWARNING [0m:   DEPRECATED FEATURE: `client_fn` now expects a signature `def client_fn(context: Context)`.The provided `client_fn` has signature: {'cid': <Parameter "cid: str">}. You can import the `Context` like this: `from flwr.app import Context`[32m [repeated 4x across cluster][0m
[36m(ClientAppActor pid=40094)[0m             This is a deprecated feature. It will be removed[32m [repeated 4x across cluster][0m
[36m(ClientAppActor pid=40094)[0m             entirely in future versions of Flower.[32m [repeated 4x across cluster][0m
[36m(ClientAppActor pid=40087)[0m 
[36m(ClientAppActor pid=40087)[0m         
[36m(ClientAppActor pid=40094)[0m 
[36m(ClientAppActor pid=40094)[0m         
[36m(ClientAppActor pid=40087)[0m 
[36m(ClientAppActor pid=40087)[0m         
[36m(ClientAppActor pid=40094)[0m 
[36m(ClientAppActor pid=40094)[0m         
[36m(ClientAppActor pid=40087)[0m 
[36m(ClientAppActor pid=40087)[0m         
[36m(ClientAppActor pid=40094)[0m 
[36m(ClientAppActor pid=40094)[0m         
[36m(ClientAppActor pid=40087)[0m 
[36m(ClientAppActor pid=40087)[0m         
[36m(ClientAppActor pid=40094)[0m 
[36m(ClientAppActor pid=40094)[0m         
[36m(ClientAppActor pid=40087)[0m 
[36m(ClientAppActor pid=40087)[0m         
[92mINFO [0m:      aggregate_evaluate: received 10 results and 0 failures
INFO:flwr:aggregate_evaluate: received 10 results and 0 failures
[92mINFO [0m:      
INFO:flwr:
[92mINFO [0m:      [ROUND 33]
INFO:flwr:[ROUND 33]
[92mINFO [0m:      configure_fit: strategy sampled 10 clients (out of 10)
INFO:flwr:configure_fit: strategy sampled 10 clients (out of 10)
[36m(ClientAppActor pid=40087)[0m [Client 5] Training on NVIDIA GeForce RTX 3060[32m [repeated 4x across cluster][0m
[36m(ClientAppActor pid=40087)[0m 
[36m(ClientAppActor pid=40087)[0m         
[36m(ClientAppActor pid=40094)[0m 
[36m(ClientAppActor pid=40094)[0m         
[36m(ClientAppActor pid=40087)[0m 
[36m(ClientAppActor pid=40087)[0m         
[36m(ClientAppActor pid=40087)[0m 
[36m(ClientAppActor pid=40087)[0m         
[36m(ClientAppActor pid=40094)[0m 
[36m(ClientAppActor pid=40094)[0m         
[36m(ClientAppActor pid=40094)[0m 
[36m(ClientAppActor pid=40094)[0m         
[36m(ClientAppActor pid=40094)[0m [Client 3] Training on NVIDIA GeForce RTX 3060[32m [repeated 6x across cluster][0m
[36m(ClientAppActor pid=40094)[0m 
[36m(ClientAppActor pid=40094)[0m         
[36m(ClientAppActor pid=40094)[0m [93mWARNING [0m:   DEPRECATED FEATURE: `client_fn` now expects a signature `def client_fn(context: Context)`.The provided `client_fn` has signature: {'cid': <Parameter "cid: str">}. You can import the `Context` like this: `from flwr.app import Context`[32m [repeated 16x across cluster][0m
[36m(ClientAppActor pid=40094)[0m             This is a deprecated feature. It will be removed[32m [repeated 16x across cluster][0m
[36m(ClientAppActor pid=40094)[0m             entirely in future versions of Flower.[32m [repeated 16x across cluster][0m
[36m(ClientAppActor pid=40094)[0m 
[36m(ClientAppActor pid=40094)[0m         
[36m(ClientAppActor pid=40087)[0m 
[36m(ClientAppActor pid=40087)[0m         
[36m(ClientAppActor pid=40087)[0m 
[36m(ClientAppActor pid=40087)[0m         
[92mINFO [0m:      aggregate_fit: received 10 results and 0 failures
INFO:flwr:aggregate_fit: received 10 results and 0 failures
[CascadeRouter] Round 33: 10 clients, 24578 parameters/client
[92mINFO [0m:      configure_evaluate: strategy sampled 10 clients (out of 10)
INFO:flwr:configure_evaluate: strategy sampled 10 clients (out of 10)
[36m(ClientAppActor pid=40094)[0m 
[36m(ClientAppActor pid=40094)[0m         
[36m(ClientAppActor pid=40094)[0m [93mWARNING [0m:   DEPRECATED FEATURE: `client_fn` now expects a signature `def client_fn(context: Context)`.The provided `client_fn` has signature: {'cid': <Parameter "cid: str">}. You can import the `Context` like this: `from flwr.app import Context`[32m [repeated 4x across cluster][0m
[36m(ClientAppActor pid=40094)[0m             This is a deprecated feature. It will be removed[32m [repeated 4x across cluster][0m
[36m(ClientAppActor pid=40094)[0m             entirely in future versions of Flower.[32m [repeated 4x across cluster][0m
[36m(ClientAppActor pid=40087)[0m 
[36m(ClientAppActor pid=40087)[0m         
[36m(ClientAppActor pid=40094)[0m 
[36m(ClientAppActor pid=40094)[0m         
[36m(ClientAppActor pid=40087)[0m 
[36m(ClientAppActor pid=40087)[0m         
[36m(ClientAppActor pid=40094)[0m 
[36m(ClientAppActor pid=40094)[0m         
[36m(ClientAppActor pid=40087)[0m 
[36m(ClientAppActor pid=40087)[0m         
[36m(ClientAppActor pid=40094)[0m 
[36m(ClientAppActor pid=40094)[0m         
[36m(ClientAppActor pid=40087)[0m 
[36m(ClientAppActor pid=40087)[0m         
[36m(ClientAppActor pid=40094)[0m 
[36m(ClientAppActor pid=40094)[0m         
[36m(ClientAppActor pid=40087)[0m 
[36m(ClientAppActor pid=40087)[0m         
[92mINFO [0m:      aggregate_evaluate: received 10 results and 0 failures
INFO:flwr:aggregate_evaluate: received 10 results and 0 failures
[92mINFO [0m:      
INFO:flwr:
[92mINFO [0m:      [ROUND 34]
INFO:flwr:[ROUND 34]
[92mINFO [0m:      configure_fit: strategy sampled 10 clients (out of 10)
INFO:flwr:configure_fit: strategy sampled 10 clients (out of 10)
[36m(ClientAppActor pid=40087)[0m [Client 5] Training on NVIDIA GeForce RTX 3060[32m [repeated 4x across cluster][0m
[36m(ClientAppActor pid=40087)[0m 
[36m(ClientAppActor pid=40087)[0m         
[36m(ClientAppActor pid=40094)[0m 
[36m(ClientAppActor pid=40094)[0m         
[36m(ClientAppActor pid=40087)[0m 
[36m(ClientAppActor pid=40087)[0m         
[36m(ClientAppActor pid=40087)[0m 
[36m(ClientAppActor pid=40087)[0m         
[36m(ClientAppActor pid=40087)[0m 
[36m(ClientAppActor pid=40087)[0m         
[36m(ClientAppActor pid=40094)[0m 
[36m(ClientAppActor pid=40094)[0m         
[36m(ClientAppActor pid=40094)[0m 
[36m(ClientAppActor pid=40094)[0m         
[36m(ClientAppActor pid=40094)[0m [Client 4] Training on NVIDIA GeForce RTX 3060[32m [repeated 7x across cluster][0m
[36m(ClientAppActor pid=40094)[0m 
[36m(ClientAppActor pid=40094)[0m         
[36m(ClientAppActor pid=40094)[0m [93mWARNING [0m:   DEPRECATED FEATURE: `client_fn` now expects a signature `def client_fn(context: Context)`.The provided `client_fn` has signature: {'cid': <Parameter "cid: str">}. You can import the `Context` like this: `from flwr.app import Context`[32m [repeated 17x across cluster][0m
[36m(ClientAppActor pid=40094)[0m             This is a deprecated feature. It will be removed[32m [repeated 17x across cluster][0m
[36m(ClientAppActor pid=40094)[0m             entirely in future versions of Flower.[32m [repeated 17x across cluster][0m
[36m(ClientAppActor pid=40094)[0m 
[36m(ClientAppActor pid=40094)[0m         
[36m(ClientAppActor pid=40094)[0m 
[36m(ClientAppActor pid=40094)[0m         
[92mINFO [0m:      aggregate_fit: received 10 results and 0 failures
INFO:flwr:aggregate_fit: received 10 results and 0 failures
[CascadeRouter] Round 34: 10 clients, 24578 parameters/client
[92mINFO [0m:      configure_evaluate: strategy sampled 10 clients (out of 10)
INFO:flwr:configure_evaluate: strategy sampled 10 clients (out of 10)
[36m(ClientAppActor pid=40094)[0m 
[36m(ClientAppActor pid=40094)[0m         
[36m(ClientAppActor pid=40094)[0m [93mWARNING [0m:   DEPRECATED FEATURE: `client_fn` now expects a signature `def client_fn(context: Context)`.The provided `client_fn` has signature: {'cid': <Parameter "cid: str">}. You can import the `Context` like this: `from flwr.app import Context`[32m [repeated 3x across cluster][0m
[36m(ClientAppActor pid=40094)[0m             This is a deprecated feature. It will be removed[32m [repeated 3x across cluster][0m
[36m(ClientAppActor pid=40094)[0m             entirely in future versions of Flower.[32m [repeated 3x across cluster][0m
[36m(ClientAppActor pid=40087)[0m 
[36m(ClientAppActor pid=40087)[0m         
[36m(ClientAppActor pid=40094)[0m 
[36m(ClientAppActor pid=40094)[0m         
[36m(ClientAppActor pid=40087)[0m 
[36m(ClientAppActor pid=40087)[0m         
[36m(ClientAppActor pid=40094)[0m 
[36m(ClientAppActor pid=40094)[0m         
[36m(ClientAppActor pid=40087)[0m 
[36m(ClientAppActor pid=40087)[0m         
[36m(ClientAppActor pid=40094)[0m 
[36m(ClientAppActor pid=40094)[0m         
[36m(ClientAppActor pid=40087)[0m 
[36m(ClientAppActor pid=40087)[0m         
[36m(ClientAppActor pid=40094)[0m 
[36m(ClientAppActor pid=40094)[0m         
[36m(ClientAppActor pid=40087)[0m 
[36m(ClientAppActor pid=40087)[0m         
[92mINFO [0m:      aggregate_evaluate: received 10 results and 0 failures
INFO:flwr:aggregate_evaluate: received 10 results and 0 failures
[92mINFO [0m:      
INFO:flwr:
[92mINFO [0m:      [ROUND 35]
INFO:flwr:[ROUND 35]
[92mINFO [0m:      configure_fit: strategy sampled 10 clients (out of 10)
INFO:flwr:configure_fit: strategy sampled 10 clients (out of 10)
[36m(ClientAppActor pid=40087)[0m [Client 1] Training on NVIDIA GeForce RTX 3060[32m [repeated 3x across cluster][0m
[36m(ClientAppActor pid=40087)[0m 
[36m(ClientAppActor pid=40087)[0m         
[36m(ClientAppActor pid=40094)[0m 
[36m(ClientAppActor pid=40094)[0m         
[36m(ClientAppActor pid=40087)[0m 
[36m(ClientAppActor pid=40087)[0m         
[36m(ClientAppActor pid=40087)[0m 
[36m(ClientAppActor pid=40087)[0m         
[36m(ClientAppActor pid=40087)[0m 
[36m(ClientAppActor pid=40087)[0m         
[36m(ClientAppActor pid=40087)[0m 
[36m(ClientAppActor pid=40087)[0m         
[36m(ClientAppActor pid=40094)[0m 
[36m(ClientAppActor pid=40094)[0m         
[36m(ClientAppActor pid=40094)[0m [93mWARNING [0m:   DEPRECATED FEATURE: `client_fn` now expects a signature `def client_fn(context: Context)`.The provided `client_fn` has signature: {'cid': <Parameter "cid: str">}. You can import the `Context` like this: `from flwr.app import Context`[32m [repeated 16x across cluster][0m
[36m(ClientAppActor pid=40094)[0m             This is a deprecated feature. It will be removed[32m [repeated 16x across cluster][0m
[36m(ClientAppActor pid=40094)[0m             entirely in future versions of Flower.[32m [repeated 16x across cluster][0m
[36m(ClientAppActor pid=40094)[0m 
[36m(ClientAppActor pid=40094)[0m         
[36m(ClientAppActor pid=40094)[0m 
[36m(ClientAppActor pid=40094)[0m         
[36m(ClientAppActor pid=40094)[0m [Client 0] Training on NVIDIA GeForce RTX 3060[32m [repeated 9x across cluster][0m
[36m(ClientAppActor pid=40094)[0m 
[36m(ClientAppActor pid=40094)[0m         
[92mINFO [0m:      aggregate_fit: received 10 results and 0 failures
INFO:flwr:aggregate_fit: received 10 results and 0 failures
[CascadeRouter] Round 35: 10 clients, 24578 parameters/client
[92mINFO [0m:      configure_evaluate: strategy sampled 10 clients (out of 10)
INFO:flwr:configure_evaluate: strategy sampled 10 clients (out of 10)
[36m(ClientAppActor pid=40094)[0m 
[36m(ClientAppActor pid=40094)[0m         
[36m(ClientAppActor pid=40094)[0m [93mWARNING [0m:   DEPRECATED FEATURE: `client_fn` now expects a signature `def client_fn(context: Context)`.The provided `client_fn` has signature: {'cid': <Parameter "cid: str">}. You can import the `Context` like this: `from flwr.app import Context`[32m [repeated 4x across cluster][0m
[36m(ClientAppActor pid=40094)[0m             This is a deprecated feature. It will be removed[32m [repeated 4x across cluster][0m
[36m(ClientAppActor pid=40094)[0m             entirely in future versions of Flower.[32m [repeated 4x across cluster][0m
[36m(ClientAppActor pid=40087)[0m 
[36m(ClientAppActor pid=40087)[0m         
[36m(ClientAppActor pid=40087)[0m 
[36m(ClientAppActor pid=40087)[0m         
[36m(ClientAppActor pid=40094)[0m 
[36m(ClientAppActor pid=40094)[0m         
[36m(ClientAppActor pid=40094)[0m 
[36m(ClientAppActor pid=40094)[0m         
[36m(ClientAppActor pid=40087)[0m 
[36m(ClientAppActor pid=40087)[0m         
[36m(ClientAppActor pid=40087)[0m 
[36m(ClientAppActor pid=40087)[0m         
[36m(ClientAppActor pid=40094)[0m 
[36m(ClientAppActor pid=40094)[0m         
[36m(ClientAppActor pid=40087)[0m 
[36m(ClientAppActor pid=40087)[0m         
[36m(ClientAppActor pid=40094)[0m 
[36m(ClientAppActor pid=40094)[0m         
[92mINFO [0m:      aggregate_evaluate: received 10 results and 0 failures
INFO:flwr:aggregate_evaluate: received 10 results and 0 failures
[92mINFO [0m:      
INFO:flwr:
[92mINFO [0m:      [ROUND 36]
INFO:flwr:[ROUND 36]
[92mINFO [0m:      configure_fit: strategy sampled 10 clients (out of 10)
INFO:flwr:configure_fit: strategy sampled 10 clients (out of 10)
[36m(ClientAppActor pid=40094)[0m [Client 4] Training on NVIDIA GeForce RTX 3060
[36m(ClientAppActor pid=40094)[0m 
[36m(ClientAppActor pid=40094)[0m         
[36m(ClientAppActor pid=40087)[0m [Client 5] Training on NVIDIA GeForce RTX 3060
[36m(ClientAppActor pid=40087)[0m 
[36m(ClientAppActor pid=40087)[0m         
[36m(ClientAppActor pid=40087)[0m [Client 1] Training on NVIDIA GeForce RTX 3060
[36m(ClientAppActor pid=40087)[0m 
[36m(ClientAppActor pid=40087)[0m         
[36m(ClientAppActor pid=40094)[0m 
[36m(ClientAppActor pid=40094)[0m         
[36m(ClientAppActor pid=40087)[0m 
[36m(ClientAppActor pid=40087)[0m         
[36m(ClientAppActor pid=40087)[0m [Client 8] Training on NVIDIA GeForce RTX 3060[32m [repeated 3x across cluster][0m
[36m(ClientAppActor pid=40087)[0m 
[36m(ClientAppActor pid=40087)[0m         
[36m(ClientAppActor pid=40087)[0m [93mWARNING [0m:   DEPRECATED FEATURE: `client_fn` now expects a signature `def client_fn(context: Context)`.The provided `client_fn` has signature: {'cid': <Parameter "cid: str">}. You can import the `Context` like this: `from flwr.app import Context`[32m [repeated 15x across cluster][0m
[36m(ClientAppActor pid=40087)[0m             This is a deprecated feature. It will be removed[32m [repeated 15x across cluster][0m
[36m(ClientAppActor pid=40087)[0m             entirely in future versions of Flower.[32m [repeated 15x across cluster][0m
[36m(ClientAppActor pid=40087)[0m 
[36m(ClientAppActor pid=40087)[0m         
[36m(ClientAppActor pid=40094)[0m 
[36m(ClientAppActor pid=40094)[0m         
[36m(ClientAppActor pid=40094)[0m 
[36m(ClientAppActor pid=40094)[0m         
[36m(ClientAppActor pid=40094)[0m 
[36m(ClientAppActor pid=40094)[0m         
[92mINFO [0m:      aggregate_fit: received 10 results and 0 failures
INFO:flwr:aggregate_fit: received 10 results and 0 failures
[CascadeRouter] Round 36: 10 clients, 24578 parameters/client
[92mINFO [0m:      configure_evaluate: strategy sampled 10 clients (out of 10)
INFO:flwr:configure_evaluate: strategy sampled 10 clients (out of 10)
[36m(ClientAppActor pid=40094)[0m 
[36m(ClientAppActor pid=40094)[0m         
[36m(ClientAppActor pid=40087)[0m 
[36m(ClientAppActor pid=40087)[0m         
[36m(ClientAppActor pid=40094)[0m 
[36m(ClientAppActor pid=40094)[0m         
[36m(ClientAppActor pid=40087)[0m 
[36m(ClientAppActor pid=40087)[0m         
[36m(ClientAppActor pid=40094)[0m 
[36m(ClientAppActor pid=40094)[0m         
[36m(ClientAppActor pid=40087)[0m 
[36m(ClientAppActor pid=40087)[0m         
[36m(ClientAppActor pid=40094)[0m 
[36m(ClientAppActor pid=40094)[0m         
[36m(ClientAppActor pid=40087)[0m 
[36m(ClientAppActor pid=40087)[0m         
[36m(ClientAppActor pid=40087)[0m [93mWARNING [0m:   DEPRECATED FEATURE: `client_fn` now expects a signature `def client_fn(context: Context)`.The provided `client_fn` has signature: {'cid': <Parameter "cid: str">}. You can import the `Context` like this: `from flwr.app import Context`[32m [repeated 12x across cluster][0m
[36m(ClientAppActor pid=40087)[0m             This is a deprecated feature. It will be removed[32m [repeated 12x across cluster][0m
[36m(ClientAppActor pid=40087)[0m             entirely in future versions of Flower.[32m [repeated 12x across cluster][0m
[36m(ClientAppActor pid=40094)[0m 
[36m(ClientAppActor pid=40094)[0m         
[36m(ClientAppActor pid=40087)[0m 
[36m(ClientAppActor pid=40087)[0m         
[92mINFO [0m:      aggregate_evaluate: received 10 results and 0 failures
INFO:flwr:aggregate_evaluate: received 10 results and 0 failures
[92mINFO [0m:      
INFO:flwr:
[92mINFO [0m:      [ROUND 37]
INFO:flwr:[ROUND 37]
[92mINFO [0m:      configure_fit: strategy sampled 10 clients (out of 10)
INFO:flwr:configure_fit: strategy sampled 10 clients (out of 10)
[36m(ClientAppActor pid=40087)[0m [Client 8] Training on NVIDIA GeForce RTX 3060[32m [repeated 5x across cluster][0m
[36m(ClientAppActor pid=40087)[0m 
[36m(ClientAppActor pid=40087)[0m         
[36m(ClientAppActor pid=40094)[0m 
[36m(ClientAppActor pid=40094)[0m         
[36m(ClientAppActor pid=40087)[0m 
[36m(ClientAppActor pid=40087)[0m         
[36m(ClientAppActor pid=40094)[0m 
[36m(ClientAppActor pid=40094)[0m         
[36m(ClientAppActor pid=40094)[0m 
[36m(ClientAppActor pid=40094)[0m         
[36m(ClientAppActor pid=40094)[0m 
[36m(ClientAppActor pid=40094)[0m         
[36m(ClientAppActor pid=40087)[0m 
[36m(ClientAppActor pid=40087)[0m         
[36m(ClientAppActor pid=40094)[0m 
[36m(ClientAppActor pid=40094)[0m         
[36m(ClientAppActor pid=40094)[0m 
[36m(ClientAppActor pid=40094)[0m         
[36m(ClientAppActor pid=40094)[0m 
[36m(ClientAppActor pid=40094)[0m         
[92mINFO [0m:      aggregate_fit: received 10 results and 0 failures
INFO:flwr:aggregate_fit: received 10 results and 0 failures
[CascadeRouter] Round 37: 10 clients, 24578 parameters/client
[92mINFO [0m:      configure_evaluate: strategy sampled 10 clients (out of 10)
INFO:flwr:configure_evaluate: strategy sampled 10 clients (out of 10)
[36m(ClientAppActor pid=40094)[0m 
[36m(ClientAppActor pid=40094)[0m         
[36m(ClientAppActor pid=40094)[0m [93mWARNING [0m:   DEPRECATED FEATURE: `client_fn` now expects a signature `def client_fn(context: Context)`.The provided `client_fn` has signature: {'cid': <Parameter "cid: str">}. You can import the `Context` like this: `from flwr.app import Context`[32m [repeated 13x across cluster][0m
[36m(ClientAppActor pid=40094)[0m             This is a deprecated feature. It will be removed[32m [repeated 13x across cluster][0m
[36m(ClientAppActor pid=40094)[0m             entirely in future versions of Flower.[32m [repeated 13x across cluster][0m
[36m(ClientAppActor pid=40087)[0m 
[36m(ClientAppActor pid=40087)[0m         
[36m(ClientAppActor pid=40094)[0m 
[36m(ClientAppActor pid=40094)[0m         
[36m(ClientAppActor pid=40087)[0m 
[36m(ClientAppActor pid=40087)[0m         
[36m(ClientAppActor pid=40087)[0m 
[36m(ClientAppActor pid=40087)[0m         
[36m(ClientAppActor pid=40094)[0m 
[36m(ClientAppActor pid=40094)[0m         
[36m(ClientAppActor pid=40094)[0m 
[36m(ClientAppActor pid=40094)[0m         
[36m(ClientAppActor pid=40087)[0m 
[36m(ClientAppActor pid=40087)[0m         
[36m(ClientAppActor pid=40087)[0m 
[36m(ClientAppActor pid=40087)[0m         
[36m(ClientAppActor pid=40094)[0m 
[36m(ClientAppActor pid=40094)[0m         
[92mINFO [0m:      aggregate_evaluate: received 10 results and 0 failures
INFO:flwr:aggregate_evaluate: received 10 results and 0 failures
[92mINFO [0m:      
INFO:flwr:
[92mINFO [0m:      [ROUND 38]
INFO:flwr:[ROUND 38]
[92mINFO [0m:      configure_fit: strategy sampled 10 clients (out of 10)
INFO:flwr:configure_fit: strategy sampled 10 clients (out of 10)
[36m(ClientAppActor pid=40094)[0m [Client 4] Training on NVIDIA GeForce RTX 3060[32m [repeated 10x across cluster][0m
[36m(ClientAppActor pid=40094)[0m 
[36m(ClientAppActor pid=40094)[0m         
[36m(ClientAppActor pid=40087)[0m 
[36m(ClientAppActor pid=40087)[0m         
[36m(ClientAppActor pid=40087)[0m 
[36m(ClientAppActor pid=40087)[0m         
[36m(ClientAppActor pid=40087)[0m 
[36m(ClientAppActor pid=40087)[0m         
[36m(ClientAppActor pid=40094)[0m 
[36m(ClientAppActor pid=40094)[0m         
[36m(ClientAppActor pid=40094)[0m 
[36m(ClientAppActor pid=40094)[0m         
[36m(ClientAppActor pid=40087)[0m 
[36m(ClientAppActor pid=40087)[0m         
[36m(ClientAppActor pid=40087)[0m [93mWARNING [0m:   DEPRECATED FEATURE: `client_fn` now expects a signature `def client_fn(context: Context)`.The provided `client_fn` has signature: {'cid': <Parameter "cid: str">}. You can import the `Context` like this: `from flwr.app import Context`[32m [repeated 16x across cluster][0m
[36m(ClientAppActor pid=40087)[0m             This is a deprecated feature. It will be removed[32m [repeated 16x across cluster][0m
[36m(ClientAppActor pid=40087)[0m             entirely in future versions of Flower.[32m [repeated 16x across cluster][0m
[36m(ClientAppActor pid=40087)[0m 
[36m(ClientAppActor pid=40087)[0m         
[36m(ClientAppActor pid=40087)[0m [Client 8] Training on NVIDIA GeForce RTX 3060[32m [repeated 8x across cluster][0m
[36m(ClientAppActor pid=40087)[0m 
[36m(ClientAppActor pid=40087)[0m         
[36m(ClientAppActor pid=40087)[0m 
[36m(ClientAppActor pid=40087)[0m         
[92mINFO [0m:      aggregate_fit: received 10 results and 0 failures
INFO:flwr:aggregate_fit: received 10 results and 0 failures
[CascadeRouter] Round 38: 10 clients, 24578 parameters/client
[92mINFO [0m:      configure_evaluate: strategy sampled 10 clients (out of 10)
INFO:flwr:configure_evaluate: strategy sampled 10 clients (out of 10)
[36m(ClientAppActor pid=40094)[0m 
[36m(ClientAppActor pid=40094)[0m         
[36m(ClientAppActor pid=40094)[0m [93mWARNING [0m:   DEPRECATED FEATURE: `client_fn` now expects a signature `def client_fn(context: Context)`.The provided `client_fn` has signature: {'cid': <Parameter "cid: str">}. You can import the `Context` like this: `from flwr.app import Context`[32m [repeated 4x across cluster][0m
[36m(ClientAppActor pid=40094)[0m             This is a deprecated feature. It will be removed[32m [repeated 4x across cluster][0m
[36m(ClientAppActor pid=40094)[0m             entirely in future versions of Flower.[32m [repeated 4x across cluster][0m
[36m(ClientAppActor pid=40087)[0m 
[36m(ClientAppActor pid=40087)[0m         
[36m(ClientAppActor pid=40094)[0m 
[36m(ClientAppActor pid=40094)[0m         
[36m(ClientAppActor pid=40087)[0m 
[36m(ClientAppActor pid=40087)[0m         
[36m(ClientAppActor pid=40087)[0m 
[36m(ClientAppActor pid=40087)[0m         
[36m(ClientAppActor pid=40094)[0m 
[36m(ClientAppActor pid=40094)[0m         
[36m(ClientAppActor pid=40087)[0m 
[36m(ClientAppActor pid=40087)[0m         
[36m(ClientAppActor pid=40094)[0m 
[36m(ClientAppActor pid=40094)[0m         
[36m(ClientAppActor pid=40094)[0m 
[36m(ClientAppActor pid=40094)[0m         
[36m(ClientAppActor pid=40087)[0m 
[36m(ClientAppActor pid=40087)[0m         
[92mINFO [0m:      aggregate_evaluate: received 10 results and 0 failures
INFO:flwr:aggregate_evaluate: received 10 results and 0 failures
[92mINFO [0m:      
INFO:flwr:
[92mINFO [0m:      [ROUND 39]
INFO:flwr:[ROUND 39]
[92mINFO [0m:      configure_fit: strategy sampled 10 clients (out of 10)
INFO:flwr:configure_fit: strategy sampled 10 clients (out of 10)
[36m(ClientAppActor pid=40094)[0m [Client 0] Training on NVIDIA GeForce RTX 3060[32m [repeated 2x across cluster][0m
[36m(ClientAppActor pid=40094)[0m 
[36m(ClientAppActor pid=40094)[0m         
[36m(ClientAppActor pid=40087)[0m 
[36m(ClientAppActor pid=40087)[0m         
[36m(ClientAppActor pid=40087)[0m 
[36m(ClientAppActor pid=40087)[0m         
[36m(ClientAppActor pid=40087)[0m 
[36m(ClientAppActor pid=40087)[0m         
[36m(ClientAppActor pid=40087)[0m [93mWARNING [0m:   DEPRECATED FEATURE: `client_fn` now expects a signature `def client_fn(context: Context)`.The provided `client_fn` has signature: {'cid': <Parameter "cid: str">}. You can import the `Context` like this: `from flwr.app import Context`[32m [repeated 13x across cluster][0m
[36m(ClientAppActor pid=40087)[0m             This is a deprecated feature. It will be removed[32m [repeated 13x across cluster][0m
[36m(ClientAppActor pid=40087)[0m             entirely in future versions of Flower.[32m [repeated 13x across cluster][0m
[36m(ClientAppActor pid=40094)[0m [Client 5] Training on NVIDIA GeForce RTX 3060[32m [repeated 4x across cluster][0m
[36m(ClientAppActor pid=40094)[0m 
[36m(ClientAppActor pid=40094)[0m         
[36m(ClientAppActor pid=40087)[0m 
[36m(ClientAppActor pid=40087)[0m         
[36m(ClientAppActor pid=40094)[0m 
[36m(ClientAppActor pid=40094)[0m         
[36m(ClientAppActor pid=40094)[0m 
[36m(ClientAppActor pid=40094)[0m         
[36m(ClientAppActor pid=40094)[0m 
[36m(ClientAppActor pid=40094)[0m         
[36m(ClientAppActor pid=40094)[0m 
[36m(ClientAppActor pid=40094)[0m         
[92mINFO [0m:      aggregate_fit: received 10 results and 0 failures
INFO:flwr:aggregate_fit: received 10 results and 0 failures
[CascadeRouter] Round 39: 10 clients, 24578 parameters/client
[92mINFO [0m:      configure_evaluate: strategy sampled 10 clients (out of 10)
INFO:flwr:configure_evaluate: strategy sampled 10 clients (out of 10)
[36m(ClientAppActor pid=40087)[0m 
[36m(ClientAppActor pid=40087)[0m         
[36m(ClientAppActor pid=40087)[0m [93mWARNING [0m:   DEPRECATED FEATURE: `client_fn` now expects a signature `def client_fn(context: Context)`.The provided `client_fn` has signature: {'cid': <Parameter "cid: str">}. You can import the `Context` like this: `from flwr.app import Context`[32m [repeated 7x across cluster][0m
[36m(ClientAppActor pid=40087)[0m             This is a deprecated feature. It will be removed[32m [repeated 7x across cluster][0m
[36m(ClientAppActor pid=40087)[0m             entirely in future versions of Flower.[32m [repeated 7x across cluster][0m
[36m(ClientAppActor pid=40094)[0m 
[36m(ClientAppActor pid=40094)[0m         
[36m(ClientAppActor pid=40087)[0m 
[36m(ClientAppActor pid=40087)[0m         
[36m(ClientAppActor pid=40094)[0m 
[36m(ClientAppActor pid=40094)[0m         
[36m(ClientAppActor pid=40087)[0m 
[36m(ClientAppActor pid=40087)[0m         
[36m(ClientAppActor pid=40094)[0m 
[36m(ClientAppActor pid=40094)[0m         
[36m(ClientAppActor pid=40094)[0m 
[36m(ClientAppActor pid=40094)[0m         
[36m(ClientAppActor pid=40087)[0m 
[36m(ClientAppActor pid=40087)[0m         
[36m(ClientAppActor pid=40094)[0m 
[36m(ClientAppActor pid=40094)[0m         
[36m(ClientAppActor pid=40087)[0m 
[36m(ClientAppActor pid=40087)[0m         
[92mINFO [0m:      aggregate_evaluate: received 10 results and 0 failures
INFO:flwr:aggregate_evaluate: received 10 results and 0 failures
[92mINFO [0m:      
INFO:flwr:
[92mINFO [0m:      [ROUND 40]
INFO:flwr:[ROUND 40]
[92mINFO [0m:      configure_fit: strategy sampled 10 clients (out of 10)
INFO:flwr:configure_fit: strategy sampled 10 clients (out of 10)
[36m(ClientAppActor pid=40094)[0m [Client 8] Training on NVIDIA GeForce RTX 3060[32m [repeated 6x across cluster][0m
[36m(ClientAppActor pid=40094)[0m 
[36m(ClientAppActor pid=40094)[0m         
[36m(ClientAppActor pid=40087)[0m 
[36m(ClientAppActor pid=40087)[0m         
[36m(ClientAppActor pid=40094)[0m 
[36m(ClientAppActor pid=40094)[0m         
[36m(ClientAppActor pid=40094)[0m 
[36m(ClientAppActor pid=40094)[0m         
[36m(ClientAppActor pid=40094)[0m 
[36m(ClientAppActor pid=40094)[0m         
[36m(ClientAppActor pid=40087)[0m [Client 3] Training on NVIDIA GeForce RTX 3060[32m [repeated 5x across cluster][0m
[36m(ClientAppActor pid=40087)[0m 
[36m(ClientAppActor pid=40087)[0m         
[36m(ClientAppActor pid=40087)[0m [93mWARNING [0m:   DEPRECATED FEATURE: `client_fn` now expects a signature `def client_fn(context: Context)`.The provided `client_fn` has signature: {'cid': <Parameter "cid: str">}. You can import the `Context` like this: `from flwr.app import Context`[32m [repeated 15x across cluster][0m
[36m(ClientAppActor pid=40087)[0m             This is a deprecated feature. It will be removed[32m [repeated 15x across cluster][0m
[36m(ClientAppActor pid=40087)[0m             entirely in future versions of Flower.[32m [repeated 15x across cluster][0m
[36m(ClientAppActor pid=40094)[0m 
[36m(ClientAppActor pid=40094)[0m         
[36m(ClientAppActor pid=40087)[0m 
[36m(ClientAppActor pid=40087)[0m         
[36m(ClientAppActor pid=40087)[0m 
[36m(ClientAppActor pid=40087)[0m         
[36m(ClientAppActor pid=40094)[0m 
[36m(ClientAppActor pid=40094)[0m         
[92mINFO [0m:      aggregate_fit: received 10 results and 0 failures
INFO:flwr:aggregate_fit: received 10 results and 0 failures
[CascadeRouter] Round 40: 10 clients, 24578 parameters/client
[92mINFO [0m:      configure_evaluate: strategy sampled 10 clients (out of 10)
INFO:flwr:configure_evaluate: strategy sampled 10 clients (out of 10)
[36m(ClientAppActor pid=40087)[0m 
[36m(ClientAppActor pid=40087)[0m         
[36m(ClientAppActor pid=40094)[0m 
[36m(ClientAppActor pid=40094)[0m         
[36m(ClientAppActor pid=40087)[0m 
[36m(ClientAppActor pid=40087)[0m         
[36m(ClientAppActor pid=40094)[0m 
[36m(ClientAppActor pid=40094)[0m         
[36m(ClientAppActor pid=40094)[0m 
[36m(ClientAppActor pid=40094)[0m         
[36m(ClientAppActor pid=40087)[0m 
[36m(ClientAppActor pid=40087)[0m         
[36m(ClientAppActor pid=40094)[0m 
[36m(ClientAppActor pid=40094)[0m         
[36m(ClientAppActor pid=40087)[0m 
[36m(ClientAppActor pid=40087)[0m         
[36m(ClientAppActor pid=40087)[0m 
[36m(ClientAppActor pid=40087)[0m         
[36m(ClientAppActor pid=40094)[0m 
[36m(ClientAppActor pid=40094)[0m         
[92mINFO [0m:      aggregate_evaluate: received 10 results and 0 failures
INFO:flwr:aggregate_evaluate: received 10 results and 0 failures
[92mINFO [0m:      
INFO:flwr:
[92mINFO [0m:      [ROUND 41]
INFO:flwr:[ROUND 41]
[92mINFO [0m:      configure_fit: strategy sampled 10 clients (out of 10)
INFO:flwr:configure_fit: strategy sampled 10 clients (out of 10)
[36m(ClientAppActor pid=40094)[0m 
[36m(ClientAppActor pid=40094)[0m         
[36m(ClientAppActor pid=40087)[0m 
[36m(ClientAppActor pid=40087)[0m         
[36m(ClientAppActor pid=40087)[0m 
[36m(ClientAppActor pid=40087)[0m         
[36m(ClientAppActor pid=40094)[0m [Client 7] Training on NVIDIA GeForce RTX 3060[32m [repeated 8x across cluster][0m
[36m(ClientAppActor pid=40094)[0m 
[36m(ClientAppActor pid=40094)[0m         
[36m(ClientAppActor pid=40094)[0m [93mWARNING [0m:   DEPRECATED FEATURE: `client_fn` now expects a signature `def client_fn(context: Context)`.The provided `client_fn` has signature: {'cid': <Parameter "cid: str">}. You can import the `Context` like this: `from flwr.app import Context`[32m [repeated 18x across cluster][0m
[36m(ClientAppActor pid=40094)[0m             This is a deprecated feature. It will be removed[32m [repeated 18x across cluster][0m
[36m(ClientAppActor pid=40094)[0m             entirely in future versions of Flower.[32m [repeated 18x across cluster][0m
[36m(ClientAppActor pid=40087)[0m 
[36m(ClientAppActor pid=40087)[0m         
[36m(ClientAppActor pid=40087)[0m [Client 3] Training on NVIDIA GeForce RTX 3060[32m [repeated 2x across cluster][0m
[36m(ClientAppActor pid=40087)[0m 
[36m(ClientAppActor pid=40087)[0m         
[36m(ClientAppActor pid=40087)[0m [93mWARNING [0m:   DEPRECATED FEATURE: `client_fn` now expects a signature `def client_fn(context: Context)`.The provided `client_fn` has signature: {'cid': <Parameter "cid: str">}. You can import the `Context` like this: `from flwr.app import Context`[32m [repeated 2x across cluster][0m
[36m(ClientAppActor pid=40087)[0m             This is a deprecated feature. It will be removed[32m [repeated 2x across cluster][0m
[36m(ClientAppActor pid=40087)[0m             entirely in future versions of Flower.[32m [repeated 2x across cluster][0m
[36m(ClientAppActor pid=40087)[0m 
[36m(ClientAppActor pid=40087)[0m         
[36m(ClientAppActor pid=40087)[0m 
[36m(ClientAppActor pid=40087)[0m         
[36m(ClientAppActor pid=40087)[0m 
[36m(ClientAppActor pid=40087)[0m         
[36m(ClientAppActor pid=40094)[0m 
[36m(ClientAppActor pid=40094)[0m         
[92mINFO [0m:      aggregate_fit: received 10 results and 0 failures
INFO:flwr:aggregate_fit: received 10 results and 0 failures
[CascadeRouter] Round 41: 10 clients, 24578 parameters/client
[92mINFO [0m:      configure_evaluate: strategy sampled 10 clients (out of 10)
INFO:flwr:configure_evaluate: strategy sampled 10 clients (out of 10)
[36m(ClientAppActor pid=40094)[0m 
[36m(ClientAppActor pid=40094)[0m         
[36m(ClientAppActor pid=40087)[0m 
[36m(ClientAppActor pid=40087)[0m         
[36m(ClientAppActor pid=40094)[0m 
[36m(ClientAppActor pid=40094)[0m         
[36m(ClientAppActor pid=40087)[0m 
[36m(ClientAppActor pid=40087)[0m         
[36m(ClientAppActor pid=40087)[0m 
[36m(ClientAppActor pid=40087)[0m         
[36m(ClientAppActor pid=40094)[0m 
[36m(ClientAppActor pid=40094)[0m         
[36m(ClientAppActor pid=40087)[0m 
[36m(ClientAppActor pid=40087)[0m         
[36m(ClientAppActor pid=40094)[0m 
[36m(ClientAppActor pid=40094)[0m         
[36m(ClientAppActor pid=40094)[0m 
[36m(ClientAppActor pid=40094)[0m         
[36m(ClientAppActor pid=40087)[0m 
[36m(ClientAppActor pid=40087)[0m         
[92mINFO [0m:      aggregate_evaluate: received 10 results and 0 failures
INFO:flwr:aggregate_evaluate: received 10 results and 0 failures
[92mINFO [0m:      
INFO:flwr:
[92mINFO [0m:      [ROUND 42]
INFO:flwr:[ROUND 42]
[92mINFO [0m:      configure_fit: strategy sampled 10 clients (out of 10)
INFO:flwr:configure_fit: strategy sampled 10 clients (out of 10)
[36m(ClientAppActor pid=40094)[0m [Client 7] Training on NVIDIA GeForce RTX 3060[32m [repeated 5x across cluster][0m
[36m(ClientAppActor pid=40094)[0m 
[36m(ClientAppActor pid=40094)[0m         
[36m(ClientAppActor pid=40094)[0m [93mWARNING [0m:   DEPRECATED FEATURE: `client_fn` now expects a signature `def client_fn(context: Context)`.The provided `client_fn` has signature: {'cid': <Parameter "cid: str">}. You can import the `Context` like this: `from flwr.app import Context`[32m [repeated 15x across cluster][0m
[36m(ClientAppActor pid=40094)[0m             This is a deprecated feature. It will be removed[32m [repeated 15x across cluster][0m
[36m(ClientAppActor pid=40094)[0m             entirely in future versions of Flower.[32m [repeated 15x across cluster][0m
[36m(ClientAppActor pid=40087)[0m 
[36m(ClientAppActor pid=40087)[0m         
[36m(ClientAppActor pid=40087)[0m 
[36m(ClientAppActor pid=40087)[0m         
[36m(ClientAppActor pid=40087)[0m 
[36m(ClientAppActor pid=40087)[0m         
[36m(ClientAppActor pid=40087)[0m 
[36m(ClientAppActor pid=40087)[0m         
[36m(ClientAppActor pid=40087)[0m 
[36m(ClientAppActor pid=40087)[0m         
[36m(ClientAppActor pid=40087)[0m 
[36m(ClientAppActor pid=40087)[0m         
[36m(ClientAppActor pid=40087)[0m 
[36m(ClientAppActor pid=40087)[0m         
[36m(ClientAppActor pid=40087)[0m [Client 0] Training on NVIDIA GeForce RTX 3060[32m [repeated 8x across cluster][0m
[36m(ClientAppActor pid=40087)[0m 
[36m(ClientAppActor pid=40087)[0m         
[36m(ClientAppActor pid=40087)[0m [93mWARNING [0m:   DEPRECATED FEATURE: `client_fn` now expects a signature `def client_fn(context: Context)`.The provided `client_fn` has signature: {'cid': <Parameter "cid: str">}. You can import the `Context` like this: `from flwr.app import Context`[32m [repeated 8x across cluster][0m
[36m(ClientAppActor pid=40087)[0m             This is a deprecated feature. It will be removed[32m [repeated 8x across cluster][0m
[36m(ClientAppActor pid=40087)[0m             entirely in future versions of Flower.[32m [repeated 8x across cluster][0m
[36m(ClientAppActor pid=40094)[0m 
[36m(ClientAppActor pid=40094)[0m         
[92mINFO [0m:      aggregate_fit: received 10 results and 0 failures
INFO:flwr:aggregate_fit: received 10 results and 0 failures
[CascadeRouter] Round 42: 10 clients, 24578 parameters/client
[92mINFO [0m:      configure_evaluate: strategy sampled 10 clients (out of 10)
INFO:flwr:configure_evaluate: strategy sampled 10 clients (out of 10)
[36m(ClientAppActor pid=40094)[0m 
[36m(ClientAppActor pid=40094)[0m         
[36m(ClientAppActor pid=40094)[0m [93mWARNING [0m:   DEPRECATED FEATURE: `client_fn` now expects a signature `def client_fn(context: Context)`.The provided `client_fn` has signature: {'cid': <Parameter "cid: str">}. You can import the `Context` like this: `from flwr.app import Context`[32m [repeated 2x across cluster][0m
[36m(ClientAppActor pid=40094)[0m             This is a deprecated feature. It will be removed[32m [repeated 2x across cluster][0m
[36m(ClientAppActor pid=40094)[0m             entirely in future versions of Flower.[32m [repeated 2x across cluster][0m
[36m(ClientAppActor pid=40087)[0m 
[36m(ClientAppActor pid=40087)[0m         
[36m(ClientAppActor pid=40094)[0m 
[36m(ClientAppActor pid=40094)[0m         
[36m(ClientAppActor pid=40087)[0m 
[36m(ClientAppActor pid=40087)[0m         
[36m(ClientAppActor pid=40094)[0m 
[36m(ClientAppActor pid=40094)[0m         
[36m(ClientAppActor pid=40087)[0m 
[36m(ClientAppActor pid=40087)[0m         
[36m(ClientAppActor pid=40094)[0m 
[36m(ClientAppActor pid=40094)[0m         
[36m(ClientAppActor pid=40087)[0m 
[36m(ClientAppActor pid=40087)[0m         
[36m(ClientAppActor pid=40094)[0m 
[36m(ClientAppActor pid=40094)[0m         
[36m(ClientAppActor pid=40087)[0m 
[36m(ClientAppActor pid=40087)[0m         
[92mINFO [0m:      aggregate_evaluate: received 10 results and 0 failures
INFO:flwr:aggregate_evaluate: received 10 results and 0 failures
[92mINFO [0m:      
INFO:flwr:
[92mINFO [0m:      [ROUND 43]
INFO:flwr:[ROUND 43]
[92mINFO [0m:      configure_fit: strategy sampled 10 clients (out of 10)
INFO:flwr:configure_fit: strategy sampled 10 clients (out of 10)
[36m(ClientAppActor pid=40087)[0m 
[36m(ClientAppActor pid=40087)[0m         
[36m(ClientAppActor pid=40087)[0m [Client 7] Training on NVIDIA GeForce RTX 3060[32m [repeated 2x across cluster][0m
[36m(ClientAppActor pid=40094)[0m 
[36m(ClientAppActor pid=40094)[0m         
[36m(ClientAppActor pid=40094)[0m 
[36m(ClientAppActor pid=40094)[0m         
[36m(ClientAppActor pid=40094)[0m 
[36m(ClientAppActor pid=40094)[0m         
[36m(ClientAppActor pid=40094)[0m 
[36m(ClientAppActor pid=40094)[0m         
[36m(ClientAppActor pid=40094)[0m 
[36m(ClientAppActor pid=40094)[0m         
[36m(ClientAppActor pid=40094)[0m 
[36m(ClientAppActor pid=40094)[0m         
[36m(ClientAppActor pid=40094)[0m [93mWARNING [0m:   DEPRECATED FEATURE: `client_fn` now expects a signature `def client_fn(context: Context)`.The provided `client_fn` has signature: {'cid': <Parameter "cid: str">}. You can import the `Context` like this: `from flwr.app import Context`[32m [repeated 16x across cluster][0m
[36m(ClientAppActor pid=40094)[0m             This is a deprecated feature. It will be removed[32m [repeated 16x across cluster][0m
[36m(ClientAppActor pid=40094)[0m             entirely in future versions of Flower.[32m [repeated 16x across cluster][0m
[36m(ClientAppActor pid=40094)[0m [Client 0] Training on NVIDIA GeForce RTX 3060[32m [repeated 7x across cluster][0m
[36m(ClientAppActor pid=40094)[0m 
[36m(ClientAppActor pid=40094)[0m         
[36m(ClientAppActor pid=40087)[0m 
[36m(ClientAppActor pid=40087)[0m         
[36m(ClientAppActor pid=40087)[0m 
[36m(ClientAppActor pid=40087)[0m         
[92mINFO [0m:      aggregate_fit: received 10 results and 0 failures
INFO:flwr:aggregate_fit: received 10 results and 0 failures
[CascadeRouter] Round 43: 10 clients, 24578 parameters/client
[92mINFO [0m:      configure_evaluate: strategy sampled 10 clients (out of 10)
INFO:flwr:configure_evaluate: strategy sampled 10 clients (out of 10)
[36m(ClientAppActor pid=40087)[0m 
[36m(ClientAppActor pid=40087)[0m         
[36m(ClientAppActor pid=40087)[0m [93mWARNING [0m:   DEPRECATED FEATURE: `client_fn` now expects a signature `def client_fn(context: Context)`.The provided `client_fn` has signature: {'cid': <Parameter "cid: str">}. You can import the `Context` like this: `from flwr.app import Context`[32m [repeated 4x across cluster][0m
[36m(ClientAppActor pid=40087)[0m             This is a deprecated feature. It will be removed[32m [repeated 4x across cluster][0m
[36m(ClientAppActor pid=40087)[0m             entirely in future versions of Flower.[32m [repeated 4x across cluster][0m
[36m(ClientAppActor pid=40094)[0m 
[36m(ClientAppActor pid=40094)[0m         
[36m(ClientAppActor pid=40094)[0m 
[36m(ClientAppActor pid=40094)[0m         
[36m(ClientAppActor pid=40087)[0m 
[36m(ClientAppActor pid=40087)[0m         
[36m(ClientAppActor pid=40087)[0m 
[36m(ClientAppActor pid=40087)[0m         
[36m(ClientAppActor pid=40094)[0m 
[36m(ClientAppActor pid=40094)[0m         
[36m(ClientAppActor pid=40087)[0m 
[36m(ClientAppActor pid=40087)[0m         
[36m(ClientAppActor pid=40094)[0m 
[36m(ClientAppActor pid=40094)[0m         
[36m(ClientAppActor pid=40094)[0m 
[36m(ClientAppActor pid=40094)[0m         
[36m(ClientAppActor pid=40087)[0m 
[36m(ClientAppActor pid=40087)[0m         
[92mINFO [0m:      aggregate_evaluate: received 10 results and 0 failures
INFO:flwr:aggregate_evaluate: received 10 results and 0 failures
[92mINFO [0m:      
INFO:flwr:
[92mINFO [0m:      [ROUND 44]
INFO:flwr:[ROUND 44]
[92mINFO [0m:      configure_fit: strategy sampled 10 clients (out of 10)
INFO:flwr:configure_fit: strategy sampled 10 clients (out of 10)
[36m(ClientAppActor pid=40094)[0m [Client 6] Training on NVIDIA GeForce RTX 3060[32m [repeated 3x across cluster][0m
[36m(ClientAppActor pid=40094)[0m 
[36m(ClientAppActor pid=40094)[0m         
[36m(ClientAppActor pid=40087)[0m 
[36m(ClientAppActor pid=40087)[0m         
[36m(ClientAppActor pid=40087)[0m 
[36m(ClientAppActor pid=40087)[0m         
[36m(ClientAppActor pid=40087)[0m 
[36m(ClientAppActor pid=40087)[0m         
[36m(ClientAppActor pid=40094)[0m 
[36m(ClientAppActor pid=40094)[0m         
[36m(ClientAppActor pid=40094)[0m [93mWARNING [0m:   DEPRECATED FEATURE: `client_fn` now expects a signature `def client_fn(context: Context)`.The provided `client_fn` has signature: {'cid': <Parameter "cid: str">}. You can import the `Context` like this: `from flwr.app import Context`[32m [repeated 14x across cluster][0m
[36m(ClientAppActor pid=40094)[0m             This is a deprecated feature. It will be removed[32m [repeated 14x across cluster][0m
[36m(ClientAppActor pid=40094)[0m             entirely in future versions of Flower.[32m [repeated 14x across cluster][0m
[36m(ClientAppActor pid=40094)[0m [Client 1] Training on NVIDIA GeForce RTX 3060[32m [repeated 5x across cluster][0m
[36m(ClientAppActor pid=40094)[0m 
[36m(ClientAppActor pid=40094)[0m         
[36m(ClientAppActor pid=40094)[0m 
[36m(ClientAppActor pid=40094)[0m         
[36m(ClientAppActor pid=40094)[0m 
[36m(ClientAppActor pid=40094)[0m         
[36m(ClientAppActor pid=40087)[0m 
[36m(ClientAppActor pid=40087)[0m         
[36m(ClientAppActor pid=40094)[0m 
[36m(ClientAppActor pid=40094)[0m         
[92mINFO [0m:      aggregate_fit: received 10 results and 0 failures
INFO:flwr:aggregate_fit: received 10 results and 0 failures
[CascadeRouter] Round 44: 10 clients, 24578 parameters/client
[92mINFO [0m:      configure_evaluate: strategy sampled 10 clients (out of 10)
INFO:flwr:configure_evaluate: strategy sampled 10 clients (out of 10)
[36m(ClientAppActor pid=40087)[0m 
[36m(ClientAppActor pid=40087)[0m         
[36m(ClientAppActor pid=40087)[0m [93mWARNING [0m:   DEPRECATED FEATURE: `client_fn` now expects a signature `def client_fn(context: Context)`.The provided `client_fn` has signature: {'cid': <Parameter "cid: str">}. You can import the `Context` like this: `from flwr.app import Context`[32m [repeated 6x across cluster][0m
[36m(ClientAppActor pid=40087)[0m             This is a deprecated feature. It will be removed[32m [repeated 6x across cluster][0m
[36m(ClientAppActor pid=40087)[0m             entirely in future versions of Flower.[32m [repeated 6x across cluster][0m
[36m(ClientAppActor pid=40094)[0m 
[36m(ClientAppActor pid=40094)[0m         
[36m(ClientAppActor pid=40094)[0m 
[36m(ClientAppActor pid=40094)[0m         
[36m(ClientAppActor pid=40087)[0m 
[36m(ClientAppActor pid=40087)[0m         
[36m(ClientAppActor pid=40094)[0m 
[36m(ClientAppActor pid=40094)[0m         
[36m(ClientAppActor pid=40087)[0m 
[36m(ClientAppActor pid=40087)[0m         
[36m(ClientAppActor pid=40087)[0m 
[36m(ClientAppActor pid=40087)[0m         
[36m(ClientAppActor pid=40094)[0m 
[36m(ClientAppActor pid=40094)[0m         
[36m(ClientAppActor pid=40094)[0m 
[36m(ClientAppActor pid=40094)[0m         
[36m(ClientAppActor pid=40087)[0m 
[36m(ClientAppActor pid=40087)[0m         
[92mINFO [0m:      aggregate_evaluate: received 10 results and 0 failures
INFO:flwr:aggregate_evaluate: received 10 results and 0 failures
[92mINFO [0m:      
INFO:flwr:
[92mINFO [0m:      [ROUND 45]
INFO:flwr:[ROUND 45]
[92mINFO [0m:      configure_fit: strategy sampled 10 clients (out of 10)
INFO:flwr:configure_fit: strategy sampled 10 clients (out of 10)
[36m(ClientAppActor pid=40094)[0m [Client 3] Training on NVIDIA GeForce RTX 3060[32m [repeated 5x across cluster][0m
[36m(ClientAppActor pid=40094)[0m 
[36m(ClientAppActor pid=40094)[0m         
[36m(ClientAppActor pid=40087)[0m 
[36m(ClientAppActor pid=40087)[0m         
[36m(ClientAppActor pid=40094)[0m 
[36m(ClientAppActor pid=40094)[0m         
[36m(ClientAppActor pid=40087)[0m 
[36m(ClientAppActor pid=40087)[0m         
[36m(ClientAppActor pid=40087)[0m 
[36m(ClientAppActor pid=40087)[0m         
[36m(ClientAppActor pid=40087)[0m 
[36m(ClientAppActor pid=40087)[0m         
[36m(ClientAppActor pid=40087)[0m 
[36m(ClientAppActor pid=40087)[0m         
[36m(ClientAppActor pid=40087)[0m 
[36m(ClientAppActor pid=40087)[0m         
[36m(ClientAppActor pid=40087)[0m [93mWARNING [0m:   DEPRECATED FEATURE: `client_fn` now expects a signature `def client_fn(context: Context)`.The provided `client_fn` has signature: {'cid': <Parameter "cid: str">}. You can import the `Context` like this: `from flwr.app import Context`[32m [repeated 17x across cluster][0m
[36m(ClientAppActor pid=40087)[0m             This is a deprecated feature. It will be removed[32m [repeated 17x across cluster][0m
[36m(ClientAppActor pid=40087)[0m             entirely in future versions of Flower.[32m [repeated 17x across cluster][0m
[36m(ClientAppActor pid=40094)[0m 
[36m(ClientAppActor pid=40094)[0m         
[36m(ClientAppActor pid=40087)[0m 
[36m(ClientAppActor pid=40087)[0m         
[92mINFO [0m:      aggregate_fit: received 10 results and 0 failures
INFO:flwr:aggregate_fit: received 10 results and 0 failures
[CascadeRouter] Round 45: 10 clients, 24578 parameters/client
[92mINFO [0m:      configure_evaluate: strategy sampled 10 clients (out of 10)
INFO:flwr:configure_evaluate: strategy sampled 10 clients (out of 10)
[36m(ClientAppActor pid=40094)[0m 
[36m(ClientAppActor pid=40094)[0m         
[36m(ClientAppActor pid=40094)[0m [93mWARNING [0m:   DEPRECATED FEATURE: `client_fn` now expects a signature `def client_fn(context: Context)`.The provided `client_fn` has signature: {'cid': <Parameter "cid: str">}. You can import the `Context` like this: `from flwr.app import Context`[32m [repeated 3x across cluster][0m
[36m(ClientAppActor pid=40094)[0m             This is a deprecated feature. It will be removed[32m [repeated 3x across cluster][0m
[36m(ClientAppActor pid=40094)[0m             entirely in future versions of Flower.[32m [repeated 3x across cluster][0m
[36m(ClientAppActor pid=40087)[0m 
[36m(ClientAppActor pid=40087)[0m         
[36m(ClientAppActor pid=40094)[0m 
[36m(ClientAppActor pid=40094)[0m         
[36m(ClientAppActor pid=40087)[0m 
[36m(ClientAppActor pid=40087)[0m         
[36m(ClientAppActor pid=40094)[0m 
[36m(ClientAppActor pid=40094)[0m         
[36m(ClientAppActor pid=40087)[0m 
[36m(ClientAppActor pid=40087)[0m         
[36m(ClientAppActor pid=40094)[0m 
[36m(ClientAppActor pid=40094)[0m         
[36m(ClientAppActor pid=40087)[0m 
[36m(ClientAppActor pid=40087)[0m         
[36m(ClientAppActor pid=40094)[0m 
[36m(ClientAppActor pid=40094)[0m         
[36m(ClientAppActor pid=40087)[0m 
[36m(ClientAppActor pid=40087)[0m         
[92mINFO [0m:      aggregate_evaluate: received 10 results and 0 failures
INFO:flwr:aggregate_evaluate: received 10 results and 0 failures
[92mINFO [0m:      
INFO:flwr:
[92mINFO [0m:      [ROUND 46]
INFO:flwr:[ROUND 46]
[92mINFO [0m:      configure_fit: strategy sampled 10 clients (out of 10)
INFO:flwr:configure_fit: strategy sampled 10 clients (out of 10)
[36m(ClientAppActor pid=40094)[0m [Client 0] Training on NVIDIA GeForce RTX 3060[32m [repeated 10x across cluster][0m
[36m(ClientAppActor pid=40094)[0m 
[36m(ClientAppActor pid=40094)[0m         
[36m(ClientAppActor pid=40087)[0m 
[36m(ClientAppActor pid=40087)[0m         
[36m(ClientAppActor pid=40087)[0m 
[36m(ClientAppActor pid=40087)[0m         
[36m(ClientAppActor pid=40087)[0m 
[36m(ClientAppActor pid=40087)[0m         
[36m(ClientAppActor pid=40087)[0m 
[36m(ClientAppActor pid=40087)[0m         
[36m(ClientAppActor pid=40087)[0m 
[36m(ClientAppActor pid=40087)[0m         
[36m(ClientAppActor pid=40094)[0m [Client 8] Training on NVIDIA GeForce RTX 3060[32m [repeated 6x across cluster][0m
[36m(ClientAppActor pid=40094)[0m 
[36m(ClientAppActor pid=40094)[0m         
[36m(ClientAppActor pid=40094)[0m [93mWARNING [0m:   DEPRECATED FEATURE: `client_fn` now expects a signature `def client_fn(context: Context)`.The provided `client_fn` has signature: {'cid': <Parameter "cid: str">}. You can import the `Context` like this: `from flwr.app import Context`[32m [repeated 16x across cluster][0m
[36m(ClientAppActor pid=40094)[0m             This is a deprecated feature. It will be removed[32m [repeated 16x across cluster][0m
[36m(ClientAppActor pid=40094)[0m             entirely in future versions of Flower.[32m [repeated 16x across cluster][0m
[36m(ClientAppActor pid=40094)[0m 
[36m(ClientAppActor pid=40094)[0m         
[36m(ClientAppActor pid=40094)[0m 
[36m(ClientAppActor pid=40094)[0m         
[36m(ClientAppActor pid=40087)[0m [Client 1] Training on NVIDIA GeForce RTX 3060[32m [repeated 3x across cluster][0m
[36m(ClientAppActor pid=40087)[0m 
[36m(ClientAppActor pid=40087)[0m         
[36m(ClientAppActor pid=40087)[0m [93mWARNING [0m:   DEPRECATED FEATURE: `client_fn` now expects a signature `def client_fn(context: Context)`.The provided `client_fn` has signature: {'cid': <Parameter "cid: str">}. You can import the `Context` like this: `from flwr.app import Context`[32m [repeated 3x across cluster][0m
[36m(ClientAppActor pid=40087)[0m             This is a deprecated feature. It will be removed[32m [repeated 3x across cluster][0m
[36m(ClientAppActor pid=40087)[0m             entirely in future versions of Flower.[32m [repeated 3x across cluster][0m
[92mINFO [0m:      aggregate_fit: received 10 results and 0 failures
INFO:flwr:aggregate_fit: received 10 results and 0 failures
[CascadeRouter] Round 46: 10 clients, 24578 parameters/client
[92mINFO [0m:      configure_evaluate: strategy sampled 10 clients (out of 10)
INFO:flwr:configure_evaluate: strategy sampled 10 clients (out of 10)
[36m(ClientAppActor pid=40087)[0m 
[36m(ClientAppActor pid=40087)[0m         
[36m(ClientAppActor pid=40094)[0m 
[36m(ClientAppActor pid=40094)[0m         
[36m(ClientAppActor pid=40094)[0m 
[36m(ClientAppActor pid=40094)[0m         
[36m(ClientAppActor pid=40087)[0m 
[36m(ClientAppActor pid=40087)[0m         
[36m(ClientAppActor pid=40087)[0m 
[36m(ClientAppActor pid=40087)[0m         
[36m(ClientAppActor pid=40094)[0m 
[36m(ClientAppActor pid=40094)[0m         
[36m(ClientAppActor pid=40087)[0m 
[36m(ClientAppActor pid=40087)[0m         
[36m(ClientAppActor pid=40094)[0m 
[36m(ClientAppActor pid=40094)[0m         
[36m(ClientAppActor pid=40087)[0m 
[36m(ClientAppActor pid=40087)[0m         
[36m(ClientAppActor pid=40094)[0m 
[36m(ClientAppActor pid=40094)[0m         
[92mINFO [0m:      aggregate_evaluate: received 10 results and 0 failures
INFO:flwr:aggregate_evaluate: received 10 results and 0 failures
[92mINFO [0m:      
INFO:flwr:
[92mINFO [0m:      [ROUND 47]
INFO:flwr:[ROUND 47]
[92mINFO [0m:      configure_fit: strategy sampled 10 clients (out of 10)
INFO:flwr:configure_fit: strategy sampled 10 clients (out of 10)
[36m(ClientAppActor pid=40094)[0m 
[36m(ClientAppActor pid=40094)[0m         
[36m(ClientAppActor pid=40087)[0m 
[36m(ClientAppActor pid=40087)[0m         
[36m(ClientAppActor pid=40094)[0m 
[36m(ClientAppActor pid=40094)[0m         
[36m(ClientAppActor pid=40087)[0m 
[36m(ClientAppActor pid=40087)[0m         
[36m(ClientAppActor pid=40094)[0m [Client 4] Training on NVIDIA GeForce RTX 3060[32m [repeated 5x across cluster][0m
[36m(ClientAppActor pid=40094)[0m 
[36m(ClientAppActor pid=40094)[0m         
[36m(ClientAppActor pid=40094)[0m [93mWARNING [0m:   DEPRECATED FEATURE: `client_fn` now expects a signature `def client_fn(context: Context)`.The provided `client_fn` has signature: {'cid': <Parameter "cid: str">}. You can import the `Context` like this: `from flwr.app import Context`[32m [repeated 15x across cluster][0m
[36m(ClientAppActor pid=40094)[0m             This is a deprecated feature. It will be removed[32m [repeated 15x across cluster][0m
[36m(ClientAppActor pid=40094)[0m             entirely in future versions of Flower.[32m [repeated 15x across cluster][0m
[36m(ClientAppActor pid=40094)[0m 
[36m(ClientAppActor pid=40094)[0m         
[36m(ClientAppActor pid=40094)[0m 
[36m(ClientAppActor pid=40094)[0m         
[36m(ClientAppActor pid=40094)[0m 
[36m(ClientAppActor pid=40094)[0m         
[36m(ClientAppActor pid=40094)[0m 
[36m(ClientAppActor pid=40094)[0m         
[36m(ClientAppActor pid=40087)[0m 
[36m(ClientAppActor pid=40087)[0m         
[92mINFO [0m:      aggregate_fit: received 10 results and 0 failures
INFO:flwr:aggregate_fit: received 10 results and 0 failures
[CascadeRouter] Round 47: 10 clients, 24578 parameters/client
[92mINFO [0m:      configure_evaluate: strategy sampled 10 clients (out of 10)
INFO:flwr:configure_evaluate: strategy sampled 10 clients (out of 10)
[36m(ClientAppActor pid=40087)[0m 
[36m(ClientAppActor pid=40087)[0m         
[36m(ClientAppActor pid=40087)[0m [93mWARNING [0m:   DEPRECATED FEATURE: `client_fn` now expects a signature `def client_fn(context: Context)`.The provided `client_fn` has signature: {'cid': <Parameter "cid: str">}. You can import the `Context` like this: `from flwr.app import Context`[32m [repeated 6x across cluster][0m
[36m(ClientAppActor pid=40087)[0m             This is a deprecated feature. It will be removed[32m [repeated 6x across cluster][0m
[36m(ClientAppActor pid=40087)[0m             entirely in future versions of Flower.[32m [repeated 6x across cluster][0m
[36m(ClientAppActor pid=40094)[0m 
[36m(ClientAppActor pid=40094)[0m         
[36m(ClientAppActor pid=40094)[0m 
[36m(ClientAppActor pid=40094)[0m         
[36m(ClientAppActor pid=40087)[0m 
[36m(ClientAppActor pid=40087)[0m         
[36m(ClientAppActor pid=40087)[0m 
[36m(ClientAppActor pid=40087)[0m         
[36m(ClientAppActor pid=40094)[0m 
[36m(ClientAppActor pid=40094)[0m         
[36m(ClientAppActor pid=40087)[0m 
[36m(ClientAppActor pid=40087)[0m         
[36m(ClientAppActor pid=40094)[0m 
[36m(ClientAppActor pid=40094)[0m         
[36m(ClientAppActor pid=40094)[0m 
[36m(ClientAppActor pid=40094)[0m         
[36m(ClientAppActor pid=40087)[0m 
[36m(ClientAppActor pid=40087)[0m         
[92mINFO [0m:      aggregate_evaluate: received 10 results and 0 failures
INFO:flwr:aggregate_evaluate: received 10 results and 0 failures
[92mINFO [0m:      
INFO:flwr:
[92mINFO [0m:      [ROUND 48]
INFO:flwr:[ROUND 48]
[92mINFO [0m:      configure_fit: strategy sampled 10 clients (out of 10)
INFO:flwr:configure_fit: strategy sampled 10 clients (out of 10)
[36m(ClientAppActor pid=40094)[0m [Client 3] Training on NVIDIA GeForce RTX 3060[32m [repeated 6x across cluster][0m
[36m(ClientAppActor pid=40094)[0m 
[36m(ClientAppActor pid=40094)[0m         
[36m(ClientAppActor pid=40087)[0m 
[36m(ClientAppActor pid=40087)[0m         
[36m(ClientAppActor pid=40094)[0m 
[36m(ClientAppActor pid=40094)[0m         
[36m(ClientAppActor pid=40087)[0m 
[36m(ClientAppActor pid=40087)[0m         
[36m(ClientAppActor pid=40087)[0m 
[36m(ClientAppActor pid=40087)[0m         
[36m(ClientAppActor pid=40094)[0m 
[36m(ClientAppActor pid=40094)[0m         
[36m(ClientAppActor pid=40087)[0m 
[36m(ClientAppActor pid=40087)[0m         
[36m(ClientAppActor pid=40087)[0m 
[36m(ClientAppActor pid=40087)[0m         
[36m(ClientAppActor pid=40087)[0m [93mWARNING [0m:   DEPRECATED FEATURE: `client_fn` now expects a signature `def client_fn(context: Context)`.The provided `client_fn` has signature: {'cid': <Parameter "cid: str">}. You can import the `Context` like this: `from flwr.app import Context`[32m [repeated 17x across cluster][0m
[36m(ClientAppActor pid=40087)[0m             This is a deprecated feature. It will be removed[32m [repeated 17x across cluster][0m
[36m(ClientAppActor pid=40087)[0m             entirely in future versions of Flower.[32m [repeated 17x across cluster][0m
[36m(ClientAppActor pid=40087)[0m 
[36m(ClientAppActor pid=40087)[0m         
[36m(ClientAppActor pid=40094)[0m [Client 7] Training on NVIDIA GeForce RTX 3060[32m [repeated 9x across cluster][0m
[36m(ClientAppActor pid=40094)[0m 
[36m(ClientAppActor pid=40094)[0m         
[92mINFO [0m:      aggregate_fit: received 10 results and 0 failures
INFO:flwr:aggregate_fit: received 10 results and 0 failures
[CascadeRouter] Round 48: 10 clients, 24578 parameters/client
[92mINFO [0m:      configure_evaluate: strategy sampled 10 clients (out of 10)
INFO:flwr:configure_evaluate: strategy sampled 10 clients (out of 10)
[36m(ClientAppActor pid=40094)[0m 
[36m(ClientAppActor pid=40094)[0m         
[36m(ClientAppActor pid=40094)[0m [93mWARNING [0m:   DEPRECATED FEATURE: `client_fn` now expects a signature `def client_fn(context: Context)`.The provided `client_fn` has signature: {'cid': <Parameter "cid: str">}. You can import the `Context` like this: `from flwr.app import Context`[32m [repeated 3x across cluster][0m
[36m(ClientAppActor pid=40094)[0m             This is a deprecated feature. It will be removed[32m [repeated 3x across cluster][0m
[36m(ClientAppActor pid=40094)[0m             entirely in future versions of Flower.[32m [repeated 3x across cluster][0m
[36m(ClientAppActor pid=40087)[0m 
[36m(ClientAppActor pid=40087)[0m         
[36m(ClientAppActor pid=40094)[0m 
[36m(ClientAppActor pid=40094)[0m         
[36m(ClientAppActor pid=40087)[0m 
[36m(ClientAppActor pid=40087)[0m         
[36m(ClientAppActor pid=40094)[0m 
[36m(ClientAppActor pid=40094)[0m         
[36m(ClientAppActor pid=40087)[0m 
[36m(ClientAppActor pid=40087)[0m         
[36m(ClientAppActor pid=40094)[0m 
[36m(ClientAppActor pid=40094)[0m         
[36m(ClientAppActor pid=40087)[0m 
[36m(ClientAppActor pid=40087)[0m         
[36m(ClientAppActor pid=40094)[0m 
[36m(ClientAppActor pid=40094)[0m         
[36m(ClientAppActor pid=40087)[0m 
[36m(ClientAppActor pid=40087)[0m         
[92mINFO [0m:      aggregate_evaluate: received 10 results and 0 failures
INFO:flwr:aggregate_evaluate: received 10 results and 0 failures
[92mINFO [0m:      
INFO:flwr:
[92mINFO [0m:      [ROUND 49]
INFO:flwr:[ROUND 49]
[92mINFO [0m:      configure_fit: strategy sampled 10 clients (out of 10)
INFO:flwr:configure_fit: strategy sampled 10 clients (out of 10)
[36m(ClientAppActor pid=40087)[0m [Client 1] Training on NVIDIA GeForce RTX 3060
[36m(ClientAppActor pid=40087)[0m 
[36m(ClientAppActor pid=40087)[0m         
[36m(ClientAppActor pid=40094)[0m [Client 9] Training on NVIDIA GeForce RTX 3060
[36m(ClientAppActor pid=40094)[0m 
[36m(ClientAppActor pid=40094)[0m         
[36m(ClientAppActor pid=40087)[0m 
[36m(ClientAppActor pid=40087)[0m         
[36m(ClientAppActor pid=40094)[0m 
[36m(ClientAppActor pid=40094)[0m         
[36m(ClientAppActor pid=40087)[0m 
[36m(ClientAppActor pid=40087)[0m         
[36m(ClientAppActor pid=40087)[0m 
[36m(ClientAppActor pid=40087)[0m         
[36m(ClientAppActor pid=40094)[0m [Client 6] Training on NVIDIA GeForce RTX 3060[32m [repeated 5x across cluster][0m
[36m(ClientAppActor pid=40094)[0m 
[36m(ClientAppActor pid=40094)[0m         
[36m(ClientAppActor pid=40094)[0m [93mWARNING [0m:   DEPRECATED FEATURE: `client_fn` now expects a signature `def client_fn(context: Context)`.The provided `client_fn` has signature: {'cid': <Parameter "cid: str">}. You can import the `Context` like this: `from flwr.app import Context`[32m [repeated 16x across cluster][0m
[36m(ClientAppActor pid=40094)[0m             This is a deprecated feature. It will be removed[32m [repeated 16x across cluster][0m
[36m(ClientAppActor pid=40094)[0m             entirely in future versions of Flower.[32m [repeated 16x across cluster][0m
[36m(ClientAppActor pid=40094)[0m 
[36m(ClientAppActor pid=40094)[0m         
[36m(ClientAppActor pid=40094)[0m 
[36m(ClientAppActor pid=40094)[0m         
[36m(ClientAppActor pid=40087)[0m 
[36m(ClientAppActor pid=40087)[0m         
[92mINFO [0m:      aggregate_fit: received 10 results and 0 failures
INFO:flwr:aggregate_fit: received 10 results and 0 failures
[CascadeRouter] Round 49: 10 clients, 24578 parameters/client
[92mINFO [0m:      configure_evaluate: strategy sampled 10 clients (out of 10)
INFO:flwr:configure_evaluate: strategy sampled 10 clients (out of 10)
[36m(ClientAppActor pid=40094)[0m 
[36m(ClientAppActor pid=40094)[0m         
[36m(ClientAppActor pid=40087)[0m 
[36m(ClientAppActor pid=40087)[0m         
[36m(ClientAppActor pid=40087)[0m 
[36m(ClientAppActor pid=40087)[0m         
[36m(ClientAppActor pid=40094)[0m 
[36m(ClientAppActor pid=40094)[0m         
[36m(ClientAppActor pid=40087)[0m 
[36m(ClientAppActor pid=40087)[0m         
[36m(ClientAppActor pid=40094)[0m 
[36m(ClientAppActor pid=40094)[0m         
[36m(ClientAppActor pid=40094)[0m 
[36m(ClientAppActor pid=40094)[0m         
[36m(ClientAppActor pid=40094)[0m [93mWARNING [0m:   DEPRECATED FEATURE: `client_fn` now expects a signature `def client_fn(context: Context)`.The provided `client_fn` has signature: {'cid': <Parameter "cid: str">}. You can import the `Context` like this: `from flwr.app import Context`[32m [repeated 10x across cluster][0m
[36m(ClientAppActor pid=40094)[0m             This is a deprecated feature. It will be removed[32m [repeated 10x across cluster][0m
[36m(ClientAppActor pid=40094)[0m             entirely in future versions of Flower.[32m [repeated 10x across cluster][0m
[36m(ClientAppActor pid=40087)[0m 
[36m(ClientAppActor pid=40087)[0m         
[36m(ClientAppActor pid=40094)[0m 
[36m(ClientAppActor pid=40094)[0m         
[36m(ClientAppActor pid=40087)[0m 
[36m(ClientAppActor pid=40087)[0m         
[92mINFO [0m:      aggregate_evaluate: received 10 results and 0 failures
INFO:flwr:aggregate_evaluate: received 10 results and 0 failures
[92mINFO [0m:      
INFO:flwr:
[92mINFO [0m:      [ROUND 50]
INFO:flwr:[ROUND 50]
[92mINFO [0m:      configure_fit: strategy sampled 10 clients (out of 10)
INFO:flwr:configure_fit: strategy sampled 10 clients (out of 10)
[36m(ClientAppActor pid=40094)[0m [Client 2] Training on NVIDIA GeForce RTX 3060[32m [repeated 4x across cluster][0m
[36m(ClientAppActor pid=40094)[0m 
[36m(ClientAppActor pid=40094)[0m         
[36m(ClientAppActor pid=40087)[0m 
[36m(ClientAppActor pid=40087)[0m         
[36m(ClientAppActor pid=40094)[0m 
[36m(ClientAppActor pid=40094)[0m         
[36m(ClientAppActor pid=40094)[0m 
[36m(ClientAppActor pid=40094)[0m         
[36m(ClientAppActor pid=40094)[0m 
[36m(ClientAppActor pid=40094)[0m         
[36m(ClientAppActor pid=40094)[0m 
[36m(ClientAppActor pid=40094)[0m         
[36m(ClientAppActor pid=40094)[0m 
[36m(ClientAppActor pid=40094)[0m         
[36m(ClientAppActor pid=40087)[0m 
[36m(ClientAppActor pid=40087)[0m         
[36m(ClientAppActor pid=40087)[0m 
[36m(ClientAppActor pid=40087)[0m         
[36m(ClientAppActor pid=40087)[0m [Client 4] Training on NVIDIA GeForce RTX 3060[32m [repeated 9x across cluster][0m
[36m(ClientAppActor pid=40087)[0m 
[36m(ClientAppActor pid=40087)[0m         
[36m(ClientAppActor pid=40087)[0m [93mWARNING [0m:   DEPRECATED FEATURE: `client_fn` now expects a signature `def client_fn(context: Context)`.The provided `client_fn` has signature: {'cid': <Parameter "cid: str">}. You can import the `Context` like this: `from flwr.app import Context`[32m [repeated 13x across cluster][0m
[36m(ClientAppActor pid=40087)[0m             This is a deprecated feature. It will be removed[32m [repeated 13x across cluster][0m
[36m(ClientAppActor pid=40087)[0m             entirely in future versions of Flower.[32m [repeated 13x across cluster][0m
[92mINFO [0m:      aggregate_fit: received 10 results and 0 failures
INFO:flwr:aggregate_fit: received 10 results and 0 failures
[CascadeRouter] Round 50: 10 clients, 24578 parameters/client
[92mINFO [0m:      configure_evaluate: strategy sampled 10 clients (out of 10)
INFO:flwr:configure_evaluate: strategy sampled 10 clients (out of 10)
[36m(ClientAppActor pid=40094)[0m 
[36m(ClientAppActor pid=40094)[0m         
[36m(ClientAppActor pid=40087)[0m 
[36m(ClientAppActor pid=40087)[0m         
[36m(ClientAppActor pid=40094)[0m 
[36m(ClientAppActor pid=40094)[0m         
[36m(ClientAppActor pid=40087)[0m 
[36m(ClientAppActor pid=40087)[0m         
[36m(ClientAppActor pid=40094)[0m 
[36m(ClientAppActor pid=40094)[0m         
[36m(ClientAppActor pid=40087)[0m 
[36m(ClientAppActor pid=40087)[0m         
[36m(ClientAppActor pid=40094)[0m 
[36m(ClientAppActor pid=40094)[0m         
[36m(ClientAppActor pid=40087)[0m 
[36m(ClientAppActor pid=40087)[0m         
[36m(ClientAppActor pid=40094)[0m 
[36m(ClientAppActor pid=40094)[0m         
[36m(ClientAppActor pid=40087)[0m 
[36m(ClientAppActor pid=40087)[0m         
[92mINFO [0m:      aggregate_evaluate: received 10 results and 0 failures
INFO:flwr:aggregate_evaluate: received 10 results and 0 failures
[92mINFO [0m:      
INFO:flwr:
[92mINFO [0m:      [SUMMARY]
INFO:flwr:[SUMMARY]
[92mINFO [0m:      Run finished 50 round(s) in 640.27s
INFO:flwr:Run finished 50 round(s) in 640.27s
[92mINFO [0m:      	History (loss, distributed):
INFO:flwr:	History (loss, distributed):
[92mINFO [0m:      		round 1: 0.5162266145388287
INFO:flwr:		round 1: 0.5162266145388287
[92mINFO [0m:      		round 2: 0.439979882367452
INFO:flwr:		round 2: 0.439979882367452
[92mINFO [0m:      		round 3: 0.4002254815578461
INFO:flwr:		round 3: 0.4002254815578461
[92mINFO [0m:      		round 4: 0.29670177605946857
INFO:flwr:		round 4: 0.29670177605946857
[92mINFO [0m:      		round 5: 0.2813700921376546
INFO:flwr:		round 5: 0.2813700921376546
[92mINFO [0m:      		round 6: 0.2359090372403463
INFO:flwr:		round 6: 0.2359090372403463
[92mINFO [0m:      		round 7: 0.25103578447500857
INFO:flwr:		round 7: 0.25103578447500857
[92mINFO [0m:      		round 8: 0.16583966422080992
INFO:flwr:		round 8: 0.16583966422080992
[92mINFO [0m:      		round 9: 0.22950480114618937
INFO:flwr:		round 9: 0.22950480114618937
[92mINFO [0m:      		round 10: 0.27760701764424645
INFO:flwr:		round 10: 0.27760701764424645
[92mINFO [0m:      		round 11: 0.2787426127433777
INFO:flwr:		round 11: 0.2787426127433777
[92mINFO [0m:      		round 12: 0.23706467294692993
INFO:flwr:		round 12: 0.23706467294692993
[92mINFO [0m:      		round 13: 0.15111250262260437
INFO:flwr:		round 13: 0.15111250262260437
[92mINFO [0m:      		round 14: 0.1546035245815913
INFO:flwr:		round 14: 0.1546035245815913
[92mINFO [0m:      		round 15: 0.19955336089928946
INFO:flwr:		round 15: 0.19955336089928946
[92mINFO [0m:      		round 16: 0.1861788691997528
INFO:flwr:		round 16: 0.1861788691997528
[92mINFO [0m:      		round 17: 0.2256937156200409
INFO:flwr:		round 17: 0.2256937156200409
[92mINFO [0m:      		round 18: 0.15219645783901214
INFO:flwr:		round 18: 0.15219645783901214
[92mINFO [0m:      		round 19: 0.1414585633277893
INFO:flwr:		round 19: 0.1414585633277893
[92mINFO [0m:      		round 20: 0.13691414570013682
INFO:flwr:		round 20: 0.13691414570013682
[92mINFO [0m:      		round 21: 0.1784554451227188
INFO:flwr:		round 21: 0.1784554451227188
[92mINFO [0m:      		round 22: 0.1362279146273931
INFO:flwr:		round 22: 0.1362279146273931
[92mINFO [0m:      		round 23: 0.16544839588006338
INFO:flwr:		round 23: 0.16544839588006338
[92mINFO [0m:      		round 24: 0.18714684422810873
INFO:flwr:		round 24: 0.18714684422810873
[92mINFO [0m:      		round 25: 0.18072636867364247
INFO:flwr:		round 25: 0.18072636867364247
[92mINFO [0m:      		round 26: 0.21355392763614656
INFO:flwr:		round 26: 0.21355392763614656
[92mINFO [0m:      		round 27: 0.2126097479979197
INFO:flwr:		round 27: 0.2126097479979197
[92mINFO [0m:      		round 28: 0.19451359680493674
INFO:flwr:		round 28: 0.19451359680493674
[92mINFO [0m:      		round 29: 0.18887483274141947
INFO:flwr:		round 29: 0.18887483274141947
[92mINFO [0m:      		round 30: 0.19313871304194133
INFO:flwr:		round 30: 0.19313871304194133
[92mINFO [0m:      		round 31: 0.20650030419826507
INFO:flwr:		round 31: 0.20650030419826507
[92mINFO [0m:      		round 32: 0.19043116359710693
INFO:flwr:		round 32: 0.19043116359710693
[92mINFO [0m:      		round 33: 0.19699201414585113
INFO:flwr:		round 33: 0.19699201414585113
[92mINFO [0m:      		round 34: 0.19694323450724283
INFO:flwr:		round 34: 0.19694323450724283
[92mINFO [0m:      		round 35: 0.21821489543914796
INFO:flwr:		round 35: 0.21821489543914796
[92mINFO [0m:      		round 36: 0.19352117723623913
INFO:flwr:		round 36: 0.19352117723623913
[92mINFO [0m:      		round 37: 0.18793783649603527
INFO:flwr:		round 37: 0.18793783649603527
[92mINFO [0m:      		round 38: 0.20034500537713368
INFO:flwr:		round 38: 0.20034500537713368
[92mINFO [0m:      		round 39: 0.20003897575537363
INFO:flwr:		round 39: 0.20003897575537363
[92mINFO [0m:      		round 40: 0.13446347087224325
INFO:flwr:		round 40: 0.13446347087224325
[92mINFO [0m:      		round 41: 0.19324592777093252
INFO:flwr:		round 41: 0.19324592777093252
[92mINFO [0m:      		round 42: 0.17550252888202666
INFO:flwr:		round 42: 0.17550252888202666
[92mINFO [0m:      		round 43: 0.16659163347085318
INFO:flwr:		round 43: 0.16659163347085318
[92mINFO [0m:      		round 44: 0.18458484140237172
INFO:flwr:		round 44: 0.18458484140237172
[92mINFO [0m:      		round 45: 0.18411774577299753
INFO:flwr:		round 45: 0.18411774577299753
[92mINFO [0m:      		round 46: 0.19042217359542846
INFO:flwr:		round 46: 0.19042217359542846
[92mINFO [0m:      		round 47: 0.17945882295767465
INFO:flwr:		round 47: 0.17945882295767465
[92mINFO [0m:      		round 48: 0.1932059488693873
INFO:flwr:		round 48: 0.1932059488693873
[92mINFO [0m:      		round 49: 0.17514005096753438
INFO:flwr:		round 49: 0.17514005096753438
[92mINFO [0m:      		round 50: 0.21514650314648945
INFO:flwr:		round 50: 0.21514650314648945
[92mINFO [0m:      	History (metrics, distributed, fit):
INFO:flwr:	History (metrics, distributed, fit):
[92mINFO [0m:      	{'layer1_reject_rate_at_threshold': [(1, 0.0),
INFO:flwr:	{'layer1_reject_rate_at_threshold': [(1, 0.0),
[92mINFO [0m:      	                                     (2, 0.0),
INFO:flwr:	                                     (2, 0.0),
[92mINFO [0m:      	                                     (3, 0.0),
INFO:flwr:	                                     (3, 0.0),
[92mINFO [0m:      	                                     (4, 0.0),
INFO:flwr:	                                     (4, 0.0),
[92mINFO [0m:      	                                     (5, 0.0),
INFO:flwr:	                                     (5, 0.0),
[92mINFO [0m:      	                                     (6, 0.0),
INFO:flwr:	                                     (6, 0.0),
[92mINFO [0m:      	                                     (7, 0.0),
INFO:flwr:	                                     (7, 0.0),
[92mINFO [0m:      	                                     (8, 0.0),
INFO:flwr:	                                     (8, 0.0),
[92mINFO [0m:      	                                     (9, 0.0),
INFO:flwr:	                                     (9, 0.0),
[92mINFO [0m:      	                                     (10, 0.0),
INFO:flwr:	                                     (10, 0.0),
[92mINFO [0m:      	                                     (11, 0.0),
INFO:flwr:	                                     (11, 0.0),
[92mINFO [0m:      	                                     (12, 0.0),
INFO:flwr:	                                     (12, 0.0),
[92mINFO [0m:      	                                     (13, 0.0),
INFO:flwr:	                                     (13, 0.0),
[92mINFO [0m:      	                                     (14, 0.0),
INFO:flwr:	                                     (14, 0.0),
[92mINFO [0m:      	                                     (15, 0.0),
INFO:flwr:	                                     (15, 0.0),
[92mINFO [0m:      	                                     (16, 0.0),
INFO:flwr:	                                     (16, 0.0),
[92mINFO [0m:      	                                     (17, 0.0),
INFO:flwr:	                                     (17, 0.0),
[92mINFO [0m:      	                                     (18, 0.0),
INFO:flwr:	                                     (18, 0.0),
[92mINFO [0m:      	                                     (19, 0.0),
INFO:flwr:	                                     (19, 0.0),
[92mINFO [0m:      	                                     (20, 0.0),
INFO:flwr:	                                     (20, 0.0),
[92mINFO [0m:      	                                     (21, 0.0),
INFO:flwr:	                                     (21, 0.0),
[92mINFO [0m:      	                                     (22, 0.0),
INFO:flwr:	                                     (22, 0.0),
[92mINFO [0m:      	                                     (23, 0.0),
INFO:flwr:	                                     (23, 0.0),
[92mINFO [0m:      	                                     (24, 0.0),
INFO:flwr:	                                     (24, 0.0),
[92mINFO [0m:      	                                     (25, 0.0),
INFO:flwr:	                                     (25, 0.0),
[92mINFO [0m:      	                                     (26, 0.0),
INFO:flwr:	                                     (26, 0.0),
[92mINFO [0m:      	                                     (27, 0.0),
INFO:flwr:	                                     (27, 0.0),
[92mINFO [0m:      	                                     (28, 0.0),
INFO:flwr:	                                     (28, 0.0),
[92mINFO [0m:      	                                     (29, 0.0),
INFO:flwr:	                                     (29, 0.0),
[92mINFO [0m:      	                                     (30, 0.0),
INFO:flwr:	                                     (30, 0.0),
[92mINFO [0m:      	                                     (31, 0.0),
INFO:flwr:	                                     (31, 0.0),
[92mINFO [0m:      	                                     (32, 0.0),
INFO:flwr:	                                     (32, 0.0),
[92mINFO [0m:      	                                     (33, 0.0),
INFO:flwr:	                                     (33, 0.0),
[92mINFO [0m:      	                                     (34, 0.0),
INFO:flwr:	                                     (34, 0.0),
[92mINFO [0m:      	                                     (35, 0.0),
INFO:flwr:	                                     (35, 0.0),
[92mINFO [0m:      	                                     (36, 0.0),
INFO:flwr:	                                     (36, 0.0),
[92mINFO [0m:      	                                     (37, 0.0),
INFO:flwr:	                                     (37, 0.0),
[92mINFO [0m:      	                                     (38, 0.0),
INFO:flwr:	                                     (38, 0.0),
[92mINFO [0m:      	                                     (39, 0.0),
INFO:flwr:	                                     (39, 0.0),
[92mINFO [0m:      	                                     (40, 0.0),
INFO:flwr:	                                     (40, 0.0),
[92mINFO [0m:      	                                     (41, 0.0),
INFO:flwr:	                                     (41, 0.0),
[92mINFO [0m:      	                                     (42, 0.0),
INFO:flwr:	                                     (42, 0.0),
[92mINFO [0m:      	                                     (43, 0.0),
INFO:flwr:	                                     (43, 0.0),
[92mINFO [0m:      	                                     (44, 0.0),
INFO:flwr:	                                     (44, 0.0),
[92mINFO [0m:      	                                     (45, 0.0),
INFO:flwr:	                                     (45, 0.0),
[92mINFO [0m:      	                                     (46, 0.0),
INFO:flwr:	                                     (46, 0.0),
[92mINFO [0m:      	                                     (47, 0.0),
INFO:flwr:	                                     (47, 0.0),
[92mINFO [0m:      	                                     (48, 0.0),
INFO:flwr:	                                     (48, 0.0),
[92mINFO [0m:      	                                     (49, 0.0),
INFO:flwr:	                                     (49, 0.0),
[92mINFO [0m:      	                                     (50, 0.0)],
INFO:flwr:	                                     (50, 0.0)],
[92mINFO [0m:      	 'layer1_reject_rate_raw': [(1, 0.0),
INFO:flwr:	 'layer1_reject_rate_raw': [(1, 0.0),
[92mINFO [0m:      	                            (2, 0.0),
INFO:flwr:	                            (2, 0.0),
[92mINFO [0m:      	                            (3, 0.0),
INFO:flwr:	                            (3, 0.0),
[92mINFO [0m:      	                            (4, 0.0),
INFO:flwr:	                            (4, 0.0),
[92mINFO [0m:      	                            (5, 0.0),
INFO:flwr:	                            (5, 0.0),
[92mINFO [0m:      	                            (6, 0.0),
INFO:flwr:	                            (6, 0.0),
[92mINFO [0m:      	                            (7, 0.0),
INFO:flwr:	                            (7, 0.0),
[92mINFO [0m:      	                            (8, 0.0),
INFO:flwr:	                            (8, 0.0),
[92mINFO [0m:      	                            (9, 0.0),
INFO:flwr:	                            (9, 0.0),
[92mINFO [0m:      	                            (10, 0.0),
INFO:flwr:	                            (10, 0.0),
[92mINFO [0m:      	                            (11, 0.0),
INFO:flwr:	                            (11, 0.0),
[92mINFO [0m:      	                            (12, 0.0),
INFO:flwr:	                            (12, 0.0),
[92mINFO [0m:      	                            (13, 0.0),
INFO:flwr:	                            (13, 0.0),
[92mINFO [0m:      	                            (14, 0.0),
INFO:flwr:	                            (14, 0.0),
[92mINFO [0m:      	                            (15, 0.0),
INFO:flwr:	                            (15, 0.0),
[92mINFO [0m:      	                            (16, 0.0),
INFO:flwr:	                            (16, 0.0),
[92mINFO [0m:      	                            (17, 0.0),
INFO:flwr:	                            (17, 0.0),
[92mINFO [0m:      	                            (18, 0.0),
INFO:flwr:	                            (18, 0.0),
[92mINFO [0m:      	                            (19, 0.0),
INFO:flwr:	                            (19, 0.0),
[92mINFO [0m:      	                            (20, 0.0),
INFO:flwr:	                            (20, 0.0),
[92mINFO [0m:      	                            (21, 0.0),
INFO:flwr:	                            (21, 0.0),
[92mINFO [0m:      	                            (22, 0.0),
INFO:flwr:	                            (22, 0.0),
[92mINFO [0m:      	                            (23, 0.0),
INFO:flwr:	                            (23, 0.0),
[92mINFO [0m:      	                            (24, 0.0),
INFO:flwr:	                            (24, 0.0),
[92mINFO [0m:      	                            (25, 0.0),
INFO:flwr:	                            (25, 0.0),
[92mINFO [0m:      	                            (26, 0.0),
INFO:flwr:	                            (26, 0.0),
[92mINFO [0m:      	                            (27, 0.0),
INFO:flwr:	                            (27, 0.0),
[92mINFO [0m:      	                            (28, 0.0),
INFO:flwr:	                            (28, 0.0),
[92mINFO [0m:      	                            (29, 0.0),
INFO:flwr:	                            (29, 0.0),
[92mINFO [0m:      	                            (30, 0.0),
INFO:flwr:	                            (30, 0.0),
[92mINFO [0m:      	                            (31, 0.0),
INFO:flwr:	                            (31, 0.0),
[92mINFO [0m:      	                            (32, 0.0),
INFO:flwr:	                            (32, 0.0),
[92mINFO [0m:      	                            (33, 0.0),
INFO:flwr:	                            (33, 0.0),
[92mINFO [0m:      	                            (34, 0.0),
INFO:flwr:	                            (34, 0.0),
[92mINFO [0m:      	                            (35, 0.0),
INFO:flwr:	                            (35, 0.0),
[92mINFO [0m:      	                            (36, 0.0),
INFO:flwr:	                            (36, 0.0),
[92mINFO [0m:      	                            (37, 0.0),
INFO:flwr:	                            (37, 0.0),
[92mINFO [0m:      	                            (38, 0.0),
INFO:flwr:	                            (38, 0.0),
[92mINFO [0m:      	                            (39, 0.0),
INFO:flwr:	                            (39, 0.0),
[92mINFO [0m:      	                            (40, 0.0),
INFO:flwr:	                            (40, 0.0),
[92mINFO [0m:      	                            (41, 0.0),
INFO:flwr:	                            (41, 0.0),
[92mINFO [0m:      	                            (42, 0.0),
INFO:flwr:	                            (42, 0.0),
[92mINFO [0m:      	                            (43, 0.0),
INFO:flwr:	                            (43, 0.0),
[92mINFO [0m:      	                            (44, 0.0),
INFO:flwr:	                            (44, 0.0),
[92mINFO [0m:      	                            (45, 0.0),
INFO:flwr:	                            (45, 0.0),
[92mINFO [0m:      	                            (46, 0.0),
INFO:flwr:	                            (46, 0.0),
[92mINFO [0m:      	                            (47, 0.0),
INFO:flwr:	                            (47, 0.0),
[92mINFO [0m:      	                            (48, 0.0),
INFO:flwr:	                            (48, 0.0),
[92mINFO [0m:      	                            (49, 0.0),
INFO:flwr:	                            (49, 0.0),
[92mINFO [0m:      	                            (50, 0.0)],
INFO:flwr:	                            (50, 0.0)],
[92mINFO [0m:      	 'layer1_threshold': [(1, 0.5),
INFO:flwr:	 'layer1_threshold': [(1, 0.5),
[92mINFO [0m:      	                      (2, 0.5),
INFO:flwr:	                      (2, 0.5),
[92mINFO [0m:      	                      (3, 0.5),
INFO:flwr:	                      (3, 0.5),
[92mINFO [0m:      	                      (4, 0.5),
INFO:flwr:	                      (4, 0.5),
[92mINFO [0m:      	                      (5, 0.5),
INFO:flwr:	                      (5, 0.5),
[92mINFO [0m:      	                      (6, 0.5),
INFO:flwr:	                      (6, 0.5),
[92mINFO [0m:      	                      (7, 0.5),
INFO:flwr:	                      (7, 0.5),
[92mINFO [0m:      	                      (8, 0.5),
INFO:flwr:	                      (8, 0.5),
[92mINFO [0m:      	                      (9, 0.5),
INFO:flwr:	                      (9, 0.5),
[92mINFO [0m:      	                      (10, 0.5),
INFO:flwr:	                      (10, 0.5),
[92mINFO [0m:      	                      (11, 0.5),
INFO:flwr:	                      (11, 0.5),
[92mINFO [0m:      	                      (12, 0.5),
INFO:flwr:	                      (12, 0.5),
[92mINFO [0m:      	                      (13, 0.5),
INFO:flwr:	                      (13, 0.5),
[92mINFO [0m:      	                      (14, 0.5),
INFO:flwr:	                      (14, 0.5),
[92mINFO [0m:      	                      (15, 0.5),
INFO:flwr:	                      (15, 0.5),
[92mINFO [0m:      	                      (16, 0.5),
INFO:flwr:	                      (16, 0.5),
[92mINFO [0m:      	                      (17, 0.5),
INFO:flwr:	                      (17, 0.5),
[92mINFO [0m:      	                      (18, 0.5),
INFO:flwr:	                      (18, 0.5),
[92mINFO [0m:      	                      (19, 0.5),
INFO:flwr:	                      (19, 0.5),
[92mINFO [0m:      	                      (20, 0.5),
INFO:flwr:	                      (20, 0.5),
[92mINFO [0m:      	                      (21, 0.5),
INFO:flwr:	                      (21, 0.5),
[92mINFO [0m:      	                      (22, 0.5),
INFO:flwr:	                      (22, 0.5),
[92mINFO [0m:      	                      (23, 0.5),
INFO:flwr:	                      (23, 0.5),
[92mINFO [0m:      	                      (24, 0.5),
INFO:flwr:	                      (24, 0.5),
[92mINFO [0m:      	                      (25, 0.5),
INFO:flwr:	                      (25, 0.5),
[92mINFO [0m:      	                      (26, 0.5),
INFO:flwr:	                      (26, 0.5),
[92mINFO [0m:      	                      (27, 0.5),
INFO:flwr:	                      (27, 0.5),
[92mINFO [0m:      	                      (28, 0.5),
INFO:flwr:	                      (28, 0.5),
[92mINFO [0m:      	                      (29, 0.5),
INFO:flwr:	                      (29, 0.5),
[92mINFO [0m:      	                      (30, 0.5),
INFO:flwr:	                      (30, 0.5),
[92mINFO [0m:      	                      (31, 0.5),
INFO:flwr:	                      (31, 0.5),
[92mINFO [0m:      	                      (32, 0.5),
INFO:flwr:	                      (32, 0.5),
[92mINFO [0m:      	                      (33, 0.5),
INFO:flwr:	                      (33, 0.5),
[92mINFO [0m:      	                      (34, 0.5),
INFO:flwr:	                      (34, 0.5),
[92mINFO [0m:      	                      (35, 0.5),
INFO:flwr:	                      (35, 0.5),
[92mINFO [0m:      	                      (36, 0.5),
INFO:flwr:	                      (36, 0.5),
[92mINFO [0m:      	                      (37, 0.5),
INFO:flwr:	                      (37, 0.5),
[92mINFO [0m:      	                      (38, 0.5),
INFO:flwr:	                      (38, 0.5),
[92mINFO [0m:      	                      (39, 0.5),
INFO:flwr:	                      (39, 0.5),
[92mINFO [0m:      	                      (40, 0.5),
INFO:flwr:	                      (40, 0.5),
[92mINFO [0m:      	                      (41, 0.5),
INFO:flwr:	                      (41, 0.5),
[92mINFO [0m:      	                      (42, 0.5),
INFO:flwr:	                      (42, 0.5),
[92mINFO [0m:      	                      (43, 0.5),
INFO:flwr:	                      (43, 0.5),
[92mINFO [0m:      	                      (44, 0.5),
INFO:flwr:	                      (44, 0.5),
[92mINFO [0m:      	                      (45, 0.5),
INFO:flwr:	                      (45, 0.5),
[92mINFO [0m:      	                      (46, 0.5),
INFO:flwr:	                      (46, 0.5),
[92mINFO [0m:      	                      (47, 0.5),
INFO:flwr:	                      (47, 0.5),
[92mINFO [0m:      	                      (48, 0.5),
INFO:flwr:	                      (48, 0.5),
[92mINFO [0m:      	                      (49, 0.5),
INFO:flwr:	                      (49, 0.5),
[92mINFO [0m:      	                      (50, 0.5)],
INFO:flwr:	                      (50, 0.5)],
[92mINFO [0m:      	 'layer2_reject_rate_at_threshold': [(1, 0.10000000149011612),
INFO:flwr:	 'layer2_reject_rate_at_threshold': [(1, 0.10000000149011612),
[92mINFO [0m:      	                                     (2, 0.20000000298023224),
INFO:flwr:	                                     (2, 0.20000000298023224),
[92mINFO [0m:      	                                     (3, 0.20000000298023224),
INFO:flwr:	                                     (3, 0.20000000298023224),
[92mINFO [0m:      	                                     (4, 0.10000000149011612),
INFO:flwr:	                                     (4, 0.10000000149011612),
[92mINFO [0m:      	                                     (5, 0.20000000298023224),
INFO:flwr:	                                     (5, 0.20000000298023224),
[92mINFO [0m:      	                                     (6, 0.10000000149011612),
INFO:flwr:	                                     (6, 0.10000000149011612),
[92mINFO [0m:      	                                     (7, 0.10000000149011612),
INFO:flwr:	                                     (7, 0.10000000149011612),
[92mINFO [0m:      	                                     (8, 0.30000001192092896),
INFO:flwr:	                                     (8, 0.30000001192092896),
[92mINFO [0m:      	                                     (9, 0.20000000298023224),
INFO:flwr:	                                     (9, 0.20000000298023224),
[92mINFO [0m:      	                                     (10, 0.20000000298023224),
INFO:flwr:	                                     (10, 0.20000000298023224),
[92mINFO [0m:      	                                     (11, 0.20000000298023224),
INFO:flwr:	                                     (11, 0.20000000298023224),
[92mINFO [0m:      	                                     (12, 0.10000000149011612),
INFO:flwr:	                                     (12, 0.10000000149011612),
[92mINFO [0m:      	                                     (13, 0.30000001192092896),
INFO:flwr:	                                     (13, 0.30000001192092896),
[92mINFO [0m:      	                                     (14, 0.30000001192092896),
INFO:flwr:	                                     (14, 0.30000001192092896),
[92mINFO [0m:      	                                     (15, 0.20000000298023224),
INFO:flwr:	                                     (15, 0.20000000298023224),
[92mINFO [0m:      	                                     (16, 0.4000000059604645),
INFO:flwr:	                                     (16, 0.4000000059604645),
[92mINFO [0m:      	                                     (17, 0.20000000298023224),
INFO:flwr:	                                     (17, 0.20000000298023224),
[92mINFO [0m:      	                                     (18, 0.30000001192092896),
INFO:flwr:	                                     (18, 0.30000001192092896),
[92mINFO [0m:      	                                     (19, 0.30000001192092896),
INFO:flwr:	                                     (19, 0.30000001192092896),
[92mINFO [0m:      	                                     (20, 0.30000001192092896),
INFO:flwr:	                                     (20, 0.30000001192092896),
[92mINFO [0m:      	                                     (21, 0.20000000298023224),
INFO:flwr:	                                     (21, 0.20000000298023224),
[92mINFO [0m:      	                                     (22, 0.30000001192092896),
INFO:flwr:	                                     (22, 0.30000001192092896),
[92mINFO [0m:      	                                     (23, 0.10000000149011612),
INFO:flwr:	                                     (23, 0.10000000149011612),
[92mINFO [0m:      	                                     (24, 0.20000000298023224),
INFO:flwr:	                                     (24, 0.20000000298023224),
[92mINFO [0m:      	                                     (25, 0.10000000149011612),
INFO:flwr:	                                     (25, 0.10000000149011612),
[92mINFO [0m:      	                                     (26, 0.20000000298023224),
INFO:flwr:	                                     (26, 0.20000000298023224),
[92mINFO [0m:      	                                     (27, 0.20000000298023224),
INFO:flwr:	                                     (27, 0.20000000298023224),
[92mINFO [0m:      	                                     (28, 0.10000000149011612),
INFO:flwr:	                                     (28, 0.10000000149011612),
[92mINFO [0m:      	                                     (29, 0.10000000149011612),
INFO:flwr:	                                     (29, 0.10000000149011612),
[92mINFO [0m:      	                                     (30, 0.20000000298023224),
INFO:flwr:	                                     (30, 0.20000000298023224),
[92mINFO [0m:      	                                     (31, 0.10000000149011612),
INFO:flwr:	                                     (31, 0.10000000149011612),
[92mINFO [0m:      	                                     (32, 0.10000000149011612),
INFO:flwr:	                                     (32, 0.10000000149011612),
[92mINFO [0m:      	                                     (33, 0.10000000149011612),
INFO:flwr:	                                     (33, 0.10000000149011612),
[92mINFO [0m:      	                                     (34, 0.10000000149011612),
INFO:flwr:	                                     (34, 0.10000000149011612),
[92mINFO [0m:      	                                     (35, 0.10000000149011612),
INFO:flwr:	                                     (35, 0.10000000149011612),
[92mINFO [0m:      	                                     (36, 0.10000000149011612),
INFO:flwr:	                                     (36, 0.10000000149011612),
[92mINFO [0m:      	                                     (37, 0.10000000149011612),
INFO:flwr:	                                     (37, 0.10000000149011612),
[92mINFO [0m:      	                                     (38, 0.10000000149011612),
INFO:flwr:	                                     (38, 0.10000000149011612),
[92mINFO [0m:      	                                     (39, 0.10000000149011612),
INFO:flwr:	                                     (39, 0.10000000149011612),
[92mINFO [0m:      	                                     (40, 0.20000000298023224),
INFO:flwr:	                                     (40, 0.20000000298023224),
[92mINFO [0m:      	                                     (41, 0.10000000149011612),
INFO:flwr:	                                     (41, 0.10000000149011612),
[92mINFO [0m:      	                                     (42, 0.10000000149011612),
INFO:flwr:	                                     (42, 0.10000000149011612),
[92mINFO [0m:      	                                     (43, 0.10000000149011612),
INFO:flwr:	                                     (43, 0.10000000149011612),
[92mINFO [0m:      	                                     (44, 0.10000000149011612),
INFO:flwr:	                                     (44, 0.10000000149011612),
[92mINFO [0m:      	                                     (45, 0.10000000149011612),
INFO:flwr:	                                     (45, 0.10000000149011612),
[92mINFO [0m:      	                                     (46, 0.10000000149011612),
INFO:flwr:	                                     (46, 0.10000000149011612),
[92mINFO [0m:      	                                     (47, 0.10000000149011612),
INFO:flwr:	                                     (47, 0.10000000149011612),
[92mINFO [0m:      	                                     (48, 0.10000000149011612),
INFO:flwr:	                                     (48, 0.10000000149011612),
[92mINFO [0m:      	                                     (49, 0.10000000149011612),
INFO:flwr:	                                     (49, 0.10000000149011612),
[92mINFO [0m:      	                                     (50, 0.10000000149011612)],
INFO:flwr:	                                     (50, 0.10000000149011612)],
[92mINFO [0m:      	 'layer2_reject_rate_raw': [(1, 0.10000000149011612),
INFO:flwr:	 'layer2_reject_rate_raw': [(1, 0.10000000149011612),
[92mINFO [0m:      	                            (2, 0.20000000298023224),
INFO:flwr:	                            (2, 0.20000000298023224),
[92mINFO [0m:      	                            (3, 0.20000000298023224),
INFO:flwr:	                            (3, 0.20000000298023224),
[92mINFO [0m:      	                            (4, 0.10000000149011612),
INFO:flwr:	                            (4, 0.10000000149011612),
[92mINFO [0m:      	                            (5, 0.20000000298023224),
INFO:flwr:	                            (5, 0.20000000298023224),
[92mINFO [0m:      	                            (6, 0.10000000149011612),
INFO:flwr:	                            (6, 0.10000000149011612),
[92mINFO [0m:      	                            (7, 0.10000000149011612),
INFO:flwr:	                            (7, 0.10000000149011612),
[92mINFO [0m:      	                            (8, 0.30000001192092896),
INFO:flwr:	                            (8, 0.30000001192092896),
[92mINFO [0m:      	                            (9, 0.20000000298023224),
INFO:flwr:	                            (9, 0.20000000298023224),
[92mINFO [0m:      	                            (10, 0.20000000298023224),
INFO:flwr:	                            (10, 0.20000000298023224),
[92mINFO [0m:      	                            (11, 0.20000000298023224),
INFO:flwr:	                            (11, 0.20000000298023224),
[92mINFO [0m:      	                            (12, 0.10000000149011612),
INFO:flwr:	                            (12, 0.10000000149011612),
[92mINFO [0m:      	                            (13, 0.30000001192092896),
INFO:flwr:	                            (13, 0.30000001192092896),
[92mINFO [0m:      	                            (14, 0.20000000298023224),
INFO:flwr:	                            (14, 0.20000000298023224),
[92mINFO [0m:      	                            (15, 0.20000000298023224),
INFO:flwr:	                            (15, 0.20000000298023224),
[92mINFO [0m:      	                            (16, 0.10000000149011612),
INFO:flwr:	                            (16, 0.10000000149011612),
[92mINFO [0m:      	                            (17, 0.10000000149011612),
INFO:flwr:	                            (17, 0.10000000149011612),
[92mINFO [0m:      	                            (18, 0.20000000298023224),
INFO:flwr:	                            (18, 0.20000000298023224),
[92mINFO [0m:      	                            (19, 0.10000000149011612),
INFO:flwr:	                            (19, 0.10000000149011612),
[92mINFO [0m:      	                            (20, 0.20000000298023224),
INFO:flwr:	                            (20, 0.20000000298023224),
[92mINFO [0m:      	                            (21, 0.10000000149011612),
INFO:flwr:	                            (21, 0.10000000149011612),
[92mINFO [0m:      	                            (22, 0.20000000298023224),
INFO:flwr:	                            (22, 0.20000000298023224),
[92mINFO [0m:      	                            (23, 0.10000000149011612),
INFO:flwr:	                            (23, 0.10000000149011612),
[92mINFO [0m:      	                            (24, 0.10000000149011612),
INFO:flwr:	                            (24, 0.10000000149011612),
[92mINFO [0m:      	                            (25, 0.10000000149011612),
INFO:flwr:	                            (25, 0.10000000149011612),
[92mINFO [0m:      	                            (26, 0.10000000149011612),
INFO:flwr:	                            (26, 0.10000000149011612),
[92mINFO [0m:      	                            (27, 0.10000000149011612),
INFO:flwr:	                            (27, 0.10000000149011612),
[92mINFO [0m:      	                            (28, 0.10000000149011612),
INFO:flwr:	                            (28, 0.10000000149011612),
[92mINFO [0m:      	                            (29, 0.10000000149011612),
INFO:flwr:	                            (29, 0.10000000149011612),
[92mINFO [0m:      	                            (30, 0.20000000298023224),
INFO:flwr:	                            (30, 0.20000000298023224),
[92mINFO [0m:      	                            (31, 0.10000000149011612),
INFO:flwr:	                            (31, 0.10000000149011612),
[92mINFO [0m:      	                            (32, 0.10000000149011612),
INFO:flwr:	                            (32, 0.10000000149011612),
[92mINFO [0m:      	                            (33, 0.10000000149011612),
INFO:flwr:	                            (33, 0.10000000149011612),
[92mINFO [0m:      	                            (34, 0.10000000149011612),
INFO:flwr:	                            (34, 0.10000000149011612),
[92mINFO [0m:      	                            (35, 0.10000000149011612),
INFO:flwr:	                            (35, 0.10000000149011612),
[92mINFO [0m:      	                            (36, 0.10000000149011612),
INFO:flwr:	                            (36, 0.10000000149011612),
[92mINFO [0m:      	                            (37, 0.10000000149011612),
INFO:flwr:	                            (37, 0.10000000149011612),
[92mINFO [0m:      	                            (38, 0.10000000149011612),
INFO:flwr:	                            (38, 0.10000000149011612),
[92mINFO [0m:      	                            (39, 0.10000000149011612),
INFO:flwr:	                            (39, 0.10000000149011612),
[92mINFO [0m:      	                            (40, 0.10000000149011612),
INFO:flwr:	                            (40, 0.10000000149011612),
[92mINFO [0m:      	                            (41, 0.10000000149011612),
INFO:flwr:	                            (41, 0.10000000149011612),
[92mINFO [0m:      	                            (42, 0.10000000149011612),
INFO:flwr:	                            (42, 0.10000000149011612),
[92mINFO [0m:      	                            (43, 0.10000000149011612),
INFO:flwr:	                            (43, 0.10000000149011612),
[92mINFO [0m:      	                            (44, 0.10000000149011612),
INFO:flwr:	                            (44, 0.10000000149011612),
[92mINFO [0m:      	                            (45, 0.10000000149011612),
INFO:flwr:	                            (45, 0.10000000149011612),
[92mINFO [0m:      	                            (46, 0.10000000149011612),
INFO:flwr:	                            (46, 0.10000000149011612),
[92mINFO [0m:      	                            (47, 0.10000000149011612),
INFO:flwr:	                            (47, 0.10000000149011612),
[92mINFO [0m:      	                            (48, 0.10000000149011612),
INFO:flwr:	                            (48, 0.10000000149011612),
[92mINFO [0m:      	                            (49, 0.10000000149011612),
INFO:flwr:	                            (49, 0.10000000149011612),
[92mINFO [0m:      	                            (50, 0.10000000149011612)],
INFO:flwr:	                            (50, 0.10000000149011612)],
[92mINFO [0m:      	 'layer2_threshold': [(1, 0.5),
INFO:flwr:	 'layer2_threshold': [(1, 0.5),
[92mINFO [0m:      	                      (2, 0.5),
INFO:flwr:	                      (2, 0.5),
[92mINFO [0m:      	                      (3, 0.5),
INFO:flwr:	                      (3, 0.5),
[92mINFO [0m:      	                      (4, 0.5),
INFO:flwr:	                      (4, 0.5),
[92mINFO [0m:      	                      (5, 0.5),
INFO:flwr:	                      (5, 0.5),
[92mINFO [0m:      	                      (6, 0.5),
INFO:flwr:	                      (6, 0.5),
[92mINFO [0m:      	                      (7, 0.5),
INFO:flwr:	                      (7, 0.5),
[92mINFO [0m:      	                      (8, 0.5),
INFO:flwr:	                      (8, 0.5),
[92mINFO [0m:      	                      (9, 0.55),
INFO:flwr:	                      (9, 0.55),
[92mINFO [0m:      	                      (10, 0.6000000000000001),
INFO:flwr:	                      (10, 0.6000000000000001),
[92mINFO [0m:      	                      (11, 0.6500000000000001),
INFO:flwr:	                      (11, 0.6500000000000001),
[92mINFO [0m:      	                      (12, 0.7000000000000002),
INFO:flwr:	                      (12, 0.7000000000000002),
[92mINFO [0m:      	                      (13, 0.7500000000000002),
INFO:flwr:	                      (13, 0.7500000000000002),
[92mINFO [0m:      	                      (14, 0.8),
INFO:flwr:	                      (14, 0.8),
[92mINFO [0m:      	                      (15, 0.8),
INFO:flwr:	                      (15, 0.8),
[92mINFO [0m:      	                      (16, 0.8),
INFO:flwr:	                      (16, 0.8),
[92mINFO [0m:      	                      (17, 0.8),
INFO:flwr:	                      (17, 0.8),
[92mINFO [0m:      	                      (18, 0.8),
INFO:flwr:	                      (18, 0.8),
[92mINFO [0m:      	                      (19, 0.8),
INFO:flwr:	                      (19, 0.8),
[92mINFO [0m:      	                      (20, 0.8),
INFO:flwr:	                      (20, 0.8),
[92mINFO [0m:      	                      (21, 0.8),
INFO:flwr:	                      (21, 0.8),
[92mINFO [0m:      	                      (22, 0.8),
INFO:flwr:	                      (22, 0.8),
[92mINFO [0m:      	                      (23, 0.79),
INFO:flwr:	                      (23, 0.79),
[92mINFO [0m:      	                      (24, 0.78),
INFO:flwr:	                      (24, 0.78),
[92mINFO [0m:      	                      (25, 0.77),
INFO:flwr:	                      (25, 0.77),
[92mINFO [0m:      	                      (26, 0.76),
INFO:flwr:	                      (26, 0.76),
[92mINFO [0m:      	                      (27, 0.75),
INFO:flwr:	                      (27, 0.75),
[92mINFO [0m:      	                      (28, 0.74),
INFO:flwr:	                      (28, 0.74),
[92mINFO [0m:      	                      (29, 0.73),
INFO:flwr:	                      (29, 0.73),
[92mINFO [0m:      	                      (30, 0.72),
INFO:flwr:	                      (30, 0.72),
[92mINFO [0m:      	                      (31, 0.71),
INFO:flwr:	                      (31, 0.71),
[92mINFO [0m:      	                      (32, 0.7),
INFO:flwr:	                      (32, 0.7),
[92mINFO [0m:      	                      (33, 0.69),
INFO:flwr:	                      (33, 0.69),
[92mINFO [0m:      	                      (34, 0.6799999999999999),
INFO:flwr:	                      (34, 0.6799999999999999),
[92mINFO [0m:      	                      (35, 0.6699999999999999),
INFO:flwr:	                      (35, 0.6699999999999999),
[92mINFO [0m:      	                      (36, 0.6599999999999999),
INFO:flwr:	                      (36, 0.6599999999999999),
[92mINFO [0m:      	                      (37, 0.6499999999999999),
INFO:flwr:	                      (37, 0.6499999999999999),
[92mINFO [0m:      	                      (38, 0.6399999999999999),
INFO:flwr:	                      (38, 0.6399999999999999),
[92mINFO [0m:      	                      (39, 0.6299999999999999),
INFO:flwr:	                      (39, 0.6299999999999999),
[92mINFO [0m:      	                      (40, 0.6199999999999999),
INFO:flwr:	                      (40, 0.6199999999999999),
[92mINFO [0m:      	                      (41, 0.6099999999999999),
INFO:flwr:	                      (41, 0.6099999999999999),
[92mINFO [0m:      	                      (42, 0.5999999999999999),
INFO:flwr:	                      (42, 0.5999999999999999),
[92mINFO [0m:      	                      (43, 0.5899999999999999),
INFO:flwr:	                      (43, 0.5899999999999999),
[92mINFO [0m:      	                      (44, 0.5799999999999998),
INFO:flwr:	                      (44, 0.5799999999999998),
[92mINFO [0m:      	                      (45, 0.5699999999999998),
INFO:flwr:	                      (45, 0.5699999999999998),
[92mINFO [0m:      	                      (46, 0.5599999999999998),
INFO:flwr:	                      (46, 0.5599999999999998),
[92mINFO [0m:      	                      (47, 0.5499999999999998),
INFO:flwr:	                      (47, 0.5499999999999998),
[92mINFO [0m:      	                      (48, 0.5399999999999998),
INFO:flwr:	                      (48, 0.5399999999999998),
[92mINFO [0m:      	                      (49, 0.5299999999999998),
INFO:flwr:	                      (49, 0.5299999999999998),
[92mINFO [0m:      	                      (50, 0.5199999999999998)],
INFO:flwr:	                      (50, 0.5199999999999998)],
[92mINFO [0m:      	 'layer3_reject_rate_at_threshold': [(1, 0.0),
INFO:flwr:	 'layer3_reject_rate_at_threshold': [(1, 0.0),
[92mINFO [0m:      	                                     (2, 0.0),
INFO:flwr:	                                     (2, 0.0),
[92mINFO [0m:      	                                     (3, 0.0),
INFO:flwr:	                                     (3, 0.0),
[92mINFO [0m:      	                                     (4, 0.0),
INFO:flwr:	                                     (4, 0.0),
[92mINFO [0m:      	                                     (5, 0.0),
INFO:flwr:	                                     (5, 0.0),
[92mINFO [0m:      	                                     (6, 0.0),
INFO:flwr:	                                     (6, 0.0),
[92mINFO [0m:      	                                     (7, 0.0),
INFO:flwr:	                                     (7, 0.0),
[92mINFO [0m:      	                                     (8, 0.0),
INFO:flwr:	                                     (8, 0.0),
[92mINFO [0m:      	                                     (9, 0.0),
INFO:flwr:	                                     (9, 0.0),
[92mINFO [0m:      	                                     (10, 0.0),
INFO:flwr:	                                     (10, 0.0),
[92mINFO [0m:      	                                     (11, 0.0),
INFO:flwr:	                                     (11, 0.0),
[92mINFO [0m:      	                                     (12, 0.0),
INFO:flwr:	                                     (12, 0.0),
[92mINFO [0m:      	                                     (13, 0.0),
INFO:flwr:	                                     (13, 0.0),
[92mINFO [0m:      	                                     (14, 0.0),
INFO:flwr:	                                     (14, 0.0),
[92mINFO [0m:      	                                     (15, 0.0),
INFO:flwr:	                                     (15, 0.0),
[92mINFO [0m:      	                                     (16, 0.0),
INFO:flwr:	                                     (16, 0.0),
[92mINFO [0m:      	                                     (17, 0.0),
INFO:flwr:	                                     (17, 0.0),
[92mINFO [0m:      	                                     (18, 0.0),
INFO:flwr:	                                     (18, 0.0),
[92mINFO [0m:      	                                     (19, 0.0),
INFO:flwr:	                                     (19, 0.0),
[92mINFO [0m:      	                                     (20, 0.0),
INFO:flwr:	                                     (20, 0.0),
[92mINFO [0m:      	                                     (21, 0.0),
INFO:flwr:	                                     (21, 0.0),
[92mINFO [0m:      	                                     (22, 0.0),
INFO:flwr:	                                     (22, 0.0),
[92mINFO [0m:      	                                     (23, 0.0),
INFO:flwr:	                                     (23, 0.0),
[92mINFO [0m:      	                                     (24, 0.0),
INFO:flwr:	                                     (24, 0.0),
[92mINFO [0m:      	                                     (25, 0.0),
INFO:flwr:	                                     (25, 0.0),
[92mINFO [0m:      	                                     (26, 0.0),
INFO:flwr:	                                     (26, 0.0),
[92mINFO [0m:      	                                     (27, 0.0),
INFO:flwr:	                                     (27, 0.0),
[92mINFO [0m:      	                                     (28, 0.0),
INFO:flwr:	                                     (28, 0.0),
[92mINFO [0m:      	                                     (29, 0.0),
INFO:flwr:	                                     (29, 0.0),
[92mINFO [0m:      	                                     (30, 0.0),
INFO:flwr:	                                     (30, 0.0),
[92mINFO [0m:      	                                     (31, 0.0),
INFO:flwr:	                                     (31, 0.0),
[92mINFO [0m:      	                                     (32, 0.0),
INFO:flwr:	                                     (32, 0.0),
[92mINFO [0m:      	                                     (33, 0.0),
INFO:flwr:	                                     (33, 0.0),
[92mINFO [0m:      	                                     (34, 0.0),
INFO:flwr:	                                     (34, 0.0),
[92mINFO [0m:      	                                     (35, 0.0),
INFO:flwr:	                                     (35, 0.0),
[92mINFO [0m:      	                                     (36, 0.0),
INFO:flwr:	                                     (36, 0.0),
[92mINFO [0m:      	                                     (37, 0.0),
INFO:flwr:	                                     (37, 0.0),
[92mINFO [0m:      	                                     (38, 0.0),
INFO:flwr:	                                     (38, 0.0),
[92mINFO [0m:      	                                     (39, 0.0),
INFO:flwr:	                                     (39, 0.0),
[92mINFO [0m:      	                                     (40, 0.0),
INFO:flwr:	                                     (40, 0.0),
[92mINFO [0m:      	                                     (41, 0.0),
INFO:flwr:	                                     (41, 0.0),
[92mINFO [0m:      	                                     (42, 0.0),
INFO:flwr:	                                     (42, 0.0),
[92mINFO [0m:      	                                     (43, 0.0),
INFO:flwr:	                                     (43, 0.0),
[92mINFO [0m:      	                                     (44, 0.0),
INFO:flwr:	                                     (44, 0.0),
[92mINFO [0m:      	                                     (45, 0.0),
INFO:flwr:	                                     (45, 0.0),
[92mINFO [0m:      	                                     (46, 0.0),
INFO:flwr:	                                     (46, 0.0),
[92mINFO [0m:      	                                     (47, 0.0),
INFO:flwr:	                                     (47, 0.0),
[92mINFO [0m:      	                                     (48, 0.0),
INFO:flwr:	                                     (48, 0.0),
[92mINFO [0m:      	                                     (49, 0.0),
INFO:flwr:	                                     (49, 0.0),
[92mINFO [0m:      	                                     (50, 0.0)],
INFO:flwr:	                                     (50, 0.0)],
[92mINFO [0m:      	 'layer3_reject_rate_raw': [(1, 0.0),
INFO:flwr:	 'layer3_reject_rate_raw': [(1, 0.0),
[92mINFO [0m:      	                            (2, 0.0),
INFO:flwr:	                            (2, 0.0),
[92mINFO [0m:      	                            (3, 0.0),
INFO:flwr:	                            (3, 0.0),
[92mINFO [0m:      	                            (4, 0.0),
INFO:flwr:	                            (4, 0.0),
[92mINFO [0m:      	                            (5, 0.0),
INFO:flwr:	                            (5, 0.0),
[92mINFO [0m:      	                            (6, 0.0),
INFO:flwr:	                            (6, 0.0),
[92mINFO [0m:      	                            (7, 0.0),
INFO:flwr:	                            (7, 0.0),
[92mINFO [0m:      	                            (8, 0.0),
INFO:flwr:	                            (8, 0.0),
[92mINFO [0m:      	                            (9, 0.0),
INFO:flwr:	                            (9, 0.0),
[92mINFO [0m:      	                            (10, 0.0),
INFO:flwr:	                            (10, 0.0),
[92mINFO [0m:      	                            (11, 0.0),
INFO:flwr:	                            (11, 0.0),
[92mINFO [0m:      	                            (12, 0.0),
INFO:flwr:	                            (12, 0.0),
[92mINFO [0m:      	                            (13, 0.0),
INFO:flwr:	                            (13, 0.0),
[92mINFO [0m:      	                            (14, 0.0),
INFO:flwr:	                            (14, 0.0),
[92mINFO [0m:      	                            (15, 0.0),
INFO:flwr:	                            (15, 0.0),
[92mINFO [0m:      	                            (16, 0.0),
INFO:flwr:	                            (16, 0.0),
[92mINFO [0m:      	                            (17, 0.0),
INFO:flwr:	                            (17, 0.0),
[92mINFO [0m:      	                            (18, 0.0),
INFO:flwr:	                            (18, 0.0),
[92mINFO [0m:      	                            (19, 0.0),
INFO:flwr:	                            (19, 0.0),
[92mINFO [0m:      	                            (20, 0.0),
INFO:flwr:	                            (20, 0.0),
[92mINFO [0m:      	                            (21, 0.0),
INFO:flwr:	                            (21, 0.0),
[92mINFO [0m:      	                            (22, 0.0),
INFO:flwr:	                            (22, 0.0),
[92mINFO [0m:      	                            (23, 0.0),
INFO:flwr:	                            (23, 0.0),
[92mINFO [0m:      	                            (24, 0.0),
INFO:flwr:	                            (24, 0.0),
[92mINFO [0m:      	                            (25, 0.0),
INFO:flwr:	                            (25, 0.0),
[92mINFO [0m:      	                            (26, 0.0),
INFO:flwr:	                            (26, 0.0),
[92mINFO [0m:      	                            (27, 0.0),
INFO:flwr:	                            (27, 0.0),
[92mINFO [0m:      	                            (28, 0.0),
INFO:flwr:	                            (28, 0.0),
[92mINFO [0m:      	                            (29, 0.0),
INFO:flwr:	                            (29, 0.0),
[92mINFO [0m:      	                            (30, 0.0),
INFO:flwr:	                            (30, 0.0),
[92mINFO [0m:      	                            (31, 0.0),
INFO:flwr:	                            (31, 0.0),
[92mINFO [0m:      	                            (32, 0.0),
INFO:flwr:	                            (32, 0.0),
[92mINFO [0m:      	                            (33, 0.0),
INFO:flwr:	                            (33, 0.0),
[92mINFO [0m:      	                            (34, 0.0),
INFO:flwr:	                            (34, 0.0),
[92mINFO [0m:      	                            (35, 0.0),
INFO:flwr:	                            (35, 0.0),
[92mINFO [0m:      	                            (36, 0.0),
INFO:flwr:	                            (36, 0.0),
[92mINFO [0m:      	                            (37, 0.0),
INFO:flwr:	                            (37, 0.0),
[92mINFO [0m:      	                            (38, 0.0),
INFO:flwr:	                            (38, 0.0),
[92mINFO [0m:      	                            (39, 0.0),
INFO:flwr:	                            (39, 0.0),
[92mINFO [0m:      	                            (40, 0.0),
INFO:flwr:	                            (40, 0.0),
[92mINFO [0m:      	                            (41, 0.0),
INFO:flwr:	                            (41, 0.0),
[92mINFO [0m:      	                            (42, 0.0),
INFO:flwr:	                            (42, 0.0),
[92mINFO [0m:      	                            (43, 0.0),
INFO:flwr:	                            (43, 0.0),
[92mINFO [0m:      	                            (44, 0.0),
INFO:flwr:	                            (44, 0.0),
[92mINFO [0m:      	                            (45, 0.0),
INFO:flwr:	                            (45, 0.0),
[92mINFO [0m:      	                            (46, 0.0),
INFO:flwr:	                            (46, 0.0),
[92mINFO [0m:      	                            (47, 0.0),
INFO:flwr:	                            (47, 0.0),
[92mINFO [0m:      	                            (48, 0.0),
INFO:flwr:	                            (48, 0.0),
[92mINFO [0m:      	                            (49, 0.0),
INFO:flwr:	                            (49, 0.0),
[92mINFO [0m:      	                            (50, 0.0)],
INFO:flwr:	                            (50, 0.0)],
[92mINFO [0m:      	 'layer3_threshold': [(1, 0.5),
INFO:flwr:	 'layer3_threshold': [(1, 0.5),
[92mINFO [0m:      	                      (2, 0.5),
INFO:flwr:	                      (2, 0.5),
[92mINFO [0m:      	                      (3, 0.5),
INFO:flwr:	                      (3, 0.5),
[92mINFO [0m:      	                      (4, 0.5),
INFO:flwr:	                      (4, 0.5),
[92mINFO [0m:      	                      (5, 0.5),
INFO:flwr:	                      (5, 0.5),
[92mINFO [0m:      	                      (6, 0.5),
INFO:flwr:	                      (6, 0.5),
[92mINFO [0m:      	                      (7, 0.5),
INFO:flwr:	                      (7, 0.5),
[92mINFO [0m:      	                      (8, 0.5),
INFO:flwr:	                      (8, 0.5),
[92mINFO [0m:      	                      (9, 0.5),
INFO:flwr:	                      (9, 0.5),
[92mINFO [0m:      	                      (10, 0.5),
INFO:flwr:	                      (10, 0.5),
[92mINFO [0m:      	                      (11, 0.5),
INFO:flwr:	                      (11, 0.5),
[92mINFO [0m:      	                      (12, 0.5),
INFO:flwr:	                      (12, 0.5),
[92mINFO [0m:      	                      (13, 0.5),
INFO:flwr:	                      (13, 0.5),
[92mINFO [0m:      	                      (14, 0.5),
INFO:flwr:	                      (14, 0.5),
[92mINFO [0m:      	                      (15, 0.5),
INFO:flwr:	                      (15, 0.5),
[92mINFO [0m:      	                      (16, 0.5),
INFO:flwr:	                      (16, 0.5),
[92mINFO [0m:      	                      (17, 0.5),
INFO:flwr:	                      (17, 0.5),
[92mINFO [0m:      	                      (18, 0.5),
INFO:flwr:	                      (18, 0.5),
[92mINFO [0m:      	                      (19, 0.5),
INFO:flwr:	                      (19, 0.5),
[92mINFO [0m:      	                      (20, 0.5),
INFO:flwr:	                      (20, 0.5),
[92mINFO [0m:      	                      (21, 0.5),
INFO:flwr:	                      (21, 0.5),
[92mINFO [0m:      	                      (22, 0.5),
INFO:flwr:	                      (22, 0.5),
[92mINFO [0m:      	                      (23, 0.5),
INFO:flwr:	                      (23, 0.5),
[92mINFO [0m:      	                      (24, 0.5),
INFO:flwr:	                      (24, 0.5),
[92mINFO [0m:      	                      (25, 0.5),
INFO:flwr:	                      (25, 0.5),
[92mINFO [0m:      	                      (26, 0.5),
INFO:flwr:	                      (26, 0.5),
[92mINFO [0m:      	                      (27, 0.5),
INFO:flwr:	                      (27, 0.5),
[92mINFO [0m:      	                      (28, 0.5),
INFO:flwr:	                      (28, 0.5),
[92mINFO [0m:      	                      (29, 0.5),
INFO:flwr:	                      (29, 0.5),
[92mINFO [0m:      	                      (30, 0.5),
INFO:flwr:	                      (30, 0.5),
[92mINFO [0m:      	                      (31, 0.5),
INFO:flwr:	                      (31, 0.5),
[92mINFO [0m:      	                      (32, 0.5),
INFO:flwr:	                      (32, 0.5),
[92mINFO [0m:      	                      (33, 0.5),
INFO:flwr:	                      (33, 0.5),
[92mINFO [0m:      	                      (34, 0.5),
INFO:flwr:	                      (34, 0.5),
[92mINFO [0m:      	                      (35, 0.5),
INFO:flwr:	                      (35, 0.5),
[92mINFO [0m:      	                      (36, 0.5),
INFO:flwr:	                      (36, 0.5),
[92mINFO [0m:      	                      (37, 0.5),
INFO:flwr:	                      (37, 0.5),
[92mINFO [0m:      	                      (38, 0.5),
INFO:flwr:	                      (38, 0.5),
[92mINFO [0m:      	                      (39, 0.5),
INFO:flwr:	                      (39, 0.5),
[92mINFO [0m:      	                      (40, 0.5),
INFO:flwr:	                      (40, 0.5),
[92mINFO [0m:      	                      (41, 0.5),
INFO:flwr:	                      (41, 0.5),
[92mINFO [0m:      	                      (42, 0.5),
INFO:flwr:	                      (42, 0.5),
[92mINFO [0m:      	                      (43, 0.5),
INFO:flwr:	                      (43, 0.5),
[92mINFO [0m:      	                      (44, 0.5),
INFO:flwr:	                      (44, 0.5),
[92mINFO [0m:      	                      (45, 0.5),
INFO:flwr:	                      (45, 0.5),
[92mINFO [0m:      	                      (46, 0.5),
INFO:flwr:	                      (46, 0.5),
[92mINFO [0m:      	                      (47, 0.5),
INFO:flwr:	                      (47, 0.5),
[92mINFO [0m:      	                      (48, 0.5),
INFO:flwr:	                      (48, 0.5),
[92mINFO [0m:      	                      (49, 0.5),
INFO:flwr:	                      (49, 0.5),
[92mINFO [0m:      	                      (50, 0.5)],
INFO:flwr:	                      (50, 0.5)],
[92mINFO [0m:      	 'mean_reputation': [(1, 0.9712409973144531),
INFO:flwr:	 'mean_reputation': [(1, 0.9712409973144531),
[92mINFO [0m:      	                     (2, 0.9431865811347961),
INFO:flwr:	                     (2, 0.9431865811347961),
[92mINFO [0m:      	                     (3, 0.9176576733589172),
INFO:flwr:	                     (3, 0.9176576733589172),
[92mINFO [0m:      	                     (4, 0.902074933052063),
INFO:flwr:	                     (4, 0.902074933052063),
[92mINFO [0m:      	                     (5, 0.8822531700134277),
INFO:flwr:	                     (5, 0.8822531700134277),
[92mINFO [0m:      	                     (6, 0.8719558715820312),
INFO:flwr:	                     (6, 0.8719558715820312),
[92mINFO [0m:      	                     (7, 0.8642487525939941),
INFO:flwr:	                     (7, 0.8642487525939941),
[92mINFO [0m:      	                     (8, 0.840508759021759),
INFO:flwr:	                     (8, 0.840508759021759),
[92mINFO [0m:      	                     (9, 0.8276834487915039),
INFO:flwr:	                     (9, 0.8276834487915039),
[92mINFO [0m:      	                     (10, 0.8160101771354675),
INFO:flwr:	                     (10, 0.8160101771354675),
[92mINFO [0m:      	                     (11, 0.8051698803901672),
INFO:flwr:	                     (11, 0.8051698803901672),
[92mINFO [0m:      	                     (12, 0.8056836128234863),
INFO:flwr:	                     (12, 0.8056836128234863),
[92mINFO [0m:      	                     (13, 0.7884283065795898),
INFO:flwr:	                     (13, 0.7884283065795898),
[92mINFO [0m:      	                     (14, 0.7729933261871338),
INFO:flwr:	                     (14, 0.7729933261871338),
[92mINFO [0m:      	                     (15, 0.7681039571762085),
INFO:flwr:	                     (15, 0.7681039571762085),
[92mINFO [0m:      	                     (16, 0.7456480264663696),
INFO:flwr:	                     (16, 0.7456480264663696),
[92mINFO [0m:      	                     (17, 0.7439572215080261),
INFO:flwr:	                     (17, 0.7439572215080261),
[92mINFO [0m:      	                     (18, 0.7329007387161255),
INFO:flwr:	                     (18, 0.7329007387161255),
[92mINFO [0m:      	                     (19, 0.7235298156738281),
INFO:flwr:	                     (19, 0.7235298156738281),
[92mINFO [0m:      	                     (20, 0.7150152921676636),
INFO:flwr:	                     (20, 0.7150152921676636),
[92mINFO [0m:      	                     (21, 0.7177652716636658),
INFO:flwr:	                     (21, 0.7177652716636658),
[92mINFO [0m:      	                     (22, 0.7098132371902466),
INFO:flwr:	                     (22, 0.7098132371902466),
[92mINFO [0m:      	                     (23, 0.7241731882095337),
INFO:flwr:	                     (23, 0.7241731882095337),
[92mINFO [0m:      	                     (24, 0.725269615650177),
INFO:flwr:	                     (24, 0.725269615650177),
[92mINFO [0m:      	                     (25, 0.7372010350227356),
INFO:flwr:	                     (25, 0.7372010350227356),
[92mINFO [0m:      	                     (26, 0.7372878789901733),
INFO:flwr:	                     (26, 0.7372878789901733),
[92mINFO [0m:      	                     (27, 0.7371525764465332),
INFO:flwr:	                     (27, 0.7371525764465332),
[92mINFO [0m:      	                     (28, 0.7472995519638062),
INFO:flwr:	                     (28, 0.7472995519638062),
[92mINFO [0m:      	                     (29, 0.7558954358100891),
INFO:flwr:	                     (29, 0.7558954358100891),
[92mINFO [0m:      	                     (30, 0.752389669418335),
INFO:flwr:	                     (30, 0.752389669418335),
[92mINFO [0m:      	                     (31, 0.7598456144332886),
INFO:flwr:	                     (31, 0.7598456144332886),
[92mINFO [0m:      	                     (32, 0.7664885520935059),
INFO:flwr:	                     (32, 0.7664885520935059),
[92mINFO [0m:      	                     (33, 0.772114098072052),
INFO:flwr:	                     (33, 0.772114098072052),
[92mINFO [0m:      	                     (34, 0.775310754776001),
INFO:flwr:	                     (34, 0.775310754776001),
[92mINFO [0m:      	                     (35, 0.7795822620391846),
INFO:flwr:	                     (35, 0.7795822620391846),
[92mINFO [0m:      	                     (36, 0.7831992506980896),
INFO:flwr:	                     (36, 0.7831992506980896),
[92mINFO [0m:      	                     (37, 0.7861283421516418),
INFO:flwr:	                     (37, 0.7861283421516418),
[92mINFO [0m:      	                     (38, 0.7880985140800476),
INFO:flwr:	                     (38, 0.7880985140800476),
[92mINFO [0m:      	                     (39, 0.7904041409492493),
INFO:flwr:	                     (39, 0.7904041409492493),
[92mINFO [0m:      	                     (40, 0.7833498120307922),
INFO:flwr:	                     (40, 0.7833498120307922),
[92mINFO [0m:      	                     (41, 0.7863503694534302),
INFO:flwr:	                     (41, 0.7863503694534302),
[92mINFO [0m:      	                     (42, 0.7888662219047546),
INFO:flwr:	                     (42, 0.7888662219047546),
[92mINFO [0m:      	                     (43, 0.7909992933273315),
INFO:flwr:	                     (43, 0.7909992933273315),
[92mINFO [0m:      	                     (44, 0.7920708656311035),
INFO:flwr:	                     (44, 0.7920708656311035),
[92mINFO [0m:      	                     (45, 0.7935027480125427),
INFO:flwr:	                     (45, 0.7935027480125427),
[92mINFO [0m:      	                     (46, 0.7949500679969788),
INFO:flwr:	                     (46, 0.7949500679969788),
[92mINFO [0m:      	                     (47, 0.7961045503616333),
INFO:flwr:	                     (47, 0.7961045503616333),
[92mINFO [0m:      	                     (48, 0.7954397797584534),
INFO:flwr:	                     (48, 0.7954397797584534),
[92mINFO [0m:      	                     (49, 0.7965132594108582),
INFO:flwr:	                     (49, 0.7965132594108582),
[92mINFO [0m:      	                     (50, 0.7973257303237915)],
INFO:flwr:	                     (50, 0.7973257303237915)],
[92mINFO [0m:      	 'min_reputation': [(1, 0.8999999761581421),
INFO:flwr:	 'min_reputation': [(1, 0.8999999761581421),
[92mINFO [0m:      	                    (2, 0.8100000023841858),
INFO:flwr:	                    (2, 0.8100000023841858),
[92mINFO [0m:      	                    (3, 0.7289999723434448),
INFO:flwr:	                    (3, 0.7289999723434448),
[92mINFO [0m:      	                    (4, 0.6560999751091003),
INFO:flwr:	                    (4, 0.6560999751091003),
[92mINFO [0m:      	                    (5, 0.5904899835586548),
INFO:flwr:	                    (5, 0.5904899835586548),
[92mINFO [0m:      	                    (6, 0.5314409732818604),
INFO:flwr:	                    (6, 0.5314409732818604),
[92mINFO [0m:      	                    (7, 0.4782969057559967),
INFO:flwr:	                    (7, 0.4782969057559967),
[92mINFO [0m:      	                    (8, 0.4304672181606293),
INFO:flwr:	                    (8, 0.4304672181606293),
[92mINFO [0m:      	                    (9, 0.3874204754829407),
INFO:flwr:	                    (9, 0.3874204754829407),
[92mINFO [0m:      	                    (10, 0.34867843985557556),
INFO:flwr:	                    (10, 0.34867843985557556),
[92mINFO [0m:      	                    (11, 0.3138105869293213),
INFO:flwr:	                    (11, 0.3138105869293213),
[92mINFO [0m:      	                    (12, 0.2824295461177826),
INFO:flwr:	                    (12, 0.2824295461177826),
[92mINFO [0m:      	                    (13, 0.25418657064437866),
INFO:flwr:	                    (13, 0.25418657064437866),
[92mINFO [0m:      	                    (14, 0.22876793146133423),
INFO:flwr:	                    (14, 0.22876793146133423),
[92mINFO [0m:      	                    (15, 0.20589113235473633),
INFO:flwr:	                    (15, 0.20589113235473633),
[92mINFO [0m:      	                    (16, 0.1853020191192627),
INFO:flwr:	                    (16, 0.1853020191192627),
[92mINFO [0m:      	                    (17, 0.1667718142271042),
INFO:flwr:	                    (17, 0.1667718142271042),
[92mINFO [0m:      	                    (18, 0.1500946283340454),
INFO:flwr:	                    (18, 0.1500946283340454),
[92mINFO [0m:      	                    (19, 0.13508516550064087),
INFO:flwr:	                    (19, 0.13508516550064087),
[92mINFO [0m:      	                    (20, 0.12157665193080902),
INFO:flwr:	                    (20, 0.12157665193080902),
[92mINFO [0m:      	                    (21, 0.10941898822784424),
INFO:flwr:	                    (21, 0.10941898822784424),
[92mINFO [0m:      	                    (22, 0.0984770879149437),
INFO:flwr:	                    (22, 0.0984770879149437),
[92mINFO [0m:      	                    (23, 0.08862937986850739),
INFO:flwr:	                    (23, 0.08862937986850739),
[92mINFO [0m:      	                    (24, 0.07976644486188889),
INFO:flwr:	                    (24, 0.07976644486188889),
[92mINFO [0m:      	                    (25, 0.07178980112075806),
INFO:flwr:	                    (25, 0.07178980112075806),
[92mINFO [0m:      	                    (26, 0.06461081653833389),
INFO:flwr:	                    (26, 0.06461081653833389),
[92mINFO [0m:      	                    (27, 0.05814973637461662),
INFO:flwr:	                    (27, 0.05814973637461662),
[92mINFO [0m:      	                    (28, 0.05233476310968399),
INFO:flwr:	                    (28, 0.05233476310968399),
[92mINFO [0m:      	                    (29, 0.04710128530859947),
INFO:flwr:	                    (29, 0.04710128530859947),
[92mINFO [0m:      	                    (30, 0.042391158640384674),
INFO:flwr:	                    (30, 0.042391158640384674),
[92mINFO [0m:      	                    (31, 0.03815204277634621),
INFO:flwr:	                    (31, 0.03815204277634621),
[92mINFO [0m:      	                    (32, 0.034336838871240616),
INFO:flwr:	                    (32, 0.034336838871240616),
[92mINFO [0m:      	                    (33, 0.030903154984116554),
INFO:flwr:	                    (33, 0.030903154984116554),
[92mINFO [0m:      	                    (34, 0.027812838554382324),
INFO:flwr:	                    (34, 0.027812838554382324),
[92mINFO [0m:      	                    (35, 0.02503155544400215),
INFO:flwr:	                    (35, 0.02503155544400215),
[92mINFO [0m:      	                    (36, 0.022528398782014847),
INFO:flwr:	                    (36, 0.022528398782014847),
[92mINFO [0m:      	                    (37, 0.020275559276342392),
INFO:flwr:	                    (37, 0.020275559276342392),
[92mINFO [0m:      	                    (38, 0.018248002976179123),
INFO:flwr:	                    (38, 0.018248002976179123),
[92mINFO [0m:      	                    (39, 0.01642320305109024),
INFO:flwr:	                    (39, 0.01642320305109024),
[92mINFO [0m:      	                    (40, 0.014780882745981216),
INFO:flwr:	                    (40, 0.014780882745981216),
[92mINFO [0m:      	                    (41, 0.01330279465764761),
INFO:flwr:	                    (41, 0.01330279465764761),
[92mINFO [0m:      	                    (42, 0.011972514912486076),
INFO:flwr:	                    (42, 0.011972514912486076),
[92mINFO [0m:      	                    (43, 0.010775263421237469),
INFO:flwr:	                    (43, 0.010775263421237469),
[92mINFO [0m:      	                    (44, 0.00969773717224598),
INFO:flwr:	                    (44, 0.00969773717224598),
[92mINFO [0m:      	                    (45, 0.008727964013814926),
INFO:flwr:	                    (45, 0.008727964013814926),
[92mINFO [0m:      	                    (46, 0.007855167612433434),
INFO:flwr:	                    (46, 0.007855167612433434),
[92mINFO [0m:      	                    (47, 0.007069650571793318),
INFO:flwr:	                    (47, 0.007069650571793318),
[92mINFO [0m:      	                    (48, 0.006362685468047857),
INFO:flwr:	                    (48, 0.006362685468047857),
[92mINFO [0m:      	                    (49, 0.005726417060941458),
INFO:flwr:	                    (49, 0.005726417060941458),
[92mINFO [0m:      	                    (50, 0.005153775215148926)],
INFO:flwr:	                    (50, 0.005153775215148926)],
[92mINFO [0m:      	 'server_round': [(1, 1),
INFO:flwr:	 'server_round': [(1, 1),
[92mINFO [0m:      	                  (2, 2),
INFO:flwr:	                  (2, 2),
[92mINFO [0m:      	                  (3, 3),
INFO:flwr:	                  (3, 3),
[92mINFO [0m:      	                  (4, 4),
INFO:flwr:	                  (4, 4),
[92mINFO [0m:      	                  (5, 5),
INFO:flwr:	                  (5, 5),
[92mINFO [0m:      	                  (6, 6),
INFO:flwr:	                  (6, 6),
[92mINFO [0m:      	                  (7, 7),
INFO:flwr:	                  (7, 7),
[92mINFO [0m:      	                  (8, 8),
INFO:flwr:	                  (8, 8),
[92mINFO [0m:      	                  (9, 9),
INFO:flwr:	                  (9, 9),
[92mINFO [0m:      	                  (10, 10),
INFO:flwr:	                  (10, 10),
[92mINFO [0m:      	                  (11, 11),
INFO:flwr:	                  (11, 11),
[92mINFO [0m:      	                  (12, 12),
INFO:flwr:	                  (12, 12),
[92mINFO [0m:      	                  (13, 13),
INFO:flwr:	                  (13, 13),
[92mINFO [0m:      	                  (14, 14),
INFO:flwr:	                  (14, 14),
[92mINFO [0m:      	                  (15, 15),
INFO:flwr:	                  (15, 15),
[92mINFO [0m:      	                  (16, 16),
INFO:flwr:	                  (16, 16),
[92mINFO [0m:      	                  (17, 17),
INFO:flwr:	                  (17, 17),
[92mINFO [0m:      	                  (18, 18),
INFO:flwr:	                  (18, 18),
[92mINFO [0m:      	                  (19, 19),
INFO:flwr:	                  (19, 19),
[92mINFO [0m:      	                  (20, 20),
INFO:flwr:	                  (20, 20),
[92mINFO [0m:      	                  (21, 21),
INFO:flwr:	                  (21, 21),
[92mINFO [0m:      	                  (22, 22),
INFO:flwr:	                  (22, 22),
[92mINFO [0m:      	                  (23, 23),
INFO:flwr:	                  (23, 23),
[92mINFO [0m:      	                  (24, 24),
INFO:flwr:	                  (24, 24),
[92mINFO [0m:      	                  (25, 25),
INFO:flwr:	                  (25, 25),
[92mINFO [0m:      	                  (26, 26),
INFO:flwr:	                  (26, 26),
[92mINFO [0m:      	                  (27, 27),
INFO:flwr:	                  (27, 27),
[92mINFO [0m:      	                  (28, 28),
INFO:flwr:	                  (28, 28),
[92mINFO [0m:      	                  (29, 29),
INFO:flwr:	                  (29, 29),
[92mINFO [0m:      	                  (30, 30),
INFO:flwr:	                  (30, 30),
[92mINFO [0m:      	                  (31, 31),
INFO:flwr:	                  (31, 31),
[92mINFO [0m:      	                  (32, 32),
INFO:flwr:	                  (32, 32),
[92mINFO [0m:      	                  (33, 33),
INFO:flwr:	                  (33, 33),
[92mINFO [0m:      	                  (34, 34),
INFO:flwr:	                  (34, 34),
[92mINFO [0m:      	                  (35, 35),
INFO:flwr:	                  (35, 35),
[92mINFO [0m:      	                  (36, 36),
INFO:flwr:	                  (36, 36),
[92mINFO [0m:      	                  (37, 37),
INFO:flwr:	                  (37, 37),
[92mINFO [0m:      	                  (38, 38),
INFO:flwr:	                  (38, 38),
[92mINFO [0m:      	                  (39, 39),
INFO:flwr:	                  (39, 39),
[92mINFO [0m:      	                  (40, 40),
INFO:flwr:	                  (40, 40),
[92mINFO [0m:      	                  (41, 41),
INFO:flwr:	                  (41, 41),
[92mINFO [0m:      	                  (42, 42),
INFO:flwr:	                  (42, 42),
[92mINFO [0m:      	                  (43, 43),
INFO:flwr:	                  (43, 43),
[92mINFO [0m:      	                  (44, 44),
INFO:flwr:	                  (44, 44),
[92mINFO [0m:      	                  (45, 45),
INFO:flwr:	                  (45, 45),
[92mINFO [0m:      	                  (46, 46),
INFO:flwr:	                  (46, 46),
[92mINFO [0m:      	                  (47, 47),
INFO:flwr:	                  (47, 47),
[92mINFO [0m:      	                  (48, 48),
INFO:flwr:	                  (48, 48),
[92mINFO [0m:      	                  (49, 49),
INFO:flwr:	                  (49, 49),
[92mINFO [0m:      	                  (50, 50)]}
INFO:flwr:	                  (50, 50)]}
[92mINFO [0m:      	History (metrics, distributed, evaluate):
INFO:flwr:	History (metrics, distributed, evaluate):
[92mINFO [0m:      	{'accuracy': [(1, 0.8326666666666667),
INFO:flwr:	{'accuracy': [(1, 0.8326666666666667),
[92mINFO [0m:      	              (2, 0.8476),
INFO:flwr:	              (2, 0.8476),
[92mINFO [0m:      	              (3, 0.8594),
INFO:flwr:	              (3, 0.8594),
[92mINFO [0m:      	              (4, 0.9016666666666666),
INFO:flwr:	              (4, 0.9016666666666666),
[92mINFO [0m:      	              (5, 0.9072666666666667),
INFO:flwr:	              (5, 0.9072666666666667),
[92mINFO [0m:      	              (6, 0.9180666666666667),
INFO:flwr:	              (6, 0.9180666666666667),
[92mINFO [0m:      	              (7, 0.9062),
INFO:flwr:	              (7, 0.9062),
[92mINFO [0m:      	              (8, 0.9431666666666667),
INFO:flwr:	              (8, 0.9431666666666667),
[92mINFO [0m:      	              (9, 0.9144),
INFO:flwr:	              (9, 0.9144),
[92mINFO [0m:      	              (10, 0.8917),
INFO:flwr:	              (10, 0.8917),
[92mINFO [0m:      	              (11, 0.8905),
INFO:flwr:	              (11, 0.8905),
[92mINFO [0m:      	              (12, 0.9090666666666667),
INFO:flwr:	              (12, 0.9090666666666667),
[92mINFO [0m:      	              (13, 0.9496),
INFO:flwr:	              (13, 0.9496),
[92mINFO [0m:      	              (14, 0.9463),
INFO:flwr:	              (14, 0.9463),
[92mINFO [0m:      	              (15, 0.9228333333333333),
INFO:flwr:	              (15, 0.9228333333333333),
[92mINFO [0m:      	              (16, 0.9291666666666667),
INFO:flwr:	              (16, 0.9291666666666667),
[92mINFO [0m:      	              (17, 0.9113),
INFO:flwr:	              (17, 0.9113),
[92mINFO [0m:      	              (18, 0.9480333333333333),
INFO:flwr:	              (18, 0.9480333333333333),
[92mINFO [0m:      	              (19, 0.9513333333333334),
INFO:flwr:	              (19, 0.9513333333333334),
[92mINFO [0m:      	              (20, 0.9552),
INFO:flwr:	              (20, 0.9552),
[92mINFO [0m:      	              (21, 0.9345333333333333),
INFO:flwr:	              (21, 0.9345333333333333),
[92mINFO [0m:      	              (22, 0.9558),
INFO:flwr:	              (22, 0.9558),
[92mINFO [0m:      	              (23, 0.9406666666666667),
INFO:flwr:	              (23, 0.9406666666666667),
[92mINFO [0m:      	              (24, 0.9258666666666666),
INFO:flwr:	              (24, 0.9258666666666666),
[92mINFO [0m:      	              (25, 0.9304666666666667),
INFO:flwr:	              (25, 0.9304666666666667),
[92mINFO [0m:      	              (26, 0.9139),
INFO:flwr:	              (26, 0.9139),
[92mINFO [0m:      	              (27, 0.9141),
INFO:flwr:	              (27, 0.9141),
[92mINFO [0m:      	              (28, 0.9235666666666666),
INFO:flwr:	              (28, 0.9235666666666666),
[92mINFO [0m:      	              (29, 0.9248),
INFO:flwr:	              (29, 0.9248),
[92mINFO [0m:      	              (30, 0.9229333333333334),
INFO:flwr:	              (30, 0.9229333333333334),
[92mINFO [0m:      	              (31, 0.9148666666666667),
INFO:flwr:	              (31, 0.9148666666666667),
[92mINFO [0m:      	              (32, 0.9225666666666666),
INFO:flwr:	              (32, 0.9225666666666666),
[92mINFO [0m:      	              (33, 0.9174),
INFO:flwr:	              (33, 0.9174),
[92mINFO [0m:      	              (34, 0.9174666666666667),
INFO:flwr:	              (34, 0.9174666666666667),
[92mINFO [0m:      	              (35, 0.904),
INFO:flwr:	              (35, 0.904),
[92mINFO [0m:      	              (36, 0.9192666666666667),
INFO:flwr:	              (36, 0.9192666666666667),
[92mINFO [0m:      	              (37, 0.9200666666666667),
INFO:flwr:	              (37, 0.9200666666666667),
[92mINFO [0m:      	              (38, 0.9137666666666666),
INFO:flwr:	              (38, 0.9137666666666666),
[92mINFO [0m:      	              (39, 0.9124),
INFO:flwr:	              (39, 0.9124),
[92mINFO [0m:      	              (40, 0.9534666666666667),
INFO:flwr:	              (40, 0.9534666666666667),
[92mINFO [0m:      	              (41, 0.9151),
INFO:flwr:	              (41, 0.9151),
[92mINFO [0m:      	              (42, 0.9246333333333333),
INFO:flwr:	              (42, 0.9246333333333333),
[92mINFO [0m:      	              (43, 0.9325),
INFO:flwr:	              (43, 0.9325),
[92mINFO [0m:      	              (44, 0.9208333333333333),
INFO:flwr:	              (44, 0.9208333333333333),
[92mINFO [0m:      	              (45, 0.9227),
INFO:flwr:	              (45, 0.9227),
[92mINFO [0m:      	              (46, 0.9186666666666666),
INFO:flwr:	              (46, 0.9186666666666666),
[92mINFO [0m:      	              (47, 0.9233666666666667),
INFO:flwr:	              (47, 0.9233666666666667),
[92mINFO [0m:      	              (48, 0.9194666666666667),
INFO:flwr:	              (48, 0.9194666666666667),
[92mINFO [0m:      	              (49, 0.9284),
INFO:flwr:	              (49, 0.9284),
[92mINFO [0m:      	              (50, 0.9061333333333333)],
INFO:flwr:	              (50, 0.9061333333333333)],
[92mINFO [0m:      	 'auc': [(1, 0.9073076439131802),
INFO:flwr:	 'auc': [(1, 0.9073076439131802),
[92mINFO [0m:      	         (2, 0.9091963353255741),
INFO:flwr:	         (2, 0.9091963353255741),
[92mINFO [0m:      	         (3, 0.9056092167348223),
INFO:flwr:	         (3, 0.9056092167348223),
[92mINFO [0m:      	         (4, 0.9109655080213902),
INFO:flwr:	         (4, 0.9109655080213902),
[92mINFO [0m:      	         (5, 0.9050091066373074),
INFO:flwr:	         (5, 0.9050091066373074),
[92mINFO [0m:      	         (6, 0.914393897452029),
INFO:flwr:	         (6, 0.914393897452029),
[92mINFO [0m:      	         (7, 0.9100453444479396),
INFO:flwr:	         (7, 0.9100453444479396),
[92mINFO [0m:      	         (8, 0.9070917269581628),
INFO:flwr:	         (8, 0.9070917269581628),
[92mINFO [0m:      	         (9, 0.9096849638251023),
INFO:flwr:	         (9, 0.9096849638251023),
[92mINFO [0m:      	         (10, 0.9060064013840831),
INFO:flwr:	         (10, 0.9060064013840831),
[92mINFO [0m:      	         (11, 0.9034294746775715),
INFO:flwr:	         (11, 0.9034294746775715),
[92mINFO [0m:      	         (12, 0.9046305913809375),
INFO:flwr:	         (12, 0.9046305913809375),
[92mINFO [0m:      	         (13, 0.8996635105379049),
INFO:flwr:	         (13, 0.8996635105379049),
[92mINFO [0m:      	         (14, 0.8995089336269267),
INFO:flwr:	         (14, 0.8995089336269267),
[92mINFO [0m:      	         (15, 0.9059948883296632),
INFO:flwr:	         (15, 0.9059948883296632),
[92mINFO [0m:      	         (16, 0.9077483485372758),
INFO:flwr:	         (16, 0.9077483485372758),
[92mINFO [0m:      	         (17, 0.9010039792387543),
INFO:flwr:	         (17, 0.9010039792387543),
[92mINFO [0m:      	         (18, 0.8944446209499843),
INFO:flwr:	         (18, 0.8944446209499843),
[92mINFO [0m:      	         (19, 0.902286300723498),
INFO:flwr:	         (19, 0.902286300723498),
[92mINFO [0m:      	         (20, 0.8936979710600819),
INFO:flwr:	         (20, 0.8936979710600819),
[92mINFO [0m:      	         (21, 0.9017261717521234),
INFO:flwr:	         (21, 0.9017261717521234),
[92mINFO [0m:      	         (22, 0.8930631645171435),
INFO:flwr:	         (22, 0.8930631645171435),
[92mINFO [0m:      	         (23, 0.903250267379679),
INFO:flwr:	         (23, 0.903250267379679),
[92mINFO [0m:      	         (24, 0.8997811575967285),
INFO:flwr:	         (24, 0.8997811575967285),
[92mINFO [0m:      	         (25, 0.8997378106322743),
INFO:flwr:	         (25, 0.8997378106322743),
[92mINFO [0m:      	         (26, 0.9008425448254166),
INFO:flwr:	         (26, 0.9008425448254166),
[92mINFO [0m:      	         (27, 0.8905273199119221),
INFO:flwr:	         (27, 0.8905273199119221),
[92mINFO [0m:      	         (28, 0.8938574709027995),
INFO:flwr:	         (28, 0.8938574709027995),
[92mINFO [0m:      	         (29, 0.8987626926706512),
INFO:flwr:	         (29, 0.8987626926706512),
[92mINFO [0m:      	         (30, 0.8970360805284681),
INFO:flwr:	         (30, 0.8970360805284681),
[92mINFO [0m:      	         (31, 0.8970648946209498),
INFO:flwr:	         (31, 0.8970648946209498),
[92mINFO [0m:      	         (32, 0.9013701478452342),
INFO:flwr:	         (32, 0.9013701478452342),
[92mINFO [0m:      	         (33, 0.8969814092481913),
INFO:flwr:	         (33, 0.8969814092481913),
[92mINFO [0m:      	         (34, 0.8996799307958477),
INFO:flwr:	         (34, 0.8996799307958477),
[92mINFO [0m:      	         (35, 0.9049117017930168),
INFO:flwr:	         (35, 0.9049117017930168),
[92mINFO [0m:      	         (36, 0.9029304340987734),
INFO:flwr:	         (36, 0.9029304340987734),
[92mINFO [0m:      	         (37, 0.910945548914753),
INFO:flwr:	         (37, 0.910945548914753),
[92mINFO [0m:      	         (38, 0.9089165932683233),
INFO:flwr:	         (38, 0.9089165932683233),
[92mINFO [0m:      	         (39, 0.9092333595470276),
INFO:flwr:	         (39, 0.9092333595470276),
[92mINFO [0m:      	         (40, 0.9049565586662472),
INFO:flwr:	         (40, 0.9049565586662472),
[92mINFO [0m:      	         (41, 0.9159910978295063),
INFO:flwr:	         (41, 0.9159910978295063),
[92mINFO [0m:      	         (42, 0.9144176785152562),
INFO:flwr:	         (42, 0.9144176785152562),
[92mINFO [0m:      	         (43, 0.9157313620635421),
INFO:flwr:	         (43, 0.9157313620635421),
[92mINFO [0m:      	         (44, 0.9131067945894936),
INFO:flwr:	         (44, 0.9131067945894936),
[92mINFO [0m:      	         (45, 0.9138087448883295),
INFO:flwr:	         (45, 0.9138087448883295),
[92mINFO [0m:      	         (46, 0.9144942434727903),
INFO:flwr:	         (46, 0.9144942434727903),
[92mINFO [0m:      	         (47, 0.9176370714061026),
INFO:flwr:	         (47, 0.9176370714061026),
[92mINFO [0m:      	         (48, 0.9049842088707141),
INFO:flwr:	         (48, 0.9049842088707141),
[92mINFO [0m:      	         (49, 0.9131815193457061),
INFO:flwr:	         (49, 0.9131815193457061),
[92mINFO [0m:      	         (50, 0.9139190625983015)],
INFO:flwr:	         (50, 0.9139190625983015)],
[92mINFO [0m:      	 'f1': [(1, 0.2662964045600702),
INFO:flwr:	 'f1': [(1, 0.2662964045600702),
[92mINFO [0m:      	        (2, 0.28361015355687874),
INFO:flwr:	        (2, 0.28361015355687874),
[92mINFO [0m:      	        (3, 0.2965310206804536),
INFO:flwr:	        (3, 0.2965310206804536),
[92mINFO [0m:      	        (4, 0.36064152579107067),
INFO:flwr:	        (4, 0.36064152579107067),
[92mINFO [0m:      	        (5, 0.3691609977324263),
INFO:flwr:	        (5, 0.3691609977324263),
[92mINFO [0m:      	        (6, 0.3924864063272368),
INFO:flwr:	        (6, 0.3924864063272368),
[92mINFO [0m:      	        (7, 0.3696236559139785),
INFO:flwr:	        (7, 0.3696236559139785),
[92mINFO [0m:      	        (8, 0.46467817896389324),
INFO:flwr:	        (8, 0.46467817896389324),
[92mINFO [0m:      	        (9, 0.3841726618705036),
INFO:flwr:	        (9, 0.3841726618705036),
[92mINFO [0m:      	        (10, 0.3392312385600976),
INFO:flwr:	        (10, 0.3392312385600976),
[92mINFO [0m:      	        (11, 0.3348856043733549),
INFO:flwr:	        (11, 0.3348856043733549),
[92mINFO [0m:      	        (12, 0.3711387736284002),
INFO:flwr:	        (12, 0.3711387736284002),
[92mINFO [0m:      	        (13, 0.4768166089965398),
INFO:flwr:	        (13, 0.4768166089965398),
[92mINFO [0m:      	        (14, 0.46496180670873466),
INFO:flwr:	        (14, 0.46496180670873466),
[92mINFO [0m:      	        (15, 0.40595329740826275),
INFO:flwr:	        (15, 0.40595329740826275),
[92mINFO [0m:      	        (16, 0.4233378561736771),
INFO:flwr:	        (16, 0.4233378561736771),
[92mINFO [0m:      	        (17, 0.37549870922318707),
INFO:flwr:	        (17, 0.37549870922318707),
[92mINFO [0m:      	        (18, 0.46737273659036555),
INFO:flwr:	        (18, 0.46737273659036555),
[92mINFO [0m:      	        (19, 0.49093444909344486),
INFO:flwr:	        (19, 0.49093444909344486),
[92mINFO [0m:      	        (20, 0.49850746268656715),
INFO:flwr:	        (20, 0.49850746268656715),
[92mINFO [0m:      	        (21, 0.4330254041570439),
INFO:flwr:	        (21, 0.4330254041570439),
[92mINFO [0m:      	        (22, 0.4965831435079727),
INFO:flwr:	        (22, 0.4965831435079727),
[92mINFO [0m:      	        (23, 0.4539877300613497),
INFO:flwr:	        (23, 0.4539877300613497),
[92mINFO [0m:      	        (24, 0.40247178936055883),
INFO:flwr:	        (24, 0.40247178936055883),
[92mINFO [0m:      	        (25, 0.41535874439461884),
INFO:flwr:	        (25, 0.41535874439461884),
[92mINFO [0m:      	        (26, 0.3798319327731092),
INFO:flwr:	        (26, 0.3798319327731092),
[92mINFO [0m:      	        (27, 0.3697725605282465),
INFO:flwr:	        (27, 0.3697725605282465),
[92mINFO [0m:      	        (28, 0.3932257210902355),
INFO:flwr:	        (28, 0.3932257210902355),
[92mINFO [0m:      	        (29, 0.3974358974358974),
INFO:flwr:	        (29, 0.3974358974358974),
[92mINFO [0m:      	        (30, 0.39029535864978904),
INFO:flwr:	        (30, 0.39029535864978904),
[92mINFO [0m:      	        (31, 0.37432631063204314),
INFO:flwr:	        (31, 0.37432631063204314),
[92mINFO [0m:      	        (32, 0.3910878112712975),
INFO:flwr:	        (32, 0.3910878112712975),
[92mINFO [0m:      	        (33, 0.3773869346733668),
INFO:flwr:	        (33, 0.3773869346733668),
[92mINFO [0m:      	        (34, 0.37757667169431874),
INFO:flwr:	        (34, 0.37757667169431874),
[92mINFO [0m:      	        (35, 0.357429718875502),
INFO:flwr:	        (35, 0.357429718875502),
[92mINFO [0m:      	        (36, 0.3837150127226463),
INFO:flwr:	        (36, 0.3837150127226463),
[92mINFO [0m:      	        (37, 0.39413845376452755),
INFO:flwr:	        (37, 0.39413845376452755),
[92mINFO [0m:      	        (38, 0.37557325609461745),
INFO:flwr:	        (38, 0.37557325609461745),
[92mINFO [0m:      	        (39, 0.36978417266187047),
INFO:flwr:	        (39, 0.36978417266187047),
[92mINFO [0m:      	        (40, 0.4934687953555878),
INFO:flwr:	        (40, 0.4934687953555878),
[92mINFO [0m:      	        (41, 0.3801411535653444),
INFO:flwr:	        (41, 0.3801411535653444),
[92mINFO [0m:      	        (42, 0.4029574861367837),
INFO:flwr:	        (42, 0.4029574861367837),
[92mINFO [0m:      	        (43, 0.42780446453800514),
INFO:flwr:	        (43, 0.42780446453800514),
[92mINFO [0m:      	        (44, 0.39490445859872614),
INFO:flwr:	        (44, 0.39490445859872614),
[92mINFO [0m:      	        (45, 0.39875550946331345),
INFO:flwr:	        (45, 0.39875550946331345),
[92mINFO [0m:      	        (46, 0.39243027888446214),
INFO:flwr:	        (46, 0.39243027888446214),
[92mINFO [0m:      	        (47, 0.40176945094977884),
INFO:flwr:	        (47, 0.40176945094977884),
[92mINFO [0m:      	        (48, 0.38928210313447925),
INFO:flwr:	        (48, 0.38928210313447925),
[92mINFO [0m:      	        (49, 0.4147138964577657),
INFO:flwr:	        (49, 0.4147138964577657),
[92mINFO [0m:      	        (50, 0.3637596023497515)],
INFO:flwr:	        (50, 0.3637596023497515)],
[92mINFO [0m:      	 'precision': [(1, 0.15865552072448624),
INFO:flwr:	 'precision': [(1, 0.15865552072448624),
[92mINFO [0m:      	               (2, 0.17133661491859145),
INFO:flwr:	               (2, 0.17133661491859145),
[92mINFO [0m:      	               (3, 0.18157679738562094),
INFO:flwr:	               (3, 0.18157679738562094),
[92mINFO [0m:      	               (4, 0.23676721684689808),
INFO:flwr:	               (4, 0.23676721684689808),
[92mINFO [0m:      	               (5, 0.2459214501510574),
INFO:flwr:	               (5, 0.2459214501510574),
[92mINFO [0m:      	               (6, 0.26951799049558717),
INFO:flwr:	               (6, 0.26951799049558717),
[92mINFO [0m:      	               (7, 0.24524375743162904),
INFO:flwr:	               (7, 0.24524375743162904),
[92mINFO [0m:      	               (8, 0.354916067146283),
INFO:flwr:	               (8, 0.354916067146283),
[92mINFO [0m:      	               (9, 0.26091205211726387),
INFO:flwr:	               (9, 0.26091205211726387),
[92mINFO [0m:      	               (10, 0.2184962012051349),
INFO:flwr:	               (10, 0.2184962012051349),
[92mINFO [0m:      	               (11, 0.21542068246939308),
INFO:flwr:	               (11, 0.21542068246939308),
[92mINFO [0m:      	               (12, 0.2486102532427424),
INFO:flwr:	               (12, 0.2486102532427424),
[92mINFO [0m:      	               (13, 0.38491620111731845),
INFO:flwr:	               (13, 0.38491620111731845),
[92mINFO [0m:      	               (14, 0.3663003663003663),
INFO:flwr:	               (14, 0.3663003663003663),
[92mINFO [0m:      	               (15, 0.2828030032177333),
INFO:flwr:	               (15, 0.2828030032177333),
[92mINFO [0m:      	               (16, 0.3017408123791102),
INFO:flwr:	               (16, 0.3017408123791102),
[92mINFO [0m:      	               (17, 0.2530844669408415),
INFO:flwr:	               (17, 0.2530844669408415),
[92mINFO [0m:      	               (18, 0.37438423645320196),
INFO:flwr:	               (18, 0.37438423645320196),
[92mINFO [0m:      	               (19, 0.3981900452488688),
INFO:flwr:	               (19, 0.3981900452488688),
[92mINFO [0m:      	               (20, 0.42278481012658226),
INFO:flwr:	               (20, 0.42278481012658226),
[92mINFO [0m:      	               (21, 0.31725888324873097),
INFO:flwr:	               (21, 0.31725888324873097),
[92mINFO [0m:      	               (22, 0.42633637548891784),
INFO:flwr:	               (22, 0.42633637548891784),
[92mINFO [0m:      	               (23, 0.34259259259259267),
INFO:flwr:	               (23, 0.34259259259259267),
[92mINFO [0m:      	               (24, 0.28565980167810834),
INFO:flwr:	               (24, 0.28565980167810834),
[92mINFO [0m:      	               (25, 0.30024311183144253),
INFO:flwr:	               (25, 0.30024311183144253),
[92mINFO [0m:      	               (26, 0.2580750407830342),
INFO:flwr:	               (26, 0.2580750407830342),
[92mINFO [0m:      	               (27, 0.2529274004683841),
INFO:flwr:	               (27, 0.2529274004683841),
[92mINFO [0m:      	               (28, 0.2773422918999627),
INFO:flwr:	               (28, 0.2773422918999627),
[92mINFO [0m:      	               (29, 0.2813918305597579),
INFO:flwr:	               (29, 0.2813918305597579),
[92mINFO [0m:      	               (30, 0.274888558692422),
INFO:flwr:	               (30, 0.274888558692422),
[92mINFO [0m:      	               (31, 0.2562038900067069),
INFO:flwr:	               (31, 0.2562038900067069),
[92mINFO [0m:      	               (32, 0.2747697974217311),
INFO:flwr:	               (32, 0.2747697974217311),
[92mINFO [0m:      	               (33, 0.2607638888888889),
INFO:flwr:	               (33, 0.2607638888888889),
[92mINFO [0m:      	               (34, 0.2609451007644198),
INFO:flwr:	               (34, 0.2609451007644198),
[92mINFO [0m:      	               (35, 0.23684210526315785),
INFO:flwr:	               (35, 0.23684210526315785),
[92mINFO [0m:      	               (36, 0.2664310954063604),
INFO:flwr:	               (36, 0.2664310954063604),
[92mINFO [0m:      	               (37, 0.2729181245626312),
INFO:flwr:	               (37, 0.2729181245626312),
[92mINFO [0m:      	               (38, 0.25566874794610583),
INFO:flwr:	               (38, 0.25566874794610583),
[92mINFO [0m:      	               (39, 0.2511400651465798),
INFO:flwr:	               (39, 0.2511400651465798),
[92mINFO [0m:      	               (40, 0.4106280193236715),
INFO:flwr:	               (40, 0.4106280193236715),
[92mINFO [0m:      	               (41, 0.25955466932535726),
INFO:flwr:	               (41, 0.25955466932535726),
[92mINFO [0m:      	               (42, 0.2839598064756234),
INFO:flwr:	               (42, 0.2839598064756234),
[92mINFO [0m:      	               (43, 0.3103731037310373),
INFO:flwr:	               (43, 0.3103731037310373),
[92mINFO [0m:      	               (44, 0.2743362831858407),
INFO:flwr:	               (44, 0.2743362831858407),
[92mINFO [0m:      	               (45, 0.27892636924192965),
INFO:flwr:	               (45, 0.27892636924192965),
[92mINFO [0m:      	               (46, 0.27023319615912206),
INFO:flwr:	               (46, 0.27023319615912206),
[92mINFO [0m:      	               (47, 0.2814436748086037),
INFO:flwr:	               (47, 0.2814436748086037),
[92mINFO [0m:      	               (48, 0.26960784313725494),
INFO:flwr:	               (48, 0.26960784313725494),
[92mINFO [0m:      	               (49, 0.29610894941634236),
INFO:flwr:	               (49, 0.29610894941634236),
[92mINFO [0m:      	               (50, 0.24203247143716172)],
INFO:flwr:	               (50, 0.24203247143716172)],
[92mINFO [0m:      	 'recall': [(1, 0.8281818181818181),
INFO:flwr:	 'recall': [(1, 0.8281818181818181),
[92mINFO [0m:      	            (2, 0.8227272727272728),
INFO:flwr:	            (2, 0.8227272727272728),
[92mINFO [0m:      	            (3, 0.8081818181818182),
INFO:flwr:	            (3, 0.8081818181818182),
[92mINFO [0m:      	            (4, 0.7563636363636363),
INFO:flwr:	            (4, 0.7563636363636363),
[92mINFO [0m:      	            (5, 0.74),
INFO:flwr:	            (5, 0.74),
[92mINFO [0m:      	            (6, 0.7218181818181819),
INFO:flwr:	            (6, 0.7218181818181819),
[92mINFO [0m:      	            (7, 0.75),
INFO:flwr:	            (7, 0.75),
[92mINFO [0m:      	            (8, 0.6727272727272726),
INFO:flwr:	            (8, 0.6727272727272726),
[92mINFO [0m:      	            (9, 0.7281818181818182),
INFO:flwr:	            (9, 0.7281818181818182),
[92mINFO [0m:      	            (10, 0.7581818181818182),
INFO:flwr:	            (10, 0.7581818181818182),
[92mINFO [0m:      	            (11, 0.7518181818181818),
INFO:flwr:	            (11, 0.7518181818181818),
[92mINFO [0m:      	            (12, 0.7318181818181818),
INFO:flwr:	            (12, 0.7318181818181818),
[92mINFO [0m:      	            (13, 0.6263636363636363),
INFO:flwr:	            (13, 0.6263636363636363),
[92mINFO [0m:      	            (14, 0.6363636363636364),
INFO:flwr:	            (14, 0.6363636363636364),
[92mINFO [0m:      	            (15, 0.719090909090909),
INFO:flwr:	            (15, 0.719090909090909),
[92mINFO [0m:      	            (16, 0.709090909090909),
INFO:flwr:	            (16, 0.709090909090909),
[92mINFO [0m:      	            (17, 0.7272727272727274),
INFO:flwr:	            (17, 0.7272727272727274),
[92mINFO [0m:      	            (18, 0.6218181818181818),
INFO:flwr:	            (18, 0.6218181818181818),
[92mINFO [0m:      	            (19, 0.64),
INFO:flwr:	            (19, 0.64),
[92mINFO [0m:      	            (20, 0.6072727272727273),
INFO:flwr:	            (20, 0.6072727272727273),
[92mINFO [0m:      	            (21, 0.6818181818181818),
INFO:flwr:	            (21, 0.6818181818181818),
[92mINFO [0m:      	            (22, 0.5945454545454547),
INFO:flwr:	            (22, 0.5945454545454547),
[92mINFO [0m:      	            (23, 0.6727272727272726),
INFO:flwr:	            (23, 0.6727272727272726),
[92mINFO [0m:      	            (24, 0.680909090909091),
INFO:flwr:	            (24, 0.680909090909091),
[92mINFO [0m:      	            (25, 0.6736363636363636),
INFO:flwr:	            (25, 0.6736363636363636),
[92mINFO [0m:      	            (26, 0.719090909090909),
INFO:flwr:	            (26, 0.719090909090909),
[92mINFO [0m:      	            (27, 0.6872727272727273),
INFO:flwr:	            (27, 0.6872727272727273),
[92mINFO [0m:      	            (28, 0.6754545454545455),
INFO:flwr:	            (28, 0.6754545454545455),
[92mINFO [0m:      	            (29, 0.6763636363636364),
INFO:flwr:	            (29, 0.6763636363636364),
[92mINFO [0m:      	            (30, 0.6727272727272726),
INFO:flwr:	            (30, 0.6727272727272726),
[92mINFO [0m:      	            (31, 0.6945454545454545),
INFO:flwr:	            (31, 0.6945454545454545),
[92mINFO [0m:      	            (32, 0.6781818181818182),
INFO:flwr:	            (32, 0.6781818181818182),
[92mINFO [0m:      	            (33, 0.6827272727272727),
INFO:flwr:	            (33, 0.6827272727272727),
[92mINFO [0m:      	            (34, 0.6827272727272727),
INFO:flwr:	            (34, 0.6827272727272727),
[92mINFO [0m:      	            (35, 0.7281818181818182),
INFO:flwr:	            (35, 0.7281818181818182),
[92mINFO [0m:      	            (36, 0.6854545454545455),
INFO:flwr:	            (36, 0.6854545454545455),
[92mINFO [0m:      	            (37, 0.709090909090909),
INFO:flwr:	            (37, 0.709090909090909),
[92mINFO [0m:      	            (38, 0.7072727272727274),
INFO:flwr:	            (38, 0.7072727272727274),
[92mINFO [0m:      	            (39, 0.7009090909090909),
INFO:flwr:	            (39, 0.7009090909090909),
[92mINFO [0m:      	            (40, 0.6181818181818182),
INFO:flwr:	            (40, 0.6181818181818182),
[92mINFO [0m:      	            (41, 0.71),
INFO:flwr:	            (41, 0.71),
[92mINFO [0m:      	            (42, 0.6936363636363636),
INFO:flwr:	            (42, 0.6936363636363636),
[92mINFO [0m:      	            (43, 0.6881818181818182),
INFO:flwr:	            (43, 0.6881818181818182),
[92mINFO [0m:      	            (44, 0.7045454545454545),
INFO:flwr:	            (44, 0.7045454545454545),
[92mINFO [0m:      	            (45, 0.699090909090909),
INFO:flwr:	            (45, 0.699090909090909),
[92mINFO [0m:      	            (46, 0.7163636363636363),
INFO:flwr:	            (46, 0.7163636363636363),
[92mINFO [0m:      	            (47, 0.7018181818181818),
INFO:flwr:	            (47, 0.7018181818181818),
[92mINFO [0m:      	            (48, 0.7),
INFO:flwr:	            (48, 0.7),
[92mINFO [0m:      	            (49, 0.6918181818181818),
INFO:flwr:	            (49, 0.6918181818181818),
[92mINFO [0m:      	            (50, 0.7318181818181818)]}
INFO:flwr:	            (50, 0.7318181818181818)]}
[92mINFO [0m:      
INFO:flwr:

Training complete in 647.5s (12.9s/round)

[Ray cleanup] Shutting down Ray...
[36m(ClientAppActor pid=40087)[0m [93mWARNING [0m:   DEPRECATED FEATURE: `client_fn` now expects a signature `def client_fn(context: Context)`.The provided `client_fn` has signature: {'cid': <Parameter "cid: str">}. You can import the `Context` like this: `from flwr.app import Context`[32m [repeated 10x across cluster][0m
[36m(ClientAppActor pid=40087)[0m             This is a deprecated feature. It will be removed[32m [repeated 10x across cluster][0m
[36m(ClientAppActor pid=40087)[0m             entirely in future versions of Flower.[32m [repeated 10x across cluster][0m
[Ray cleanup] Ray shutdown complete.
Metrics saved to: ./results/seed_48/Ablation_NoL3_LabelFlip20pct.json
Model checkpoint saved to: ./results/seed_48/models/Ablation_NoL3_LabelFlip20pct.pt
