
==============================================================================
EXPERIMENT: Ablation_NoL3_ModelReplace20pct
SEED:       45
STARTED:    2026-09-12T09:50:04+00:00
TIMEOUT:    180.0 min
COMMAND:
/app/.venv/bin/python train.py --num-clients 10 --num-rounds 50 --nrows 150000 --batch-size 512 --epochs-per-round 10 --results-dir ./results/seed_45 --save-model ./results/seed_45/models/Ablation_NoL3_ModelReplace20pct.pt --seed 45 --run-label Ablation_NoL3_ModelReplace20pct --disable-layer3 --num-adversaries 2 --attack-type model_replace
==============================================================================
Device: cuda
  GPU: NVIDIA GeForce RTX 3060
  VRAM: 12.9 GB

Loading data from: ./data/raw
/app/.venv/lib/python3.14/site-packages/numpy/lib/_function_base_impl.py:3036: RuntimeWarning: invalid value encountered in divide
  c /= stddev[:, None]
/app/.venv/lib/python3.14/site-packages/numpy/lib/_function_base_impl.py:3037: RuntimeWarning: invalid value encountered in divide
  c /= stddev[None, :]
/app/data/loader.py:132: PerformanceWarning: DataFrame is highly fragmented.  This is usually the result of calling `frame.insert` many times, which has poor performance.  Consider joining all columns at once using pd.concat(axis=1) instead. To get a de-fragmented frame, use `newframe = frame.copy()`
  X_df["uid_fraud_mean"] = y_series.groupby(by=uid_series).transform("mean").values
/app/data/loader.py:133: PerformanceWarning: DataFrame is highly fragmented.  This is usually the result of calling `frame.insert` many times, which has poor performance.  Consider joining all columns at once using pd.concat(axis=1) instead. To get a de-fragmented frame, use `newframe = frame.copy()`
  X_df["uid_count"]      = uid_series.groupby(by=uid_series).transform("count").astype(np.float32).values
/app/data/loader.py:134: PerformanceWarning: DataFrame is highly fragmented.  This is usually the result of calling `frame.insert` many times, which has poor performance.  Consider joining all columns at once using pd.concat(axis=1) instead. To get a de-fragmented frame, use `newframe = frame.copy()`
  X_df["uid_amt_mean"]   = amt_series.groupby(by=uid_series).transform("mean").astype(np.float32).values
/app/data/loader.py:135: PerformanceWarning: DataFrame is highly fragmented.  This is usually the result of calling `frame.insert` many times, which has poor performance.  Consider joining all columns at once using pd.concat(axis=1) instead. To get a de-fragmented frame, use `newframe = frame.copy()`
  X_df["uid_amt_std"]    = amt_series.groupby(by=uid_series).transform("std").fillna(0).astype(np.float32).values
/app/data/loader.py:142: PerformanceWarning: DataFrame is highly fragmented.  This is usually the result of calling `frame.insert` many times, which has poor performance.  Consider joining all columns at once using pd.concat(axis=1) instead. To get a de-fragmented frame, use `newframe = frame.copy()`
  X_df["log_TransactionAmt"] = np.log1p(
/app/data/loader.py:147: PerformanceWarning: DataFrame is highly fragmented.  This is usually the result of calling `frame.insert` many times, which has poor performance.  Consider joining all columns at once using pd.concat(axis=1) instead. To get a de-fragmented frame, use `newframe = frame.copy()`
  X_df["amt_uid_ratio"] = (
  Train samples: 120000
  Test samples:  30000
  Input dim: 122
Strategy: CascadeRouter

Starting FL simulation:
  Clients:      10
  Rounds:       50
  Adversaries:  2
  Attack:       model_replace
[93mWARNING [0m:   DEPRECATED FEATURE: flwr.simulation.start_simulation() is deprecated.
	Instead, use the `flwr run` CLI command to start a local simulation in your Flower app, as shown for example below:

		$ flwr new  # Create a new Flower app from a template

		$ flwr run  # Run the Flower app in Simulation Mode

	Using `start_simulation()` is deprecated.

            This is a deprecated feature. It will be removed
            entirely in future versions of Flower.
        
[92mINFO [0m:      Starting Flower simulation, config: num_rounds=50, no round_timeout
2026-09-12 09:50:23,409	INFO worker.py:2024 -- Started a local Ray instance.
[92mINFO [0m:      Flower VCE: Ray initialized with resources: {'memory': 4809168896.0, 'object_store_memory': 2061072384.0, 'CPU': 20.0, 'node:172.18.0.2': 1.0, 'node:__internal_head__': 1.0, 'accelerator_type:GeForce-RTX-3060': 1.0, 'GPU': 1.0}
[92mINFO [0m:      Optimize your simulation with Flower VCE: https://flower.ai/docs/framework/how-to-run-simulations.html
[92mINFO [0m:      Flower VCE: Resources for each Virtual Client: {'num_cpus': 10, 'num_gpus': 0.5}
[92mINFO [0m:      Flower VCE: Creating VirtualClientEngineActorPool with 2 actors
[92mINFO [0m:      [INIT]
[92mINFO [0m:      Requesting initial parameters from one random client
[36m(ClientAppActor pid=55815)[0m [93mWARNING [0m:   DEPRECATED FEATURE: `client_fn` now expects a signature `def client_fn(context: Context)`.The provided `client_fn` has signature: {'cid': <Parameter "cid: str">}. You can import the `Context` like this: `from flwr.app import Context`
[36m(ClientAppActor pid=55815)[0m 
[36m(ClientAppActor pid=55815)[0m             This is a deprecated feature. It will be removed
[36m(ClientAppActor pid=55815)[0m             entirely in future versions of Flower.
[36m(ClientAppActor pid=55815)[0m         
[92mINFO [0m:      Received initial parameters from one random client
[92mINFO [0m:      Starting evaluation of initial global parameters
[92mINFO [0m:      Evaluation returned no results (`None`)
[92mINFO [0m:      
[92mINFO [0m:      [ROUND 1]
[92mINFO [0m:      configure_fit: strategy sampled 10 clients (out of 10)
[36m(ClientAppActor pid=55815)[0m [Client 8] Training on NVIDIA GeForce RTX 3060
[36m(ClientAppActor pid=55815)[0m [93mWARNING [0m:   DEPRECATED FEATURE: `client_fn` now expects a signature `def client_fn(context: Context)`.The provided `client_fn` has signature: {'cid': <Parameter "cid: str">}. You can import the `Context` like this: `from flwr.app import Context`
[36m(ClientAppActor pid=55815)[0m 
[36m(ClientAppActor pid=55815)[0m             This is a deprecated feature. It will be removed
[36m(ClientAppActor pid=55815)[0m             entirely in future versions of Flower.
[36m(ClientAppActor pid=55815)[0m         
[36m(ClientAppActor pid=55806)[0m 
[36m(ClientAppActor pid=55806)[0m         
[36m(ClientAppActor pid=55815)[0m 
[36m(ClientAppActor pid=55815)[0m         
[36m(ClientAppActor pid=55806)[0m [Client 3] Training on NVIDIA GeForce RTX 3060[32m [repeated 3x across cluster] (Ray deduplicates logs by default. Set RAY_DEDUP_LOGS=0 to disable log deduplication, or see https://docs.ray.io/en/master/ray-observability/user-guides/configure-logging.html#log-deduplication for more options.)[0m
[36m(ClientAppActor pid=55806)[0m 
[36m(ClientAppActor pid=55806)[0m         
[36m(ClientAppActor pid=55806)[0m [93mWARNING [0m:   DEPRECATED FEATURE: `client_fn` now expects a signature `def client_fn(context: Context)`.The provided `client_fn` has signature: {'cid': <Parameter "cid: str">}. You can import the `Context` like this: `from flwr.app import Context`[32m [repeated 3x across cluster][0m
[36m(ClientAppActor pid=55806)[0m             This is a deprecated feature. It will be removed[32m [repeated 3x across cluster][0m
[36m(ClientAppActor pid=55806)[0m             entirely in future versions of Flower.[32m [repeated 3x across cluster][0m
[36m(ClientAppActor pid=55815)[0m 
[36m(ClientAppActor pid=55815)[0m         
[36m(ClientAppActor pid=55806)[0m 
[36m(ClientAppActor pid=55806)[0m         
[36m(ClientAppActor pid=55806)[0m 
[36m(ClientAppActor pid=55806)[0m         
[36m(ClientAppActor pid=55806)[0m 
[36m(ClientAppActor pid=55806)[0m         
[36m(ClientAppActor pid=55806)[0m 
[36m(ClientAppActor pid=55806)[0m         
[36m(ClientAppActor pid=55815)[0m 
[36m(ClientAppActor pid=55815)[0m         
[92mINFO [0m:      aggregate_fit: received 10 results and 0 failures
[CascadeRouter] Round 1: 10 clients, 24578 parameters/client
[92mINFO [0m:      configure_evaluate: strategy sampled 10 clients (out of 10)
INFO:flwr:configure_evaluate: strategy sampled 10 clients (out of 10)
[36m(ClientAppActor pid=55815)[0m 
[36m(ClientAppActor pid=55815)[0m         
[36m(ClientAppActor pid=55815)[0m [93mWARNING [0m:   DEPRECATED FEATURE: `client_fn` now expects a signature `def client_fn(context: Context)`.The provided `client_fn` has signature: {'cid': <Parameter "cid: str">}. You can import the `Context` like this: `from flwr.app import Context`[32m [repeated 7x across cluster][0m
[36m(ClientAppActor pid=55815)[0m             This is a deprecated feature. It will be removed[32m [repeated 7x across cluster][0m
[36m(ClientAppActor pid=55815)[0m             entirely in future versions of Flower.[32m [repeated 7x across cluster][0m
[36m(ClientAppActor pid=55806)[0m 
[36m(ClientAppActor pid=55806)[0m         
[36m(ClientAppActor pid=55815)[0m 
[36m(ClientAppActor pid=55815)[0m         
[36m(ClientAppActor pid=55806)[0m 
[36m(ClientAppActor pid=55806)[0m         
[36m(ClientAppActor pid=55815)[0m 
[36m(ClientAppActor pid=55815)[0m         
[36m(ClientAppActor pid=55806)[0m 
[36m(ClientAppActor pid=55806)[0m         
[36m(ClientAppActor pid=55815)[0m 
[36m(ClientAppActor pid=55815)[0m         
[36m(ClientAppActor pid=55806)[0m 
[36m(ClientAppActor pid=55806)[0m         
[36m(ClientAppActor pid=55815)[0m 
[36m(ClientAppActor pid=55815)[0m         
[36m(ClientAppActor pid=55806)[0m 
[36m(ClientAppActor pid=55806)[0m         
[92mINFO [0m:      aggregate_evaluate: received 10 results and 0 failures
INFO:flwr:aggregate_evaluate: received 10 results and 0 failures
[92mINFO [0m:      
INFO:flwr:
[92mINFO [0m:      [ROUND 2]
INFO:flwr:[ROUND 2]
[92mINFO [0m:      configure_fit: strategy sampled 10 clients (out of 10)
INFO:flwr:configure_fit: strategy sampled 10 clients (out of 10)
[36m(ClientAppActor pid=55806)[0m [Client 5] Training on NVIDIA GeForce RTX 3060[32m [repeated 7x across cluster][0m
[36m(ClientAppActor pid=55806)[0m 
[36m(ClientAppActor pid=55806)[0m         
[36m(ClientAppActor pid=55815)[0m 
[36m(ClientAppActor pid=55815)[0m         
[36m(ClientAppActor pid=55815)[0m 
[36m(ClientAppActor pid=55815)[0m         
[36m(ClientAppActor pid=55806)[0m 
[36m(ClientAppActor pid=55806)[0m         
[36m(ClientAppActor pid=55806)[0m 
[36m(ClientAppActor pid=55806)[0m         
[36m(ClientAppActor pid=55806)[0m [93mWARNING [0m:   DEPRECATED FEATURE: `client_fn` now expects a signature `def client_fn(context: Context)`.The provided `client_fn` has signature: {'cid': <Parameter "cid: str">}. You can import the `Context` like this: `from flwr.app import Context`[32m [repeated 14x across cluster][0m
[36m(ClientAppActor pid=55806)[0m             This is a deprecated feature. It will be removed[32m [repeated 14x across cluster][0m
[36m(ClientAppActor pid=55806)[0m             entirely in future versions of Flower.[32m [repeated 14x across cluster][0m
[36m(ClientAppActor pid=55815)[0m 
[36m(ClientAppActor pid=55815)[0m         
[36m(ClientAppActor pid=55806)[0m 
[36m(ClientAppActor pid=55806)[0m         
[36m(ClientAppActor pid=55806)[0m 
[36m(ClientAppActor pid=55806)[0m         
[36m(ClientAppActor pid=55806)[0m [Client 8] Training on NVIDIA GeForce RTX 3060[32m [repeated 8x across cluster][0m
[36m(ClientAppActor pid=55806)[0m 
[36m(ClientAppActor pid=55806)[0m         
[36m(ClientAppActor pid=55806)[0m 
[36m(ClientAppActor pid=55806)[0m         
[36m(ClientAppActor pid=55806)[0m [93mWARNING [0m:   DEPRECATED FEATURE: `client_fn` now expects a signature `def client_fn(context: Context)`.The provided `client_fn` has signature: {'cid': <Parameter "cid: str">}. You can import the `Context` like this: `from flwr.app import Context`[32m [repeated 5x across cluster][0m
[36m(ClientAppActor pid=55806)[0m             This is a deprecated feature. It will be removed[32m [repeated 5x across cluster][0m
[36m(ClientAppActor pid=55806)[0m             entirely in future versions of Flower.[32m [repeated 5x across cluster][0m
[92mINFO [0m:      aggregate_fit: received 10 results and 0 failures
INFO:flwr:aggregate_fit: received 10 results and 0 failures
[CascadeRouter] Round 2: 10 clients, 24578 parameters/client
[92mINFO [0m:      configure_evaluate: strategy sampled 10 clients (out of 10)
INFO:flwr:configure_evaluate: strategy sampled 10 clients (out of 10)
[36m(ClientAppActor pid=55815)[0m 
[36m(ClientAppActor pid=55815)[0m         
[36m(ClientAppActor pid=55806)[0m 
[36m(ClientAppActor pid=55806)[0m         
[36m(ClientAppActor pid=55815)[0m 
[36m(ClientAppActor pid=55815)[0m         
[36m(ClientAppActor pid=55806)[0m 
[36m(ClientAppActor pid=55806)[0m         
[36m(ClientAppActor pid=55806)[0m 
[36m(ClientAppActor pid=55806)[0m         
[36m(ClientAppActor pid=55815)[0m 
[36m(ClientAppActor pid=55815)[0m         
[36m(ClientAppActor pid=55806)[0m 
[36m(ClientAppActor pid=55806)[0m         
[36m(ClientAppActor pid=55815)[0m 
[36m(ClientAppActor pid=55815)[0m         
[36m(ClientAppActor pid=55806)[0m 
[36m(ClientAppActor pid=55806)[0m         
[36m(ClientAppActor pid=55815)[0m 
[36m(ClientAppActor pid=55815)[0m         
[92mINFO [0m:      aggregate_evaluate: received 10 results and 0 failures
INFO:flwr:aggregate_evaluate: received 10 results and 0 failures
[92mINFO [0m:      
INFO:flwr:
[92mINFO [0m:      [ROUND 3]
INFO:flwr:[ROUND 3]
[92mINFO [0m:      configure_fit: strategy sampled 10 clients (out of 10)
INFO:flwr:configure_fit: strategy sampled 10 clients (out of 10)
[36m(ClientAppActor pid=55815)[0m 
[36m(ClientAppActor pid=55815)[0m         
[36m(ClientAppActor pid=55806)[0m 
[36m(ClientAppActor pid=55806)[0m         
[36m(ClientAppActor pid=55806)[0m 
[36m(ClientAppActor pid=55806)[0m         
[36m(ClientAppActor pid=55806)[0m [Client 0] Training on NVIDIA GeForce RTX 3060[32m [repeated 5x across cluster][0m
[36m(ClientAppActor pid=55806)[0m 
[36m(ClientAppActor pid=55806)[0m         
[36m(ClientAppActor pid=55815)[0m 
[36m(ClientAppActor pid=55815)[0m         
[36m(ClientAppActor pid=55815)[0m [93mWARNING [0m:   DEPRECATED FEATURE: `client_fn` now expects a signature `def client_fn(context: Context)`.The provided `client_fn` has signature: {'cid': <Parameter "cid: str">}. You can import the `Context` like this: `from flwr.app import Context`[32m [repeated 15x across cluster][0m
[36m(ClientAppActor pid=55815)[0m             This is a deprecated feature. It will be removed[32m [repeated 15x across cluster][0m
[36m(ClientAppActor pid=55815)[0m             entirely in future versions of Flower.[32m [repeated 15x across cluster][0m
[36m(ClientAppActor pid=55815)[0m 
[36m(ClientAppActor pid=55815)[0m         
[36m(ClientAppActor pid=55806)[0m 
[36m(ClientAppActor pid=55806)[0m         
[36m(ClientAppActor pid=55806)[0m 
[36m(ClientAppActor pid=55806)[0m         
[36m(ClientAppActor pid=55815)[0m 
[36m(ClientAppActor pid=55815)[0m         
[36m(ClientAppActor pid=55815)[0m 
[36m(ClientAppActor pid=55815)[0m         
[92mINFO [0m:      aggregate_fit: received 10 results and 0 failures
INFO:flwr:aggregate_fit: received 10 results and 0 failures
[CascadeRouter] Round 3: 10 clients, 24578 parameters/client
[92mINFO [0m:      configure_evaluate: strategy sampled 10 clients (out of 10)
INFO:flwr:configure_evaluate: strategy sampled 10 clients (out of 10)
[36m(ClientAppActor pid=55815)[0m 
[36m(ClientAppActor pid=55815)[0m         
[36m(ClientAppActor pid=55815)[0m [93mWARNING [0m:   DEPRECATED FEATURE: `client_fn` now expects a signature `def client_fn(context: Context)`.The provided `client_fn` has signature: {'cid': <Parameter "cid: str">}. You can import the `Context` like this: `from flwr.app import Context`[32m [repeated 6x across cluster][0m
[36m(ClientAppActor pid=55815)[0m             This is a deprecated feature. It will be removed[32m [repeated 6x across cluster][0m
[36m(ClientAppActor pid=55815)[0m             entirely in future versions of Flower.[32m [repeated 6x across cluster][0m
[36m(ClientAppActor pid=55806)[0m 
[36m(ClientAppActor pid=55806)[0m         
[36m(ClientAppActor pid=55806)[0m 
[36m(ClientAppActor pid=55806)[0m         
[36m(ClientAppActor pid=55815)[0m 
[36m(ClientAppActor pid=55815)[0m         
[36m(ClientAppActor pid=55806)[0m 
[36m(ClientAppActor pid=55806)[0m         
[36m(ClientAppActor pid=55815)[0m 
[36m(ClientAppActor pid=55815)[0m         
[36m(ClientAppActor pid=55806)[0m 
[36m(ClientAppActor pid=55806)[0m         
[36m(ClientAppActor pid=55815)[0m 
[36m(ClientAppActor pid=55815)[0m         
[36m(ClientAppActor pid=55806)[0m 
[36m(ClientAppActor pid=55806)[0m         
[36m(ClientAppActor pid=55815)[0m 
[36m(ClientAppActor pid=55815)[0m         
[92mINFO [0m:      aggregate_evaluate: received 10 results and 0 failures
INFO:flwr:aggregate_evaluate: received 10 results and 0 failures
[92mINFO [0m:      
INFO:flwr:
[92mINFO [0m:      [ROUND 4]
INFO:flwr:[ROUND 4]
[92mINFO [0m:      configure_fit: strategy sampled 10 clients (out of 10)
INFO:flwr:configure_fit: strategy sampled 10 clients (out of 10)
[36m(ClientAppActor pid=55815)[0m [Client 7] Training on NVIDIA GeForce RTX 3060[32m [repeated 7x across cluster][0m
[36m(ClientAppActor pid=55815)[0m 
[36m(ClientAppActor pid=55815)[0m         
[36m(ClientAppActor pid=55806)[0m 
[36m(ClientAppActor pid=55806)[0m         
[36m(ClientAppActor pid=55815)[0m 
[36m(ClientAppActor pid=55815)[0m         
[36m(ClientAppActor pid=55806)[0m 
[36m(ClientAppActor pid=55806)[0m         
[36m(ClientAppActor pid=55806)[0m 
[36m(ClientAppActor pid=55806)[0m         
[36m(ClientAppActor pid=55815)[0m 
[36m(ClientAppActor pid=55815)[0m         
[36m(ClientAppActor pid=55815)[0m [93mWARNING [0m:   DEPRECATED FEATURE: `client_fn` now expects a signature `def client_fn(context: Context)`.The provided `client_fn` has signature: {'cid': <Parameter "cid: str">}. You can import the `Context` like this: `from flwr.app import Context`[32m [repeated 15x across cluster][0m
[36m(ClientAppActor pid=55815)[0m             This is a deprecated feature. It will be removed[32m [repeated 15x across cluster][0m
[36m(ClientAppActor pid=55815)[0m             entirely in future versions of Flower.[32m [repeated 15x across cluster][0m
[36m(ClientAppActor pid=55815)[0m 
[36m(ClientAppActor pid=55815)[0m         
[36m(ClientAppActor pid=55806)[0m 
[36m(ClientAppActor pid=55806)[0m         
[36m(ClientAppActor pid=55806)[0m [Client 1] Training on NVIDIA GeForce RTX 3060[32m [repeated 8x across cluster][0m
[36m(ClientAppActor pid=55806)[0m 
[36m(ClientAppActor pid=55806)[0m         
[36m(ClientAppActor pid=55815)[0m 
[36m(ClientAppActor pid=55815)[0m         
[92mINFO [0m:      aggregate_fit: received 10 results and 0 failures
INFO:flwr:aggregate_fit: received 10 results and 0 failures
[CascadeRouter] Round 4: 10 clients, 24578 parameters/client
[92mINFO [0m:      configure_evaluate: strategy sampled 10 clients (out of 10)
INFO:flwr:configure_evaluate: strategy sampled 10 clients (out of 10)
[36m(ClientAppActor pid=55815)[0m 
[36m(ClientAppActor pid=55815)[0m         
[36m(ClientAppActor pid=55815)[0m [93mWARNING [0m:   DEPRECATED FEATURE: `client_fn` now expects a signature `def client_fn(context: Context)`.The provided `client_fn` has signature: {'cid': <Parameter "cid: str">}. You can import the `Context` like this: `from flwr.app import Context`[32m [repeated 5x across cluster][0m
[36m(ClientAppActor pid=55815)[0m             This is a deprecated feature. It will be removed[32m [repeated 5x across cluster][0m
[36m(ClientAppActor pid=55815)[0m             entirely in future versions of Flower.[32m [repeated 5x across cluster][0m
[36m(ClientAppActor pid=55806)[0m 
[36m(ClientAppActor pid=55806)[0m         
[36m(ClientAppActor pid=55815)[0m 
[36m(ClientAppActor pid=55815)[0m         
[36m(ClientAppActor pid=55806)[0m 
[36m(ClientAppActor pid=55806)[0m         
[36m(ClientAppActor pid=55815)[0m 
[36m(ClientAppActor pid=55815)[0m         
[36m(ClientAppActor pid=55806)[0m 
[36m(ClientAppActor pid=55806)[0m         
[36m(ClientAppActor pid=55815)[0m 
[36m(ClientAppActor pid=55815)[0m         
[36m(ClientAppActor pid=55806)[0m 
[36m(ClientAppActor pid=55806)[0m         
[36m(ClientAppActor pid=55815)[0m 
[36m(ClientAppActor pid=55815)[0m         
[36m(ClientAppActor pid=55806)[0m 
[36m(ClientAppActor pid=55806)[0m         
[92mINFO [0m:      aggregate_evaluate: received 10 results and 0 failures
INFO:flwr:aggregate_evaluate: received 10 results and 0 failures
[92mINFO [0m:      
INFO:flwr:
[92mINFO [0m:      [ROUND 5]
INFO:flwr:[ROUND 5]
[92mINFO [0m:      configure_fit: strategy sampled 10 clients (out of 10)
INFO:flwr:configure_fit: strategy sampled 10 clients (out of 10)
[36m(ClientAppActor pid=55806)[0m [Client 2] Training on NVIDIA GeForce RTX 3060[32m [repeated 2x across cluster][0m
[36m(ClientAppActor pid=55806)[0m 
[36m(ClientAppActor pid=55806)[0m         
[36m(ClientAppActor pid=55815)[0m 
[36m(ClientAppActor pid=55815)[0m         
[36m(ClientAppActor pid=55815)[0m 
[36m(ClientAppActor pid=55815)[0m         
[36m(ClientAppActor pid=55806)[0m 
[36m(ClientAppActor pid=55806)[0m         
[36m(ClientAppActor pid=55806)[0m 
[36m(ClientAppActor pid=55806)[0m         
[36m(ClientAppActor pid=55815)[0m 
[36m(ClientAppActor pid=55815)[0m         
[36m(ClientAppActor pid=55815)[0m [Client 3] Training on NVIDIA GeForce RTX 3060[32m [repeated 6x across cluster][0m
[36m(ClientAppActor pid=55815)[0m 
[36m(ClientAppActor pid=55815)[0m         
[36m(ClientAppActor pid=55815)[0m [93mWARNING [0m:   DEPRECATED FEATURE: `client_fn` now expects a signature `def client_fn(context: Context)`.The provided `client_fn` has signature: {'cid': <Parameter "cid: str">}. You can import the `Context` like this: `from flwr.app import Context`[32m [repeated 16x across cluster][0m
[36m(ClientAppActor pid=55815)[0m             This is a deprecated feature. It will be removed[32m [repeated 16x across cluster][0m
[36m(ClientAppActor pid=55815)[0m             entirely in future versions of Flower.[32m [repeated 16x across cluster][0m
[36m(ClientAppActor pid=55815)[0m 
[36m(ClientAppActor pid=55815)[0m         
[36m(ClientAppActor pid=55815)[0m 
[36m(ClientAppActor pid=55815)[0m         
[36m(ClientAppActor pid=55806)[0m 
[36m(ClientAppActor pid=55806)[0m         
[92mINFO [0m:      aggregate_fit: received 10 results and 0 failures
INFO:flwr:aggregate_fit: received 10 results and 0 failures
[CascadeRouter] Round 5: 10 clients, 24578 parameters/client
[92mINFO [0m:      configure_evaluate: strategy sampled 10 clients (out of 10)
INFO:flwr:configure_evaluate: strategy sampled 10 clients (out of 10)
[36m(ClientAppActor pid=55815)[0m 
[36m(ClientAppActor pid=55815)[0m         
[36m(ClientAppActor pid=55806)[0m 
[36m(ClientAppActor pid=55806)[0m         
[36m(ClientAppActor pid=55806)[0m 
[36m(ClientAppActor pid=55806)[0m         
[36m(ClientAppActor pid=55815)[0m 
[36m(ClientAppActor pid=55815)[0m         
[36m(ClientAppActor pid=55806)[0m 
[36m(ClientAppActor pid=55806)[0m         
[36m(ClientAppActor pid=55815)[0m 
[36m(ClientAppActor pid=55815)[0m         
[36m(ClientAppActor pid=55806)[0m 
[36m(ClientAppActor pid=55806)[0m         
[36m(ClientAppActor pid=55815)[0m 
[36m(ClientAppActor pid=55815)[0m         
[36m(ClientAppActor pid=55806)[0m 
[36m(ClientAppActor pid=55806)[0m         
[36m(ClientAppActor pid=55815)[0m 
[36m(ClientAppActor pid=55815)[0m         
[92mINFO [0m:      aggregate_evaluate: received 10 results and 0 failures
INFO:flwr:aggregate_evaluate: received 10 results and 0 failures
[92mINFO [0m:      
INFO:flwr:
[92mINFO [0m:      [ROUND 6]
INFO:flwr:[ROUND 6]
[92mINFO [0m:      configure_fit: strategy sampled 10 clients (out of 10)
INFO:flwr:configure_fit: strategy sampled 10 clients (out of 10)
[36m(ClientAppActor pid=55815)[0m 
[36m(ClientAppActor pid=55815)[0m         
[36m(ClientAppActor pid=55815)[0m [93mWARNING [0m:   DEPRECATED FEATURE: `client_fn` now expects a signature `def client_fn(context: Context)`.The provided `client_fn` has signature: {'cid': <Parameter "cid: str">}. You can import the `Context` like this: `from flwr.app import Context`[32m [repeated 14x across cluster][0m
[36m(ClientAppActor pid=55815)[0m             This is a deprecated feature. It will be removed[32m [repeated 14x across cluster][0m
[36m(ClientAppActor pid=55815)[0m             entirely in future versions of Flower.[32m [repeated 14x across cluster][0m
[36m(ClientAppActor pid=55815)[0m [Client 2] Training on NVIDIA GeForce RTX 3060[32m [repeated 4x across cluster][0m
[36m(ClientAppActor pid=55806)[0m 
[36m(ClientAppActor pid=55806)[0m         
[36m(ClientAppActor pid=55806)[0m 
[36m(ClientAppActor pid=55806)[0m         
[36m(ClientAppActor pid=55806)[0m 
[36m(ClientAppActor pid=55806)[0m         
[36m(ClientAppActor pid=55815)[0m 
[36m(ClientAppActor pid=55815)[0m         
[36m(ClientAppActor pid=55806)[0m 
[36m(ClientAppActor pid=55806)[0m         
[36m(ClientAppActor pid=55806)[0m [Client 3] Training on NVIDIA GeForce RTX 3060[32m [repeated 6x across cluster][0m
[36m(ClientAppActor pid=55806)[0m 
[36m(ClientAppActor pid=55806)[0m         
[36m(ClientAppActor pid=55806)[0m [93mWARNING [0m:   DEPRECATED FEATURE: `client_fn` now expects a signature `def client_fn(context: Context)`.The provided `client_fn` has signature: {'cid': <Parameter "cid: str">}. You can import the `Context` like this: `from flwr.app import Context`[32m [repeated 6x across cluster][0m
[36m(ClientAppActor pid=55806)[0m             This is a deprecated feature. It will be removed[32m [repeated 6x across cluster][0m
[36m(ClientAppActor pid=55806)[0m             entirely in future versions of Flower.[32m [repeated 6x across cluster][0m
[36m(ClientAppActor pid=55806)[0m 
[36m(ClientAppActor pid=55806)[0m         
[36m(ClientAppActor pid=55806)[0m 
[36m(ClientAppActor pid=55806)[0m         
[36m(ClientAppActor pid=55815)[0m 
[36m(ClientAppActor pid=55815)[0m         
[92mINFO [0m:      aggregate_fit: received 10 results and 0 failures
INFO:flwr:aggregate_fit: received 10 results and 0 failures
[CascadeRouter] Round 6: 10 clients, 24578 parameters/client
[92mINFO [0m:      configure_evaluate: strategy sampled 10 clients (out of 10)
INFO:flwr:configure_evaluate: strategy sampled 10 clients (out of 10)
[36m(ClientAppActor pid=55815)[0m 
[36m(ClientAppActor pid=55815)[0m         
[36m(ClientAppActor pid=55815)[0m [93mWARNING [0m:   DEPRECATED FEATURE: `client_fn` now expects a signature `def client_fn(context: Context)`.The provided `client_fn` has signature: {'cid': <Parameter "cid: str">}. You can import the `Context` like this: `from flwr.app import Context`[32m [repeated 4x across cluster][0m
[36m(ClientAppActor pid=55815)[0m             This is a deprecated feature. It will be removed[32m [repeated 4x across cluster][0m
[36m(ClientAppActor pid=55815)[0m             entirely in future versions of Flower.[32m [repeated 4x across cluster][0m
[36m(ClientAppActor pid=55806)[0m 
[36m(ClientAppActor pid=55806)[0m         
[36m(ClientAppActor pid=55815)[0m 
[36m(ClientAppActor pid=55815)[0m         
[36m(ClientAppActor pid=55806)[0m 
[36m(ClientAppActor pid=55806)[0m         
[36m(ClientAppActor pid=55815)[0m 
[36m(ClientAppActor pid=55815)[0m         
[36m(ClientAppActor pid=55806)[0m 
[36m(ClientAppActor pid=55806)[0m         
[36m(ClientAppActor pid=55815)[0m 
[36m(ClientAppActor pid=55815)[0m         
[36m(ClientAppActor pid=55806)[0m 
[36m(ClientAppActor pid=55806)[0m         
[36m(ClientAppActor pid=55815)[0m 
[36m(ClientAppActor pid=55815)[0m         
[36m(ClientAppActor pid=55806)[0m 
[36m(ClientAppActor pid=55806)[0m         
[92mINFO [0m:      aggregate_evaluate: received 10 results and 0 failures
INFO:flwr:aggregate_evaluate: received 10 results and 0 failures
[92mINFO [0m:      
INFO:flwr:
[92mINFO [0m:      [ROUND 7]
INFO:flwr:[ROUND 7]
[92mINFO [0m:      configure_fit: strategy sampled 10 clients (out of 10)
INFO:flwr:configure_fit: strategy sampled 10 clients (out of 10)
[36m(ClientAppActor pid=55806)[0m 
[36m(ClientAppActor pid=55806)[0m         
[36m(ClientAppActor pid=55815)[0m [Client 9] Training on NVIDIA GeForce RTX 3060[32m [repeated 4x across cluster][0m
[36m(ClientAppActor pid=55815)[0m 
[36m(ClientAppActor pid=55815)[0m         
[36m(ClientAppActor pid=55815)[0m 
[36m(ClientAppActor pid=55815)[0m         
[36m(ClientAppActor pid=55815)[0m 
[36m(ClientAppActor pid=55815)[0m         
[36m(ClientAppActor pid=55815)[0m 
[36m(ClientAppActor pid=55815)[0m         
[36m(ClientAppActor pid=55806)[0m 
[36m(ClientAppActor pid=55806)[0m         
[36m(ClientAppActor pid=55806)[0m [93mWARNING [0m:   DEPRECATED FEATURE: `client_fn` now expects a signature `def client_fn(context: Context)`.The provided `client_fn` has signature: {'cid': <Parameter "cid: str">}. You can import the `Context` like this: `from flwr.app import Context`[32m [repeated 15x across cluster][0m
[36m(ClientAppActor pid=55806)[0m             This is a deprecated feature. It will be removed[32m [repeated 15x across cluster][0m
[36m(ClientAppActor pid=55806)[0m             entirely in future versions of Flower.[32m [repeated 15x across cluster][0m
[36m(ClientAppActor pid=55806)[0m 
[36m(ClientAppActor pid=55806)[0m         
[36m(ClientAppActor pid=55815)[0m [Client 3] Training on NVIDIA GeForce RTX 3060[32m [repeated 7x across cluster][0m
[36m(ClientAppActor pid=55815)[0m 
[36m(ClientAppActor pid=55815)[0m         
[36m(ClientAppActor pid=55815)[0m 
[36m(ClientAppActor pid=55815)[0m         
[36m(ClientAppActor pid=55815)[0m 
[36m(ClientAppActor pid=55815)[0m         
[92mINFO [0m:      aggregate_fit: received 10 results and 0 failures
INFO:flwr:aggregate_fit: received 10 results and 0 failures
[CascadeRouter] Round 7: 10 clients, 24578 parameters/client
[92mINFO [0m:      configure_evaluate: strategy sampled 10 clients (out of 10)
INFO:flwr:configure_evaluate: strategy sampled 10 clients (out of 10)
[36m(ClientAppActor pid=55815)[0m 
[36m(ClientAppActor pid=55815)[0m         
[36m(ClientAppActor pid=55815)[0m [93mWARNING [0m:   DEPRECATED FEATURE: `client_fn` now expects a signature `def client_fn(context: Context)`.The provided `client_fn` has signature: {'cid': <Parameter "cid: str">}. You can import the `Context` like this: `from flwr.app import Context`[32m [repeated 5x across cluster][0m
[36m(ClientAppActor pid=55815)[0m             This is a deprecated feature. It will be removed[32m [repeated 5x across cluster][0m
[36m(ClientAppActor pid=55815)[0m             entirely in future versions of Flower.[32m [repeated 5x across cluster][0m
[36m(ClientAppActor pid=55806)[0m 
[36m(ClientAppActor pid=55806)[0m         
[36m(ClientAppActor pid=55815)[0m 
[36m(ClientAppActor pid=55815)[0m         
[36m(ClientAppActor pid=55806)[0m 
[36m(ClientAppActor pid=55806)[0m         
[36m(ClientAppActor pid=55806)[0m 
[36m(ClientAppActor pid=55806)[0m         
[36m(ClientAppActor pid=55815)[0m 
[36m(ClientAppActor pid=55815)[0m         
[36m(ClientAppActor pid=55806)[0m 
[36m(ClientAppActor pid=55806)[0m         
[36m(ClientAppActor pid=55815)[0m 
[36m(ClientAppActor pid=55815)[0m         
[36m(ClientAppActor pid=55815)[0m 
[36m(ClientAppActor pid=55815)[0m         
[36m(ClientAppActor pid=55806)[0m 
[36m(ClientAppActor pid=55806)[0m         
[92mINFO [0m:      aggregate_evaluate: received 10 results and 0 failures
INFO:flwr:aggregate_evaluate: received 10 results and 0 failures
[92mINFO [0m:      
INFO:flwr:
[92mINFO [0m:      [ROUND 8]
INFO:flwr:[ROUND 8]
[92mINFO [0m:      configure_fit: strategy sampled 10 clients (out of 10)
INFO:flwr:configure_fit: strategy sampled 10 clients (out of 10)
[36m(ClientAppActor pid=55815)[0m [Client 8] Training on NVIDIA GeForce RTX 3060[32m [repeated 3x across cluster][0m
[36m(ClientAppActor pid=55815)[0m 
[36m(ClientAppActor pid=55815)[0m         
[36m(ClientAppActor pid=55806)[0m 
[36m(ClientAppActor pid=55806)[0m         
[36m(ClientAppActor pid=55815)[0m 
[36m(ClientAppActor pid=55815)[0m         
[36m(ClientAppActor pid=55815)[0m 
[36m(ClientAppActor pid=55815)[0m         
[36m(ClientAppActor pid=55815)[0m 
[36m(ClientAppActor pid=55815)[0m         
[36m(ClientAppActor pid=55815)[0m 
[36m(ClientAppActor pid=55815)[0m         
[36m(ClientAppActor pid=55815)[0m [93mWARNING [0m:   DEPRECATED FEATURE: `client_fn` now expects a signature `def client_fn(context: Context)`.The provided `client_fn` has signature: {'cid': <Parameter "cid: str">}. You can import the `Context` like this: `from flwr.app import Context`[32m [repeated 15x across cluster][0m
[36m(ClientAppActor pid=55815)[0m             This is a deprecated feature. It will be removed[32m [repeated 15x across cluster][0m
[36m(ClientAppActor pid=55815)[0m             entirely in future versions of Flower.[32m [repeated 15x across cluster][0m
[36m(ClientAppActor pid=55806)[0m 
[36m(ClientAppActor pid=55806)[0m         
[36m(ClientAppActor pid=55806)[0m [Client 3] Training on NVIDIA GeForce RTX 3060[32m [repeated 7x across cluster][0m
[36m(ClientAppActor pid=55806)[0m 
[36m(ClientAppActor pid=55806)[0m         
[36m(ClientAppActor pid=55806)[0m 
[36m(ClientAppActor pid=55806)[0m         
[36m(ClientAppActor pid=55806)[0m 
[36m(ClientAppActor pid=55806)[0m         
[36m(ClientAppActor pid=55806)[0m [93mWARNING [0m:   DEPRECATED FEATURE: `client_fn` now expects a signature `def client_fn(context: Context)`.The provided `client_fn` has signature: {'cid': <Parameter "cid: str">}. You can import the `Context` like this: `from flwr.app import Context`[32m [repeated 4x across cluster][0m
[36m(ClientAppActor pid=55806)[0m             This is a deprecated feature. It will be removed[32m [repeated 4x across cluster][0m
[36m(ClientAppActor pid=55806)[0m             entirely in future versions of Flower.[32m [repeated 4x across cluster][0m
[92mINFO [0m:      aggregate_fit: received 10 results and 0 failures
INFO:flwr:aggregate_fit: received 10 results and 0 failures
[CascadeRouter] Round 8: 10 clients, 24578 parameters/client
[92mINFO [0m:      configure_evaluate: strategy sampled 10 clients (out of 10)
INFO:flwr:configure_evaluate: strategy sampled 10 clients (out of 10)
[36m(ClientAppActor pid=55815)[0m 
[36m(ClientAppActor pid=55815)[0m         
[36m(ClientAppActor pid=55806)[0m 
[36m(ClientAppActor pid=55806)[0m         
[36m(ClientAppActor pid=55815)[0m 
[36m(ClientAppActor pid=55815)[0m         
[36m(ClientAppActor pid=55806)[0m 
[36m(ClientAppActor pid=55806)[0m         
[36m(ClientAppActor pid=55815)[0m 
[36m(ClientAppActor pid=55815)[0m         
[36m(ClientAppActor pid=55806)[0m 
[36m(ClientAppActor pid=55806)[0m         
[36m(ClientAppActor pid=55815)[0m 
[36m(ClientAppActor pid=55815)[0m         
[36m(ClientAppActor pid=55806)[0m 
[36m(ClientAppActor pid=55806)[0m         
[36m(ClientAppActor pid=55815)[0m 
[36m(ClientAppActor pid=55815)[0m         
[36m(ClientAppActor pid=55806)[0m 
[36m(ClientAppActor pid=55806)[0m         
[92mINFO [0m:      aggregate_evaluate: received 10 results and 0 failures
INFO:flwr:aggregate_evaluate: received 10 results and 0 failures
[92mINFO [0m:      
INFO:flwr:
[92mINFO [0m:      [ROUND 9]
INFO:flwr:[ROUND 9]
[92mINFO [0m:      configure_fit: strategy sampled 10 clients (out of 10)
INFO:flwr:configure_fit: strategy sampled 10 clients (out of 10)
[36m(ClientAppActor pid=55806)[0m [Client 5] Training on NVIDIA GeForce RTX 3060[32m [repeated 3x across cluster][0m
[36m(ClientAppActor pid=55806)[0m 
[36m(ClientAppActor pid=55806)[0m         
[36m(ClientAppActor pid=55815)[0m 
[36m(ClientAppActor pid=55815)[0m         
[36m(ClientAppActor pid=55815)[0m 
[36m(ClientAppActor pid=55815)[0m         
[36m(ClientAppActor pid=55815)[0m 
[36m(ClientAppActor pid=55815)[0m         
[36m(ClientAppActor pid=55806)[0m 
[36m(ClientAppActor pid=55806)[0m         
[36m(ClientAppActor pid=55806)[0m [93mWARNING [0m:   DEPRECATED FEATURE: `client_fn` now expects a signature `def client_fn(context: Context)`.The provided `client_fn` has signature: {'cid': <Parameter "cid: str">}. You can import the `Context` like this: `from flwr.app import Context`[32m [repeated 15x across cluster][0m
[36m(ClientAppActor pid=55806)[0m             This is a deprecated feature. It will be removed[32m [repeated 15x across cluster][0m
[36m(ClientAppActor pid=55806)[0m             entirely in future versions of Flower.[32m [repeated 15x across cluster][0m
[36m(ClientAppActor pid=55806)[0m 
[36m(ClientAppActor pid=55806)[0m         
[36m(ClientAppActor pid=55815)[0m 
[36m(ClientAppActor pid=55815)[0m         
[36m(ClientAppActor pid=55806)[0m 
[36m(ClientAppActor pid=55806)[0m         
[36m(ClientAppActor pid=55815)[0m [Client 7] Training on NVIDIA GeForce RTX 3060[32m [repeated 8x across cluster][0m
[36m(ClientAppActor pid=55815)[0m 
[36m(ClientAppActor pid=55815)[0m         
[36m(ClientAppActor pid=55815)[0m 
[36m(ClientAppActor pid=55815)[0m         
[36m(ClientAppActor pid=55815)[0m [93mWARNING [0m:   DEPRECATED FEATURE: `client_fn` now expects a signature `def client_fn(context: Context)`.The provided `client_fn` has signature: {'cid': <Parameter "cid: str">}. You can import the `Context` like this: `from flwr.app import Context`[32m [repeated 5x across cluster][0m
[36m(ClientAppActor pid=55815)[0m             This is a deprecated feature. It will be removed[32m [repeated 5x across cluster][0m
[36m(ClientAppActor pid=55815)[0m             entirely in future versions of Flower.[32m [repeated 5x across cluster][0m
[92mINFO [0m:      aggregate_fit: received 10 results and 0 failures
INFO:flwr:aggregate_fit: received 10 results and 0 failures
[CascadeRouter] Round 9: 10 clients, 24578 parameters/client
[92mINFO [0m:      configure_evaluate: strategy sampled 10 clients (out of 10)
INFO:flwr:configure_evaluate: strategy sampled 10 clients (out of 10)
[36m(ClientAppActor pid=55815)[0m 
[36m(ClientAppActor pid=55815)[0m         
[36m(ClientAppActor pid=55806)[0m 
[36m(ClientAppActor pid=55806)[0m         
[36m(ClientAppActor pid=55806)[0m 
[36m(ClientAppActor pid=55806)[0m         
[36m(ClientAppActor pid=55815)[0m 
[36m(ClientAppActor pid=55815)[0m         
[36m(ClientAppActor pid=55806)[0m 
[36m(ClientAppActor pid=55806)[0m         
[36m(ClientAppActor pid=55815)[0m 
[36m(ClientAppActor pid=55815)[0m         
[36m(ClientAppActor pid=55806)[0m 
[36m(ClientAppActor pid=55806)[0m         
[36m(ClientAppActor pid=55815)[0m 
[36m(ClientAppActor pid=55815)[0m         
[36m(ClientAppActor pid=55806)[0m 
[36m(ClientAppActor pid=55806)[0m         
[36m(ClientAppActor pid=55815)[0m 
[36m(ClientAppActor pid=55815)[0m         
[92mINFO [0m:      aggregate_evaluate: received 10 results and 0 failures
INFO:flwr:aggregate_evaluate: received 10 results and 0 failures
[92mINFO [0m:      
INFO:flwr:
[92mINFO [0m:      [ROUND 10]
INFO:flwr:[ROUND 10]
[92mINFO [0m:      configure_fit: strategy sampled 10 clients (out of 10)
INFO:flwr:configure_fit: strategy sampled 10 clients (out of 10)
[36m(ClientAppActor pid=55815)[0m [Client 2] Training on NVIDIA GeForce RTX 3060[32m [repeated 2x across cluster][0m
[36m(ClientAppActor pid=55815)[0m 
[36m(ClientAppActor pid=55815)[0m         
[36m(ClientAppActor pid=55806)[0m 
[36m(ClientAppActor pid=55806)[0m         
[36m(ClientAppActor pid=55806)[0m 
[36m(ClientAppActor pid=55806)[0m         
[36m(ClientAppActor pid=55815)[0m 
[36m(ClientAppActor pid=55815)[0m         
[36m(ClientAppActor pid=55815)[0m 
[36m(ClientAppActor pid=55815)[0m         
[36m(ClientAppActor pid=55815)[0m [93mWARNING [0m:   DEPRECATED FEATURE: `client_fn` now expects a signature `def client_fn(context: Context)`.The provided `client_fn` has signature: {'cid': <Parameter "cid: str">}. You can import the `Context` like this: `from flwr.app import Context`[32m [repeated 15x across cluster][0m
[36m(ClientAppActor pid=55815)[0m             This is a deprecated feature. It will be removed[32m [repeated 15x across cluster][0m
[36m(ClientAppActor pid=55815)[0m             entirely in future versions of Flower.[32m [repeated 15x across cluster][0m
[36m(ClientAppActor pid=55815)[0m 
[36m(ClientAppActor pid=55815)[0m         
[36m(ClientAppActor pid=55806)[0m [Client 6] Training on NVIDIA GeForce RTX 3060[32m [repeated 6x across cluster][0m
[36m(ClientAppActor pid=55806)[0m 
[36m(ClientAppActor pid=55806)[0m         
[36m(ClientAppActor pid=55815)[0m 
[36m(ClientAppActor pid=55815)[0m         
[36m(ClientAppActor pid=55806)[0m 
[36m(ClientAppActor pid=55806)[0m         
[36m(ClientAppActor pid=55815)[0m 
[36m(ClientAppActor pid=55815)[0m         
[92mINFO [0m:      aggregate_fit: received 10 results and 0 failures
INFO:flwr:aggregate_fit: received 10 results and 0 failures
[CascadeRouter] Round 10: 10 clients, 24578 parameters/client
[92mINFO [0m:      configure_evaluate: strategy sampled 10 clients (out of 10)
INFO:flwr:configure_evaluate: strategy sampled 10 clients (out of 10)
[36m(ClientAppActor pid=55815)[0m 
[36m(ClientAppActor pid=55815)[0m         
[36m(ClientAppActor pid=55815)[0m [93mWARNING [0m:   DEPRECATED FEATURE: `client_fn` now expects a signature `def client_fn(context: Context)`.The provided `client_fn` has signature: {'cid': <Parameter "cid: str">}. You can import the `Context` like this: `from flwr.app import Context`[32m [repeated 6x across cluster][0m
[36m(ClientAppActor pid=55815)[0m             This is a deprecated feature. It will be removed[32m [repeated 6x across cluster][0m
[36m(ClientAppActor pid=55815)[0m             entirely in future versions of Flower.[32m [repeated 6x across cluster][0m
[36m(ClientAppActor pid=55806)[0m 
[36m(ClientAppActor pid=55806)[0m         
[36m(ClientAppActor pid=55806)[0m 
[36m(ClientAppActor pid=55806)[0m         
[36m(ClientAppActor pid=55815)[0m 
[36m(ClientAppActor pid=55815)[0m         
[36m(ClientAppActor pid=55806)[0m 
[36m(ClientAppActor pid=55806)[0m         
[36m(ClientAppActor pid=55815)[0m 
[36m(ClientAppActor pid=55815)[0m         
[36m(ClientAppActor pid=55806)[0m 
[36m(ClientAppActor pid=55806)[0m         
[36m(ClientAppActor pid=55815)[0m 
[36m(ClientAppActor pid=55815)[0m         
[36m(ClientAppActor pid=55815)[0m 
[36m(ClientAppActor pid=55815)[0m         
[36m(ClientAppActor pid=55806)[0m 
[36m(ClientAppActor pid=55806)[0m         
[92mINFO [0m:      aggregate_evaluate: received 10 results and 0 failures
INFO:flwr:aggregate_evaluate: received 10 results and 0 failures
[92mINFO [0m:      
INFO:flwr:
[92mINFO [0m:      [ROUND 11]
INFO:flwr:[ROUND 11]
[92mINFO [0m:      configure_fit: strategy sampled 10 clients (out of 10)
INFO:flwr:configure_fit: strategy sampled 10 clients (out of 10)
[36m(ClientAppActor pid=55815)[0m 
[36m(ClientAppActor pid=55815)[0m         
[36m(ClientAppActor pid=55806)[0m 
[36m(ClientAppActor pid=55806)[0m         
[36m(ClientAppActor pid=55815)[0m 
[36m(ClientAppActor pid=55815)[0m         
[36m(ClientAppActor pid=55806)[0m 
[36m(ClientAppActor pid=55806)[0m         
[36m(ClientAppActor pid=55815)[0m [Client 8] Training on NVIDIA GeForce RTX 3060[32m [repeated 8x across cluster][0m
[36m(ClientAppActor pid=55815)[0m 
[36m(ClientAppActor pid=55815)[0m         
[36m(ClientAppActor pid=55815)[0m 
[36m(ClientAppActor pid=55815)[0m         
[36m(ClientAppActor pid=55806)[0m 
[36m(ClientAppActor pid=55806)[0m         
[36m(ClientAppActor pid=55815)[0m 
[36m(ClientAppActor pid=55815)[0m         
[36m(ClientAppActor pid=55806)[0m 
[36m(ClientAppActor pid=55806)[0m         
[36m(ClientAppActor pid=55806)[0m [93mWARNING [0m:   DEPRECATED FEATURE: `client_fn` now expects a signature `def client_fn(context: Context)`.The provided `client_fn` has signature: {'cid': <Parameter "cid: str">}. You can import the `Context` like this: `from flwr.app import Context`[32m [repeated 18x across cluster][0m
[36m(ClientAppActor pid=55806)[0m             This is a deprecated feature. It will be removed[32m [repeated 18x across cluster][0m
[36m(ClientAppActor pid=55806)[0m             entirely in future versions of Flower.[32m [repeated 18x across cluster][0m
[36m(ClientAppActor pid=55806)[0m 
[36m(ClientAppActor pid=55806)[0m         
[92mINFO [0m:      aggregate_fit: received 10 results and 0 failures
INFO:flwr:aggregate_fit: received 10 results and 0 failures
[CascadeRouter] Round 11: 10 clients, 24578 parameters/client
[92mINFO [0m:      configure_evaluate: strategy sampled 10 clients (out of 10)
INFO:flwr:configure_evaluate: strategy sampled 10 clients (out of 10)
[36m(ClientAppActor pid=55815)[0m 
[36m(ClientAppActor pid=55815)[0m         
[36m(ClientAppActor pid=55815)[0m [93mWARNING [0m:   DEPRECATED FEATURE: `client_fn` now expects a signature `def client_fn(context: Context)`.The provided `client_fn` has signature: {'cid': <Parameter "cid: str">}. You can import the `Context` like this: `from flwr.app import Context`[32m [repeated 2x across cluster][0m
[36m(ClientAppActor pid=55815)[0m             This is a deprecated feature. It will be removed[32m [repeated 2x across cluster][0m
[36m(ClientAppActor pid=55815)[0m             entirely in future versions of Flower.[32m [repeated 2x across cluster][0m
[36m(ClientAppActor pid=55806)[0m 
[36m(ClientAppActor pid=55806)[0m         
[36m(ClientAppActor pid=55815)[0m 
[36m(ClientAppActor pid=55815)[0m         
[36m(ClientAppActor pid=55806)[0m 
[36m(ClientAppActor pid=55806)[0m         
[36m(ClientAppActor pid=55815)[0m 
[36m(ClientAppActor pid=55815)[0m         
[36m(ClientAppActor pid=55806)[0m 
[36m(ClientAppActor pid=55806)[0m         
[36m(ClientAppActor pid=55815)[0m 
[36m(ClientAppActor pid=55815)[0m         
[36m(ClientAppActor pid=55806)[0m 
[36m(ClientAppActor pid=55806)[0m         
[36m(ClientAppActor pid=55806)[0m 
[36m(ClientAppActor pid=55806)[0m         
[36m(ClientAppActor pid=55815)[0m 
[36m(ClientAppActor pid=55815)[0m         
[92mINFO [0m:      aggregate_evaluate: received 10 results and 0 failures
INFO:flwr:aggregate_evaluate: received 10 results and 0 failures
[92mINFO [0m:      
INFO:flwr:
[92mINFO [0m:      [ROUND 12]
INFO:flwr:[ROUND 12]
[92mINFO [0m:      configure_fit: strategy sampled 10 clients (out of 10)
INFO:flwr:configure_fit: strategy sampled 10 clients (out of 10)
[36m(ClientAppActor pid=55815)[0m [Client 9] Training on NVIDIA GeForce RTX 3060[32m [repeated 6x across cluster][0m
[36m(ClientAppActor pid=55815)[0m 
[36m(ClientAppActor pid=55815)[0m         
[36m(ClientAppActor pid=55806)[0m 
[36m(ClientAppActor pid=55806)[0m         
[36m(ClientAppActor pid=55806)[0m 
[36m(ClientAppActor pid=55806)[0m         
[36m(ClientAppActor pid=55815)[0m 
[36m(ClientAppActor pid=55815)[0m         
[36m(ClientAppActor pid=55815)[0m 
[36m(ClientAppActor pid=55815)[0m         
[36m(ClientAppActor pid=55806)[0m 
[36m(ClientAppActor pid=55806)[0m         
[36m(ClientAppActor pid=55806)[0m 
[36m(ClientAppActor pid=55806)[0m         
[36m(ClientAppActor pid=55815)[0m 
[36m(ClientAppActor pid=55815)[0m         
[36m(ClientAppActor pid=55806)[0m 
[36m(ClientAppActor pid=55806)[0m         
[36m(ClientAppActor pid=55806)[0m [93mWARNING [0m:   DEPRECATED FEATURE: `client_fn` now expects a signature `def client_fn(context: Context)`.The provided `client_fn` has signature: {'cid': <Parameter "cid: str">}. You can import the `Context` like this: `from flwr.app import Context`[32m [repeated 18x across cluster][0m
[36m(ClientAppActor pid=55806)[0m             This is a deprecated feature. It will be removed[32m [repeated 18x across cluster][0m
[36m(ClientAppActor pid=55806)[0m             entirely in future versions of Flower.[32m [repeated 18x across cluster][0m
[36m(ClientAppActor pid=55815)[0m [Client 4] Training on NVIDIA GeForce RTX 3060[32m [repeated 9x across cluster][0m
[36m(ClientAppActor pid=55815)[0m 
[36m(ClientAppActor pid=55815)[0m         
[92mINFO [0m:      aggregate_fit: received 10 results and 0 failures
INFO:flwr:aggregate_fit: received 10 results and 0 failures
[CascadeRouter] Round 12: 10 clients, 24578 parameters/client
[92mINFO [0m:      configure_evaluate: strategy sampled 10 clients (out of 10)
INFO:flwr:configure_evaluate: strategy sampled 10 clients (out of 10)
[36m(ClientAppActor pid=55815)[0m 
[36m(ClientAppActor pid=55815)[0m         
[36m(ClientAppActor pid=55815)[0m [93mWARNING [0m:   DEPRECATED FEATURE: `client_fn` now expects a signature `def client_fn(context: Context)`.The provided `client_fn` has signature: {'cid': <Parameter "cid: str">}. You can import the `Context` like this: `from flwr.app import Context`[32m [repeated 2x across cluster][0m
[36m(ClientAppActor pid=55815)[0m             This is a deprecated feature. It will be removed[32m [repeated 2x across cluster][0m
[36m(ClientAppActor pid=55815)[0m             entirely in future versions of Flower.[32m [repeated 2x across cluster][0m
[36m(ClientAppActor pid=55806)[0m 
[36m(ClientAppActor pid=55806)[0m         
[36m(ClientAppActor pid=55815)[0m 
[36m(ClientAppActor pid=55815)[0m         
[36m(ClientAppActor pid=55806)[0m 
[36m(ClientAppActor pid=55806)[0m         
[36m(ClientAppActor pid=55815)[0m 
[36m(ClientAppActor pid=55815)[0m         
[36m(ClientAppActor pid=55806)[0m 
[36m(ClientAppActor pid=55806)[0m         
[36m(ClientAppActor pid=55815)[0m 
[36m(ClientAppActor pid=55815)[0m         
[36m(ClientAppActor pid=55806)[0m 
[36m(ClientAppActor pid=55806)[0m         
[36m(ClientAppActor pid=55815)[0m 
[36m(ClientAppActor pid=55815)[0m         
[36m(ClientAppActor pid=55806)[0m 
[36m(ClientAppActor pid=55806)[0m         
[92mINFO [0m:      aggregate_evaluate: received 10 results and 0 failures
INFO:flwr:aggregate_evaluate: received 10 results and 0 failures
[92mINFO [0m:      
INFO:flwr:
[92mINFO [0m:      [ROUND 13]
INFO:flwr:[ROUND 13]
[92mINFO [0m:      configure_fit: strategy sampled 10 clients (out of 10)
INFO:flwr:configure_fit: strategy sampled 10 clients (out of 10)
[36m(ClientAppActor pid=55815)[0m 
[36m(ClientAppActor pid=55815)[0m         
[36m(ClientAppActor pid=55806)[0m [Client 1] Training on NVIDIA GeForce RTX 3060
[36m(ClientAppActor pid=55806)[0m 
[36m(ClientAppActor pid=55806)[0m         
[36m(ClientAppActor pid=55815)[0m [Client 3] Training on NVIDIA GeForce RTX 3060
[36m(ClientAppActor pid=55815)[0m [Client 7] Training on NVIDIA GeForce RTX 3060
[36m(ClientAppActor pid=55815)[0m 
[36m(ClientAppActor pid=55815)[0m         
[36m(ClientAppActor pid=55815)[0m [Client 2] Training on NVIDIA GeForce RTX 3060
[36m(ClientAppActor pid=55815)[0m 
[36m(ClientAppActor pid=55815)[0m         
[36m(ClientAppActor pid=55806)[0m 
[36m(ClientAppActor pid=55806)[0m         
[36m(ClientAppActor pid=55806)[0m [93mWARNING [0m:   DEPRECATED FEATURE: `client_fn` now expects a signature `def client_fn(context: Context)`.The provided `client_fn` has signature: {'cid': <Parameter "cid: str">}. You can import the `Context` like this: `from flwr.app import Context`[32m [repeated 14x across cluster][0m
[36m(ClientAppActor pid=55806)[0m             This is a deprecated feature. It will be removed[32m [repeated 14x across cluster][0m
[36m(ClientAppActor pid=55806)[0m             entirely in future versions of Flower.[32m [repeated 14x across cluster][0m
[36m(ClientAppActor pid=55815)[0m 
[36m(ClientAppActor pid=55815)[0m         
[36m(ClientAppActor pid=55806)[0m 
[36m(ClientAppActor pid=55806)[0m         
[36m(ClientAppActor pid=55815)[0m 
[36m(ClientAppActor pid=55815)[0m         
[36m(ClientAppActor pid=55815)[0m [Client 0] Training on NVIDIA GeForce RTX 3060[32m [repeated 5x across cluster][0m
[36m(ClientAppActor pid=55815)[0m 
[36m(ClientAppActor pid=55815)[0m         
[36m(ClientAppActor pid=55815)[0m 
[36m(ClientAppActor pid=55815)[0m         
[92mINFO [0m:      aggregate_fit: received 10 results and 0 failures
INFO:flwr:aggregate_fit: received 10 results and 0 failures
[CascadeRouter] Round 13: 10 clients, 24578 parameters/client
[92mINFO [0m:      configure_evaluate: strategy sampled 10 clients (out of 10)
INFO:flwr:configure_evaluate: strategy sampled 10 clients (out of 10)
[36m(ClientAppActor pid=55806)[0m 
[36m(ClientAppActor pid=55806)[0m         
[36m(ClientAppActor pid=55806)[0m [93mWARNING [0m:   DEPRECATED FEATURE: `client_fn` now expects a signature `def client_fn(context: Context)`.The provided `client_fn` has signature: {'cid': <Parameter "cid: str">}. You can import the `Context` like this: `from flwr.app import Context`[32m [repeated 6x across cluster][0m
[36m(ClientAppActor pid=55806)[0m             This is a deprecated feature. It will be removed[32m [repeated 6x across cluster][0m
[36m(ClientAppActor pid=55806)[0m             entirely in future versions of Flower.[32m [repeated 6x across cluster][0m
[36m(ClientAppActor pid=55815)[0m 
[36m(ClientAppActor pid=55815)[0m         
[36m(ClientAppActor pid=55806)[0m 
[36m(ClientAppActor pid=55806)[0m         
[36m(ClientAppActor pid=55815)[0m 
[36m(ClientAppActor pid=55815)[0m         
[36m(ClientAppActor pid=55806)[0m 
[36m(ClientAppActor pid=55806)[0m         
[36m(ClientAppActor pid=55815)[0m 
[36m(ClientAppActor pid=55815)[0m         
[36m(ClientAppActor pid=55806)[0m 
[36m(ClientAppActor pid=55806)[0m         
[36m(ClientAppActor pid=55815)[0m 
[36m(ClientAppActor pid=55815)[0m         
[36m(ClientAppActor pid=55815)[0m 
[36m(ClientAppActor pid=55815)[0m         
[36m(ClientAppActor pid=55806)[0m 
[36m(ClientAppActor pid=55806)[0m         
[92mINFO [0m:      aggregate_evaluate: received 10 results and 0 failures
INFO:flwr:aggregate_evaluate: received 10 results and 0 failures
[92mINFO [0m:      
INFO:flwr:
[92mINFO [0m:      [ROUND 14]
INFO:flwr:[ROUND 14]
[92mINFO [0m:      configure_fit: strategy sampled 10 clients (out of 10)
INFO:flwr:configure_fit: strategy sampled 10 clients (out of 10)
[36m(ClientAppActor pid=55815)[0m [Client 2] Training on NVIDIA GeForce RTX 3060[32m [repeated 2x across cluster][0m
[36m(ClientAppActor pid=55815)[0m 
[36m(ClientAppActor pid=55815)[0m         
[36m(ClientAppActor pid=55806)[0m 
[36m(ClientAppActor pid=55806)[0m         
[36m(ClientAppActor pid=55815)[0m 
[36m(ClientAppActor pid=55815)[0m         
[36m(ClientAppActor pid=55806)[0m 
[36m(ClientAppActor pid=55806)[0m         
[36m(ClientAppActor pid=55806)[0m 
[36m(ClientAppActor pid=55806)[0m         
[36m(ClientAppActor pid=55815)[0m 
[36m(ClientAppActor pid=55815)[0m         
[36m(ClientAppActor pid=55815)[0m [93mWARNING [0m:   DEPRECATED FEATURE: `client_fn` now expects a signature `def client_fn(context: Context)`.The provided `client_fn` has signature: {'cid': <Parameter "cid: str">}. You can import the `Context` like this: `from flwr.app import Context`[32m [repeated 15x across cluster][0m
[36m(ClientAppActor pid=55815)[0m             This is a deprecated feature. It will be removed[32m [repeated 15x across cluster][0m
[36m(ClientAppActor pid=55815)[0m             entirely in future versions of Flower.[32m [repeated 15x across cluster][0m
[36m(ClientAppActor pid=55815)[0m 
[36m(ClientAppActor pid=55815)[0m         
[36m(ClientAppActor pid=55815)[0m 
[36m(ClientAppActor pid=55815)[0m         
[36m(ClientAppActor pid=55815)[0m [Client 3] Training on NVIDIA GeForce RTX 3060[32m [repeated 8x across cluster][0m
[36m(ClientAppActor pid=55815)[0m 
[36m(ClientAppActor pid=55815)[0m         
[36m(ClientAppActor pid=55806)[0m 
[36m(ClientAppActor pid=55806)[0m         
[92mINFO [0m:      aggregate_fit: received 10 results and 0 failures
INFO:flwr:aggregate_fit: received 10 results and 0 failures
[CascadeRouter] Round 14: 10 clients, 24578 parameters/client
[92mINFO [0m:      configure_evaluate: strategy sampled 10 clients (out of 10)
INFO:flwr:configure_evaluate: strategy sampled 10 clients (out of 10)
[36m(ClientAppActor pid=55806)[0m 
[36m(ClientAppActor pid=55806)[0m         
[36m(ClientAppActor pid=55806)[0m [93mWARNING [0m:   DEPRECATED FEATURE: `client_fn` now expects a signature `def client_fn(context: Context)`.The provided `client_fn` has signature: {'cid': <Parameter "cid: str">}. You can import the `Context` like this: `from flwr.app import Context`[32m [repeated 5x across cluster][0m
[36m(ClientAppActor pid=55806)[0m             This is a deprecated feature. It will be removed[32m [repeated 5x across cluster][0m
[36m(ClientAppActor pid=55806)[0m             entirely in future versions of Flower.[32m [repeated 5x across cluster][0m
[36m(ClientAppActor pid=55815)[0m 
[36m(ClientAppActor pid=55815)[0m         
[36m(ClientAppActor pid=55806)[0m 
[36m(ClientAppActor pid=55806)[0m         
[36m(ClientAppActor pid=55815)[0m 
[36m(ClientAppActor pid=55815)[0m         
[36m(ClientAppActor pid=55806)[0m 
[36m(ClientAppActor pid=55806)[0m         
[36m(ClientAppActor pid=55815)[0m 
[36m(ClientAppActor pid=55815)[0m         
[36m(ClientAppActor pid=55815)[0m 
[36m(ClientAppActor pid=55815)[0m         
[36m(ClientAppActor pid=55806)[0m 
[36m(ClientAppActor pid=55806)[0m         
[36m(ClientAppActor pid=55806)[0m 
[36m(ClientAppActor pid=55806)[0m         
[36m(ClientAppActor pid=55815)[0m 
[36m(ClientAppActor pid=55815)[0m         
[92mINFO [0m:      aggregate_evaluate: received 10 results and 0 failures
INFO:flwr:aggregate_evaluate: received 10 results and 0 failures
[92mINFO [0m:      
INFO:flwr:
[92mINFO [0m:      [ROUND 15]
INFO:flwr:[ROUND 15]
[92mINFO [0m:      configure_fit: strategy sampled 10 clients (out of 10)
INFO:flwr:configure_fit: strategy sampled 10 clients (out of 10)
[36m(ClientAppActor pid=55815)[0m [Client 2] Training on NVIDIA GeForce RTX 3060[32m [repeated 2x across cluster][0m
[36m(ClientAppActor pid=55815)[0m 
[36m(ClientAppActor pid=55815)[0m         
[36m(ClientAppActor pid=55806)[0m 
[36m(ClientAppActor pid=55806)[0m         
[36m(ClientAppActor pid=55815)[0m 
[36m(ClientAppActor pid=55815)[0m         
[36m(ClientAppActor pid=55815)[0m 
[36m(ClientAppActor pid=55815)[0m         
[36m(ClientAppActor pid=55806)[0m 
[36m(ClientAppActor pid=55806)[0m         
[36m(ClientAppActor pid=55815)[0m 
[36m(ClientAppActor pid=55815)[0m         
[36m(ClientAppActor pid=55806)[0m 
[36m(ClientAppActor pid=55806)[0m         
[36m(ClientAppActor pid=55806)[0m [93mWARNING [0m:   DEPRECATED FEATURE: `client_fn` now expects a signature `def client_fn(context: Context)`.The provided `client_fn` has signature: {'cid': <Parameter "cid: str">}. You can import the `Context` like this: `from flwr.app import Context`[32m [repeated 16x across cluster][0m
[36m(ClientAppActor pid=55806)[0m             This is a deprecated feature. It will be removed[32m [repeated 16x across cluster][0m
[36m(ClientAppActor pid=55806)[0m             entirely in future versions of Flower.[32m [repeated 16x across cluster][0m
[36m(ClientAppActor pid=55815)[0m [Client 6] Training on NVIDIA GeForce RTX 3060[32m [repeated 7x across cluster][0m
[36m(ClientAppActor pid=55815)[0m 
[36m(ClientAppActor pid=55815)[0m         
[36m(ClientAppActor pid=55815)[0m 
[36m(ClientAppActor pid=55815)[0m         
[36m(ClientAppActor pid=55815)[0m 
[36m(ClientAppActor pid=55815)[0m         
[36m(ClientAppActor pid=55815)[0m [93mWARNING [0m:   DEPRECATED FEATURE: `client_fn` now expects a signature `def client_fn(context: Context)`.The provided `client_fn` has signature: {'cid': <Parameter "cid: str">}. You can import the `Context` like this: `from flwr.app import Context`[32m [repeated 3x across cluster][0m
[36m(ClientAppActor pid=55815)[0m             This is a deprecated feature. It will be removed[32m [repeated 3x across cluster][0m
[36m(ClientAppActor pid=55815)[0m             entirely in future versions of Flower.[32m [repeated 3x across cluster][0m
[92mINFO [0m:      aggregate_fit: received 10 results and 0 failures
INFO:flwr:aggregate_fit: received 10 results and 0 failures
[CascadeRouter] Round 15: 10 clients, 24578 parameters/client
[92mINFO [0m:      configure_evaluate: strategy sampled 10 clients (out of 10)
INFO:flwr:configure_evaluate: strategy sampled 10 clients (out of 10)
[36m(ClientAppActor pid=55806)[0m 
[36m(ClientAppActor pid=55806)[0m         
[36m(ClientAppActor pid=55815)[0m 
[36m(ClientAppActor pid=55815)[0m         
[36m(ClientAppActor pid=55815)[0m 
[36m(ClientAppActor pid=55815)[0m         
[36m(ClientAppActor pid=55806)[0m 
[36m(ClientAppActor pid=55806)[0m         
[36m(ClientAppActor pid=55815)[0m 
[36m(ClientAppActor pid=55815)[0m         
[36m(ClientAppActor pid=55806)[0m 
[36m(ClientAppActor pid=55806)[0m         
[36m(ClientAppActor pid=55806)[0m 
[36m(ClientAppActor pid=55806)[0m         
[36m(ClientAppActor pid=55815)[0m 
[36m(ClientAppActor pid=55815)[0m         
[36m(ClientAppActor pid=55815)[0m 
[36m(ClientAppActor pid=55815)[0m         
[36m(ClientAppActor pid=55806)[0m 
[36m(ClientAppActor pid=55806)[0m         
[92mINFO [0m:      aggregate_evaluate: received 10 results and 0 failures
INFO:flwr:aggregate_evaluate: received 10 results and 0 failures
[92mINFO [0m:      
INFO:flwr:
[92mINFO [0m:      [ROUND 16]
INFO:flwr:[ROUND 16]
[92mINFO [0m:      configure_fit: strategy sampled 10 clients (out of 10)
INFO:flwr:configure_fit: strategy sampled 10 clients (out of 10)
[36m(ClientAppActor pid=55815)[0m [Client 5] Training on NVIDIA GeForce RTX 3060[32m [repeated 3x across cluster][0m
[36m(ClientAppActor pid=55815)[0m 
[36m(ClientAppActor pid=55815)[0m         
[36m(ClientAppActor pid=55806)[0m 
[36m(ClientAppActor pid=55806)[0m         
[36m(ClientAppActor pid=55806)[0m 
[36m(ClientAppActor pid=55806)[0m         
[36m(ClientAppActor pid=55806)[0m 
[36m(ClientAppActor pid=55806)[0m         
[36m(ClientAppActor pid=55815)[0m 
[36m(ClientAppActor pid=55815)[0m         
[36m(ClientAppActor pid=55815)[0m [93mWARNING [0m:   DEPRECATED FEATURE: `client_fn` now expects a signature `def client_fn(context: Context)`.The provided `client_fn` has signature: {'cid': <Parameter "cid: str">}. You can import the `Context` like this: `from flwr.app import Context`[32m [repeated 15x across cluster][0m
[36m(ClientAppActor pid=55815)[0m             This is a deprecated feature. It will be removed[32m [repeated 15x across cluster][0m
[36m(ClientAppActor pid=55815)[0m             entirely in future versions of Flower.[32m [repeated 15x across cluster][0m
[36m(ClientAppActor pid=55815)[0m 
[36m(ClientAppActor pid=55815)[0m         
[36m(ClientAppActor pid=55806)[0m [Client 2] Training on NVIDIA GeForce RTX 3060[32m [repeated 6x across cluster][0m
[36m(ClientAppActor pid=55806)[0m 
[36m(ClientAppActor pid=55806)[0m         
[36m(ClientAppActor pid=55806)[0m 
[36m(ClientAppActor pid=55806)[0m         
[36m(ClientAppActor pid=55815)[0m 
[36m(ClientAppActor pid=55815)[0m         
[36m(ClientAppActor pid=55815)[0m 
[36m(ClientAppActor pid=55815)[0m         
[92mINFO [0m:      aggregate_fit: received 10 results and 0 failures
INFO:flwr:aggregate_fit: received 10 results and 0 failures
[CascadeRouter] Round 16: 10 clients, 24578 parameters/client
[92mINFO [0m:      configure_evaluate: strategy sampled 10 clients (out of 10)
INFO:flwr:configure_evaluate: strategy sampled 10 clients (out of 10)
[36m(ClientAppActor pid=55806)[0m 
[36m(ClientAppActor pid=55806)[0m         
[36m(ClientAppActor pid=55806)[0m [93mWARNING [0m:   DEPRECATED FEATURE: `client_fn` now expects a signature `def client_fn(context: Context)`.The provided `client_fn` has signature: {'cid': <Parameter "cid: str">}. You can import the `Context` like this: `from flwr.app import Context`[32m [repeated 6x across cluster][0m
[36m(ClientAppActor pid=55806)[0m             This is a deprecated feature. It will be removed[32m [repeated 6x across cluster][0m
[36m(ClientAppActor pid=55806)[0m             entirely in future versions of Flower.[32m [repeated 6x across cluster][0m
[36m(ClientAppActor pid=55815)[0m 
[36m(ClientAppActor pid=55815)[0m         
[36m(ClientAppActor pid=55815)[0m 
[36m(ClientAppActor pid=55815)[0m         
[36m(ClientAppActor pid=55806)[0m 
[36m(ClientAppActor pid=55806)[0m         
[36m(ClientAppActor pid=55806)[0m 
[36m(ClientAppActor pid=55806)[0m         
[36m(ClientAppActor pid=55815)[0m 
[36m(ClientAppActor pid=55815)[0m         
[36m(ClientAppActor pid=55806)[0m 
[36m(ClientAppActor pid=55806)[0m         
[36m(ClientAppActor pid=55815)[0m 
[36m(ClientAppActor pid=55815)[0m         
[36m(ClientAppActor pid=55815)[0m 
[36m(ClientAppActor pid=55815)[0m         
[36m(ClientAppActor pid=55806)[0m 
[36m(ClientAppActor pid=55806)[0m         
[92mINFO [0m:      aggregate_evaluate: received 10 results and 0 failures
INFO:flwr:aggregate_evaluate: received 10 results and 0 failures
[92mINFO [0m:      
INFO:flwr:
[92mINFO [0m:      [ROUND 17]
INFO:flwr:[ROUND 17]
[92mINFO [0m:      configure_fit: strategy sampled 10 clients (out of 10)
INFO:flwr:configure_fit: strategy sampled 10 clients (out of 10)
[36m(ClientAppActor pid=55815)[0m [Client 7] Training on NVIDIA GeForce RTX 3060[32m [repeated 4x across cluster][0m
[36m(ClientAppActor pid=55815)[0m 
[36m(ClientAppActor pid=55815)[0m         
[36m(ClientAppActor pid=55806)[0m 
[36m(ClientAppActor pid=55806)[0m         
[36m(ClientAppActor pid=55806)[0m 
[36m(ClientAppActor pid=55806)[0m         
[36m(ClientAppActor pid=55815)[0m 
[36m(ClientAppActor pid=55815)[0m         
[36m(ClientAppActor pid=55815)[0m 
[36m(ClientAppActor pid=55815)[0m         
[36m(ClientAppActor pid=55815)[0m 
[36m(ClientAppActor pid=55815)[0m         
[36m(ClientAppActor pid=55815)[0m [93mWARNING [0m:   DEPRECATED FEATURE: `client_fn` now expects a signature `def client_fn(context: Context)`.The provided `client_fn` has signature: {'cid': <Parameter "cid: str">}. You can import the `Context` like this: `from flwr.app import Context`[32m [repeated 15x across cluster][0m
[36m(ClientAppActor pid=55815)[0m             This is a deprecated feature. It will be removed[32m [repeated 15x across cluster][0m
[36m(ClientAppActor pid=55815)[0m             entirely in future versions of Flower.[32m [repeated 15x across cluster][0m
[36m(ClientAppActor pid=55815)[0m [Client 1] Training on NVIDIA GeForce RTX 3060[32m [repeated 6x across cluster][0m
[36m(ClientAppActor pid=55815)[0m 
[36m(ClientAppActor pid=55815)[0m         
[36m(ClientAppActor pid=55806)[0m 
[36m(ClientAppActor pid=55806)[0m         
[36m(ClientAppActor pid=55806)[0m [93mWARNING [0m:   DEPRECATED FEATURE: `client_fn` now expects a signature `def client_fn(context: Context)`.The provided `client_fn` has signature: {'cid': <Parameter "cid: str">}. You can import the `Context` like this: `from flwr.app import Context`[32m [repeated 2x across cluster][0m
[36m(ClientAppActor pid=55806)[0m             This is a deprecated feature. It will be removed[32m [repeated 2x across cluster][0m
[36m(ClientAppActor pid=55806)[0m             entirely in future versions of Flower.[32m [repeated 2x across cluster][0m
[36m(ClientAppActor pid=55815)[0m 
[36m(ClientAppActor pid=55815)[0m         
[36m(ClientAppActor pid=55815)[0m 
[36m(ClientAppActor pid=55815)[0m         
[92mINFO [0m:      aggregate_fit: received 10 results and 0 failures
INFO:flwr:aggregate_fit: received 10 results and 0 failures
[CascadeRouter] Round 17: 10 clients, 24578 parameters/client
[92mINFO [0m:      configure_evaluate: strategy sampled 10 clients (out of 10)
INFO:flwr:configure_evaluate: strategy sampled 10 clients (out of 10)
[36m(ClientAppActor pid=55815)[0m 
[36m(ClientAppActor pid=55815)[0m         
[36m(ClientAppActor pid=55806)[0m 
[36m(ClientAppActor pid=55806)[0m         
[36m(ClientAppActor pid=55806)[0m 
[36m(ClientAppActor pid=55806)[0m         
[36m(ClientAppActor pid=55815)[0m 
[36m(ClientAppActor pid=55815)[0m         
[36m(ClientAppActor pid=55815)[0m 
[36m(ClientAppActor pid=55815)[0m         
[36m(ClientAppActor pid=55806)[0m 
[36m(ClientAppActor pid=55806)[0m         
[36m(ClientAppActor pid=55806)[0m 
[36m(ClientAppActor pid=55806)[0m         
[36m(ClientAppActor pid=55815)[0m 
[36m(ClientAppActor pid=55815)[0m         
[36m(ClientAppActor pid=55806)[0m 
[36m(ClientAppActor pid=55806)[0m         
[36m(ClientAppActor pid=55815)[0m 
[36m(ClientAppActor pid=55815)[0m         
[92mINFO [0m:      aggregate_evaluate: received 10 results and 0 failures
INFO:flwr:aggregate_evaluate: received 10 results and 0 failures
[92mINFO [0m:      
INFO:flwr:
[92mINFO [0m:      [ROUND 18]
INFO:flwr:[ROUND 18]
[92mINFO [0m:      configure_fit: strategy sampled 10 clients (out of 10)
INFO:flwr:configure_fit: strategy sampled 10 clients (out of 10)
[36m(ClientAppActor pid=55815)[0m [Client 3] Training on NVIDIA GeForce RTX 3060[32m [repeated 4x across cluster][0m
[36m(ClientAppActor pid=55815)[0m 
[36m(ClientAppActor pid=55815)[0m         
[36m(ClientAppActor pid=55806)[0m 
[36m(ClientAppActor pid=55806)[0m         
[36m(ClientAppActor pid=55815)[0m 
[36m(ClientAppActor pid=55815)[0m         
[36m(ClientAppActor pid=55806)[0m 
[36m(ClientAppActor pid=55806)[0m         
[36m(ClientAppActor pid=55806)[0m 
[36m(ClientAppActor pid=55806)[0m         
[36m(ClientAppActor pid=55806)[0m [93mWARNING [0m:   DEPRECATED FEATURE: `client_fn` now expects a signature `def client_fn(context: Context)`.The provided `client_fn` has signature: {'cid': <Parameter "cid: str">}. You can import the `Context` like this: `from flwr.app import Context`[32m [repeated 17x across cluster][0m
[36m(ClientAppActor pid=55806)[0m             This is a deprecated feature. It will be removed[32m [repeated 17x across cluster][0m
[36m(ClientAppActor pid=55806)[0m             entirely in future versions of Flower.[32m [repeated 17x across cluster][0m
[36m(ClientAppActor pid=55806)[0m [Client 0] Training on NVIDIA GeForce RTX 3060[32m [repeated 5x across cluster][0m
[36m(ClientAppActor pid=55806)[0m 
[36m(ClientAppActor pid=55806)[0m         
[36m(ClientAppActor pid=55806)[0m 
[36m(ClientAppActor pid=55806)[0m         
[36m(ClientAppActor pid=55806)[0m [93mWARNING [0m:   DEPRECATED FEATURE: `client_fn` now expects a signature `def client_fn(context: Context)`.The provided `client_fn` has signature: {'cid': <Parameter "cid: str">}. You can import the `Context` like this: `from flwr.app import Context`[32m [repeated 2x across cluster][0m
[36m(ClientAppActor pid=55806)[0m             This is a deprecated feature. It will be removed[32m [repeated 2x across cluster][0m
[36m(ClientAppActor pid=55806)[0m             entirely in future versions of Flower.[32m [repeated 2x across cluster][0m
[36m(ClientAppActor pid=55815)[0m 
[36m(ClientAppActor pid=55815)[0m         
[36m(ClientAppActor pid=55806)[0m 
[36m(ClientAppActor pid=55806)[0m         
[36m(ClientAppActor pid=55806)[0m 
[36m(ClientAppActor pid=55806)[0m         
[92mINFO [0m:      aggregate_fit: received 10 results and 0 failures
INFO:flwr:aggregate_fit: received 10 results and 0 failures
[CascadeRouter] Round 18: 10 clients, 24578 parameters/client
[92mINFO [0m:      configure_evaluate: strategy sampled 10 clients (out of 10)
INFO:flwr:configure_evaluate: strategy sampled 10 clients (out of 10)
[36m(ClientAppActor pid=55815)[0m 
[36m(ClientAppActor pid=55815)[0m         
[36m(ClientAppActor pid=55806)[0m 
[36m(ClientAppActor pid=55806)[0m         
[36m(ClientAppActor pid=55815)[0m 
[36m(ClientAppActor pid=55815)[0m         
[36m(ClientAppActor pid=55806)[0m 
[36m(ClientAppActor pid=55806)[0m         
[36m(ClientAppActor pid=55815)[0m 
[36m(ClientAppActor pid=55815)[0m         
[36m(ClientAppActor pid=55806)[0m 
[36m(ClientAppActor pid=55806)[0m         
[36m(ClientAppActor pid=55815)[0m 
[36m(ClientAppActor pid=55815)[0m         
[36m(ClientAppActor pid=55806)[0m 
[36m(ClientAppActor pid=55806)[0m         
[36m(ClientAppActor pid=55815)[0m 
[36m(ClientAppActor pid=55815)[0m         
[36m(ClientAppActor pid=55806)[0m 
[36m(ClientAppActor pid=55806)[0m         
[92mINFO [0m:      aggregate_evaluate: received 10 results and 0 failures
INFO:flwr:aggregate_evaluate: received 10 results and 0 failures
[92mINFO [0m:      
INFO:flwr:
[92mINFO [0m:      [ROUND 19]
INFO:flwr:[ROUND 19]
[92mINFO [0m:      configure_fit: strategy sampled 10 clients (out of 10)
INFO:flwr:configure_fit: strategy sampled 10 clients (out of 10)
[36m(ClientAppActor pid=55815)[0m [Client 1] Training on NVIDIA GeForce RTX 3060[32m [repeated 5x across cluster][0m
[36m(ClientAppActor pid=55815)[0m 
[36m(ClientAppActor pid=55815)[0m         
[36m(ClientAppActor pid=55806)[0m 
[36m(ClientAppActor pid=55806)[0m         
[36m(ClientAppActor pid=55806)[0m 
[36m(ClientAppActor pid=55806)[0m         
[36m(ClientAppActor pid=55806)[0m [93mWARNING [0m:   DEPRECATED FEATURE: `client_fn` now expects a signature `def client_fn(context: Context)`.The provided `client_fn` has signature: {'cid': <Parameter "cid: str">}. You can import the `Context` like this: `from flwr.app import Context`[32m [repeated 16x across cluster][0m
[36m(ClientAppActor pid=55806)[0m             This is a deprecated feature. It will be removed[32m [repeated 16x across cluster][0m
[36m(ClientAppActor pid=55806)[0m             entirely in future versions of Flower.[32m [repeated 16x across cluster][0m
[36m(ClientAppActor pid=55806)[0m 
[36m(ClientAppActor pid=55806)[0m         
[36m(ClientAppActor pid=55806)[0m 
[36m(ClientAppActor pid=55806)[0m         
[36m(ClientAppActor pid=55815)[0m 
[36m(ClientAppActor pid=55815)[0m         
[36m(ClientAppActor pid=55815)[0m 
[36m(ClientAppActor pid=55815)[0m         
[36m(ClientAppActor pid=55815)[0m [Client 7] Training on NVIDIA GeForce RTX 3060[32m [repeated 7x across cluster][0m
[36m(ClientAppActor pid=55815)[0m 
[36m(ClientAppActor pid=55815)[0m         
[36m(ClientAppActor pid=55815)[0m [93mWARNING [0m:   DEPRECATED FEATURE: `client_fn` now expects a signature `def client_fn(context: Context)`.The provided `client_fn` has signature: {'cid': <Parameter "cid: str">}. You can import the `Context` like this: `from flwr.app import Context`[32m [repeated 5x across cluster][0m
[36m(ClientAppActor pid=55815)[0m             This is a deprecated feature. It will be removed[32m [repeated 5x across cluster][0m
[36m(ClientAppActor pid=55815)[0m             entirely in future versions of Flower.[32m [repeated 5x across cluster][0m
[36m(ClientAppActor pid=55815)[0m 
[36m(ClientAppActor pid=55815)[0m         
[36m(ClientAppActor pid=55806)[0m 
[36m(ClientAppActor pid=55806)[0m         
[92mINFO [0m:      aggregate_fit: received 10 results and 0 failures
INFO:flwr:aggregate_fit: received 10 results and 0 failures
[CascadeRouter] Round 19: 10 clients, 24578 parameters/client
[92mINFO [0m:      configure_evaluate: strategy sampled 10 clients (out of 10)
INFO:flwr:configure_evaluate: strategy sampled 10 clients (out of 10)
[36m(ClientAppActor pid=55815)[0m 
[36m(ClientAppActor pid=55815)[0m         
[36m(ClientAppActor pid=55806)[0m 
[36m(ClientAppActor pid=55806)[0m         
[36m(ClientAppActor pid=55815)[0m 
[36m(ClientAppActor pid=55815)[0m         
[36m(ClientAppActor pid=55806)[0m 
[36m(ClientAppActor pid=55806)[0m         
[36m(ClientAppActor pid=55815)[0m 
[36m(ClientAppActor pid=55815)[0m         
[36m(ClientAppActor pid=55806)[0m 
[36m(ClientAppActor pid=55806)[0m         
[36m(ClientAppActor pid=55815)[0m 
[36m(ClientAppActor pid=55815)[0m         
[36m(ClientAppActor pid=55806)[0m 
[36m(ClientAppActor pid=55806)[0m         
[36m(ClientAppActor pid=55815)[0m 
[36m(ClientAppActor pid=55815)[0m         
[36m(ClientAppActor pid=55815)[0m [93mWARNING [0m:   DEPRECATED FEATURE: `client_fn` now expects a signature `def client_fn(context: Context)`.The provided `client_fn` has signature: {'cid': <Parameter "cid: str">}. You can import the `Context` like this: `from flwr.app import Context`[32m [repeated 11x across cluster][0m
[36m(ClientAppActor pid=55815)[0m             This is a deprecated feature. It will be removed[32m [repeated 11x across cluster][0m
[36m(ClientAppActor pid=55815)[0m             entirely in future versions of Flower.[32m [repeated 11x across cluster][0m
[36m(ClientAppActor pid=55806)[0m 
[36m(ClientAppActor pid=55806)[0m         
[92mINFO [0m:      aggregate_evaluate: received 10 results and 0 failures
INFO:flwr:aggregate_evaluate: received 10 results and 0 failures
[92mINFO [0m:      
INFO:flwr:
[92mINFO [0m:      [ROUND 20]
INFO:flwr:[ROUND 20]
[92mINFO [0m:      configure_fit: strategy sampled 10 clients (out of 10)
INFO:flwr:configure_fit: strategy sampled 10 clients (out of 10)
[36m(ClientAppActor pid=55815)[0m [Client 9] Training on NVIDIA GeForce RTX 3060[32m [repeated 3x across cluster][0m
[36m(ClientAppActor pid=55815)[0m 
[36m(ClientAppActor pid=55815)[0m         
[36m(ClientAppActor pid=55806)[0m 
[36m(ClientAppActor pid=55806)[0m         
[36m(ClientAppActor pid=55815)[0m 
[36m(ClientAppActor pid=55815)[0m         
[36m(ClientAppActor pid=55815)[0m 
[36m(ClientAppActor pid=55815)[0m         
[36m(ClientAppActor pid=55806)[0m 
[36m(ClientAppActor pid=55806)[0m         
[36m(ClientAppActor pid=55806)[0m 
[36m(ClientAppActor pid=55806)[0m         
[36m(ClientAppActor pid=55815)[0m [Client 8] Training on NVIDIA GeForce RTX 3060[32m [repeated 6x across cluster][0m
[36m(ClientAppActor pid=55815)[0m 
[36m(ClientAppActor pid=55815)[0m         
[36m(ClientAppActor pid=55815)[0m [93mWARNING [0m:   DEPRECATED FEATURE: `client_fn` now expects a signature `def client_fn(context: Context)`.The provided `client_fn` has signature: {'cid': <Parameter "cid: str">}. You can import the `Context` like this: `from flwr.app import Context`[32m [repeated 8x across cluster][0m
[36m(ClientAppActor pid=55815)[0m             This is a deprecated feature. It will be removed[32m [repeated 8x across cluster][0m
[36m(ClientAppActor pid=55815)[0m             entirely in future versions of Flower.[32m [repeated 8x across cluster][0m
[36m(ClientAppActor pid=55806)[0m 
[36m(ClientAppActor pid=55806)[0m         
[36m(ClientAppActor pid=55815)[0m 
[36m(ClientAppActor pid=55815)[0m         
[36m(ClientAppActor pid=55815)[0m 
[36m(ClientAppActor pid=55815)[0m         
[92mINFO [0m:      aggregate_fit: received 10 results and 0 failures
INFO:flwr:aggregate_fit: received 10 results and 0 failures
[CascadeRouter] Round 20: 10 clients, 24578 parameters/client
[92mINFO [0m:      configure_evaluate: strategy sampled 10 clients (out of 10)
INFO:flwr:configure_evaluate: strategy sampled 10 clients (out of 10)
[36m(ClientAppActor pid=55806)[0m 
[36m(ClientAppActor pid=55806)[0m         
[36m(ClientAppActor pid=55806)[0m [93mWARNING [0m:   DEPRECATED FEATURE: `client_fn` now expects a signature `def client_fn(context: Context)`.The provided `client_fn` has signature: {'cid': <Parameter "cid: str">}. You can import the `Context` like this: `from flwr.app import Context`[32m [repeated 4x across cluster][0m
[36m(ClientAppActor pid=55806)[0m             This is a deprecated feature. It will be removed[32m [repeated 4x across cluster][0m
[36m(ClientAppActor pid=55806)[0m             entirely in future versions of Flower.[32m [repeated 4x across cluster][0m
[36m(ClientAppActor pid=55815)[0m 
[36m(ClientAppActor pid=55815)[0m         
[36m(ClientAppActor pid=55806)[0m 
[36m(ClientAppActor pid=55806)[0m         
[36m(ClientAppActor pid=55815)[0m 
[36m(ClientAppActor pid=55815)[0m         
[36m(ClientAppActor pid=55806)[0m 
[36m(ClientAppActor pid=55806)[0m         
[36m(ClientAppActor pid=55815)[0m 
[36m(ClientAppActor pid=55815)[0m         
[36m(ClientAppActor pid=55815)[0m 
[36m(ClientAppActor pid=55815)[0m         
[36m(ClientAppActor pid=55806)[0m 
[36m(ClientAppActor pid=55806)[0m         
[36m(ClientAppActor pid=55806)[0m 
[36m(ClientAppActor pid=55806)[0m         
[36m(ClientAppActor pid=55815)[0m 
[36m(ClientAppActor pid=55815)[0m         
[92mINFO [0m:      aggregate_evaluate: received 10 results and 0 failures
INFO:flwr:aggregate_evaluate: received 10 results and 0 failures
[92mINFO [0m:      
INFO:flwr:
[92mINFO [0m:      [ROUND 21]
INFO:flwr:[ROUND 21]
[92mINFO [0m:      configure_fit: strategy sampled 10 clients (out of 10)
INFO:flwr:configure_fit: strategy sampled 10 clients (out of 10)
[36m(ClientAppActor pid=55815)[0m [Client 7] Training on NVIDIA GeForce RTX 3060[32m [repeated 4x across cluster][0m
[36m(ClientAppActor pid=55815)[0m 
[36m(ClientAppActor pid=55815)[0m         
[36m(ClientAppActor pid=55806)[0m 
[36m(ClientAppActor pid=55806)[0m         
[36m(ClientAppActor pid=55815)[0m 
[36m(ClientAppActor pid=55815)[0m         
[36m(ClientAppActor pid=55815)[0m 
[36m(ClientAppActor pid=55815)[0m         
[36m(ClientAppActor pid=55815)[0m [93mWARNING [0m:   DEPRECATED FEATURE: `client_fn` now expects a signature `def client_fn(context: Context)`.The provided `client_fn` has signature: {'cid': <Parameter "cid: str">}. You can import the `Context` like this: `from flwr.app import Context`[32m [repeated 13x across cluster][0m
[36m(ClientAppActor pid=55815)[0m             This is a deprecated feature. It will be removed[32m [repeated 13x across cluster][0m
[36m(ClientAppActor pid=55815)[0m             entirely in future versions of Flower.[32m [repeated 13x across cluster][0m
[36m(ClientAppActor pid=55806)[0m 
[36m(ClientAppActor pid=55806)[0m         
[36m(ClientAppActor pid=55806)[0m 
[36m(ClientAppActor pid=55806)[0m         
[36m(ClientAppActor pid=55806)[0m [Client 9] Training on NVIDIA GeForce RTX 3060[32m [repeated 6x across cluster][0m
[36m(ClientAppActor pid=55806)[0m 
[36m(ClientAppActor pid=55806)[0m         
[36m(ClientAppActor pid=55815)[0m 
[36m(ClientAppActor pid=55815)[0m         
[36m(ClientAppActor pid=55806)[0m 
[36m(ClientAppActor pid=55806)[0m         
[36m(ClientAppActor pid=55815)[0m 
[36m(ClientAppActor pid=55815)[0m         
[92mINFO [0m:      aggregate_fit: received 10 results and 0 failures
INFO:flwr:aggregate_fit: received 10 results and 0 failures
[CascadeRouter] Round 21: 10 clients, 24578 parameters/client
[92mINFO [0m:      configure_evaluate: strategy sampled 10 clients (out of 10)
INFO:flwr:configure_evaluate: strategy sampled 10 clients (out of 10)
[36m(ClientAppActor pid=55815)[0m 
[36m(ClientAppActor pid=55815)[0m         
[36m(ClientAppActor pid=55815)[0m [93mWARNING [0m:   DEPRECATED FEATURE: `client_fn` now expects a signature `def client_fn(context: Context)`.The provided `client_fn` has signature: {'cid': <Parameter "cid: str">}. You can import the `Context` like this: `from flwr.app import Context`[32m [repeated 7x across cluster][0m
[36m(ClientAppActor pid=55815)[0m             This is a deprecated feature. It will be removed[32m [repeated 7x across cluster][0m
[36m(ClientAppActor pid=55815)[0m             entirely in future versions of Flower.[32m [repeated 7x across cluster][0m
[36m(ClientAppActor pid=55806)[0m 
[36m(ClientAppActor pid=55806)[0m         
[36m(ClientAppActor pid=55815)[0m 
[36m(ClientAppActor pid=55815)[0m         
[36m(ClientAppActor pid=55806)[0m 
[36m(ClientAppActor pid=55806)[0m         
[36m(ClientAppActor pid=55815)[0m 
[36m(ClientAppActor pid=55815)[0m         
[36m(ClientAppActor pid=55806)[0m 
[36m(ClientAppActor pid=55806)[0m         
[36m(ClientAppActor pid=55815)[0m 
[36m(ClientAppActor pid=55815)[0m         
[36m(ClientAppActor pid=55806)[0m 
[36m(ClientAppActor pid=55806)[0m         
[36m(ClientAppActor pid=55815)[0m 
[36m(ClientAppActor pid=55815)[0m         
[36m(ClientAppActor pid=55806)[0m 
[36m(ClientAppActor pid=55806)[0m         
[92mINFO [0m:      aggregate_evaluate: received 10 results and 0 failures
INFO:flwr:aggregate_evaluate: received 10 results and 0 failures
[92mINFO [0m:      
INFO:flwr:
[92mINFO [0m:      [ROUND 22]
INFO:flwr:[ROUND 22]
[92mINFO [0m:      configure_fit: strategy sampled 10 clients (out of 10)
INFO:flwr:configure_fit: strategy sampled 10 clients (out of 10)
[36m(ClientAppActor pid=55806)[0m [Client 8] Training on NVIDIA GeForce RTX 3060[32m [repeated 4x across cluster][0m
[36m(ClientAppActor pid=55806)[0m 
[36m(ClientAppActor pid=55806)[0m         
[36m(ClientAppActor pid=55815)[0m 
[36m(ClientAppActor pid=55815)[0m         
[36m(ClientAppActor pid=55806)[0m 
[36m(ClientAppActor pid=55806)[0m         
[36m(ClientAppActor pid=55815)[0m 
[36m(ClientAppActor pid=55815)[0m         
[36m(ClientAppActor pid=55806)[0m 
[36m(ClientAppActor pid=55806)[0m         
[36m(ClientAppActor pid=55815)[0m 
[36m(ClientAppActor pid=55815)[0m         
[36m(ClientAppActor pid=55815)[0m [93mWARNING [0m:   DEPRECATED FEATURE: `client_fn` now expects a signature `def client_fn(context: Context)`.The provided `client_fn` has signature: {'cid': <Parameter "cid: str">}. You can import the `Context` like this: `from flwr.app import Context`[32m [repeated 15x across cluster][0m
[36m(ClientAppActor pid=55815)[0m             This is a deprecated feature. It will be removed[32m [repeated 15x across cluster][0m
[36m(ClientAppActor pid=55815)[0m             entirely in future versions of Flower.[32m [repeated 15x across cluster][0m
[36m(ClientAppActor pid=55806)[0m [Client 2] Training on NVIDIA GeForce RTX 3060[32m [repeated 6x across cluster][0m
[36m(ClientAppActor pid=55806)[0m 
[36m(ClientAppActor pid=55806)[0m         
[36m(ClientAppActor pid=55815)[0m 
[36m(ClientAppActor pid=55815)[0m         
[36m(ClientAppActor pid=55815)[0m 
[36m(ClientAppActor pid=55815)[0m         
[36m(ClientAppActor pid=55806)[0m 
[36m(ClientAppActor pid=55806)[0m         
[92mINFO [0m:      aggregate_fit: received 10 results and 0 failures
INFO:flwr:aggregate_fit: received 10 results and 0 failures
[CascadeRouter] Round 22: 10 clients, 24578 parameters/client
[92mINFO [0m:      configure_evaluate: strategy sampled 10 clients (out of 10)
INFO:flwr:configure_evaluate: strategy sampled 10 clients (out of 10)
[36m(ClientAppActor pid=55815)[0m 
[36m(ClientAppActor pid=55815)[0m         
[36m(ClientAppActor pid=55815)[0m [93mWARNING [0m:   DEPRECATED FEATURE: `client_fn` now expects a signature `def client_fn(context: Context)`.The provided `client_fn` has signature: {'cid': <Parameter "cid: str">}. You can import the `Context` like this: `from flwr.app import Context`[32m [repeated 5x across cluster][0m
[36m(ClientAppActor pid=55815)[0m             This is a deprecated feature. It will be removed[32m [repeated 5x across cluster][0m
[36m(ClientAppActor pid=55815)[0m             entirely in future versions of Flower.[32m [repeated 5x across cluster][0m
[36m(ClientAppActor pid=55806)[0m 
[36m(ClientAppActor pid=55806)[0m         
[36m(ClientAppActor pid=55815)[0m 
[36m(ClientAppActor pid=55815)[0m         
[36m(ClientAppActor pid=55806)[0m 
[36m(ClientAppActor pid=55806)[0m         
[36m(ClientAppActor pid=55815)[0m 
[36m(ClientAppActor pid=55815)[0m         
[36m(ClientAppActor pid=55806)[0m 
[36m(ClientAppActor pid=55806)[0m         
[36m(ClientAppActor pid=55815)[0m 
[36m(ClientAppActor pid=55815)[0m         
[36m(ClientAppActor pid=55806)[0m 
[36m(ClientAppActor pid=55806)[0m         
[36m(ClientAppActor pid=55815)[0m 
[36m(ClientAppActor pid=55815)[0m         
[36m(ClientAppActor pid=55806)[0m 
[36m(ClientAppActor pid=55806)[0m         
[92mINFO [0m:      aggregate_evaluate: received 10 results and 0 failures
INFO:flwr:aggregate_evaluate: received 10 results and 0 failures
[92mINFO [0m:      
INFO:flwr:
[92mINFO [0m:      [ROUND 23]
INFO:flwr:[ROUND 23]
[92mINFO [0m:      configure_fit: strategy sampled 10 clients (out of 10)
INFO:flwr:configure_fit: strategy sampled 10 clients (out of 10)
[36m(ClientAppActor pid=55806)[0m [Client 8] Training on NVIDIA GeForce RTX 3060[32m [repeated 4x across cluster][0m
[36m(ClientAppActor pid=55806)[0m 
[36m(ClientAppActor pid=55806)[0m         
[36m(ClientAppActor pid=55815)[0m 
[36m(ClientAppActor pid=55815)[0m         
[36m(ClientAppActor pid=55806)[0m 
[36m(ClientAppActor pid=55806)[0m         
[36m(ClientAppActor pid=55815)[0m 
[36m(ClientAppActor pid=55815)[0m         
[36m(ClientAppActor pid=55806)[0m 
[36m(ClientAppActor pid=55806)[0m         
[36m(ClientAppActor pid=55815)[0m 
[36m(ClientAppActor pid=55815)[0m         
[36m(ClientAppActor pid=55815)[0m [93mWARNING [0m:   DEPRECATED FEATURE: `client_fn` now expects a signature `def client_fn(context: Context)`.The provided `client_fn` has signature: {'cid': <Parameter "cid: str">}. You can import the `Context` like this: `from flwr.app import Context`[32m [repeated 15x across cluster][0m
[36m(ClientAppActor pid=55815)[0m             This is a deprecated feature. It will be removed[32m [repeated 15x across cluster][0m
[36m(ClientAppActor pid=55815)[0m             entirely in future versions of Flower.[32m [repeated 15x across cluster][0m
[36m(ClientAppActor pid=55806)[0m 
[36m(ClientAppActor pid=55806)[0m         
[36m(ClientAppActor pid=55806)[0m [Client 6] Training on NVIDIA GeForce RTX 3060[32m [repeated 7x across cluster][0m
[36m(ClientAppActor pid=55806)[0m 
[36m(ClientAppActor pid=55806)[0m         
[36m(ClientAppActor pid=55806)[0m 
[36m(ClientAppActor pid=55806)[0m         
[36m(ClientAppActor pid=55806)[0m 
[36m(ClientAppActor pid=55806)[0m         
[36m(ClientAppActor pid=55806)[0m [93mWARNING [0m:   DEPRECATED FEATURE: `client_fn` now expects a signature `def client_fn(context: Context)`.The provided `client_fn` has signature: {'cid': <Parameter "cid: str">}. You can import the `Context` like this: `from flwr.app import Context`[32m [repeated 4x across cluster][0m
[36m(ClientAppActor pid=55806)[0m             This is a deprecated feature. It will be removed[32m [repeated 4x across cluster][0m
[36m(ClientAppActor pid=55806)[0m             entirely in future versions of Flower.[32m [repeated 4x across cluster][0m
[92mINFO [0m:      aggregate_fit: received 10 results and 0 failures
INFO:flwr:aggregate_fit: received 10 results and 0 failures
[CascadeRouter] Round 23: 10 clients, 24578 parameters/client
[92mINFO [0m:      configure_evaluate: strategy sampled 10 clients (out of 10)
INFO:flwr:configure_evaluate: strategy sampled 10 clients (out of 10)
[36m(ClientAppActor pid=55815)[0m 
[36m(ClientAppActor pid=55815)[0m         
[36m(ClientAppActor pid=55806)[0m 
[36m(ClientAppActor pid=55806)[0m         
[36m(ClientAppActor pid=55815)[0m 
[36m(ClientAppActor pid=55815)[0m         
[36m(ClientAppActor pid=55806)[0m 
[36m(ClientAppActor pid=55806)[0m         
[36m(ClientAppActor pid=55815)[0m 
[36m(ClientAppActor pid=55815)[0m         
[36m(ClientAppActor pid=55806)[0m 
[36m(ClientAppActor pid=55806)[0m         
[36m(ClientAppActor pid=55815)[0m 
[36m(ClientAppActor pid=55815)[0m         
[36m(ClientAppActor pid=55806)[0m 
[36m(ClientAppActor pid=55806)[0m         
[36m(ClientAppActor pid=55815)[0m 
[36m(ClientAppActor pid=55815)[0m         
[36m(ClientAppActor pid=55806)[0m 
[36m(ClientAppActor pid=55806)[0m         
[92mINFO [0m:      aggregate_evaluate: received 10 results and 0 failures
INFO:flwr:aggregate_evaluate: received 10 results and 0 failures
[92mINFO [0m:      
INFO:flwr:
[92mINFO [0m:      [ROUND 24]
INFO:flwr:[ROUND 24]
[92mINFO [0m:      configure_fit: strategy sampled 10 clients (out of 10)
INFO:flwr:configure_fit: strategy sampled 10 clients (out of 10)
[36m(ClientAppActor pid=55806)[0m 
[36m(ClientAppActor pid=55806)[0m         
[36m(ClientAppActor pid=55815)[0m 
[36m(ClientAppActor pid=55815)[0m         
[36m(ClientAppActor pid=55806)[0m 
[36m(ClientAppActor pid=55806)[0m         
[36m(ClientAppActor pid=55806)[0m [Client 2] Training on NVIDIA GeForce RTX 3060[32m [repeated 5x across cluster][0m
[36m(ClientAppActor pid=55815)[0m 
[36m(ClientAppActor pid=55815)[0m         
[36m(ClientAppActor pid=55815)[0m [93mWARNING [0m:   DEPRECATED FEATURE: `client_fn` now expects a signature `def client_fn(context: Context)`.The provided `client_fn` has signature: {'cid': <Parameter "cid: str">}. You can import the `Context` like this: `from flwr.app import Context`[32m [repeated 14x across cluster][0m
[36m(ClientAppActor pid=55815)[0m             This is a deprecated feature. It will be removed[32m [repeated 14x across cluster][0m
[36m(ClientAppActor pid=55815)[0m             entirely in future versions of Flower.[32m [repeated 14x across cluster][0m
[36m(ClientAppActor pid=55806)[0m 
[36m(ClientAppActor pid=55806)[0m         
[36m(ClientAppActor pid=55815)[0m 
[36m(ClientAppActor pid=55815)[0m         
[36m(ClientAppActor pid=55806)[0m 
[36m(ClientAppActor pid=55806)[0m         
[36m(ClientAppActor pid=55815)[0m 
[36m(ClientAppActor pid=55815)[0m         
[36m(ClientAppActor pid=55806)[0m 
[36m(ClientAppActor pid=55806)[0m         
[36m(ClientAppActor pid=55815)[0m 
[36m(ClientAppActor pid=55815)[0m         
[92mINFO [0m:      aggregate_fit: received 10 results and 0 failures
INFO:flwr:aggregate_fit: received 10 results and 0 failures
[CascadeRouter] Round 24: 10 clients, 24578 parameters/client
[92mINFO [0m:      configure_evaluate: strategy sampled 10 clients (out of 10)
INFO:flwr:configure_evaluate: strategy sampled 10 clients (out of 10)
[36m(ClientAppActor pid=55806)[0m 
[36m(ClientAppActor pid=55806)[0m         
[36m(ClientAppActor pid=55806)[0m [93mWARNING [0m:   DEPRECATED FEATURE: `client_fn` now expects a signature `def client_fn(context: Context)`.The provided `client_fn` has signature: {'cid': <Parameter "cid: str">}. You can import the `Context` like this: `from flwr.app import Context`[32m [repeated 7x across cluster][0m
[36m(ClientAppActor pid=55806)[0m             This is a deprecated feature. It will be removed[32m [repeated 7x across cluster][0m
[36m(ClientAppActor pid=55806)[0m             entirely in future versions of Flower.[32m [repeated 7x across cluster][0m
[36m(ClientAppActor pid=55815)[0m 
[36m(ClientAppActor pid=55815)[0m         
[36m(ClientAppActor pid=55806)[0m 
[36m(ClientAppActor pid=55806)[0m         
[36m(ClientAppActor pid=55815)[0m 
[36m(ClientAppActor pid=55815)[0m         
[36m(ClientAppActor pid=55815)[0m 
[36m(ClientAppActor pid=55815)[0m         
[36m(ClientAppActor pid=55806)[0m 
[36m(ClientAppActor pid=55806)[0m         
[36m(ClientAppActor pid=55806)[0m 
[36m(ClientAppActor pid=55806)[0m         
[36m(ClientAppActor pid=55815)[0m 
[36m(ClientAppActor pid=55815)[0m         
[36m(ClientAppActor pid=55806)[0m 
[36m(ClientAppActor pid=55806)[0m         
[36m(ClientAppActor pid=55815)[0m 
[36m(ClientAppActor pid=55815)[0m         
[92mINFO [0m:      aggregate_evaluate: received 10 results and 0 failures
INFO:flwr:aggregate_evaluate: received 10 results and 0 failures
[92mINFO [0m:      
INFO:flwr:
[92mINFO [0m:      [ROUND 25]
INFO:flwr:[ROUND 25]
[92mINFO [0m:      configure_fit: strategy sampled 10 clients (out of 10)
INFO:flwr:configure_fit: strategy sampled 10 clients (out of 10)
[36m(ClientAppActor pid=55815)[0m [Client 5] Training on NVIDIA GeForce RTX 3060[32m [repeated 8x across cluster][0m
[36m(ClientAppActor pid=55815)[0m 
[36m(ClientAppActor pid=55815)[0m         
[36m(ClientAppActor pid=55806)[0m 
[36m(ClientAppActor pid=55806)[0m         
[36m(ClientAppActor pid=55815)[0m 
[36m(ClientAppActor pid=55815)[0m         
[36m(ClientAppActor pid=55806)[0m 
[36m(ClientAppActor pid=55806)[0m         
[36m(ClientAppActor pid=55806)[0m [93mWARNING [0m:   DEPRECATED FEATURE: `client_fn` now expects a signature `def client_fn(context: Context)`.The provided `client_fn` has signature: {'cid': <Parameter "cid: str">}. You can import the `Context` like this: `from flwr.app import Context`[32m [repeated 13x across cluster][0m
[36m(ClientAppActor pid=55806)[0m             This is a deprecated feature. It will be removed[32m [repeated 13x across cluster][0m
[36m(ClientAppActor pid=55806)[0m             entirely in future versions of Flower.[32m [repeated 13x across cluster][0m
[36m(ClientAppActor pid=55815)[0m 
[36m(ClientAppActor pid=55815)[0m         
[36m(ClientAppActor pid=55806)[0m 
[36m(ClientAppActor pid=55806)[0m         
[36m(ClientAppActor pid=55815)[0m 
[36m(ClientAppActor pid=55815)[0m         
[36m(ClientAppActor pid=55815)[0m [Client 4] Training on NVIDIA GeForce RTX 3060[32m [repeated 7x across cluster][0m
[36m(ClientAppActor pid=55815)[0m 
[36m(ClientAppActor pid=55815)[0m         
[36m(ClientAppActor pid=55806)[0m 
[36m(ClientAppActor pid=55806)[0m         
[36m(ClientAppActor pid=55806)[0m 
[36m(ClientAppActor pid=55806)[0m         
[92mINFO [0m:      aggregate_fit: received 10 results and 0 failures
INFO:flwr:aggregate_fit: received 10 results and 0 failures
[CascadeRouter] Round 25: 10 clients, 24578 parameters/client
[92mINFO [0m:      configure_evaluate: strategy sampled 10 clients (out of 10)
INFO:flwr:configure_evaluate: strategy sampled 10 clients (out of 10)
[36m(ClientAppActor pid=55815)[0m 
[36m(ClientAppActor pid=55815)[0m         
[36m(ClientAppActor pid=55815)[0m [93mWARNING [0m:   DEPRECATED FEATURE: `client_fn` now expects a signature `def client_fn(context: Context)`.The provided `client_fn` has signature: {'cid': <Parameter "cid: str">}. You can import the `Context` like this: `from flwr.app import Context`[32m [repeated 7x across cluster][0m
[36m(ClientAppActor pid=55815)[0m             This is a deprecated feature. It will be removed[32m [repeated 7x across cluster][0m
[36m(ClientAppActor pid=55815)[0m             entirely in future versions of Flower.[32m [repeated 7x across cluster][0m
[36m(ClientAppActor pid=55806)[0m 
[36m(ClientAppActor pid=55806)[0m         
[36m(ClientAppActor pid=55815)[0m 
[36m(ClientAppActor pid=55815)[0m         
[36m(ClientAppActor pid=55806)[0m 
[36m(ClientAppActor pid=55806)[0m         
[36m(ClientAppActor pid=55815)[0m 
[36m(ClientAppActor pid=55815)[0m         
[36m(ClientAppActor pid=55806)[0m 
[36m(ClientAppActor pid=55806)[0m         
[36m(ClientAppActor pid=55815)[0m 
[36m(ClientAppActor pid=55815)[0m         
[36m(ClientAppActor pid=55806)[0m 
[36m(ClientAppActor pid=55806)[0m         
[36m(ClientAppActor pid=55815)[0m 
[36m(ClientAppActor pid=55815)[0m         
[36m(ClientAppActor pid=55806)[0m 
[36m(ClientAppActor pid=55806)[0m         
[92mINFO [0m:      aggregate_evaluate: received 10 results and 0 failures
INFO:flwr:aggregate_evaluate: received 10 results and 0 failures
[92mINFO [0m:      
INFO:flwr:
[92mINFO [0m:      [ROUND 26]
INFO:flwr:[ROUND 26]
[92mINFO [0m:      configure_fit: strategy sampled 10 clients (out of 10)
INFO:flwr:configure_fit: strategy sampled 10 clients (out of 10)
[36m(ClientAppActor pid=55815)[0m 
[36m(ClientAppActor pid=55815)[0m         
[36m(ClientAppActor pid=55806)[0m [Client 1] Training on NVIDIA GeForce RTX 3060[32m [repeated 3x across cluster][0m
[36m(ClientAppActor pid=55806)[0m 
[36m(ClientAppActor pid=55806)[0m         
[36m(ClientAppActor pid=55815)[0m 
[36m(ClientAppActor pid=55815)[0m         
[36m(ClientAppActor pid=55815)[0m 
[36m(ClientAppActor pid=55815)[0m         
[36m(ClientAppActor pid=55815)[0m 
[36m(ClientAppActor pid=55815)[0m         
[36m(ClientAppActor pid=55815)[0m 
[36m(ClientAppActor pid=55815)[0m         
[36m(ClientAppActor pid=55815)[0m [93mWARNING [0m:   DEPRECATED FEATURE: `client_fn` now expects a signature `def client_fn(context: Context)`.The provided `client_fn` has signature: {'cid': <Parameter "cid: str">}. You can import the `Context` like this: `from flwr.app import Context`[32m [repeated 15x across cluster][0m
[36m(ClientAppActor pid=55815)[0m             This is a deprecated feature. It will be removed[32m [repeated 15x across cluster][0m
[36m(ClientAppActor pid=55815)[0m             entirely in future versions of Flower.[32m [repeated 15x across cluster][0m
[36m(ClientAppActor pid=55806)[0m 
[36m(ClientAppActor pid=55806)[0m         
[36m(ClientAppActor pid=55806)[0m 
[36m(ClientAppActor pid=55806)[0m         
[36m(ClientAppActor pid=55806)[0m [Client 2] Training on NVIDIA GeForce RTX 3060[32m [repeated 8x across cluster][0m
[36m(ClientAppActor pid=55806)[0m 
[36m(ClientAppActor pid=55806)[0m         
[36m(ClientAppActor pid=55806)[0m 
[36m(ClientAppActor pid=55806)[0m         
[92mINFO [0m:      aggregate_fit: received 10 results and 0 failures
INFO:flwr:aggregate_fit: received 10 results and 0 failures
[CascadeRouter] Round 26: 10 clients, 24578 parameters/client
[92mINFO [0m:      configure_evaluate: strategy sampled 10 clients (out of 10)
INFO:flwr:configure_evaluate: strategy sampled 10 clients (out of 10)
[36m(ClientAppActor pid=55806)[0m 
[36m(ClientAppActor pid=55806)[0m         
[36m(ClientAppActor pid=55806)[0m [93mWARNING [0m:   DEPRECATED FEATURE: `client_fn` now expects a signature `def client_fn(context: Context)`.The provided `client_fn` has signature: {'cid': <Parameter "cid: str">}. You can import the `Context` like this: `from flwr.app import Context`[32m [repeated 5x across cluster][0m
[36m(ClientAppActor pid=55806)[0m             This is a deprecated feature. It will be removed[32m [repeated 5x across cluster][0m
[36m(ClientAppActor pid=55806)[0m             entirely in future versions of Flower.[32m [repeated 5x across cluster][0m
[36m(ClientAppActor pid=55815)[0m 
[36m(ClientAppActor pid=55815)[0m         
[36m(ClientAppActor pid=55815)[0m 
[36m(ClientAppActor pid=55815)[0m         
[36m(ClientAppActor pid=55806)[0m 
[36m(ClientAppActor pid=55806)[0m         
[36m(ClientAppActor pid=55806)[0m 
[36m(ClientAppActor pid=55806)[0m         
[36m(ClientAppActor pid=55815)[0m 
[36m(ClientAppActor pid=55815)[0m         
[36m(ClientAppActor pid=55806)[0m 
[36m(ClientAppActor pid=55806)[0m         
[36m(ClientAppActor pid=55815)[0m 
[36m(ClientAppActor pid=55815)[0m         
[36m(ClientAppActor pid=55815)[0m 
[36m(ClientAppActor pid=55815)[0m         
[36m(ClientAppActor pid=55806)[0m 
[36m(ClientAppActor pid=55806)[0m         
[92mINFO [0m:      aggregate_evaluate: received 10 results and 0 failures
INFO:flwr:aggregate_evaluate: received 10 results and 0 failures
[92mINFO [0m:      
INFO:flwr:
[92mINFO [0m:      [ROUND 27]
INFO:flwr:[ROUND 27]
[92mINFO [0m:      configure_fit: strategy sampled 10 clients (out of 10)
INFO:flwr:configure_fit: strategy sampled 10 clients (out of 10)
[36m(ClientAppActor pid=55815)[0m [Client 4] Training on NVIDIA GeForce RTX 3060[32m [repeated 2x across cluster][0m
[36m(ClientAppActor pid=55815)[0m 
[36m(ClientAppActor pid=55815)[0m         
[36m(ClientAppActor pid=55806)[0m 
[36m(ClientAppActor pid=55806)[0m         
[36m(ClientAppActor pid=55806)[0m 
[36m(ClientAppActor pid=55806)[0m         
[36m(ClientAppActor pid=55806)[0m 
[36m(ClientAppActor pid=55806)[0m         
[36m(ClientAppActor pid=55806)[0m 
[36m(ClientAppActor pid=55806)[0m         
[36m(ClientAppActor pid=55806)[0m [93mWARNING [0m:   DEPRECATED FEATURE: `client_fn` now expects a signature `def client_fn(context: Context)`.The provided `client_fn` has signature: {'cid': <Parameter "cid: str">}. You can import the `Context` like this: `from flwr.app import Context`[32m [repeated 14x across cluster][0m
[36m(ClientAppActor pid=55806)[0m             This is a deprecated feature. It will be removed[32m [repeated 14x across cluster][0m
[36m(ClientAppActor pid=55806)[0m             entirely in future versions of Flower.[32m [repeated 14x across cluster][0m
[36m(ClientAppActor pid=55806)[0m [Client 6] Training on NVIDIA GeForce RTX 3060[32m [repeated 5x across cluster][0m
[36m(ClientAppActor pid=55806)[0m 
[36m(ClientAppActor pid=55806)[0m         
[36m(ClientAppActor pid=55815)[0m 
[36m(ClientAppActor pid=55815)[0m         
[36m(ClientAppActor pid=55806)[0m 
[36m(ClientAppActor pid=55806)[0m         
[36m(ClientAppActor pid=55815)[0m 
[36m(ClientAppActor pid=55815)[0m         
[36m(ClientAppActor pid=55806)[0m 
[36m(ClientAppActor pid=55806)[0m         
[92mINFO [0m:      aggregate_fit: received 10 results and 0 failures
INFO:flwr:aggregate_fit: received 10 results and 0 failures
[CascadeRouter] Round 27: 10 clients, 24578 parameters/client
[92mINFO [0m:      configure_evaluate: strategy sampled 10 clients (out of 10)
INFO:flwr:configure_evaluate: strategy sampled 10 clients (out of 10)
[36m(ClientAppActor pid=55815)[0m 
[36m(ClientAppActor pid=55815)[0m         
[36m(ClientAppActor pid=55815)[0m [93mWARNING [0m:   DEPRECATED FEATURE: `client_fn` now expects a signature `def client_fn(context: Context)`.The provided `client_fn` has signature: {'cid': <Parameter "cid: str">}. You can import the `Context` like this: `from flwr.app import Context`[32m [repeated 6x across cluster][0m
[36m(ClientAppActor pid=55815)[0m             This is a deprecated feature. It will be removed[32m [repeated 6x across cluster][0m
[36m(ClientAppActor pid=55815)[0m             entirely in future versions of Flower.[32m [repeated 6x across cluster][0m
[36m(ClientAppActor pid=55806)[0m 
[36m(ClientAppActor pid=55806)[0m         
[36m(ClientAppActor pid=55815)[0m 
[36m(ClientAppActor pid=55815)[0m         
[36m(ClientAppActor pid=55806)[0m 
[36m(ClientAppActor pid=55806)[0m         
[36m(ClientAppActor pid=55815)[0m 
[36m(ClientAppActor pid=55815)[0m         
[36m(ClientAppActor pid=55806)[0m 
[36m(ClientAppActor pid=55806)[0m         
[36m(ClientAppActor pid=55815)[0m 
[36m(ClientAppActor pid=55815)[0m         
[36m(ClientAppActor pid=55806)[0m 
[36m(ClientAppActor pid=55806)[0m         
[36m(ClientAppActor pid=55815)[0m 
[36m(ClientAppActor pid=55815)[0m         
[36m(ClientAppActor pid=55806)[0m 
[36m(ClientAppActor pid=55806)[0m         
[92mINFO [0m:      aggregate_evaluate: received 10 results and 0 failures
INFO:flwr:aggregate_evaluate: received 10 results and 0 failures
[92mINFO [0m:      
INFO:flwr:
[92mINFO [0m:      [ROUND 28]
INFO:flwr:[ROUND 28]
[92mINFO [0m:      configure_fit: strategy sampled 10 clients (out of 10)
INFO:flwr:configure_fit: strategy sampled 10 clients (out of 10)
[36m(ClientAppActor pid=55806)[0m [Client 3] Training on NVIDIA GeForce RTX 3060[32m [repeated 5x across cluster][0m
[36m(ClientAppActor pid=55806)[0m 
[36m(ClientAppActor pid=55806)[0m         
[36m(ClientAppActor pid=55815)[0m 
[36m(ClientAppActor pid=55815)[0m         
[36m(ClientAppActor pid=55806)[0m 
[36m(ClientAppActor pid=55806)[0m         
[36m(ClientAppActor pid=55806)[0m 
[36m(ClientAppActor pid=55806)[0m         
[36m(ClientAppActor pid=55806)[0m 
[36m(ClientAppActor pid=55806)[0m         
[36m(ClientAppActor pid=55806)[0m [Client 1] Training on NVIDIA GeForce RTX 3060[32m [repeated 5x across cluster][0m
[36m(ClientAppActor pid=55806)[0m 
[36m(ClientAppActor pid=55806)[0m         
[36m(ClientAppActor pid=55806)[0m [93mWARNING [0m:   DEPRECATED FEATURE: `client_fn` now expects a signature `def client_fn(context: Context)`.The provided `client_fn` has signature: {'cid': <Parameter "cid: str">}. You can import the `Context` like this: `from flwr.app import Context`[32m [repeated 15x across cluster][0m
[36m(ClientAppActor pid=55806)[0m             This is a deprecated feature. It will be removed[32m [repeated 15x across cluster][0m
[36m(ClientAppActor pid=55806)[0m             entirely in future versions of Flower.[32m [repeated 15x across cluster][0m
[36m(ClientAppActor pid=55815)[0m 
[36m(ClientAppActor pid=55815)[0m         
[36m(ClientAppActor pid=55815)[0m 
[36m(ClientAppActor pid=55815)[0m         
[36m(ClientAppActor pid=55806)[0m 
[36m(ClientAppActor pid=55806)[0m         
[36m(ClientAppActor pid=55815)[0m 
[36m(ClientAppActor pid=55815)[0m         
[92mINFO [0m:      aggregate_fit: received 10 results and 0 failures
INFO:flwr:aggregate_fit: received 10 results and 0 failures
[CascadeRouter] Round 28: 10 clients, 24578 parameters/client
[92mINFO [0m:      configure_evaluate: strategy sampled 10 clients (out of 10)
INFO:flwr:configure_evaluate: strategy sampled 10 clients (out of 10)
[36m(ClientAppActor pid=55806)[0m 
[36m(ClientAppActor pid=55806)[0m         
[36m(ClientAppActor pid=55806)[0m [93mWARNING [0m:   DEPRECATED FEATURE: `client_fn` now expects a signature `def client_fn(context: Context)`.The provided `client_fn` has signature: {'cid': <Parameter "cid: str">}. You can import the `Context` like this: `from flwr.app import Context`[32m [repeated 5x across cluster][0m
[36m(ClientAppActor pid=55806)[0m             This is a deprecated feature. It will be removed[32m [repeated 5x across cluster][0m
[36m(ClientAppActor pid=55806)[0m             entirely in future versions of Flower.[32m [repeated 5x across cluster][0m
[36m(ClientAppActor pid=55815)[0m 
[36m(ClientAppActor pid=55815)[0m         
[36m(ClientAppActor pid=55815)[0m 
[36m(ClientAppActor pid=55815)[0m         
[36m(ClientAppActor pid=55806)[0m 
[36m(ClientAppActor pid=55806)[0m         
[36m(ClientAppActor pid=55806)[0m 
[36m(ClientAppActor pid=55806)[0m         
[36m(ClientAppActor pid=55815)[0m 
[36m(ClientAppActor pid=55815)[0m         
[36m(ClientAppActor pid=55815)[0m 
[36m(ClientAppActor pid=55815)[0m         
[36m(ClientAppActor pid=55806)[0m 
[36m(ClientAppActor pid=55806)[0m         
[36m(ClientAppActor pid=55806)[0m 
[36m(ClientAppActor pid=55806)[0m         
[36m(ClientAppActor pid=55815)[0m 
[36m(ClientAppActor pid=55815)[0m         
[92mINFO [0m:      aggregate_evaluate: received 10 results and 0 failures
INFO:flwr:aggregate_evaluate: received 10 results and 0 failures
[92mINFO [0m:      
INFO:flwr:
[92mINFO [0m:      [ROUND 29]
INFO:flwr:[ROUND 29]
[92mINFO [0m:      configure_fit: strategy sampled 10 clients (out of 10)
INFO:flwr:configure_fit: strategy sampled 10 clients (out of 10)
[36m(ClientAppActor pid=55815)[0m [Client 8] Training on NVIDIA GeForce RTX 3060[32m [repeated 5x across cluster][0m
[36m(ClientAppActor pid=55815)[0m 
[36m(ClientAppActor pid=55815)[0m         
[36m(ClientAppActor pid=55806)[0m 
[36m(ClientAppActor pid=55806)[0m         
[36m(ClientAppActor pid=55815)[0m 
[36m(ClientAppActor pid=55815)[0m         
[36m(ClientAppActor pid=55806)[0m 
[36m(ClientAppActor pid=55806)[0m         
[36m(ClientAppActor pid=55815)[0m 
[36m(ClientAppActor pid=55815)[0m         
[36m(ClientAppActor pid=55806)[0m 
[36m(ClientAppActor pid=55806)[0m         
[36m(ClientAppActor pid=55815)[0m 
[36m(ClientAppActor pid=55815)[0m         
[36m(ClientAppActor pid=55806)[0m 
[36m(ClientAppActor pid=55806)[0m         
[36m(ClientAppActor pid=55806)[0m [93mWARNING [0m:   DEPRECATED FEATURE: `client_fn` now expects a signature `def client_fn(context: Context)`.The provided `client_fn` has signature: {'cid': <Parameter "cid: str">}. You can import the `Context` like this: `from flwr.app import Context`[32m [repeated 17x across cluster][0m
[36m(ClientAppActor pid=55806)[0m             This is a deprecated feature. It will be removed[32m [repeated 17x across cluster][0m
[36m(ClientAppActor pid=55806)[0m             entirely in future versions of Flower.[32m [repeated 17x across cluster][0m
[36m(ClientAppActor pid=55806)[0m [Client 1] Training on NVIDIA GeForce RTX 3060[32m [repeated 8x across cluster][0m
[36m(ClientAppActor pid=55806)[0m 
[36m(ClientAppActor pid=55806)[0m         
[36m(ClientAppActor pid=55806)[0m 
[36m(ClientAppActor pid=55806)[0m         
[36m(ClientAppActor pid=55806)[0m [93mWARNING [0m:   DEPRECATED FEATURE: `client_fn` now expects a signature `def client_fn(context: Context)`.The provided `client_fn` has signature: {'cid': <Parameter "cid: str">}. You can import the `Context` like this: `from flwr.app import Context`[32m [repeated 2x across cluster][0m
[36m(ClientAppActor pid=55806)[0m             This is a deprecated feature. It will be removed[32m [repeated 2x across cluster][0m
[36m(ClientAppActor pid=55806)[0m             entirely in future versions of Flower.[32m [repeated 2x across cluster][0m
[92mINFO [0m:      aggregate_fit: received 10 results and 0 failures
INFO:flwr:aggregate_fit: received 10 results and 0 failures
[CascadeRouter] Round 29: 10 clients, 24578 parameters/client
[92mINFO [0m:      configure_evaluate: strategy sampled 10 clients (out of 10)
INFO:flwr:configure_evaluate: strategy sampled 10 clients (out of 10)
[36m(ClientAppActor pid=55806)[0m 
[36m(ClientAppActor pid=55806)[0m         
[36m(ClientAppActor pid=55815)[0m 
[36m(ClientAppActor pid=55815)[0m         
[36m(ClientAppActor pid=55806)[0m 
[36m(ClientAppActor pid=55806)[0m         
[36m(ClientAppActor pid=55815)[0m 
[36m(ClientAppActor pid=55815)[0m         
[36m(ClientAppActor pid=55815)[0m 
[36m(ClientAppActor pid=55815)[0m         
[36m(ClientAppActor pid=55806)[0m 
[36m(ClientAppActor pid=55806)[0m         
[36m(ClientAppActor pid=55806)[0m 
[36m(ClientAppActor pid=55806)[0m         
[36m(ClientAppActor pid=55815)[0m 
[36m(ClientAppActor pid=55815)[0m         
[36m(ClientAppActor pid=55815)[0m 
[36m(ClientAppActor pid=55815)[0m         
[36m(ClientAppActor pid=55806)[0m 
[36m(ClientAppActor pid=55806)[0m         
[92mINFO [0m:      aggregate_evaluate: received 10 results and 0 failures
INFO:flwr:aggregate_evaluate: received 10 results and 0 failures
[92mINFO [0m:      
INFO:flwr:
[92mINFO [0m:      [ROUND 30]
INFO:flwr:[ROUND 30]
[92mINFO [0m:      configure_fit: strategy sampled 10 clients (out of 10)
INFO:flwr:configure_fit: strategy sampled 10 clients (out of 10)
[36m(ClientAppActor pid=55815)[0m [Client 5] Training on NVIDIA GeForce RTX 3060[32m [repeated 2x across cluster][0m
[36m(ClientAppActor pid=55815)[0m 
[36m(ClientAppActor pid=55815)[0m         
[36m(ClientAppActor pid=55806)[0m 
[36m(ClientAppActor pid=55806)[0m         
[36m(ClientAppActor pid=55806)[0m 
[36m(ClientAppActor pid=55806)[0m         
[36m(ClientAppActor pid=55806)[0m [93mWARNING [0m:   DEPRECATED FEATURE: `client_fn` now expects a signature `def client_fn(context: Context)`.The provided `client_fn` has signature: {'cid': <Parameter "cid: str">}. You can import the `Context` like this: `from flwr.app import Context`[32m [repeated 13x across cluster][0m
[36m(ClientAppActor pid=55806)[0m             This is a deprecated feature. It will be removed[32m [repeated 13x across cluster][0m
[36m(ClientAppActor pid=55806)[0m             entirely in future versions of Flower.[32m [repeated 13x across cluster][0m
[36m(ClientAppActor pid=55815)[0m 
[36m(ClientAppActor pid=55815)[0m         
[36m(ClientAppActor pid=55815)[0m 
[36m(ClientAppActor pid=55815)[0m         
[36m(ClientAppActor pid=55806)[0m 
[36m(ClientAppActor pid=55806)[0m         
[36m(ClientAppActor pid=55806)[0m [Client 8] Training on NVIDIA GeForce RTX 3060[32m [repeated 6x across cluster][0m
[36m(ClientAppActor pid=55806)[0m 
[36m(ClientAppActor pid=55806)[0m         
[36m(ClientAppActor pid=55806)[0m 
[36m(ClientAppActor pid=55806)[0m         
[36m(ClientAppActor pid=55806)[0m 
[36m(ClientAppActor pid=55806)[0m         
[36m(ClientAppActor pid=55815)[0m 
[36m(ClientAppActor pid=55815)[0m         
[92mINFO [0m:      aggregate_fit: received 10 results and 0 failures
INFO:flwr:aggregate_fit: received 10 results and 0 failures
[CascadeRouter] Round 30: 10 clients, 24578 parameters/client
[92mINFO [0m:      configure_evaluate: strategy sampled 10 clients (out of 10)
INFO:flwr:configure_evaluate: strategy sampled 10 clients (out of 10)
[36m(ClientAppActor pid=55815)[0m 
[36m(ClientAppActor pid=55815)[0m         
[36m(ClientAppActor pid=55815)[0m [93mWARNING [0m:   DEPRECATED FEATURE: `client_fn` now expects a signature `def client_fn(context: Context)`.The provided `client_fn` has signature: {'cid': <Parameter "cid: str">}. You can import the `Context` like this: `from flwr.app import Context`[32m [repeated 8x across cluster][0m
[36m(ClientAppActor pid=55815)[0m             This is a deprecated feature. It will be removed[32m [repeated 8x across cluster][0m
[36m(ClientAppActor pid=55815)[0m             entirely in future versions of Flower.[32m [repeated 8x across cluster][0m
[36m(ClientAppActor pid=55806)[0m 
[36m(ClientAppActor pid=55806)[0m         
[36m(ClientAppActor pid=55815)[0m 
[36m(ClientAppActor pid=55815)[0m         
[36m(ClientAppActor pid=55806)[0m 
[36m(ClientAppActor pid=55806)[0m         
[36m(ClientAppActor pid=55815)[0m 
[36m(ClientAppActor pid=55815)[0m         
[36m(ClientAppActor pid=55806)[0m 
[36m(ClientAppActor pid=55806)[0m         
[36m(ClientAppActor pid=55815)[0m 
[36m(ClientAppActor pid=55815)[0m         
[36m(ClientAppActor pid=55806)[0m 
[36m(ClientAppActor pid=55806)[0m         
[36m(ClientAppActor pid=55815)[0m 
[36m(ClientAppActor pid=55815)[0m         
[36m(ClientAppActor pid=55806)[0m 
[36m(ClientAppActor pid=55806)[0m         
[92mINFO [0m:      aggregate_evaluate: received 10 results and 0 failures
INFO:flwr:aggregate_evaluate: received 10 results and 0 failures
[92mINFO [0m:      
INFO:flwr:
[92mINFO [0m:      [ROUND 31]
INFO:flwr:[ROUND 31]
[92mINFO [0m:      configure_fit: strategy sampled 10 clients (out of 10)
INFO:flwr:configure_fit: strategy sampled 10 clients (out of 10)
[36m(ClientAppActor pid=55806)[0m [Client 3] Training on NVIDIA GeForce RTX 3060[32m [repeated 4x across cluster][0m
[36m(ClientAppActor pid=55806)[0m 
[36m(ClientAppActor pid=55806)[0m         
[36m(ClientAppActor pid=55815)[0m 
[36m(ClientAppActor pid=55815)[0m         
[36m(ClientAppActor pid=55806)[0m 
[36m(ClientAppActor pid=55806)[0m         
[36m(ClientAppActor pid=55806)[0m 
[36m(ClientAppActor pid=55806)[0m         
[36m(ClientAppActor pid=55806)[0m 
[36m(ClientAppActor pid=55806)[0m         
[36m(ClientAppActor pid=55815)[0m 
[36m(ClientAppActor pid=55815)[0m         
[36m(ClientAppActor pid=55806)[0m 
[36m(ClientAppActor pid=55806)[0m         
[36m(ClientAppActor pid=55806)[0m 
[36m(ClientAppActor pid=55806)[0m         
[36m(ClientAppActor pid=55806)[0m [93mWARNING [0m:   DEPRECATED FEATURE: `client_fn` now expects a signature `def client_fn(context: Context)`.The provided `client_fn` has signature: {'cid': <Parameter "cid: str">}. You can import the `Context` like this: `from flwr.app import Context`[32m [repeated 17x across cluster][0m
[36m(ClientAppActor pid=55806)[0m             This is a deprecated feature. It will be removed[32m [repeated 17x across cluster][0m
[36m(ClientAppActor pid=55806)[0m             entirely in future versions of Flower.[32m [repeated 17x across cluster][0m
[36m(ClientAppActor pid=55815)[0m 
[36m(ClientAppActor pid=55815)[0m         
[36m(ClientAppActor pid=55806)[0m 
[36m(ClientAppActor pid=55806)[0m         
[36m(ClientAppActor pid=55806)[0m [Client 1] Training on NVIDIA GeForce RTX 3060[32m [repeated 9x across cluster][0m
[92mINFO [0m:      aggregate_fit: received 10 results and 0 failures
INFO:flwr:aggregate_fit: received 10 results and 0 failures
[CascadeRouter] Round 31: 10 clients, 24578 parameters/client
[92mINFO [0m:      configure_evaluate: strategy sampled 10 clients (out of 10)
INFO:flwr:configure_evaluate: strategy sampled 10 clients (out of 10)
[36m(ClientAppActor pid=55815)[0m 
[36m(ClientAppActor pid=55815)[0m         
[36m(ClientAppActor pid=55815)[0m [93mWARNING [0m:   DEPRECATED FEATURE: `client_fn` now expects a signature `def client_fn(context: Context)`.The provided `client_fn` has signature: {'cid': <Parameter "cid: str">}. You can import the `Context` like this: `from flwr.app import Context`[32m [repeated 3x across cluster][0m
[36m(ClientAppActor pid=55815)[0m             This is a deprecated feature. It will be removed[32m [repeated 3x across cluster][0m
[36m(ClientAppActor pid=55815)[0m             entirely in future versions of Flower.[32m [repeated 3x across cluster][0m
[36m(ClientAppActor pid=55806)[0m 
[36m(ClientAppActor pid=55806)[0m         
[36m(ClientAppActor pid=55815)[0m 
[36m(ClientAppActor pid=55815)[0m         
[36m(ClientAppActor pid=55806)[0m 
[36m(ClientAppActor pid=55806)[0m         
[36m(ClientAppActor pid=55815)[0m 
[36m(ClientAppActor pid=55815)[0m         
[36m(ClientAppActor pid=55806)[0m 
[36m(ClientAppActor pid=55806)[0m         
[36m(ClientAppActor pid=55815)[0m 
[36m(ClientAppActor pid=55815)[0m         
[36m(ClientAppActor pid=55806)[0m 
[36m(ClientAppActor pid=55806)[0m         
[36m(ClientAppActor pid=55815)[0m 
[36m(ClientAppActor pid=55815)[0m         
[36m(ClientAppActor pid=55806)[0m 
[36m(ClientAppActor pid=55806)[0m         
[92mINFO [0m:      aggregate_evaluate: received 10 results and 0 failures
INFO:flwr:aggregate_evaluate: received 10 results and 0 failures
[92mINFO [0m:      
INFO:flwr:
[92mINFO [0m:      [ROUND 32]
INFO:flwr:[ROUND 32]
[92mINFO [0m:      configure_fit: strategy sampled 10 clients (out of 10)
INFO:flwr:configure_fit: strategy sampled 10 clients (out of 10)
[36m(ClientAppActor pid=55806)[0m [Client 5] Training on NVIDIA GeForce RTX 3060
[36m(ClientAppActor pid=55806)[0m 
[36m(ClientAppActor pid=55806)[0m         
[36m(ClientAppActor pid=55815)[0m [Client 9] Training on NVIDIA GeForce RTX 3060
[36m(ClientAppActor pid=55815)[0m 
[36m(ClientAppActor pid=55815)[0m         
[36m(ClientAppActor pid=55815)[0m [Client 2] Training on NVIDIA GeForce RTX 3060
[36m(ClientAppActor pid=55815)[0m 
[36m(ClientAppActor pid=55815)[0m         
[36m(ClientAppActor pid=55815)[0m [Client 7] Training on NVIDIA GeForce RTX 3060
[36m(ClientAppActor pid=55815)[0m 
[36m(ClientAppActor pid=55815)[0m         
[36m(ClientAppActor pid=55806)[0m 
[36m(ClientAppActor pid=55806)[0m         
[36m(ClientAppActor pid=55806)[0m 
[36m(ClientAppActor pid=55806)[0m         
[36m(ClientAppActor pid=55815)[0m 
[36m(ClientAppActor pid=55815)[0m         
[36m(ClientAppActor pid=55815)[0m [93mWARNING [0m:   DEPRECATED FEATURE: `client_fn` now expects a signature `def client_fn(context: Context)`.The provided `client_fn` has signature: {'cid': <Parameter "cid: str">}. You can import the `Context` like this: `from flwr.app import Context`[32m [repeated 16x across cluster][0m
[36m(ClientAppActor pid=55815)[0m             This is a deprecated feature. It will be removed[32m [repeated 16x across cluster][0m
[36m(ClientAppActor pid=55815)[0m             entirely in future versions of Flower.[32m [repeated 16x across cluster][0m
[36m(ClientAppActor pid=55815)[0m 
[36m(ClientAppActor pid=55815)[0m         
[36m(ClientAppActor pid=55806)[0m [Client 4] Training on NVIDIA GeForce RTX 3060[32m [repeated 5x across cluster][0m
[36m(ClientAppActor pid=55806)[0m 
[36m(ClientAppActor pid=55806)[0m         
[36m(ClientAppActor pid=55815)[0m 
[36m(ClientAppActor pid=55815)[0m         
[92mINFO [0m:      aggregate_fit: received 10 results and 0 failures
INFO:flwr:aggregate_fit: received 10 results and 0 failures
[CascadeRouter] Round 32: 10 clients, 24578 parameters/client
[92mINFO [0m:      configure_evaluate: strategy sampled 10 clients (out of 10)
INFO:flwr:configure_evaluate: strategy sampled 10 clients (out of 10)
[36m(ClientAppActor pid=55806)[0m 
[36m(ClientAppActor pid=55806)[0m         
[36m(ClientAppActor pid=55806)[0m [93mWARNING [0m:   DEPRECATED FEATURE: `client_fn` now expects a signature `def client_fn(context: Context)`.The provided `client_fn` has signature: {'cid': <Parameter "cid: str">}. You can import the `Context` like this: `from flwr.app import Context`[32m [repeated 4x across cluster][0m
[36m(ClientAppActor pid=55806)[0m             This is a deprecated feature. It will be removed[32m [repeated 4x across cluster][0m
[36m(ClientAppActor pid=55806)[0m             entirely in future versions of Flower.[32m [repeated 4x across cluster][0m
[36m(ClientAppActor pid=55815)[0m 
[36m(ClientAppActor pid=55815)[0m         
[36m(ClientAppActor pid=55806)[0m 
[36m(ClientAppActor pid=55806)[0m         
[36m(ClientAppActor pid=55815)[0m 
[36m(ClientAppActor pid=55815)[0m         
[36m(ClientAppActor pid=55806)[0m 
[36m(ClientAppActor pid=55806)[0m         
[36m(ClientAppActor pid=55815)[0m 
[36m(ClientAppActor pid=55815)[0m         
[36m(ClientAppActor pid=55806)[0m 
[36m(ClientAppActor pid=55806)[0m         
[36m(ClientAppActor pid=55815)[0m 
[36m(ClientAppActor pid=55815)[0m         
[36m(ClientAppActor pid=55806)[0m 
[36m(ClientAppActor pid=55806)[0m         
[36m(ClientAppActor pid=55815)[0m 
[36m(ClientAppActor pid=55815)[0m         
[92mINFO [0m:      aggregate_evaluate: received 10 results and 0 failures
INFO:flwr:aggregate_evaluate: received 10 results and 0 failures
[92mINFO [0m:      
INFO:flwr:
[92mINFO [0m:      [ROUND 33]
INFO:flwr:[ROUND 33]
[92mINFO [0m:      configure_fit: strategy sampled 10 clients (out of 10)
INFO:flwr:configure_fit: strategy sampled 10 clients (out of 10)
[36m(ClientAppActor pid=55815)[0m [Client 6] Training on NVIDIA GeForce RTX 3060[32m [repeated 2x across cluster][0m
[36m(ClientAppActor pid=55815)[0m 
[36m(ClientAppActor pid=55815)[0m         
[36m(ClientAppActor pid=55806)[0m 
[36m(ClientAppActor pid=55806)[0m         
[36m(ClientAppActor pid=55815)[0m 
[36m(ClientAppActor pid=55815)[0m         
[36m(ClientAppActor pid=55815)[0m 
[36m(ClientAppActor pid=55815)[0m         
[36m(ClientAppActor pid=55806)[0m 
[36m(ClientAppActor pid=55806)[0m         
[36m(ClientAppActor pid=55815)[0m 
[36m(ClientAppActor pid=55815)[0m         
[36m(ClientAppActor pid=55815)[0m [93mWARNING [0m:   DEPRECATED FEATURE: `client_fn` now expects a signature `def client_fn(context: Context)`.The provided `client_fn` has signature: {'cid': <Parameter "cid: str">}. You can import the `Context` like this: `from flwr.app import Context`[32m [repeated 15x across cluster][0m
[36m(ClientAppActor pid=55815)[0m             This is a deprecated feature. It will be removed[32m [repeated 15x across cluster][0m
[36m(ClientAppActor pid=55815)[0m             entirely in future versions of Flower.[32m [repeated 15x across cluster][0m
[36m(ClientAppActor pid=55806)[0m 
[36m(ClientAppActor pid=55806)[0m         
[36m(ClientAppActor pid=55806)[0m 
[36m(ClientAppActor pid=55806)[0m         
[36m(ClientAppActor pid=55806)[0m 
[36m(ClientAppActor pid=55806)[0m         
[36m(ClientAppActor pid=55815)[0m [Client 5] Training on NVIDIA GeForce RTX 3060[32m [repeated 9x across cluster][0m
[36m(ClientAppActor pid=55815)[0m 
[36m(ClientAppActor pid=55815)[0m         
[92mINFO [0m:      aggregate_fit: received 10 results and 0 failures
INFO:flwr:aggregate_fit: received 10 results and 0 failures
[CascadeRouter] Round 33: 10 clients, 24578 parameters/client
[92mINFO [0m:      configure_evaluate: strategy sampled 10 clients (out of 10)
INFO:flwr:configure_evaluate: strategy sampled 10 clients (out of 10)
[36m(ClientAppActor pid=55806)[0m 
[36m(ClientAppActor pid=55806)[0m         
[36m(ClientAppActor pid=55806)[0m [93mWARNING [0m:   DEPRECATED FEATURE: `client_fn` now expects a signature `def client_fn(context: Context)`.The provided `client_fn` has signature: {'cid': <Parameter "cid: str">}. You can import the `Context` like this: `from flwr.app import Context`[32m [repeated 5x across cluster][0m
[36m(ClientAppActor pid=55806)[0m             This is a deprecated feature. It will be removed[32m [repeated 5x across cluster][0m
[36m(ClientAppActor pid=55806)[0m             entirely in future versions of Flower.[32m [repeated 5x across cluster][0m
[36m(ClientAppActor pid=55815)[0m 
[36m(ClientAppActor pid=55815)[0m         
[36m(ClientAppActor pid=55806)[0m 
[36m(ClientAppActor pid=55806)[0m         
[36m(ClientAppActor pid=55815)[0m 
[36m(ClientAppActor pid=55815)[0m         
[36m(ClientAppActor pid=55815)[0m 
[36m(ClientAppActor pid=55815)[0m         
[36m(ClientAppActor pid=55806)[0m 
[36m(ClientAppActor pid=55806)[0m         
[36m(ClientAppActor pid=55815)[0m 
[36m(ClientAppActor pid=55815)[0m         
[36m(ClientAppActor pid=55806)[0m 
[36m(ClientAppActor pid=55806)[0m         
[36m(ClientAppActor pid=55806)[0m 
[36m(ClientAppActor pid=55806)[0m         
[36m(ClientAppActor pid=55815)[0m 
[36m(ClientAppActor pid=55815)[0m         
[92mINFO [0m:      aggregate_evaluate: received 10 results and 0 failures
INFO:flwr:aggregate_evaluate: received 10 results and 0 failures
[92mINFO [0m:      
INFO:flwr:
[92mINFO [0m:      [ROUND 34]
INFO:flwr:[ROUND 34]
[92mINFO [0m:      configure_fit: strategy sampled 10 clients (out of 10)
INFO:flwr:configure_fit: strategy sampled 10 clients (out of 10)
[36m(ClientAppActor pid=55815)[0m [Client 1] Training on NVIDIA GeForce RTX 3060
[36m(ClientAppActor pid=55815)[0m 
[36m(ClientAppActor pid=55815)[0m         
[36m(ClientAppActor pid=55806)[0m [Client 8] Training on NVIDIA GeForce RTX 3060
[36m(ClientAppActor pid=55806)[0m 
[36m(ClientAppActor pid=55806)[0m         
[36m(ClientAppActor pid=55806)[0m [Client 7] Training on NVIDIA GeForce RTX 3060
[36m(ClientAppActor pid=55806)[0m 
[36m(ClientAppActor pid=55806)[0m         
[36m(ClientAppActor pid=55806)[0m [Client 0] Training on NVIDIA GeForce RTX 3060
[36m(ClientAppActor pid=55806)[0m 
[36m(ClientAppActor pid=55806)[0m         
[36m(ClientAppActor pid=55815)[0m 
[36m(ClientAppActor pid=55815)[0m         
[36m(ClientAppActor pid=55815)[0m [93mWARNING [0m:   DEPRECATED FEATURE: `client_fn` now expects a signature `def client_fn(context: Context)`.The provided `client_fn` has signature: {'cid': <Parameter "cid: str">}. You can import the `Context` like this: `from flwr.app import Context`[32m [repeated 14x across cluster][0m
[36m(ClientAppActor pid=55815)[0m             This is a deprecated feature. It will be removed[32m [repeated 14x across cluster][0m
[36m(ClientAppActor pid=55815)[0m             entirely in future versions of Flower.[32m [repeated 14x across cluster][0m
[36m(ClientAppActor pid=55806)[0m [Client 5] Training on NVIDIA GeForce RTX 3060[32m [repeated 2x across cluster][0m
[36m(ClientAppActor pid=55806)[0m 
[36m(ClientAppActor pid=55806)[0m         
[36m(ClientAppActor pid=55815)[0m 
[36m(ClientAppActor pid=55815)[0m         
[36m(ClientAppActor pid=55815)[0m 
[36m(ClientAppActor pid=55815)[0m         
[36m(ClientAppActor pid=55815)[0m 
[36m(ClientAppActor pid=55815)[0m         
[36m(ClientAppActor pid=55806)[0m 
[36m(ClientAppActor pid=55806)[0m         
[92mINFO [0m:      aggregate_fit: received 10 results and 0 failures
INFO:flwr:aggregate_fit: received 10 results and 0 failures
[CascadeRouter] Round 34: 10 clients, 24578 parameters/client
[92mINFO [0m:      configure_evaluate: strategy sampled 10 clients (out of 10)
INFO:flwr:configure_evaluate: strategy sampled 10 clients (out of 10)
[36m(ClientAppActor pid=55815)[0m 
[36m(ClientAppActor pid=55815)[0m         
[36m(ClientAppActor pid=55815)[0m [93mWARNING [0m:   DEPRECATED FEATURE: `client_fn` now expects a signature `def client_fn(context: Context)`.The provided `client_fn` has signature: {'cid': <Parameter "cid: str">}. You can import the `Context` like this: `from flwr.app import Context`[32m [repeated 6x across cluster][0m
[36m(ClientAppActor pid=55815)[0m             This is a deprecated feature. It will be removed[32m [repeated 6x across cluster][0m
[36m(ClientAppActor pid=55815)[0m             entirely in future versions of Flower.[32m [repeated 6x across cluster][0m
[36m(ClientAppActor pid=55806)[0m 
[36m(ClientAppActor pid=55806)[0m         
[36m(ClientAppActor pid=55815)[0m 
[36m(ClientAppActor pid=55815)[0m         
[36m(ClientAppActor pid=55806)[0m 
[36m(ClientAppActor pid=55806)[0m         
[36m(ClientAppActor pid=55815)[0m 
[36m(ClientAppActor pid=55815)[0m         
[36m(ClientAppActor pid=55806)[0m 
[36m(ClientAppActor pid=55806)[0m         
[36m(ClientAppActor pid=55815)[0m 
[36m(ClientAppActor pid=55815)[0m         
[36m(ClientAppActor pid=55806)[0m 
[36m(ClientAppActor pid=55806)[0m         
[36m(ClientAppActor pid=55815)[0m 
[36m(ClientAppActor pid=55815)[0m         
[36m(ClientAppActor pid=55806)[0m 
[36m(ClientAppActor pid=55806)[0m         
[92mINFO [0m:      aggregate_evaluate: received 10 results and 0 failures
INFO:flwr:aggregate_evaluate: received 10 results and 0 failures
[92mINFO [0m:      
INFO:flwr:
[92mINFO [0m:      [ROUND 35]
INFO:flwr:[ROUND 35]
[92mINFO [0m:      configure_fit: strategy sampled 10 clients (out of 10)
INFO:flwr:configure_fit: strategy sampled 10 clients (out of 10)
[36m(ClientAppActor pid=55815)[0m [Client 7] Training on NVIDIA GeForce RTX 3060[32m [repeated 5x across cluster][0m
[36m(ClientAppActor pid=55815)[0m 
[36m(ClientAppActor pid=55815)[0m         
[36m(ClientAppActor pid=55806)[0m 
[36m(ClientAppActor pid=55806)[0m         
[36m(ClientAppActor pid=55806)[0m 
[36m(ClientAppActor pid=55806)[0m         
[36m(ClientAppActor pid=55815)[0m 
[36m(ClientAppActor pid=55815)[0m         
[36m(ClientAppActor pid=55806)[0m 
[36m(ClientAppActor pid=55806)[0m         
[36m(ClientAppActor pid=55815)[0m 
[36m(ClientAppActor pid=55815)[0m         
[36m(ClientAppActor pid=55815)[0m [93mWARNING [0m:   DEPRECATED FEATURE: `client_fn` now expects a signature `def client_fn(context: Context)`.The provided `client_fn` has signature: {'cid': <Parameter "cid: str">}. You can import the `Context` like this: `from flwr.app import Context`[32m [repeated 15x across cluster][0m
[36m(ClientAppActor pid=55815)[0m             This is a deprecated feature. It will be removed[32m [repeated 15x across cluster][0m
[36m(ClientAppActor pid=55815)[0m             entirely in future versions of Flower.[32m [repeated 15x across cluster][0m
[36m(ClientAppActor pid=55815)[0m 
[36m(ClientAppActor pid=55815)[0m         
[36m(ClientAppActor pid=55815)[0m 
[36m(ClientAppActor pid=55815)[0m         
[36m(ClientAppActor pid=55806)[0m 
[36m(ClientAppActor pid=55806)[0m         
[36m(ClientAppActor pid=55806)[0m [Client 1] Training on NVIDIA GeForce RTX 3060[32m [repeated 8x across cluster][0m
[36m(ClientAppActor pid=55806)[0m 
[36m(ClientAppActor pid=55806)[0m         
[36m(ClientAppActor pid=55806)[0m [93mWARNING [0m:   DEPRECATED FEATURE: `client_fn` now expects a signature `def client_fn(context: Context)`.The provided `client_fn` has signature: {'cid': <Parameter "cid: str">}. You can import the `Context` like this: `from flwr.app import Context`[32m [repeated 4x across cluster][0m
[36m(ClientAppActor pid=55806)[0m             This is a deprecated feature. It will be removed[32m [repeated 4x across cluster][0m
[36m(ClientAppActor pid=55806)[0m             entirely in future versions of Flower.[32m [repeated 4x across cluster][0m
[92mINFO [0m:      aggregate_fit: received 10 results and 0 failures
INFO:flwr:aggregate_fit: received 10 results and 0 failures
[CascadeRouter] Round 35: 10 clients, 24578 parameters/client
[92mINFO [0m:      configure_evaluate: strategy sampled 10 clients (out of 10)
INFO:flwr:configure_evaluate: strategy sampled 10 clients (out of 10)
[36m(ClientAppActor pid=55815)[0m 
[36m(ClientAppActor pid=55815)[0m         
[36m(ClientAppActor pid=55806)[0m 
[36m(ClientAppActor pid=55806)[0m         
[36m(ClientAppActor pid=55815)[0m 
[36m(ClientAppActor pid=55815)[0m         
[36m(ClientAppActor pid=55806)[0m 
[36m(ClientAppActor pid=55806)[0m         
[36m(ClientAppActor pid=55815)[0m 
[36m(ClientAppActor pid=55815)[0m         
[36m(ClientAppActor pid=55806)[0m 
[36m(ClientAppActor pid=55806)[0m         
[36m(ClientAppActor pid=55815)[0m 
[36m(ClientAppActor pid=55815)[0m         
[36m(ClientAppActor pid=55806)[0m 
[36m(ClientAppActor pid=55806)[0m         
[36m(ClientAppActor pid=55815)[0m 
[36m(ClientAppActor pid=55815)[0m         
[36m(ClientAppActor pid=55806)[0m 
[36m(ClientAppActor pid=55806)[0m         
[92mINFO [0m:      aggregate_evaluate: received 10 results and 0 failures
INFO:flwr:aggregate_evaluate: received 10 results and 0 failures
[92mINFO [0m:      
INFO:flwr:
[92mINFO [0m:      [ROUND 36]
INFO:flwr:[ROUND 36]
[92mINFO [0m:      configure_fit: strategy sampled 10 clients (out of 10)
INFO:flwr:configure_fit: strategy sampled 10 clients (out of 10)
[36m(ClientAppActor pid=55806)[0m [Client 8] Training on NVIDIA GeForce RTX 3060[32m [repeated 2x across cluster][0m
[36m(ClientAppActor pid=55806)[0m 
[36m(ClientAppActor pid=55806)[0m         
[36m(ClientAppActor pid=55815)[0m 
[36m(ClientAppActor pid=55815)[0m         
[36m(ClientAppActor pid=55815)[0m 
[36m(ClientAppActor pid=55815)[0m         
[36m(ClientAppActor pid=55806)[0m 
[36m(ClientAppActor pid=55806)[0m         
[36m(ClientAppActor pid=55815)[0m 
[36m(ClientAppActor pid=55815)[0m         
[36m(ClientAppActor pid=55815)[0m 
[36m(ClientAppActor pid=55815)[0m         
[36m(ClientAppActor pid=55806)[0m 
[36m(ClientAppActor pid=55806)[0m         
[36m(ClientAppActor pid=55806)[0m [93mWARNING [0m:   DEPRECATED FEATURE: `client_fn` now expects a signature `def client_fn(context: Context)`.The provided `client_fn` has signature: {'cid': <Parameter "cid: str">}. You can import the `Context` like this: `from flwr.app import Context`[32m [repeated 17x across cluster][0m
[36m(ClientAppActor pid=55806)[0m             This is a deprecated feature. It will be removed[32m [repeated 17x across cluster][0m
[36m(ClientAppActor pid=55806)[0m             entirely in future versions of Flower.[32m [repeated 17x across cluster][0m
[36m(ClientAppActor pid=55815)[0m 
[36m(ClientAppActor pid=55815)[0m         
[36m(ClientAppActor pid=55815)[0m [Client 7] Training on NVIDIA GeForce RTX 3060[32m [repeated 8x across cluster][0m
[36m(ClientAppActor pid=55815)[0m 
[36m(ClientAppActor pid=55815)[0m         
[36m(ClientAppActor pid=55815)[0m [93mWARNING [0m:   DEPRECATED FEATURE: `client_fn` now expects a signature `def client_fn(context: Context)`.The provided `client_fn` has signature: {'cid': <Parameter "cid: str">}. You can import the `Context` like this: `from flwr.app import Context`[32m [repeated 2x across cluster][0m
[36m(ClientAppActor pid=55815)[0m             This is a deprecated feature. It will be removed[32m [repeated 2x across cluster][0m
[36m(ClientAppActor pid=55815)[0m             entirely in future versions of Flower.[32m [repeated 2x across cluster][0m
[36m(ClientAppActor pid=55806)[0m 
[36m(ClientAppActor pid=55806)[0m         
[92mINFO [0m:      aggregate_fit: received 10 results and 0 failures
INFO:flwr:aggregate_fit: received 10 results and 0 failures
[CascadeRouter] Round 36: 10 clients, 24578 parameters/client
[92mINFO [0m:      configure_evaluate: strategy sampled 10 clients (out of 10)
INFO:flwr:configure_evaluate: strategy sampled 10 clients (out of 10)
[36m(ClientAppActor pid=55815)[0m 
[36m(ClientAppActor pid=55815)[0m         
[36m(ClientAppActor pid=55806)[0m 
[36m(ClientAppActor pid=55806)[0m         
[36m(ClientAppActor pid=55806)[0m 
[36m(ClientAppActor pid=55806)[0m         
[36m(ClientAppActor pid=55815)[0m 
[36m(ClientAppActor pid=55815)[0m         
[36m(ClientAppActor pid=55815)[0m 
[36m(ClientAppActor pid=55815)[0m         
[36m(ClientAppActor pid=55806)[0m 
[36m(ClientAppActor pid=55806)[0m         
[36m(ClientAppActor pid=55806)[0m 
[36m(ClientAppActor pid=55806)[0m         
[36m(ClientAppActor pid=55815)[0m 
[36m(ClientAppActor pid=55815)[0m         
[36m(ClientAppActor pid=55806)[0m 
[36m(ClientAppActor pid=55806)[0m         
[36m(ClientAppActor pid=55815)[0m 
[36m(ClientAppActor pid=55815)[0m         
[92mINFO [0m:      aggregate_evaluate: received 10 results and 0 failures
INFO:flwr:aggregate_evaluate: received 10 results and 0 failures
[92mINFO [0m:      
INFO:flwr:
[92mINFO [0m:      [ROUND 37]
INFO:flwr:[ROUND 37]
[92mINFO [0m:      configure_fit: strategy sampled 10 clients (out of 10)
INFO:flwr:configure_fit: strategy sampled 10 clients (out of 10)
[36m(ClientAppActor pid=55815)[0m 
[36m(ClientAppActor pid=55815)[0m         
[36m(ClientAppActor pid=55806)[0m 
[36m(ClientAppActor pid=55806)[0m         
[36m(ClientAppActor pid=55806)[0m [Client 9] Training on NVIDIA GeForce RTX 3060[32m [repeated 4x across cluster][0m
[36m(ClientAppActor pid=55806)[0m 
[36m(ClientAppActor pid=55806)[0m         
[36m(ClientAppActor pid=55806)[0m [93mWARNING [0m:   DEPRECATED FEATURE: `client_fn` now expects a signature `def client_fn(context: Context)`.The provided `client_fn` has signature: {'cid': <Parameter "cid: str">}. You can import the `Context` like this: `from flwr.app import Context`[32m [repeated 14x across cluster][0m
[36m(ClientAppActor pid=55806)[0m             This is a deprecated feature. It will be removed[32m [repeated 14x across cluster][0m
[36m(ClientAppActor pid=55806)[0m             entirely in future versions of Flower.[32m [repeated 14x across cluster][0m
[36m(ClientAppActor pid=55806)[0m 
[36m(ClientAppActor pid=55806)[0m         
[36m(ClientAppActor pid=55806)[0m 
[36m(ClientAppActor pid=55806)[0m         
[36m(ClientAppActor pid=55806)[0m 
[36m(ClientAppActor pid=55806)[0m         
[36m(ClientAppActor pid=55806)[0m 
[36m(ClientAppActor pid=55806)[0m         
[36m(ClientAppActor pid=55815)[0m [Client 5] Training on NVIDIA GeForce RTX 3060[32m [repeated 5x across cluster][0m
[36m(ClientAppActor pid=55815)[0m 
[36m(ClientAppActor pid=55815)[0m         
[36m(ClientAppActor pid=55815)[0m [93mWARNING [0m:   DEPRECATED FEATURE: `client_fn` now expects a signature `def client_fn(context: Context)`.The provided `client_fn` has signature: {'cid': <Parameter "cid: str">}. You can import the `Context` like this: `from flwr.app import Context`[32m [repeated 5x across cluster][0m
[36m(ClientAppActor pid=55815)[0m             This is a deprecated feature. It will be removed[32m [repeated 5x across cluster][0m
[36m(ClientAppActor pid=55815)[0m             entirely in future versions of Flower.[32m [repeated 5x across cluster][0m
[36m(ClientAppActor pid=55806)[0m 
[36m(ClientAppActor pid=55806)[0m         
[36m(ClientAppActor pid=55806)[0m 
[36m(ClientAppActor pid=55806)[0m         
[92mINFO [0m:      aggregate_fit: received 10 results and 0 failures
INFO:flwr:aggregate_fit: received 10 results and 0 failures
[CascadeRouter] Round 37: 10 clients, 24578 parameters/client
[92mINFO [0m:      configure_evaluate: strategy sampled 10 clients (out of 10)
INFO:flwr:configure_evaluate: strategy sampled 10 clients (out of 10)
[36m(ClientAppActor pid=55806)[0m 
[36m(ClientAppActor pid=55806)[0m         
[36m(ClientAppActor pid=55815)[0m 
[36m(ClientAppActor pid=55815)[0m         
[36m(ClientAppActor pid=55806)[0m 
[36m(ClientAppActor pid=55806)[0m         
[36m(ClientAppActor pid=55815)[0m 
[36m(ClientAppActor pid=55815)[0m         
[36m(ClientAppActor pid=55815)[0m 
[36m(ClientAppActor pid=55815)[0m         
[36m(ClientAppActor pid=55806)[0m 
[36m(ClientAppActor pid=55806)[0m         
[36m(ClientAppActor pid=55806)[0m 
[36m(ClientAppActor pid=55806)[0m         
[36m(ClientAppActor pid=55815)[0m 
[36m(ClientAppActor pid=55815)[0m         
[36m(ClientAppActor pid=55806)[0m 
[36m(ClientAppActor pid=55806)[0m         
[36m(ClientAppActor pid=55815)[0m 
[36m(ClientAppActor pid=55815)[0m         
[92mINFO [0m:      aggregate_evaluate: received 10 results and 0 failures
INFO:flwr:aggregate_evaluate: received 10 results and 0 failures
[92mINFO [0m:      
INFO:flwr:
[92mINFO [0m:      [ROUND 38]
INFO:flwr:[ROUND 38]
[92mINFO [0m:      configure_fit: strategy sampled 10 clients (out of 10)
INFO:flwr:configure_fit: strategy sampled 10 clients (out of 10)
[36m(ClientAppActor pid=55815)[0m [Client 6] Training on NVIDIA GeForce RTX 3060[32m [repeated 3x across cluster][0m
[36m(ClientAppActor pid=55815)[0m 
[36m(ClientAppActor pid=55815)[0m         
[36m(ClientAppActor pid=55815)[0m [93mWARNING [0m:   DEPRECATED FEATURE: `client_fn` now expects a signature `def client_fn(context: Context)`.The provided `client_fn` has signature: {'cid': <Parameter "cid: str">}. You can import the `Context` like this: `from flwr.app import Context`[32m [repeated 13x across cluster][0m
[36m(ClientAppActor pid=55815)[0m             This is a deprecated feature. It will be removed[32m [repeated 13x across cluster][0m
[36m(ClientAppActor pid=55815)[0m             entirely in future versions of Flower.[32m [repeated 13x across cluster][0m
[36m(ClientAppActor pid=55806)[0m 
[36m(ClientAppActor pid=55806)[0m         
[36m(ClientAppActor pid=55815)[0m 
[36m(ClientAppActor pid=55815)[0m         
[36m(ClientAppActor pid=55806)[0m 
[36m(ClientAppActor pid=55806)[0m         
[36m(ClientAppActor pid=55815)[0m 
[36m(ClientAppActor pid=55815)[0m         
[36m(ClientAppActor pid=55815)[0m 
[36m(ClientAppActor pid=55815)[0m         
[36m(ClientAppActor pid=55806)[0m 
[36m(ClientAppActor pid=55806)[0m         
[36m(ClientAppActor pid=55806)[0m [Client 4] Training on NVIDIA GeForce RTX 3060[32m [repeated 7x across cluster][0m
[36m(ClientAppActor pid=55806)[0m 
[36m(ClientAppActor pid=55806)[0m         
[36m(ClientAppActor pid=55806)[0m [93mWARNING [0m:   DEPRECATED FEATURE: `client_fn` now expects a signature `def client_fn(context: Context)`.The provided `client_fn` has signature: {'cid': <Parameter "cid: str">}. You can import the `Context` like this: `from flwr.app import Context`[32m [repeated 7x across cluster][0m
[36m(ClientAppActor pid=55806)[0m             This is a deprecated feature. It will be removed[32m [repeated 7x across cluster][0m
[36m(ClientAppActor pid=55806)[0m             entirely in future versions of Flower.[32m [repeated 7x across cluster][0m
[36m(ClientAppActor pid=55815)[0m 
[36m(ClientAppActor pid=55815)[0m         
[36m(ClientAppActor pid=55815)[0m 
[36m(ClientAppActor pid=55815)[0m         
[92mINFO [0m:      aggregate_fit: received 10 results and 0 failures
INFO:flwr:aggregate_fit: received 10 results and 0 failures
[CascadeRouter] Round 38: 10 clients, 24578 parameters/client
[92mINFO [0m:      configure_evaluate: strategy sampled 10 clients (out of 10)
INFO:flwr:configure_evaluate: strategy sampled 10 clients (out of 10)
[36m(ClientAppActor pid=55806)[0m 
[36m(ClientAppActor pid=55806)[0m         
[36m(ClientAppActor pid=55806)[0m [93mWARNING [0m:   DEPRECATED FEATURE: `client_fn` now expects a signature `def client_fn(context: Context)`.The provided `client_fn` has signature: {'cid': <Parameter "cid: str">}. You can import the `Context` like this: `from flwr.app import Context`[32m [repeated 3x across cluster][0m
[36m(ClientAppActor pid=55806)[0m             This is a deprecated feature. It will be removed[32m [repeated 3x across cluster][0m
[36m(ClientAppActor pid=55806)[0m             entirely in future versions of Flower.[32m [repeated 3x across cluster][0m
[36m(ClientAppActor pid=55815)[0m 
[36m(ClientAppActor pid=55815)[0m         
[36m(ClientAppActor pid=55815)[0m 
[36m(ClientAppActor pid=55815)[0m         
[36m(ClientAppActor pid=55806)[0m 
[36m(ClientAppActor pid=55806)[0m         
[36m(ClientAppActor pid=55815)[0m 
[36m(ClientAppActor pid=55815)[0m         
[36m(ClientAppActor pid=55806)[0m 
[36m(ClientAppActor pid=55806)[0m         
[36m(ClientAppActor pid=55806)[0m 
[36m(ClientAppActor pid=55806)[0m         
[36m(ClientAppActor pid=55815)[0m 
[36m(ClientAppActor pid=55815)[0m         
[36m(ClientAppActor pid=55806)[0m 
[36m(ClientAppActor pid=55806)[0m         
[36m(ClientAppActor pid=55815)[0m 
[36m(ClientAppActor pid=55815)[0m         
[92mINFO [0m:      aggregate_evaluate: received 10 results and 0 failures
INFO:flwr:aggregate_evaluate: received 10 results and 0 failures
[92mINFO [0m:      
INFO:flwr:
[92mINFO [0m:      [ROUND 39]
INFO:flwr:[ROUND 39]
[92mINFO [0m:      configure_fit: strategy sampled 10 clients (out of 10)
INFO:flwr:configure_fit: strategy sampled 10 clients (out of 10)
[36m(ClientAppActor pid=55815)[0m [Client 0] Training on NVIDIA GeForce RTX 3060[32m [repeated 3x across cluster][0m
[36m(ClientAppActor pid=55815)[0m 
[36m(ClientAppActor pid=55815)[0m         
[36m(ClientAppActor pid=55806)[0m 
[36m(ClientAppActor pid=55806)[0m         
[36m(ClientAppActor pid=55815)[0m 
[36m(ClientAppActor pid=55815)[0m         
[36m(ClientAppActor pid=55806)[0m 
[36m(ClientAppActor pid=55806)[0m         
[36m(ClientAppActor pid=55806)[0m [93mWARNING [0m:   DEPRECATED FEATURE: `client_fn` now expects a signature `def client_fn(context: Context)`.The provided `client_fn` has signature: {'cid': <Parameter "cid: str">}. You can import the `Context` like this: `from flwr.app import Context`[32m [repeated 13x across cluster][0m
[36m(ClientAppActor pid=55806)[0m             This is a deprecated feature. It will be removed[32m [repeated 13x across cluster][0m
[36m(ClientAppActor pid=55806)[0m             entirely in future versions of Flower.[32m [repeated 13x across cluster][0m
[36m(ClientAppActor pid=55806)[0m 
[36m(ClientAppActor pid=55806)[0m         
[36m(ClientAppActor pid=55815)[0m 
[36m(ClientAppActor pid=55815)[0m         
[36m(ClientAppActor pid=55815)[0m [Client 2] Training on NVIDIA GeForce RTX 3060[32m [repeated 6x across cluster][0m
[36m(ClientAppActor pid=55815)[0m 
[36m(ClientAppActor pid=55815)[0m         
[36m(ClientAppActor pid=55815)[0m 
[36m(ClientAppActor pid=55815)[0m         
[36m(ClientAppActor pid=55815)[0m 
[36m(ClientAppActor pid=55815)[0m         
[36m(ClientAppActor pid=55815)[0m 
[36m(ClientAppActor pid=55815)[0m         
[36m(ClientAppActor pid=55815)[0m [93mWARNING [0m:   DEPRECATED FEATURE: `client_fn` now expects a signature `def client_fn(context: Context)`.The provided `client_fn` has signature: {'cid': <Parameter "cid: str">}. You can import the `Context` like this: `from flwr.app import Context`[32m [repeated 6x across cluster][0m
[36m(ClientAppActor pid=55815)[0m             This is a deprecated feature. It will be removed[32m [repeated 6x across cluster][0m
[36m(ClientAppActor pid=55815)[0m             entirely in future versions of Flower.[32m [repeated 6x across cluster][0m
[92mINFO [0m:      aggregate_fit: received 10 results and 0 failures
INFO:flwr:aggregate_fit: received 10 results and 0 failures
[CascadeRouter] Round 39: 10 clients, 24578 parameters/client
[92mINFO [0m:      configure_evaluate: strategy sampled 10 clients (out of 10)
INFO:flwr:configure_evaluate: strategy sampled 10 clients (out of 10)
[36m(ClientAppActor pid=55815)[0m 
[36m(ClientAppActor pid=55815)[0m         
[36m(ClientAppActor pid=55806)[0m 
[36m(ClientAppActor pid=55806)[0m         
[36m(ClientAppActor pid=55806)[0m 
[36m(ClientAppActor pid=55806)[0m         
[36m(ClientAppActor pid=55815)[0m 
[36m(ClientAppActor pid=55815)[0m         
[36m(ClientAppActor pid=55806)[0m 
[36m(ClientAppActor pid=55806)[0m         
[36m(ClientAppActor pid=55815)[0m 
[36m(ClientAppActor pid=55815)[0m         
[36m(ClientAppActor pid=55815)[0m 
[36m(ClientAppActor pid=55815)[0m         
[36m(ClientAppActor pid=55806)[0m 
[36m(ClientAppActor pid=55806)[0m         
[36m(ClientAppActor pid=55806)[0m 
[36m(ClientAppActor pid=55806)[0m         
[36m(ClientAppActor pid=55815)[0m 
[36m(ClientAppActor pid=55815)[0m         
[92mINFO [0m:      aggregate_evaluate: received 10 results and 0 failures
INFO:flwr:aggregate_evaluate: received 10 results and 0 failures
[92mINFO [0m:      
INFO:flwr:
[92mINFO [0m:      [ROUND 40]
INFO:flwr:[ROUND 40]
[92mINFO [0m:      configure_fit: strategy sampled 10 clients (out of 10)
INFO:flwr:configure_fit: strategy sampled 10 clients (out of 10)
[36m(ClientAppActor pid=55815)[0m [Client 5] Training on NVIDIA GeForce RTX 3060[32m [repeated 4x across cluster][0m
[36m(ClientAppActor pid=55815)[0m 
[36m(ClientAppActor pid=55815)[0m         
[36m(ClientAppActor pid=55806)[0m 
[36m(ClientAppActor pid=55806)[0m         
[36m(ClientAppActor pid=55806)[0m 
[36m(ClientAppActor pid=55806)[0m         
[36m(ClientAppActor pid=55806)[0m 
[36m(ClientAppActor pid=55806)[0m         
[36m(ClientAppActor pid=55815)[0m 
[36m(ClientAppActor pid=55815)[0m         
[36m(ClientAppActor pid=55815)[0m [93mWARNING [0m:   DEPRECATED FEATURE: `client_fn` now expects a signature `def client_fn(context: Context)`.The provided `client_fn` has signature: {'cid': <Parameter "cid: str">}. You can import the `Context` like this: `from flwr.app import Context`[32m [repeated 15x across cluster][0m
[36m(ClientAppActor pid=55815)[0m             This is a deprecated feature. It will be removed[32m [repeated 15x across cluster][0m
[36m(ClientAppActor pid=55815)[0m             entirely in future versions of Flower.[32m [repeated 15x across cluster][0m
[36m(ClientAppActor pid=55806)[0m 
[36m(ClientAppActor pid=55806)[0m         
[36m(ClientAppActor pid=55806)[0m [Client 2] Training on NVIDIA GeForce RTX 3060[32m [repeated 6x across cluster][0m
[36m(ClientAppActor pid=55806)[0m 
[36m(ClientAppActor pid=55806)[0m         
[36m(ClientAppActor pid=55806)[0m 
[36m(ClientAppActor pid=55806)[0m         
[36m(ClientAppActor pid=55806)[0m [93mWARNING [0m:   DEPRECATED FEATURE: `client_fn` now expects a signature `def client_fn(context: Context)`.The provided `client_fn` has signature: {'cid': <Parameter "cid: str">}. You can import the `Context` like this: `from flwr.app import Context`[32m [repeated 3x across cluster][0m
[36m(ClientAppActor pid=55806)[0m             This is a deprecated feature. It will be removed[32m [repeated 3x across cluster][0m
[36m(ClientAppActor pid=55806)[0m             entirely in future versions of Flower.[32m [repeated 3x across cluster][0m
[36m(ClientAppActor pid=55815)[0m 
[36m(ClientAppActor pid=55815)[0m         
[36m(ClientAppActor pid=55815)[0m 
[36m(ClientAppActor pid=55815)[0m         
[92mINFO [0m:      aggregate_fit: received 10 results and 0 failures
INFO:flwr:aggregate_fit: received 10 results and 0 failures
[CascadeRouter] Round 40: 10 clients, 24578 parameters/client
[92mINFO [0m:      configure_evaluate: strategy sampled 10 clients (out of 10)
INFO:flwr:configure_evaluate: strategy sampled 10 clients (out of 10)
[36m(ClientAppActor pid=55815)[0m 
[36m(ClientAppActor pid=55815)[0m         
[36m(ClientAppActor pid=55806)[0m 
[36m(ClientAppActor pid=55806)[0m         
[36m(ClientAppActor pid=55815)[0m 
[36m(ClientAppActor pid=55815)[0m         
[36m(ClientAppActor pid=55806)[0m 
[36m(ClientAppActor pid=55806)[0m         
[36m(ClientAppActor pid=55815)[0m 
[36m(ClientAppActor pid=55815)[0m         
[36m(ClientAppActor pid=55806)[0m 
[36m(ClientAppActor pid=55806)[0m         
[36m(ClientAppActor pid=55815)[0m 
[36m(ClientAppActor pid=55815)[0m         
[36m(ClientAppActor pid=55806)[0m 
[36m(ClientAppActor pid=55806)[0m         
[36m(ClientAppActor pid=55815)[0m 
[36m(ClientAppActor pid=55815)[0m         
[36m(ClientAppActor pid=55806)[0m 
[36m(ClientAppActor pid=55806)[0m         
[92mINFO [0m:      aggregate_evaluate: received 10 results and 0 failures
INFO:flwr:aggregate_evaluate: received 10 results and 0 failures
[92mINFO [0m:      
INFO:flwr:
[92mINFO [0m:      [ROUND 41]
INFO:flwr:[ROUND 41]
[92mINFO [0m:      configure_fit: strategy sampled 10 clients (out of 10)
INFO:flwr:configure_fit: strategy sampled 10 clients (out of 10)
[36m(ClientAppActor pid=55815)[0m [Client 5] Training on NVIDIA GeForce RTX 3060[32m [repeated 4x across cluster][0m
[36m(ClientAppActor pid=55815)[0m 
[36m(ClientAppActor pid=55815)[0m         
[36m(ClientAppActor pid=55806)[0m 
[36m(ClientAppActor pid=55806)[0m         
[36m(ClientAppActor pid=55806)[0m 
[36m(ClientAppActor pid=55806)[0m         
[36m(ClientAppActor pid=55806)[0m 
[36m(ClientAppActor pid=55806)[0m         
[36m(ClientAppActor pid=55815)[0m 
[36m(ClientAppActor pid=55815)[0m         
[36m(ClientAppActor pid=55815)[0m [93mWARNING [0m:   DEPRECATED FEATURE: `client_fn` now expects a signature `def client_fn(context: Context)`.The provided `client_fn` has signature: {'cid': <Parameter "cid: str">}. You can import the `Context` like this: `from flwr.app import Context`[32m [repeated 17x across cluster][0m
[36m(ClientAppActor pid=55815)[0m             This is a deprecated feature. It will be removed[32m [repeated 17x across cluster][0m
[36m(ClientAppActor pid=55815)[0m             entirely in future versions of Flower.[32m [repeated 17x across cluster][0m
[36m(ClientAppActor pid=55815)[0m 
[36m(ClientAppActor pid=55815)[0m         
[36m(ClientAppActor pid=55815)[0m [Client 2] Training on NVIDIA GeForce RTX 3060[32m [repeated 6x across cluster][0m
[36m(ClientAppActor pid=55815)[0m 
[36m(ClientAppActor pid=55815)[0m         
[36m(ClientAppActor pid=55815)[0m 
[36m(ClientAppActor pid=55815)[0m         
[36m(ClientAppActor pid=55806)[0m 
[36m(ClientAppActor pid=55806)[0m         
[36m(ClientAppActor pid=55806)[0m [93mWARNING [0m:   DEPRECATED FEATURE: `client_fn` now expects a signature `def client_fn(context: Context)`.The provided `client_fn` has signature: {'cid': <Parameter "cid: str">}. You can import the `Context` like this: `from flwr.app import Context`[32m [repeated 4x across cluster][0m
[36m(ClientAppActor pid=55806)[0m             This is a deprecated feature. It will be removed[32m [repeated 4x across cluster][0m
[36m(ClientAppActor pid=55806)[0m             entirely in future versions of Flower.[32m [repeated 4x across cluster][0m
[36m(ClientAppActor pid=55806)[0m [Client 9] Training on NVIDIA GeForce RTX 3060[32m [repeated 3x across cluster][0m
[36m(ClientAppActor pid=55806)[0m 
[36m(ClientAppActor pid=55806)[0m         
[92mINFO [0m:      aggregate_fit: received 10 results and 0 failures
INFO:flwr:aggregate_fit: received 10 results and 0 failures
[CascadeRouter] Round 41: 10 clients, 24578 parameters/client
[92mINFO [0m:      configure_evaluate: strategy sampled 10 clients (out of 10)
INFO:flwr:configure_evaluate: strategy sampled 10 clients (out of 10)
[36m(ClientAppActor pid=55806)[0m 
[36m(ClientAppActor pid=55806)[0m         
[36m(ClientAppActor pid=55815)[0m 
[36m(ClientAppActor pid=55815)[0m         
[36m(ClientAppActor pid=55806)[0m 
[36m(ClientAppActor pid=55806)[0m         
[36m(ClientAppActor pid=55815)[0m 
[36m(ClientAppActor pid=55815)[0m         
[36m(ClientAppActor pid=55815)[0m 
[36m(ClientAppActor pid=55815)[0m         
[36m(ClientAppActor pid=55806)[0m 
[36m(ClientAppActor pid=55806)[0m         
[36m(ClientAppActor pid=55806)[0m 
[36m(ClientAppActor pid=55806)[0m         
[36m(ClientAppActor pid=55815)[0m 
[36m(ClientAppActor pid=55815)[0m         
[36m(ClientAppActor pid=55806)[0m 
[36m(ClientAppActor pid=55806)[0m         
[36m(ClientAppActor pid=55815)[0m 
[36m(ClientAppActor pid=55815)[0m         
[92mINFO [0m:      aggregate_evaluate: received 10 results and 0 failures
INFO:flwr:aggregate_evaluate: received 10 results and 0 failures
[92mINFO [0m:      
INFO:flwr:
[92mINFO [0m:      [ROUND 42]
INFO:flwr:[ROUND 42]
[92mINFO [0m:      configure_fit: strategy sampled 10 clients (out of 10)
INFO:flwr:configure_fit: strategy sampled 10 clients (out of 10)
[36m(ClientAppActor pid=55815)[0m 
[36m(ClientAppActor pid=55815)[0m         
[36m(ClientAppActor pid=55806)[0m 
[36m(ClientAppActor pid=55806)[0m         
[36m(ClientAppActor pid=55806)[0m 
[36m(ClientAppActor pid=55806)[0m         
[36m(ClientAppActor pid=55815)[0m 
[36m(ClientAppActor pid=55815)[0m         
[36m(ClientAppActor pid=55815)[0m [93mWARNING [0m:   DEPRECATED FEATURE: `client_fn` now expects a signature `def client_fn(context: Context)`.The provided `client_fn` has signature: {'cid': <Parameter "cid: str">}. You can import the `Context` like this: `from flwr.app import Context`[32m [repeated 15x across cluster][0m
[36m(ClientAppActor pid=55815)[0m             This is a deprecated feature. It will be removed[32m [repeated 15x across cluster][0m
[36m(ClientAppActor pid=55815)[0m             entirely in future versions of Flower.[32m [repeated 15x across cluster][0m
[36m(ClientAppActor pid=55806)[0m 
[36m(ClientAppActor pid=55806)[0m         
[36m(ClientAppActor pid=55815)[0m 
[36m(ClientAppActor pid=55815)[0m         
[36m(ClientAppActor pid=55806)[0m [Client 1] Training on NVIDIA GeForce RTX 3060[32m [repeated 7x across cluster][0m
[36m(ClientAppActor pid=55806)[0m 
[36m(ClientAppActor pid=55806)[0m         
[36m(ClientAppActor pid=55815)[0m 
[36m(ClientAppActor pid=55815)[0m         
[36m(ClientAppActor pid=55815)[0m 
[36m(ClientAppActor pid=55815)[0m         
[36m(ClientAppActor pid=55806)[0m 
[36m(ClientAppActor pid=55806)[0m         
[36m(ClientAppActor pid=55806)[0m [93mWARNING [0m:   DEPRECATED FEATURE: `client_fn` now expects a signature `def client_fn(context: Context)`.The provided `client_fn` has signature: {'cid': <Parameter "cid: str">}. You can import the `Context` like this: `from flwr.app import Context`[32m [repeated 6x across cluster][0m
[36m(ClientAppActor pid=55806)[0m             This is a deprecated feature. It will be removed[32m [repeated 6x across cluster][0m
[36m(ClientAppActor pid=55806)[0m             entirely in future versions of Flower.[32m [repeated 6x across cluster][0m
[92mINFO [0m:      aggregate_fit: received 10 results and 0 failures
INFO:flwr:aggregate_fit: received 10 results and 0 failures
[CascadeRouter] Round 42: 10 clients, 24578 parameters/client
[92mINFO [0m:      configure_evaluate: strategy sampled 10 clients (out of 10)
INFO:flwr:configure_evaluate: strategy sampled 10 clients (out of 10)
[36m(ClientAppActor pid=55815)[0m 
[36m(ClientAppActor pid=55815)[0m         
[36m(ClientAppActor pid=55806)[0m 
[36m(ClientAppActor pid=55806)[0m         
[36m(ClientAppActor pid=55815)[0m 
[36m(ClientAppActor pid=55815)[0m         
[36m(ClientAppActor pid=55806)[0m 
[36m(ClientAppActor pid=55806)[0m         
[36m(ClientAppActor pid=55815)[0m 
[36m(ClientAppActor pid=55815)[0m         
[36m(ClientAppActor pid=55806)[0m 
[36m(ClientAppActor pid=55806)[0m         
[36m(ClientAppActor pid=55815)[0m 
[36m(ClientAppActor pid=55815)[0m         
[36m(ClientAppActor pid=55806)[0m 
[36m(ClientAppActor pid=55806)[0m         
[36m(ClientAppActor pid=55815)[0m 
[36m(ClientAppActor pid=55815)[0m         
[36m(ClientAppActor pid=55806)[0m 
[36m(ClientAppActor pid=55806)[0m         
[92mINFO [0m:      aggregate_evaluate: received 10 results and 0 failures
INFO:flwr:aggregate_evaluate: received 10 results and 0 failures
[92mINFO [0m:      
INFO:flwr:
[92mINFO [0m:      [ROUND 43]
INFO:flwr:[ROUND 43]
[92mINFO [0m:      configure_fit: strategy sampled 10 clients (out of 10)
INFO:flwr:configure_fit: strategy sampled 10 clients (out of 10)
[36m(ClientAppActor pid=55815)[0m [Client 5] Training on NVIDIA GeForce RTX 3060[32m [repeated 4x across cluster][0m
[36m(ClientAppActor pid=55815)[0m 
[36m(ClientAppActor pid=55815)[0m         
[36m(ClientAppActor pid=55806)[0m 
[36m(ClientAppActor pid=55806)[0m         
[36m(ClientAppActor pid=55806)[0m 
[36m(ClientAppActor pid=55806)[0m         
[36m(ClientAppActor pid=55806)[0m [93mWARNING [0m:   DEPRECATED FEATURE: `client_fn` now expects a signature `def client_fn(context: Context)`.The provided `client_fn` has signature: {'cid': <Parameter "cid: str">}. You can import the `Context` like this: `from flwr.app import Context`[32m [repeated 13x across cluster][0m
[36m(ClientAppActor pid=55806)[0m             This is a deprecated feature. It will be removed[32m [repeated 13x across cluster][0m
[36m(ClientAppActor pid=55806)[0m             entirely in future versions of Flower.[32m [repeated 13x across cluster][0m
[36m(ClientAppActor pid=55806)[0m 
[36m(ClientAppActor pid=55806)[0m         
[36m(ClientAppActor pid=55815)[0m 
[36m(ClientAppActor pid=55815)[0m         
[36m(ClientAppActor pid=55815)[0m [Client 9] Training on NVIDIA GeForce RTX 3060[32m [repeated 5x across cluster][0m
[36m(ClientAppActor pid=55815)[0m 
[36m(ClientAppActor pid=55815)[0m         
[36m(ClientAppActor pid=55815)[0m [93mWARNING [0m:   DEPRECATED FEATURE: `client_fn` now expects a signature `def client_fn(context: Context)`.The provided `client_fn` has signature: {'cid': <Parameter "cid: str">}. You can import the `Context` like this: `from flwr.app import Context`[32m [repeated 3x across cluster][0m
[36m(ClientAppActor pid=55815)[0m             This is a deprecated feature. It will be removed[32m [repeated 3x across cluster][0m
[36m(ClientAppActor pid=55815)[0m             entirely in future versions of Flower.[32m [repeated 3x across cluster][0m
[36m(ClientAppActor pid=55815)[0m 
[36m(ClientAppActor pid=55815)[0m         
[36m(ClientAppActor pid=55806)[0m 
[36m(ClientAppActor pid=55806)[0m         
[36m(ClientAppActor pid=55815)[0m 
[36m(ClientAppActor pid=55815)[0m         
[36m(ClientAppActor pid=55806)[0m 
[36m(ClientAppActor pid=55806)[0m         
[92mINFO [0m:      aggregate_fit: received 10 results and 0 failures
INFO:flwr:aggregate_fit: received 10 results and 0 failures
[CascadeRouter] Round 43: 10 clients, 24578 parameters/client
[92mINFO [0m:      configure_evaluate: strategy sampled 10 clients (out of 10)
INFO:flwr:configure_evaluate: strategy sampled 10 clients (out of 10)
[36m(ClientAppActor pid=55815)[0m 
[36m(ClientAppActor pid=55815)[0m         
[36m(ClientAppActor pid=55806)[0m 
[36m(ClientAppActor pid=55806)[0m         
[36m(ClientAppActor pid=55806)[0m 
[36m(ClientAppActor pid=55806)[0m         
[36m(ClientAppActor pid=55815)[0m 
[36m(ClientAppActor pid=55815)[0m         
[36m(ClientAppActor pid=55806)[0m 
[36m(ClientAppActor pid=55806)[0m         
[36m(ClientAppActor pid=55815)[0m 
[36m(ClientAppActor pid=55815)[0m         
[36m(ClientAppActor pid=55815)[0m 
[36m(ClientAppActor pid=55815)[0m         
[36m(ClientAppActor pid=55815)[0m [93mWARNING [0m:   DEPRECATED FEATURE: `client_fn` now expects a signature `def client_fn(context: Context)`.The provided `client_fn` has signature: {'cid': <Parameter "cid: str">}. You can import the `Context` like this: `from flwr.app import Context`[32m [repeated 11x across cluster][0m
[36m(ClientAppActor pid=55815)[0m             This is a deprecated feature. It will be removed[32m [repeated 11x across cluster][0m
[36m(ClientAppActor pid=55815)[0m             entirely in future versions of Flower.[32m [repeated 11x across cluster][0m
[36m(ClientAppActor pid=55806)[0m 
[36m(ClientAppActor pid=55806)[0m         
[36m(ClientAppActor pid=55806)[0m 
[36m(ClientAppActor pid=55806)[0m         
[36m(ClientAppActor pid=55815)[0m 
[36m(ClientAppActor pid=55815)[0m         
[92mINFO [0m:      aggregate_evaluate: received 10 results and 0 failures
INFO:flwr:aggregate_evaluate: received 10 results and 0 failures
[92mINFO [0m:      
INFO:flwr:
[92mINFO [0m:      [ROUND 44]
INFO:flwr:[ROUND 44]
[92mINFO [0m:      configure_fit: strategy sampled 10 clients (out of 10)
INFO:flwr:configure_fit: strategy sampled 10 clients (out of 10)
[36m(ClientAppActor pid=55815)[0m [Client 9] Training on NVIDIA GeForce RTX 3060[32m [repeated 5x across cluster][0m
[36m(ClientAppActor pid=55815)[0m 
[36m(ClientAppActor pid=55815)[0m         
[36m(ClientAppActor pid=55806)[0m 
[36m(ClientAppActor pid=55806)[0m         
[36m(ClientAppActor pid=55815)[0m 
[36m(ClientAppActor pid=55815)[0m         
[36m(ClientAppActor pid=55815)[0m 
[36m(ClientAppActor pid=55815)[0m         
[36m(ClientAppActor pid=55815)[0m [Client 3] Training on NVIDIA GeForce RTX 3060[32m [repeated 4x across cluster][0m
[36m(ClientAppActor pid=55815)[0m 
[36m(ClientAppActor pid=55815)[0m         
[36m(ClientAppActor pid=55815)[0m [93mWARNING [0m:   DEPRECATED FEATURE: `client_fn` now expects a signature `def client_fn(context: Context)`.The provided `client_fn` has signature: {'cid': <Parameter "cid: str">}. You can import the `Context` like this: `from flwr.app import Context`[32m [repeated 8x across cluster][0m
[36m(ClientAppActor pid=55815)[0m             This is a deprecated feature. It will be removed[32m [repeated 8x across cluster][0m
[36m(ClientAppActor pid=55815)[0m             entirely in future versions of Flower.[32m [repeated 8x across cluster][0m
[36m(ClientAppActor pid=55815)[0m 
[36m(ClientAppActor pid=55815)[0m         
[36m(ClientAppActor pid=55806)[0m 
[36m(ClientAppActor pid=55806)[0m         
[36m(ClientAppActor pid=55806)[0m 
[36m(ClientAppActor pid=55806)[0m         
[36m(ClientAppActor pid=55806)[0m 
[36m(ClientAppActor pid=55806)[0m         
[36m(ClientAppActor pid=55806)[0m 
[36m(ClientAppActor pid=55806)[0m         
[92mINFO [0m:      aggregate_fit: received 10 results and 0 failures
INFO:flwr:aggregate_fit: received 10 results and 0 failures
[CascadeRouter] Round 44: 10 clients, 24578 parameters/client
[92mINFO [0m:      configure_evaluate: strategy sampled 10 clients (out of 10)
INFO:flwr:configure_evaluate: strategy sampled 10 clients (out of 10)
[36m(ClientAppActor pid=55806)[0m 
[36m(ClientAppActor pid=55806)[0m         
[36m(ClientAppActor pid=55806)[0m [93mWARNING [0m:   DEPRECATED FEATURE: `client_fn` now expects a signature `def client_fn(context: Context)`.The provided `client_fn` has signature: {'cid': <Parameter "cid: str">}. You can import the `Context` like this: `from flwr.app import Context`[32m [repeated 6x across cluster][0m
[36m(ClientAppActor pid=55806)[0m             This is a deprecated feature. It will be removed[32m [repeated 6x across cluster][0m
[36m(ClientAppActor pid=55806)[0m             entirely in future versions of Flower.[32m [repeated 6x across cluster][0m
[36m(ClientAppActor pid=55815)[0m 
[36m(ClientAppActor pid=55815)[0m         
[36m(ClientAppActor pid=55815)[0m 
[36m(ClientAppActor pid=55815)[0m         
[36m(ClientAppActor pid=55806)[0m 
[36m(ClientAppActor pid=55806)[0m         
[36m(ClientAppActor pid=55815)[0m 
[36m(ClientAppActor pid=55815)[0m         
[36m(ClientAppActor pid=55806)[0m 
[36m(ClientAppActor pid=55806)[0m         
[36m(ClientAppActor pid=55815)[0m 
[36m(ClientAppActor pid=55815)[0m         
[36m(ClientAppActor pid=55806)[0m 
[36m(ClientAppActor pid=55806)[0m         
[36m(ClientAppActor pid=55815)[0m 
[36m(ClientAppActor pid=55815)[0m         
[36m(ClientAppActor pid=55806)[0m 
[36m(ClientAppActor pid=55806)[0m         
[92mINFO [0m:      aggregate_evaluate: received 10 results and 0 failures
INFO:flwr:aggregate_evaluate: received 10 results and 0 failures
[92mINFO [0m:      
INFO:flwr:
[92mINFO [0m:      [ROUND 45]
INFO:flwr:[ROUND 45]
[92mINFO [0m:      configure_fit: strategy sampled 10 clients (out of 10)
INFO:flwr:configure_fit: strategy sampled 10 clients (out of 10)
[36m(ClientAppActor pid=55815)[0m [Client 1] Training on NVIDIA GeForce RTX 3060[32m [repeated 6x across cluster][0m
[36m(ClientAppActor pid=55815)[0m 
[36m(ClientAppActor pid=55815)[0m         
[36m(ClientAppActor pid=55806)[0m 
[36m(ClientAppActor pid=55806)[0m         
[36m(ClientAppActor pid=55806)[0m 
[36m(ClientAppActor pid=55806)[0m         
[36m(ClientAppActor pid=55806)[0m 
[36m(ClientAppActor pid=55806)[0m         
[36m(ClientAppActor pid=55815)[0m 
[36m(ClientAppActor pid=55815)[0m         
[36m(ClientAppActor pid=55815)[0m [93mWARNING [0m:   DEPRECATED FEATURE: `client_fn` now expects a signature `def client_fn(context: Context)`.The provided `client_fn` has signature: {'cid': <Parameter "cid: str">}. You can import the `Context` like this: `from flwr.app import Context`[32m [repeated 14x across cluster][0m
[36m(ClientAppActor pid=55815)[0m             This is a deprecated feature. It will be removed[32m [repeated 14x across cluster][0m
[36m(ClientAppActor pid=55815)[0m             entirely in future versions of Flower.[32m [repeated 14x across cluster][0m
[36m(ClientAppActor pid=55806)[0m [Client 4] Training on NVIDIA GeForce RTX 3060[32m [repeated 5x across cluster][0m
[36m(ClientAppActor pid=55806)[0m 
[36m(ClientAppActor pid=55806)[0m         
[36m(ClientAppActor pid=55815)[0m 
[36m(ClientAppActor pid=55815)[0m         
[36m(ClientAppActor pid=55815)[0m 
[36m(ClientAppActor pid=55815)[0m         
[36m(ClientAppActor pid=55815)[0m 
[36m(ClientAppActor pid=55815)[0m         
[36m(ClientAppActor pid=55815)[0m 
[36m(ClientAppActor pid=55815)[0m         
[36m(ClientAppActor pid=55815)[0m [93mWARNING [0m:   DEPRECATED FEATURE: `client_fn` now expects a signature `def client_fn(context: Context)`.The provided `client_fn` has signature: {'cid': <Parameter "cid: str">}. You can import the `Context` like this: `from flwr.app import Context`[32m [repeated 5x across cluster][0m
[36m(ClientAppActor pid=55815)[0m             This is a deprecated feature. It will be removed[32m [repeated 5x across cluster][0m
[36m(ClientAppActor pid=55815)[0m             entirely in future versions of Flower.[32m [repeated 5x across cluster][0m
[92mINFO [0m:      aggregate_fit: received 10 results and 0 failures
INFO:flwr:aggregate_fit: received 10 results and 0 failures
[CascadeRouter] Round 45: 10 clients, 24578 parameters/client
[92mINFO [0m:      configure_evaluate: strategy sampled 10 clients (out of 10)
INFO:flwr:configure_evaluate: strategy sampled 10 clients (out of 10)
[36m(ClientAppActor pid=55815)[0m 
[36m(ClientAppActor pid=55815)[0m         
[36m(ClientAppActor pid=55806)[0m 
[36m(ClientAppActor pid=55806)[0m         
[36m(ClientAppActor pid=55806)[0m 
[36m(ClientAppActor pid=55806)[0m         
[36m(ClientAppActor pid=55815)[0m 
[36m(ClientAppActor pid=55815)[0m         
[36m(ClientAppActor pid=55806)[0m 
[36m(ClientAppActor pid=55806)[0m         
[36m(ClientAppActor pid=55815)[0m 
[36m(ClientAppActor pid=55815)[0m         
[36m(ClientAppActor pid=55806)[0m 
[36m(ClientAppActor pid=55806)[0m         
[36m(ClientAppActor pid=55815)[0m 
[36m(ClientAppActor pid=55815)[0m         
[36m(ClientAppActor pid=55815)[0m 
[36m(ClientAppActor pid=55815)[0m         
[36m(ClientAppActor pid=55806)[0m 
[36m(ClientAppActor pid=55806)[0m         
[92mINFO [0m:      aggregate_evaluate: received 10 results and 0 failures
INFO:flwr:aggregate_evaluate: received 10 results and 0 failures
[92mINFO [0m:      
INFO:flwr:
[92mINFO [0m:      [ROUND 46]
INFO:flwr:[ROUND 46]
[92mINFO [0m:      configure_fit: strategy sampled 10 clients (out of 10)
INFO:flwr:configure_fit: strategy sampled 10 clients (out of 10)
[36m(ClientAppActor pid=55815)[0m [Client 0] Training on NVIDIA GeForce RTX 3060[32m [repeated 5x across cluster][0m
[36m(ClientAppActor pid=55815)[0m 
[36m(ClientAppActor pid=55815)[0m         
[36m(ClientAppActor pid=55806)[0m 
[36m(ClientAppActor pid=55806)[0m         
[36m(ClientAppActor pid=55806)[0m 
[36m(ClientAppActor pid=55806)[0m         
[36m(ClientAppActor pid=55806)[0m 
[36m(ClientAppActor pid=55806)[0m         
[36m(ClientAppActor pid=55815)[0m 
[36m(ClientAppActor pid=55815)[0m         
[36m(ClientAppActor pid=55815)[0m [93mWARNING [0m:   DEPRECATED FEATURE: `client_fn` now expects a signature `def client_fn(context: Context)`.The provided `client_fn` has signature: {'cid': <Parameter "cid: str">}. You can import the `Context` like this: `from flwr.app import Context`[32m [repeated 15x across cluster][0m
[36m(ClientAppActor pid=55815)[0m             This is a deprecated feature. It will be removed[32m [repeated 15x across cluster][0m
[36m(ClientAppActor pid=55815)[0m             entirely in future versions of Flower.[32m [repeated 15x across cluster][0m
[36m(ClientAppActor pid=55815)[0m [Client 3] Training on NVIDIA GeForce RTX 3060[32m [repeated 5x across cluster][0m
[36m(ClientAppActor pid=55815)[0m 
[36m(ClientAppActor pid=55815)[0m         
[36m(ClientAppActor pid=55815)[0m 
[36m(ClientAppActor pid=55815)[0m         
[36m(ClientAppActor pid=55815)[0m 
[36m(ClientAppActor pid=55815)[0m         
[36m(ClientAppActor pid=55806)[0m 
[36m(ClientAppActor pid=55806)[0m         
[36m(ClientAppActor pid=55806)[0m [93mWARNING [0m:   DEPRECATED FEATURE: `client_fn` now expects a signature `def client_fn(context: Context)`.The provided `client_fn` has signature: {'cid': <Parameter "cid: str">}. You can import the `Context` like this: `from flwr.app import Context`[32m [repeated 4x across cluster][0m
[36m(ClientAppActor pid=55806)[0m             This is a deprecated feature. It will be removed[32m [repeated 4x across cluster][0m
[36m(ClientAppActor pid=55806)[0m             entirely in future versions of Flower.[32m [repeated 4x across cluster][0m
[36m(ClientAppActor pid=55815)[0m 
[36m(ClientAppActor pid=55815)[0m         
[92mINFO [0m:      aggregate_fit: received 10 results and 0 failures
INFO:flwr:aggregate_fit: received 10 results and 0 failures
[CascadeRouter] Round 46: 10 clients, 24578 parameters/client
[92mINFO [0m:      configure_evaluate: strategy sampled 10 clients (out of 10)
INFO:flwr:configure_evaluate: strategy sampled 10 clients (out of 10)
[36m(ClientAppActor pid=55815)[0m 
[36m(ClientAppActor pid=55815)[0m         
[36m(ClientAppActor pid=55806)[0m 
[36m(ClientAppActor pid=55806)[0m         
[36m(ClientAppActor pid=55815)[0m 
[36m(ClientAppActor pid=55815)[0m         
[36m(ClientAppActor pid=55806)[0m 
[36m(ClientAppActor pid=55806)[0m         
[36m(ClientAppActor pid=55815)[0m 
[36m(ClientAppActor pid=55815)[0m         
[36m(ClientAppActor pid=55806)[0m 
[36m(ClientAppActor pid=55806)[0m         
[36m(ClientAppActor pid=55815)[0m 
[36m(ClientAppActor pid=55815)[0m         
[36m(ClientAppActor pid=55806)[0m 
[36m(ClientAppActor pid=55806)[0m         
[36m(ClientAppActor pid=55815)[0m 
[36m(ClientAppActor pid=55815)[0m         
[36m(ClientAppActor pid=55806)[0m 
[36m(ClientAppActor pid=55806)[0m         
[92mINFO [0m:      aggregate_evaluate: received 10 results and 0 failures
INFO:flwr:aggregate_evaluate: received 10 results and 0 failures
[92mINFO [0m:      
INFO:flwr:
[92mINFO [0m:      [ROUND 47]
INFO:flwr:[ROUND 47]
[92mINFO [0m:      configure_fit: strategy sampled 10 clients (out of 10)
INFO:flwr:configure_fit: strategy sampled 10 clients (out of 10)
[36m(ClientAppActor pid=55806)[0m 
[36m(ClientAppActor pid=55806)[0m         
[36m(ClientAppActor pid=55806)[0m [Client 0] Training on NVIDIA GeForce RTX 3060[32m [repeated 5x across cluster][0m
[36m(ClientAppActor pid=55815)[0m 
[36m(ClientAppActor pid=55815)[0m         
[36m(ClientAppActor pid=55815)[0m 
[36m(ClientAppActor pid=55815)[0m         
[36m(ClientAppActor pid=55806)[0m 
[36m(ClientAppActor pid=55806)[0m         
[36m(ClientAppActor pid=55806)[0m [93mWARNING [0m:   DEPRECATED FEATURE: `client_fn` now expects a signature `def client_fn(context: Context)`.The provided `client_fn` has signature: {'cid': <Parameter "cid: str">}. You can import the `Context` like this: `from flwr.app import Context`[32m [repeated 15x across cluster][0m
[36m(ClientAppActor pid=55806)[0m             This is a deprecated feature. It will be removed[32m [repeated 15x across cluster][0m
[36m(ClientAppActor pid=55806)[0m             entirely in future versions of Flower.[32m [repeated 15x across cluster][0m
[36m(ClientAppActor pid=55815)[0m 
[36m(ClientAppActor pid=55815)[0m         
[36m(ClientAppActor pid=55815)[0m [Client 3] Training on NVIDIA GeForce RTX 3060[32m [repeated 5x across cluster][0m
[36m(ClientAppActor pid=55815)[0m 
[36m(ClientAppActor pid=55815)[0m         
[36m(ClientAppActor pid=55815)[0m 
[36m(ClientAppActor pid=55815)[0m         
[36m(ClientAppActor pid=55815)[0m 
[36m(ClientAppActor pid=55815)[0m         
[36m(ClientAppActor pid=55815)[0m 
[36m(ClientAppActor pid=55815)[0m         
[36m(ClientAppActor pid=55815)[0m [93mWARNING [0m:   DEPRECATED FEATURE: `client_fn` now expects a signature `def client_fn(context: Context)`.The provided `client_fn` has signature: {'cid': <Parameter "cid: str">}. You can import the `Context` like this: `from flwr.app import Context`[32m [repeated 5x across cluster][0m
[36m(ClientAppActor pid=55815)[0m             This is a deprecated feature. It will be removed[32m [repeated 5x across cluster][0m
[36m(ClientAppActor pid=55815)[0m             entirely in future versions of Flower.[32m [repeated 5x across cluster][0m
[36m(ClientAppActor pid=55806)[0m 
[36m(ClientAppActor pid=55806)[0m         
[92mINFO [0m:      aggregate_fit: received 10 results and 0 failures
INFO:flwr:aggregate_fit: received 10 results and 0 failures
[CascadeRouter] Round 47: 10 clients, 24578 parameters/client
[92mINFO [0m:      configure_evaluate: strategy sampled 10 clients (out of 10)
INFO:flwr:configure_evaluate: strategy sampled 10 clients (out of 10)
[36m(ClientAppActor pid=55806)[0m 
[36m(ClientAppActor pid=55806)[0m         
[36m(ClientAppActor pid=55815)[0m 
[36m(ClientAppActor pid=55815)[0m         
[36m(ClientAppActor pid=55806)[0m 
[36m(ClientAppActor pid=55806)[0m         
[36m(ClientAppActor pid=55815)[0m 
[36m(ClientAppActor pid=55815)[0m         
[36m(ClientAppActor pid=55815)[0m 
[36m(ClientAppActor pid=55815)[0m         
[36m(ClientAppActor pid=55806)[0m 
[36m(ClientAppActor pid=55806)[0m         
[36m(ClientAppActor pid=55806)[0m 
[36m(ClientAppActor pid=55806)[0m         
[36m(ClientAppActor pid=55815)[0m 
[36m(ClientAppActor pid=55815)[0m         
[36m(ClientAppActor pid=55806)[0m 
[36m(ClientAppActor pid=55806)[0m         
[36m(ClientAppActor pid=55815)[0m 
[36m(ClientAppActor pid=55815)[0m         
[92mINFO [0m:      aggregate_evaluate: received 10 results and 0 failures
INFO:flwr:aggregate_evaluate: received 10 results and 0 failures
[92mINFO [0m:      
INFO:flwr:
[92mINFO [0m:      [ROUND 48]
INFO:flwr:[ROUND 48]
[92mINFO [0m:      configure_fit: strategy sampled 10 clients (out of 10)
INFO:flwr:configure_fit: strategy sampled 10 clients (out of 10)
[36m(ClientAppActor pid=55815)[0m [Client 0] Training on NVIDIA GeForce RTX 3060[32m [repeated 5x across cluster][0m
[36m(ClientAppActor pid=55815)[0m 
[36m(ClientAppActor pid=55815)[0m         
[36m(ClientAppActor pid=55806)[0m 
[36m(ClientAppActor pid=55806)[0m         
[36m(ClientAppActor pid=55806)[0m 
[36m(ClientAppActor pid=55806)[0m         
[36m(ClientAppActor pid=55806)[0m 
[36m(ClientAppActor pid=55806)[0m         
[36m(ClientAppActor pid=55815)[0m 
[36m(ClientAppActor pid=55815)[0m         
[36m(ClientAppActor pid=55815)[0m [93mWARNING [0m:   DEPRECATED FEATURE: `client_fn` now expects a signature `def client_fn(context: Context)`.The provided `client_fn` has signature: {'cid': <Parameter "cid: str">}. You can import the `Context` like this: `from flwr.app import Context`[32m [repeated 16x across cluster][0m
[36m(ClientAppActor pid=55815)[0m             This is a deprecated feature. It will be removed[32m [repeated 16x across cluster][0m
[36m(ClientAppActor pid=55815)[0m             entirely in future versions of Flower.[32m [repeated 16x across cluster][0m
[36m(ClientAppActor pid=55815)[0m 
[36m(ClientAppActor pid=55815)[0m         
[36m(ClientAppActor pid=55815)[0m 
[36m(ClientAppActor pid=55815)[0m         
[36m(ClientAppActor pid=55806)[0m 
[36m(ClientAppActor pid=55806)[0m         
[36m(ClientAppActor pid=55806)[0m [Client 2] Training on NVIDIA GeForce RTX 3060[32m [repeated 8x across cluster][0m
[36m(ClientAppActor pid=55806)[0m 
[36m(ClientAppActor pid=55806)[0m         
[36m(ClientAppActor pid=55806)[0m 
[36m(ClientAppActor pid=55806)[0m         
[92mINFO [0m:      aggregate_fit: received 10 results and 0 failures
INFO:flwr:aggregate_fit: received 10 results and 0 failures
[CascadeRouter] Round 48: 10 clients, 24578 parameters/client
[92mINFO [0m:      configure_evaluate: strategy sampled 10 clients (out of 10)
INFO:flwr:configure_evaluate: strategy sampled 10 clients (out of 10)
[36m(ClientAppActor pid=55806)[0m 
[36m(ClientAppActor pid=55806)[0m         
[36m(ClientAppActor pid=55806)[0m [93mWARNING [0m:   DEPRECATED FEATURE: `client_fn` now expects a signature `def client_fn(context: Context)`.The provided `client_fn` has signature: {'cid': <Parameter "cid: str">}. You can import the `Context` like this: `from flwr.app import Context`[32m [repeated 6x across cluster][0m
[36m(ClientAppActor pid=55806)[0m             This is a deprecated feature. It will be removed[32m [repeated 6x across cluster][0m
[36m(ClientAppActor pid=55806)[0m             entirely in future versions of Flower.[32m [repeated 6x across cluster][0m
[36m(ClientAppActor pid=55815)[0m 
[36m(ClientAppActor pid=55815)[0m         
[36m(ClientAppActor pid=55815)[0m 
[36m(ClientAppActor pid=55815)[0m         
[36m(ClientAppActor pid=55806)[0m 
[36m(ClientAppActor pid=55806)[0m         
[36m(ClientAppActor pid=55815)[0m 
[36m(ClientAppActor pid=55815)[0m         
[36m(ClientAppActor pid=55806)[0m 
[36m(ClientAppActor pid=55806)[0m         
[36m(ClientAppActor pid=55815)[0m 
[36m(ClientAppActor pid=55815)[0m         
[36m(ClientAppActor pid=55806)[0m 
[36m(ClientAppActor pid=55806)[0m         
[36m(ClientAppActor pid=55815)[0m 
[36m(ClientAppActor pid=55815)[0m         
[36m(ClientAppActor pid=55806)[0m 
[36m(ClientAppActor pid=55806)[0m         
[92mINFO [0m:      aggregate_evaluate: received 10 results and 0 failures
INFO:flwr:aggregate_evaluate: received 10 results and 0 failures
[92mINFO [0m:      
INFO:flwr:
[92mINFO [0m:      [ROUND 49]
INFO:flwr:[ROUND 49]
[92mINFO [0m:      configure_fit: strategy sampled 10 clients (out of 10)
INFO:flwr:configure_fit: strategy sampled 10 clients (out of 10)
[36m(ClientAppActor pid=55815)[0m [Client 9] Training on NVIDIA GeForce RTX 3060[32m [repeated 2x across cluster][0m
[36m(ClientAppActor pid=55815)[0m 
[36m(ClientAppActor pid=55815)[0m         
[36m(ClientAppActor pid=55806)[0m 
[36m(ClientAppActor pid=55806)[0m         
[36m(ClientAppActor pid=55806)[0m 
[36m(ClientAppActor pid=55806)[0m         
[36m(ClientAppActor pid=55815)[0m 
[36m(ClientAppActor pid=55815)[0m         
[36m(ClientAppActor pid=55815)[0m 
[36m(ClientAppActor pid=55815)[0m         
[36m(ClientAppActor pid=55815)[0m 
[36m(ClientAppActor pid=55815)[0m         
[36m(ClientAppActor pid=55815)[0m [93mWARNING [0m:   DEPRECATED FEATURE: `client_fn` now expects a signature `def client_fn(context: Context)`.The provided `client_fn` has signature: {'cid': <Parameter "cid: str">}. You can import the `Context` like this: `from flwr.app import Context`[32m [repeated 15x across cluster][0m
[36m(ClientAppActor pid=55815)[0m             This is a deprecated feature. It will be removed[32m [repeated 15x across cluster][0m
[36m(ClientAppActor pid=55815)[0m             entirely in future versions of Flower.[32m [repeated 15x across cluster][0m
[36m(ClientAppActor pid=55806)[0m 
[36m(ClientAppActor pid=55806)[0m         
[36m(ClientAppActor pid=55806)[0m [Client 8] Training on NVIDIA GeForce RTX 3060[32m [repeated 7x across cluster][0m
[36m(ClientAppActor pid=55806)[0m 
[36m(ClientAppActor pid=55806)[0m         
[36m(ClientAppActor pid=55806)[0m 
[36m(ClientAppActor pid=55806)[0m         
[36m(ClientAppActor pid=55806)[0m 
[36m(ClientAppActor pid=55806)[0m         
[36m(ClientAppActor pid=55806)[0m [93mWARNING [0m:   DEPRECATED FEATURE: `client_fn` now expects a signature `def client_fn(context: Context)`.The provided `client_fn` has signature: {'cid': <Parameter "cid: str">}. You can import the `Context` like this: `from flwr.app import Context`[32m [repeated 4x across cluster][0m
[36m(ClientAppActor pid=55806)[0m             This is a deprecated feature. It will be removed[32m [repeated 4x across cluster][0m
[36m(ClientAppActor pid=55806)[0m             entirely in future versions of Flower.[32m [repeated 4x across cluster][0m
[92mINFO [0m:      aggregate_fit: received 10 results and 0 failures
INFO:flwr:aggregate_fit: received 10 results and 0 failures
[CascadeRouter] Round 49: 10 clients, 24578 parameters/client
[92mINFO [0m:      configure_evaluate: strategy sampled 10 clients (out of 10)
INFO:flwr:configure_evaluate: strategy sampled 10 clients (out of 10)
[36m(ClientAppActor pid=55815)[0m 
[36m(ClientAppActor pid=55815)[0m         
[36m(ClientAppActor pid=55806)[0m 
[36m(ClientAppActor pid=55806)[0m         
[36m(ClientAppActor pid=55806)[0m 
[36m(ClientAppActor pid=55806)[0m         
[36m(ClientAppActor pid=55815)[0m 
[36m(ClientAppActor pid=55815)[0m         
[36m(ClientAppActor pid=55806)[0m 
[36m(ClientAppActor pid=55806)[0m         
[36m(ClientAppActor pid=55815)[0m 
[36m(ClientAppActor pid=55815)[0m         
[36m(ClientAppActor pid=55815)[0m 
[36m(ClientAppActor pid=55815)[0m         
[36m(ClientAppActor pid=55806)[0m 
[36m(ClientAppActor pid=55806)[0m         
[36m(ClientAppActor pid=55815)[0m 
[36m(ClientAppActor pid=55815)[0m         
[36m(ClientAppActor pid=55806)[0m 
[36m(ClientAppActor pid=55806)[0m         
[92mINFO [0m:      aggregate_evaluate: received 10 results and 0 failures
INFO:flwr:aggregate_evaluate: received 10 results and 0 failures
[92mINFO [0m:      
INFO:flwr:
[92mINFO [0m:      [ROUND 50]
INFO:flwr:[ROUND 50]
[92mINFO [0m:      configure_fit: strategy sampled 10 clients (out of 10)
INFO:flwr:configure_fit: strategy sampled 10 clients (out of 10)
[36m(ClientAppActor pid=55815)[0m [Client 9] Training on NVIDIA GeForce RTX 3060[32m [repeated 3x across cluster][0m
[36m(ClientAppActor pid=55815)[0m 
[36m(ClientAppActor pid=55815)[0m         
[36m(ClientAppActor pid=55806)[0m 
[36m(ClientAppActor pid=55806)[0m         
[36m(ClientAppActor pid=55806)[0m 
[36m(ClientAppActor pid=55806)[0m         
[36m(ClientAppActor pid=55815)[0m 
[36m(ClientAppActor pid=55815)[0m         
[36m(ClientAppActor pid=55815)[0m 
[36m(ClientAppActor pid=55815)[0m         
[36m(ClientAppActor pid=55815)[0m [93mWARNING [0m:   DEPRECATED FEATURE: `client_fn` now expects a signature `def client_fn(context: Context)`.The provided `client_fn` has signature: {'cid': <Parameter "cid: str">}. You can import the `Context` like this: `from flwr.app import Context`[32m [repeated 15x across cluster][0m
[36m(ClientAppActor pid=55815)[0m             This is a deprecated feature. It will be removed[32m [repeated 15x across cluster][0m
[36m(ClientAppActor pid=55815)[0m             entirely in future versions of Flower.[32m [repeated 15x across cluster][0m
[36m(ClientAppActor pid=55806)[0m 
[36m(ClientAppActor pid=55806)[0m         
[36m(ClientAppActor pid=55806)[0m [Client 4] Training on NVIDIA GeForce RTX 3060[32m [repeated 6x across cluster][0m
[36m(ClientAppActor pid=55806)[0m 
[36m(ClientAppActor pid=55806)[0m         
[36m(ClientAppActor pid=55815)[0m 
[36m(ClientAppActor pid=55815)[0m         
[36m(ClientAppActor pid=55815)[0m 
[36m(ClientAppActor pid=55815)[0m         
[36m(ClientAppActor pid=55815)[0m [93mWARNING [0m:   DEPRECATED FEATURE: `client_fn` now expects a signature `def client_fn(context: Context)`.The provided `client_fn` has signature: {'cid': <Parameter "cid: str">}. You can import the `Context` like this: `from flwr.app import Context`[32m [repeated 4x across cluster][0m
[36m(ClientAppActor pid=55815)[0m             This is a deprecated feature. It will be removed[32m [repeated 4x across cluster][0m
[36m(ClientAppActor pid=55815)[0m             entirely in future versions of Flower.[32m [repeated 4x across cluster][0m
[36m(ClientAppActor pid=55815)[0m 
[36m(ClientAppActor pid=55815)[0m         
[92mINFO [0m:      aggregate_fit: received 10 results and 0 failures
INFO:flwr:aggregate_fit: received 10 results and 0 failures
[CascadeRouter] Round 50: 10 clients, 24578 parameters/client
[92mINFO [0m:      configure_evaluate: strategy sampled 10 clients (out of 10)
INFO:flwr:configure_evaluate: strategy sampled 10 clients (out of 10)
[36m(ClientAppActor pid=55815)[0m 
[36m(ClientAppActor pid=55815)[0m         
[36m(ClientAppActor pid=55806)[0m 
[36m(ClientAppActor pid=55806)[0m         
[36m(ClientAppActor pid=55806)[0m 
[36m(ClientAppActor pid=55806)[0m         
[36m(ClientAppActor pid=55815)[0m 
[36m(ClientAppActor pid=55815)[0m         
[36m(ClientAppActor pid=55806)[0m 
[36m(ClientAppActor pid=55806)[0m         
[36m(ClientAppActor pid=55815)[0m 
[36m(ClientAppActor pid=55815)[0m         
[36m(ClientAppActor pid=55806)[0m 
[36m(ClientAppActor pid=55806)[0m         
[36m(ClientAppActor pid=55815)[0m 
[36m(ClientAppActor pid=55815)[0m         
[36m(ClientAppActor pid=55806)[0m 
[36m(ClientAppActor pid=55806)[0m         
[36m(ClientAppActor pid=55815)[0m 
[36m(ClientAppActor pid=55815)[0m         
[92mINFO [0m:      aggregate_evaluate: received 10 results and 0 failures
INFO:flwr:aggregate_evaluate: received 10 results and 0 failures
[92mINFO [0m:      
INFO:flwr:
[92mINFO [0m:      [SUMMARY]
INFO:flwr:[SUMMARY]
[92mINFO [0m:      Run finished 50 round(s) in 635.11s
INFO:flwr:Run finished 50 round(s) in 635.11s
[92mINFO [0m:      	History (loss, distributed):
INFO:flwr:	History (loss, distributed):
[92mINFO [0m:      		round 1: 0.18369208277861276
INFO:flwr:		round 1: 0.18369208277861276
[92mINFO [0m:      		round 2: 0.14071783907413482
INFO:flwr:		round 2: 0.14071783907413482
[92mINFO [0m:      		round 3: 0.13161899905204774
INFO:flwr:		round 3: 0.13161899905204774
[92mINFO [0m:      		round 4: 0.12369263850053151
INFO:flwr:		round 4: 0.12369263850053151
[92mINFO [0m:      		round 5: 0.1254473285595576
INFO:flwr:		round 5: 0.1254473285595576
[92mINFO [0m:      		round 6: 0.11978815178871155
INFO:flwr:		round 6: 0.11978815178871155
[92mINFO [0m:      		round 7: 0.12685281828244527
INFO:flwr:		round 7: 0.12685281828244527
[92mINFO [0m:      		round 8: 0.12224508992830913
INFO:flwr:		round 8: 0.12224508992830913
[92mINFO [0m:      		round 9: 0.11875177203814188
INFO:flwr:		round 9: 0.11875177203814188
[92mINFO [0m:      		round 10: 0.11768273768424987
INFO:flwr:		round 10: 0.11768273768424987
[92mINFO [0m:      		round 11: 0.1264999258518219
INFO:flwr:		round 11: 0.1264999258518219
[92mINFO [0m:      		round 12: 0.12464917000929515
INFO:flwr:		round 12: 0.12464917000929515
[92mINFO [0m:      		round 13: 0.11916459947427113
INFO:flwr:		round 13: 0.11916459947427113
[92mINFO [0m:      		round 14: 0.11979723467826843
INFO:flwr:		round 14: 0.11979723467826843
[92mINFO [0m:      		round 15: 0.1206309931119283
INFO:flwr:		round 15: 0.1206309931119283
[92mINFO [0m:      		round 16: 0.11947263979117076
INFO:flwr:		round 16: 0.11947263979117076
[92mINFO [0m:      		round 17: 0.1203105273326238
INFO:flwr:		round 17: 0.1203105273326238
[92mINFO [0m:      		round 18: 0.12676856933434805
INFO:flwr:		round 18: 0.12676856933434805
[92mINFO [0m:      		round 19: 0.12295556753476461
INFO:flwr:		round 19: 0.12295556753476461
[92mINFO [0m:      		round 20: 0.12867657695611318
INFO:flwr:		round 20: 0.12867657695611318
[92mINFO [0m:      		round 21: 0.1261769016981125
INFO:flwr:		round 21: 0.1261769016981125
[92mINFO [0m:      		round 22: 0.1208139897108078
INFO:flwr:		round 22: 0.1208139897108078
[92mINFO [0m:      		round 23: 0.12060290952523549
INFO:flwr:		round 23: 0.12060290952523549
[92mINFO [0m:      		round 24: 0.120800980591774
INFO:flwr:		round 24: 0.120800980591774
[92mINFO [0m:      		round 25: 0.12283914827505747
INFO:flwr:		round 25: 0.12283914827505747
[92mINFO [0m:      		round 26: 0.11855341843763988
INFO:flwr:		round 26: 0.11855341843763988
[92mINFO [0m:      		round 27: 0.1211758998076121
INFO:flwr:		round 27: 0.1211758998076121
[92mINFO [0m:      		round 28: 0.12114287548859914
INFO:flwr:		round 28: 0.12114287548859914
[92mINFO [0m:      		round 29: 0.12153736840883891
INFO:flwr:		round 29: 0.12153736840883891
[92mINFO [0m:      		round 30: 0.11665699268976848
INFO:flwr:		round 30: 0.11665699268976848
[92mINFO [0m:      		round 31: 0.12044142351150512
INFO:flwr:		round 31: 0.12044142351150512
[92mINFO [0m:      		round 32: 0.11676963600317637
INFO:flwr:		round 32: 0.11676963600317637
[92mINFO [0m:      		round 33: 0.12408411588668823
INFO:flwr:		round 33: 0.12408411588668823
[92mINFO [0m:      		round 34: 0.12111156434218089
INFO:flwr:		round 34: 0.12111156434218089
[92mINFO [0m:      		round 35: 0.12375545307795206
INFO:flwr:		round 35: 0.12375545307795206
[92mINFO [0m:      		round 36: 0.11638630634943645
INFO:flwr:		round 36: 0.11638630634943645
[92mINFO [0m:      		round 37: 0.1267863788286845
INFO:flwr:		round 37: 0.1267863788286845
[92mINFO [0m:      		round 38: 0.1216157351175944
INFO:flwr:		round 38: 0.1216157351175944
[92mINFO [0m:      		round 39: 0.12234477624893189
INFO:flwr:		round 39: 0.12234477624893189
[92mINFO [0m:      		round 40: 0.12575912688573201
INFO:flwr:		round 40: 0.12575912688573201
[92mINFO [0m:      		round 41: 0.12838605553309126
INFO:flwr:		round 41: 0.12838605553309126
[92mINFO [0m:      		round 42: 0.11919753359953562
INFO:flwr:		round 42: 0.11919753359953562
[92mINFO [0m:      		round 43: 0.12687132353782654
INFO:flwr:		round 43: 0.12687132353782654
[92mINFO [0m:      		round 44: 0.11551861252784729
INFO:flwr:		round 44: 0.11551861252784729
[92mINFO [0m:      		round 45: 0.11539392823378244
INFO:flwr:		round 45: 0.11539392823378244
[92mINFO [0m:      		round 46: 0.12099828370412191
INFO:flwr:		round 46: 0.12099828370412191
[92mINFO [0m:      		round 47: 0.12317364845275879
INFO:flwr:		round 47: 0.12317364845275879
[92mINFO [0m:      		round 48: 0.11805420168240865
INFO:flwr:		round 48: 0.11805420168240865
[92mINFO [0m:      		round 49: 0.12177328317960104
INFO:flwr:		round 49: 0.12177328317960104
[92mINFO [0m:      		round 50: 0.1262658906618754
INFO:flwr:		round 50: 0.1262658906618754
[92mINFO [0m:      	History (metrics, distributed, fit):
INFO:flwr:	History (metrics, distributed, fit):
[92mINFO [0m:      	{'layer1_reject_rate_at_threshold': [(1, 0.0),
INFO:flwr:	{'layer1_reject_rate_at_threshold': [(1, 0.0),
[92mINFO [0m:      	                                     (2, 0.0),
INFO:flwr:	                                     (2, 0.0),
[92mINFO [0m:      	                                     (3, 0.0),
INFO:flwr:	                                     (3, 0.0),
[92mINFO [0m:      	                                     (4, 0.0),
INFO:flwr:	                                     (4, 0.0),
[92mINFO [0m:      	                                     (5, 0.0),
INFO:flwr:	                                     (5, 0.0),
[92mINFO [0m:      	                                     (6, 0.0),
INFO:flwr:	                                     (6, 0.0),
[92mINFO [0m:      	                                     (7, 0.0),
INFO:flwr:	                                     (7, 0.0),
[92mINFO [0m:      	                                     (8, 0.0),
INFO:flwr:	                                     (8, 0.0),
[92mINFO [0m:      	                                     (9, 0.0),
INFO:flwr:	                                     (9, 0.0),
[92mINFO [0m:      	                                     (10, 0.0),
INFO:flwr:	                                     (10, 0.0),
[92mINFO [0m:      	                                     (11, 0.0),
INFO:flwr:	                                     (11, 0.0),
[92mINFO [0m:      	                                     (12, 0.0),
INFO:flwr:	                                     (12, 0.0),
[92mINFO [0m:      	                                     (13, 0.0),
INFO:flwr:	                                     (13, 0.0),
[92mINFO [0m:      	                                     (14, 0.0),
INFO:flwr:	                                     (14, 0.0),
[92mINFO [0m:      	                                     (15, 0.0),
INFO:flwr:	                                     (15, 0.0),
[92mINFO [0m:      	                                     (16, 0.0),
INFO:flwr:	                                     (16, 0.0),
[92mINFO [0m:      	                                     (17, 0.0),
INFO:flwr:	                                     (17, 0.0),
[92mINFO [0m:      	                                     (18, 0.0),
INFO:flwr:	                                     (18, 0.0),
[92mINFO [0m:      	                                     (19, 0.0),
INFO:flwr:	                                     (19, 0.0),
[92mINFO [0m:      	                                     (20, 0.0),
INFO:flwr:	                                     (20, 0.0),
[92mINFO [0m:      	                                     (21, 0.0),
INFO:flwr:	                                     (21, 0.0),
[92mINFO [0m:      	                                     (22, 0.0),
INFO:flwr:	                                     (22, 0.0),
[92mINFO [0m:      	                                     (23, 0.0),
INFO:flwr:	                                     (23, 0.0),
[92mINFO [0m:      	                                     (24, 0.0),
INFO:flwr:	                                     (24, 0.0),
[92mINFO [0m:      	                                     (25, 0.0),
INFO:flwr:	                                     (25, 0.0),
[92mINFO [0m:      	                                     (26, 0.0),
INFO:flwr:	                                     (26, 0.0),
[92mINFO [0m:      	                                     (27, 0.0),
INFO:flwr:	                                     (27, 0.0),
[92mINFO [0m:      	                                     (28, 0.0),
INFO:flwr:	                                     (28, 0.0),
[92mINFO [0m:      	                                     (29, 0.0),
INFO:flwr:	                                     (29, 0.0),
[92mINFO [0m:      	                                     (30, 0.0),
INFO:flwr:	                                     (30, 0.0),
[92mINFO [0m:      	                                     (31, 0.0),
INFO:flwr:	                                     (31, 0.0),
[92mINFO [0m:      	                                     (32, 0.0),
INFO:flwr:	                                     (32, 0.0),
[92mINFO [0m:      	                                     (33, 0.0),
INFO:flwr:	                                     (33, 0.0),
[92mINFO [0m:      	                                     (34, 0.0),
INFO:flwr:	                                     (34, 0.0),
[92mINFO [0m:      	                                     (35, 0.0),
INFO:flwr:	                                     (35, 0.0),
[92mINFO [0m:      	                                     (36, 0.0),
INFO:flwr:	                                     (36, 0.0),
[92mINFO [0m:      	                                     (37, 0.0),
INFO:flwr:	                                     (37, 0.0),
[92mINFO [0m:      	                                     (38, 0.0),
INFO:flwr:	                                     (38, 0.0),
[92mINFO [0m:      	                                     (39, 0.0),
INFO:flwr:	                                     (39, 0.0),
[92mINFO [0m:      	                                     (40, 0.0),
INFO:flwr:	                                     (40, 0.0),
[92mINFO [0m:      	                                     (41, 0.0),
INFO:flwr:	                                     (41, 0.0),
[92mINFO [0m:      	                                     (42, 0.0),
INFO:flwr:	                                     (42, 0.0),
[92mINFO [0m:      	                                     (43, 0.0),
INFO:flwr:	                                     (43, 0.0),
[92mINFO [0m:      	                                     (44, 0.0),
INFO:flwr:	                                     (44, 0.0),
[92mINFO [0m:      	                                     (45, 0.0),
INFO:flwr:	                                     (45, 0.0),
[92mINFO [0m:      	                                     (46, 0.0),
INFO:flwr:	                                     (46, 0.0),
[92mINFO [0m:      	                                     (47, 0.0),
INFO:flwr:	                                     (47, 0.0),
[92mINFO [0m:      	                                     (48, 0.0),
INFO:flwr:	                                     (48, 0.0),
[92mINFO [0m:      	                                     (49, 0.0),
INFO:flwr:	                                     (49, 0.0),
[92mINFO [0m:      	                                     (50, 0.0)],
INFO:flwr:	                                     (50, 0.0)],
[92mINFO [0m:      	 'layer1_reject_rate_raw': [(1, 0.0),
INFO:flwr:	 'layer1_reject_rate_raw': [(1, 0.0),
[92mINFO [0m:      	                            (2, 0.0),
INFO:flwr:	                            (2, 0.0),
[92mINFO [0m:      	                            (3, 0.0),
INFO:flwr:	                            (3, 0.0),
[92mINFO [0m:      	                            (4, 0.0),
INFO:flwr:	                            (4, 0.0),
[92mINFO [0m:      	                            (5, 0.0),
INFO:flwr:	                            (5, 0.0),
[92mINFO [0m:      	                            (6, 0.0),
INFO:flwr:	                            (6, 0.0),
[92mINFO [0m:      	                            (7, 0.0),
INFO:flwr:	                            (7, 0.0),
[92mINFO [0m:      	                            (8, 0.0),
INFO:flwr:	                            (8, 0.0),
[92mINFO [0m:      	                            (9, 0.0),
INFO:flwr:	                            (9, 0.0),
[92mINFO [0m:      	                            (10, 0.0),
INFO:flwr:	                            (10, 0.0),
[92mINFO [0m:      	                            (11, 0.0),
INFO:flwr:	                            (11, 0.0),
[92mINFO [0m:      	                            (12, 0.0),
INFO:flwr:	                            (12, 0.0),
[92mINFO [0m:      	                            (13, 0.0),
INFO:flwr:	                            (13, 0.0),
[92mINFO [0m:      	                            (14, 0.0),
INFO:flwr:	                            (14, 0.0),
[92mINFO [0m:      	                            (15, 0.0),
INFO:flwr:	                            (15, 0.0),
[92mINFO [0m:      	                            (16, 0.0),
INFO:flwr:	                            (16, 0.0),
[92mINFO [0m:      	                            (17, 0.0),
INFO:flwr:	                            (17, 0.0),
[92mINFO [0m:      	                            (18, 0.0),
INFO:flwr:	                            (18, 0.0),
[92mINFO [0m:      	                            (19, 0.0),
INFO:flwr:	                            (19, 0.0),
[92mINFO [0m:      	                            (20, 0.0),
INFO:flwr:	                            (20, 0.0),
[92mINFO [0m:      	                            (21, 0.0),
INFO:flwr:	                            (21, 0.0),
[92mINFO [0m:      	                            (22, 0.0),
INFO:flwr:	                            (22, 0.0),
[92mINFO [0m:      	                            (23, 0.0),
INFO:flwr:	                            (23, 0.0),
[92mINFO [0m:      	                            (24, 0.0),
INFO:flwr:	                            (24, 0.0),
[92mINFO [0m:      	                            (25, 0.0),
INFO:flwr:	                            (25, 0.0),
[92mINFO [0m:      	                            (26, 0.0),
INFO:flwr:	                            (26, 0.0),
[92mINFO [0m:      	                            (27, 0.0),
INFO:flwr:	                            (27, 0.0),
[92mINFO [0m:      	                            (28, 0.0),
INFO:flwr:	                            (28, 0.0),
[92mINFO [0m:      	                            (29, 0.0),
INFO:flwr:	                            (29, 0.0),
[92mINFO [0m:      	                            (30, 0.0),
INFO:flwr:	                            (30, 0.0),
[92mINFO [0m:      	                            (31, 0.0),
INFO:flwr:	                            (31, 0.0),
[92mINFO [0m:      	                            (32, 0.0),
INFO:flwr:	                            (32, 0.0),
[92mINFO [0m:      	                            (33, 0.0),
INFO:flwr:	                            (33, 0.0),
[92mINFO [0m:      	                            (34, 0.0),
INFO:flwr:	                            (34, 0.0),
[92mINFO [0m:      	                            (35, 0.0),
INFO:flwr:	                            (35, 0.0),
[92mINFO [0m:      	                            (36, 0.0),
INFO:flwr:	                            (36, 0.0),
[92mINFO [0m:      	                            (37, 0.0),
INFO:flwr:	                            (37, 0.0),
[92mINFO [0m:      	                            (38, 0.0),
INFO:flwr:	                            (38, 0.0),
[92mINFO [0m:      	                            (39, 0.0),
INFO:flwr:	                            (39, 0.0),
[92mINFO [0m:      	                            (40, 0.0),
INFO:flwr:	                            (40, 0.0),
[92mINFO [0m:      	                            (41, 0.0),
INFO:flwr:	                            (41, 0.0),
[92mINFO [0m:      	                            (42, 0.0),
INFO:flwr:	                            (42, 0.0),
[92mINFO [0m:      	                            (43, 0.0),
INFO:flwr:	                            (43, 0.0),
[92mINFO [0m:      	                            (44, 0.0),
INFO:flwr:	                            (44, 0.0),
[92mINFO [0m:      	                            (45, 0.0),
INFO:flwr:	                            (45, 0.0),
[92mINFO [0m:      	                            (46, 0.0),
INFO:flwr:	                            (46, 0.0),
[92mINFO [0m:      	                            (47, 0.0),
INFO:flwr:	                            (47, 0.0),
[92mINFO [0m:      	                            (48, 0.0),
INFO:flwr:	                            (48, 0.0),
[92mINFO [0m:      	                            (49, 0.0),
INFO:flwr:	                            (49, 0.0),
[92mINFO [0m:      	                            (50, 0.0)],
INFO:flwr:	                            (50, 0.0)],
[92mINFO [0m:      	 'layer1_threshold': [(1, 0.5),
INFO:flwr:	 'layer1_threshold': [(1, 0.5),
[92mINFO [0m:      	                      (2, 0.5),
INFO:flwr:	                      (2, 0.5),
[92mINFO [0m:      	                      (3, 0.5),
INFO:flwr:	                      (3, 0.5),
[92mINFO [0m:      	                      (4, 0.5),
INFO:flwr:	                      (4, 0.5),
[92mINFO [0m:      	                      (5, 0.5),
INFO:flwr:	                      (5, 0.5),
[92mINFO [0m:      	                      (6, 0.5),
INFO:flwr:	                      (6, 0.5),
[92mINFO [0m:      	                      (7, 0.5),
INFO:flwr:	                      (7, 0.5),
[92mINFO [0m:      	                      (8, 0.5),
INFO:flwr:	                      (8, 0.5),
[92mINFO [0m:      	                      (9, 0.5),
INFO:flwr:	                      (9, 0.5),
[92mINFO [0m:      	                      (10, 0.5),
INFO:flwr:	                      (10, 0.5),
[92mINFO [0m:      	                      (11, 0.5),
INFO:flwr:	                      (11, 0.5),
[92mINFO [0m:      	                      (12, 0.5),
INFO:flwr:	                      (12, 0.5),
[92mINFO [0m:      	                      (13, 0.5),
INFO:flwr:	                      (13, 0.5),
[92mINFO [0m:      	                      (14, 0.5),
INFO:flwr:	                      (14, 0.5),
[92mINFO [0m:      	                      (15, 0.5),
INFO:flwr:	                      (15, 0.5),
[92mINFO [0m:      	                      (16, 0.5),
INFO:flwr:	                      (16, 0.5),
[92mINFO [0m:      	                      (17, 0.5),
INFO:flwr:	                      (17, 0.5),
[92mINFO [0m:      	                      (18, 0.5),
INFO:flwr:	                      (18, 0.5),
[92mINFO [0m:      	                      (19, 0.5),
INFO:flwr:	                      (19, 0.5),
[92mINFO [0m:      	                      (20, 0.5),
INFO:flwr:	                      (20, 0.5),
[92mINFO [0m:      	                      (21, 0.5),
INFO:flwr:	                      (21, 0.5),
[92mINFO [0m:      	                      (22, 0.5),
INFO:flwr:	                      (22, 0.5),
[92mINFO [0m:      	                      (23, 0.5),
INFO:flwr:	                      (23, 0.5),
[92mINFO [0m:      	                      (24, 0.5),
INFO:flwr:	                      (24, 0.5),
[92mINFO [0m:      	                      (25, 0.5),
INFO:flwr:	                      (25, 0.5),
[92mINFO [0m:      	                      (26, 0.5),
INFO:flwr:	                      (26, 0.5),
[92mINFO [0m:      	                      (27, 0.5),
INFO:flwr:	                      (27, 0.5),
[92mINFO [0m:      	                      (28, 0.5),
INFO:flwr:	                      (28, 0.5),
[92mINFO [0m:      	                      (29, 0.5),
INFO:flwr:	                      (29, 0.5),
[92mINFO [0m:      	                      (30, 0.5),
INFO:flwr:	                      (30, 0.5),
[92mINFO [0m:      	                      (31, 0.5),
INFO:flwr:	                      (31, 0.5),
[92mINFO [0m:      	                      (32, 0.5),
INFO:flwr:	                      (32, 0.5),
[92mINFO [0m:      	                      (33, 0.5),
INFO:flwr:	                      (33, 0.5),
[92mINFO [0m:      	                      (34, 0.5),
INFO:flwr:	                      (34, 0.5),
[92mINFO [0m:      	                      (35, 0.5),
INFO:flwr:	                      (35, 0.5),
[92mINFO [0m:      	                      (36, 0.5),
INFO:flwr:	                      (36, 0.5),
[92mINFO [0m:      	                      (37, 0.5),
INFO:flwr:	                      (37, 0.5),
[92mINFO [0m:      	                      (38, 0.5),
INFO:flwr:	                      (38, 0.5),
[92mINFO [0m:      	                      (39, 0.5),
INFO:flwr:	                      (39, 0.5),
[92mINFO [0m:      	                      (40, 0.5),
INFO:flwr:	                      (40, 0.5),
[92mINFO [0m:      	                      (41, 0.5),
INFO:flwr:	                      (41, 0.5),
[92mINFO [0m:      	                      (42, 0.5),
INFO:flwr:	                      (42, 0.5),
[92mINFO [0m:      	                      (43, 0.5),
INFO:flwr:	                      (43, 0.5),
[92mINFO [0m:      	                      (44, 0.5),
INFO:flwr:	                      (44, 0.5),
[92mINFO [0m:      	                      (45, 0.5),
INFO:flwr:	                      (45, 0.5),
[92mINFO [0m:      	                      (46, 0.5),
INFO:flwr:	                      (46, 0.5),
[92mINFO [0m:      	                      (47, 0.5),
INFO:flwr:	                      (47, 0.5),
[92mINFO [0m:      	                      (48, 0.5),
INFO:flwr:	                      (48, 0.5),
[92mINFO [0m:      	                      (49, 0.5),
INFO:flwr:	                      (49, 0.5),
[92mINFO [0m:      	                      (50, 0.5)],
INFO:flwr:	                      (50, 0.5)],
[92mINFO [0m:      	 'layer2_reject_rate_at_threshold': [(1, 0.30000001192092896),
INFO:flwr:	 'layer2_reject_rate_at_threshold': [(1, 0.30000001192092896),
[92mINFO [0m:      	                                     (2, 0.30000001192092896),
INFO:flwr:	                                     (2, 0.30000001192092896),
[92mINFO [0m:      	                                     (3, 0.30000001192092896),
INFO:flwr:	                                     (3, 0.30000001192092896),
[92mINFO [0m:      	                                     (4, 0.30000001192092896),
INFO:flwr:	                                     (4, 0.30000001192092896),
[92mINFO [0m:      	                                     (5, 0.30000001192092896),
INFO:flwr:	                                     (5, 0.30000001192092896),
[92mINFO [0m:      	                                     (6, 0.30000001192092896),
INFO:flwr:	                                     (6, 0.30000001192092896),
[92mINFO [0m:      	                                     (7, 0.30000001192092896),
INFO:flwr:	                                     (7, 0.30000001192092896),
[92mINFO [0m:      	                                     (8, 0.30000001192092896),
INFO:flwr:	                                     (8, 0.30000001192092896),
[92mINFO [0m:      	                                     (9, 0.30000001192092896),
INFO:flwr:	                                     (9, 0.30000001192092896),
[92mINFO [0m:      	                                     (10, 0.4000000059604645),
INFO:flwr:	                                     (10, 0.4000000059604645),
[92mINFO [0m:      	                                     (11, 0.30000001192092896),
INFO:flwr:	                                     (11, 0.30000001192092896),
[92mINFO [0m:      	                                     (12, 0.30000001192092896),
INFO:flwr:	                                     (12, 0.30000001192092896),
[92mINFO [0m:      	                                     (13, 0.30000001192092896),
INFO:flwr:	                                     (13, 0.30000001192092896),
[92mINFO [0m:      	                                     (14, 0.30000001192092896),
INFO:flwr:	                                     (14, 0.30000001192092896),
[92mINFO [0m:      	                                     (15, 0.30000001192092896),
INFO:flwr:	                                     (15, 0.30000001192092896),
[92mINFO [0m:      	                                     (16, 0.30000001192092896),
INFO:flwr:	                                     (16, 0.30000001192092896),
[92mINFO [0m:      	                                     (17, 0.30000001192092896),
INFO:flwr:	                                     (17, 0.30000001192092896),
[92mINFO [0m:      	                                     (18, 0.30000001192092896),
INFO:flwr:	                                     (18, 0.30000001192092896),
[92mINFO [0m:      	                                     (19, 0.30000001192092896),
INFO:flwr:	                                     (19, 0.30000001192092896),
[92mINFO [0m:      	                                     (20, 0.30000001192092896),
INFO:flwr:	                                     (20, 0.30000001192092896),
[92mINFO [0m:      	                                     (21, 0.30000001192092896),
INFO:flwr:	                                     (21, 0.30000001192092896),
[92mINFO [0m:      	                                     (22, 0.30000001192092896),
INFO:flwr:	                                     (22, 0.30000001192092896),
[92mINFO [0m:      	                                     (23, 0.30000001192092896),
INFO:flwr:	                                     (23, 0.30000001192092896),
[92mINFO [0m:      	                                     (24, 0.30000001192092896),
INFO:flwr:	                                     (24, 0.30000001192092896),
[92mINFO [0m:      	                                     (25, 0.30000001192092896),
INFO:flwr:	                                     (25, 0.30000001192092896),
[92mINFO [0m:      	                                     (26, 0.30000001192092896),
INFO:flwr:	                                     (26, 0.30000001192092896),
[92mINFO [0m:      	                                     (27, 0.30000001192092896),
INFO:flwr:	                                     (27, 0.30000001192092896),
[92mINFO [0m:      	                                     (28, 0.30000001192092896),
INFO:flwr:	                                     (28, 0.30000001192092896),
[92mINFO [0m:      	                                     (29, 0.30000001192092896),
INFO:flwr:	                                     (29, 0.30000001192092896),
[92mINFO [0m:      	                                     (30, 0.30000001192092896),
INFO:flwr:	                                     (30, 0.30000001192092896),
[92mINFO [0m:      	                                     (31, 0.30000001192092896),
INFO:flwr:	                                     (31, 0.30000001192092896),
[92mINFO [0m:      	                                     (32, 0.30000001192092896),
INFO:flwr:	                                     (32, 0.30000001192092896),
[92mINFO [0m:      	                                     (33, 0.30000001192092896),
INFO:flwr:	                                     (33, 0.30000001192092896),
[92mINFO [0m:      	                                     (34, 0.30000001192092896),
INFO:flwr:	                                     (34, 0.30000001192092896),
[92mINFO [0m:      	                                     (35, 0.4000000059604645),
INFO:flwr:	                                     (35, 0.4000000059604645),
[92mINFO [0m:      	                                     (36, 0.30000001192092896),
INFO:flwr:	                                     (36, 0.30000001192092896),
[92mINFO [0m:      	                                     (37, 0.30000001192092896),
INFO:flwr:	                                     (37, 0.30000001192092896),
[92mINFO [0m:      	                                     (38, 0.30000001192092896),
INFO:flwr:	                                     (38, 0.30000001192092896),
[92mINFO [0m:      	                                     (39, 0.30000001192092896),
INFO:flwr:	                                     (39, 0.30000001192092896),
[92mINFO [0m:      	                                     (40, 0.30000001192092896),
INFO:flwr:	                                     (40, 0.30000001192092896),
[92mINFO [0m:      	                                     (41, 0.30000001192092896),
INFO:flwr:	                                     (41, 0.30000001192092896),
[92mINFO [0m:      	                                     (42, 0.30000001192092896),
INFO:flwr:	                                     (42, 0.30000001192092896),
[92mINFO [0m:      	                                     (43, 0.30000001192092896),
INFO:flwr:	                                     (43, 0.30000001192092896),
[92mINFO [0m:      	                                     (44, 0.30000001192092896),
INFO:flwr:	                                     (44, 0.30000001192092896),
[92mINFO [0m:      	                                     (45, 0.30000001192092896),
INFO:flwr:	                                     (45, 0.30000001192092896),
[92mINFO [0m:      	                                     (46, 0.30000001192092896),
INFO:flwr:	                                     (46, 0.30000001192092896),
[92mINFO [0m:      	                                     (47, 0.30000001192092896),
INFO:flwr:	                                     (47, 0.30000001192092896),
[92mINFO [0m:      	                                     (48, 0.30000001192092896),
INFO:flwr:	                                     (48, 0.30000001192092896),
[92mINFO [0m:      	                                     (49, 0.30000001192092896),
INFO:flwr:	                                     (49, 0.30000001192092896),
[92mINFO [0m:      	                                     (50, 0.30000001192092896)],
INFO:flwr:	                                     (50, 0.30000001192092896)],
[92mINFO [0m:      	 'layer2_reject_rate_raw': [(1, 0.30000001192092896),
INFO:flwr:	 'layer2_reject_rate_raw': [(1, 0.30000001192092896),
[92mINFO [0m:      	                            (2, 0.30000001192092896),
INFO:flwr:	                            (2, 0.30000001192092896),
[92mINFO [0m:      	                            (3, 0.30000001192092896),
INFO:flwr:	                            (3, 0.30000001192092896),
[92mINFO [0m:      	                            (4, 0.30000001192092896),
INFO:flwr:	                            (4, 0.30000001192092896),
[92mINFO [0m:      	                            (5, 0.30000001192092896),
INFO:flwr:	                            (5, 0.30000001192092896),
[92mINFO [0m:      	                            (6, 0.30000001192092896),
INFO:flwr:	                            (6, 0.30000001192092896),
[92mINFO [0m:      	                            (7, 0.30000001192092896),
INFO:flwr:	                            (7, 0.30000001192092896),
[92mINFO [0m:      	                            (8, 0.30000001192092896),
INFO:flwr:	                            (8, 0.30000001192092896),
[92mINFO [0m:      	                            (9, 0.30000001192092896),
INFO:flwr:	                            (9, 0.30000001192092896),
[92mINFO [0m:      	                            (10, 0.4000000059604645),
INFO:flwr:	                            (10, 0.4000000059604645),
[92mINFO [0m:      	                            (11, 0.30000001192092896),
INFO:flwr:	                            (11, 0.30000001192092896),
[92mINFO [0m:      	                            (12, 0.30000001192092896),
INFO:flwr:	                            (12, 0.30000001192092896),
[92mINFO [0m:      	                            (13, 0.30000001192092896),
INFO:flwr:	                            (13, 0.30000001192092896),
[92mINFO [0m:      	                            (14, 0.30000001192092896),
INFO:flwr:	                            (14, 0.30000001192092896),
[92mINFO [0m:      	                            (15, 0.30000001192092896),
INFO:flwr:	                            (15, 0.30000001192092896),
[92mINFO [0m:      	                            (16, 0.30000001192092896),
INFO:flwr:	                            (16, 0.30000001192092896),
[92mINFO [0m:      	                            (17, 0.30000001192092896),
INFO:flwr:	                            (17, 0.30000001192092896),
[92mINFO [0m:      	                            (18, 0.30000001192092896),
INFO:flwr:	                            (18, 0.30000001192092896),
[92mINFO [0m:      	                            (19, 0.30000001192092896),
INFO:flwr:	                            (19, 0.30000001192092896),
[92mINFO [0m:      	                            (20, 0.30000001192092896),
INFO:flwr:	                            (20, 0.30000001192092896),
[92mINFO [0m:      	                            (21, 0.30000001192092896),
INFO:flwr:	                            (21, 0.30000001192092896),
[92mINFO [0m:      	                            (22, 0.30000001192092896),
INFO:flwr:	                            (22, 0.30000001192092896),
[92mINFO [0m:      	                            (23, 0.30000001192092896),
INFO:flwr:	                            (23, 0.30000001192092896),
[92mINFO [0m:      	                            (24, 0.30000001192092896),
INFO:flwr:	                            (24, 0.30000001192092896),
[92mINFO [0m:      	                            (25, 0.30000001192092896),
INFO:flwr:	                            (25, 0.30000001192092896),
[92mINFO [0m:      	                            (26, 0.30000001192092896),
INFO:flwr:	                            (26, 0.30000001192092896),
[92mINFO [0m:      	                            (27, 0.30000001192092896),
INFO:flwr:	                            (27, 0.30000001192092896),
[92mINFO [0m:      	                            (28, 0.30000001192092896),
INFO:flwr:	                            (28, 0.30000001192092896),
[92mINFO [0m:      	                            (29, 0.30000001192092896),
INFO:flwr:	                            (29, 0.30000001192092896),
[92mINFO [0m:      	                            (30, 0.30000001192092896),
INFO:flwr:	                            (30, 0.30000001192092896),
[92mINFO [0m:      	                            (31, 0.30000001192092896),
INFO:flwr:	                            (31, 0.30000001192092896),
[92mINFO [0m:      	                            (32, 0.30000001192092896),
INFO:flwr:	                            (32, 0.30000001192092896),
[92mINFO [0m:      	                            (33, 0.30000001192092896),
INFO:flwr:	                            (33, 0.30000001192092896),
[92mINFO [0m:      	                            (34, 0.30000001192092896),
INFO:flwr:	                            (34, 0.30000001192092896),
[92mINFO [0m:      	                            (35, 0.30000001192092896),
INFO:flwr:	                            (35, 0.30000001192092896),
[92mINFO [0m:      	                            (36, 0.30000001192092896),
INFO:flwr:	                            (36, 0.30000001192092896),
[92mINFO [0m:      	                            (37, 0.30000001192092896),
INFO:flwr:	                            (37, 0.30000001192092896),
[92mINFO [0m:      	                            (38, 0.30000001192092896),
INFO:flwr:	                            (38, 0.30000001192092896),
[92mINFO [0m:      	                            (39, 0.30000001192092896),
INFO:flwr:	                            (39, 0.30000001192092896),
[92mINFO [0m:      	                            (40, 0.30000001192092896),
INFO:flwr:	                            (40, 0.30000001192092896),
[92mINFO [0m:      	                            (41, 0.30000001192092896),
INFO:flwr:	                            (41, 0.30000001192092896),
[92mINFO [0m:      	                            (42, 0.30000001192092896),
INFO:flwr:	                            (42, 0.30000001192092896),
[92mINFO [0m:      	                            (43, 0.30000001192092896),
INFO:flwr:	                            (43, 0.30000001192092896),
[92mINFO [0m:      	                            (44, 0.30000001192092896),
INFO:flwr:	                            (44, 0.30000001192092896),
[92mINFO [0m:      	                            (45, 0.30000001192092896),
INFO:flwr:	                            (45, 0.30000001192092896),
[92mINFO [0m:      	                            (46, 0.30000001192092896),
INFO:flwr:	                            (46, 0.30000001192092896),
[92mINFO [0m:      	                            (47, 0.30000001192092896),
INFO:flwr:	                            (47, 0.30000001192092896),
[92mINFO [0m:      	                            (48, 0.30000001192092896),
INFO:flwr:	                            (48, 0.30000001192092896),
[92mINFO [0m:      	                            (49, 0.30000001192092896),
INFO:flwr:	                            (49, 0.30000001192092896),
[92mINFO [0m:      	                            (50, 0.30000001192092896)],
INFO:flwr:	                            (50, 0.30000001192092896)],
[92mINFO [0m:      	 'layer2_threshold': [(1, 0.5),
INFO:flwr:	 'layer2_threshold': [(1, 0.5),
[92mINFO [0m:      	                      (2, 0.5),
INFO:flwr:	                      (2, 0.5),
[92mINFO [0m:      	                      (3, 0.5),
INFO:flwr:	                      (3, 0.5),
[92mINFO [0m:      	                      (4, 0.55),
INFO:flwr:	                      (4, 0.55),
[92mINFO [0m:      	                      (5, 0.6000000000000001),
INFO:flwr:	                      (5, 0.6000000000000001),
[92mINFO [0m:      	                      (6, 0.6500000000000001),
INFO:flwr:	                      (6, 0.6500000000000001),
[92mINFO [0m:      	                      (7, 0.7000000000000002),
INFO:flwr:	                      (7, 0.7000000000000002),
[92mINFO [0m:      	                      (8, 0.7500000000000002),
INFO:flwr:	                      (8, 0.7500000000000002),
[92mINFO [0m:      	                      (9, 0.8),
INFO:flwr:	                      (9, 0.8),
[92mINFO [0m:      	                      (10, 0.8),
INFO:flwr:	                      (10, 0.8),
[92mINFO [0m:      	                      (11, 0.8),
INFO:flwr:	                      (11, 0.8),
[92mINFO [0m:      	                      (12, 0.8),
INFO:flwr:	                      (12, 0.8),
[92mINFO [0m:      	                      (13, 0.8),
INFO:flwr:	                      (13, 0.8),
[92mINFO [0m:      	                      (14, 0.8),
INFO:flwr:	                      (14, 0.8),
[92mINFO [0m:      	                      (15, 0.8),
INFO:flwr:	                      (15, 0.8),
[92mINFO [0m:      	                      (16, 0.8),
INFO:flwr:	                      (16, 0.8),
[92mINFO [0m:      	                      (17, 0.8),
INFO:flwr:	                      (17, 0.8),
[92mINFO [0m:      	                      (18, 0.8),
INFO:flwr:	                      (18, 0.8),
[92mINFO [0m:      	                      (19, 0.8),
INFO:flwr:	                      (19, 0.8),
[92mINFO [0m:      	                      (20, 0.8),
INFO:flwr:	                      (20, 0.8),
[92mINFO [0m:      	                      (21, 0.8),
INFO:flwr:	                      (21, 0.8),
[92mINFO [0m:      	                      (22, 0.8),
INFO:flwr:	                      (22, 0.8),
[92mINFO [0m:      	                      (23, 0.8),
INFO:flwr:	                      (23, 0.8),
[92mINFO [0m:      	                      (24, 0.8),
INFO:flwr:	                      (24, 0.8),
[92mINFO [0m:      	                      (25, 0.8),
INFO:flwr:	                      (25, 0.8),
[92mINFO [0m:      	                      (26, 0.8),
INFO:flwr:	                      (26, 0.8),
[92mINFO [0m:      	                      (27, 0.8),
INFO:flwr:	                      (27, 0.8),
[92mINFO [0m:      	                      (28, 0.8),
INFO:flwr:	                      (28, 0.8),
[92mINFO [0m:      	                      (29, 0.8),
INFO:flwr:	                      (29, 0.8),
[92mINFO [0m:      	                      (30, 0.8),
INFO:flwr:	                      (30, 0.8),
[92mINFO [0m:      	                      (31, 0.8),
INFO:flwr:	                      (31, 0.8),
[92mINFO [0m:      	                      (32, 0.8),
INFO:flwr:	                      (32, 0.8),
[92mINFO [0m:      	                      (33, 0.8),
INFO:flwr:	                      (33, 0.8),
[92mINFO [0m:      	                      (34, 0.8),
INFO:flwr:	                      (34, 0.8),
[92mINFO [0m:      	                      (35, 0.8),
INFO:flwr:	                      (35, 0.8),
[92mINFO [0m:      	                      (36, 0.8),
INFO:flwr:	                      (36, 0.8),
[92mINFO [0m:      	                      (37, 0.8),
INFO:flwr:	                      (37, 0.8),
[92mINFO [0m:      	                      (38, 0.8),
INFO:flwr:	                      (38, 0.8),
[92mINFO [0m:      	                      (39, 0.8),
INFO:flwr:	                      (39, 0.8),
[92mINFO [0m:      	                      (40, 0.8),
INFO:flwr:	                      (40, 0.8),
[92mINFO [0m:      	                      (41, 0.8),
INFO:flwr:	                      (41, 0.8),
[92mINFO [0m:      	                      (42, 0.8),
INFO:flwr:	                      (42, 0.8),
[92mINFO [0m:      	                      (43, 0.8),
INFO:flwr:	                      (43, 0.8),
[92mINFO [0m:      	                      (44, 0.8),
INFO:flwr:	                      (44, 0.8),
[92mINFO [0m:      	                      (45, 0.8),
INFO:flwr:	                      (45, 0.8),
[92mINFO [0m:      	                      (46, 0.8),
INFO:flwr:	                      (46, 0.8),
[92mINFO [0m:      	                      (47, 0.8),
INFO:flwr:	                      (47, 0.8),
[92mINFO [0m:      	                      (48, 0.8),
INFO:flwr:	                      (48, 0.8),
[92mINFO [0m:      	                      (49, 0.8),
INFO:flwr:	                      (49, 0.8),
[92mINFO [0m:      	                      (50, 0.8)],
INFO:flwr:	                      (50, 0.8)],
[92mINFO [0m:      	 'layer3_reject_rate_at_threshold': [(1, 0.0),
INFO:flwr:	 'layer3_reject_rate_at_threshold': [(1, 0.0),
[92mINFO [0m:      	                                     (2, 0.0),
INFO:flwr:	                                     (2, 0.0),
[92mINFO [0m:      	                                     (3, 0.0),
INFO:flwr:	                                     (3, 0.0),
[92mINFO [0m:      	                                     (4, 0.0),
INFO:flwr:	                                     (4, 0.0),
[92mINFO [0m:      	                                     (5, 0.0),
INFO:flwr:	                                     (5, 0.0),
[92mINFO [0m:      	                                     (6, 0.0),
INFO:flwr:	                                     (6, 0.0),
[92mINFO [0m:      	                                     (7, 0.0),
INFO:flwr:	                                     (7, 0.0),
[92mINFO [0m:      	                                     (8, 0.0),
INFO:flwr:	                                     (8, 0.0),
[92mINFO [0m:      	                                     (9, 0.0),
INFO:flwr:	                                     (9, 0.0),
[92mINFO [0m:      	                                     (10, 0.0),
INFO:flwr:	                                     (10, 0.0),
[92mINFO [0m:      	                                     (11, 0.0),
INFO:flwr:	                                     (11, 0.0),
[92mINFO [0m:      	                                     (12, 0.0),
INFO:flwr:	                                     (12, 0.0),
[92mINFO [0m:      	                                     (13, 0.0),
INFO:flwr:	                                     (13, 0.0),
[92mINFO [0m:      	                                     (14, 0.0),
INFO:flwr:	                                     (14, 0.0),
[92mINFO [0m:      	                                     (15, 0.0),
INFO:flwr:	                                     (15, 0.0),
[92mINFO [0m:      	                                     (16, 0.0),
INFO:flwr:	                                     (16, 0.0),
[92mINFO [0m:      	                                     (17, 0.0),
INFO:flwr:	                                     (17, 0.0),
[92mINFO [0m:      	                                     (18, 0.0),
INFO:flwr:	                                     (18, 0.0),
[92mINFO [0m:      	                                     (19, 0.0),
INFO:flwr:	                                     (19, 0.0),
[92mINFO [0m:      	                                     (20, 0.0),
INFO:flwr:	                                     (20, 0.0),
[92mINFO [0m:      	                                     (21, 0.0),
INFO:flwr:	                                     (21, 0.0),
[92mINFO [0m:      	                                     (22, 0.0),
INFO:flwr:	                                     (22, 0.0),
[92mINFO [0m:      	                                     (23, 0.0),
INFO:flwr:	                                     (23, 0.0),
[92mINFO [0m:      	                                     (24, 0.0),
INFO:flwr:	                                     (24, 0.0),
[92mINFO [0m:      	                                     (25, 0.0),
INFO:flwr:	                                     (25, 0.0),
[92mINFO [0m:      	                                     (26, 0.0),
INFO:flwr:	                                     (26, 0.0),
[92mINFO [0m:      	                                     (27, 0.0),
INFO:flwr:	                                     (27, 0.0),
[92mINFO [0m:      	                                     (28, 0.0),
INFO:flwr:	                                     (28, 0.0),
[92mINFO [0m:      	                                     (29, 0.0),
INFO:flwr:	                                     (29, 0.0),
[92mINFO [0m:      	                                     (30, 0.0),
INFO:flwr:	                                     (30, 0.0),
[92mINFO [0m:      	                                     (31, 0.0),
INFO:flwr:	                                     (31, 0.0),
[92mINFO [0m:      	                                     (32, 0.0),
INFO:flwr:	                                     (32, 0.0),
[92mINFO [0m:      	                                     (33, 0.0),
INFO:flwr:	                                     (33, 0.0),
[92mINFO [0m:      	                                     (34, 0.0),
INFO:flwr:	                                     (34, 0.0),
[92mINFO [0m:      	                                     (35, 0.0),
INFO:flwr:	                                     (35, 0.0),
[92mINFO [0m:      	                                     (36, 0.0),
INFO:flwr:	                                     (36, 0.0),
[92mINFO [0m:      	                                     (37, 0.0),
INFO:flwr:	                                     (37, 0.0),
[92mINFO [0m:      	                                     (38, 0.0),
INFO:flwr:	                                     (38, 0.0),
[92mINFO [0m:      	                                     (39, 0.0),
INFO:flwr:	                                     (39, 0.0),
[92mINFO [0m:      	                                     (40, 0.0),
INFO:flwr:	                                     (40, 0.0),
[92mINFO [0m:      	                                     (41, 0.0),
INFO:flwr:	                                     (41, 0.0),
[92mINFO [0m:      	                                     (42, 0.0),
INFO:flwr:	                                     (42, 0.0),
[92mINFO [0m:      	                                     (43, 0.0),
INFO:flwr:	                                     (43, 0.0),
[92mINFO [0m:      	                                     (44, 0.0),
INFO:flwr:	                                     (44, 0.0),
[92mINFO [0m:      	                                     (45, 0.0),
INFO:flwr:	                                     (45, 0.0),
[92mINFO [0m:      	                                     (46, 0.0),
INFO:flwr:	                                     (46, 0.0),
[92mINFO [0m:      	                                     (47, 0.0),
INFO:flwr:	                                     (47, 0.0),
[92mINFO [0m:      	                                     (48, 0.0),
INFO:flwr:	                                     (48, 0.0),
[92mINFO [0m:      	                                     (49, 0.0),
INFO:flwr:	                                     (49, 0.0),
[92mINFO [0m:      	                                     (50, 0.0)],
INFO:flwr:	                                     (50, 0.0)],
[92mINFO [0m:      	 'layer3_reject_rate_raw': [(1, 0.0),
INFO:flwr:	 'layer3_reject_rate_raw': [(1, 0.0),
[92mINFO [0m:      	                            (2, 0.0),
INFO:flwr:	                            (2, 0.0),
[92mINFO [0m:      	                            (3, 0.0),
INFO:flwr:	                            (3, 0.0),
[92mINFO [0m:      	                            (4, 0.0),
INFO:flwr:	                            (4, 0.0),
[92mINFO [0m:      	                            (5, 0.0),
INFO:flwr:	                            (5, 0.0),
[92mINFO [0m:      	                            (6, 0.0),
INFO:flwr:	                            (6, 0.0),
[92mINFO [0m:      	                            (7, 0.0),
INFO:flwr:	                            (7, 0.0),
[92mINFO [0m:      	                            (8, 0.0),
INFO:flwr:	                            (8, 0.0),
[92mINFO [0m:      	                            (9, 0.0),
INFO:flwr:	                            (9, 0.0),
[92mINFO [0m:      	                            (10, 0.0),
INFO:flwr:	                            (10, 0.0),
[92mINFO [0m:      	                            (11, 0.0),
INFO:flwr:	                            (11, 0.0),
[92mINFO [0m:      	                            (12, 0.0),
INFO:flwr:	                            (12, 0.0),
[92mINFO [0m:      	                            (13, 0.0),
INFO:flwr:	                            (13, 0.0),
[92mINFO [0m:      	                            (14, 0.0),
INFO:flwr:	                            (14, 0.0),
[92mINFO [0m:      	                            (15, 0.0),
INFO:flwr:	                            (15, 0.0),
[92mINFO [0m:      	                            (16, 0.0),
INFO:flwr:	                            (16, 0.0),
[92mINFO [0m:      	                            (17, 0.0),
INFO:flwr:	                            (17, 0.0),
[92mINFO [0m:      	                            (18, 0.0),
INFO:flwr:	                            (18, 0.0),
[92mINFO [0m:      	                            (19, 0.0),
INFO:flwr:	                            (19, 0.0),
[92mINFO [0m:      	                            (20, 0.0),
INFO:flwr:	                            (20, 0.0),
[92mINFO [0m:      	                            (21, 0.0),
INFO:flwr:	                            (21, 0.0),
[92mINFO [0m:      	                            (22, 0.0),
INFO:flwr:	                            (22, 0.0),
[92mINFO [0m:      	                            (23, 0.0),
INFO:flwr:	                            (23, 0.0),
[92mINFO [0m:      	                            (24, 0.0),
INFO:flwr:	                            (24, 0.0),
[92mINFO [0m:      	                            (25, 0.0),
INFO:flwr:	                            (25, 0.0),
[92mINFO [0m:      	                            (26, 0.0),
INFO:flwr:	                            (26, 0.0),
[92mINFO [0m:      	                            (27, 0.0),
INFO:flwr:	                            (27, 0.0),
[92mINFO [0m:      	                            (28, 0.0),
INFO:flwr:	                            (28, 0.0),
[92mINFO [0m:      	                            (29, 0.0),
INFO:flwr:	                            (29, 0.0),
[92mINFO [0m:      	                            (30, 0.0),
INFO:flwr:	                            (30, 0.0),
[92mINFO [0m:      	                            (31, 0.0),
INFO:flwr:	                            (31, 0.0),
[92mINFO [0m:      	                            (32, 0.0),
INFO:flwr:	                            (32, 0.0),
[92mINFO [0m:      	                            (33, 0.0),
INFO:flwr:	                            (33, 0.0),
[92mINFO [0m:      	                            (34, 0.0),
INFO:flwr:	                            (34, 0.0),
[92mINFO [0m:      	                            (35, 0.0),
INFO:flwr:	                            (35, 0.0),
[92mINFO [0m:      	                            (36, 0.0),
INFO:flwr:	                            (36, 0.0),
[92mINFO [0m:      	                            (37, 0.0),
INFO:flwr:	                            (37, 0.0),
[92mINFO [0m:      	                            (38, 0.0),
INFO:flwr:	                            (38, 0.0),
[92mINFO [0m:      	                            (39, 0.0),
INFO:flwr:	                            (39, 0.0),
[92mINFO [0m:      	                            (40, 0.0),
INFO:flwr:	                            (40, 0.0),
[92mINFO [0m:      	                            (41, 0.0),
INFO:flwr:	                            (41, 0.0),
[92mINFO [0m:      	                            (42, 0.0),
INFO:flwr:	                            (42, 0.0),
[92mINFO [0m:      	                            (43, 0.0),
INFO:flwr:	                            (43, 0.0),
[92mINFO [0m:      	                            (44, 0.0),
INFO:flwr:	                            (44, 0.0),
[92mINFO [0m:      	                            (45, 0.0),
INFO:flwr:	                            (45, 0.0),
[92mINFO [0m:      	                            (46, 0.0),
INFO:flwr:	                            (46, 0.0),
[92mINFO [0m:      	                            (47, 0.0),
INFO:flwr:	                            (47, 0.0),
[92mINFO [0m:      	                            (48, 0.0),
INFO:flwr:	                            (48, 0.0),
[92mINFO [0m:      	                            (49, 0.0),
INFO:flwr:	                            (49, 0.0),
[92mINFO [0m:      	                            (50, 0.0)],
INFO:flwr:	                            (50, 0.0)],
[92mINFO [0m:      	 'layer3_threshold': [(1, 0.5),
INFO:flwr:	 'layer3_threshold': [(1, 0.5),
[92mINFO [0m:      	                      (2, 0.5),
INFO:flwr:	                      (2, 0.5),
[92mINFO [0m:      	                      (3, 0.5),
INFO:flwr:	                      (3, 0.5),
[92mINFO [0m:      	                      (4, 0.5),
INFO:flwr:	                      (4, 0.5),
[92mINFO [0m:      	                      (5, 0.5),
INFO:flwr:	                      (5, 0.5),
[92mINFO [0m:      	                      (6, 0.5),
INFO:flwr:	                      (6, 0.5),
[92mINFO [0m:      	                      (7, 0.5),
INFO:flwr:	                      (7, 0.5),
[92mINFO [0m:      	                      (8, 0.5),
INFO:flwr:	                      (8, 0.5),
[92mINFO [0m:      	                      (9, 0.5),
INFO:flwr:	                      (9, 0.5),
[92mINFO [0m:      	                      (10, 0.5),
INFO:flwr:	                      (10, 0.5),
[92mINFO [0m:      	                      (11, 0.5),
INFO:flwr:	                      (11, 0.5),
[92mINFO [0m:      	                      (12, 0.5),
INFO:flwr:	                      (12, 0.5),
[92mINFO [0m:      	                      (13, 0.5),
INFO:flwr:	                      (13, 0.5),
[92mINFO [0m:      	                      (14, 0.5),
INFO:flwr:	                      (14, 0.5),
[92mINFO [0m:      	                      (15, 0.5),
INFO:flwr:	                      (15, 0.5),
[92mINFO [0m:      	                      (16, 0.5),
INFO:flwr:	                      (16, 0.5),
[92mINFO [0m:      	                      (17, 0.5),
INFO:flwr:	                      (17, 0.5),
[92mINFO [0m:      	                      (18, 0.5),
INFO:flwr:	                      (18, 0.5),
[92mINFO [0m:      	                      (19, 0.5),
INFO:flwr:	                      (19, 0.5),
[92mINFO [0m:      	                      (20, 0.5),
INFO:flwr:	                      (20, 0.5),
[92mINFO [0m:      	                      (21, 0.5),
INFO:flwr:	                      (21, 0.5),
[92mINFO [0m:      	                      (22, 0.5),
INFO:flwr:	                      (22, 0.5),
[92mINFO [0m:      	                      (23, 0.5),
INFO:flwr:	                      (23, 0.5),
[92mINFO [0m:      	                      (24, 0.5),
INFO:flwr:	                      (24, 0.5),
[92mINFO [0m:      	                      (25, 0.5),
INFO:flwr:	                      (25, 0.5),
[92mINFO [0m:      	                      (26, 0.5),
INFO:flwr:	                      (26, 0.5),
[92mINFO [0m:      	                      (27, 0.5),
INFO:flwr:	                      (27, 0.5),
[92mINFO [0m:      	                      (28, 0.5),
INFO:flwr:	                      (28, 0.5),
[92mINFO [0m:      	                      (29, 0.5),
INFO:flwr:	                      (29, 0.5),
[92mINFO [0m:      	                      (30, 0.5),
INFO:flwr:	                      (30, 0.5),
[92mINFO [0m:      	                      (31, 0.5),
INFO:flwr:	                      (31, 0.5),
[92mINFO [0m:      	                      (32, 0.5),
INFO:flwr:	                      (32, 0.5),
[92mINFO [0m:      	                      (33, 0.5),
INFO:flwr:	                      (33, 0.5),
[92mINFO [0m:      	                      (34, 0.5),
INFO:flwr:	                      (34, 0.5),
[92mINFO [0m:      	                      (35, 0.5),
INFO:flwr:	                      (35, 0.5),
[92mINFO [0m:      	                      (36, 0.5),
INFO:flwr:	                      (36, 0.5),
[92mINFO [0m:      	                      (37, 0.5),
INFO:flwr:	                      (37, 0.5),
[92mINFO [0m:      	                      (38, 0.5),
INFO:flwr:	                      (38, 0.5),
[92mINFO [0m:      	                      (39, 0.5),
INFO:flwr:	                      (39, 0.5),
[92mINFO [0m:      	                      (40, 0.5),
INFO:flwr:	                      (40, 0.5),
[92mINFO [0m:      	                      (41, 0.5),
INFO:flwr:	                      (41, 0.5),
[92mINFO [0m:      	                      (42, 0.5),
INFO:flwr:	                      (42, 0.5),
[92mINFO [0m:      	                      (43, 0.5),
INFO:flwr:	                      (43, 0.5),
[92mINFO [0m:      	                      (44, 0.5),
INFO:flwr:	                      (44, 0.5),
[92mINFO [0m:      	                      (45, 0.5),
INFO:flwr:	                      (45, 0.5),
[92mINFO [0m:      	                      (46, 0.5),
INFO:flwr:	                      (46, 0.5),
[92mINFO [0m:      	                      (47, 0.5),
INFO:flwr:	                      (47, 0.5),
[92mINFO [0m:      	                      (48, 0.5),
INFO:flwr:	                      (48, 0.5),
[92mINFO [0m:      	                      (49, 0.5),
INFO:flwr:	                      (49, 0.5),
[92mINFO [0m:      	                      (50, 0.5)],
INFO:flwr:	                      (50, 0.5)],
[92mINFO [0m:      	 'mean_reputation': [(1, 0.9588624238967896),
INFO:flwr:	 'mean_reputation': [(1, 0.9588624238967896),
[92mINFO [0m:      	                     (2, 0.923974871635437),
INFO:flwr:	                     (2, 0.923974871635437),
[92mINFO [0m:      	                     (3, 0.8929840922355652),
INFO:flwr:	                     (3, 0.8929840922355652),
[92mINFO [0m:      	                     (4, 0.8654362559318542),
INFO:flwr:	                     (4, 0.8654362559318542),
[92mINFO [0m:      	                     (5, 0.8409320116043091),
INFO:flwr:	                     (5, 0.8409320116043091),
[92mINFO [0m:      	                     (6, 0.819125771522522),
INFO:flwr:	                     (6, 0.819125771522522),
[92mINFO [0m:      	                     (7, 0.7996658086776733),
INFO:flwr:	                     (7, 0.7996658086776733),
[92mINFO [0m:      	                     (8, 0.7823699116706848),
INFO:flwr:	                     (8, 0.7823699116706848),
[92mINFO [0m:      	                     (9, 0.7666046023368835),
INFO:flwr:	                     (9, 0.7666046023368835),
[92mINFO [0m:      	                     (10, 0.7440478801727295),
INFO:flwr:	                     (10, 0.7440478801727295),
[92mINFO [0m:      	                     (11, 0.7331504821777344),
INFO:flwr:	                     (11, 0.7331504821777344),
[92mINFO [0m:      	                     (12, 0.723365068435669),
INFO:flwr:	                     (12, 0.723365068435669),
[92mINFO [0m:      	                     (13, 0.7138832807540894),
INFO:flwr:	                     (13, 0.7138832807540894),
[92mINFO [0m:      	                     (14, 0.7058067917823792),
INFO:flwr:	                     (14, 0.7058067917823792),
[92mINFO [0m:      	                     (15, 0.6985703110694885),
INFO:flwr:	                     (15, 0.6985703110694885),
[92mINFO [0m:      	                     (16, 0.6923527121543884),
INFO:flwr:	                     (16, 0.6923527121543884),
[92mINFO [0m:      	                     (17, 0.6867595911026001),
INFO:flwr:	                     (17, 0.6867595911026001),
[92mINFO [0m:      	                     (18, 0.6817274689674377),
INFO:flwr:	                     (18, 0.6817274689674377),
[92mINFO [0m:      	                     (19, 0.677071213722229),
INFO:flwr:	                     (19, 0.677071213722229),
[92mINFO [0m:      	                     (20, 0.6730170249938965),
INFO:flwr:	                     (20, 0.6730170249938965),
[92mINFO [0m:      	                     (21, 0.6693356037139893),
INFO:flwr:	                     (21, 0.6693356037139893),
[92mINFO [0m:      	                     (22, 0.6660568714141846),
INFO:flwr:	                     (22, 0.6660568714141846),
[92mINFO [0m:      	                     (23, 0.662901759147644),
INFO:flwr:	                     (23, 0.662901759147644),
[92mINFO [0m:      	                     (24, 0.6602010130882263),
INFO:flwr:	                     (24, 0.6602010130882263),
[92mINFO [0m:      	                     (25, 0.6578480005264282),
INFO:flwr:	                     (25, 0.6578480005264282),
[92mINFO [0m:      	                     (26, 0.6555238366127014),
INFO:flwr:	                     (26, 0.6555238366127014),
[92mINFO [0m:      	                     (27, 0.653643786907196),
INFO:flwr:	                     (27, 0.653643786907196),
[92mINFO [0m:      	                     (28, 0.6519491672515869),
INFO:flwr:	                     (28, 0.6519491672515869),
[92mINFO [0m:      	                     (29, 0.6504209637641907),
INFO:flwr:	                     (29, 0.6504209637641907),
[92mINFO [0m:      	                     (30, 0.6490432620048523),
INFO:flwr:	                     (30, 0.6490432620048523),
[92mINFO [0m:      	                     (31, 0.6478017568588257),
INFO:flwr:	                     (31, 0.6478017568588257),
[92mINFO [0m:      	                     (32, 0.646682620048523),
INFO:flwr:	                     (32, 0.646682620048523),
[92mINFO [0m:      	                     (33, 0.6455641388893127),
INFO:flwr:	                     (33, 0.6455641388893127),
[92mINFO [0m:      	                     (34, 0.6446725726127625),
INFO:flwr:	                     (34, 0.6446725726127625),
[92mINFO [0m:      	                     (35, 0.634687066078186),
INFO:flwr:	                     (35, 0.634687066078186),
[92mINFO [0m:      	                     (36, 0.6353374719619751),
INFO:flwr:	                     (36, 0.6353374719619751),
[92mINFO [0m:      	                     (37, 0.6358533501625061),
INFO:flwr:	                     (37, 0.6358533501625061),
[92mINFO [0m:      	                     (38, 0.6362580060958862),
INFO:flwr:	                     (38, 0.6362580060958862),
[92mINFO [0m:      	                     (39, 0.6364495158195496),
INFO:flwr:	                     (39, 0.6364495158195496),
[92mINFO [0m:      	                     (40, 0.6367069482803345),
INFO:flwr:	                     (40, 0.6367069482803345),
[92mINFO [0m:      	                     (41, 0.6369005441665649),
INFO:flwr:	                     (41, 0.6369005441665649),
[92mINFO [0m:      	                     (42, 0.6366628408432007),
INFO:flwr:	                     (42, 0.6366628408432007),
[92mINFO [0m:      	                     (43, 0.6367089152336121),
INFO:flwr:	                     (43, 0.6367089152336121),
[92mINFO [0m:      	                     (44, 0.6367884278297424),
INFO:flwr:	                     (44, 0.6367884278297424),
[92mINFO [0m:      	                     (45, 0.6368941068649292),
INFO:flwr:	                     (45, 0.6368941068649292),
[92mINFO [0m:      	                     (46, 0.6366616487503052),
INFO:flwr:	                     (46, 0.6366616487503052),
[92mINFO [0m:      	                     (47, 0.6365289688110352),
INFO:flwr:	                     (47, 0.6365289688110352),
[92mINFO [0m:      	                     (48, 0.6366335153579712),
INFO:flwr:	                     (48, 0.6366335153579712),
[92mINFO [0m:      	                     (49, 0.6367127895355225),
INFO:flwr:	                     (49, 0.6367127895355225),
[92mINFO [0m:      	                     (50, 0.636769711971283)],
INFO:flwr:	                     (50, 0.636769711971283)],
[92mINFO [0m:      	 'min_reputation': [(1, 0.8999999761581421),
INFO:flwr:	 'min_reputation': [(1, 0.8999999761581421),
[92mINFO [0m:      	                    (2, 0.8100000023841858),
INFO:flwr:	                    (2, 0.8100000023841858),
[92mINFO [0m:      	                    (3, 0.7289999723434448),
INFO:flwr:	                    (3, 0.7289999723434448),
[92mINFO [0m:      	                    (4, 0.6560999751091003),
INFO:flwr:	                    (4, 0.6560999751091003),
[92mINFO [0m:      	                    (5, 0.5904899835586548),
INFO:flwr:	                    (5, 0.5904899835586548),
[92mINFO [0m:      	                    (6, 0.5314409732818604),
INFO:flwr:	                    (6, 0.5314409732818604),
[92mINFO [0m:      	                    (7, 0.4782969057559967),
INFO:flwr:	                    (7, 0.4782969057559967),
[92mINFO [0m:      	                    (8, 0.4304672181606293),
INFO:flwr:	                    (8, 0.4304672181606293),
[92mINFO [0m:      	                    (9, 0.3874204754829407),
INFO:flwr:	                    (9, 0.3874204754829407),
[92mINFO [0m:      	                    (10, 0.34867843985557556),
INFO:flwr:	                    (10, 0.34867843985557556),
[92mINFO [0m:      	                    (11, 0.3138105869293213),
INFO:flwr:	                    (11, 0.3138105869293213),
[92mINFO [0m:      	                    (12, 0.2824295461177826),
INFO:flwr:	                    (12, 0.2824295461177826),
[92mINFO [0m:      	                    (13, 0.25418657064437866),
INFO:flwr:	                    (13, 0.25418657064437866),
[92mINFO [0m:      	                    (14, 0.22876793146133423),
INFO:flwr:	                    (14, 0.22876793146133423),
[92mINFO [0m:      	                    (15, 0.20589113235473633),
INFO:flwr:	                    (15, 0.20589113235473633),
[92mINFO [0m:      	                    (16, 0.1853020191192627),
INFO:flwr:	                    (16, 0.1853020191192627),
[92mINFO [0m:      	                    (17, 0.1667718142271042),
INFO:flwr:	                    (17, 0.1667718142271042),
[92mINFO [0m:      	                    (18, 0.1500946283340454),
INFO:flwr:	                    (18, 0.1500946283340454),
[92mINFO [0m:      	                    (19, 0.13508516550064087),
INFO:flwr:	                    (19, 0.13508516550064087),
[92mINFO [0m:      	                    (20, 0.12157665193080902),
INFO:flwr:	                    (20, 0.12157665193080902),
[92mINFO [0m:      	                    (21, 0.10941898822784424),
INFO:flwr:	                    (21, 0.10941898822784424),
[92mINFO [0m:      	                    (22, 0.0984770879149437),
INFO:flwr:	                    (22, 0.0984770879149437),
[92mINFO [0m:      	                    (23, 0.08862937986850739),
INFO:flwr:	                    (23, 0.08862937986850739),
[92mINFO [0m:      	                    (24, 0.07976644486188889),
INFO:flwr:	                    (24, 0.07976644486188889),
[92mINFO [0m:      	                    (25, 0.07178980112075806),
INFO:flwr:	                    (25, 0.07178980112075806),
[92mINFO [0m:      	                    (26, 0.06461081653833389),
INFO:flwr:	                    (26, 0.06461081653833389),
[92mINFO [0m:      	                    (27, 0.05814973637461662),
INFO:flwr:	                    (27, 0.05814973637461662),
[92mINFO [0m:      	                    (28, 0.05233476310968399),
INFO:flwr:	                    (28, 0.05233476310968399),
[92mINFO [0m:      	                    (29, 0.04710128530859947),
INFO:flwr:	                    (29, 0.04710128530859947),
[92mINFO [0m:      	                    (30, 0.042391158640384674),
INFO:flwr:	                    (30, 0.042391158640384674),
[92mINFO [0m:      	                    (31, 0.03815204277634621),
INFO:flwr:	                    (31, 0.03815204277634621),
[92mINFO [0m:      	                    (32, 0.034336838871240616),
INFO:flwr:	                    (32, 0.034336838871240616),
[92mINFO [0m:      	                    (33, 0.030903154984116554),
INFO:flwr:	                    (33, 0.030903154984116554),
[92mINFO [0m:      	                    (34, 0.027812838554382324),
INFO:flwr:	                    (34, 0.027812838554382324),
[92mINFO [0m:      	                    (35, 0.02503155544400215),
INFO:flwr:	                    (35, 0.02503155544400215),
[92mINFO [0m:      	                    (36, 0.022528398782014847),
INFO:flwr:	                    (36, 0.022528398782014847),
[92mINFO [0m:      	                    (37, 0.020275559276342392),
INFO:flwr:	                    (37, 0.020275559276342392),
[92mINFO [0m:      	                    (38, 0.018248002976179123),
INFO:flwr:	                    (38, 0.018248002976179123),
[92mINFO [0m:      	                    (39, 0.01642320305109024),
INFO:flwr:	                    (39, 0.01642320305109024),
[92mINFO [0m:      	                    (40, 0.014780882745981216),
INFO:flwr:	                    (40, 0.014780882745981216),
[92mINFO [0m:      	                    (41, 0.01330279465764761),
INFO:flwr:	                    (41, 0.01330279465764761),
[92mINFO [0m:      	                    (42, 0.011972514912486076),
INFO:flwr:	                    (42, 0.011972514912486076),
[92mINFO [0m:      	                    (43, 0.010775263421237469),
INFO:flwr:	                    (43, 0.010775263421237469),
[92mINFO [0m:      	                    (44, 0.00969773717224598),
INFO:flwr:	                    (44, 0.00969773717224598),
[92mINFO [0m:      	                    (45, 0.008727964013814926),
INFO:flwr:	                    (45, 0.008727964013814926),
[92mINFO [0m:      	                    (46, 0.007855167612433434),
INFO:flwr:	                    (46, 0.007855167612433434),
[92mINFO [0m:      	                    (47, 0.007069650571793318),
INFO:flwr:	                    (47, 0.007069650571793318),
[92mINFO [0m:      	                    (48, 0.006362685468047857),
INFO:flwr:	                    (48, 0.006362685468047857),
[92mINFO [0m:      	                    (49, 0.005726417060941458),
INFO:flwr:	                    (49, 0.005726417060941458),
[92mINFO [0m:      	                    (50, 0.005153775215148926)],
INFO:flwr:	                    (50, 0.005153775215148926)],
[92mINFO [0m:      	 'server_round': [(1, 1),
INFO:flwr:	 'server_round': [(1, 1),
[92mINFO [0m:      	                  (2, 2),
INFO:flwr:	                  (2, 2),
[92mINFO [0m:      	                  (3, 3),
INFO:flwr:	                  (3, 3),
[92mINFO [0m:      	                  (4, 4),
INFO:flwr:	                  (4, 4),
[92mINFO [0m:      	                  (5, 5),
INFO:flwr:	                  (5, 5),
[92mINFO [0m:      	                  (6, 6),
INFO:flwr:	                  (6, 6),
[92mINFO [0m:      	                  (7, 7),
INFO:flwr:	                  (7, 7),
[92mINFO [0m:      	                  (8, 8),
INFO:flwr:	                  (8, 8),
[92mINFO [0m:      	                  (9, 9),
INFO:flwr:	                  (9, 9),
[92mINFO [0m:      	                  (10, 10),
INFO:flwr:	                  (10, 10),
[92mINFO [0m:      	                  (11, 11),
INFO:flwr:	                  (11, 11),
[92mINFO [0m:      	                  (12, 12),
INFO:flwr:	                  (12, 12),
[92mINFO [0m:      	                  (13, 13),
INFO:flwr:	                  (13, 13),
[92mINFO [0m:      	                  (14, 14),
INFO:flwr:	                  (14, 14),
[92mINFO [0m:      	                  (15, 15),
INFO:flwr:	                  (15, 15),
[92mINFO [0m:      	                  (16, 16),
INFO:flwr:	                  (16, 16),
[92mINFO [0m:      	                  (17, 17),
INFO:flwr:	                  (17, 17),
[92mINFO [0m:      	                  (18, 18),
INFO:flwr:	                  (18, 18),
[92mINFO [0m:      	                  (19, 19),
INFO:flwr:	                  (19, 19),
[92mINFO [0m:      	                  (20, 20),
INFO:flwr:	                  (20, 20),
[92mINFO [0m:      	                  (21, 21),
INFO:flwr:	                  (21, 21),
[92mINFO [0m:      	                  (22, 22),
INFO:flwr:	                  (22, 22),
[92mINFO [0m:      	                  (23, 23),
INFO:flwr:	                  (23, 23),
[92mINFO [0m:      	                  (24, 24),
INFO:flwr:	                  (24, 24),
[92mINFO [0m:      	                  (25, 25),
INFO:flwr:	                  (25, 25),
[92mINFO [0m:      	                  (26, 26),
INFO:flwr:	                  (26, 26),
[92mINFO [0m:      	                  (27, 27),
INFO:flwr:	                  (27, 27),
[92mINFO [0m:      	                  (28, 28),
INFO:flwr:	                  (28, 28),
[92mINFO [0m:      	                  (29, 29),
INFO:flwr:	                  (29, 29),
[92mINFO [0m:      	                  (30, 30),
INFO:flwr:	                  (30, 30),
[92mINFO [0m:      	                  (31, 31),
INFO:flwr:	                  (31, 31),
[92mINFO [0m:      	                  (32, 32),
INFO:flwr:	                  (32, 32),
[92mINFO [0m:      	                  (33, 33),
INFO:flwr:	                  (33, 33),
[92mINFO [0m:      	                  (34, 34),
INFO:flwr:	                  (34, 34),
[92mINFO [0m:      	                  (35, 35),
INFO:flwr:	                  (35, 35),
[92mINFO [0m:      	                  (36, 36),
INFO:flwr:	                  (36, 36),
[92mINFO [0m:      	                  (37, 37),
INFO:flwr:	                  (37, 37),
[92mINFO [0m:      	                  (38, 38),
INFO:flwr:	                  (38, 38),
[92mINFO [0m:      	                  (39, 39),
INFO:flwr:	                  (39, 39),
[92mINFO [0m:      	                  (40, 40),
INFO:flwr:	                  (40, 40),
[92mINFO [0m:      	                  (41, 41),
INFO:flwr:	                  (41, 41),
[92mINFO [0m:      	                  (42, 42),
INFO:flwr:	                  (42, 42),
[92mINFO [0m:      	                  (43, 43),
INFO:flwr:	                  (43, 43),
[92mINFO [0m:      	                  (44, 44),
INFO:flwr:	                  (44, 44),
[92mINFO [0m:      	                  (45, 45),
INFO:flwr:	                  (45, 45),
[92mINFO [0m:      	                  (46, 46),
INFO:flwr:	                  (46, 46),
[92mINFO [0m:      	                  (47, 47),
INFO:flwr:	                  (47, 47),
[92mINFO [0m:      	                  (48, 48),
INFO:flwr:	                  (48, 48),
[92mINFO [0m:      	                  (49, 49),
INFO:flwr:	                  (49, 49),
[92mINFO [0m:      	                  (50, 50)]}
INFO:flwr:	                  (50, 50)]}
[92mINFO [0m:      	History (metrics, distributed, evaluate):
INFO:flwr:	History (metrics, distributed, evaluate):
[92mINFO [0m:      	{'accuracy': [(1, 0.943),
INFO:flwr:	{'accuracy': [(1, 0.943),
[92mINFO [0m:      	              (2, 0.9565333333333333),
INFO:flwr:	              (2, 0.9565333333333333),
[92mINFO [0m:      	              (3, 0.9592),
INFO:flwr:	              (3, 0.9592),
[92mINFO [0m:      	              (4, 0.9607),
INFO:flwr:	              (4, 0.9607),
[92mINFO [0m:      	              (5, 0.9598),
INFO:flwr:	              (5, 0.9598),
[92mINFO [0m:      	              (6, 0.9621),
INFO:flwr:	              (6, 0.9621),
[92mINFO [0m:      	              (7, 0.9581333333333333),
INFO:flwr:	              (7, 0.9581333333333333),
[92mINFO [0m:      	              (8, 0.9620333333333333),
INFO:flwr:	              (8, 0.9620333333333333),
[92mINFO [0m:      	              (9, 0.9631333333333333),
INFO:flwr:	              (9, 0.9631333333333333),
[92mINFO [0m:      	              (10, 0.9655666666666667),
INFO:flwr:	              (10, 0.9655666666666667),
[92mINFO [0m:      	              (11, 0.9596333333333333),
INFO:flwr:	              (11, 0.9596333333333333),
[92mINFO [0m:      	              (12, 0.9607333333333333),
INFO:flwr:	              (12, 0.9607333333333333),
[92mINFO [0m:      	              (13, 0.9641),
INFO:flwr:	              (13, 0.9641),
[92mINFO [0m:      	              (14, 0.9626),
INFO:flwr:	              (14, 0.9626),
[92mINFO [0m:      	              (15, 0.9623666666666667),
INFO:flwr:	              (15, 0.9623666666666667),
[92mINFO [0m:      	              (16, 0.965),
INFO:flwr:	              (16, 0.965),
[92mINFO [0m:      	              (17, 0.9648333333333333),
INFO:flwr:	              (17, 0.9648333333333333),
[92mINFO [0m:      	              (18, 0.9620333333333333),
INFO:flwr:	              (18, 0.9620333333333333),
[92mINFO [0m:      	              (19, 0.965),
INFO:flwr:	              (19, 0.965),
[92mINFO [0m:      	              (20, 0.9607666666666667),
INFO:flwr:	              (20, 0.9607666666666667),
[92mINFO [0m:      	              (21, 0.9593666666666667),
INFO:flwr:	              (21, 0.9593666666666667),
[92mINFO [0m:      	              (22, 0.9660666666666666),
INFO:flwr:	              (22, 0.9660666666666666),
[92mINFO [0m:      	              (23, 0.9669333333333333),
INFO:flwr:	              (23, 0.9669333333333333),
[92mINFO [0m:      	              (24, 0.9669666666666666),
INFO:flwr:	              (24, 0.9669666666666666),
[92mINFO [0m:      	              (25, 0.9651),
INFO:flwr:	              (25, 0.9651),
[92mINFO [0m:      	              (26, 0.9664666666666667),
INFO:flwr:	              (26, 0.9664666666666667),
[92mINFO [0m:      	              (27, 0.9678),
INFO:flwr:	              (27, 0.9678),
[92mINFO [0m:      	              (28, 0.9679666666666666),
INFO:flwr:	              (28, 0.9679666666666666),
[92mINFO [0m:      	              (29, 0.9695333333333334),
INFO:flwr:	              (29, 0.9695333333333334),
[92mINFO [0m:      	              (30, 0.9687333333333333),
INFO:flwr:	              (30, 0.9687333333333333),
[92mINFO [0m:      	              (31, 0.9684),
INFO:flwr:	              (31, 0.9684),
[92mINFO [0m:      	              (32, 0.9691666666666666),
INFO:flwr:	              (32, 0.9691666666666666),
[92mINFO [0m:      	              (33, 0.9678666666666667),
INFO:flwr:	              (33, 0.9678666666666667),
[92mINFO [0m:      	              (34, 0.9670333333333333),
INFO:flwr:	              (34, 0.9670333333333333),
[92mINFO [0m:      	              (35, 0.9727),
INFO:flwr:	              (35, 0.9727),
[92mINFO [0m:      	              (36, 0.9707666666666667),
INFO:flwr:	              (36, 0.9707666666666667),
[92mINFO [0m:      	              (37, 0.9713333333333334),
INFO:flwr:	              (37, 0.9713333333333334),
[92mINFO [0m:      	              (38, 0.9710333333333333),
INFO:flwr:	              (38, 0.9710333333333333),
[92mINFO [0m:      	              (39, 0.9717),
INFO:flwr:	              (39, 0.9717),
[92mINFO [0m:      	              (40, 0.9716333333333333),
INFO:flwr:	              (40, 0.9716333333333333),
[92mINFO [0m:      	              (41, 0.9714333333333334),
INFO:flwr:	              (41, 0.9714333333333334),
[92mINFO [0m:      	              (42, 0.9715333333333334),
INFO:flwr:	              (42, 0.9715333333333334),
[92mINFO [0m:      	              (43, 0.9709666666666666),
INFO:flwr:	              (43, 0.9709666666666666),
[92mINFO [0m:      	              (44, 0.9709),
INFO:flwr:	              (44, 0.9709),
[92mINFO [0m:      	              (45, 0.9720333333333333),
INFO:flwr:	              (45, 0.9720333333333333),
[92mINFO [0m:      	              (46, 0.9697666666666667),
INFO:flwr:	              (46, 0.9697666666666667),
[92mINFO [0m:      	              (47, 0.9718),
INFO:flwr:	              (47, 0.9718),
[92mINFO [0m:      	              (48, 0.9713666666666667),
INFO:flwr:	              (48, 0.9713666666666667),
[92mINFO [0m:      	              (49, 0.9722),
INFO:flwr:	              (49, 0.9722),
[92mINFO [0m:      	              (50, 0.9717666666666667)],
INFO:flwr:	              (50, 0.9717666666666667)],
[92mINFO [0m:      	 'auc': [(1, 0.8982390374331553),
INFO:flwr:	 'auc': [(1, 0.8982390374331553),
[92mINFO [0m:      	         (2, 0.913025888644228),
INFO:flwr:	         (2, 0.913025888644228),
[92mINFO [0m:      	         (3, 0.9156603019817554),
INFO:flwr:	         (3, 0.9156603019817554),
[92mINFO [0m:      	         (4, 0.9161358288770053),
INFO:flwr:	         (4, 0.9161358288770053),
[92mINFO [0m:      	         (5, 0.9120885184020132),
INFO:flwr:	         (5, 0.9120885184020132),
[92mINFO [0m:      	         (6, 0.9127917741428122),
INFO:flwr:	         (6, 0.9127917741428122),
[92mINFO [0m:      	         (7, 0.9094911921988046),
INFO:flwr:	         (7, 0.9094911921988046),
[92mINFO [0m:      	         (8, 0.909025636992765),
INFO:flwr:	         (8, 0.909025636992765),
[92mINFO [0m:      	         (9, 0.9099481597986788),
INFO:flwr:	         (9, 0.9099481597986788),
[92mINFO [0m:      	         (10, 0.8937507392261719),
INFO:flwr:	         (10, 0.8937507392261719),
[92mINFO [0m:      	         (11, 0.9017651305441962),
INFO:flwr:	         (11, 0.9017651305441962),
[92mINFO [0m:      	         (12, 0.9013741113557723),
INFO:flwr:	         (12, 0.9013741113557723),
[92mINFO [0m:      	         (13, 0.893469015413652),
INFO:flwr:	         (13, 0.893469015413652),
[92mINFO [0m:      	         (14, 0.9022106637307328),
INFO:flwr:	         (14, 0.9022106637307328),
[92mINFO [0m:      	         (15, 0.9014579112928596),
INFO:flwr:	         (15, 0.9014579112928596),
[92mINFO [0m:      	         (16, 0.8913665618118906),
INFO:flwr:	         (16, 0.8913665618118906),
[92mINFO [0m:      	         (17, 0.8949335640138407),
INFO:flwr:	         (17, 0.8949335640138407),
[92mINFO [0m:      	         (18, 0.8937309216734821),
INFO:flwr:	         (18, 0.8937309216734821),
[92mINFO [0m:      	         (19, 0.8915481283422461),
INFO:flwr:	         (19, 0.8915481283422461),
[92mINFO [0m:      	         (20, 0.8933921673482226),
INFO:flwr:	         (20, 0.8933921673482226),
[92mINFO [0m:      	         (21, 0.9030377477194086),
INFO:flwr:	         (21, 0.9030377477194086),
[92mINFO [0m:      	         (22, 0.8915382510223343),
INFO:flwr:	         (22, 0.8915382510223343),
[92mINFO [0m:      	         (23, 0.8912267536961309),
INFO:flwr:	         (23, 0.8912267536961309),
[92mINFO [0m:      	         (24, 0.892115570934256),
INFO:flwr:	         (24, 0.892115570934256),
[92mINFO [0m:      	         (25, 0.8962062126454861),
INFO:flwr:	         (25, 0.8962062126454861),
[92mINFO [0m:      	         (26, 0.8940205095942121),
INFO:flwr:	         (26, 0.8940205095942121),
[92mINFO [0m:      	         (27, 0.8854496854356715),
INFO:flwr:	         (27, 0.8854496854356715),
[92mINFO [0m:      	         (28, 0.886145171437559),
INFO:flwr:	         (28, 0.886145171437559),
[92mINFO [0m:      	         (29, 0.8871964454230892),
INFO:flwr:	         (29, 0.8871964454230892),
[92mINFO [0m:      	         (30, 0.8950977351368354),
INFO:flwr:	         (30, 0.8950977351368354),
[92mINFO [0m:      	         (31, 0.8898885970430955),
INFO:flwr:	         (31, 0.8898885970430955),
[92mINFO [0m:      	         (32, 0.8951985215476567),
INFO:flwr:	         (32, 0.8951985215476567),
[92mINFO [0m:      	         (33, 0.8861100503302924),
INFO:flwr:	         (33, 0.8861100503302924),
[92mINFO [0m:      	         (34, 0.892269125511167),
INFO:flwr:	         (34, 0.892269125511167),
[92mINFO [0m:      	         (35, 0.8842181031770996),
INFO:flwr:	         (35, 0.8842181031770996),
[92mINFO [0m:      	         (36, 0.8931474834853727),
INFO:flwr:	         (36, 0.8931474834853727),
[92mINFO [0m:      	         (37, 0.8772878892733562),
INFO:flwr:	         (37, 0.8772878892733562),
[92mINFO [0m:      	         (38, 0.8822688738597044),
INFO:flwr:	         (38, 0.8822688738597044),
[92mINFO [0m:      	         (39, 0.8883109782950613),
INFO:flwr:	         (39, 0.8883109782950613),
[92mINFO [0m:      	         (40, 0.8846745674740484),
INFO:flwr:	         (40, 0.8846745674740484),
[92mINFO [0m:      	         (41, 0.8762767694243473),
INFO:flwr:	         (41, 0.8762767694243473),
[92mINFO [0m:      	         (42, 0.8931427178357976),
INFO:flwr:	         (42, 0.8931427178357976),
[92mINFO [0m:      	         (43, 0.8807899968543568),
INFO:flwr:	         (43, 0.8807899968543568),
[92mINFO [0m:      	         (44, 0.8978877949040579),
INFO:flwr:	         (44, 0.8978877949040579),
[92mINFO [0m:      	         (45, 0.8947809688581315),
INFO:flwr:	         (45, 0.8947809688581315),
[92mINFO [0m:      	         (46, 0.8909575023592325),
INFO:flwr:	         (46, 0.8909575023592325),
[92mINFO [0m:      	         (47, 0.886891726958163),
INFO:flwr:	         (47, 0.886891726958163),
[92mINFO [0m:      	         (48, 0.889182069833281),
INFO:flwr:	         (48, 0.889182069833281),
[92mINFO [0m:      	         (49, 0.8801993865995597),
INFO:flwr:	         (49, 0.8801993865995597),
[92mINFO [0m:      	         (50, 0.8763736709657125)],
INFO:flwr:	         (50, 0.8763736709657125)],
[92mINFO [0m:      	 'f1': [(1, 0.4483870967741935),
INFO:flwr:	 'f1': [(1, 0.4483870967741935),
[92mINFO [0m:      	        (2, 0.5116104868913857),
INFO:flwr:	        (2, 0.5116104868913857),
[92mINFO [0m:      	        (3, 0.5263157894736842),
INFO:flwr:	        (3, 0.5263157894736842),
[92mINFO [0m:      	        (4, 0.5334388603086664),
INFO:flwr:	        (4, 0.5334388603086664),
[92mINFO [0m:      	        (5, 0.531832298136646),
INFO:flwr:	        (5, 0.531832298136646),
[92mINFO [0m:      	        (6, 0.5453818472610955),
INFO:flwr:	        (6, 0.5453818472610955),
[92mINFO [0m:      	        (7, 0.5235204855842185),
INFO:flwr:	        (7, 0.5235204855842185),
[92mINFO [0m:      	        (8, 0.5445821671331468),
INFO:flwr:	        (8, 0.5445821671331468),
[92mINFO [0m:      	        (9, 0.550040683482506),
INFO:flwr:	        (9, 0.550040683482506),
[92mINFO [0m:      	        (10, 0.5494984736153511),
INFO:flwr:	        (10, 0.5494984736153511),
[92mINFO [0m:      	        (11, 0.5252842022736182),
INFO:flwr:	        (11, 0.5252842022736182),
[92mINFO [0m:      	        (12, 0.5306772908366534),
INFO:flwr:	        (12, 0.5306772908366534),
[92mINFO [0m:      	        (13, 0.5367741935483871),
INFO:flwr:	        (13, 0.5367741935483871),
[92mINFO [0m:      	        (14, 0.5409165302782324),
INFO:flwr:	        (14, 0.5409165302782324),
[92mINFO [0m:      	        (15, 0.540122199592668),
INFO:flwr:	        (15, 0.540122199592668),
[92mINFO [0m:      	        (16, 0.5422842197035745),
INFO:flwr:	        (16, 0.5422842197035745),
[92mINFO [0m:      	        (17, 0.5434876676763306),
INFO:flwr:	        (17, 0.5434876676763306),
[92mINFO [0m:      	        (18, 0.5275819162173372),
INFO:flwr:	        (18, 0.5275819162173372),
[92mINFO [0m:      	        (19, 0.5458477508650519),
INFO:flwr:	        (19, 0.5458477508650519),
[92mINFO [0m:      	        (20, 0.5221274868047097),
INFO:flwr:	        (20, 0.5221274868047097),
[92mINFO [0m:      	        (21, 0.523642047674873),
INFO:flwr:	        (21, 0.523642047674873),
[92mINFO [0m:      	        (22, 0.5443151298119964),
INFO:flwr:	        (22, 0.5443151298119964),
[92mINFO [0m:      	        (23, 0.5482695810564663),
INFO:flwr:	        (23, 0.5482695810564663),
[92mINFO [0m:      	        (24, 0.5505668934240364),
INFO:flwr:	        (24, 0.5505668934240364),
[92mINFO [0m:      	        (25, 0.5381561535068372),
INFO:flwr:	        (25, 0.5381561535068372),
[92mINFO [0m:      	        (26, 0.5397987191216834),
INFO:flwr:	        (26, 0.5397987191216834),
[92mINFO [0m:      	        (27, 0.5417457305502846),
INFO:flwr:	        (27, 0.5417457305502846),
[92mINFO [0m:      	        (28, 0.5477647058823529),
INFO:flwr:	        (28, 0.5477647058823529),
[92mINFO [0m:      	        (29, 0.5558794946550049),
INFO:flwr:	        (29, 0.5558794946550049),
[92mINFO [0m:      	        (30, 0.5579641847313856),
INFO:flwr:	        (30, 0.5579641847313856),
[92mINFO [0m:      	        (31, 0.5498575498575499),
INFO:flwr:	        (31, 0.5498575498575499),
[92mINFO [0m:      	        (32, 0.5634733364794714),
INFO:flwr:	        (32, 0.5634733364794714),
[92mINFO [0m:      	        (33, 0.549532710280374),
INFO:flwr:	        (33, 0.549532710280374),
[92mINFO [0m:      	        (34, 0.5473684210526316),
INFO:flwr:	        (34, 0.5473684210526316),
[92mINFO [0m:      	        (35, 0.5767441860465118),
INFO:flwr:	        (35, 0.5767441860465118),
[92mINFO [0m:      	        (36, 0.5719863347974622),
INFO:flwr:	        (36, 0.5719863347974622),
[92mINFO [0m:      	        (37, 0.5506792058516197),
INFO:flwr:	        (37, 0.5506792058516197),
[92mINFO [0m:      	        (38, 0.5545873910814966),
INFO:flwr:	        (38, 0.5545873910814966),
[92mINFO [0m:      	        (39, 0.558961038961039),
INFO:flwr:	        (39, 0.558961038961039),
[92mINFO [0m:      	        (40, 0.55883877656817),
INFO:flwr:	        (40, 0.55883877656817),
[92mINFO [0m:      	        (41, 0.5552672548002077),
INFO:flwr:	        (41, 0.5552672548002077),
[92mINFO [0m:      	        (42, 0.5579710144927535),
INFO:flwr:	        (42, 0.5579710144927535),
[92mINFO [0m:      	        (43, 0.5489383738995339),
INFO:flwr:	        (43, 0.5489383738995339),
[92mINFO [0m:      	        (44, 0.5658876181004476),
INFO:flwr:	        (44, 0.5658876181004476),
[92mINFO [0m:      	        (45, 0.5677485832045338),
INFO:flwr:	        (45, 0.5677485832045338),
[92mINFO [0m:      	        (46, 0.5542997542997543),
INFO:flwr:	        (46, 0.5542997542997543),
[92mINFO [0m:      	        (47, 0.5547368421052632),
INFO:flwr:	        (47, 0.5547368421052632),
[92mINFO [0m:      	        (48, 0.5592611595690097),
INFO:flwr:	        (48, 0.5592611595690097),
[92mINFO [0m:      	        (49, 0.5540106951871658),
INFO:flwr:	        (49, 0.5540106951871658),
[92mINFO [0m:      	        (50, 0.5414185165132647)],
INFO:flwr:	        (50, 0.5414185165132647)],
[92mINFO [0m:      	 'precision': [(1, 0.3475),
INFO:flwr:	 'precision': [(1, 0.3475),
[92mINFO [0m:      	               (2, 0.4350318471337579),
INFO:flwr:	               (2, 0.4350318471337579),
[92mINFO [0m:      	               (3, 0.45822102425876016),
INFO:flwr:	               (3, 0.45822102425876016),
[92mINFO [0m:      	               (4, 0.47231955150665733),
INFO:flwr:	               (4, 0.47231955150665733),
[92mINFO [0m:      	               (5, 0.4640921409214092),
INFO:flwr:	               (5, 0.4640921409214092),
[92mINFO [0m:      	               (6, 0.48679514632405424),
INFO:flwr:	               (6, 0.48679514632405424),
[92mINFO [0m:      	               (7, 0.44921875),
INFO:flwr:	               (7, 0.44921875),
[92mINFO [0m:      	               (8, 0.4860813704496788),
INFO:flwr:	               (8, 0.4860813704496788),
[92mINFO [0m:      	               (9, 0.49779086892488955),
INFO:flwr:	               (9, 0.49779086892488955),
[92mINFO [0m:      	               (10, 0.5280804694048616),
INFO:flwr:	               (10, 0.5280804694048616),
[92mINFO [0m:      	               (11, 0.461750516884907),
INFO:flwr:	               (11, 0.461750516884907),
[92mINFO [0m:      	               (12, 0.4723404255319149),
INFO:flwr:	               (12, 0.4723404255319149),
[92mINFO [0m:      	               (13, 0.5093877551020408),
INFO:flwr:	               (13, 0.5093877551020408),
[92mINFO [0m:      	               (14, 0.4918154761904761),
INFO:flwr:	               (14, 0.4918154761904761),
[92mINFO [0m:      	               (15, 0.48929889298892987),
INFO:flwr:	               (15, 0.48929889298892987),
[92mINFO [0m:      	               (16, 0.5209380234505863),
INFO:flwr:	               (16, 0.5209380234505863),
[92mINFO [0m:      	               (17, 0.518579686209744),
INFO:flwr:	               (17, 0.518579686209744),
[92mINFO [0m:      	               (18, 0.48512585812356984),
INFO:flwr:	               (18, 0.48512585812356984),
[92mINFO [0m:      	               (19, 0.5206270627062708),
INFO:flwr:	               (19, 0.5206270627062708),
[92mINFO [0m:      	               (20, 0.47175348495964786),
INFO:flwr:	               (20, 0.47175348495964786),
[92mINFO [0m:      	               (21, 0.45921864290610015),
INFO:flwr:	               (21, 0.45921864290610015),
[92mINFO [0m:      	               (22, 0.5361552028218695),
INFO:flwr:	               (22, 0.5361552028218695),
[92mINFO [0m:      	               (23, 0.5492700729927007),
INFO:flwr:	               (23, 0.5492700729927007),
[92mINFO [0m:      	               (24, 0.549321266968326),
INFO:flwr:	               (24, 0.549321266968326),
[92mINFO [0m:      	               (25, 0.5227077977720651),
INFO:flwr:	               (25, 0.5227077977720651),
[92mINFO [0m:      	               (26, 0.5432780847145487),
INFO:flwr:	               (26, 0.5432780847145487),
[92mINFO [0m:      	               (27, 0.566468253968254),
INFO:flwr:	               (27, 0.566468253968254),
[92mINFO [0m:      	               (28, 0.5678048780487803),
INFO:flwr:	               (28, 0.5678048780487803),
[92mINFO [0m:      	               (29, 0.5970772442588728),
INFO:flwr:	               (29, 0.5970772442588728),
[92mINFO [0m:      	               (30, 0.5792563600782779),
INFO:flwr:	               (30, 0.5792563600782779),
[92mINFO [0m:      	               (31, 0.5755467196819085),
INFO:flwr:	               (31, 0.5755467196819085),
[92mINFO [0m:      	               (32, 0.5858684985279686),
INFO:flwr:	               (32, 0.5858684985279686),
[92mINFO [0m:      	               (33, 0.5653846153846154),
INFO:flwr:	               (33, 0.5653846153846154),
[92mINFO [0m:      	               (34, 0.5511520737327189),
INFO:flwr:	               (34, 0.5511520737327189),
[92mINFO [0m:      	               (35, 0.6682634730538922),
INFO:flwr:	               (35, 0.6682634730538922),
[92mINFO [0m:      	               (36, 0.6174920969441517),
INFO:flwr:	               (36, 0.6174920969441517),
[92mINFO [0m:      	               (37, 0.6474201474201473),
INFO:flwr:	               (37, 0.6474201474201473),
[92mINFO [0m:      	               (38, 0.63572267920094),
INFO:flwr:	               (38, 0.63572267920094),
[92mINFO [0m:      	               (39, 0.6521212121212121),
INFO:flwr:	               (39, 0.6521212121212121),
[92mINFO [0m:      	               (40, 0.6501809408926419),
INFO:flwr:	               (40, 0.6501809408926419),
[92mINFO [0m:      	               (41, 0.6469165659008465),
INFO:flwr:	               (41, 0.6469165659008465),
[92mINFO [0m:      	               (42, 0.6478365384615384),
INFO:flwr:	               (42, 0.6478365384615384),
[92mINFO [0m:      	               (43, 0.6377858002406739),
INFO:flwr:	               (43, 0.6377858002406739),
[92mINFO [0m:      	               (44, 0.6245883644346871),
INFO:flwr:	               (44, 0.6245883644346871),
[92mINFO [0m:      	               (45, 0.6551724137931034),
INFO:flwr:	               (45, 0.6551724137931034),
[92mINFO [0m:      	               (46, 0.6032085561497326),
INFO:flwr:	               (46, 0.6032085561497326),
[92mINFO [0m:      	               (47, 0.65875),
INFO:flwr:	               (47, 0.65875),
[92mINFO [0m:      	               (48, 0.6419316843345112),
INFO:flwr:	               (48, 0.6419316843345112),
[92mINFO [0m:      	               (49, 0.6727272727272726),
INFO:flwr:	               (49, 0.6727272727272726),
[92mINFO [0m:      	               (50, 0.6693440428380187)],
INFO:flwr:	               (50, 0.6693440428380187)],
[92mINFO [0m:      	 'recall': [(1, 0.6318181818181818),
INFO:flwr:	 'recall': [(1, 0.6318181818181818),
[92mINFO [0m:      	            (2, 0.6209090909090907),
INFO:flwr:	            (2, 0.6209090909090907),
[92mINFO [0m:      	            (3, 0.6181818181818182),
INFO:flwr:	            (3, 0.6181818181818182),
[92mINFO [0m:      	            (4, 0.6127272727272727),
INFO:flwr:	            (4, 0.6127272727272727),
[92mINFO [0m:      	            (5, 0.6227272727272727),
INFO:flwr:	            (5, 0.6227272727272727),
[92mINFO [0m:      	            (6, 0.62),
INFO:flwr:	            (6, 0.62),
[92mINFO [0m:      	            (7, 0.6272727272727273),
INFO:flwr:	            (7, 0.6272727272727273),
[92mINFO [0m:      	            (8, 0.6190909090909092),
INFO:flwr:	            (8, 0.6190909090909092),
[92mINFO [0m:      	            (9, 0.6145454545454545),
INFO:flwr:	            (9, 0.6145454545454545),
[92mINFO [0m:      	            (10, 0.5727272727272728),
INFO:flwr:	            (10, 0.5727272727272728),
[92mINFO [0m:      	            (11, 0.609090909090909),
INFO:flwr:	            (11, 0.609090909090909),
[92mINFO [0m:      	            (12, 0.6054545454545455),
INFO:flwr:	            (12, 0.6054545454545455),
[92mINFO [0m:      	            (13, 0.5672727272727273),
INFO:flwr:	            (13, 0.5672727272727273),
[92mINFO [0m:      	            (14, 0.600909090909091),
INFO:flwr:	            (14, 0.600909090909091),
[92mINFO [0m:      	            (15, 0.6027272727272728),
INFO:flwr:	            (15, 0.6027272727272728),
[92mINFO [0m:      	            (16, 0.5654545454545455),
INFO:flwr:	            (16, 0.5654545454545455),
[92mINFO [0m:      	            (17, 0.570909090909091),
INFO:flwr:	            (17, 0.570909090909091),
[92mINFO [0m:      	            (18, 0.5781818181818181),
INFO:flwr:	            (18, 0.5781818181818181),
[92mINFO [0m:      	            (19, 0.5736363636363636),
INFO:flwr:	            (19, 0.5736363636363636),
[92mINFO [0m:      	            (20, 0.5845454545454545),
INFO:flwr:	            (20, 0.5845454545454545),
[92mINFO [0m:      	            (21, 0.609090909090909),
INFO:flwr:	            (21, 0.609090909090909),
[92mINFO [0m:      	            (22, 0.5527272727272727),
INFO:flwr:	            (22, 0.5527272727272727),
[92mINFO [0m:      	            (23, 0.5472727272727272),
INFO:flwr:	            (23, 0.5472727272727272),
[92mINFO [0m:      	            (24, 0.5518181818181818),
INFO:flwr:	            (24, 0.5518181818181818),
[92mINFO [0m:      	            (25, 0.5545454545454546),
INFO:flwr:	            (25, 0.5545454545454546),
[92mINFO [0m:      	            (26, 0.5363636363636364),
INFO:flwr:	            (26, 0.5363636363636364),
[92mINFO [0m:      	            (27, 0.519090909090909),
INFO:flwr:	            (27, 0.519090909090909),
[92mINFO [0m:      	            (28, 0.5290909090909091),
INFO:flwr:	            (28, 0.5290909090909091),
[92mINFO [0m:      	            (29, 0.52),
INFO:flwr:	            (29, 0.52),
[92mINFO [0m:      	            (30, 0.5381818181818182),
INFO:flwr:	            (30, 0.5381818181818182),
[92mINFO [0m:      	            (31, 0.5263636363636364),
INFO:flwr:	            (31, 0.5263636363636364),
[92mINFO [0m:      	            (32, 0.5427272727272727),
INFO:flwr:	            (32, 0.5427272727272727),
[92mINFO [0m:      	            (33, 0.5345454545454545),
INFO:flwr:	            (33, 0.5345454545454545),
[92mINFO [0m:      	            (34, 0.5436363636363636),
INFO:flwr:	            (34, 0.5436363636363636),
[92mINFO [0m:      	            (35, 0.5072727272727273),
INFO:flwr:	            (35, 0.5072727272727273),
[92mINFO [0m:      	            (36, 0.5327272727272727),
INFO:flwr:	            (36, 0.5327272727272727),
[92mINFO [0m:      	            (37, 0.479090909090909),
INFO:flwr:	            (37, 0.479090909090909),
[92mINFO [0m:      	            (38, 0.49181818181818177),
INFO:flwr:	            (38, 0.49181818181818177),
[92mINFO [0m:      	            (39, 0.489090909090909),
INFO:flwr:	            (39, 0.489090909090909),
[92mINFO [0m:      	            (40, 0.49),
INFO:flwr:	            (40, 0.49),
[92mINFO [0m:      	            (41, 0.4863636363636364),
INFO:flwr:	            (41, 0.4863636363636364),
[92mINFO [0m:      	            (42, 0.49),
INFO:flwr:	            (42, 0.49),
[92mINFO [0m:      	            (43, 0.48181818181818176),
INFO:flwr:	            (43, 0.48181818181818176),
[92mINFO [0m:      	            (44, 0.5172727272727272),
INFO:flwr:	            (44, 0.5172727272727272),
[92mINFO [0m:      	            (45, 0.5009090909090909),
INFO:flwr:	            (45, 0.5009090909090909),
[92mINFO [0m:      	            (46, 0.5127272727272727),
INFO:flwr:	            (46, 0.5127272727272727),
[92mINFO [0m:      	            (47, 0.479090909090909),
INFO:flwr:	            (47, 0.479090909090909),
[92mINFO [0m:      	            (48, 0.4954545454545455),
INFO:flwr:	            (48, 0.4954545454545455),
[92mINFO [0m:      	            (49, 0.4709090909090909),
INFO:flwr:	            (49, 0.4709090909090909),
[92mINFO [0m:      	            (50, 0.45454545454545453)]}
INFO:flwr:	            (50, 0.45454545454545453)]}
[92mINFO [0m:      
INFO:flwr:

Training complete in 642.5s (12.9s/round)

[Ray cleanup] Shutting down Ray...
[36m(ClientAppActor pid=55815)[0m [Client 6] Training on NVIDIA GeForce RTX 3060[32m [repeated 3x across cluster][0m
[36m(ClientAppActor pid=55815)[0m [93mWARNING [0m:   DEPRECATED FEATURE: `client_fn` now expects a signature `def client_fn(context: Context)`.The provided `client_fn` has signature: {'cid': <Parameter "cid: str">}. You can import the `Context` like this: `from flwr.app import Context`[32m [repeated 11x across cluster][0m
[36m(ClientAppActor pid=55815)[0m             This is a deprecated feature. It will be removed[32m [repeated 11x across cluster][0m
[36m(ClientAppActor pid=55815)[0m             entirely in future versions of Flower.[32m [repeated 11x across cluster][0m
[Ray cleanup] Ray shutdown complete.
Metrics saved to: ./results/seed_45/Ablation_NoL3_ModelReplace20pct.json
Model checkpoint saved to: ./results/seed_45/models/Ablation_NoL3_ModelReplace20pct.pt
