
==============================================================================
EXPERIMENT: Ablation_NoL1_SignFlip20pct
SEED:       48
STARTED:    2026-09-15T08:19:34+00:00
TIMEOUT:    180.0 min
COMMAND:
/app/.venv/bin/python train.py --num-clients 10 --num-rounds 50 --nrows 150000 --batch-size 512 --epochs-per-round 10 --results-dir ./results/seed_48 --save-model ./results/seed_48/models/Ablation_NoL1_SignFlip20pct.pt --seed 48 --run-label Ablation_NoL1_SignFlip20pct --disable-layer1 --num-adversaries 2 --attack-type sign_flip
==============================================================================
Device: cuda
  GPU: NVIDIA GeForce RTX 3060
  VRAM: 12.9 GB

Loading data from: ./data/raw
/app/.venv/lib/python3.14/site-packages/numpy/lib/_function_base_impl.py:3036: RuntimeWarning: invalid value encountered in divide
  c /= stddev[:, None]
/app/.venv/lib/python3.14/site-packages/numpy/lib/_function_base_impl.py:3037: RuntimeWarning: invalid value encountered in divide
  c /= stddev[None, :]
/app/data/loader.py:132: PerformanceWarning: DataFrame is highly fragmented.  This is usually the result of calling `frame.insert` many times, which has poor performance.  Consider joining all columns at once using pd.concat(axis=1) instead. To get a de-fragmented frame, use `newframe = frame.copy()`
  X_df["uid_fraud_mean"] = y_series.groupby(by=uid_series).transform("mean").values
/app/data/loader.py:133: PerformanceWarning: DataFrame is highly fragmented.  This is usually the result of calling `frame.insert` many times, which has poor performance.  Consider joining all columns at once using pd.concat(axis=1) instead. To get a de-fragmented frame, use `newframe = frame.copy()`
  X_df["uid_count"]      = uid_series.groupby(by=uid_series).transform("count").astype(np.float32).values
/app/data/loader.py:134: PerformanceWarning: DataFrame is highly fragmented.  This is usually the result of calling `frame.insert` many times, which has poor performance.  Consider joining all columns at once using pd.concat(axis=1) instead. To get a de-fragmented frame, use `newframe = frame.copy()`
  X_df["uid_amt_mean"]   = amt_series.groupby(by=uid_series).transform("mean").astype(np.float32).values
/app/data/loader.py:135: PerformanceWarning: DataFrame is highly fragmented.  This is usually the result of calling `frame.insert` many times, which has poor performance.  Consider joining all columns at once using pd.concat(axis=1) instead. To get a de-fragmented frame, use `newframe = frame.copy()`
  X_df["uid_amt_std"]    = amt_series.groupby(by=uid_series).transform("std").fillna(0).astype(np.float32).values
/app/data/loader.py:142: PerformanceWarning: DataFrame is highly fragmented.  This is usually the result of calling `frame.insert` many times, which has poor performance.  Consider joining all columns at once using pd.concat(axis=1) instead. To get a de-fragmented frame, use `newframe = frame.copy()`
  X_df["log_TransactionAmt"] = np.log1p(
/app/data/loader.py:147: PerformanceWarning: DataFrame is highly fragmented.  This is usually the result of calling `frame.insert` many times, which has poor performance.  Consider joining all columns at once using pd.concat(axis=1) instead. To get a de-fragmented frame, use `newframe = frame.copy()`
  X_df["amt_uid_ratio"] = (
  Train samples: 120000
  Test samples:  30000
  Input dim: 122
Strategy: CascadeRouter

Starting FL simulation:
  Clients:      10
  Rounds:       50
  Adversaries:  2
  Attack:       sign_flip
[93mWARNING [0m:   DEPRECATED FEATURE: flwr.simulation.start_simulation() is deprecated.
	Instead, use the `flwr run` CLI command to start a local simulation in your Flower app, as shown for example below:

		$ flwr new  # Create a new Flower app from a template

		$ flwr run  # Run the Flower app in Simulation Mode

	Using `start_simulation()` is deprecated.

            This is a deprecated feature. It will be removed
            entirely in future versions of Flower.
        
[92mINFO [0m:      Starting Flower simulation, config: num_rounds=50, no round_timeout
2026-09-15 08:19:54,029	INFO worker.py:2024 -- Started a local Ray instance.
[92mINFO [0m:      Flower VCE: Ray initialized with resources: {'memory': 4799033344.0, 'GPU': 1.0, 'accelerator_type:GeForce-RTX-3060': 1.0, 'object_store_memory': 2056728576.0, 'node:172.18.0.2': 1.0, 'node:__internal_head__': 1.0, 'CPU': 20.0}
[92mINFO [0m:      Optimize your simulation with Flower VCE: https://flower.ai/docs/framework/how-to-run-simulations.html
[92mINFO [0m:      Flower VCE: Resources for each Virtual Client: {'num_cpus': 10, 'num_gpus': 0.5}
[92mINFO [0m:      Flower VCE: Creating VirtualClientEngineActorPool with 2 actors
[92mINFO [0m:      [INIT]
[92mINFO [0m:      Requesting initial parameters from one random client
[36m(ClientAppActor pid=16522)[0m [93mWARNING [0m:   DEPRECATED FEATURE: `client_fn` now expects a signature `def client_fn(context: Context)`.The provided `client_fn` has signature: {'cid': <Parameter "cid: str">}. You can import the `Context` like this: `from flwr.app import Context`
[36m(ClientAppActor pid=16522)[0m 
[36m(ClientAppActor pid=16522)[0m             This is a deprecated feature. It will be removed
[36m(ClientAppActor pid=16522)[0m             entirely in future versions of Flower.
[36m(ClientAppActor pid=16522)[0m         
[92mINFO [0m:      Received initial parameters from one random client
[92mINFO [0m:      Starting evaluation of initial global parameters
[92mINFO [0m:      Evaluation returned no results (`None`)
[92mINFO [0m:      
[92mINFO [0m:      [ROUND 1]
[92mINFO [0m:      configure_fit: strategy sampled 10 clients (out of 10)
[36m(ClientAppActor pid=16522)[0m [Client 8] Training on NVIDIA GeForce RTX 3060
[36m(ClientAppActor pid=16522)[0m [93mWARNING [0m:   DEPRECATED FEATURE: `client_fn` now expects a signature `def client_fn(context: Context)`.The provided `client_fn` has signature: {'cid': <Parameter "cid: str">}. You can import the `Context` like this: `from flwr.app import Context`
[36m(ClientAppActor pid=16522)[0m 
[36m(ClientAppActor pid=16522)[0m             This is a deprecated feature. It will be removed
[36m(ClientAppActor pid=16522)[0m             entirely in future versions of Flower.
[36m(ClientAppActor pid=16522)[0m         
[36m(ClientAppActor pid=16519)[0m 
[36m(ClientAppActor pid=16519)[0m         
[36m(ClientAppActor pid=16522)[0m 
[36m(ClientAppActor pid=16522)[0m         
[36m(ClientAppActor pid=16522)[0m 
[36m(ClientAppActor pid=16522)[0m         
[36m(ClientAppActor pid=16522)[0m 
[36m(ClientAppActor pid=16522)[0m         
[36m(ClientAppActor pid=16522)[0m [93mWARNING [0m:   DEPRECATED FEATURE: `client_fn` now expects a signature `def client_fn(context: Context)`.The provided `client_fn` has signature: {'cid': <Parameter "cid: str">}. You can import the `Context` like this: `from flwr.app import Context`[32m [repeated 4x across cluster] (Ray deduplicates logs by default. Set RAY_DEDUP_LOGS=0 to disable log deduplication, or see https://docs.ray.io/en/master/ray-observability/user-guides/configure-logging.html#log-deduplication for more options.)[0m
[36m(ClientAppActor pid=16522)[0m             This is a deprecated feature. It will be removed[32m [repeated 4x across cluster][0m
[36m(ClientAppActor pid=16522)[0m             entirely in future versions of Flower.[32m [repeated 4x across cluster][0m
[36m(ClientAppActor pid=16522)[0m [Client 9] Training on NVIDIA GeForce RTX 3060[32m [repeated 5x across cluster][0m
[36m(ClientAppActor pid=16522)[0m 
[36m(ClientAppActor pid=16522)[0m         
[36m(ClientAppActor pid=16519)[0m 
[36m(ClientAppActor pid=16519)[0m         
[36m(ClientAppActor pid=16522)[0m 
[36m(ClientAppActor pid=16522)[0m         
[36m(ClientAppActor pid=16519)[0m 
[36m(ClientAppActor pid=16519)[0m         
[36m(ClientAppActor pid=16519)[0m 
[36m(ClientAppActor pid=16519)[0m         
[92mINFO [0m:      aggregate_fit: received 10 results and 0 failures
[CascadeRouter] Round 1: 10 clients, 24578 parameters/client
[92mINFO [0m:      configure_evaluate: strategy sampled 10 clients (out of 10)
INFO:flwr:configure_evaluate: strategy sampled 10 clients (out of 10)
[36m(ClientAppActor pid=16519)[0m 
[36m(ClientAppActor pid=16519)[0m         
[36m(ClientAppActor pid=16519)[0m [93mWARNING [0m:   DEPRECATED FEATURE: `client_fn` now expects a signature `def client_fn(context: Context)`.The provided `client_fn` has signature: {'cid': <Parameter "cid: str">}. You can import the `Context` like this: `from flwr.app import Context`[32m [repeated 6x across cluster][0m
[36m(ClientAppActor pid=16519)[0m             This is a deprecated feature. It will be removed[32m [repeated 6x across cluster][0m
[36m(ClientAppActor pid=16519)[0m             entirely in future versions of Flower.[32m [repeated 6x across cluster][0m
[36m(ClientAppActor pid=16522)[0m 
[36m(ClientAppActor pid=16522)[0m         
[36m(ClientAppActor pid=16522)[0m 
[36m(ClientAppActor pid=16522)[0m         
[36m(ClientAppActor pid=16519)[0m 
[36m(ClientAppActor pid=16519)[0m         
[36m(ClientAppActor pid=16522)[0m 
[36m(ClientAppActor pid=16522)[0m         
[36m(ClientAppActor pid=16519)[0m 
[36m(ClientAppActor pid=16519)[0m         
[36m(ClientAppActor pid=16522)[0m 
[36m(ClientAppActor pid=16522)[0m         
[36m(ClientAppActor pid=16519)[0m 
[36m(ClientAppActor pid=16519)[0m         
[36m(ClientAppActor pid=16522)[0m 
[36m(ClientAppActor pid=16522)[0m         
[36m(ClientAppActor pid=16519)[0m 
[36m(ClientAppActor pid=16519)[0m         
[92mINFO [0m:      aggregate_evaluate: received 10 results and 0 failures
INFO:flwr:aggregate_evaluate: received 10 results and 0 failures
[92mINFO [0m:      
INFO:flwr:
[92mINFO [0m:      [ROUND 2]
INFO:flwr:[ROUND 2]
[92mINFO [0m:      configure_fit: strategy sampled 10 clients (out of 10)
INFO:flwr:configure_fit: strategy sampled 10 clients (out of 10)
[36m(ClientAppActor pid=16522)[0m [Client 7] Training on NVIDIA GeForce RTX 3060[32m [repeated 5x across cluster][0m
[36m(ClientAppActor pid=16519)[0m 
[36m(ClientAppActor pid=16519)[0m         
[36m(ClientAppActor pid=16522)[0m 
[36m(ClientAppActor pid=16522)[0m         
[36m(ClientAppActor pid=16519)[0m 
[36m(ClientAppActor pid=16519)[0m         
[36m(ClientAppActor pid=16519)[0m 
[36m(ClientAppActor pid=16519)[0m         
[36m(ClientAppActor pid=16519)[0m [93mWARNING [0m:   DEPRECATED FEATURE: `client_fn` now expects a signature `def client_fn(context: Context)`.The provided `client_fn` has signature: {'cid': <Parameter "cid: str">}. You can import the `Context` like this: `from flwr.app import Context`[32m [repeated 13x across cluster][0m
[36m(ClientAppActor pid=16519)[0m             This is a deprecated feature. It will be removed[32m [repeated 13x across cluster][0m
[36m(ClientAppActor pid=16519)[0m             entirely in future versions of Flower.[32m [repeated 13x across cluster][0m
[36m(ClientAppActor pid=16519)[0m [Client 9] Training on NVIDIA GeForce RTX 3060[32m [repeated 3x across cluster][0m
[36m(ClientAppActor pid=16519)[0m 
[36m(ClientAppActor pid=16519)[0m         
[36m(ClientAppActor pid=16519)[0m 
[36m(ClientAppActor pid=16519)[0m         
[36m(ClientAppActor pid=16519)[0m 
[36m(ClientAppActor pid=16519)[0m         
[36m(ClientAppActor pid=16522)[0m 
[36m(ClientAppActor pid=16522)[0m         
[36m(ClientAppActor pid=16522)[0m 
[36m(ClientAppActor pid=16522)[0m         
[36m(ClientAppActor pid=16522)[0m 
[36m(ClientAppActor pid=16522)[0m         
[92mINFO [0m:      aggregate_fit: received 10 results and 0 failures
INFO:flwr:aggregate_fit: received 10 results and 0 failures
[CascadeRouter] Round 2: 10 clients, 24578 parameters/client
[92mINFO [0m:      configure_evaluate: strategy sampled 10 clients (out of 10)
INFO:flwr:configure_evaluate: strategy sampled 10 clients (out of 10)
[36m(ClientAppActor pid=16519)[0m 
[36m(ClientAppActor pid=16519)[0m         
[36m(ClientAppActor pid=16519)[0m [93mWARNING [0m:   DEPRECATED FEATURE: `client_fn` now expects a signature `def client_fn(context: Context)`.The provided `client_fn` has signature: {'cid': <Parameter "cid: str">}. You can import the `Context` like this: `from flwr.app import Context`[32m [repeated 7x across cluster][0m
[36m(ClientAppActor pid=16519)[0m             This is a deprecated feature. It will be removed[32m [repeated 7x across cluster][0m
[36m(ClientAppActor pid=16519)[0m             entirely in future versions of Flower.[32m [repeated 7x across cluster][0m
[36m(ClientAppActor pid=16522)[0m 
[36m(ClientAppActor pid=16522)[0m         
[36m(ClientAppActor pid=16519)[0m 
[36m(ClientAppActor pid=16519)[0m         
[36m(ClientAppActor pid=16522)[0m 
[36m(ClientAppActor pid=16522)[0m         
[36m(ClientAppActor pid=16519)[0m 
[36m(ClientAppActor pid=16519)[0m         
[36m(ClientAppActor pid=16522)[0m 
[36m(ClientAppActor pid=16522)[0m         
[36m(ClientAppActor pid=16519)[0m 
[36m(ClientAppActor pid=16519)[0m         
[36m(ClientAppActor pid=16522)[0m 
[36m(ClientAppActor pid=16522)[0m         
[36m(ClientAppActor pid=16519)[0m 
[36m(ClientAppActor pid=16519)[0m         
[36m(ClientAppActor pid=16522)[0m 
[36m(ClientAppActor pid=16522)[0m         
[92mINFO [0m:      aggregate_evaluate: received 10 results and 0 failures
INFO:flwr:aggregate_evaluate: received 10 results and 0 failures
[92mINFO [0m:      
INFO:flwr:
[92mINFO [0m:      [ROUND 3]
INFO:flwr:[ROUND 3]
[92mINFO [0m:      configure_fit: strategy sampled 10 clients (out of 10)
INFO:flwr:configure_fit: strategy sampled 10 clients (out of 10)
[36m(ClientAppActor pid=16522)[0m [Client 5] Training on NVIDIA GeForce RTX 3060[32m [repeated 7x across cluster][0m
[36m(ClientAppActor pid=16519)[0m 
[36m(ClientAppActor pid=16519)[0m         
[36m(ClientAppActor pid=16522)[0m 
[36m(ClientAppActor pid=16522)[0m         
[36m(ClientAppActor pid=16522)[0m 
[36m(ClientAppActor pid=16522)[0m         
[36m(ClientAppActor pid=16522)[0m 
[36m(ClientAppActor pid=16522)[0m         
[36m(ClientAppActor pid=16519)[0m 
[36m(ClientAppActor pid=16519)[0m         
[36m(ClientAppActor pid=16519)[0m 
[36m(ClientAppActor pid=16519)[0m         
[36m(ClientAppActor pid=16522)[0m 
[36m(ClientAppActor pid=16522)[0m         
[36m(ClientAppActor pid=16519)[0m 
[36m(ClientAppActor pid=16519)[0m         
[36m(ClientAppActor pid=16519)[0m 
[36m(ClientAppActor pid=16519)[0m         
[36m(ClientAppActor pid=16519)[0m 
[36m(ClientAppActor pid=16519)[0m         
[36m(ClientAppActor pid=16519)[0m [93mWARNING [0m:   DEPRECATED FEATURE: `client_fn` now expects a signature `def client_fn(context: Context)`.The provided `client_fn` has signature: {'cid': <Parameter "cid: str">}. You can import the `Context` like this: `from flwr.app import Context`[32m [repeated 19x across cluster][0m
[36m(ClientAppActor pid=16519)[0m             This is a deprecated feature. It will be removed[32m [repeated 19x across cluster][0m
[36m(ClientAppActor pid=16519)[0m             entirely in future versions of Flower.[32m [repeated 19x across cluster][0m
[36m(ClientAppActor pid=16519)[0m [Client 6] Training on NVIDIA GeForce RTX 3060[32m [repeated 9x across cluster][0m
[92mINFO [0m:      aggregate_fit: received 10 results and 0 failures
INFO:flwr:aggregate_fit: received 10 results and 0 failures
[CascadeRouter] Round 3: 10 clients, 24578 parameters/client
[92mINFO [0m:      configure_evaluate: strategy sampled 10 clients (out of 10)
INFO:flwr:configure_evaluate: strategy sampled 10 clients (out of 10)
[36m(ClientAppActor pid=16519)[0m 
[36m(ClientAppActor pid=16519)[0m         
[36m(ClientAppActor pid=16522)[0m 
[36m(ClientAppActor pid=16522)[0m         
[36m(ClientAppActor pid=16519)[0m 
[36m(ClientAppActor pid=16519)[0m         
[36m(ClientAppActor pid=16522)[0m 
[36m(ClientAppActor pid=16522)[0m         
[36m(ClientAppActor pid=16519)[0m 
[36m(ClientAppActor pid=16519)[0m         
[36m(ClientAppActor pid=16522)[0m 
[36m(ClientAppActor pid=16522)[0m         
[36m(ClientAppActor pid=16519)[0m 
[36m(ClientAppActor pid=16519)[0m         
[36m(ClientAppActor pid=16522)[0m 
[36m(ClientAppActor pid=16522)[0m         
[36m(ClientAppActor pid=16519)[0m 
[36m(ClientAppActor pid=16519)[0m         
[36m(ClientAppActor pid=16522)[0m 
[36m(ClientAppActor pid=16522)[0m         
[92mINFO [0m:      aggregate_evaluate: received 10 results and 0 failures
INFO:flwr:aggregate_evaluate: received 10 results and 0 failures
[92mINFO [0m:      
INFO:flwr:
[92mINFO [0m:      [ROUND 4]
INFO:flwr:[ROUND 4]
[92mINFO [0m:      configure_fit: strategy sampled 10 clients (out of 10)
INFO:flwr:configure_fit: strategy sampled 10 clients (out of 10)
[36m(ClientAppActor pid=16522)[0m 
[36m(ClientAppActor pid=16522)[0m         
[36m(ClientAppActor pid=16519)[0m 
[36m(ClientAppActor pid=16519)[0m         
[36m(ClientAppActor pid=16522)[0m [Client 8] Training on NVIDIA GeForce RTX 3060[32m [repeated 3x across cluster][0m
[36m(ClientAppActor pid=16522)[0m 
[36m(ClientAppActor pid=16522)[0m         
[36m(ClientAppActor pid=16522)[0m [93mWARNING [0m:   DEPRECATED FEATURE: `client_fn` now expects a signature `def client_fn(context: Context)`.The provided `client_fn` has signature: {'cid': <Parameter "cid: str">}. You can import the `Context` like this: `from flwr.app import Context`[32m [repeated 13x across cluster][0m
[36m(ClientAppActor pid=16522)[0m             This is a deprecated feature. It will be removed[32m [repeated 13x across cluster][0m
[36m(ClientAppActor pid=16522)[0m             entirely in future versions of Flower.[32m [repeated 13x across cluster][0m
[36m(ClientAppActor pid=16522)[0m 
[36m(ClientAppActor pid=16522)[0m         
[36m(ClientAppActor pid=16522)[0m 
[36m(ClientAppActor pid=16522)[0m         
[36m(ClientAppActor pid=16522)[0m 
[36m(ClientAppActor pid=16522)[0m         
[36m(ClientAppActor pid=16519)[0m 
[36m(ClientAppActor pid=16519)[0m         
[36m(ClientAppActor pid=16519)[0m 
[36m(ClientAppActor pid=16519)[0m         
[36m(ClientAppActor pid=16519)[0m 
[36m(ClientAppActor pid=16519)[0m         
[36m(ClientAppActor pid=16519)[0m [93mWARNING [0m:   DEPRECATED FEATURE: `client_fn` now expects a signature `def client_fn(context: Context)`.The provided `client_fn` has signature: {'cid': <Parameter "cid: str">}. You can import the `Context` like this: `from flwr.app import Context`[32m [repeated 6x across cluster][0m
[36m(ClientAppActor pid=16519)[0m             This is a deprecated feature. It will be removed[32m [repeated 6x across cluster][0m
[36m(ClientAppActor pid=16519)[0m             entirely in future versions of Flower.[32m [repeated 6x across cluster][0m
[36m(ClientAppActor pid=16519)[0m [Client 6] Training on NVIDIA GeForce RTX 3060[32m [repeated 6x across cluster][0m
[36m(ClientAppActor pid=16519)[0m 
[36m(ClientAppActor pid=16519)[0m         
[92mINFO [0m:      aggregate_fit: received 10 results and 0 failures
INFO:flwr:aggregate_fit: received 10 results and 0 failures
[CascadeRouter] Round 4: 10 clients, 24578 parameters/client
[92mINFO [0m:      configure_evaluate: strategy sampled 10 clients (out of 10)
INFO:flwr:configure_evaluate: strategy sampled 10 clients (out of 10)
[36m(ClientAppActor pid=16519)[0m 
[36m(ClientAppActor pid=16519)[0m         
[36m(ClientAppActor pid=16522)[0m 
[36m(ClientAppActor pid=16522)[0m         
[36m(ClientAppActor pid=16519)[0m 
[36m(ClientAppActor pid=16519)[0m         
[36m(ClientAppActor pid=16522)[0m 
[36m(ClientAppActor pid=16522)[0m         
[36m(ClientAppActor pid=16522)[0m 
[36m(ClientAppActor pid=16522)[0m         
[36m(ClientAppActor pid=16522)[0m [93mWARNING [0m:   DEPRECATED FEATURE: `client_fn` now expects a signature `def client_fn(context: Context)`.The provided `client_fn` has signature: {'cid': <Parameter "cid: str">}. You can import the `Context` like this: `from flwr.app import Context`[32m [repeated 6x across cluster][0m
[36m(ClientAppActor pid=16522)[0m             This is a deprecated feature. It will be removed[32m [repeated 6x across cluster][0m
[36m(ClientAppActor pid=16522)[0m             entirely in future versions of Flower.[32m [repeated 6x across cluster][0m
[36m(ClientAppActor pid=16519)[0m 
[36m(ClientAppActor pid=16519)[0m         
[36m(ClientAppActor pid=16522)[0m 
[36m(ClientAppActor pid=16522)[0m         
[36m(ClientAppActor pid=16519)[0m 
[36m(ClientAppActor pid=16519)[0m         
[36m(ClientAppActor pid=16519)[0m 
[36m(ClientAppActor pid=16519)[0m         
[36m(ClientAppActor pid=16522)[0m 
[36m(ClientAppActor pid=16522)[0m         
[92mINFO [0m:      aggregate_evaluate: received 10 results and 0 failures
INFO:flwr:aggregate_evaluate: received 10 results and 0 failures
[92mINFO [0m:      
INFO:flwr:
[92mINFO [0m:      [ROUND 5]
INFO:flwr:[ROUND 5]
[92mINFO [0m:      configure_fit: strategy sampled 10 clients (out of 10)
INFO:flwr:configure_fit: strategy sampled 10 clients (out of 10)
[36m(ClientAppActor pid=16519)[0m 
[36m(ClientAppActor pid=16519)[0m         
[36m(ClientAppActor pid=16519)[0m [Client 6] Training on NVIDIA GeForce RTX 3060[32m [repeated 2x across cluster][0m
[36m(ClientAppActor pid=16522)[0m 
[36m(ClientAppActor pid=16522)[0m         
[36m(ClientAppActor pid=16522)[0m 
[36m(ClientAppActor pid=16522)[0m         
[36m(ClientAppActor pid=16522)[0m 
[36m(ClientAppActor pid=16522)[0m         
[36m(ClientAppActor pid=16522)[0m 
[36m(ClientAppActor pid=16522)[0m         
[36m(ClientAppActor pid=16522)[0m 
[36m(ClientAppActor pid=16522)[0m         
[36m(ClientAppActor pid=16519)[0m 
[36m(ClientAppActor pid=16519)[0m         
[36m(ClientAppActor pid=16519)[0m 
[36m(ClientAppActor pid=16519)[0m         
[36m(ClientAppActor pid=16519)[0m [93mWARNING [0m:   DEPRECATED FEATURE: `client_fn` now expects a signature `def client_fn(context: Context)`.The provided `client_fn` has signature: {'cid': <Parameter "cid: str">}. You can import the `Context` like this: `from flwr.app import Context`[32m [repeated 13x across cluster][0m
[36m(ClientAppActor pid=16519)[0m             This is a deprecated feature. It will be removed[32m [repeated 13x across cluster][0m
[36m(ClientAppActor pid=16519)[0m             entirely in future versions of Flower.[32m [repeated 13x across cluster][0m
[36m(ClientAppActor pid=16519)[0m [Client 3] Training on NVIDIA GeForce RTX 3060[32m [repeated 7x across cluster][0m
[36m(ClientAppActor pid=16519)[0m 
[36m(ClientAppActor pid=16519)[0m         
[36m(ClientAppActor pid=16522)[0m 
[36m(ClientAppActor pid=16522)[0m         
[92mINFO [0m:      aggregate_fit: received 10 results and 0 failures
INFO:flwr:aggregate_fit: received 10 results and 0 failures
[CascadeRouter] Round 5: 10 clients, 24578 parameters/client
[92mINFO [0m:      configure_evaluate: strategy sampled 10 clients (out of 10)
INFO:flwr:configure_evaluate: strategy sampled 10 clients (out of 10)
[36m(ClientAppActor pid=16522)[0m 
[36m(ClientAppActor pid=16522)[0m         
[36m(ClientAppActor pid=16519)[0m 
[36m(ClientAppActor pid=16519)[0m         
[36m(ClientAppActor pid=16522)[0m 
[36m(ClientAppActor pid=16522)[0m         
[36m(ClientAppActor pid=16519)[0m 
[36m(ClientAppActor pid=16519)[0m         
[36m(ClientAppActor pid=16522)[0m 
[36m(ClientAppActor pid=16522)[0m         
[36m(ClientAppActor pid=16519)[0m 
[36m(ClientAppActor pid=16519)[0m         
[36m(ClientAppActor pid=16519)[0m 
[36m(ClientAppActor pid=16519)[0m         
[36m(ClientAppActor pid=16522)[0m 
[36m(ClientAppActor pid=16522)[0m         
[36m(ClientAppActor pid=16519)[0m 
[36m(ClientAppActor pid=16519)[0m         
[36m(ClientAppActor pid=16522)[0m 
[36m(ClientAppActor pid=16522)[0m         
[92mINFO [0m:      aggregate_evaluate: received 10 results and 0 failures
INFO:flwr:aggregate_evaluate: received 10 results and 0 failures
[92mINFO [0m:      
INFO:flwr:
[92mINFO [0m:      [ROUND 6]
INFO:flwr:[ROUND 6]
[92mINFO [0m:      configure_fit: strategy sampled 10 clients (out of 10)
INFO:flwr:configure_fit: strategy sampled 10 clients (out of 10)
[36m(ClientAppActor pid=16519)[0m 
[36m(ClientAppActor pid=16519)[0m         
[36m(ClientAppActor pid=16522)[0m 
[36m(ClientAppActor pid=16522)[0m         
[36m(ClientAppActor pid=16519)[0m 
[36m(ClientAppActor pid=16519)[0m         
[36m(ClientAppActor pid=16522)[0m 
[36m(ClientAppActor pid=16522)[0m         
[36m(ClientAppActor pid=16519)[0m 
[36m(ClientAppActor pid=16519)[0m         
[36m(ClientAppActor pid=16519)[0m [93mWARNING [0m:   DEPRECATED FEATURE: `client_fn` now expects a signature `def client_fn(context: Context)`.The provided `client_fn` has signature: {'cid': <Parameter "cid: str">}. You can import the `Context` like this: `from flwr.app import Context`[32m [repeated 17x across cluster][0m
[36m(ClientAppActor pid=16519)[0m             This is a deprecated feature. It will be removed[32m [repeated 17x across cluster][0m
[36m(ClientAppActor pid=16519)[0m             entirely in future versions of Flower.[32m [repeated 17x across cluster][0m
[36m(ClientAppActor pid=16519)[0m [Client 9] Training on NVIDIA GeForce RTX 3060[32m [repeated 7x across cluster][0m
[36m(ClientAppActor pid=16519)[0m 
[36m(ClientAppActor pid=16519)[0m         
[36m(ClientAppActor pid=16522)[0m 
[36m(ClientAppActor pid=16522)[0m         
[36m(ClientAppActor pid=16522)[0m [Client 4] Training on NVIDIA GeForce RTX 3060[32m [repeated 3x across cluster][0m
[36m(ClientAppActor pid=16522)[0m 
[36m(ClientAppActor pid=16522)[0m         
[36m(ClientAppActor pid=16522)[0m [93mWARNING [0m:   DEPRECATED FEATURE: `client_fn` now expects a signature `def client_fn(context: Context)`.The provided `client_fn` has signature: {'cid': <Parameter "cid: str">}. You can import the `Context` like this: `from flwr.app import Context`[32m [repeated 3x across cluster][0m
[36m(ClientAppActor pid=16522)[0m             This is a deprecated feature. It will be removed[32m [repeated 3x across cluster][0m
[36m(ClientAppActor pid=16522)[0m             entirely in future versions of Flower.[32m [repeated 3x across cluster][0m
[36m(ClientAppActor pid=16519)[0m 
[36m(ClientAppActor pid=16519)[0m         
[36m(ClientAppActor pid=16519)[0m 
[36m(ClientAppActor pid=16519)[0m         
[92mINFO [0m:      aggregate_fit: received 10 results and 0 failures
INFO:flwr:aggregate_fit: received 10 results and 0 failures
[CascadeRouter] Round 6: 10 clients, 24578 parameters/client
[92mINFO [0m:      configure_evaluate: strategy sampled 10 clients (out of 10)
INFO:flwr:configure_evaluate: strategy sampled 10 clients (out of 10)
[36m(ClientAppActor pid=16519)[0m 
[36m(ClientAppActor pid=16519)[0m         
[36m(ClientAppActor pid=16522)[0m 
[36m(ClientAppActor pid=16522)[0m         
[36m(ClientAppActor pid=16519)[0m 
[36m(ClientAppActor pid=16519)[0m         
[36m(ClientAppActor pid=16522)[0m 
[36m(ClientAppActor pid=16522)[0m         
[36m(ClientAppActor pid=16519)[0m 
[36m(ClientAppActor pid=16519)[0m         
[36m(ClientAppActor pid=16522)[0m 
[36m(ClientAppActor pid=16522)[0m         
[36m(ClientAppActor pid=16519)[0m 
[36m(ClientAppActor pid=16519)[0m         
[36m(ClientAppActor pid=16522)[0m 
[36m(ClientAppActor pid=16522)[0m         
[36m(ClientAppActor pid=16519)[0m 
[36m(ClientAppActor pid=16519)[0m         
[36m(ClientAppActor pid=16522)[0m 
[36m(ClientAppActor pid=16522)[0m         
[92mINFO [0m:      aggregate_evaluate: received 10 results and 0 failures
INFO:flwr:aggregate_evaluate: received 10 results and 0 failures
[92mINFO [0m:      
INFO:flwr:
[92mINFO [0m:      [ROUND 7]
INFO:flwr:[ROUND 7]
[92mINFO [0m:      configure_fit: strategy sampled 10 clients (out of 10)
INFO:flwr:configure_fit: strategy sampled 10 clients (out of 10)
[36m(ClientAppActor pid=16519)[0m 
[36m(ClientAppActor pid=16519)[0m         
[36m(ClientAppActor pid=16522)[0m 
[36m(ClientAppActor pid=16522)[0m         
[36m(ClientAppActor pid=16519)[0m 
[36m(ClientAppActor pid=16519)[0m         
[36m(ClientAppActor pid=16519)[0m [93mWARNING [0m:   DEPRECATED FEATURE: `client_fn` now expects a signature `def client_fn(context: Context)`.The provided `client_fn` has signature: {'cid': <Parameter "cid: str">}. You can import the `Context` like this: `from flwr.app import Context`[32m [repeated 15x across cluster][0m
[36m(ClientAppActor pid=16519)[0m             This is a deprecated feature. It will be removed[32m [repeated 15x across cluster][0m
[36m(ClientAppActor pid=16519)[0m             entirely in future versions of Flower.[32m [repeated 15x across cluster][0m
[36m(ClientAppActor pid=16519)[0m [Client 2] Training on NVIDIA GeForce RTX 3060[32m [repeated 5x across cluster][0m
[36m(ClientAppActor pid=16519)[0m 
[36m(ClientAppActor pid=16519)[0m         
[36m(ClientAppActor pid=16522)[0m 
[36m(ClientAppActor pid=16522)[0m         
[36m(ClientAppActor pid=16522)[0m 
[36m(ClientAppActor pid=16522)[0m         
[36m(ClientAppActor pid=16522)[0m 
[36m(ClientAppActor pid=16522)[0m         
[36m(ClientAppActor pid=16519)[0m 
[36m(ClientAppActor pid=16519)[0m         
[36m(ClientAppActor pid=16522)[0m 
[36m(ClientAppActor pid=16522)[0m         
[36m(ClientAppActor pid=16519)[0m 
[36m(ClientAppActor pid=16519)[0m         
[36m(ClientAppActor pid=16519)[0m [93mWARNING [0m:   DEPRECATED FEATURE: `client_fn` now expects a signature `def client_fn(context: Context)`.The provided `client_fn` has signature: {'cid': <Parameter "cid: str">}. You can import the `Context` like this: `from flwr.app import Context`[32m [repeated 7x across cluster][0m
[36m(ClientAppActor pid=16519)[0m             This is a deprecated feature. It will be removed[32m [repeated 7x across cluster][0m
[36m(ClientAppActor pid=16519)[0m             entirely in future versions of Flower.[32m [repeated 7x across cluster][0m
[36m(ClientAppActor pid=16519)[0m [Client 4] Training on NVIDIA GeForce RTX 3060[32m [repeated 7x across cluster][0m
[92mINFO [0m:      aggregate_fit: received 10 results and 0 failures
INFO:flwr:aggregate_fit: received 10 results and 0 failures
[CascadeRouter] Round 7: 10 clients, 24578 parameters/client
[92mINFO [0m:      configure_evaluate: strategy sampled 10 clients (out of 10)
INFO:flwr:configure_evaluate: strategy sampled 10 clients (out of 10)
[36m(ClientAppActor pid=16519)[0m 
[36m(ClientAppActor pid=16519)[0m         
[36m(ClientAppActor pid=16522)[0m 
[36m(ClientAppActor pid=16522)[0m         
[36m(ClientAppActor pid=16519)[0m 
[36m(ClientAppActor pid=16519)[0m         
[36m(ClientAppActor pid=16522)[0m 
[36m(ClientAppActor pid=16522)[0m         
[36m(ClientAppActor pid=16519)[0m 
[36m(ClientAppActor pid=16519)[0m         
[36m(ClientAppActor pid=16522)[0m 
[36m(ClientAppActor pid=16522)[0m         
[36m(ClientAppActor pid=16519)[0m 
[36m(ClientAppActor pid=16519)[0m         
[36m(ClientAppActor pid=16522)[0m 
[36m(ClientAppActor pid=16522)[0m         
[36m(ClientAppActor pid=16519)[0m 
[36m(ClientAppActor pid=16519)[0m         
[36m(ClientAppActor pid=16522)[0m 
[36m(ClientAppActor pid=16522)[0m         
[92mINFO [0m:      aggregate_evaluate: received 10 results and 0 failures
INFO:flwr:aggregate_evaluate: received 10 results and 0 failures
[92mINFO [0m:      
INFO:flwr:
[92mINFO [0m:      [ROUND 8]
INFO:flwr:[ROUND 8]
[92mINFO [0m:      configure_fit: strategy sampled 10 clients (out of 10)
INFO:flwr:configure_fit: strategy sampled 10 clients (out of 10)
[36m(ClientAppActor pid=16522)[0m 
[36m(ClientAppActor pid=16522)[0m         
[36m(ClientAppActor pid=16519)[0m 
[36m(ClientAppActor pid=16519)[0m         
[36m(ClientAppActor pid=16519)[0m 
[36m(ClientAppActor pid=16519)[0m         
[36m(ClientAppActor pid=16519)[0m 
[36m(ClientAppActor pid=16519)[0m         
[36m(ClientAppActor pid=16522)[0m 
[36m(ClientAppActor pid=16522)[0m         
[36m(ClientAppActor pid=16519)[0m 
[36m(ClientAppActor pid=16519)[0m         
[36m(ClientAppActor pid=16522)[0m 
[36m(ClientAppActor pid=16522)[0m         
[36m(ClientAppActor pid=16519)[0m 
[36m(ClientAppActor pid=16519)[0m         
[36m(ClientAppActor pid=16522)[0m [Client 6] Training on NVIDIA GeForce RTX 3060[32m [repeated 9x across cluster][0m
[36m(ClientAppActor pid=16522)[0m 
[36m(ClientAppActor pid=16522)[0m         
[36m(ClientAppActor pid=16522)[0m [93mWARNING [0m:   DEPRECATED FEATURE: `client_fn` now expects a signature `def client_fn(context: Context)`.The provided `client_fn` has signature: {'cid': <Parameter "cid: str">}. You can import the `Context` like this: `from flwr.app import Context`[32m [repeated 19x across cluster][0m
[36m(ClientAppActor pid=16522)[0m             This is a deprecated feature. It will be removed[32m [repeated 19x across cluster][0m
[36m(ClientAppActor pid=16522)[0m             entirely in future versions of Flower.[32m [repeated 19x across cluster][0m
[36m(ClientAppActor pid=16519)[0m 
[36m(ClientAppActor pid=16519)[0m         
[92mINFO [0m:      aggregate_fit: received 10 results and 0 failures
INFO:flwr:aggregate_fit: received 10 results and 0 failures
[CascadeRouter] Round 8: 10 clients, 24578 parameters/client
[92mINFO [0m:      configure_evaluate: strategy sampled 10 clients (out of 10)
INFO:flwr:configure_evaluate: strategy sampled 10 clients (out of 10)
[36m(ClientAppActor pid=16519)[0m 
[36m(ClientAppActor pid=16519)[0m         
[36m(ClientAppActor pid=16522)[0m 
[36m(ClientAppActor pid=16522)[0m         
[36m(ClientAppActor pid=16522)[0m 
[36m(ClientAppActor pid=16522)[0m         
[36m(ClientAppActor pid=16519)[0m 
[36m(ClientAppActor pid=16519)[0m         
[36m(ClientAppActor pid=16519)[0m 
[36m(ClientAppActor pid=16519)[0m         
[36m(ClientAppActor pid=16522)[0m 
[36m(ClientAppActor pid=16522)[0m         
[36m(ClientAppActor pid=16522)[0m 
[36m(ClientAppActor pid=16522)[0m         
[36m(ClientAppActor pid=16519)[0m 
[36m(ClientAppActor pid=16519)[0m         
[36m(ClientAppActor pid=16522)[0m 
[36m(ClientAppActor pid=16522)[0m         
[36m(ClientAppActor pid=16519)[0m 
[36m(ClientAppActor pid=16519)[0m         
[92mINFO [0m:      aggregate_evaluate: received 10 results and 0 failures
INFO:flwr:aggregate_evaluate: received 10 results and 0 failures
[92mINFO [0m:      
INFO:flwr:
[92mINFO [0m:      [ROUND 9]
INFO:flwr:[ROUND 9]
[92mINFO [0m:      configure_fit: strategy sampled 10 clients (out of 10)
INFO:flwr:configure_fit: strategy sampled 10 clients (out of 10)
[36m(ClientAppActor pid=16519)[0m 
[36m(ClientAppActor pid=16519)[0m         
[36m(ClientAppActor pid=16522)[0m 
[36m(ClientAppActor pid=16522)[0m         
[36m(ClientAppActor pid=16522)[0m [Client 9] Training on NVIDIA GeForce RTX 3060[32m [repeated 4x across cluster][0m
[36m(ClientAppActor pid=16519)[0m 
[36m(ClientAppActor pid=16519)[0m         
[36m(ClientAppActor pid=16519)[0m [93mWARNING [0m:   DEPRECATED FEATURE: `client_fn` now expects a signature `def client_fn(context: Context)`.The provided `client_fn` has signature: {'cid': <Parameter "cid: str">}. You can import the `Context` like this: `from flwr.app import Context`[32m [repeated 14x across cluster][0m
[36m(ClientAppActor pid=16519)[0m             This is a deprecated feature. It will be removed[32m [repeated 14x across cluster][0m
[36m(ClientAppActor pid=16519)[0m             entirely in future versions of Flower.[32m [repeated 14x across cluster][0m
[36m(ClientAppActor pid=16522)[0m 
[36m(ClientAppActor pid=16522)[0m         
[36m(ClientAppActor pid=16522)[0m 
[36m(ClientAppActor pid=16522)[0m         
[36m(ClientAppActor pid=16522)[0m 
[36m(ClientAppActor pid=16522)[0m         
[36m(ClientAppActor pid=16522)[0m 
[36m(ClientAppActor pid=16522)[0m         
[36m(ClientAppActor pid=16522)[0m 
[36m(ClientAppActor pid=16522)[0m         
[36m(ClientAppActor pid=16519)[0m 
[36m(ClientAppActor pid=16519)[0m         
[36m(ClientAppActor pid=16519)[0m 
[36m(ClientAppActor pid=16519)[0m         
[36m(ClientAppActor pid=16519)[0m [93mWARNING [0m:   DEPRECATED FEATURE: `client_fn` now expects a signature `def client_fn(context: Context)`.The provided `client_fn` has signature: {'cid': <Parameter "cid: str">}. You can import the `Context` like this: `from flwr.app import Context`[32m [repeated 7x across cluster][0m
[36m(ClientAppActor pid=16519)[0m             This is a deprecated feature. It will be removed[32m [repeated 7x across cluster][0m
[36m(ClientAppActor pid=16519)[0m             entirely in future versions of Flower.[32m [repeated 7x across cluster][0m
[36m(ClientAppActor pid=16519)[0m [Client 6] Training on NVIDIA GeForce RTX 3060[32m [repeated 7x across cluster][0m
[92mINFO [0m:      aggregate_fit: received 10 results and 0 failures
INFO:flwr:aggregate_fit: received 10 results and 0 failures
[CascadeRouter] Round 9: 10 clients, 24578 parameters/client
[92mINFO [0m:      configure_evaluate: strategy sampled 10 clients (out of 10)
INFO:flwr:configure_evaluate: strategy sampled 10 clients (out of 10)
[36m(ClientAppActor pid=16522)[0m 
[36m(ClientAppActor pid=16522)[0m         
[36m(ClientAppActor pid=16519)[0m 
[36m(ClientAppActor pid=16519)[0m         
[36m(ClientAppActor pid=16522)[0m 
[36m(ClientAppActor pid=16522)[0m         
[36m(ClientAppActor pid=16522)[0m [93mWARNING [0m:   DEPRECATED FEATURE: `client_fn` now expects a signature `def client_fn(context: Context)`.The provided `client_fn` has signature: {'cid': <Parameter "cid: str">}. You can import the `Context` like this: `from flwr.app import Context`[32m [repeated 3x across cluster][0m
[36m(ClientAppActor pid=16522)[0m             This is a deprecated feature. It will be removed[32m [repeated 3x across cluster][0m
[36m(ClientAppActor pid=16522)[0m             entirely in future versions of Flower.[32m [repeated 3x across cluster][0m
[36m(ClientAppActor pid=16519)[0m 
[36m(ClientAppActor pid=16519)[0m         
[36m(ClientAppActor pid=16519)[0m 
[36m(ClientAppActor pid=16519)[0m         
[36m(ClientAppActor pid=16522)[0m 
[36m(ClientAppActor pid=16522)[0m         
[36m(ClientAppActor pid=16519)[0m 
[36m(ClientAppActor pid=16519)[0m         
[36m(ClientAppActor pid=16522)[0m 
[36m(ClientAppActor pid=16522)[0m         
[36m(ClientAppActor pid=16522)[0m 
[36m(ClientAppActor pid=16522)[0m         
[36m(ClientAppActor pid=16519)[0m 
[36m(ClientAppActor pid=16519)[0m         
[92mINFO [0m:      aggregate_evaluate: received 10 results and 0 failures
INFO:flwr:aggregate_evaluate: received 10 results and 0 failures
[92mINFO [0m:      
INFO:flwr:
[92mINFO [0m:      [ROUND 10]
INFO:flwr:[ROUND 10]
[92mINFO [0m:      configure_fit: strategy sampled 10 clients (out of 10)
INFO:flwr:configure_fit: strategy sampled 10 clients (out of 10)
[36m(ClientAppActor pid=16519)[0m 
[36m(ClientAppActor pid=16519)[0m         
[36m(ClientAppActor pid=16519)[0m [Client 9] Training on NVIDIA GeForce RTX 3060
[36m(ClientAppActor pid=16522)[0m [Client 1] Training on NVIDIA GeForce RTX 3060
[36m(ClientAppActor pid=16522)[0m 
[36m(ClientAppActor pid=16522)[0m         
[36m(ClientAppActor pid=16522)[0m [Client 8] Training on NVIDIA GeForce RTX 3060
[36m(ClientAppActor pid=16519)[0m 
[36m(ClientAppActor pid=16519)[0m         
[36m(ClientAppActor pid=16522)[0m 
[36m(ClientAppActor pid=16522)[0m         
[36m(ClientAppActor pid=16522)[0m 
[36m(ClientAppActor pid=16522)[0m         
[36m(ClientAppActor pid=16522)[0m 
[36m(ClientAppActor pid=16522)[0m         
[36m(ClientAppActor pid=16522)[0m 
[36m(ClientAppActor pid=16522)[0m         
[36m(ClientAppActor pid=16522)[0m 
[36m(ClientAppActor pid=16522)[0m         
[36m(ClientAppActor pid=16522)[0m [Client 4] Training on NVIDIA GeForce RTX 3060[32m [repeated 6x across cluster][0m
[36m(ClientAppActor pid=16522)[0m 
[36m(ClientAppActor pid=16522)[0m         
[36m(ClientAppActor pid=16522)[0m [93mWARNING [0m:   DEPRECATED FEATURE: `client_fn` now expects a signature `def client_fn(context: Context)`.The provided `client_fn` has signature: {'cid': <Parameter "cid: str">}. You can import the `Context` like this: `from flwr.app import Context`[32m [repeated 16x across cluster][0m
[36m(ClientAppActor pid=16522)[0m             This is a deprecated feature. It will be removed[32m [repeated 16x across cluster][0m
[36m(ClientAppActor pid=16522)[0m             entirely in future versions of Flower.[32m [repeated 16x across cluster][0m
[36m(ClientAppActor pid=16522)[0m 
[36m(ClientAppActor pid=16522)[0m         
[92mINFO [0m:      aggregate_fit: received 10 results and 0 failures
INFO:flwr:aggregate_fit: received 10 results and 0 failures
[CascadeRouter] Round 10: 10 clients, 24578 parameters/client
[92mINFO [0m:      configure_evaluate: strategy sampled 10 clients (out of 10)
INFO:flwr:configure_evaluate: strategy sampled 10 clients (out of 10)
[36m(ClientAppActor pid=16519)[0m 
[36m(ClientAppActor pid=16519)[0m         
[36m(ClientAppActor pid=16522)[0m 
[36m(ClientAppActor pid=16522)[0m         
[36m(ClientAppActor pid=16522)[0m 
[36m(ClientAppActor pid=16522)[0m         
[36m(ClientAppActor pid=16522)[0m [93mWARNING [0m:   DEPRECATED FEATURE: `client_fn` now expects a signature `def client_fn(context: Context)`.The provided `client_fn` has signature: {'cid': <Parameter "cid: str">}. You can import the `Context` like this: `from flwr.app import Context`[32m [repeated 4x across cluster][0m
[36m(ClientAppActor pid=16522)[0m             This is a deprecated feature. It will be removed[32m [repeated 4x across cluster][0m
[36m(ClientAppActor pid=16522)[0m             entirely in future versions of Flower.[32m [repeated 4x across cluster][0m
[36m(ClientAppActor pid=16519)[0m 
[36m(ClientAppActor pid=16519)[0m         
[36m(ClientAppActor pid=16522)[0m 
[36m(ClientAppActor pid=16522)[0m         
[36m(ClientAppActor pid=16519)[0m 
[36m(ClientAppActor pid=16519)[0m         
[36m(ClientAppActor pid=16522)[0m 
[36m(ClientAppActor pid=16522)[0m         
[36m(ClientAppActor pid=16519)[0m 
[36m(ClientAppActor pid=16519)[0m         
[36m(ClientAppActor pid=16522)[0m 
[36m(ClientAppActor pid=16522)[0m         
[36m(ClientAppActor pid=16519)[0m 
[36m(ClientAppActor pid=16519)[0m         
[92mINFO [0m:      aggregate_evaluate: received 10 results and 0 failures
INFO:flwr:aggregate_evaluate: received 10 results and 0 failures
[92mINFO [0m:      
INFO:flwr:
[92mINFO [0m:      [ROUND 11]
INFO:flwr:[ROUND 11]
[92mINFO [0m:      configure_fit: strategy sampled 10 clients (out of 10)
INFO:flwr:configure_fit: strategy sampled 10 clients (out of 10)
[36m(ClientAppActor pid=16519)[0m 
[36m(ClientAppActor pid=16519)[0m         
[36m(ClientAppActor pid=16519)[0m [Client 8] Training on NVIDIA GeForce RTX 3060[32m [repeated 2x across cluster][0m
[36m(ClientAppActor pid=16522)[0m 
[36m(ClientAppActor pid=16522)[0m         
[36m(ClientAppActor pid=16519)[0m 
[36m(ClientAppActor pid=16519)[0m         
[36m(ClientAppActor pid=16522)[0m 
[36m(ClientAppActor pid=16522)[0m         
[36m(ClientAppActor pid=16522)[0m 
[36m(ClientAppActor pid=16522)[0m         
[36m(ClientAppActor pid=16519)[0m 
[36m(ClientAppActor pid=16519)[0m         
[36m(ClientAppActor pid=16519)[0m [93mWARNING [0m:   DEPRECATED FEATURE: `client_fn` now expects a signature `def client_fn(context: Context)`.The provided `client_fn` has signature: {'cid': <Parameter "cid: str">}. You can import the `Context` like this: `from flwr.app import Context`[32m [repeated 13x across cluster][0m
[36m(ClientAppActor pid=16519)[0m             This is a deprecated feature. It will be removed[32m [repeated 13x across cluster][0m
[36m(ClientAppActor pid=16519)[0m             entirely in future versions of Flower.[32m [repeated 13x across cluster][0m
[36m(ClientAppActor pid=16519)[0m [Client 2] Training on NVIDIA GeForce RTX 3060[32m [repeated 5x across cluster][0m
[36m(ClientAppActor pid=16519)[0m 
[36m(ClientAppActor pid=16519)[0m         
[36m(ClientAppActor pid=16519)[0m 
[36m(ClientAppActor pid=16519)[0m         
[36m(ClientAppActor pid=16519)[0m 
[36m(ClientAppActor pid=16519)[0m         
[36m(ClientAppActor pid=16519)[0m 
[36m(ClientAppActor pid=16519)[0m         
[92mINFO [0m:      aggregate_fit: received 10 results and 0 failures
INFO:flwr:aggregate_fit: received 10 results and 0 failures
[CascadeRouter] Round 11: 10 clients, 24578 parameters/client
[92mINFO [0m:      configure_evaluate: strategy sampled 10 clients (out of 10)
INFO:flwr:configure_evaluate: strategy sampled 10 clients (out of 10)
[36m(ClientAppActor pid=16519)[0m 
[36m(ClientAppActor pid=16519)[0m         
[36m(ClientAppActor pid=16519)[0m [93mWARNING [0m:   DEPRECATED FEATURE: `client_fn` now expects a signature `def client_fn(context: Context)`.The provided `client_fn` has signature: {'cid': <Parameter "cid: str">}. You can import the `Context` like this: `from flwr.app import Context`[32m [repeated 5x across cluster][0m
[36m(ClientAppActor pid=16519)[0m             This is a deprecated feature. It will be removed[32m [repeated 5x across cluster][0m
[36m(ClientAppActor pid=16519)[0m             entirely in future versions of Flower.[32m [repeated 5x across cluster][0m
[36m(ClientAppActor pid=16522)[0m 
[36m(ClientAppActor pid=16522)[0m         
[36m(ClientAppActor pid=16519)[0m 
[36m(ClientAppActor pid=16519)[0m         
[36m(ClientAppActor pid=16522)[0m 
[36m(ClientAppActor pid=16522)[0m         
[36m(ClientAppActor pid=16519)[0m 
[36m(ClientAppActor pid=16519)[0m         
[36m(ClientAppActor pid=16522)[0m 
[36m(ClientAppActor pid=16522)[0m         
[36m(ClientAppActor pid=16519)[0m 
[36m(ClientAppActor pid=16519)[0m         
[36m(ClientAppActor pid=16522)[0m 
[36m(ClientAppActor pid=16522)[0m         
[36m(ClientAppActor pid=16519)[0m 
[36m(ClientAppActor pid=16519)[0m         
[36m(ClientAppActor pid=16522)[0m 
[36m(ClientAppActor pid=16522)[0m         
[92mINFO [0m:      aggregate_evaluate: received 10 results and 0 failures
INFO:flwr:aggregate_evaluate: received 10 results and 0 failures
[92mINFO [0m:      
INFO:flwr:
[92mINFO [0m:      [ROUND 12]
INFO:flwr:[ROUND 12]
[92mINFO [0m:      configure_fit: strategy sampled 10 clients (out of 10)
INFO:flwr:configure_fit: strategy sampled 10 clients (out of 10)
[36m(ClientAppActor pid=16522)[0m [Client 7] Training on NVIDIA GeForce RTX 3060[32m [repeated 5x across cluster][0m
[36m(ClientAppActor pid=16522)[0m 
[36m(ClientAppActor pid=16522)[0m         
[36m(ClientAppActor pid=16519)[0m 
[36m(ClientAppActor pid=16519)[0m         
[36m(ClientAppActor pid=16519)[0m 
[36m(ClientAppActor pid=16519)[0m         
[36m(ClientAppActor pid=16519)[0m 
[36m(ClientAppActor pid=16519)[0m         
[36m(ClientAppActor pid=16519)[0m [93mWARNING [0m:   DEPRECATED FEATURE: `client_fn` now expects a signature `def client_fn(context: Context)`.The provided `client_fn` has signature: {'cid': <Parameter "cid: str">}. You can import the `Context` like this: `from flwr.app import Context`[32m [repeated 13x across cluster][0m
[36m(ClientAppActor pid=16519)[0m             This is a deprecated feature. It will be removed[32m [repeated 13x across cluster][0m
[36m(ClientAppActor pid=16519)[0m             entirely in future versions of Flower.[32m [repeated 13x across cluster][0m
[36m(ClientAppActor pid=16519)[0m [Client 3] Training on NVIDIA GeForce RTX 3060[32m [repeated 3x across cluster][0m
[36m(ClientAppActor pid=16519)[0m 
[36m(ClientAppActor pid=16519)[0m         
[36m(ClientAppActor pid=16519)[0m 
[36m(ClientAppActor pid=16519)[0m         
[36m(ClientAppActor pid=16522)[0m 
[36m(ClientAppActor pid=16522)[0m         
[36m(ClientAppActor pid=16522)[0m 
[36m(ClientAppActor pid=16522)[0m         
[36m(ClientAppActor pid=16522)[0m 
[36m(ClientAppActor pid=16522)[0m         
[36m(ClientAppActor pid=16522)[0m 
[36m(ClientAppActor pid=16522)[0m         
[92mINFO [0m:      aggregate_fit: received 10 results and 0 failures
INFO:flwr:aggregate_fit: received 10 results and 0 failures
[CascadeRouter] Round 12: 10 clients, 24578 parameters/client
[92mINFO [0m:      configure_evaluate: strategy sampled 10 clients (out of 10)
INFO:flwr:configure_evaluate: strategy sampled 10 clients (out of 10)
[36m(ClientAppActor pid=16519)[0m 
[36m(ClientAppActor pid=16519)[0m         
[36m(ClientAppActor pid=16519)[0m [93mWARNING [0m:   DEPRECATED FEATURE: `client_fn` now expects a signature `def client_fn(context: Context)`.The provided `client_fn` has signature: {'cid': <Parameter "cid: str">}. You can import the `Context` like this: `from flwr.app import Context`[32m [repeated 7x across cluster][0m
[36m(ClientAppActor pid=16519)[0m             This is a deprecated feature. It will be removed[32m [repeated 7x across cluster][0m
[36m(ClientAppActor pid=16519)[0m             entirely in future versions of Flower.[32m [repeated 7x across cluster][0m
[36m(ClientAppActor pid=16522)[0m 
[36m(ClientAppActor pid=16522)[0m         
[36m(ClientAppActor pid=16519)[0m 
[36m(ClientAppActor pid=16519)[0m         
[36m(ClientAppActor pid=16522)[0m 
[36m(ClientAppActor pid=16522)[0m         
[36m(ClientAppActor pid=16519)[0m 
[36m(ClientAppActor pid=16519)[0m         
[36m(ClientAppActor pid=16522)[0m 
[36m(ClientAppActor pid=16522)[0m         
[36m(ClientAppActor pid=16519)[0m 
[36m(ClientAppActor pid=16519)[0m         
[36m(ClientAppActor pid=16522)[0m 
[36m(ClientAppActor pid=16522)[0m         
[36m(ClientAppActor pid=16519)[0m 
[36m(ClientAppActor pid=16519)[0m         
[36m(ClientAppActor pid=16522)[0m 
[36m(ClientAppActor pid=16522)[0m         
[92mINFO [0m:      aggregate_evaluate: received 10 results and 0 failures
INFO:flwr:aggregate_evaluate: received 10 results and 0 failures
[92mINFO [0m:      
INFO:flwr:
[92mINFO [0m:      [ROUND 13]
INFO:flwr:[ROUND 13]
[92mINFO [0m:      configure_fit: strategy sampled 10 clients (out of 10)
INFO:flwr:configure_fit: strategy sampled 10 clients (out of 10)
[36m(ClientAppActor pid=16522)[0m [Client 3] Training on NVIDIA GeForce RTX 3060[32m [repeated 7x across cluster][0m
[36m(ClientAppActor pid=16519)[0m 
[36m(ClientAppActor pid=16519)[0m         
[36m(ClientAppActor pid=16522)[0m 
[36m(ClientAppActor pid=16522)[0m         
[36m(ClientAppActor pid=16522)[0m 
[36m(ClientAppActor pid=16522)[0m         
[36m(ClientAppActor pid=16522)[0m 
[36m(ClientAppActor pid=16522)[0m         
[36m(ClientAppActor pid=16522)[0m 
[36m(ClientAppActor pid=16522)[0m         
[36m(ClientAppActor pid=16522)[0m 
[36m(ClientAppActor pid=16522)[0m         
[36m(ClientAppActor pid=16519)[0m 
[36m(ClientAppActor pid=16519)[0m         
[36m(ClientAppActor pid=16519)[0m 
[36m(ClientAppActor pid=16519)[0m         
[36m(ClientAppActor pid=16519)[0m [93mWARNING [0m:   DEPRECATED FEATURE: `client_fn` now expects a signature `def client_fn(context: Context)`.The provided `client_fn` has signature: {'cid': <Parameter "cid: str">}. You can import the `Context` like this: `from flwr.app import Context`[32m [repeated 17x across cluster][0m
[36m(ClientAppActor pid=16519)[0m             This is a deprecated feature. It will be removed[32m [repeated 17x across cluster][0m
[36m(ClientAppActor pid=16519)[0m             entirely in future versions of Flower.[32m [repeated 17x across cluster][0m
[36m(ClientAppActor pid=16519)[0m 
[36m(ClientAppActor pid=16519)[0m         
[36m(ClientAppActor pid=16519)[0m 
[36m(ClientAppActor pid=16519)[0m         
[36m(ClientAppActor pid=16519)[0m [Client 7] Training on NVIDIA GeForce RTX 3060[32m [repeated 9x across cluster][0m
[92mINFO [0m:      aggregate_fit: received 10 results and 0 failures
INFO:flwr:aggregate_fit: received 10 results and 0 failures
[CascadeRouter] Round 13: 10 clients, 24578 parameters/client
[92mINFO [0m:      configure_evaluate: strategy sampled 10 clients (out of 10)
INFO:flwr:configure_evaluate: strategy sampled 10 clients (out of 10)
[36m(ClientAppActor pid=16519)[0m 
[36m(ClientAppActor pid=16519)[0m         
[36m(ClientAppActor pid=16519)[0m [93mWARNING [0m:   DEPRECATED FEATURE: `client_fn` now expects a signature `def client_fn(context: Context)`.The provided `client_fn` has signature: {'cid': <Parameter "cid: str">}. You can import the `Context` like this: `from flwr.app import Context`[32m [repeated 3x across cluster][0m
[36m(ClientAppActor pid=16519)[0m             This is a deprecated feature. It will be removed[32m [repeated 3x across cluster][0m
[36m(ClientAppActor pid=16519)[0m             entirely in future versions of Flower.[32m [repeated 3x across cluster][0m
[36m(ClientAppActor pid=16522)[0m 
[36m(ClientAppActor pid=16522)[0m         
[36m(ClientAppActor pid=16519)[0m 
[36m(ClientAppActor pid=16519)[0m         
[36m(ClientAppActor pid=16522)[0m 
[36m(ClientAppActor pid=16522)[0m         
[36m(ClientAppActor pid=16519)[0m 
[36m(ClientAppActor pid=16519)[0m         
[36m(ClientAppActor pid=16522)[0m 
[36m(ClientAppActor pid=16522)[0m         
[36m(ClientAppActor pid=16519)[0m 
[36m(ClientAppActor pid=16519)[0m         
[36m(ClientAppActor pid=16522)[0m 
[36m(ClientAppActor pid=16522)[0m         
[36m(ClientAppActor pid=16519)[0m 
[36m(ClientAppActor pid=16519)[0m         
[36m(ClientAppActor pid=16522)[0m 
[36m(ClientAppActor pid=16522)[0m         
[92mINFO [0m:      aggregate_evaluate: received 10 results and 0 failures
INFO:flwr:aggregate_evaluate: received 10 results and 0 failures
[92mINFO [0m:      
INFO:flwr:
[92mINFO [0m:      [ROUND 14]
INFO:flwr:[ROUND 14]
[92mINFO [0m:      configure_fit: strategy sampled 10 clients (out of 10)
INFO:flwr:configure_fit: strategy sampled 10 clients (out of 10)
[36m(ClientAppActor pid=16522)[0m [Client 9] Training on NVIDIA GeForce RTX 3060
[36m(ClientAppActor pid=16522)[0m 
[36m(ClientAppActor pid=16522)[0m         
[36m(ClientAppActor pid=16519)[0m 
[36m(ClientAppActor pid=16519)[0m         
[36m(ClientAppActor pid=16519)[0m [Client 7] Training on NVIDIA GeForce RTX 3060
[36m(ClientAppActor pid=16522)[0m 
[36m(ClientAppActor pid=16522)[0m         
[36m(ClientAppActor pid=16522)[0m [Client 4] Training on NVIDIA GeForce RTX 3060[32m [repeated 2x across cluster][0m
[36m(ClientAppActor pid=16522)[0m 
[36m(ClientAppActor pid=16522)[0m         
[36m(ClientAppActor pid=16522)[0m [93mWARNING [0m:   DEPRECATED FEATURE: `client_fn` now expects a signature `def client_fn(context: Context)`.The provided `client_fn` has signature: {'cid': <Parameter "cid: str">}. You can import the `Context` like this: `from flwr.app import Context`[32m [repeated 13x across cluster][0m
[36m(ClientAppActor pid=16522)[0m             This is a deprecated feature. It will be removed[32m [repeated 13x across cluster][0m
[36m(ClientAppActor pid=16522)[0m             entirely in future versions of Flower.[32m [repeated 13x across cluster][0m
[36m(ClientAppActor pid=16522)[0m 
[36m(ClientAppActor pid=16522)[0m         
[36m(ClientAppActor pid=16522)[0m 
[36m(ClientAppActor pid=16522)[0m         
[36m(ClientAppActor pid=16519)[0m 
[36m(ClientAppActor pid=16519)[0m         
[36m(ClientAppActor pid=16522)[0m 
[36m(ClientAppActor pid=16522)[0m         
[36m(ClientAppActor pid=16519)[0m 
[36m(ClientAppActor pid=16519)[0m         
[36m(ClientAppActor pid=16519)[0m 
[36m(ClientAppActor pid=16519)[0m         
[92mINFO [0m:      aggregate_fit: received 10 results and 0 failures
INFO:flwr:aggregate_fit: received 10 results and 0 failures
[CascadeRouter] Round 14: 10 clients, 24578 parameters/client
[92mINFO [0m:      configure_evaluate: strategy sampled 10 clients (out of 10)
INFO:flwr:configure_evaluate: strategy sampled 10 clients (out of 10)
[36m(ClientAppActor pid=16519)[0m 
[36m(ClientAppActor pid=16519)[0m         
[36m(ClientAppActor pid=16519)[0m [93mWARNING [0m:   DEPRECATED FEATURE: `client_fn` now expects a signature `def client_fn(context: Context)`.The provided `client_fn` has signature: {'cid': <Parameter "cid: str">}. You can import the `Context` like this: `from flwr.app import Context`[32m [repeated 7x across cluster][0m
[36m(ClientAppActor pid=16519)[0m             This is a deprecated feature. It will be removed[32m [repeated 7x across cluster][0m
[36m(ClientAppActor pid=16519)[0m             entirely in future versions of Flower.[32m [repeated 7x across cluster][0m
[36m(ClientAppActor pid=16522)[0m 
[36m(ClientAppActor pid=16522)[0m         
[36m(ClientAppActor pid=16519)[0m 
[36m(ClientAppActor pid=16519)[0m         
[36m(ClientAppActor pid=16522)[0m 
[36m(ClientAppActor pid=16522)[0m         
[36m(ClientAppActor pid=16519)[0m 
[36m(ClientAppActor pid=16519)[0m         
[36m(ClientAppActor pid=16522)[0m 
[36m(ClientAppActor pid=16522)[0m         
[36m(ClientAppActor pid=16522)[0m 
[36m(ClientAppActor pid=16522)[0m         
[36m(ClientAppActor pid=16519)[0m 
[36m(ClientAppActor pid=16519)[0m         
[36m(ClientAppActor pid=16522)[0m 
[36m(ClientAppActor pid=16522)[0m         
[36m(ClientAppActor pid=16519)[0m 
[36m(ClientAppActor pid=16519)[0m         
[92mINFO [0m:      aggregate_evaluate: received 10 results and 0 failures
INFO:flwr:aggregate_evaluate: received 10 results and 0 failures
[92mINFO [0m:      
INFO:flwr:
[92mINFO [0m:      [ROUND 15]
INFO:flwr:[ROUND 15]
[92mINFO [0m:      configure_fit: strategy sampled 10 clients (out of 10)
INFO:flwr:configure_fit: strategy sampled 10 clients (out of 10)
[36m(ClientAppActor pid=16519)[0m 
[36m(ClientAppActor pid=16519)[0m         
[36m(ClientAppActor pid=16519)[0m [Client 7] Training on NVIDIA GeForce RTX 3060[32m [repeated 7x across cluster][0m
[36m(ClientAppActor pid=16522)[0m 
[36m(ClientAppActor pid=16522)[0m         
[36m(ClientAppActor pid=16522)[0m 
[36m(ClientAppActor pid=16522)[0m         
[36m(ClientAppActor pid=16522)[0m 
[36m(ClientAppActor pid=16522)[0m         
[36m(ClientAppActor pid=16522)[0m 
[36m(ClientAppActor pid=16522)[0m         
[36m(ClientAppActor pid=16522)[0m 
[36m(ClientAppActor pid=16522)[0m         
[36m(ClientAppActor pid=16522)[0m [93mWARNING [0m:   DEPRECATED FEATURE: `client_fn` now expects a signature `def client_fn(context: Context)`.The provided `client_fn` has signature: {'cid': <Parameter "cid: str">}. You can import the `Context` like this: `from flwr.app import Context`[32m [repeated 15x across cluster][0m
[36m(ClientAppActor pid=16522)[0m             This is a deprecated feature. It will be removed[32m [repeated 15x across cluster][0m
[36m(ClientAppActor pid=16522)[0m             entirely in future versions of Flower.[32m [repeated 15x across cluster][0m
[36m(ClientAppActor pid=16522)[0m [Client 2] Training on NVIDIA GeForce RTX 3060[32m [repeated 6x across cluster][0m
[36m(ClientAppActor pid=16522)[0m 
[36m(ClientAppActor pid=16522)[0m         
[36m(ClientAppActor pid=16522)[0m 
[36m(ClientAppActor pid=16522)[0m         
[36m(ClientAppActor pid=16519)[0m 
[36m(ClientAppActor pid=16519)[0m         
[36m(ClientAppActor pid=16519)[0m 
[36m(ClientAppActor pid=16519)[0m         
[92mINFO [0m:      aggregate_fit: received 10 results and 0 failures
INFO:flwr:aggregate_fit: received 10 results and 0 failures
[CascadeRouter] Round 15: 10 clients, 24578 parameters/client
[92mINFO [0m:      configure_evaluate: strategy sampled 10 clients (out of 10)
INFO:flwr:configure_evaluate: strategy sampled 10 clients (out of 10)
[36m(ClientAppActor pid=16519)[0m 
[36m(ClientAppActor pid=16519)[0m         
[36m(ClientAppActor pid=16519)[0m [93mWARNING [0m:   DEPRECATED FEATURE: `client_fn` now expects a signature `def client_fn(context: Context)`.The provided `client_fn` has signature: {'cid': <Parameter "cid: str">}. You can import the `Context` like this: `from flwr.app import Context`[32m [repeated 5x across cluster][0m
[36m(ClientAppActor pid=16519)[0m             This is a deprecated feature. It will be removed[32m [repeated 5x across cluster][0m
[36m(ClientAppActor pid=16519)[0m             entirely in future versions of Flower.[32m [repeated 5x across cluster][0m
[36m(ClientAppActor pid=16522)[0m 
[36m(ClientAppActor pid=16522)[0m         
[36m(ClientAppActor pid=16519)[0m 
[36m(ClientAppActor pid=16519)[0m         
[36m(ClientAppActor pid=16522)[0m 
[36m(ClientAppActor pid=16522)[0m         
[36m(ClientAppActor pid=16519)[0m 
[36m(ClientAppActor pid=16519)[0m         
[36m(ClientAppActor pid=16522)[0m 
[36m(ClientAppActor pid=16522)[0m         
[36m(ClientAppActor pid=16519)[0m 
[36m(ClientAppActor pid=16519)[0m         
[36m(ClientAppActor pid=16522)[0m 
[36m(ClientAppActor pid=16522)[0m         
[36m(ClientAppActor pid=16519)[0m 
[36m(ClientAppActor pid=16519)[0m         
[36m(ClientAppActor pid=16522)[0m 
[36m(ClientAppActor pid=16522)[0m         
[92mINFO [0m:      aggregate_evaluate: received 10 results and 0 failures
INFO:flwr:aggregate_evaluate: received 10 results and 0 failures
[92mINFO [0m:      
INFO:flwr:
[92mINFO [0m:      [ROUND 16]
INFO:flwr:[ROUND 16]
[92mINFO [0m:      configure_fit: strategy sampled 10 clients (out of 10)
INFO:flwr:configure_fit: strategy sampled 10 clients (out of 10)
[36m(ClientAppActor pid=16522)[0m [Client 8] Training on NVIDIA GeForce RTX 3060[32m [repeated 4x across cluster][0m
[36m(ClientAppActor pid=16522)[0m 
[36m(ClientAppActor pid=16522)[0m         
[36m(ClientAppActor pid=16519)[0m 
[36m(ClientAppActor pid=16519)[0m         
[36m(ClientAppActor pid=16522)[0m 
[36m(ClientAppActor pid=16522)[0m         
[36m(ClientAppActor pid=16522)[0m 
[36m(ClientAppActor pid=16522)[0m         
[36m(ClientAppActor pid=16519)[0m 
[36m(ClientAppActor pid=16519)[0m         
[36m(ClientAppActor pid=16519)[0m [93mWARNING [0m:   DEPRECATED FEATURE: `client_fn` now expects a signature `def client_fn(context: Context)`.The provided `client_fn` has signature: {'cid': <Parameter "cid: str">}. You can import the `Context` like this: `from flwr.app import Context`[32m [repeated 14x across cluster][0m
[36m(ClientAppActor pid=16519)[0m             This is a deprecated feature. It will be removed[32m [repeated 14x across cluster][0m
[36m(ClientAppActor pid=16519)[0m             entirely in future versions of Flower.[32m [repeated 14x across cluster][0m
[36m(ClientAppActor pid=16519)[0m [Client 7] Training on NVIDIA GeForce RTX 3060[32m [repeated 4x across cluster][0m
[36m(ClientAppActor pid=16522)[0m 
[36m(ClientAppActor pid=16522)[0m         
[36m(ClientAppActor pid=16522)[0m 
[36m(ClientAppActor pid=16522)[0m         
[36m(ClientAppActor pid=16522)[0m 
[36m(ClientAppActor pid=16522)[0m         
[36m(ClientAppActor pid=16522)[0m 
[36m(ClientAppActor pid=16522)[0m         
[36m(ClientAppActor pid=16522)[0m 
[36m(ClientAppActor pid=16522)[0m         
[92mINFO [0m:      aggregate_fit: received 10 results and 0 failures
INFO:flwr:aggregate_fit: received 10 results and 0 failures
[CascadeRouter] Round 16: 10 clients, 24578 parameters/client
[92mINFO [0m:      configure_evaluate: strategy sampled 10 clients (out of 10)
INFO:flwr:configure_evaluate: strategy sampled 10 clients (out of 10)
[36m(ClientAppActor pid=16519)[0m 
[36m(ClientAppActor pid=16519)[0m         
[36m(ClientAppActor pid=16519)[0m [93mWARNING [0m:   DEPRECATED FEATURE: `client_fn` now expects a signature `def client_fn(context: Context)`.The provided `client_fn` has signature: {'cid': <Parameter "cid: str">}. You can import the `Context` like this: `from flwr.app import Context`[32m [repeated 6x across cluster][0m
[36m(ClientAppActor pid=16519)[0m             This is a deprecated feature. It will be removed[32m [repeated 6x across cluster][0m
[36m(ClientAppActor pid=16519)[0m             entirely in future versions of Flower.[32m [repeated 6x across cluster][0m
[36m(ClientAppActor pid=16522)[0m 
[36m(ClientAppActor pid=16522)[0m         
[36m(ClientAppActor pid=16519)[0m 
[36m(ClientAppActor pid=16519)[0m         
[36m(ClientAppActor pid=16522)[0m 
[36m(ClientAppActor pid=16522)[0m         
[36m(ClientAppActor pid=16519)[0m 
[36m(ClientAppActor pid=16519)[0m         
[36m(ClientAppActor pid=16522)[0m 
[36m(ClientAppActor pid=16522)[0m         
[36m(ClientAppActor pid=16519)[0m 
[36m(ClientAppActor pid=16519)[0m         
[36m(ClientAppActor pid=16522)[0m 
[36m(ClientAppActor pid=16522)[0m         
[36m(ClientAppActor pid=16519)[0m 
[36m(ClientAppActor pid=16519)[0m         
[36m(ClientAppActor pid=16522)[0m 
[36m(ClientAppActor pid=16522)[0m         
[92mINFO [0m:      aggregate_evaluate: received 10 results and 0 failures
INFO:flwr:aggregate_evaluate: received 10 results and 0 failures
[92mINFO [0m:      
INFO:flwr:
[92mINFO [0m:      [ROUND 17]
INFO:flwr:[ROUND 17]
[92mINFO [0m:      configure_fit: strategy sampled 10 clients (out of 10)
INFO:flwr:configure_fit: strategy sampled 10 clients (out of 10)
[36m(ClientAppActor pid=16522)[0m [Client 4] Training on NVIDIA GeForce RTX 3060[32m [repeated 6x across cluster][0m
[36m(ClientAppActor pid=16522)[0m 
[36m(ClientAppActor pid=16522)[0m         
[36m(ClientAppActor pid=16519)[0m 
[36m(ClientAppActor pid=16519)[0m         
[36m(ClientAppActor pid=16522)[0m 
[36m(ClientAppActor pid=16522)[0m         
[36m(ClientAppActor pid=16522)[0m 
[36m(ClientAppActor pid=16522)[0m         
[36m(ClientAppActor pid=16522)[0m 
[36m(ClientAppActor pid=16522)[0m         
[36m(ClientAppActor pid=16522)[0m [Client 5] Training on NVIDIA GeForce RTX 3060[32m [repeated 5x across cluster][0m
[36m(ClientAppActor pid=16522)[0m 
[36m(ClientAppActor pid=16522)[0m         
[36m(ClientAppActor pid=16522)[0m [93mWARNING [0m:   DEPRECATED FEATURE: `client_fn` now expects a signature `def client_fn(context: Context)`.The provided `client_fn` has signature: {'cid': <Parameter "cid: str">}. You can import the `Context` like this: `from flwr.app import Context`[32m [repeated 15x across cluster][0m
[36m(ClientAppActor pid=16522)[0m             This is a deprecated feature. It will be removed[32m [repeated 15x across cluster][0m
[36m(ClientAppActor pid=16522)[0m             entirely in future versions of Flower.[32m [repeated 15x across cluster][0m
[36m(ClientAppActor pid=16522)[0m 
[36m(ClientAppActor pid=16522)[0m         
[36m(ClientAppActor pid=16519)[0m 
[36m(ClientAppActor pid=16519)[0m         
[36m(ClientAppActor pid=16522)[0m 
[36m(ClientAppActor pid=16522)[0m         
[36m(ClientAppActor pid=16519)[0m 
[36m(ClientAppActor pid=16519)[0m         
[92mINFO [0m:      aggregate_fit: received 10 results and 0 failures
INFO:flwr:aggregate_fit: received 10 results and 0 failures
[CascadeRouter] Round 17: 10 clients, 24578 parameters/client
[92mINFO [0m:      configure_evaluate: strategy sampled 10 clients (out of 10)
INFO:flwr:configure_evaluate: strategy sampled 10 clients (out of 10)
[36m(ClientAppActor pid=16519)[0m 
[36m(ClientAppActor pid=16519)[0m         
[36m(ClientAppActor pid=16522)[0m 
[36m(ClientAppActor pid=16522)[0m         
[36m(ClientAppActor pid=16519)[0m 
[36m(ClientAppActor pid=16519)[0m         
[36m(ClientAppActor pid=16522)[0m 
[36m(ClientAppActor pid=16522)[0m         
[36m(ClientAppActor pid=16519)[0m 
[36m(ClientAppActor pid=16519)[0m         
[36m(ClientAppActor pid=16522)[0m 
[36m(ClientAppActor pid=16522)[0m         
[36m(ClientAppActor pid=16519)[0m 
[36m(ClientAppActor pid=16519)[0m         
[36m(ClientAppActor pid=16519)[0m [93mWARNING [0m:   DEPRECATED FEATURE: `client_fn` now expects a signature `def client_fn(context: Context)`.The provided `client_fn` has signature: {'cid': <Parameter "cid: str">}. You can import the `Context` like this: `from flwr.app import Context`[32m [repeated 11x across cluster][0m
[36m(ClientAppActor pid=16519)[0m             This is a deprecated feature. It will be removed[32m [repeated 11x across cluster][0m
[36m(ClientAppActor pid=16519)[0m             entirely in future versions of Flower.[32m [repeated 11x across cluster][0m
[36m(ClientAppActor pid=16522)[0m 
[36m(ClientAppActor pid=16522)[0m         
[36m(ClientAppActor pid=16519)[0m 
[36m(ClientAppActor pid=16519)[0m         
[36m(ClientAppActor pid=16522)[0m 
[36m(ClientAppActor pid=16522)[0m         
[92mINFO [0m:      aggregate_evaluate: received 10 results and 0 failures
INFO:flwr:aggregate_evaluate: received 10 results and 0 failures
[92mINFO [0m:      
INFO:flwr:
[92mINFO [0m:      [ROUND 18]
INFO:flwr:[ROUND 18]
[92mINFO [0m:      configure_fit: strategy sampled 10 clients (out of 10)
INFO:flwr:configure_fit: strategy sampled 10 clients (out of 10)
[36m(ClientAppActor pid=16522)[0m [Client 8] Training on NVIDIA GeForce RTX 3060[32m [repeated 5x across cluster][0m
[36m(ClientAppActor pid=16519)[0m 
[36m(ClientAppActor pid=16519)[0m         
[36m(ClientAppActor pid=16522)[0m 
[36m(ClientAppActor pid=16522)[0m         
[36m(ClientAppActor pid=16522)[0m 
[36m(ClientAppActor pid=16522)[0m         
[36m(ClientAppActor pid=16522)[0m 
[36m(ClientAppActor pid=16522)[0m         
[36m(ClientAppActor pid=16522)[0m [Client 6] Training on NVIDIA GeForce RTX 3060[32m [repeated 4x across cluster][0m
[36m(ClientAppActor pid=16522)[0m 
[36m(ClientAppActor pid=16522)[0m         
[36m(ClientAppActor pid=16522)[0m [93mWARNING [0m:   DEPRECATED FEATURE: `client_fn` now expects a signature `def client_fn(context: Context)`.The provided `client_fn` has signature: {'cid': <Parameter "cid: str">}. You can import the `Context` like this: `from flwr.app import Context`[32m [repeated 8x across cluster][0m
[36m(ClientAppActor pid=16522)[0m             This is a deprecated feature. It will be removed[32m [repeated 8x across cluster][0m
[36m(ClientAppActor pid=16522)[0m             entirely in future versions of Flower.[32m [repeated 8x across cluster][0m
[36m(ClientAppActor pid=16519)[0m 
[36m(ClientAppActor pid=16519)[0m         
[36m(ClientAppActor pid=16519)[0m 
[36m(ClientAppActor pid=16519)[0m         
[36m(ClientAppActor pid=16522)[0m 
[36m(ClientAppActor pid=16522)[0m         
[36m(ClientAppActor pid=16519)[0m 
[36m(ClientAppActor pid=16519)[0m         
[36m(ClientAppActor pid=16519)[0m 
[36m(ClientAppActor pid=16519)[0m         
[92mINFO [0m:      aggregate_fit: received 10 results and 0 failures
INFO:flwr:aggregate_fit: received 10 results and 0 failures
[CascadeRouter] Round 18: 10 clients, 24578 parameters/client
[92mINFO [0m:      configure_evaluate: strategy sampled 10 clients (out of 10)
INFO:flwr:configure_evaluate: strategy sampled 10 clients (out of 10)
[36m(ClientAppActor pid=16519)[0m 
[36m(ClientAppActor pid=16519)[0m         
[36m(ClientAppActor pid=16519)[0m [93mWARNING [0m:   DEPRECATED FEATURE: `client_fn` now expects a signature `def client_fn(context: Context)`.The provided `client_fn` has signature: {'cid': <Parameter "cid: str">}. You can import the `Context` like this: `from flwr.app import Context`[32m [repeated 6x across cluster][0m
[36m(ClientAppActor pid=16519)[0m             This is a deprecated feature. It will be removed[32m [repeated 6x across cluster][0m
[36m(ClientAppActor pid=16519)[0m             entirely in future versions of Flower.[32m [repeated 6x across cluster][0m
[36m(ClientAppActor pid=16522)[0m 
[36m(ClientAppActor pid=16522)[0m         
[36m(ClientAppActor pid=16519)[0m 
[36m(ClientAppActor pid=16519)[0m         
[36m(ClientAppActor pid=16522)[0m 
[36m(ClientAppActor pid=16522)[0m         
[36m(ClientAppActor pid=16519)[0m 
[36m(ClientAppActor pid=16519)[0m         
[36m(ClientAppActor pid=16522)[0m 
[36m(ClientAppActor pid=16522)[0m         
[36m(ClientAppActor pid=16519)[0m 
[36m(ClientAppActor pid=16519)[0m         
[36m(ClientAppActor pid=16522)[0m 
[36m(ClientAppActor pid=16522)[0m         
[36m(ClientAppActor pid=16522)[0m 
[36m(ClientAppActor pid=16522)[0m         
[36m(ClientAppActor pid=16519)[0m 
[36m(ClientAppActor pid=16519)[0m         
[92mINFO [0m:      aggregate_evaluate: received 10 results and 0 failures
INFO:flwr:aggregate_evaluate: received 10 results and 0 failures
[92mINFO [0m:      
INFO:flwr:
[92mINFO [0m:      [ROUND 19]
INFO:flwr:[ROUND 19]
[92mINFO [0m:      configure_fit: strategy sampled 10 clients (out of 10)
INFO:flwr:configure_fit: strategy sampled 10 clients (out of 10)
[36m(ClientAppActor pid=16519)[0m 
[36m(ClientAppActor pid=16519)[0m         
[36m(ClientAppActor pid=16519)[0m [Client 8] Training on NVIDIA GeForce RTX 3060[32m [repeated 6x across cluster][0m
[36m(ClientAppActor pid=16522)[0m 
[36m(ClientAppActor pid=16522)[0m         
[36m(ClientAppActor pid=16519)[0m 
[36m(ClientAppActor pid=16519)[0m         
[36m(ClientAppActor pid=16519)[0m 
[36m(ClientAppActor pid=16519)[0m         
[36m(ClientAppActor pid=16519)[0m [93mWARNING [0m:   DEPRECATED FEATURE: `client_fn` now expects a signature `def client_fn(context: Context)`.The provided `client_fn` has signature: {'cid': <Parameter "cid: str">}. You can import the `Context` like this: `from flwr.app import Context`[32m [repeated 13x across cluster][0m
[36m(ClientAppActor pid=16519)[0m             This is a deprecated feature. It will be removed[32m [repeated 13x across cluster][0m
[36m(ClientAppActor pid=16519)[0m             entirely in future versions of Flower.[32m [repeated 13x across cluster][0m
[36m(ClientAppActor pid=16522)[0m [Client 7] Training on NVIDIA GeForce RTX 3060[32m [repeated 4x across cluster][0m
[36m(ClientAppActor pid=16522)[0m 
[36m(ClientAppActor pid=16522)[0m         
[36m(ClientAppActor pid=16519)[0m 
[36m(ClientAppActor pid=16519)[0m         
[36m(ClientAppActor pid=16519)[0m 
[36m(ClientAppActor pid=16519)[0m         
[36m(ClientAppActor pid=16519)[0m 
[36m(ClientAppActor pid=16519)[0m         
[36m(ClientAppActor pid=16519)[0m 
[36m(ClientAppActor pid=16519)[0m         
[36m(ClientAppActor pid=16519)[0m 
[36m(ClientAppActor pid=16519)[0m         
[92mINFO [0m:      aggregate_fit: received 10 results and 0 failures
INFO:flwr:aggregate_fit: received 10 results and 0 failures
[CascadeRouter] Round 19: 10 clients, 24578 parameters/client
[92mINFO [0m:      configure_evaluate: strategy sampled 10 clients (out of 10)
INFO:flwr:configure_evaluate: strategy sampled 10 clients (out of 10)
[36m(ClientAppActor pid=16522)[0m 
[36m(ClientAppActor pid=16522)[0m         
[36m(ClientAppActor pid=16522)[0m [93mWARNING [0m:   DEPRECATED FEATURE: `client_fn` now expects a signature `def client_fn(context: Context)`.The provided `client_fn` has signature: {'cid': <Parameter "cid: str">}. You can import the `Context` like this: `from flwr.app import Context`[32m [repeated 7x across cluster][0m
[36m(ClientAppActor pid=16522)[0m             This is a deprecated feature. It will be removed[32m [repeated 7x across cluster][0m
[36m(ClientAppActor pid=16522)[0m             entirely in future versions of Flower.[32m [repeated 7x across cluster][0m
[36m(ClientAppActor pid=16519)[0m 
[36m(ClientAppActor pid=16519)[0m         
[36m(ClientAppActor pid=16519)[0m 
[36m(ClientAppActor pid=16519)[0m         
[36m(ClientAppActor pid=16522)[0m 
[36m(ClientAppActor pid=16522)[0m         
[36m(ClientAppActor pid=16522)[0m 
[36m(ClientAppActor pid=16522)[0m         
[36m(ClientAppActor pid=16519)[0m 
[36m(ClientAppActor pid=16519)[0m         
[36m(ClientAppActor pid=16522)[0m 
[36m(ClientAppActor pid=16522)[0m         
[36m(ClientAppActor pid=16519)[0m 
[36m(ClientAppActor pid=16519)[0m         
[36m(ClientAppActor pid=16522)[0m 
[36m(ClientAppActor pid=16522)[0m         
[36m(ClientAppActor pid=16519)[0m 
[36m(ClientAppActor pid=16519)[0m         
[92mINFO [0m:      aggregate_evaluate: received 10 results and 0 failures
INFO:flwr:aggregate_evaluate: received 10 results and 0 failures
[92mINFO [0m:      
INFO:flwr:
[92mINFO [0m:      [ROUND 20]
INFO:flwr:[ROUND 20]
[92mINFO [0m:      configure_fit: strategy sampled 10 clients (out of 10)
INFO:flwr:configure_fit: strategy sampled 10 clients (out of 10)
[36m(ClientAppActor pid=16522)[0m [Client 0] Training on NVIDIA GeForce RTX 3060[32m [repeated 6x across cluster][0m
[36m(ClientAppActor pid=16519)[0m 
[36m(ClientAppActor pid=16519)[0m         
[36m(ClientAppActor pid=16522)[0m 
[36m(ClientAppActor pid=16522)[0m         
[36m(ClientAppActor pid=16519)[0m 
[36m(ClientAppActor pid=16519)[0m         
[36m(ClientAppActor pid=16519)[0m 
[36m(ClientAppActor pid=16519)[0m         
[36m(ClientAppActor pid=16519)[0m 
[36m(ClientAppActor pid=16519)[0m         
[36m(ClientAppActor pid=16519)[0m [93mWARNING [0m:   DEPRECATED FEATURE: `client_fn` now expects a signature `def client_fn(context: Context)`.The provided `client_fn` has signature: {'cid': <Parameter "cid: str">}. You can import the `Context` like this: `from flwr.app import Context`[32m [repeated 14x across cluster][0m
[36m(ClientAppActor pid=16519)[0m             This is a deprecated feature. It will be removed[32m [repeated 14x across cluster][0m
[36m(ClientAppActor pid=16519)[0m             entirely in future versions of Flower.[32m [repeated 14x across cluster][0m
[36m(ClientAppActor pid=16519)[0m 
[36m(ClientAppActor pid=16519)[0m         
[36m(ClientAppActor pid=16519)[0m 
[36m(ClientAppActor pid=16519)[0m         
[36m(ClientAppActor pid=16522)[0m [Client 3] Training on NVIDIA GeForce RTX 3060[32m [repeated 7x across cluster][0m
[36m(ClientAppActor pid=16522)[0m 
[36m(ClientAppActor pid=16522)[0m         
[36m(ClientAppActor pid=16522)[0m 
[36m(ClientAppActor pid=16522)[0m         
[36m(ClientAppActor pid=16522)[0m 
[36m(ClientAppActor pid=16522)[0m         
[36m(ClientAppActor pid=16522)[0m [93mWARNING [0m:   DEPRECATED FEATURE: `client_fn` now expects a signature `def client_fn(context: Context)`.The provided `client_fn` has signature: {'cid': <Parameter "cid: str">}. You can import the `Context` like this: `from flwr.app import Context`[32m [repeated 5x across cluster][0m
[36m(ClientAppActor pid=16522)[0m             This is a deprecated feature. It will be removed[32m [repeated 5x across cluster][0m
[36m(ClientAppActor pid=16522)[0m             entirely in future versions of Flower.[32m [repeated 5x across cluster][0m
[92mINFO [0m:      aggregate_fit: received 10 results and 0 failures
INFO:flwr:aggregate_fit: received 10 results and 0 failures
[CascadeRouter] Round 20: 10 clients, 24578 parameters/client
[92mINFO [0m:      configure_evaluate: strategy sampled 10 clients (out of 10)
INFO:flwr:configure_evaluate: strategy sampled 10 clients (out of 10)
[36m(ClientAppActor pid=16519)[0m 
[36m(ClientAppActor pid=16519)[0m         
[36m(ClientAppActor pid=16522)[0m 
[36m(ClientAppActor pid=16522)[0m         
[36m(ClientAppActor pid=16519)[0m 
[36m(ClientAppActor pid=16519)[0m         
[36m(ClientAppActor pid=16522)[0m 
[36m(ClientAppActor pid=16522)[0m         
[36m(ClientAppActor pid=16519)[0m 
[36m(ClientAppActor pid=16519)[0m         
[36m(ClientAppActor pid=16522)[0m 
[36m(ClientAppActor pid=16522)[0m         
[36m(ClientAppActor pid=16519)[0m 
[36m(ClientAppActor pid=16519)[0m         
[36m(ClientAppActor pid=16522)[0m 
[36m(ClientAppActor pid=16522)[0m         
[36m(ClientAppActor pid=16519)[0m 
[36m(ClientAppActor pid=16519)[0m         
[36m(ClientAppActor pid=16522)[0m 
[36m(ClientAppActor pid=16522)[0m         
[92mINFO [0m:      aggregate_evaluate: received 10 results and 0 failures
INFO:flwr:aggregate_evaluate: received 10 results and 0 failures
[92mINFO [0m:      
INFO:flwr:
[92mINFO [0m:      [ROUND 21]
INFO:flwr:[ROUND 21]
[92mINFO [0m:      configure_fit: strategy sampled 10 clients (out of 10)
INFO:flwr:configure_fit: strategy sampled 10 clients (out of 10)
[36m(ClientAppActor pid=16522)[0m [Client 6] Training on NVIDIA GeForce RTX 3060[32m [repeated 3x across cluster][0m
[36m(ClientAppActor pid=16522)[0m 
[36m(ClientAppActor pid=16522)[0m         
[36m(ClientAppActor pid=16519)[0m 
[36m(ClientAppActor pid=16519)[0m         
[36m(ClientAppActor pid=16522)[0m 
[36m(ClientAppActor pid=16522)[0m         
[36m(ClientAppActor pid=16522)[0m [93mWARNING [0m:   DEPRECATED FEATURE: `client_fn` now expects a signature `def client_fn(context: Context)`.The provided `client_fn` has signature: {'cid': <Parameter "cid: str">}. You can import the `Context` like this: `from flwr.app import Context`[32m [repeated 13x across cluster][0m
[36m(ClientAppActor pid=16522)[0m             This is a deprecated feature. It will be removed[32m [repeated 13x across cluster][0m
[36m(ClientAppActor pid=16522)[0m             entirely in future versions of Flower.[32m [repeated 13x across cluster][0m
[36m(ClientAppActor pid=16519)[0m 
[36m(ClientAppActor pid=16519)[0m         
[36m(ClientAppActor pid=16519)[0m [93mWARNING [0m:   DEPRECATED FEATURE: `client_fn` now expects a signature `def client_fn(context: Context)`.The provided `client_fn` has signature: {'cid': <Parameter "cid: str">}. You can import the `Context` like this: `from flwr.app import Context`
[36m(ClientAppActor pid=16519)[0m             This is a deprecated feature. It will be removed
[36m(ClientAppActor pid=16519)[0m             entirely in future versions of Flower.
[36m(ClientAppActor pid=16519)[0m [Client 1] Training on NVIDIA GeForce RTX 3060[32m [repeated 3x across cluster][0m
[36m(ClientAppActor pid=16522)[0m [93mWARNING [0m:   DEPRECATED FEATURE: `client_fn` now expects a signature `def client_fn(context: Context)`.The provided `client_fn` has signature: {'cid': <Parameter "cid: str">}. You can import the `Context` like this: `from flwr.app import Context`
[36m(ClientAppActor pid=16522)[0m 
[36m(ClientAppActor pid=16522)[0m             This is a deprecated feature. It will be removed
[36m(ClientAppActor pid=16522)[0m             entirely in future versions of Flower.
[36m(ClientAppActor pid=16522)[0m         
[36m(ClientAppActor pid=16522)[0m [93mWARNING [0m:   DEPRECATED FEATURE: `client_fn` now expects a signature `def client_fn(context: Context)`.The provided `client_fn` has signature: {'cid': <Parameter "cid: str">}. You can import the `Context` like this: `from flwr.app import Context`
[36m(ClientAppActor pid=16522)[0m 
[36m(ClientAppActor pid=16522)[0m             This is a deprecated feature. It will be removed
[36m(ClientAppActor pid=16522)[0m             entirely in future versions of Flower.
[36m(ClientAppActor pid=16522)[0m         
[36m(ClientAppActor pid=16519)[0m 
[36m(ClientAppActor pid=16519)[0m         
[36m(ClientAppActor pid=16519)[0m 
[36m(ClientAppActor pid=16519)[0m         
[36m(ClientAppActor pid=16522)[0m 
[36m(ClientAppActor pid=16522)[0m         
[36m(ClientAppActor pid=16519)[0m 
[36m(ClientAppActor pid=16519)[0m         
[92mINFO [0m:      aggregate_fit: received 10 results and 0 failures
INFO:flwr:aggregate_fit: received 10 results and 0 failures
[CascadeRouter] Round 21: 10 clients, 24578 parameters/client
[92mINFO [0m:      configure_evaluate: strategy sampled 10 clients (out of 10)
INFO:flwr:configure_evaluate: strategy sampled 10 clients (out of 10)
[36m(ClientAppActor pid=16519)[0m 
[36m(ClientAppActor pid=16519)[0m         
[36m(ClientAppActor pid=16522)[0m 
[36m(ClientAppActor pid=16522)[0m         
[36m(ClientAppActor pid=16519)[0m 
[36m(ClientAppActor pid=16519)[0m         
[36m(ClientAppActor pid=16522)[0m 
[36m(ClientAppActor pid=16522)[0m         
[36m(ClientAppActor pid=16519)[0m 
[36m(ClientAppActor pid=16519)[0m         
[36m(ClientAppActor pid=16522)[0m 
[36m(ClientAppActor pid=16522)[0m         
[36m(ClientAppActor pid=16519)[0m 
[36m(ClientAppActor pid=16519)[0m         
[36m(ClientAppActor pid=16522)[0m 
[36m(ClientAppActor pid=16522)[0m         
[36m(ClientAppActor pid=16519)[0m 
[36m(ClientAppActor pid=16519)[0m         
[36m(ClientAppActor pid=16522)[0m 
[36m(ClientAppActor pid=16522)[0m         
[92mINFO [0m:      aggregate_evaluate: received 10 results and 0 failures
INFO:flwr:aggregate_evaluate: received 10 results and 0 failures
[92mINFO [0m:      
INFO:flwr:
[92mINFO [0m:      [ROUND 22]
INFO:flwr:[ROUND 22]
[92mINFO [0m:      configure_fit: strategy sampled 10 clients (out of 10)
INFO:flwr:configure_fit: strategy sampled 10 clients (out of 10)
[36m(ClientAppActor pid=16522)[0m 
[36m(ClientAppActor pid=16522)[0m         
[36m(ClientAppActor pid=16519)[0m 
[36m(ClientAppActor pid=16519)[0m         
[36m(ClientAppActor pid=16522)[0m [Client 5] Training on NVIDIA GeForce RTX 3060[32m [repeated 9x across cluster][0m
[36m(ClientAppActor pid=16522)[0m 
[36m(ClientAppActor pid=16522)[0m         
[36m(ClientAppActor pid=16522)[0m [93mWARNING [0m:   DEPRECATED FEATURE: `client_fn` now expects a signature `def client_fn(context: Context)`.The provided `client_fn` has signature: {'cid': <Parameter "cid: str">}. You can import the `Context` like this: `from flwr.app import Context`[32m [repeated 17x across cluster][0m
[36m(ClientAppActor pid=16522)[0m             This is a deprecated feature. It will be removed[32m [repeated 17x across cluster][0m
[36m(ClientAppActor pid=16522)[0m             entirely in future versions of Flower.[32m [repeated 17x across cluster][0m
[36m(ClientAppActor pid=16522)[0m 
[36m(ClientAppActor pid=16522)[0m         
[36m(ClientAppActor pid=16519)[0m 
[36m(ClientAppActor pid=16519)[0m         
[36m(ClientAppActor pid=16522)[0m 
[36m(ClientAppActor pid=16522)[0m         
[36m(ClientAppActor pid=16519)[0m 
[36m(ClientAppActor pid=16519)[0m         
[36m(ClientAppActor pid=16519)[0m 
[36m(ClientAppActor pid=16519)[0m         
[36m(ClientAppActor pid=16519)[0m 
[36m(ClientAppActor pid=16519)[0m         
[36m(ClientAppActor pid=16519)[0m 
[36m(ClientAppActor pid=16519)[0m         
[92mINFO [0m:      aggregate_fit: received 10 results and 0 failures
INFO:flwr:aggregate_fit: received 10 results and 0 failures
[CascadeRouter] Round 22: 10 clients, 24578 parameters/client
[92mINFO [0m:      configure_evaluate: strategy sampled 10 clients (out of 10)
INFO:flwr:configure_evaluate: strategy sampled 10 clients (out of 10)
[36m(ClientAppActor pid=16522)[0m 
[36m(ClientAppActor pid=16522)[0m         
[36m(ClientAppActor pid=16522)[0m [93mWARNING [0m:   DEPRECATED FEATURE: `client_fn` now expects a signature `def client_fn(context: Context)`.The provided `client_fn` has signature: {'cid': <Parameter "cid: str">}. You can import the `Context` like this: `from flwr.app import Context`[32m [repeated 8x across cluster][0m
[36m(ClientAppActor pid=16522)[0m             This is a deprecated feature. It will be removed[32m [repeated 8x across cluster][0m
[36m(ClientAppActor pid=16522)[0m             entirely in future versions of Flower.[32m [repeated 8x across cluster][0m
[36m(ClientAppActor pid=16519)[0m 
[36m(ClientAppActor pid=16519)[0m         
[36m(ClientAppActor pid=16522)[0m 
[36m(ClientAppActor pid=16522)[0m         
[36m(ClientAppActor pid=16519)[0m 
[36m(ClientAppActor pid=16519)[0m         
[36m(ClientAppActor pid=16519)[0m 
[36m(ClientAppActor pid=16519)[0m         
[36m(ClientAppActor pid=16522)[0m 
[36m(ClientAppActor pid=16522)[0m         
[36m(ClientAppActor pid=16519)[0m 
[36m(ClientAppActor pid=16519)[0m         
[36m(ClientAppActor pid=16522)[0m 
[36m(ClientAppActor pid=16522)[0m         
[36m(ClientAppActor pid=16522)[0m 
[36m(ClientAppActor pid=16522)[0m         
[36m(ClientAppActor pid=16519)[0m 
[36m(ClientAppActor pid=16519)[0m         
[92mINFO [0m:      aggregate_evaluate: received 10 results and 0 failures
INFO:flwr:aggregate_evaluate: received 10 results and 0 failures
[92mINFO [0m:      
INFO:flwr:
[92mINFO [0m:      [ROUND 23]
INFO:flwr:[ROUND 23]
[92mINFO [0m:      configure_fit: strategy sampled 10 clients (out of 10)
INFO:flwr:configure_fit: strategy sampled 10 clients (out of 10)
[36m(ClientAppActor pid=16522)[0m [Client 5] Training on NVIDIA GeForce RTX 3060[32m [repeated 8x across cluster][0m
[36m(ClientAppActor pid=16519)[0m 
[36m(ClientAppActor pid=16519)[0m         
[36m(ClientAppActor pid=16522)[0m 
[36m(ClientAppActor pid=16522)[0m         
[36m(ClientAppActor pid=16522)[0m 
[36m(ClientAppActor pid=16522)[0m         
[36m(ClientAppActor pid=16519)[0m 
[36m(ClientAppActor pid=16519)[0m         
[36m(ClientAppActor pid=16519)[0m 
[36m(ClientAppActor pid=16519)[0m         
[36m(ClientAppActor pid=16522)[0m 
[36m(ClientAppActor pid=16522)[0m         
[36m(ClientAppActor pid=16522)[0m 
[36m(ClientAppActor pid=16522)[0m         
[36m(ClientAppActor pid=16522)[0m [Client 1] Training on NVIDIA GeForce RTX 3060[32m [repeated 7x across cluster][0m
[36m(ClientAppActor pid=16522)[0m 
[36m(ClientAppActor pid=16522)[0m         
[36m(ClientAppActor pid=16522)[0m [93mWARNING [0m:   DEPRECATED FEATURE: `client_fn` now expects a signature `def client_fn(context: Context)`.The provided `client_fn` has signature: {'cid': <Parameter "cid: str">}. You can import the `Context` like this: `from flwr.app import Context`[32m [repeated 17x across cluster][0m
[36m(ClientAppActor pid=16522)[0m             This is a deprecated feature. It will be removed[32m [repeated 17x across cluster][0m
[36m(ClientAppActor pid=16522)[0m             entirely in future versions of Flower.[32m [repeated 17x across cluster][0m
[36m(ClientAppActor pid=16522)[0m 
[36m(ClientAppActor pid=16522)[0m         
[36m(ClientAppActor pid=16522)[0m 
[36m(ClientAppActor pid=16522)[0m         
[92mINFO [0m:      aggregate_fit: received 10 results and 0 failures
INFO:flwr:aggregate_fit: received 10 results and 0 failures
[CascadeRouter] Round 23: 10 clients, 24578 parameters/client
[92mINFO [0m:      configure_evaluate: strategy sampled 10 clients (out of 10)
INFO:flwr:configure_evaluate: strategy sampled 10 clients (out of 10)
[36m(ClientAppActor pid=16519)[0m 
[36m(ClientAppActor pid=16519)[0m         
[36m(ClientAppActor pid=16519)[0m [93mWARNING [0m:   DEPRECATED FEATURE: `client_fn` now expects a signature `def client_fn(context: Context)`.The provided `client_fn` has signature: {'cid': <Parameter "cid: str">}. You can import the `Context` like this: `from flwr.app import Context`[32m [repeated 3x across cluster][0m
[36m(ClientAppActor pid=16519)[0m             This is a deprecated feature. It will be removed[32m [repeated 3x across cluster][0m
[36m(ClientAppActor pid=16519)[0m             entirely in future versions of Flower.[32m [repeated 3x across cluster][0m
[36m(ClientAppActor pid=16522)[0m 
[36m(ClientAppActor pid=16522)[0m         
[36m(ClientAppActor pid=16519)[0m 
[36m(ClientAppActor pid=16519)[0m         
[36m(ClientAppActor pid=16522)[0m 
[36m(ClientAppActor pid=16522)[0m         
[36m(ClientAppActor pid=16519)[0m 
[36m(ClientAppActor pid=16519)[0m         
[36m(ClientAppActor pid=16522)[0m 
[36m(ClientAppActor pid=16522)[0m         
[36m(ClientAppActor pid=16522)[0m 
[36m(ClientAppActor pid=16522)[0m         
[36m(ClientAppActor pid=16519)[0m 
[36m(ClientAppActor pid=16519)[0m         
[36m(ClientAppActor pid=16522)[0m 
[36m(ClientAppActor pid=16522)[0m         
[36m(ClientAppActor pid=16519)[0m 
[36m(ClientAppActor pid=16519)[0m         
[92mINFO [0m:      aggregate_evaluate: received 10 results and 0 failures
INFO:flwr:aggregate_evaluate: received 10 results and 0 failures
[92mINFO [0m:      
INFO:flwr:
[92mINFO [0m:      [ROUND 24]
INFO:flwr:[ROUND 24]
[92mINFO [0m:      configure_fit: strategy sampled 10 clients (out of 10)
INFO:flwr:configure_fit: strategy sampled 10 clients (out of 10)
[36m(ClientAppActor pid=16519)[0m 
[36m(ClientAppActor pid=16519)[0m         
[36m(ClientAppActor pid=16519)[0m [Client 7] Training on NVIDIA GeForce RTX 3060[32m [repeated 3x across cluster][0m
[36m(ClientAppActor pid=16522)[0m 
[36m(ClientAppActor pid=16522)[0m         
[36m(ClientAppActor pid=16522)[0m 
[36m(ClientAppActor pid=16522)[0m         
[36m(ClientAppActor pid=16522)[0m 
[36m(ClientAppActor pid=16522)[0m         
[36m(ClientAppActor pid=16522)[0m 
[36m(ClientAppActor pid=16522)[0m         
[36m(ClientAppActor pid=16522)[0m 
[36m(ClientAppActor pid=16522)[0m         
[36m(ClientAppActor pid=16522)[0m [93mWARNING [0m:   DEPRECATED FEATURE: `client_fn` now expects a signature `def client_fn(context: Context)`.The provided `client_fn` has signature: {'cid': <Parameter "cid: str">}. You can import the `Context` like this: `from flwr.app import Context`[32m [repeated 15x across cluster][0m
[36m(ClientAppActor pid=16522)[0m             This is a deprecated feature. It will be removed[32m [repeated 15x across cluster][0m
[36m(ClientAppActor pid=16522)[0m             entirely in future versions of Flower.[32m [repeated 15x across cluster][0m
[36m(ClientAppActor pid=16522)[0m 
[36m(ClientAppActor pid=16522)[0m         
[36m(ClientAppActor pid=16519)[0m 
[36m(ClientAppActor pid=16519)[0m         
[36m(ClientAppActor pid=16519)[0m [Client 4] Training on NVIDIA GeForce RTX 3060[32m [repeated 7x across cluster][0m
[36m(ClientAppActor pid=16522)[0m 
[36m(ClientAppActor pid=16522)[0m         
[36m(ClientAppActor pid=16522)[0m 
[36m(ClientAppActor pid=16522)[0m         
[92mINFO [0m:      aggregate_fit: received 10 results and 0 failures
INFO:flwr:aggregate_fit: received 10 results and 0 failures
[CascadeRouter] Round 24: 10 clients, 24578 parameters/client
[92mINFO [0m:      configure_evaluate: strategy sampled 10 clients (out of 10)
INFO:flwr:configure_evaluate: strategy sampled 10 clients (out of 10)
[36m(ClientAppActor pid=16522)[0m 
[36m(ClientAppActor pid=16522)[0m         
[36m(ClientAppActor pid=16522)[0m [93mWARNING [0m:   DEPRECATED FEATURE: `client_fn` now expects a signature `def client_fn(context: Context)`.The provided `client_fn` has signature: {'cid': <Parameter "cid: str">}. You can import the `Context` like this: `from flwr.app import Context`[32m [repeated 5x across cluster][0m
[36m(ClientAppActor pid=16522)[0m             This is a deprecated feature. It will be removed[32m [repeated 5x across cluster][0m
[36m(ClientAppActor pid=16522)[0m             entirely in future versions of Flower.[32m [repeated 5x across cluster][0m
[36m(ClientAppActor pid=16519)[0m 
[36m(ClientAppActor pid=16519)[0m         
[36m(ClientAppActor pid=16522)[0m 
[36m(ClientAppActor pid=16522)[0m         
[36m(ClientAppActor pid=16519)[0m 
[36m(ClientAppActor pid=16519)[0m         
[36m(ClientAppActor pid=16522)[0m 
[36m(ClientAppActor pid=16522)[0m         
[36m(ClientAppActor pid=16519)[0m 
[36m(ClientAppActor pid=16519)[0m         
[36m(ClientAppActor pid=16522)[0m 
[36m(ClientAppActor pid=16522)[0m         
[36m(ClientAppActor pid=16519)[0m 
[36m(ClientAppActor pid=16519)[0m         
[36m(ClientAppActor pid=16519)[0m 
[36m(ClientAppActor pid=16519)[0m         
[36m(ClientAppActor pid=16522)[0m 
[36m(ClientAppActor pid=16522)[0m         
[92mINFO [0m:      aggregate_evaluate: received 10 results and 0 failures
INFO:flwr:aggregate_evaluate: received 10 results and 0 failures
[92mINFO [0m:      
INFO:flwr:
[92mINFO [0m:      [ROUND 25]
INFO:flwr:[ROUND 25]
[92mINFO [0m:      configure_fit: strategy sampled 10 clients (out of 10)
INFO:flwr:configure_fit: strategy sampled 10 clients (out of 10)
[36m(ClientAppActor pid=16522)[0m [Client 0] Training on NVIDIA GeForce RTX 3060[32m [repeated 3x across cluster][0m
[36m(ClientAppActor pid=16519)[0m 
[36m(ClientAppActor pid=16519)[0m         
[36m(ClientAppActor pid=16522)[0m 
[36m(ClientAppActor pid=16522)[0m         
[36m(ClientAppActor pid=16519)[0m 
[36m(ClientAppActor pid=16519)[0m         
[36m(ClientAppActor pid=16519)[0m 
[36m(ClientAppActor pid=16519)[0m         
[36m(ClientAppActor pid=16519)[0m 
[36m(ClientAppActor pid=16519)[0m         
[36m(ClientAppActor pid=16519)[0m [93mWARNING [0m:   DEPRECATED FEATURE: `client_fn` now expects a signature `def client_fn(context: Context)`.The provided `client_fn` has signature: {'cid': <Parameter "cid: str">}. You can import the `Context` like this: `from flwr.app import Context`[32m [repeated 14x across cluster][0m
[36m(ClientAppActor pid=16519)[0m             This is a deprecated feature. It will be removed[32m [repeated 14x across cluster][0m
[36m(ClientAppActor pid=16519)[0m             entirely in future versions of Flower.[32m [repeated 14x across cluster][0m
[36m(ClientAppActor pid=16519)[0m 
[36m(ClientAppActor pid=16519)[0m         
[36m(ClientAppActor pid=16519)[0m [Client 1] Training on NVIDIA GeForce RTX 3060[32m [repeated 5x across cluster][0m
[36m(ClientAppActor pid=16522)[0m 
[36m(ClientAppActor pid=16522)[0m         
[36m(ClientAppActor pid=16522)[0m 
[36m(ClientAppActor pid=16522)[0m         
[36m(ClientAppActor pid=16519)[0m 
[36m(ClientAppActor pid=16519)[0m         
[36m(ClientAppActor pid=16522)[0m 
[36m(ClientAppActor pid=16522)[0m         
[92mINFO [0m:      aggregate_fit: received 10 results and 0 failures
INFO:flwr:aggregate_fit: received 10 results and 0 failures
[CascadeRouter] Round 25: 10 clients, 24578 parameters/client
[92mINFO [0m:      configure_evaluate: strategy sampled 10 clients (out of 10)
INFO:flwr:configure_evaluate: strategy sampled 10 clients (out of 10)
[36m(ClientAppActor pid=16522)[0m 
[36m(ClientAppActor pid=16522)[0m         
[36m(ClientAppActor pid=16522)[0m [93mWARNING [0m:   DEPRECATED FEATURE: `client_fn` now expects a signature `def client_fn(context: Context)`.The provided `client_fn` has signature: {'cid': <Parameter "cid: str">}. You can import the `Context` like this: `from flwr.app import Context`[32m [repeated 6x across cluster][0m
[36m(ClientAppActor pid=16522)[0m             This is a deprecated feature. It will be removed[32m [repeated 6x across cluster][0m
[36m(ClientAppActor pid=16522)[0m             entirely in future versions of Flower.[32m [repeated 6x across cluster][0m
[36m(ClientAppActor pid=16519)[0m 
[36m(ClientAppActor pid=16519)[0m         
[36m(ClientAppActor pid=16522)[0m 
[36m(ClientAppActor pid=16522)[0m         
[36m(ClientAppActor pid=16519)[0m 
[36m(ClientAppActor pid=16519)[0m         
[36m(ClientAppActor pid=16522)[0m 
[36m(ClientAppActor pid=16522)[0m         
[36m(ClientAppActor pid=16519)[0m 
[36m(ClientAppActor pid=16519)[0m         
[36m(ClientAppActor pid=16522)[0m 
[36m(ClientAppActor pid=16522)[0m         
[36m(ClientAppActor pid=16519)[0m 
[36m(ClientAppActor pid=16519)[0m         
[36m(ClientAppActor pid=16522)[0m 
[36m(ClientAppActor pid=16522)[0m         
[36m(ClientAppActor pid=16519)[0m 
[36m(ClientAppActor pid=16519)[0m         
[92mINFO [0m:      aggregate_evaluate: received 10 results and 0 failures
INFO:flwr:aggregate_evaluate: received 10 results and 0 failures
[92mINFO [0m:      
INFO:flwr:
[92mINFO [0m:      [ROUND 26]
INFO:flwr:[ROUND 26]
[92mINFO [0m:      configure_fit: strategy sampled 10 clients (out of 10)
INFO:flwr:configure_fit: strategy sampled 10 clients (out of 10)
[36m(ClientAppActor pid=16519)[0m 
[36m(ClientAppActor pid=16519)[0m         
[36m(ClientAppActor pid=16519)[0m [Client 6] Training on NVIDIA GeForce RTX 3060[32m [repeated 5x across cluster][0m
[36m(ClientAppActor pid=16522)[0m 
[36m(ClientAppActor pid=16522)[0m         
[36m(ClientAppActor pid=16522)[0m 
[36m(ClientAppActor pid=16522)[0m         
[36m(ClientAppActor pid=16522)[0m 
[36m(ClientAppActor pid=16522)[0m         
[36m(ClientAppActor pid=16522)[0m 
[36m(ClientAppActor pid=16522)[0m         
[36m(ClientAppActor pid=16519)[0m 
[36m(ClientAppActor pid=16519)[0m         
[36m(ClientAppActor pid=16519)[0m [93mWARNING [0m:   DEPRECATED FEATURE: `client_fn` now expects a signature `def client_fn(context: Context)`.The provided `client_fn` has signature: {'cid': <Parameter "cid: str">}. You can import the `Context` like this: `from flwr.app import Context`[32m [repeated 15x across cluster][0m
[36m(ClientAppActor pid=16519)[0m             This is a deprecated feature. It will be removed[32m [repeated 15x across cluster][0m
[36m(ClientAppActor pid=16519)[0m             entirely in future versions of Flower.[32m [repeated 15x across cluster][0m
[36m(ClientAppActor pid=16522)[0m 
[36m(ClientAppActor pid=16522)[0m         
[36m(ClientAppActor pid=16519)[0m 
[36m(ClientAppActor pid=16519)[0m         
[36m(ClientAppActor pid=16519)[0m 
[36m(ClientAppActor pid=16519)[0m         
[36m(ClientAppActor pid=16519)[0m [93mWARNING [0m:   DEPRECATED FEATURE: `client_fn` now expects a signature `def client_fn(context: Context)`.The provided `client_fn` has signature: {'cid': <Parameter "cid: str">}. You can import the `Context` like this: `from flwr.app import Context`[32m [repeated 3x across cluster][0m
[36m(ClientAppActor pid=16519)[0m             This is a deprecated feature. It will be removed[32m [repeated 3x across cluster][0m
[36m(ClientAppActor pid=16519)[0m             entirely in future versions of Flower.[32m [repeated 3x across cluster][0m
[36m(ClientAppActor pid=16519)[0m [Client 2] Training on NVIDIA GeForce RTX 3060[32m [repeated 8x across cluster][0m
[36m(ClientAppActor pid=16519)[0m 
[36m(ClientAppActor pid=16519)[0m         
[92mINFO [0m:      aggregate_fit: received 10 results and 0 failures
INFO:flwr:aggregate_fit: received 10 results and 0 failures
[CascadeRouter] Round 26: 10 clients, 24578 parameters/client
[92mINFO [0m:      configure_evaluate: strategy sampled 10 clients (out of 10)
INFO:flwr:configure_evaluate: strategy sampled 10 clients (out of 10)
[36m(ClientAppActor pid=16519)[0m 
[36m(ClientAppActor pid=16519)[0m         
[36m(ClientAppActor pid=16522)[0m 
[36m(ClientAppActor pid=16522)[0m         
[36m(ClientAppActor pid=16522)[0m 
[36m(ClientAppActor pid=16522)[0m         
[36m(ClientAppActor pid=16519)[0m 
[36m(ClientAppActor pid=16519)[0m         
[36m(ClientAppActor pid=16522)[0m 
[36m(ClientAppActor pid=16522)[0m         
[36m(ClientAppActor pid=16519)[0m 
[36m(ClientAppActor pid=16519)[0m         
[36m(ClientAppActor pid=16522)[0m 
[36m(ClientAppActor pid=16522)[0m         
[36m(ClientAppActor pid=16519)[0m 
[36m(ClientAppActor pid=16519)[0m         
[36m(ClientAppActor pid=16522)[0m 
[36m(ClientAppActor pid=16522)[0m         
[36m(ClientAppActor pid=16519)[0m 
[36m(ClientAppActor pid=16519)[0m         
[92mINFO [0m:      aggregate_evaluate: received 10 results and 0 failures
INFO:flwr:aggregate_evaluate: received 10 results and 0 failures
[92mINFO [0m:      
INFO:flwr:
[92mINFO [0m:      [ROUND 27]
INFO:flwr:[ROUND 27]
[92mINFO [0m:      configure_fit: strategy sampled 10 clients (out of 10)
INFO:flwr:configure_fit: strategy sampled 10 clients (out of 10)
[36m(ClientAppActor pid=16519)[0m 
[36m(ClientAppActor pid=16519)[0m         
[36m(ClientAppActor pid=16522)[0m 
[36m(ClientAppActor pid=16522)[0m         
[36m(ClientAppActor pid=16519)[0m 
[36m(ClientAppActor pid=16519)[0m         
[36m(ClientAppActor pid=16522)[0m [Client 1] Training on NVIDIA GeForce RTX 3060[32m [repeated 5x across cluster][0m
[36m(ClientAppActor pid=16522)[0m 
[36m(ClientAppActor pid=16522)[0m         
[36m(ClientAppActor pid=16522)[0m [93mWARNING [0m:   DEPRECATED FEATURE: `client_fn` now expects a signature `def client_fn(context: Context)`.The provided `client_fn` has signature: {'cid': <Parameter "cid: str">}. You can import the `Context` like this: `from flwr.app import Context`[32m [repeated 15x across cluster][0m
[36m(ClientAppActor pid=16522)[0m             This is a deprecated feature. It will be removed[32m [repeated 15x across cluster][0m
[36m(ClientAppActor pid=16522)[0m             entirely in future versions of Flower.[32m [repeated 15x across cluster][0m
[36m(ClientAppActor pid=16522)[0m 
[36m(ClientAppActor pid=16522)[0m         
[36m(ClientAppActor pid=16519)[0m 
[36m(ClientAppActor pid=16519)[0m         
[36m(ClientAppActor pid=16522)[0m 
[36m(ClientAppActor pid=16522)[0m         
[36m(ClientAppActor pid=16522)[0m 
[36m(ClientAppActor pid=16522)[0m         
[36m(ClientAppActor pid=16522)[0m 
[36m(ClientAppActor pid=16522)[0m         
[36m(ClientAppActor pid=16522)[0m 
[36m(ClientAppActor pid=16522)[0m         
[92mINFO [0m:      aggregate_fit: received 10 results and 0 failures
INFO:flwr:aggregate_fit: received 10 results and 0 failures
[CascadeRouter] Round 27: 10 clients, 24578 parameters/client
[92mINFO [0m:      configure_evaluate: strategy sampled 10 clients (out of 10)
INFO:flwr:configure_evaluate: strategy sampled 10 clients (out of 10)
[36m(ClientAppActor pid=16519)[0m 
[36m(ClientAppActor pid=16519)[0m         
[36m(ClientAppActor pid=16519)[0m [93mWARNING [0m:   DEPRECATED FEATURE: `client_fn` now expects a signature `def client_fn(context: Context)`.The provided `client_fn` has signature: {'cid': <Parameter "cid: str">}. You can import the `Context` like this: `from flwr.app import Context`[32m [repeated 7x across cluster][0m
[36m(ClientAppActor pid=16519)[0m             This is a deprecated feature. It will be removed[32m [repeated 7x across cluster][0m
[36m(ClientAppActor pid=16519)[0m             entirely in future versions of Flower.[32m [repeated 7x across cluster][0m
[36m(ClientAppActor pid=16522)[0m 
[36m(ClientAppActor pid=16522)[0m         
[36m(ClientAppActor pid=16519)[0m 
[36m(ClientAppActor pid=16519)[0m         
[36m(ClientAppActor pid=16522)[0m 
[36m(ClientAppActor pid=16522)[0m         
[36m(ClientAppActor pid=16519)[0m 
[36m(ClientAppActor pid=16519)[0m         
[36m(ClientAppActor pid=16522)[0m 
[36m(ClientAppActor pid=16522)[0m         
[36m(ClientAppActor pid=16519)[0m 
[36m(ClientAppActor pid=16519)[0m         
[36m(ClientAppActor pid=16522)[0m 
[36m(ClientAppActor pid=16522)[0m         
[36m(ClientAppActor pid=16519)[0m 
[36m(ClientAppActor pid=16519)[0m         
[36m(ClientAppActor pid=16522)[0m 
[36m(ClientAppActor pid=16522)[0m         
[92mINFO [0m:      aggregate_evaluate: received 10 results and 0 failures
INFO:flwr:aggregate_evaluate: received 10 results and 0 failures
[92mINFO [0m:      
INFO:flwr:
[92mINFO [0m:      [ROUND 28]
INFO:flwr:[ROUND 28]
[92mINFO [0m:      configure_fit: strategy sampled 10 clients (out of 10)
INFO:flwr:configure_fit: strategy sampled 10 clients (out of 10)
[36m(ClientAppActor pid=16522)[0m [Client 7] Training on NVIDIA GeForce RTX 3060[32m [repeated 7x across cluster][0m
[36m(ClientAppActor pid=16522)[0m 
[36m(ClientAppActor pid=16522)[0m         
[36m(ClientAppActor pid=16519)[0m 
[36m(ClientAppActor pid=16519)[0m         
[36m(ClientAppActor pid=16519)[0m 
[36m(ClientAppActor pid=16519)[0m         
[36m(ClientAppActor pid=16519)[0m 
[36m(ClientAppActor pid=16519)[0m         
[36m(ClientAppActor pid=16519)[0m 
[36m(ClientAppActor pid=16519)[0m         
[36m(ClientAppActor pid=16519)[0m 
[36m(ClientAppActor pid=16519)[0m         
[36m(ClientAppActor pid=16519)[0m [93mWARNING [0m:   DEPRECATED FEATURE: `client_fn` now expects a signature `def client_fn(context: Context)`.The provided `client_fn` has signature: {'cid': <Parameter "cid: str">}. You can import the `Context` like this: `from flwr.app import Context`[32m [repeated 15x across cluster][0m
[36m(ClientAppActor pid=16519)[0m             This is a deprecated feature. It will be removed[32m [repeated 15x across cluster][0m
[36m(ClientAppActor pid=16519)[0m             entirely in future versions of Flower.[32m [repeated 15x across cluster][0m
[36m(ClientAppActor pid=16522)[0m [Client 2] Training on NVIDIA GeForce RTX 3060[32m [repeated 6x across cluster][0m
[36m(ClientAppActor pid=16522)[0m 
[36m(ClientAppActor pid=16522)[0m         
[36m(ClientAppActor pid=16522)[0m [93mWARNING [0m:   DEPRECATED FEATURE: `client_fn` now expects a signature `def client_fn(context: Context)`.The provided `client_fn` has signature: {'cid': <Parameter "cid: str">}. You can import the `Context` like this: `from flwr.app import Context`
[36m(ClientAppActor pid=16522)[0m             This is a deprecated feature. It will be removed
[36m(ClientAppActor pid=16522)[0m             entirely in future versions of Flower.
[36m(ClientAppActor pid=16522)[0m [93mWARNING [0m:   DEPRECATED FEATURE: `client_fn` now expects a signature `def client_fn(context: Context)`.The provided `client_fn` has signature: {'cid': <Parameter "cid: str">}. You can import the `Context` like this: `from flwr.app import Context`
[36m(ClientAppActor pid=16522)[0m 
[36m(ClientAppActor pid=16522)[0m             This is a deprecated feature. It will be removed
[36m(ClientAppActor pid=16522)[0m             entirely in future versions of Flower.
[36m(ClientAppActor pid=16522)[0m         
[36m(ClientAppActor pid=16519)[0m 
[36m(ClientAppActor pid=16519)[0m         
[36m(ClientAppActor pid=16522)[0m 
[36m(ClientAppActor pid=16522)[0m         
[92mINFO [0m:      aggregate_fit: received 10 results and 0 failures
INFO:flwr:aggregate_fit: received 10 results and 0 failures
[CascadeRouter] Round 28: 10 clients, 24578 parameters/client
[92mINFO [0m:      configure_evaluate: strategy sampled 10 clients (out of 10)
INFO:flwr:configure_evaluate: strategy sampled 10 clients (out of 10)
[36m(ClientAppActor pid=16519)[0m 
[36m(ClientAppActor pid=16519)[0m         
[36m(ClientAppActor pid=16522)[0m 
[36m(ClientAppActor pid=16522)[0m         
[36m(ClientAppActor pid=16519)[0m 
[36m(ClientAppActor pid=16519)[0m         
[36m(ClientAppActor pid=16522)[0m 
[36m(ClientAppActor pid=16522)[0m         
[36m(ClientAppActor pid=16519)[0m 
[36m(ClientAppActor pid=16519)[0m         
[36m(ClientAppActor pid=16522)[0m 
[36m(ClientAppActor pid=16522)[0m         
[36m(ClientAppActor pid=16519)[0m 
[36m(ClientAppActor pid=16519)[0m         
[36m(ClientAppActor pid=16522)[0m 
[36m(ClientAppActor pid=16522)[0m         
[36m(ClientAppActor pid=16519)[0m 
[36m(ClientAppActor pid=16519)[0m         
[36m(ClientAppActor pid=16522)[0m 
[36m(ClientAppActor pid=16522)[0m         
[92mINFO [0m:      aggregate_evaluate: received 10 results and 0 failures
INFO:flwr:aggregate_evaluate: received 10 results and 0 failures
[92mINFO [0m:      
INFO:flwr:
[92mINFO [0m:      [ROUND 29]
INFO:flwr:[ROUND 29]
[92mINFO [0m:      configure_fit: strategy sampled 10 clients (out of 10)
INFO:flwr:configure_fit: strategy sampled 10 clients (out of 10)
[36m(ClientAppActor pid=16519)[0m 
[36m(ClientAppActor pid=16519)[0m         
[36m(ClientAppActor pid=16522)[0m 
[36m(ClientAppActor pid=16522)[0m         
[36m(ClientAppActor pid=16522)[0m [Client 6] Training on NVIDIA GeForce RTX 3060[32m [repeated 6x across cluster][0m
[36m(ClientAppActor pid=16522)[0m 
[36m(ClientAppActor pid=16522)[0m         
[36m(ClientAppActor pid=16522)[0m [93mWARNING [0m:   DEPRECATED FEATURE: `client_fn` now expects a signature `def client_fn(context: Context)`.The provided `client_fn` has signature: {'cid': <Parameter "cid: str">}. You can import the `Context` like this: `from flwr.app import Context`[32m [repeated 15x across cluster][0m
[36m(ClientAppActor pid=16522)[0m             This is a deprecated feature. It will be removed[32m [repeated 15x across cluster][0m
[36m(ClientAppActor pid=16522)[0m             entirely in future versions of Flower.[32m [repeated 15x across cluster][0m
[36m(ClientAppActor pid=16519)[0m 
[36m(ClientAppActor pid=16519)[0m         
[36m(ClientAppActor pid=16519)[0m 
[36m(ClientAppActor pid=16519)[0m         
[36m(ClientAppActor pid=16519)[0m 
[36m(ClientAppActor pid=16519)[0m         
[36m(ClientAppActor pid=16519)[0m 
[36m(ClientAppActor pid=16519)[0m         
[36m(ClientAppActor pid=16522)[0m 
[36m(ClientAppActor pid=16522)[0m         
[36m(ClientAppActor pid=16519)[0m 
[36m(ClientAppActor pid=16519)[0m         
[36m(ClientAppActor pid=16522)[0m [Client 5] Training on NVIDIA GeForce RTX 3060[32m [repeated 7x across cluster][0m
[36m(ClientAppActor pid=16522)[0m 
[36m(ClientAppActor pid=16522)[0m         
[36m(ClientAppActor pid=16522)[0m [93mWARNING [0m:   DEPRECATED FEATURE: `client_fn` now expects a signature `def client_fn(context: Context)`.The provided `client_fn` has signature: {'cid': <Parameter "cid: str">}. You can import the `Context` like this: `from flwr.app import Context`[32m [repeated 7x across cluster][0m
[36m(ClientAppActor pid=16522)[0m             This is a deprecated feature. It will be removed[32m [repeated 7x across cluster][0m
[36m(ClientAppActor pid=16522)[0m             entirely in future versions of Flower.[32m [repeated 7x across cluster][0m
[92mINFO [0m:      aggregate_fit: received 10 results and 0 failures
INFO:flwr:aggregate_fit: received 10 results and 0 failures
[CascadeRouter] Round 29: 10 clients, 24578 parameters/client
[92mINFO [0m:      configure_evaluate: strategy sampled 10 clients (out of 10)
INFO:flwr:configure_evaluate: strategy sampled 10 clients (out of 10)
[36m(ClientAppActor pid=16519)[0m 
[36m(ClientAppActor pid=16519)[0m         
[36m(ClientAppActor pid=16522)[0m 
[36m(ClientAppActor pid=16522)[0m         
[36m(ClientAppActor pid=16519)[0m 
[36m(ClientAppActor pid=16519)[0m         
[36m(ClientAppActor pid=16522)[0m 
[36m(ClientAppActor pid=16522)[0m         
[36m(ClientAppActor pid=16519)[0m 
[36m(ClientAppActor pid=16519)[0m         
[36m(ClientAppActor pid=16522)[0m 
[36m(ClientAppActor pid=16522)[0m         
[36m(ClientAppActor pid=16519)[0m 
[36m(ClientAppActor pid=16519)[0m         
[36m(ClientAppActor pid=16522)[0m 
[36m(ClientAppActor pid=16522)[0m         
[36m(ClientAppActor pid=16519)[0m 
[36m(ClientAppActor pid=16519)[0m         
[36m(ClientAppActor pid=16522)[0m 
[36m(ClientAppActor pid=16522)[0m         
[92mINFO [0m:      aggregate_evaluate: received 10 results and 0 failures
INFO:flwr:aggregate_evaluate: received 10 results and 0 failures
[92mINFO [0m:      
INFO:flwr:
[92mINFO [0m:      [ROUND 30]
INFO:flwr:[ROUND 30]
[92mINFO [0m:      configure_fit: strategy sampled 10 clients (out of 10)
INFO:flwr:configure_fit: strategy sampled 10 clients (out of 10)
[36m(ClientAppActor pid=16522)[0m 
[36m(ClientAppActor pid=16522)[0m         
[36m(ClientAppActor pid=16519)[0m 
[36m(ClientAppActor pid=16519)[0m         
[36m(ClientAppActor pid=16522)[0m 
[36m(ClientAppActor pid=16522)[0m         
[36m(ClientAppActor pid=16519)[0m 
[36m(ClientAppActor pid=16519)[0m         
[36m(ClientAppActor pid=16519)[0m 
[36m(ClientAppActor pid=16519)[0m         
[36m(ClientAppActor pid=16519)[0m 
[36m(ClientAppActor pid=16519)[0m         
[36m(ClientAppActor pid=16519)[0m [93mWARNING [0m:   DEPRECATED FEATURE: `client_fn` now expects a signature `def client_fn(context: Context)`.The provided `client_fn` has signature: {'cid': <Parameter "cid: str">}. You can import the `Context` like this: `from flwr.app import Context`[32m [repeated 16x across cluster][0m
[36m(ClientAppActor pid=16519)[0m             This is a deprecated feature. It will be removed[32m [repeated 16x across cluster][0m
[36m(ClientAppActor pid=16519)[0m             entirely in future versions of Flower.[32m [repeated 16x across cluster][0m
[36m(ClientAppActor pid=16519)[0m [Client 7] Training on NVIDIA GeForce RTX 3060[32m [repeated 6x across cluster][0m
[36m(ClientAppActor pid=16522)[0m 
[36m(ClientAppActor pid=16522)[0m         
[36m(ClientAppActor pid=16522)[0m 
[36m(ClientAppActor pid=16522)[0m         
[36m(ClientAppActor pid=16522)[0m [Client 4] Training on NVIDIA GeForce RTX 3060[32m [repeated 3x across cluster][0m
[36m(ClientAppActor pid=16522)[0m 
[36m(ClientAppActor pid=16522)[0m         
[36m(ClientAppActor pid=16522)[0m [93mWARNING [0m:   DEPRECATED FEATURE: `client_fn` now expects a signature `def client_fn(context: Context)`.The provided `client_fn` has signature: {'cid': <Parameter "cid: str">}. You can import the `Context` like this: `from flwr.app import Context`[32m [repeated 3x across cluster][0m
[36m(ClientAppActor pid=16522)[0m             This is a deprecated feature. It will be removed[32m [repeated 3x across cluster][0m
[36m(ClientAppActor pid=16522)[0m             entirely in future versions of Flower.[32m [repeated 3x across cluster][0m
[36m(ClientAppActor pid=16522)[0m 
[36m(ClientAppActor pid=16522)[0m         
[92mINFO [0m:      aggregate_fit: received 10 results and 0 failures
INFO:flwr:aggregate_fit: received 10 results and 0 failures
[CascadeRouter] Round 30: 10 clients, 24578 parameters/client
[92mINFO [0m:      configure_evaluate: strategy sampled 10 clients (out of 10)
INFO:flwr:configure_evaluate: strategy sampled 10 clients (out of 10)
[36m(ClientAppActor pid=16522)[0m 
[36m(ClientAppActor pid=16522)[0m         
[36m(ClientAppActor pid=16519)[0m 
[36m(ClientAppActor pid=16519)[0m         
[36m(ClientAppActor pid=16519)[0m 
[36m(ClientAppActor pid=16519)[0m         
[36m(ClientAppActor pid=16522)[0m 
[36m(ClientAppActor pid=16522)[0m         
[36m(ClientAppActor pid=16522)[0m 
[36m(ClientAppActor pid=16522)[0m         
[36m(ClientAppActor pid=16519)[0m 
[36m(ClientAppActor pid=16519)[0m         
[36m(ClientAppActor pid=16519)[0m 
[36m(ClientAppActor pid=16519)[0m         
[36m(ClientAppActor pid=16522)[0m 
[36m(ClientAppActor pid=16522)[0m         
[36m(ClientAppActor pid=16522)[0m 
[36m(ClientAppActor pid=16522)[0m         
[36m(ClientAppActor pid=16522)[0m [93mWARNING [0m:   DEPRECATED FEATURE: `client_fn` now expects a signature `def client_fn(context: Context)`.The provided `client_fn` has signature: {'cid': <Parameter "cid: str">}. You can import the `Context` like this: `from flwr.app import Context`[32m [repeated 10x across cluster][0m
[36m(ClientAppActor pid=16522)[0m             This is a deprecated feature. It will be removed[32m [repeated 10x across cluster][0m
[36m(ClientAppActor pid=16522)[0m             entirely in future versions of Flower.[32m [repeated 10x across cluster][0m
[36m(ClientAppActor pid=16519)[0m 
[36m(ClientAppActor pid=16519)[0m         
[92mINFO [0m:      aggregate_evaluate: received 10 results and 0 failures
INFO:flwr:aggregate_evaluate: received 10 results and 0 failures
[92mINFO [0m:      
INFO:flwr:
[92mINFO [0m:      [ROUND 31]
INFO:flwr:[ROUND 31]
[92mINFO [0m:      configure_fit: strategy sampled 10 clients (out of 10)
INFO:flwr:configure_fit: strategy sampled 10 clients (out of 10)
[36m(ClientAppActor pid=16519)[0m 
[36m(ClientAppActor pid=16519)[0m         
[36m(ClientAppActor pid=16519)[0m [Client 0] Training on NVIDIA GeForce RTX 3060[32m [repeated 2x across cluster][0m
[36m(ClientAppActor pid=16522)[0m 
[36m(ClientAppActor pid=16522)[0m         
[36m(ClientAppActor pid=16522)[0m 
[36m(ClientAppActor pid=16522)[0m         
[36m(ClientAppActor pid=16522)[0m 
[36m(ClientAppActor pid=16522)[0m         
[36m(ClientAppActor pid=16522)[0m 
[36m(ClientAppActor pid=16522)[0m         
[36m(ClientAppActor pid=16519)[0m 
[36m(ClientAppActor pid=16519)[0m         
[36m(ClientAppActor pid=16519)[0m [93mWARNING [0m:   DEPRECATED FEATURE: `client_fn` now expects a signature `def client_fn(context: Context)`.The provided `client_fn` has signature: {'cid': <Parameter "cid: str">}. You can import the `Context` like this: `from flwr.app import Context`[32m [repeated 7x across cluster][0m
[36m(ClientAppActor pid=16519)[0m             This is a deprecated feature. It will be removed[32m [repeated 7x across cluster][0m
[36m(ClientAppActor pid=16519)[0m             entirely in future versions of Flower.[32m [repeated 7x across cluster][0m
[36m(ClientAppActor pid=16519)[0m [Client 9] Training on NVIDIA GeForce RTX 3060[32m [repeated 5x across cluster][0m
[36m(ClientAppActor pid=16522)[0m 
[36m(ClientAppActor pid=16522)[0m         
[36m(ClientAppActor pid=16519)[0m 
[36m(ClientAppActor pid=16519)[0m         
[36m(ClientAppActor pid=16522)[0m 
[36m(ClientAppActor pid=16522)[0m         
[36m(ClientAppActor pid=16519)[0m 
[36m(ClientAppActor pid=16519)[0m         
[92mINFO [0m:      aggregate_fit: received 10 results and 0 failures
INFO:flwr:aggregate_fit: received 10 results and 0 failures
[CascadeRouter] Round 31: 10 clients, 24578 parameters/client
[92mINFO [0m:      configure_evaluate: strategy sampled 10 clients (out of 10)
INFO:flwr:configure_evaluate: strategy sampled 10 clients (out of 10)
[36m(ClientAppActor pid=16522)[0m 
[36m(ClientAppActor pid=16522)[0m         
[36m(ClientAppActor pid=16522)[0m [93mWARNING [0m:   DEPRECATED FEATURE: `client_fn` now expects a signature `def client_fn(context: Context)`.The provided `client_fn` has signature: {'cid': <Parameter "cid: str">}. You can import the `Context` like this: `from flwr.app import Context`[32m [repeated 5x across cluster][0m
[36m(ClientAppActor pid=16522)[0m             This is a deprecated feature. It will be removed[32m [repeated 5x across cluster][0m
[36m(ClientAppActor pid=16522)[0m             entirely in future versions of Flower.[32m [repeated 5x across cluster][0m
[36m(ClientAppActor pid=16519)[0m 
[36m(ClientAppActor pid=16519)[0m         
[36m(ClientAppActor pid=16519)[0m 
[36m(ClientAppActor pid=16519)[0m         
[36m(ClientAppActor pid=16522)[0m 
[36m(ClientAppActor pid=16522)[0m         
[36m(ClientAppActor pid=16522)[0m 
[36m(ClientAppActor pid=16522)[0m         
[36m(ClientAppActor pid=16519)[0m 
[36m(ClientAppActor pid=16519)[0m         
[36m(ClientAppActor pid=16522)[0m 
[36m(ClientAppActor pid=16522)[0m         
[36m(ClientAppActor pid=16519)[0m 
[36m(ClientAppActor pid=16519)[0m         
[36m(ClientAppActor pid=16522)[0m 
[36m(ClientAppActor pid=16522)[0m         
[36m(ClientAppActor pid=16519)[0m 
[36m(ClientAppActor pid=16519)[0m         
[92mINFO [0m:      aggregate_evaluate: received 10 results and 0 failures
INFO:flwr:aggregate_evaluate: received 10 results and 0 failures
[92mINFO [0m:      
INFO:flwr:
[92mINFO [0m:      [ROUND 32]
INFO:flwr:[ROUND 32]
[92mINFO [0m:      configure_fit: strategy sampled 10 clients (out of 10)
INFO:flwr:configure_fit: strategy sampled 10 clients (out of 10)
[36m(ClientAppActor pid=16519)[0m 
[36m(ClientAppActor pid=16519)[0m         
[36m(ClientAppActor pid=16519)[0m [Client 8] Training on NVIDIA GeForce RTX 3060[32m [repeated 5x across cluster][0m
[36m(ClientAppActor pid=16522)[0m 
[36m(ClientAppActor pid=16522)[0m         
[36m(ClientAppActor pid=16522)[0m 
[36m(ClientAppActor pid=16522)[0m         
[36m(ClientAppActor pid=16519)[0m 
[36m(ClientAppActor pid=16519)[0m         
[36m(ClientAppActor pid=16522)[0m 
[36m(ClientAppActor pid=16522)[0m         
[36m(ClientAppActor pid=16522)[0m [Client 1] Training on NVIDIA GeForce RTX 3060[32m [repeated 5x across cluster][0m
[36m(ClientAppActor pid=16522)[0m 
[36m(ClientAppActor pid=16522)[0m         
[36m(ClientAppActor pid=16522)[0m [93mWARNING [0m:   DEPRECATED FEATURE: `client_fn` now expects a signature `def client_fn(context: Context)`.The provided `client_fn` has signature: {'cid': <Parameter "cid: str">}. You can import the `Context` like this: `from flwr.app import Context`[32m [repeated 15x across cluster][0m
[36m(ClientAppActor pid=16522)[0m             This is a deprecated feature. It will be removed[32m [repeated 15x across cluster][0m
[36m(ClientAppActor pid=16522)[0m             entirely in future versions of Flower.[32m [repeated 15x across cluster][0m
[36m(ClientAppActor pid=16522)[0m 
[36m(ClientAppActor pid=16522)[0m         
[36m(ClientAppActor pid=16519)[0m 
[36m(ClientAppActor pid=16519)[0m         
[36m(ClientAppActor pid=16519)[0m 
[36m(ClientAppActor pid=16519)[0m         
[36m(ClientAppActor pid=16522)[0m 
[36m(ClientAppActor pid=16522)[0m         
[92mINFO [0m:      aggregate_fit: received 10 results and 0 failures
INFO:flwr:aggregate_fit: received 10 results and 0 failures
[CascadeRouter] Round 32: 10 clients, 24578 parameters/client
[92mINFO [0m:      configure_evaluate: strategy sampled 10 clients (out of 10)
INFO:flwr:configure_evaluate: strategy sampled 10 clients (out of 10)
[36m(ClientAppActor pid=16519)[0m 
[36m(ClientAppActor pid=16519)[0m         
[36m(ClientAppActor pid=16522)[0m 
[36m(ClientAppActor pid=16522)[0m         
[36m(ClientAppActor pid=16519)[0m 
[36m(ClientAppActor pid=16519)[0m         
[36m(ClientAppActor pid=16522)[0m 
[36m(ClientAppActor pid=16522)[0m         
[36m(ClientAppActor pid=16522)[0m [93mWARNING [0m:   DEPRECATED FEATURE: `client_fn` now expects a signature `def client_fn(context: Context)`.The provided `client_fn` has signature: {'cid': <Parameter "cid: str">}. You can import the `Context` like this: `from flwr.app import Context`[32m [repeated 8x across cluster][0m
[36m(ClientAppActor pid=16522)[0m             This is a deprecated feature. It will be removed[32m [repeated 8x across cluster][0m
[36m(ClientAppActor pid=16522)[0m             entirely in future versions of Flower.[32m [repeated 8x across cluster][0m
[36m(ClientAppActor pid=16519)[0m 
[36m(ClientAppActor pid=16519)[0m         
[36m(ClientAppActor pid=16522)[0m 
[36m(ClientAppActor pid=16522)[0m         
[36m(ClientAppActor pid=16519)[0m 
[36m(ClientAppActor pid=16519)[0m         
[36m(ClientAppActor pid=16522)[0m 
[36m(ClientAppActor pid=16522)[0m         
[36m(ClientAppActor pid=16519)[0m 
[36m(ClientAppActor pid=16519)[0m         
[36m(ClientAppActor pid=16522)[0m 
[36m(ClientAppActor pid=16522)[0m         
[92mINFO [0m:      aggregate_evaluate: received 10 results and 0 failures
INFO:flwr:aggregate_evaluate: received 10 results and 0 failures
[92mINFO [0m:      
INFO:flwr:
[92mINFO [0m:      [ROUND 33]
INFO:flwr:[ROUND 33]
[92mINFO [0m:      configure_fit: strategy sampled 10 clients (out of 10)
INFO:flwr:configure_fit: strategy sampled 10 clients (out of 10)
[36m(ClientAppActor pid=16522)[0m [Client 8] Training on NVIDIA GeForce RTX 3060[32m [repeated 5x across cluster][0m
[36m(ClientAppActor pid=16522)[0m 
[36m(ClientAppActor pid=16522)[0m         
[36m(ClientAppActor pid=16519)[0m 
[36m(ClientAppActor pid=16519)[0m         
[36m(ClientAppActor pid=16519)[0m 
[36m(ClientAppActor pid=16519)[0m         
[36m(ClientAppActor pid=16522)[0m 
[36m(ClientAppActor pid=16522)[0m         
[36m(ClientAppActor pid=16519)[0m 
[36m(ClientAppActor pid=16519)[0m         
[36m(ClientAppActor pid=16522)[0m [Client 3] Training on NVIDIA GeForce RTX 3060[32m [repeated 5x across cluster][0m
[36m(ClientAppActor pid=16522)[0m 
[36m(ClientAppActor pid=16522)[0m         
[36m(ClientAppActor pid=16522)[0m [93mWARNING [0m:   DEPRECATED FEATURE: `client_fn` now expects a signature `def client_fn(context: Context)`.The provided `client_fn` has signature: {'cid': <Parameter "cid: str">}. You can import the `Context` like this: `from flwr.app import Context`[32m [repeated 12x across cluster][0m
[36m(ClientAppActor pid=16522)[0m             This is a deprecated feature. It will be removed[32m [repeated 12x across cluster][0m
[36m(ClientAppActor pid=16522)[0m             entirely in future versions of Flower.[32m [repeated 12x across cluster][0m
[36m(ClientAppActor pid=16522)[0m 
[36m(ClientAppActor pid=16522)[0m         
[36m(ClientAppActor pid=16522)[0m 
[36m(ClientAppActor pid=16522)[0m         
[36m(ClientAppActor pid=16522)[0m 
[36m(ClientAppActor pid=16522)[0m         
[36m(ClientAppActor pid=16522)[0m 
[36m(ClientAppActor pid=16522)[0m         
[92mINFO [0m:      aggregate_fit: received 10 results and 0 failures
INFO:flwr:aggregate_fit: received 10 results and 0 failures
[CascadeRouter] Round 33: 10 clients, 24578 parameters/client
[92mINFO [0m:      configure_evaluate: strategy sampled 10 clients (out of 10)
INFO:flwr:configure_evaluate: strategy sampled 10 clients (out of 10)
[36m(ClientAppActor pid=16522)[0m 
[36m(ClientAppActor pid=16522)[0m         
[36m(ClientAppActor pid=16522)[0m [93mWARNING [0m:   DEPRECATED FEATURE: `client_fn` now expects a signature `def client_fn(context: Context)`.The provided `client_fn` has signature: {'cid': <Parameter "cid: str">}. You can import the `Context` like this: `from flwr.app import Context`[32m [repeated 5x across cluster][0m
[36m(ClientAppActor pid=16522)[0m             This is a deprecated feature. It will be removed[32m [repeated 5x across cluster][0m
[36m(ClientAppActor pid=16522)[0m             entirely in future versions of Flower.[32m [repeated 5x across cluster][0m
[36m(ClientAppActor pid=16519)[0m 
[36m(ClientAppActor pid=16519)[0m         
[36m(ClientAppActor pid=16522)[0m 
[36m(ClientAppActor pid=16522)[0m         
[36m(ClientAppActor pid=16519)[0m 
[36m(ClientAppActor pid=16519)[0m         
[36m(ClientAppActor pid=16522)[0m 
[36m(ClientAppActor pid=16522)[0m         
[36m(ClientAppActor pid=16519)[0m 
[36m(ClientAppActor pid=16519)[0m         
[36m(ClientAppActor pid=16522)[0m 
[36m(ClientAppActor pid=16522)[0m         
[36m(ClientAppActor pid=16519)[0m 
[36m(ClientAppActor pid=16519)[0m         
[36m(ClientAppActor pid=16522)[0m 
[36m(ClientAppActor pid=16522)[0m         
[36m(ClientAppActor pid=16519)[0m 
[36m(ClientAppActor pid=16519)[0m         
[92mINFO [0m:      aggregate_evaluate: received 10 results and 0 failures
INFO:flwr:aggregate_evaluate: received 10 results and 0 failures
[92mINFO [0m:      
INFO:flwr:
[92mINFO [0m:      [ROUND 34]
INFO:flwr:[ROUND 34]
[92mINFO [0m:      configure_fit: strategy sampled 10 clients (out of 10)
INFO:flwr:configure_fit: strategy sampled 10 clients (out of 10)
[36m(ClientAppActor pid=16519)[0m 
[36m(ClientAppActor pid=16519)[0m         
[36m(ClientAppActor pid=16519)[0m [Client 6] Training on NVIDIA GeForce RTX 3060[32m [repeated 5x across cluster][0m
[36m(ClientAppActor pid=16522)[0m 
[36m(ClientAppActor pid=16522)[0m         
[36m(ClientAppActor pid=16519)[0m 
[36m(ClientAppActor pid=16519)[0m         
[36m(ClientAppActor pid=16519)[0m [93mWARNING [0m:   DEPRECATED FEATURE: `client_fn` now expects a signature `def client_fn(context: Context)`.The provided `client_fn` has signature: {'cid': <Parameter "cid: str">}. You can import the `Context` like this: `from flwr.app import Context`[32m [repeated 12x across cluster][0m
[36m(ClientAppActor pid=16519)[0m             This is a deprecated feature. It will be removed[32m [repeated 12x across cluster][0m
[36m(ClientAppActor pid=16519)[0m             entirely in future versions of Flower.[32m [repeated 12x across cluster][0m
[36m(ClientAppActor pid=16519)[0m 
[36m(ClientAppActor pid=16519)[0m         
[36m(ClientAppActor pid=16519)[0m 
[36m(ClientAppActor pid=16519)[0m         
[36m(ClientAppActor pid=16522)[0m [Client 9] Training on NVIDIA GeForce RTX 3060[32m [repeated 5x across cluster][0m
[36m(ClientAppActor pid=16522)[0m 
[36m(ClientAppActor pid=16522)[0m         
[36m(ClientAppActor pid=16522)[0m 
[36m(ClientAppActor pid=16522)[0m         
[36m(ClientAppActor pid=16522)[0m [93mWARNING [0m:   DEPRECATED FEATURE: `client_fn` now expects a signature `def client_fn(context: Context)`.The provided `client_fn` has signature: {'cid': <Parameter "cid: str">}. You can import the `Context` like this: `from flwr.app import Context`[32m [repeated 4x across cluster][0m
[36m(ClientAppActor pid=16522)[0m             This is a deprecated feature. It will be removed[32m [repeated 4x across cluster][0m
[36m(ClientAppActor pid=16522)[0m             entirely in future versions of Flower.[32m [repeated 4x across cluster][0m
[36m(ClientAppActor pid=16519)[0m 
[36m(ClientAppActor pid=16519)[0m         
[36m(ClientAppActor pid=16522)[0m 
[36m(ClientAppActor pid=16522)[0m         
[36m(ClientAppActor pid=16519)[0m 
[36m(ClientAppActor pid=16519)[0m         
[92mINFO [0m:      aggregate_fit: received 10 results and 0 failures
INFO:flwr:aggregate_fit: received 10 results and 0 failures
[CascadeRouter] Round 34: 10 clients, 24578 parameters/client
[92mINFO [0m:      configure_evaluate: strategy sampled 10 clients (out of 10)
INFO:flwr:configure_evaluate: strategy sampled 10 clients (out of 10)
[36m(ClientAppActor pid=16519)[0m 
[36m(ClientAppActor pid=16519)[0m         
[36m(ClientAppActor pid=16522)[0m 
[36m(ClientAppActor pid=16522)[0m         
[36m(ClientAppActor pid=16519)[0m 
[36m(ClientAppActor pid=16519)[0m         
[36m(ClientAppActor pid=16522)[0m 
[36m(ClientAppActor pid=16522)[0m         
[36m(ClientAppActor pid=16519)[0m 
[36m(ClientAppActor pid=16519)[0m         
[36m(ClientAppActor pid=16522)[0m 
[36m(ClientAppActor pid=16522)[0m         
[36m(ClientAppActor pid=16519)[0m 
[36m(ClientAppActor pid=16519)[0m         
[36m(ClientAppActor pid=16522)[0m 
[36m(ClientAppActor pid=16522)[0m         
[36m(ClientAppActor pid=16519)[0m 
[36m(ClientAppActor pid=16519)[0m         
[36m(ClientAppActor pid=16522)[0m 
[36m(ClientAppActor pid=16522)[0m         
[92mINFO [0m:      aggregate_evaluate: received 10 results and 0 failures
INFO:flwr:aggregate_evaluate: received 10 results and 0 failures
[92mINFO [0m:      
INFO:flwr:
[92mINFO [0m:      [ROUND 35]
INFO:flwr:[ROUND 35]
[92mINFO [0m:      configure_fit: strategy sampled 10 clients (out of 10)
INFO:flwr:configure_fit: strategy sampled 10 clients (out of 10)
[36m(ClientAppActor pid=16519)[0m 
[36m(ClientAppActor pid=16519)[0m         
[36m(ClientAppActor pid=16522)[0m 
[36m(ClientAppActor pid=16522)[0m         
[36m(ClientAppActor pid=16519)[0m 
[36m(ClientAppActor pid=16519)[0m         
[36m(ClientAppActor pid=16519)[0m 
[36m(ClientAppActor pid=16519)[0m         
[36m(ClientAppActor pid=16519)[0m [Client 4] Training on NVIDIA GeForce RTX 3060[32m [repeated 8x across cluster][0m
[36m(ClientAppActor pid=16519)[0m 
[36m(ClientAppActor pid=16519)[0m         
[36m(ClientAppActor pid=16519)[0m [93mWARNING [0m:   DEPRECATED FEATURE: `client_fn` now expects a signature `def client_fn(context: Context)`.The provided `client_fn` has signature: {'cid': <Parameter "cid: str">}. You can import the `Context` like this: `from flwr.app import Context`[32m [repeated 18x across cluster][0m
[36m(ClientAppActor pid=16519)[0m             This is a deprecated feature. It will be removed[32m [repeated 18x across cluster][0m
[36m(ClientAppActor pid=16519)[0m             entirely in future versions of Flower.[32m [repeated 18x across cluster][0m
[36m(ClientAppActor pid=16522)[0m 
[36m(ClientAppActor pid=16522)[0m         
[36m(ClientAppActor pid=16519)[0m 
[36m(ClientAppActor pid=16519)[0m         
[36m(ClientAppActor pid=16519)[0m 
[36m(ClientAppActor pid=16519)[0m         
[36m(ClientAppActor pid=16519)[0m [93mWARNING [0m:   DEPRECATED FEATURE: `client_fn` now expects a signature `def client_fn(context: Context)`.The provided `client_fn` has signature: {'cid': <Parameter "cid: str">}. You can import the `Context` like this: `from flwr.app import Context`[32m [repeated 3x across cluster][0m
[36m(ClientAppActor pid=16519)[0m             This is a deprecated feature. It will be removed[32m [repeated 3x across cluster][0m
[36m(ClientAppActor pid=16519)[0m             entirely in future versions of Flower.[32m [repeated 3x across cluster][0m
[36m(ClientAppActor pid=16519)[0m [Client 8] Training on NVIDIA GeForce RTX 3060[32m [repeated 4x across cluster][0m
[36m(ClientAppActor pid=16519)[0m 
[36m(ClientAppActor pid=16519)[0m         
[36m(ClientAppActor pid=16519)[0m 
[36m(ClientAppActor pid=16519)[0m         
[92mINFO [0m:      aggregate_fit: received 10 results and 0 failures
INFO:flwr:aggregate_fit: received 10 results and 0 failures
[CascadeRouter] Round 35: 10 clients, 24578 parameters/client
[92mINFO [0m:      configure_evaluate: strategy sampled 10 clients (out of 10)
INFO:flwr:configure_evaluate: strategy sampled 10 clients (out of 10)
[36m(ClientAppActor pid=16522)[0m 
[36m(ClientAppActor pid=16522)[0m         
[36m(ClientAppActor pid=16519)[0m 
[36m(ClientAppActor pid=16519)[0m         
[36m(ClientAppActor pid=16522)[0m 
[36m(ClientAppActor pid=16522)[0m         
[36m(ClientAppActor pid=16519)[0m 
[36m(ClientAppActor pid=16519)[0m         
[36m(ClientAppActor pid=16522)[0m 
[36m(ClientAppActor pid=16522)[0m         
[36m(ClientAppActor pid=16519)[0m 
[36m(ClientAppActor pid=16519)[0m         
[36m(ClientAppActor pid=16519)[0m 
[36m(ClientAppActor pid=16519)[0m         
[36m(ClientAppActor pid=16522)[0m 
[36m(ClientAppActor pid=16522)[0m         
[36m(ClientAppActor pid=16522)[0m 
[36m(ClientAppActor pid=16522)[0m         
[36m(ClientAppActor pid=16519)[0m 
[36m(ClientAppActor pid=16519)[0m         
[92mINFO [0m:      aggregate_evaluate: received 10 results and 0 failures
INFO:flwr:aggregate_evaluate: received 10 results and 0 failures
[92mINFO [0m:      
INFO:flwr:
[92mINFO [0m:      [ROUND 36]
INFO:flwr:[ROUND 36]
[92mINFO [0m:      configure_fit: strategy sampled 10 clients (out of 10)
INFO:flwr:configure_fit: strategy sampled 10 clients (out of 10)
[36m(ClientAppActor pid=16519)[0m 
[36m(ClientAppActor pid=16519)[0m         
[36m(ClientAppActor pid=16522)[0m 
[36m(ClientAppActor pid=16522)[0m         
[36m(ClientAppActor pid=16522)[0m 
[36m(ClientAppActor pid=16522)[0m         
[36m(ClientAppActor pid=16522)[0m 
[36m(ClientAppActor pid=16522)[0m         
[36m(ClientAppActor pid=16522)[0m 
[36m(ClientAppActor pid=16522)[0m         
[36m(ClientAppActor pid=16522)[0m 
[36m(ClientAppActor pid=16522)[0m         
[36m(ClientAppActor pid=16522)[0m [Client 9] Training on NVIDIA GeForce RTX 3060[32m [repeated 9x across cluster][0m
[36m(ClientAppActor pid=16522)[0m 
[36m(ClientAppActor pid=16522)[0m         
[36m(ClientAppActor pid=16522)[0m [93mWARNING [0m:   DEPRECATED FEATURE: `client_fn` now expects a signature `def client_fn(context: Context)`.The provided `client_fn` has signature: {'cid': <Parameter "cid: str">}. You can import the `Context` like this: `from flwr.app import Context`[32m [repeated 19x across cluster][0m
[36m(ClientAppActor pid=16522)[0m             This is a deprecated feature. It will be removed[32m [repeated 19x across cluster][0m
[36m(ClientAppActor pid=16522)[0m             entirely in future versions of Flower.[32m [repeated 19x across cluster][0m
[36m(ClientAppActor pid=16519)[0m 
[36m(ClientAppActor pid=16519)[0m         
[36m(ClientAppActor pid=16522)[0m 
[36m(ClientAppActor pid=16522)[0m         
[36m(ClientAppActor pid=16519)[0m 
[36m(ClientAppActor pid=16519)[0m         
[36m(ClientAppActor pid=16519)[0m [93mWARNING [0m:   DEPRECATED FEATURE: `client_fn` now expects a signature `def client_fn(context: Context)`.The provided `client_fn` has signature: {'cid': <Parameter "cid: str">}. You can import the `Context` like this: `from flwr.app import Context`[32m [repeated 3x across cluster][0m
[36m(ClientAppActor pid=16519)[0m             This is a deprecated feature. It will be removed[32m [repeated 3x across cluster][0m
[36m(ClientAppActor pid=16519)[0m             entirely in future versions of Flower.[32m [repeated 3x across cluster][0m
[36m(ClientAppActor pid=16519)[0m [Client 1] Training on NVIDIA GeForce RTX 3060[32m [repeated 3x across cluster][0m
[92mINFO [0m:      aggregate_fit: received 10 results and 0 failures
INFO:flwr:aggregate_fit: received 10 results and 0 failures
[CascadeRouter] Round 36: 10 clients, 24578 parameters/client
[92mINFO [0m:      configure_evaluate: strategy sampled 10 clients (out of 10)
INFO:flwr:configure_evaluate: strategy sampled 10 clients (out of 10)
[36m(ClientAppActor pid=16522)[0m 
[36m(ClientAppActor pid=16522)[0m         
[36m(ClientAppActor pid=16519)[0m 
[36m(ClientAppActor pid=16519)[0m         
[36m(ClientAppActor pid=16522)[0m 
[36m(ClientAppActor pid=16522)[0m         
[36m(ClientAppActor pid=16519)[0m 
[36m(ClientAppActor pid=16519)[0m         
[36m(ClientAppActor pid=16519)[0m 
[36m(ClientAppActor pid=16519)[0m         
[36m(ClientAppActor pid=16522)[0m 
[36m(ClientAppActor pid=16522)[0m         
[36m(ClientAppActor pid=16522)[0m 
[36m(ClientAppActor pid=16522)[0m         
[36m(ClientAppActor pid=16519)[0m 
[36m(ClientAppActor pid=16519)[0m         
[36m(ClientAppActor pid=16522)[0m 
[36m(ClientAppActor pid=16522)[0m         
[36m(ClientAppActor pid=16519)[0m 
[36m(ClientAppActor pid=16519)[0m         
[92mINFO [0m:      aggregate_evaluate: received 10 results and 0 failures
INFO:flwr:aggregate_evaluate: received 10 results and 0 failures
[92mINFO [0m:      
INFO:flwr:
[92mINFO [0m:      [ROUND 37]
INFO:flwr:[ROUND 37]
[92mINFO [0m:      configure_fit: strategy sampled 10 clients (out of 10)
INFO:flwr:configure_fit: strategy sampled 10 clients (out of 10)
[36m(ClientAppActor pid=16519)[0m 
[36m(ClientAppActor pid=16519)[0m         
[36m(ClientAppActor pid=16522)[0m 
[36m(ClientAppActor pid=16522)[0m         
[36m(ClientAppActor pid=16519)[0m 
[36m(ClientAppActor pid=16519)[0m         
[36m(ClientAppActor pid=16522)[0m [Client 2] Training on NVIDIA GeForce RTX 3060[32m [repeated 4x across cluster][0m
[36m(ClientAppActor pid=16522)[0m 
[36m(ClientAppActor pid=16522)[0m         
[36m(ClientAppActor pid=16522)[0m [93mWARNING [0m:   DEPRECATED FEATURE: `client_fn` now expects a signature `def client_fn(context: Context)`.The provided `client_fn` has signature: {'cid': <Parameter "cid: str">}. You can import the `Context` like this: `from flwr.app import Context`[32m [repeated 14x across cluster][0m
[36m(ClientAppActor pid=16522)[0m             This is a deprecated feature. It will be removed[32m [repeated 14x across cluster][0m
[36m(ClientAppActor pid=16522)[0m             entirely in future versions of Flower.[32m [repeated 14x across cluster][0m
[36m(ClientAppActor pid=16522)[0m 
[36m(ClientAppActor pid=16522)[0m         
[36m(ClientAppActor pid=16522)[0m [Client 4] Training on NVIDIA GeForce RTX 3060[32m [repeated 2x across cluster][0m
[36m(ClientAppActor pid=16522)[0m 
[36m(ClientAppActor pid=16522)[0m         
[36m(ClientAppActor pid=16522)[0m [93mWARNING [0m:   DEPRECATED FEATURE: `client_fn` now expects a signature `def client_fn(context: Context)`.The provided `client_fn` has signature: {'cid': <Parameter "cid: str">}. You can import the `Context` like this: `from flwr.app import Context`[32m [repeated 2x across cluster][0m
[36m(ClientAppActor pid=16522)[0m             This is a deprecated feature. It will be removed[32m [repeated 2x across cluster][0m
[36m(ClientAppActor pid=16522)[0m             entirely in future versions of Flower.[32m [repeated 2x across cluster][0m
[36m(ClientAppActor pid=16522)[0m 
[36m(ClientAppActor pid=16522)[0m         
[36m(ClientAppActor pid=16519)[0m 
[36m(ClientAppActor pid=16519)[0m         
[36m(ClientAppActor pid=16519)[0m 
[36m(ClientAppActor pid=16519)[0m         
[36m(ClientAppActor pid=16519)[0m 
[36m(ClientAppActor pid=16519)[0m         
[92mINFO [0m:      aggregate_fit: received 10 results and 0 failures
INFO:flwr:aggregate_fit: received 10 results and 0 failures
[CascadeRouter] Round 37: 10 clients, 24578 parameters/client
[92mINFO [0m:      configure_evaluate: strategy sampled 10 clients (out of 10)
INFO:flwr:configure_evaluate: strategy sampled 10 clients (out of 10)
[36m(ClientAppActor pid=16519)[0m 
[36m(ClientAppActor pid=16519)[0m         
[36m(ClientAppActor pid=16522)[0m 
[36m(ClientAppActor pid=16522)[0m         
[36m(ClientAppActor pid=16519)[0m 
[36m(ClientAppActor pid=16519)[0m         
[36m(ClientAppActor pid=16522)[0m 
[36m(ClientAppActor pid=16522)[0m         
[36m(ClientAppActor pid=16522)[0m 
[36m(ClientAppActor pid=16522)[0m         
[36m(ClientAppActor pid=16519)[0m 
[36m(ClientAppActor pid=16519)[0m         
[36m(ClientAppActor pid=16522)[0m 
[36m(ClientAppActor pid=16522)[0m         
[36m(ClientAppActor pid=16519)[0m 
[36m(ClientAppActor pid=16519)[0m         
[36m(ClientAppActor pid=16519)[0m [93mWARNING [0m:   DEPRECATED FEATURE: `client_fn` now expects a signature `def client_fn(context: Context)`.The provided `client_fn` has signature: {'cid': <Parameter "cid: str">}. You can import the `Context` like this: `from flwr.app import Context`[32m [repeated 12x across cluster][0m
[36m(ClientAppActor pid=16519)[0m             This is a deprecated feature. It will be removed[32m [repeated 12x across cluster][0m
[36m(ClientAppActor pid=16519)[0m             entirely in future versions of Flower.[32m [repeated 12x across cluster][0m
[36m(ClientAppActor pid=16519)[0m 
[36m(ClientAppActor pid=16519)[0m         
[36m(ClientAppActor pid=16522)[0m 
[36m(ClientAppActor pid=16522)[0m         
[92mINFO [0m:      aggregate_evaluate: received 10 results and 0 failures
INFO:flwr:aggregate_evaluate: received 10 results and 0 failures
[92mINFO [0m:      
INFO:flwr:
[92mINFO [0m:      [ROUND 38]
INFO:flwr:[ROUND 38]
[92mINFO [0m:      configure_fit: strategy sampled 10 clients (out of 10)
INFO:flwr:configure_fit: strategy sampled 10 clients (out of 10)
[36m(ClientAppActor pid=16519)[0m 
[36m(ClientAppActor pid=16519)[0m         
[36m(ClientAppActor pid=16519)[0m [Client 2] Training on NVIDIA GeForce RTX 3060[32m [repeated 5x across cluster][0m
[36m(ClientAppActor pid=16522)[0m 
[36m(ClientAppActor pid=16522)[0m         
[36m(ClientAppActor pid=16519)[0m 
[36m(ClientAppActor pid=16519)[0m         
[36m(ClientAppActor pid=16522)[0m 
[36m(ClientAppActor pid=16522)[0m         
[36m(ClientAppActor pid=16522)[0m 
[36m(ClientAppActor pid=16522)[0m         
[36m(ClientAppActor pid=16519)[0m 
[36m(ClientAppActor pid=16519)[0m         
[36m(ClientAppActor pid=16519)[0m 
[36m(ClientAppActor pid=16519)[0m         
[36m(ClientAppActor pid=16522)[0m 
[36m(ClientAppActor pid=16522)[0m         
[36m(ClientAppActor pid=16522)[0m [93mWARNING [0m:   DEPRECATED FEATURE: `client_fn` now expects a signature `def client_fn(context: Context)`.The provided `client_fn` has signature: {'cid': <Parameter "cid: str">}. You can import the `Context` like this: `from flwr.app import Context`[32m [repeated 10x across cluster][0m
[36m(ClientAppActor pid=16522)[0m             This is a deprecated feature. It will be removed[32m [repeated 10x across cluster][0m
[36m(ClientAppActor pid=16522)[0m             entirely in future versions of Flower.[32m [repeated 10x across cluster][0m
[36m(ClientAppActor pid=16522)[0m [Client 4] Training on NVIDIA GeForce RTX 3060[32m [repeated 8x across cluster][0m
[36m(ClientAppActor pid=16522)[0m 
[36m(ClientAppActor pid=16522)[0m         
[36m(ClientAppActor pid=16522)[0m [93mWARNING [0m:   DEPRECATED FEATURE: `client_fn` now expects a signature `def client_fn(context: Context)`.The provided `client_fn` has signature: {'cid': <Parameter "cid: str">}. You can import the `Context` like this: `from flwr.app import Context`
[36m(ClientAppActor pid=16522)[0m             This is a deprecated feature. It will be removed
[36m(ClientAppActor pid=16522)[0m             entirely in future versions of Flower.
[36m(ClientAppActor pid=16519)[0m [93mWARNING [0m:   DEPRECATED FEATURE: `client_fn` now expects a signature `def client_fn(context: Context)`.The provided `client_fn` has signature: {'cid': <Parameter "cid: str">}. You can import the `Context` like this: `from flwr.app import Context`
[36m(ClientAppActor pid=16519)[0m 
[36m(ClientAppActor pid=16519)[0m             This is a deprecated feature. It will be removed
[36m(ClientAppActor pid=16519)[0m             entirely in future versions of Flower.
[36m(ClientAppActor pid=16519)[0m         
[92mINFO [0m:      aggregate_fit: received 10 results and 0 failures
INFO:flwr:aggregate_fit: received 10 results and 0 failures
[CascadeRouter] Round 38: 10 clients, 24578 parameters/client
[92mINFO [0m:      configure_evaluate: strategy sampled 10 clients (out of 10)
INFO:flwr:configure_evaluate: strategy sampled 10 clients (out of 10)
[36m(ClientAppActor pid=16519)[0m [93mWARNING [0m:   DEPRECATED FEATURE: `client_fn` now expects a signature `def client_fn(context: Context)`.The provided `client_fn` has signature: {'cid': <Parameter "cid: str">}. You can import the `Context` like this: `from flwr.app import Context`
[36m(ClientAppActor pid=16519)[0m 
[36m(ClientAppActor pid=16519)[0m             This is a deprecated feature. It will be removed
[36m(ClientAppActor pid=16519)[0m             entirely in future versions of Flower.
[36m(ClientAppActor pid=16519)[0m         
[36m(ClientAppActor pid=16522)[0m 
[36m(ClientAppActor pid=16522)[0m         
[36m(ClientAppActor pid=16519)[0m 
[36m(ClientAppActor pid=16519)[0m         
[36m(ClientAppActor pid=16522)[0m 
[36m(ClientAppActor pid=16522)[0m         
[36m(ClientAppActor pid=16519)[0m 
[36m(ClientAppActor pid=16519)[0m         
[36m(ClientAppActor pid=16522)[0m 
[36m(ClientAppActor pid=16522)[0m         
[36m(ClientAppActor pid=16519)[0m 
[36m(ClientAppActor pid=16519)[0m         
[36m(ClientAppActor pid=16522)[0m 
[36m(ClientAppActor pid=16522)[0m         
[36m(ClientAppActor pid=16519)[0m 
[36m(ClientAppActor pid=16519)[0m         
[36m(ClientAppActor pid=16522)[0m 
[36m(ClientAppActor pid=16522)[0m         
[92mINFO [0m:      aggregate_evaluate: received 10 results and 0 failures
INFO:flwr:aggregate_evaluate: received 10 results and 0 failures
[92mINFO [0m:      
INFO:flwr:
[92mINFO [0m:      [ROUND 39]
INFO:flwr:[ROUND 39]
[92mINFO [0m:      configure_fit: strategy sampled 10 clients (out of 10)
INFO:flwr:configure_fit: strategy sampled 10 clients (out of 10)
[36m(ClientAppActor pid=16522)[0m 
[36m(ClientAppActor pid=16522)[0m         
[36m(ClientAppActor pid=16519)[0m 
[36m(ClientAppActor pid=16519)[0m         
[36m(ClientAppActor pid=16522)[0m 
[36m(ClientAppActor pid=16522)[0m         
[36m(ClientAppActor pid=16522)[0m 
[36m(ClientAppActor pid=16522)[0m         
[36m(ClientAppActor pid=16522)[0m 
[36m(ClientAppActor pid=16522)[0m         
[36m(ClientAppActor pid=16522)[0m 
[36m(ClientAppActor pid=16522)[0m         
[36m(ClientAppActor pid=16522)[0m [Client 2] Training on NVIDIA GeForce RTX 3060[32m [repeated 8x across cluster][0m
[36m(ClientAppActor pid=16522)[0m 
[36m(ClientAppActor pid=16522)[0m         
[36m(ClientAppActor pid=16522)[0m [93mWARNING [0m:   DEPRECATED FEATURE: `client_fn` now expects a signature `def client_fn(context: Context)`.The provided `client_fn` has signature: {'cid': <Parameter "cid: str">}. You can import the `Context` like this: `from flwr.app import Context`[32m [repeated 16x across cluster][0m
[36m(ClientAppActor pid=16522)[0m             This is a deprecated feature. It will be removed[32m [repeated 16x across cluster][0m
[36m(ClientAppActor pid=16522)[0m             entirely in future versions of Flower.[32m [repeated 16x across cluster][0m
[36m(ClientAppActor pid=16522)[0m 
[36m(ClientAppActor pid=16522)[0m         
[36m(ClientAppActor pid=16519)[0m 
[36m(ClientAppActor pid=16519)[0m         
[36m(ClientAppActor pid=16519)[0m 
[36m(ClientAppActor pid=16519)[0m         
[92mINFO [0m:      aggregate_fit: received 10 results and 0 failures
INFO:flwr:aggregate_fit: received 10 results and 0 failures
[CascadeRouter] Round 39: 10 clients, 24578 parameters/client
[92mINFO [0m:      configure_evaluate: strategy sampled 10 clients (out of 10)
INFO:flwr:configure_evaluate: strategy sampled 10 clients (out of 10)
[36m(ClientAppActor pid=16519)[0m 
[36m(ClientAppActor pid=16519)[0m         
[36m(ClientAppActor pid=16519)[0m [93mWARNING [0m:   DEPRECATED FEATURE: `client_fn` now expects a signature `def client_fn(context: Context)`.The provided `client_fn` has signature: {'cid': <Parameter "cid: str">}. You can import the `Context` like this: `from flwr.app import Context`[32m [repeated 4x across cluster][0m
[36m(ClientAppActor pid=16519)[0m             This is a deprecated feature. It will be removed[32m [repeated 4x across cluster][0m
[36m(ClientAppActor pid=16519)[0m             entirely in future versions of Flower.[32m [repeated 4x across cluster][0m
[36m(ClientAppActor pid=16522)[0m 
[36m(ClientAppActor pid=16522)[0m         
[36m(ClientAppActor pid=16522)[0m 
[36m(ClientAppActor pid=16522)[0m         
[36m(ClientAppActor pid=16519)[0m 
[36m(ClientAppActor pid=16519)[0m         
[36m(ClientAppActor pid=16522)[0m 
[36m(ClientAppActor pid=16522)[0m         
[36m(ClientAppActor pid=16519)[0m 
[36m(ClientAppActor pid=16519)[0m         
[36m(ClientAppActor pid=16519)[0m 
[36m(ClientAppActor pid=16519)[0m         
[36m(ClientAppActor pid=16522)[0m 
[36m(ClientAppActor pid=16522)[0m         
[36m(ClientAppActor pid=16522)[0m 
[36m(ClientAppActor pid=16522)[0m         
[36m(ClientAppActor pid=16519)[0m 
[36m(ClientAppActor pid=16519)[0m         
[92mINFO [0m:      aggregate_evaluate: received 10 results and 0 failures
INFO:flwr:aggregate_evaluate: received 10 results and 0 failures
[92mINFO [0m:      
INFO:flwr:
[92mINFO [0m:      [ROUND 40]
INFO:flwr:[ROUND 40]
[92mINFO [0m:      configure_fit: strategy sampled 10 clients (out of 10)
INFO:flwr:configure_fit: strategy sampled 10 clients (out of 10)
[36m(ClientAppActor pid=16519)[0m 
[36m(ClientAppActor pid=16519)[0m         
[36m(ClientAppActor pid=16519)[0m [Client 0] Training on NVIDIA GeForce RTX 3060[32m [repeated 4x across cluster][0m
[36m(ClientAppActor pid=16522)[0m 
[36m(ClientAppActor pid=16522)[0m         
[36m(ClientAppActor pid=16519)[0m 
[36m(ClientAppActor pid=16519)[0m         
[36m(ClientAppActor pid=16519)[0m [93mWARNING [0m:   DEPRECATED FEATURE: `client_fn` now expects a signature `def client_fn(context: Context)`.The provided `client_fn` has signature: {'cid': <Parameter "cid: str">}. You can import the `Context` like this: `from flwr.app import Context`[32m [repeated 12x across cluster][0m
[36m(ClientAppActor pid=16519)[0m             This is a deprecated feature. It will be removed[32m [repeated 12x across cluster][0m
[36m(ClientAppActor pid=16519)[0m             entirely in future versions of Flower.[32m [repeated 12x across cluster][0m
[36m(ClientAppActor pid=16519)[0m [Client 6] Training on NVIDIA GeForce RTX 3060[32m [repeated 2x across cluster][0m
[36m(ClientAppActor pid=16522)[0m 
[36m(ClientAppActor pid=16522)[0m         
[36m(ClientAppActor pid=16519)[0m 
[36m(ClientAppActor pid=16519)[0m         
[36m(ClientAppActor pid=16519)[0m 
[36m(ClientAppActor pid=16519)[0m         
[36m(ClientAppActor pid=16522)[0m 
[36m(ClientAppActor pid=16522)[0m         
[36m(ClientAppActor pid=16519)[0m 
[36m(ClientAppActor pid=16519)[0m         
[36m(ClientAppActor pid=16519)[0m [93mWARNING [0m:   DEPRECATED FEATURE: `client_fn` now expects a signature `def client_fn(context: Context)`.The provided `client_fn` has signature: {'cid': <Parameter "cid: str">}. You can import the `Context` like this: `from flwr.app import Context`[32m [repeated 5x across cluster][0m
[36m(ClientAppActor pid=16519)[0m             This is a deprecated feature. It will be removed[32m [repeated 5x across cluster][0m
[36m(ClientAppActor pid=16519)[0m             entirely in future versions of Flower.[32m [repeated 5x across cluster][0m
[36m(ClientAppActor pid=16519)[0m [Client 5] Training on NVIDIA GeForce RTX 3060[32m [repeated 5x across cluster][0m
[36m(ClientAppActor pid=16522)[0m 
[36m(ClientAppActor pid=16522)[0m         
[36m(ClientAppActor pid=16519)[0m 
[36m(ClientAppActor pid=16519)[0m         
[92mINFO [0m:      aggregate_fit: received 10 results and 0 failures
INFO:flwr:aggregate_fit: received 10 results and 0 failures
[CascadeRouter] Round 40: 10 clients, 24578 parameters/client
[92mINFO [0m:      configure_evaluate: strategy sampled 10 clients (out of 10)
INFO:flwr:configure_evaluate: strategy sampled 10 clients (out of 10)
[36m(ClientAppActor pid=16519)[0m 
[36m(ClientAppActor pid=16519)[0m         
[36m(ClientAppActor pid=16522)[0m 
[36m(ClientAppActor pid=16522)[0m         
[36m(ClientAppActor pid=16522)[0m 
[36m(ClientAppActor pid=16522)[0m         
[36m(ClientAppActor pid=16519)[0m 
[36m(ClientAppActor pid=16519)[0m         
[36m(ClientAppActor pid=16522)[0m 
[36m(ClientAppActor pid=16522)[0m         
[36m(ClientAppActor pid=16519)[0m 
[36m(ClientAppActor pid=16519)[0m         
[36m(ClientAppActor pid=16519)[0m 
[36m(ClientAppActor pid=16519)[0m         
[36m(ClientAppActor pid=16522)[0m 
[36m(ClientAppActor pid=16522)[0m         
[36m(ClientAppActor pid=16522)[0m 
[36m(ClientAppActor pid=16522)[0m         
[36m(ClientAppActor pid=16519)[0m 
[36m(ClientAppActor pid=16519)[0m         
[92mINFO [0m:      aggregate_evaluate: received 10 results and 0 failures
INFO:flwr:aggregate_evaluate: received 10 results and 0 failures
[92mINFO [0m:      
INFO:flwr:
[92mINFO [0m:      [ROUND 41]
INFO:flwr:[ROUND 41]
[92mINFO [0m:      configure_fit: strategy sampled 10 clients (out of 10)
INFO:flwr:configure_fit: strategy sampled 10 clients (out of 10)
[36m(ClientAppActor pid=16519)[0m 
[36m(ClientAppActor pid=16519)[0m         
[36m(ClientAppActor pid=16522)[0m 
[36m(ClientAppActor pid=16522)[0m         
[36m(ClientAppActor pid=16519)[0m 
[36m(ClientAppActor pid=16519)[0m         
[36m(ClientAppActor pid=16522)[0m 
[36m(ClientAppActor pid=16522)[0m         
[36m(ClientAppActor pid=16522)[0m 
[36m(ClientAppActor pid=16522)[0m         
[36m(ClientAppActor pid=16522)[0m 
[36m(ClientAppActor pid=16522)[0m         
[36m(ClientAppActor pid=16522)[0m [Client 7] Training on NVIDIA GeForce RTX 3060[32m [repeated 9x across cluster][0m
[36m(ClientAppActor pid=16522)[0m 
[36m(ClientAppActor pid=16522)[0m         
[36m(ClientAppActor pid=16522)[0m [93mWARNING [0m:   DEPRECATED FEATURE: `client_fn` now expects a signature `def client_fn(context: Context)`.The provided `client_fn` has signature: {'cid': <Parameter "cid: str">}. You can import the `Context` like this: `from flwr.app import Context`[32m [repeated 19x across cluster][0m
[36m(ClientAppActor pid=16522)[0m             This is a deprecated feature. It will be removed[32m [repeated 19x across cluster][0m
[36m(ClientAppActor pid=16522)[0m             entirely in future versions of Flower.[32m [repeated 19x across cluster][0m
[36m(ClientAppActor pid=16519)[0m 
[36m(ClientAppActor pid=16519)[0m         
[36m(ClientAppActor pid=16519)[0m 
[36m(ClientAppActor pid=16519)[0m         
[36m(ClientAppActor pid=16519)[0m 
[36m(ClientAppActor pid=16519)[0m         
[36m(ClientAppActor pid=16519)[0m [93mWARNING [0m:   DEPRECATED FEATURE: `client_fn` now expects a signature `def client_fn(context: Context)`.The provided `client_fn` has signature: {'cid': <Parameter "cid: str">}. You can import the `Context` like this: `from flwr.app import Context`[32m [repeated 3x across cluster][0m
[36m(ClientAppActor pid=16519)[0m             This is a deprecated feature. It will be removed[32m [repeated 3x across cluster][0m
[36m(ClientAppActor pid=16519)[0m             entirely in future versions of Flower.[32m [repeated 3x across cluster][0m
[36m(ClientAppActor pid=16519)[0m [Client 3] Training on NVIDIA GeForce RTX 3060[32m [repeated 3x across cluster][0m
[92mINFO [0m:      aggregate_fit: received 10 results and 0 failures
INFO:flwr:aggregate_fit: received 10 results and 0 failures
[CascadeRouter] Round 41: 10 clients, 24578 parameters/client
[92mINFO [0m:      configure_evaluate: strategy sampled 10 clients (out of 10)
INFO:flwr:configure_evaluate: strategy sampled 10 clients (out of 10)
[36m(ClientAppActor pid=16522)[0m 
[36m(ClientAppActor pid=16522)[0m         
[36m(ClientAppActor pid=16519)[0m 
[36m(ClientAppActor pid=16519)[0m         
[36m(ClientAppActor pid=16522)[0m 
[36m(ClientAppActor pid=16522)[0m         
[36m(ClientAppActor pid=16519)[0m 
[36m(ClientAppActor pid=16519)[0m         
[36m(ClientAppActor pid=16519)[0m 
[36m(ClientAppActor pid=16519)[0m         
[36m(ClientAppActor pid=16522)[0m 
[36m(ClientAppActor pid=16522)[0m         
[36m(ClientAppActor pid=16522)[0m 
[36m(ClientAppActor pid=16522)[0m         
[36m(ClientAppActor pid=16519)[0m 
[36m(ClientAppActor pid=16519)[0m         
[36m(ClientAppActor pid=16519)[0m 
[36m(ClientAppActor pid=16519)[0m         
[36m(ClientAppActor pid=16522)[0m 
[36m(ClientAppActor pid=16522)[0m         
[92mINFO [0m:      aggregate_evaluate: received 10 results and 0 failures
INFO:flwr:aggregate_evaluate: received 10 results and 0 failures
[92mINFO [0m:      
INFO:flwr:
[92mINFO [0m:      [ROUND 42]
INFO:flwr:[ROUND 42]
[92mINFO [0m:      configure_fit: strategy sampled 10 clients (out of 10)
INFO:flwr:configure_fit: strategy sampled 10 clients (out of 10)
[36m(ClientAppActor pid=16519)[0m 
[36m(ClientAppActor pid=16519)[0m         
[36m(ClientAppActor pid=16522)[0m 
[36m(ClientAppActor pid=16522)[0m         
[36m(ClientAppActor pid=16522)[0m 
[36m(ClientAppActor pid=16522)[0m         
[36m(ClientAppActor pid=16522)[0m 
[36m(ClientAppActor pid=16522)[0m         
[36m(ClientAppActor pid=16522)[0m [Client 3] Training on NVIDIA GeForce RTX 3060[32m [repeated 5x across cluster][0m
[36m(ClientAppActor pid=16522)[0m 
[36m(ClientAppActor pid=16522)[0m         
[36m(ClientAppActor pid=16522)[0m [93mWARNING [0m:   DEPRECATED FEATURE: `client_fn` now expects a signature `def client_fn(context: Context)`.The provided `client_fn` has signature: {'cid': <Parameter "cid: str">}. You can import the `Context` like this: `from flwr.app import Context`[32m [repeated 15x across cluster][0m
[36m(ClientAppActor pid=16522)[0m             This is a deprecated feature. It will be removed[32m [repeated 15x across cluster][0m
[36m(ClientAppActor pid=16522)[0m             entirely in future versions of Flower.[32m [repeated 15x across cluster][0m
[36m(ClientAppActor pid=16522)[0m 
[36m(ClientAppActor pid=16522)[0m         
[36m(ClientAppActor pid=16522)[0m 
[36m(ClientAppActor pid=16522)[0m         
[36m(ClientAppActor pid=16519)[0m 
[36m(ClientAppActor pid=16519)[0m         
[36m(ClientAppActor pid=16519)[0m 
[36m(ClientAppActor pid=16519)[0m         
[36m(ClientAppActor pid=16519)[0m 
[36m(ClientAppActor pid=16519)[0m         
[36m(ClientAppActor pid=16519)[0m [93mWARNING [0m:   DEPRECATED FEATURE: `client_fn` now expects a signature `def client_fn(context: Context)`.The provided `client_fn` has signature: {'cid': <Parameter "cid: str">}. You can import the `Context` like this: `from flwr.app import Context`[32m [repeated 5x across cluster][0m
[36m(ClientAppActor pid=16519)[0m             This is a deprecated feature. It will be removed[32m [repeated 5x across cluster][0m
[36m(ClientAppActor pid=16519)[0m             entirely in future versions of Flower.[32m [repeated 5x across cluster][0m
[36m(ClientAppActor pid=16519)[0m [Client 9] Training on NVIDIA GeForce RTX 3060[32m [repeated 5x across cluster][0m
[92mINFO [0m:      aggregate_fit: received 10 results and 0 failures
INFO:flwr:aggregate_fit: received 10 results and 0 failures
[CascadeRouter] Round 42: 10 clients, 24578 parameters/client
[92mINFO [0m:      configure_evaluate: strategy sampled 10 clients (out of 10)
INFO:flwr:configure_evaluate: strategy sampled 10 clients (out of 10)
[36m(ClientAppActor pid=16522)[0m 
[36m(ClientAppActor pid=16522)[0m         
[36m(ClientAppActor pid=16519)[0m 
[36m(ClientAppActor pid=16519)[0m         
[36m(ClientAppActor pid=16519)[0m 
[36m(ClientAppActor pid=16519)[0m         
[36m(ClientAppActor pid=16522)[0m 
[36m(ClientAppActor pid=16522)[0m         
[36m(ClientAppActor pid=16522)[0m 
[36m(ClientAppActor pid=16522)[0m         
[36m(ClientAppActor pid=16519)[0m 
[36m(ClientAppActor pid=16519)[0m         
[36m(ClientAppActor pid=16522)[0m 
[36m(ClientAppActor pid=16522)[0m         
[36m(ClientAppActor pid=16519)[0m 
[36m(ClientAppActor pid=16519)[0m         
[36m(ClientAppActor pid=16519)[0m 
[36m(ClientAppActor pid=16519)[0m         
[36m(ClientAppActor pid=16522)[0m 
[36m(ClientAppActor pid=16522)[0m         
[92mINFO [0m:      aggregate_evaluate: received 10 results and 0 failures
INFO:flwr:aggregate_evaluate: received 10 results and 0 failures
[92mINFO [0m:      
INFO:flwr:
[92mINFO [0m:      [ROUND 43]
INFO:flwr:[ROUND 43]
[92mINFO [0m:      configure_fit: strategy sampled 10 clients (out of 10)
INFO:flwr:configure_fit: strategy sampled 10 clients (out of 10)
[36m(ClientAppActor pid=16519)[0m 
[36m(ClientAppActor pid=16519)[0m         
[36m(ClientAppActor pid=16522)[0m 
[36m(ClientAppActor pid=16522)[0m         
[36m(ClientAppActor pid=16522)[0m 
[36m(ClientAppActor pid=16522)[0m         
[36m(ClientAppActor pid=16522)[0m 
[36m(ClientAppActor pid=16522)[0m         
[36m(ClientAppActor pid=16519)[0m 
[36m(ClientAppActor pid=16519)[0m         
[36m(ClientAppActor pid=16519)[0m 
[36m(ClientAppActor pid=16519)[0m         
[36m(ClientAppActor pid=16519)[0m [93mWARNING [0m:   DEPRECATED FEATURE: `client_fn` now expects a signature `def client_fn(context: Context)`.The provided `client_fn` has signature: {'cid': <Parameter "cid: str">}. You can import the `Context` like this: `from flwr.app import Context`[32m [repeated 16x across cluster][0m
[36m(ClientAppActor pid=16519)[0m             This is a deprecated feature. It will be removed[32m [repeated 16x across cluster][0m
[36m(ClientAppActor pid=16519)[0m             entirely in future versions of Flower.[32m [repeated 16x across cluster][0m
[36m(ClientAppActor pid=16519)[0m [Client 1] Training on NVIDIA GeForce RTX 3060[32m [repeated 6x across cluster][0m
[36m(ClientAppActor pid=16519)[0m 
[36m(ClientAppActor pid=16519)[0m         
[36m(ClientAppActor pid=16522)[0m 
[36m(ClientAppActor pid=16522)[0m         
[36m(ClientAppActor pid=16522)[0m [Client 5] Training on NVIDIA GeForce RTX 3060[32m [repeated 3x across cluster][0m
[36m(ClientAppActor pid=16522)[0m 
[36m(ClientAppActor pid=16522)[0m         
[36m(ClientAppActor pid=16522)[0m [93mWARNING [0m:   DEPRECATED FEATURE: `client_fn` now expects a signature `def client_fn(context: Context)`.The provided `client_fn` has signature: {'cid': <Parameter "cid: str">}. You can import the `Context` like this: `from flwr.app import Context`[32m [repeated 3x across cluster][0m
[36m(ClientAppActor pid=16522)[0m             This is a deprecated feature. It will be removed[32m [repeated 3x across cluster][0m
[36m(ClientAppActor pid=16522)[0m             entirely in future versions of Flower.[32m [repeated 3x across cluster][0m
[36m(ClientAppActor pid=16522)[0m 
[36m(ClientAppActor pid=16522)[0m         
[92mINFO [0m:      aggregate_fit: received 10 results and 0 failures
INFO:flwr:aggregate_fit: received 10 results and 0 failures
[CascadeRouter] Round 43: 10 clients, 24578 parameters/client
[92mINFO [0m:      configure_evaluate: strategy sampled 10 clients (out of 10)
INFO:flwr:configure_evaluate: strategy sampled 10 clients (out of 10)
[36m(ClientAppActor pid=16522)[0m 
[36m(ClientAppActor pid=16522)[0m         
[36m(ClientAppActor pid=16519)[0m 
[36m(ClientAppActor pid=16519)[0m         
[36m(ClientAppActor pid=16522)[0m 
[36m(ClientAppActor pid=16522)[0m         
[36m(ClientAppActor pid=16519)[0m 
[36m(ClientAppActor pid=16519)[0m         
[36m(ClientAppActor pid=16519)[0m 
[36m(ClientAppActor pid=16519)[0m         
[36m(ClientAppActor pid=16522)[0m 
[36m(ClientAppActor pid=16522)[0m         
[36m(ClientAppActor pid=16522)[0m 
[36m(ClientAppActor pid=16522)[0m         
[36m(ClientAppActor pid=16519)[0m 
[36m(ClientAppActor pid=16519)[0m         
[36m(ClientAppActor pid=16519)[0m 
[36m(ClientAppActor pid=16519)[0m         
[36m(ClientAppActor pid=16522)[0m 
[36m(ClientAppActor pid=16522)[0m         
[92mINFO [0m:      aggregate_evaluate: received 10 results and 0 failures
INFO:flwr:aggregate_evaluate: received 10 results and 0 failures
[92mINFO [0m:      
INFO:flwr:
[92mINFO [0m:      [ROUND 44]
INFO:flwr:[ROUND 44]
[92mINFO [0m:      configure_fit: strategy sampled 10 clients (out of 10)
INFO:flwr:configure_fit: strategy sampled 10 clients (out of 10)
[36m(ClientAppActor pid=16519)[0m 
[36m(ClientAppActor pid=16519)[0m         
[36m(ClientAppActor pid=16522)[0m 
[36m(ClientAppActor pid=16522)[0m         
[36m(ClientAppActor pid=16519)[0m 
[36m(ClientAppActor pid=16519)[0m         
[36m(ClientAppActor pid=16519)[0m 
[36m(ClientAppActor pid=16519)[0m         
[36m(ClientAppActor pid=16519)[0m 
[36m(ClientAppActor pid=16519)[0m         
[36m(ClientAppActor pid=16519)[0m 
[36m(ClientAppActor pid=16519)[0m         
[36m(ClientAppActor pid=16519)[0m [93mWARNING [0m:   DEPRECATED FEATURE: `client_fn` now expects a signature `def client_fn(context: Context)`.The provided `client_fn` has signature: {'cid': <Parameter "cid: str">}. You can import the `Context` like this: `from flwr.app import Context`[32m [repeated 17x across cluster][0m
[36m(ClientAppActor pid=16519)[0m             This is a deprecated feature. It will be removed[32m [repeated 17x across cluster][0m
[36m(ClientAppActor pid=16519)[0m             entirely in future versions of Flower.[32m [repeated 17x across cluster][0m
[36m(ClientAppActor pid=16519)[0m [Client 0] Training on NVIDIA GeForce RTX 3060[32m [repeated 7x across cluster][0m
[36m(ClientAppActor pid=16522)[0m 
[36m(ClientAppActor pid=16522)[0m         
[36m(ClientAppActor pid=16522)[0m 
[36m(ClientAppActor pid=16522)[0m         
[36m(ClientAppActor pid=16522)[0m 
[36m(ClientAppActor pid=16522)[0m         
[36m(ClientAppActor pid=16519)[0m 
[36m(ClientAppActor pid=16519)[0m         
[36m(ClientAppActor pid=16519)[0m [93mWARNING [0m:   DEPRECATED FEATURE: `client_fn` now expects a signature `def client_fn(context: Context)`.The provided `client_fn` has signature: {'cid': <Parameter "cid: str">}. You can import the `Context` like this: `from flwr.app import Context`[32m [repeated 4x across cluster][0m
[36m(ClientAppActor pid=16519)[0m             This is a deprecated feature. It will be removed[32m [repeated 4x across cluster][0m
[36m(ClientAppActor pid=16519)[0m             entirely in future versions of Flower.[32m [repeated 4x across cluster][0m
[36m(ClientAppActor pid=16519)[0m [Client 8] Training on NVIDIA GeForce RTX 3060[32m [repeated 4x across cluster][0m
[92mINFO [0m:      aggregate_fit: received 10 results and 0 failures
INFO:flwr:aggregate_fit: received 10 results and 0 failures
[CascadeRouter] Round 44: 10 clients, 24578 parameters/client
[92mINFO [0m:      configure_evaluate: strategy sampled 10 clients (out of 10)
INFO:flwr:configure_evaluate: strategy sampled 10 clients (out of 10)
[36m(ClientAppActor pid=16519)[0m 
[36m(ClientAppActor pid=16519)[0m         
[36m(ClientAppActor pid=16522)[0m 
[36m(ClientAppActor pid=16522)[0m         
[36m(ClientAppActor pid=16522)[0m 
[36m(ClientAppActor pid=16522)[0m         
[36m(ClientAppActor pid=16519)[0m 
[36m(ClientAppActor pid=16519)[0m         
[36m(ClientAppActor pid=16522)[0m 
[36m(ClientAppActor pid=16522)[0m         
[36m(ClientAppActor pid=16519)[0m 
[36m(ClientAppActor pid=16519)[0m         
[36m(ClientAppActor pid=16519)[0m 
[36m(ClientAppActor pid=16519)[0m         
[36m(ClientAppActor pid=16522)[0m 
[36m(ClientAppActor pid=16522)[0m         
[36m(ClientAppActor pid=16522)[0m 
[36m(ClientAppActor pid=16522)[0m         
[36m(ClientAppActor pid=16519)[0m 
[36m(ClientAppActor pid=16519)[0m         
[92mINFO [0m:      aggregate_evaluate: received 10 results and 0 failures
INFO:flwr:aggregate_evaluate: received 10 results and 0 failures
[92mINFO [0m:      
INFO:flwr:
[92mINFO [0m:      [ROUND 45]
INFO:flwr:[ROUND 45]
[92mINFO [0m:      configure_fit: strategy sampled 10 clients (out of 10)
INFO:flwr:configure_fit: strategy sampled 10 clients (out of 10)
[36m(ClientAppActor pid=16522)[0m [Client 4] Training on NVIDIA GeForce RTX 3060
[36m(ClientAppActor pid=16519)[0m 
[36m(ClientAppActor pid=16519)[0m         
[36m(ClientAppActor pid=16519)[0m [93mWARNING [0m:   DEPRECATED FEATURE: `client_fn` now expects a signature `def client_fn(context: Context)`.The provided `client_fn` has signature: {'cid': <Parameter "cid: str">}. You can import the `Context` like this: `from flwr.app import Context`[32m [repeated 11x across cluster][0m
[36m(ClientAppActor pid=16519)[0m             This is a deprecated feature. It will be removed[32m [repeated 11x across cluster][0m
[36m(ClientAppActor pid=16519)[0m             entirely in future versions of Flower.[32m [repeated 11x across cluster][0m
[36m(ClientAppActor pid=16519)[0m [Client 9] Training on NVIDIA GeForce RTX 3060
[36m(ClientAppActor pid=16522)[0m 
[36m(ClientAppActor pid=16522)[0m         
[36m(ClientAppActor pid=16522)[0m 
[36m(ClientAppActor pid=16522)[0m         
[36m(ClientAppActor pid=16519)[0m 
[36m(ClientAppActor pid=16519)[0m         
[36m(ClientAppActor pid=16522)[0m [Client 8] Training on NVIDIA GeForce RTX 3060[32m [repeated 3x across cluster][0m
[36m(ClientAppActor pid=16522)[0m 
[36m(ClientAppActor pid=16522)[0m         
[36m(ClientAppActor pid=16522)[0m [93mWARNING [0m:   DEPRECATED FEATURE: `client_fn` now expects a signature `def client_fn(context: Context)`.The provided `client_fn` has signature: {'cid': <Parameter "cid: str">}. You can import the `Context` like this: `from flwr.app import Context`[32m [repeated 4x across cluster][0m
[36m(ClientAppActor pid=16522)[0m             This is a deprecated feature. It will be removed[32m [repeated 4x across cluster][0m
[36m(ClientAppActor pid=16522)[0m             entirely in future versions of Flower.[32m [repeated 4x across cluster][0m
[36m(ClientAppActor pid=16522)[0m 
[36m(ClientAppActor pid=16522)[0m         
[36m(ClientAppActor pid=16519)[0m 
[36m(ClientAppActor pid=16519)[0m         
[36m(ClientAppActor pid=16519)[0m 
[36m(ClientAppActor pid=16519)[0m         
[36m(ClientAppActor pid=16519)[0m 
[36m(ClientAppActor pid=16519)[0m         
[36m(ClientAppActor pid=16519)[0m 
[36m(ClientAppActor pid=16519)[0m         
[92mINFO [0m:      aggregate_fit: received 10 results and 0 failures
INFO:flwr:aggregate_fit: received 10 results and 0 failures
[CascadeRouter] Round 45: 10 clients, 24578 parameters/client
[92mINFO [0m:      configure_evaluate: strategy sampled 10 clients (out of 10)
INFO:flwr:configure_evaluate: strategy sampled 10 clients (out of 10)
[36m(ClientAppActor pid=16522)[0m 
[36m(ClientAppActor pid=16522)[0m         
[36m(ClientAppActor pid=16522)[0m [93mWARNING [0m:   DEPRECATED FEATURE: `client_fn` now expects a signature `def client_fn(context: Context)`.The provided `client_fn` has signature: {'cid': <Parameter "cid: str">}. You can import the `Context` like this: `from flwr.app import Context`[32m [repeated 6x across cluster][0m
[36m(ClientAppActor pid=16522)[0m             This is a deprecated feature. It will be removed[32m [repeated 6x across cluster][0m
[36m(ClientAppActor pid=16522)[0m             entirely in future versions of Flower.[32m [repeated 6x across cluster][0m
[36m(ClientAppActor pid=16519)[0m 
[36m(ClientAppActor pid=16519)[0m         
[36m(ClientAppActor pid=16522)[0m 
[36m(ClientAppActor pid=16522)[0m         
[36m(ClientAppActor pid=16519)[0m 
[36m(ClientAppActor pid=16519)[0m         
[36m(ClientAppActor pid=16522)[0m 
[36m(ClientAppActor pid=16522)[0m         
[36m(ClientAppActor pid=16519)[0m 
[36m(ClientAppActor pid=16519)[0m         
[36m(ClientAppActor pid=16522)[0m 
[36m(ClientAppActor pid=16522)[0m         
[36m(ClientAppActor pid=16519)[0m 
[36m(ClientAppActor pid=16519)[0m         
[36m(ClientAppActor pid=16522)[0m 
[36m(ClientAppActor pid=16522)[0m         
[36m(ClientAppActor pid=16519)[0m 
[36m(ClientAppActor pid=16519)[0m         
[92mINFO [0m:      aggregate_evaluate: received 10 results and 0 failures
INFO:flwr:aggregate_evaluate: received 10 results and 0 failures
[92mINFO [0m:      
INFO:flwr:
[92mINFO [0m:      [ROUND 46]
INFO:flwr:[ROUND 46]
[92mINFO [0m:      configure_fit: strategy sampled 10 clients (out of 10)
INFO:flwr:configure_fit: strategy sampled 10 clients (out of 10)
[36m(ClientAppActor pid=16519)[0m 
[36m(ClientAppActor pid=16519)[0m         
[36m(ClientAppActor pid=16519)[0m [Client 5] Training on NVIDIA GeForce RTX 3060[32m [repeated 6x across cluster][0m
[36m(ClientAppActor pid=16522)[0m 
[36m(ClientAppActor pid=16522)[0m         
[36m(ClientAppActor pid=16519)[0m 
[36m(ClientAppActor pid=16519)[0m         
[36m(ClientAppActor pid=16522)[0m 
[36m(ClientAppActor pid=16522)[0m         
[36m(ClientAppActor pid=16519)[0m 
[36m(ClientAppActor pid=16519)[0m         
[36m(ClientAppActor pid=16519)[0m 
[36m(ClientAppActor pid=16519)[0m         
[36m(ClientAppActor pid=16519)[0m 
[36m(ClientAppActor pid=16519)[0m         
[36m(ClientAppActor pid=16519)[0m [93mWARNING [0m:   DEPRECATED FEATURE: `client_fn` now expects a signature `def client_fn(context: Context)`.The provided `client_fn` has signature: {'cid': <Parameter "cid: str">}. You can import the `Context` like this: `from flwr.app import Context`[32m [repeated 16x across cluster][0m
[36m(ClientAppActor pid=16519)[0m             This is a deprecated feature. It will be removed[32m [repeated 16x across cluster][0m
[36m(ClientAppActor pid=16519)[0m             entirely in future versions of Flower.[32m [repeated 16x across cluster][0m
[36m(ClientAppActor pid=16519)[0m [Client 9] Training on NVIDIA GeForce RTX 3060[32m [repeated 6x across cluster][0m
[36m(ClientAppActor pid=16519)[0m 
[36m(ClientAppActor pid=16519)[0m         
[36m(ClientAppActor pid=16519)[0m 
[36m(ClientAppActor pid=16519)[0m         
[36m(ClientAppActor pid=16522)[0m 
[36m(ClientAppActor pid=16522)[0m         
[92mINFO [0m:      aggregate_fit: received 10 results and 0 failures
INFO:flwr:aggregate_fit: received 10 results and 0 failures
[CascadeRouter] Round 46: 10 clients, 24578 parameters/client
[92mINFO [0m:      configure_evaluate: strategy sampled 10 clients (out of 10)
INFO:flwr:configure_evaluate: strategy sampled 10 clients (out of 10)
[36m(ClientAppActor pid=16522)[0m 
[36m(ClientAppActor pid=16522)[0m         
[36m(ClientAppActor pid=16519)[0m 
[36m(ClientAppActor pid=16519)[0m         
[36m(ClientAppActor pid=16522)[0m 
[36m(ClientAppActor pid=16522)[0m         
[36m(ClientAppActor pid=16519)[0m 
[36m(ClientAppActor pid=16519)[0m         
[36m(ClientAppActor pid=16519)[0m 
[36m(ClientAppActor pid=16519)[0m         
[36m(ClientAppActor pid=16522)[0m 
[36m(ClientAppActor pid=16522)[0m         
[36m(ClientAppActor pid=16522)[0m 
[36m(ClientAppActor pid=16522)[0m         
[36m(ClientAppActor pid=16522)[0m [93mWARNING [0m:   DEPRECATED FEATURE: `client_fn` now expects a signature `def client_fn(context: Context)`.The provided `client_fn` has signature: {'cid': <Parameter "cid: str">}. You can import the `Context` like this: `from flwr.app import Context`[32m [repeated 10x across cluster][0m
[36m(ClientAppActor pid=16522)[0m             This is a deprecated feature. It will be removed[32m [repeated 10x across cluster][0m
[36m(ClientAppActor pid=16522)[0m             entirely in future versions of Flower.[32m [repeated 10x across cluster][0m
[36m(ClientAppActor pid=16519)[0m 
[36m(ClientAppActor pid=16519)[0m         
[36m(ClientAppActor pid=16522)[0m 
[36m(ClientAppActor pid=16522)[0m         
[36m(ClientAppActor pid=16519)[0m 
[36m(ClientAppActor pid=16519)[0m         
[92mINFO [0m:      aggregate_evaluate: received 10 results and 0 failures
INFO:flwr:aggregate_evaluate: received 10 results and 0 failures
[92mINFO [0m:      
INFO:flwr:
[92mINFO [0m:      [ROUND 47]
INFO:flwr:[ROUND 47]
[92mINFO [0m:      configure_fit: strategy sampled 10 clients (out of 10)
INFO:flwr:configure_fit: strategy sampled 10 clients (out of 10)
[36m(ClientAppActor pid=16519)[0m 
[36m(ClientAppActor pid=16519)[0m         
[36m(ClientAppActor pid=16519)[0m [Client 2] Training on NVIDIA GeForce RTX 3060[32m [repeated 4x across cluster][0m
[36m(ClientAppActor pid=16522)[0m 
[36m(ClientAppActor pid=16522)[0m         
[36m(ClientAppActor pid=16519)[0m 
[36m(ClientAppActor pid=16519)[0m         
[36m(ClientAppActor pid=16522)[0m 
[36m(ClientAppActor pid=16522)[0m         
[36m(ClientAppActor pid=16519)[0m 
[36m(ClientAppActor pid=16519)[0m         
[36m(ClientAppActor pid=16522)[0m 
[36m(ClientAppActor pid=16522)[0m         
[36m(ClientAppActor pid=16519)[0m 
[36m(ClientAppActor pid=16519)[0m         
[36m(ClientAppActor pid=16519)[0m 
[36m(ClientAppActor pid=16519)[0m         
[36m(ClientAppActor pid=16519)[0m [93mWARNING [0m:   DEPRECATED FEATURE: `client_fn` now expects a signature `def client_fn(context: Context)`.The provided `client_fn` has signature: {'cid': <Parameter "cid: str">}. You can import the `Context` like this: `from flwr.app import Context`[32m [repeated 11x across cluster][0m
[36m(ClientAppActor pid=16519)[0m             This is a deprecated feature. It will be removed[32m [repeated 11x across cluster][0m
[36m(ClientAppActor pid=16519)[0m             entirely in future versions of Flower.[32m [repeated 11x across cluster][0m
[36m(ClientAppActor pid=16519)[0m [Client 5] Training on NVIDIA GeForce RTX 3060[32m [repeated 7x across cluster][0m
[36m(ClientAppActor pid=16519)[0m 
[36m(ClientAppActor pid=16519)[0m         
[36m(ClientAppActor pid=16519)[0m 
[36m(ClientAppActor pid=16519)[0m         
[92mINFO [0m:      aggregate_fit: received 10 results and 0 failures
INFO:flwr:aggregate_fit: received 10 results and 0 failures
[CascadeRouter] Round 47: 10 clients, 24578 parameters/client
[92mINFO [0m:      configure_evaluate: strategy sampled 10 clients (out of 10)
INFO:flwr:configure_evaluate: strategy sampled 10 clients (out of 10)
[36m(ClientAppActor pid=16519)[0m 
[36m(ClientAppActor pid=16519)[0m         
[36m(ClientAppActor pid=16522)[0m 
[36m(ClientAppActor pid=16522)[0m         
[36m(ClientAppActor pid=16519)[0m 
[36m(ClientAppActor pid=16519)[0m         
[36m(ClientAppActor pid=16522)[0m 
[36m(ClientAppActor pid=16522)[0m         
[36m(ClientAppActor pid=16519)[0m 
[36m(ClientAppActor pid=16519)[0m         
[36m(ClientAppActor pid=16522)[0m 
[36m(ClientAppActor pid=16522)[0m         
[36m(ClientAppActor pid=16519)[0m 
[36m(ClientAppActor pid=16519)[0m         
[36m(ClientAppActor pid=16522)[0m 
[36m(ClientAppActor pid=16522)[0m         
[36m(ClientAppActor pid=16522)[0m [93mWARNING [0m:   DEPRECATED FEATURE: `client_fn` now expects a signature `def client_fn(context: Context)`.The provided `client_fn` has signature: {'cid': <Parameter "cid: str">}. You can import the `Context` like this: `from flwr.app import Context`[32m [repeated 10x across cluster][0m
[36m(ClientAppActor pid=16522)[0m             This is a deprecated feature. It will be removed[32m [repeated 10x across cluster][0m
[36m(ClientAppActor pid=16522)[0m             entirely in future versions of Flower.[32m [repeated 10x across cluster][0m
[36m(ClientAppActor pid=16519)[0m 
[36m(ClientAppActor pid=16519)[0m         
[36m(ClientAppActor pid=16522)[0m 
[36m(ClientAppActor pid=16522)[0m         
[92mINFO [0m:      aggregate_evaluate: received 10 results and 0 failures
INFO:flwr:aggregate_evaluate: received 10 results and 0 failures
[92mINFO [0m:      
INFO:flwr:
[92mINFO [0m:      [ROUND 48]
INFO:flwr:[ROUND 48]
[92mINFO [0m:      configure_fit: strategy sampled 10 clients (out of 10)
INFO:flwr:configure_fit: strategy sampled 10 clients (out of 10)
[36m(ClientAppActor pid=16522)[0m [Client 2] Training on NVIDIA GeForce RTX 3060[32m [repeated 3x across cluster][0m
[36m(ClientAppActor pid=16522)[0m 
[36m(ClientAppActor pid=16522)[0m         
[36m(ClientAppActor pid=16519)[0m 
[36m(ClientAppActor pid=16519)[0m         
[36m(ClientAppActor pid=16522)[0m 
[36m(ClientAppActor pid=16522)[0m         
[36m(ClientAppActor pid=16519)[0m 
[36m(ClientAppActor pid=16519)[0m         
[36m(ClientAppActor pid=16519)[0m 
[36m(ClientAppActor pid=16519)[0m         
[36m(ClientAppActor pid=16519)[0m 
[36m(ClientAppActor pid=16519)[0m         
[36m(ClientAppActor pid=16519)[0m 
[36m(ClientAppActor pid=16519)[0m         
[36m(ClientAppActor pid=16519)[0m [93mWARNING [0m:   DEPRECATED FEATURE: `client_fn` now expects a signature `def client_fn(context: Context)`.The provided `client_fn` has signature: {'cid': <Parameter "cid: str">}. You can import the `Context` like this: `from flwr.app import Context`[32m [repeated 9x across cluster][0m
[36m(ClientAppActor pid=16519)[0m             This is a deprecated feature. It will be removed[32m [repeated 9x across cluster][0m
[36m(ClientAppActor pid=16519)[0m             entirely in future versions of Flower.[32m [repeated 9x across cluster][0m
[36m(ClientAppActor pid=16519)[0m [Client 9] Training on NVIDIA GeForce RTX 3060[32m [repeated 6x across cluster][0m
[36m(ClientAppActor pid=16519)[0m 
[36m(ClientAppActor pid=16519)[0m         
[36m(ClientAppActor pid=16522)[0m 
[36m(ClientAppActor pid=16522)[0m         
[36m(ClientAppActor pid=16522)[0m 
[36m(ClientAppActor pid=16522)[0m         
[92mINFO [0m:      aggregate_fit: received 10 results and 0 failures
INFO:flwr:aggregate_fit: received 10 results and 0 failures
[CascadeRouter] Round 48: 10 clients, 24578 parameters/client
[92mINFO [0m:      configure_evaluate: strategy sampled 10 clients (out of 10)
INFO:flwr:configure_evaluate: strategy sampled 10 clients (out of 10)
[36m(ClientAppActor pid=16519)[0m 
[36m(ClientAppActor pid=16519)[0m         
[36m(ClientAppActor pid=16519)[0m [93mWARNING [0m:   DEPRECATED FEATURE: `client_fn` now expects a signature `def client_fn(context: Context)`.The provided `client_fn` has signature: {'cid': <Parameter "cid: str">}. You can import the `Context` like this: `from flwr.app import Context`[32m [repeated 4x across cluster][0m
[36m(ClientAppActor pid=16519)[0m             This is a deprecated feature. It will be removed[32m [repeated 4x across cluster][0m
[36m(ClientAppActor pid=16519)[0m             entirely in future versions of Flower.[32m [repeated 4x across cluster][0m
[36m(ClientAppActor pid=16522)[0m 
[36m(ClientAppActor pid=16522)[0m         
[36m(ClientAppActor pid=16519)[0m 
[36m(ClientAppActor pid=16519)[0m         
[36m(ClientAppActor pid=16522)[0m 
[36m(ClientAppActor pid=16522)[0m         
[36m(ClientAppActor pid=16519)[0m 
[36m(ClientAppActor pid=16519)[0m         
[36m(ClientAppActor pid=16522)[0m 
[36m(ClientAppActor pid=16522)[0m         
[36m(ClientAppActor pid=16519)[0m 
[36m(ClientAppActor pid=16519)[0m         
[36m(ClientAppActor pid=16522)[0m 
[36m(ClientAppActor pid=16522)[0m         
[36m(ClientAppActor pid=16519)[0m 
[36m(ClientAppActor pid=16519)[0m         
[36m(ClientAppActor pid=16522)[0m 
[36m(ClientAppActor pid=16522)[0m         
[92mINFO [0m:      aggregate_evaluate: received 10 results and 0 failures
INFO:flwr:aggregate_evaluate: received 10 results and 0 failures
[92mINFO [0m:      
INFO:flwr:
[92mINFO [0m:      [ROUND 49]
INFO:flwr:[ROUND 49]
[92mINFO [0m:      configure_fit: strategy sampled 10 clients (out of 10)
INFO:flwr:configure_fit: strategy sampled 10 clients (out of 10)
[36m(ClientAppActor pid=16522)[0m [Client 5] Training on NVIDIA GeForce RTX 3060[32m [repeated 4x across cluster][0m
[36m(ClientAppActor pid=16522)[0m 
[36m(ClientAppActor pid=16522)[0m         
[36m(ClientAppActor pid=16519)[0m 
[36m(ClientAppActor pid=16519)[0m         
[36m(ClientAppActor pid=16519)[0m 
[36m(ClientAppActor pid=16519)[0m         
[36m(ClientAppActor pid=16522)[0m 
[36m(ClientAppActor pid=16522)[0m         
[36m(ClientAppActor pid=16519)[0m 
[36m(ClientAppActor pid=16519)[0m         
[36m(ClientAppActor pid=16519)[0m 
[36m(ClientAppActor pid=16519)[0m         
[36m(ClientAppActor pid=16519)[0m 
[36m(ClientAppActor pid=16519)[0m         
[36m(ClientAppActor pid=16522)[0m [Client 3] Training on NVIDIA GeForce RTX 3060[32m [repeated 7x across cluster][0m
[36m(ClientAppActor pid=16522)[0m 
[36m(ClientAppActor pid=16522)[0m         
[36m(ClientAppActor pid=16522)[0m [93mWARNING [0m:   DEPRECATED FEATURE: `client_fn` now expects a signature `def client_fn(context: Context)`.The provided `client_fn` has signature: {'cid': <Parameter "cid: str">}. You can import the `Context` like this: `from flwr.app import Context`[32m [repeated 17x across cluster][0m
[36m(ClientAppActor pid=16522)[0m             This is a deprecated feature. It will be removed[32m [repeated 17x across cluster][0m
[36m(ClientAppActor pid=16522)[0m             entirely in future versions of Flower.[32m [repeated 17x across cluster][0m
[36m(ClientAppActor pid=16522)[0m 
[36m(ClientAppActor pid=16522)[0m         
[36m(ClientAppActor pid=16519)[0m 
[36m(ClientAppActor pid=16519)[0m         
[92mINFO [0m:      aggregate_fit: received 10 results and 0 failures
INFO:flwr:aggregate_fit: received 10 results and 0 failures
[CascadeRouter] Round 49: 10 clients, 24578 parameters/client
[92mINFO [0m:      configure_evaluate: strategy sampled 10 clients (out of 10)
INFO:flwr:configure_evaluate: strategy sampled 10 clients (out of 10)
[36m(ClientAppActor pid=16522)[0m 
[36m(ClientAppActor pid=16522)[0m         
[36m(ClientAppActor pid=16522)[0m [93mWARNING [0m:   DEPRECATED FEATURE: `client_fn` now expects a signature `def client_fn(context: Context)`.The provided `client_fn` has signature: {'cid': <Parameter "cid: str">}. You can import the `Context` like this: `from flwr.app import Context`[32m [repeated 3x across cluster][0m
[36m(ClientAppActor pid=16522)[0m             This is a deprecated feature. It will be removed[32m [repeated 3x across cluster][0m
[36m(ClientAppActor pid=16522)[0m             entirely in future versions of Flower.[32m [repeated 3x across cluster][0m
[36m(ClientAppActor pid=16519)[0m 
[36m(ClientAppActor pid=16519)[0m         
[36m(ClientAppActor pid=16522)[0m 
[36m(ClientAppActor pid=16522)[0m         
[36m(ClientAppActor pid=16519)[0m 
[36m(ClientAppActor pid=16519)[0m         
[36m(ClientAppActor pid=16522)[0m 
[36m(ClientAppActor pid=16522)[0m         
[36m(ClientAppActor pid=16519)[0m 
[36m(ClientAppActor pid=16519)[0m         
[36m(ClientAppActor pid=16519)[0m 
[36m(ClientAppActor pid=16519)[0m         
[36m(ClientAppActor pid=16522)[0m 
[36m(ClientAppActor pid=16522)[0m         
[36m(ClientAppActor pid=16522)[0m 
[36m(ClientAppActor pid=16522)[0m         
[36m(ClientAppActor pid=16519)[0m 
[36m(ClientAppActor pid=16519)[0m         
[92mINFO [0m:      aggregate_evaluate: received 10 results and 0 failures
INFO:flwr:aggregate_evaluate: received 10 results and 0 failures
[92mINFO [0m:      
INFO:flwr:
[92mINFO [0m:      [ROUND 50]
INFO:flwr:[ROUND 50]
[92mINFO [0m:      configure_fit: strategy sampled 10 clients (out of 10)
INFO:flwr:configure_fit: strategy sampled 10 clients (out of 10)
[36m(ClientAppActor pid=16522)[0m [Client 6] Training on NVIDIA GeForce RTX 3060[32m [repeated 3x across cluster][0m
[36m(ClientAppActor pid=16519)[0m 
[36m(ClientAppActor pid=16519)[0m         
[36m(ClientAppActor pid=16522)[0m 
[36m(ClientAppActor pid=16522)[0m         
[36m(ClientAppActor pid=16519)[0m 
[36m(ClientAppActor pid=16519)[0m         
[36m(ClientAppActor pid=16519)[0m 
[36m(ClientAppActor pid=16519)[0m         
[36m(ClientAppActor pid=16519)[0m 
[36m(ClientAppActor pid=16519)[0m         
[36m(ClientAppActor pid=16522)[0m 
[36m(ClientAppActor pid=16522)[0m         
[36m(ClientAppActor pid=16522)[0m [93mWARNING [0m:   DEPRECATED FEATURE: `client_fn` now expects a signature `def client_fn(context: Context)`.The provided `client_fn` has signature: {'cid': <Parameter "cid: str">}. You can import the `Context` like this: `from flwr.app import Context`[32m [repeated 15x across cluster][0m
[36m(ClientAppActor pid=16522)[0m             This is a deprecated feature. It will be removed[32m [repeated 15x across cluster][0m
[36m(ClientAppActor pid=16522)[0m             entirely in future versions of Flower.[32m [repeated 15x across cluster][0m
[36m(ClientAppActor pid=16522)[0m 
[36m(ClientAppActor pid=16522)[0m         
[36m(ClientAppActor pid=16522)[0m [Client 1] Training on NVIDIA GeForce RTX 3060[32m [repeated 7x across cluster][0m
[36m(ClientAppActor pid=16522)[0m 
[36m(ClientAppActor pid=16522)[0m         
[36m(ClientAppActor pid=16522)[0m 
[36m(ClientAppActor pid=16522)[0m         
[36m(ClientAppActor pid=16519)[0m 
[36m(ClientAppActor pid=16519)[0m         
[92mINFO [0m:      aggregate_fit: received 10 results and 0 failures
INFO:flwr:aggregate_fit: received 10 results and 0 failures
[CascadeRouter] Round 50: 10 clients, 24578 parameters/client
[92mINFO [0m:      configure_evaluate: strategy sampled 10 clients (out of 10)
INFO:flwr:configure_evaluate: strategy sampled 10 clients (out of 10)
[36m(ClientAppActor pid=16519)[0m 
[36m(ClientAppActor pid=16519)[0m         
[36m(ClientAppActor pid=16519)[0m [93mWARNING [0m:   DEPRECATED FEATURE: `client_fn` now expects a signature `def client_fn(context: Context)`.The provided `client_fn` has signature: {'cid': <Parameter "cid: str">}. You can import the `Context` like this: `from flwr.app import Context`[32m [repeated 5x across cluster][0m
[36m(ClientAppActor pid=16519)[0m             This is a deprecated feature. It will be removed[32m [repeated 5x across cluster][0m
[36m(ClientAppActor pid=16519)[0m             entirely in future versions of Flower.[32m [repeated 5x across cluster][0m
[36m(ClientAppActor pid=16522)[0m 
[36m(ClientAppActor pid=16522)[0m         
[36m(ClientAppActor pid=16519)[0m 
[36m(ClientAppActor pid=16519)[0m         
[36m(ClientAppActor pid=16522)[0m 
[36m(ClientAppActor pid=16522)[0m         
[36m(ClientAppActor pid=16519)[0m 
[36m(ClientAppActor pid=16519)[0m         
[36m(ClientAppActor pid=16522)[0m 
[36m(ClientAppActor pid=16522)[0m         
[36m(ClientAppActor pid=16519)[0m 
[36m(ClientAppActor pid=16519)[0m         
[36m(ClientAppActor pid=16522)[0m 
[36m(ClientAppActor pid=16522)[0m         
[36m(ClientAppActor pid=16519)[0m 
[36m(ClientAppActor pid=16519)[0m         
[36m(ClientAppActor pid=16522)[0m 
[36m(ClientAppActor pid=16522)[0m         
[92mINFO [0m:      aggregate_evaluate: received 10 results and 0 failures
INFO:flwr:aggregate_evaluate: received 10 results and 0 failures
[92mINFO [0m:      
INFO:flwr:
[92mINFO [0m:      [SUMMARY]
INFO:flwr:[SUMMARY]
[92mINFO [0m:      Run finished 50 round(s) in 663.73s
INFO:flwr:Run finished 50 round(s) in 663.73s
[92mINFO [0m:      	History (loss, distributed):
INFO:flwr:	History (loss, distributed):
[92mINFO [0m:      		round 1: 0.20003909605344136
INFO:flwr:		round 1: 0.20003909605344136
[92mINFO [0m:      		round 2: 0.12901769416332245
INFO:flwr:		round 2: 0.12901769416332245
[92mINFO [0m:      		round 3: 0.12627210636138916
INFO:flwr:		round 3: 0.12627210636138916
[92mINFO [0m:      		round 4: 0.12416306632359822
INFO:flwr:		round 4: 0.12416306632359822
[92mINFO [0m:      		round 5: 0.12452589786847433
INFO:flwr:		round 5: 0.12452589786847433
[92mINFO [0m:      		round 6: 0.12354573562939962
INFO:flwr:		round 6: 0.12354573562939962
[92mINFO [0m:      		round 7: 0.1263136574188868
INFO:flwr:		round 7: 0.1263136574188868
[92mINFO [0m:      		round 8: 0.1329044657389323
INFO:flwr:		round 8: 0.1329044657389323
[92mINFO [0m:      		round 9: 0.13148224943478903
INFO:flwr:		round 9: 0.13148224943478903
[92mINFO [0m:      		round 10: 0.13142697175343832
INFO:flwr:		round 10: 0.13142697175343832
[92mINFO [0m:      		round 11: 0.13618073634306593
INFO:flwr:		round 11: 0.13618073634306593
[92mINFO [0m:      		round 12: 0.14109052178064982
INFO:flwr:		round 12: 0.14109052178064982
[92mINFO [0m:      		round 13: 0.14432581820487977
INFO:flwr:		round 13: 0.14432581820487977
[92mINFO [0m:      		round 14: 0.1428902372201284
INFO:flwr:		round 14: 0.1428902372201284
[92mINFO [0m:      		round 15: 0.14766069350242614
INFO:flwr:		round 15: 0.14766069350242614
[92mINFO [0m:      		round 16: 0.14749916505813598
INFO:flwr:		round 16: 0.14749916505813598
[92mINFO [0m:      		round 17: 0.1531724713007609
INFO:flwr:		round 17: 0.1531724713007609
[92mINFO [0m:      		round 18: 0.15325014894803365
INFO:flwr:		round 18: 0.15325014894803365
[92mINFO [0m:      		round 19: 0.15481165857315063
INFO:flwr:		round 19: 0.15481165857315063
[92mINFO [0m:      		round 20: 0.15980170086224874
INFO:flwr:		round 20: 0.15980170086224874
[92mINFO [0m:      		round 21: 0.1547088033517202
INFO:flwr:		round 21: 0.1547088033517202
[92mINFO [0m:      		round 22: 0.1579613472143809
INFO:flwr:		round 22: 0.1579613472143809
[92mINFO [0m:      		round 23: 0.15388730708758036
INFO:flwr:		round 23: 0.15388730708758036
[92mINFO [0m:      		round 24: 0.16271198032697043
INFO:flwr:		round 24: 0.16271198032697043
[92mINFO [0m:      		round 25: 0.16420028203328452
INFO:flwr:		round 25: 0.16420028203328452
[92mINFO [0m:      		round 26: 0.16922219228744506
INFO:flwr:		round 26: 0.16922219228744506
[92mINFO [0m:      		round 27: 0.16779380547205608
INFO:flwr:		round 27: 0.16779380547205608
[92mINFO [0m:      		round 28: 0.1701135234673818
INFO:flwr:		round 28: 0.1701135234673818
[92mINFO [0m:      		round 29: 0.1739463184038798
INFO:flwr:		round 29: 0.1739463184038798
[92mINFO [0m:      		round 30: 0.16583323124249777
INFO:flwr:		round 30: 0.16583323124249777
[92mINFO [0m:      		round 31: 0.17297166757583618
INFO:flwr:		round 31: 0.17297166757583618
[92mINFO [0m:      		round 32: 0.17489111731847126
INFO:flwr:		round 32: 0.17489111731847126
[92mINFO [0m:      		round 33: 0.17681281218528747
INFO:flwr:		round 33: 0.17681281218528747
[92mINFO [0m:      		round 34: 0.17749646151860554
INFO:flwr:		round 34: 0.17749646151860554
[92mINFO [0m:      		round 35: 0.18000254991849263
INFO:flwr:		round 35: 0.18000254991849263
[92mINFO [0m:      		round 36: 0.18923160727818808
INFO:flwr:		round 36: 0.18923160727818808
[92mINFO [0m:      		round 37: 0.19414236516952516
INFO:flwr:		round 37: 0.19414236516952516
[92mINFO [0m:      		round 38: 0.18571346762975058
INFO:flwr:		round 38: 0.18571346762975058
[92mINFO [0m:      		round 39: 0.17866952811876932
INFO:flwr:		round 39: 0.17866952811876932
[92mINFO [0m:      		round 40: 0.18444911615053813
INFO:flwr:		round 40: 0.18444911615053813
[92mINFO [0m:      		round 41: 0.1908424062093099
INFO:flwr:		round 41: 0.1908424062093099
[92mINFO [0m:      		round 42: 0.19628151377042136
INFO:flwr:		round 42: 0.19628151377042136
[92mINFO [0m:      		round 43: 0.19783794396718343
INFO:flwr:		round 43: 0.19783794396718343
[92mINFO [0m:      		round 44: 0.20031964073181152
INFO:flwr:		round 44: 0.20031964073181152
[92mINFO [0m:      		round 45: 0.1883936263561249
INFO:flwr:		round 45: 0.1883936263561249
[92mINFO [0m:      		round 46: 0.1892028620560964
INFO:flwr:		round 46: 0.1892028620560964
[92mINFO [0m:      		round 47: 0.1943453968365987
INFO:flwr:		round 47: 0.1943453968365987
[92mINFO [0m:      		round 48: 0.18916356404622395
INFO:flwr:		round 48: 0.18916356404622395
[92mINFO [0m:      		round 49: 0.19389974381128947
INFO:flwr:		round 49: 0.19389974381128947
[92mINFO [0m:      		round 50: 0.1951487725575765
INFO:flwr:		round 50: 0.1951487725575765
[92mINFO [0m:      	History (metrics, distributed, fit):
INFO:flwr:	History (metrics, distributed, fit):
[92mINFO [0m:      	{'layer1_reject_rate_at_threshold': [(1, 0.0),
INFO:flwr:	{'layer1_reject_rate_at_threshold': [(1, 0.0),
[92mINFO [0m:      	                                     (2, 0.0),
INFO:flwr:	                                     (2, 0.0),
[92mINFO [0m:      	                                     (3, 0.0),
INFO:flwr:	                                     (3, 0.0),
[92mINFO [0m:      	                                     (4, 0.0),
INFO:flwr:	                                     (4, 0.0),
[92mINFO [0m:      	                                     (5, 0.0),
INFO:flwr:	                                     (5, 0.0),
[92mINFO [0m:      	                                     (6, 0.0),
INFO:flwr:	                                     (6, 0.0),
[92mINFO [0m:      	                                     (7, 0.0),
INFO:flwr:	                                     (7, 0.0),
[92mINFO [0m:      	                                     (8, 0.0),
INFO:flwr:	                                     (8, 0.0),
[92mINFO [0m:      	                                     (9, 0.0),
INFO:flwr:	                                     (9, 0.0),
[92mINFO [0m:      	                                     (10, 0.0),
INFO:flwr:	                                     (10, 0.0),
[92mINFO [0m:      	                                     (11, 0.0),
INFO:flwr:	                                     (11, 0.0),
[92mINFO [0m:      	                                     (12, 0.0),
INFO:flwr:	                                     (12, 0.0),
[92mINFO [0m:      	                                     (13, 0.0),
INFO:flwr:	                                     (13, 0.0),
[92mINFO [0m:      	                                     (14, 0.0),
INFO:flwr:	                                     (14, 0.0),
[92mINFO [0m:      	                                     (15, 0.0),
INFO:flwr:	                                     (15, 0.0),
[92mINFO [0m:      	                                     (16, 0.0),
INFO:flwr:	                                     (16, 0.0),
[92mINFO [0m:      	                                     (17, 0.0),
INFO:flwr:	                                     (17, 0.0),
[92mINFO [0m:      	                                     (18, 0.0),
INFO:flwr:	                                     (18, 0.0),
[92mINFO [0m:      	                                     (19, 0.0),
INFO:flwr:	                                     (19, 0.0),
[92mINFO [0m:      	                                     (20, 0.0),
INFO:flwr:	                                     (20, 0.0),
[92mINFO [0m:      	                                     (21, 0.0),
INFO:flwr:	                                     (21, 0.0),
[92mINFO [0m:      	                                     (22, 0.0),
INFO:flwr:	                                     (22, 0.0),
[92mINFO [0m:      	                                     (23, 0.0),
INFO:flwr:	                                     (23, 0.0),
[92mINFO [0m:      	                                     (24, 0.0),
INFO:flwr:	                                     (24, 0.0),
[92mINFO [0m:      	                                     (25, 0.0),
INFO:flwr:	                                     (25, 0.0),
[92mINFO [0m:      	                                     (26, 0.0),
INFO:flwr:	                                     (26, 0.0),
[92mINFO [0m:      	                                     (27, 0.0),
INFO:flwr:	                                     (27, 0.0),
[92mINFO [0m:      	                                     (28, 0.0),
INFO:flwr:	                                     (28, 0.0),
[92mINFO [0m:      	                                     (29, 0.0),
INFO:flwr:	                                     (29, 0.0),
[92mINFO [0m:      	                                     (30, 0.0),
INFO:flwr:	                                     (30, 0.0),
[92mINFO [0m:      	                                     (31, 0.0),
INFO:flwr:	                                     (31, 0.0),
[92mINFO [0m:      	                                     (32, 0.0),
INFO:flwr:	                                     (32, 0.0),
[92mINFO [0m:      	                                     (33, 0.0),
INFO:flwr:	                                     (33, 0.0),
[92mINFO [0m:      	                                     (34, 0.0),
INFO:flwr:	                                     (34, 0.0),
[92mINFO [0m:      	                                     (35, 0.0),
INFO:flwr:	                                     (35, 0.0),
[92mINFO [0m:      	                                     (36, 0.0),
INFO:flwr:	                                     (36, 0.0),
[92mINFO [0m:      	                                     (37, 0.0),
INFO:flwr:	                                     (37, 0.0),
[92mINFO [0m:      	                                     (38, 0.0),
INFO:flwr:	                                     (38, 0.0),
[92mINFO [0m:      	                                     (39, 0.0),
INFO:flwr:	                                     (39, 0.0),
[92mINFO [0m:      	                                     (40, 0.0),
INFO:flwr:	                                     (40, 0.0),
[92mINFO [0m:      	                                     (41, 0.0),
INFO:flwr:	                                     (41, 0.0),
[92mINFO [0m:      	                                     (42, 0.0),
INFO:flwr:	                                     (42, 0.0),
[92mINFO [0m:      	                                     (43, 0.0),
INFO:flwr:	                                     (43, 0.0),
[92mINFO [0m:      	                                     (44, 0.0),
INFO:flwr:	                                     (44, 0.0),
[92mINFO [0m:      	                                     (45, 0.0),
INFO:flwr:	                                     (45, 0.0),
[92mINFO [0m:      	                                     (46, 0.0),
INFO:flwr:	                                     (46, 0.0),
[92mINFO [0m:      	                                     (47, 0.0),
INFO:flwr:	                                     (47, 0.0),
[92mINFO [0m:      	                                     (48, 0.0),
INFO:flwr:	                                     (48, 0.0),
[92mINFO [0m:      	                                     (49, 0.0),
INFO:flwr:	                                     (49, 0.0),
[92mINFO [0m:      	                                     (50, 0.0)],
INFO:flwr:	                                     (50, 0.0)],
[92mINFO [0m:      	 'layer1_reject_rate_raw': [(1, 0.0),
INFO:flwr:	 'layer1_reject_rate_raw': [(1, 0.0),
[92mINFO [0m:      	                            (2, 0.0),
INFO:flwr:	                            (2, 0.0),
[92mINFO [0m:      	                            (3, 0.0),
INFO:flwr:	                            (3, 0.0),
[92mINFO [0m:      	                            (4, 0.0),
INFO:flwr:	                            (4, 0.0),
[92mINFO [0m:      	                            (5, 0.0),
INFO:flwr:	                            (5, 0.0),
[92mINFO [0m:      	                            (6, 0.0),
INFO:flwr:	                            (6, 0.0),
[92mINFO [0m:      	                            (7, 0.0),
INFO:flwr:	                            (7, 0.0),
[92mINFO [0m:      	                            (8, 0.0),
INFO:flwr:	                            (8, 0.0),
[92mINFO [0m:      	                            (9, 0.0),
INFO:flwr:	                            (9, 0.0),
[92mINFO [0m:      	                            (10, 0.0),
INFO:flwr:	                            (10, 0.0),
[92mINFO [0m:      	                            (11, 0.0),
INFO:flwr:	                            (11, 0.0),
[92mINFO [0m:      	                            (12, 0.0),
INFO:flwr:	                            (12, 0.0),
[92mINFO [0m:      	                            (13, 0.0),
INFO:flwr:	                            (13, 0.0),
[92mINFO [0m:      	                            (14, 0.0),
INFO:flwr:	                            (14, 0.0),
[92mINFO [0m:      	                            (15, 0.0),
INFO:flwr:	                            (15, 0.0),
[92mINFO [0m:      	                            (16, 0.0),
INFO:flwr:	                            (16, 0.0),
[92mINFO [0m:      	                            (17, 0.0),
INFO:flwr:	                            (17, 0.0),
[92mINFO [0m:      	                            (18, 0.0),
INFO:flwr:	                            (18, 0.0),
[92mINFO [0m:      	                            (19, 0.0),
INFO:flwr:	                            (19, 0.0),
[92mINFO [0m:      	                            (20, 0.0),
INFO:flwr:	                            (20, 0.0),
[92mINFO [0m:      	                            (21, 0.0),
INFO:flwr:	                            (21, 0.0),
[92mINFO [0m:      	                            (22, 0.0),
INFO:flwr:	                            (22, 0.0),
[92mINFO [0m:      	                            (23, 0.0),
INFO:flwr:	                            (23, 0.0),
[92mINFO [0m:      	                            (24, 0.0),
INFO:flwr:	                            (24, 0.0),
[92mINFO [0m:      	                            (25, 0.0),
INFO:flwr:	                            (25, 0.0),
[92mINFO [0m:      	                            (26, 0.0),
INFO:flwr:	                            (26, 0.0),
[92mINFO [0m:      	                            (27, 0.0),
INFO:flwr:	                            (27, 0.0),
[92mINFO [0m:      	                            (28, 0.0),
INFO:flwr:	                            (28, 0.0),
[92mINFO [0m:      	                            (29, 0.0),
INFO:flwr:	                            (29, 0.0),
[92mINFO [0m:      	                            (30, 0.0),
INFO:flwr:	                            (30, 0.0),
[92mINFO [0m:      	                            (31, 0.0),
INFO:flwr:	                            (31, 0.0),
[92mINFO [0m:      	                            (32, 0.0),
INFO:flwr:	                            (32, 0.0),
[92mINFO [0m:      	                            (33, 0.0),
INFO:flwr:	                            (33, 0.0),
[92mINFO [0m:      	                            (34, 0.0),
INFO:flwr:	                            (34, 0.0),
[92mINFO [0m:      	                            (35, 0.0),
INFO:flwr:	                            (35, 0.0),
[92mINFO [0m:      	                            (36, 0.0),
INFO:flwr:	                            (36, 0.0),
[92mINFO [0m:      	                            (37, 0.0),
INFO:flwr:	                            (37, 0.0),
[92mINFO [0m:      	                            (38, 0.0),
INFO:flwr:	                            (38, 0.0),
[92mINFO [0m:      	                            (39, 0.0),
INFO:flwr:	                            (39, 0.0),
[92mINFO [0m:      	                            (40, 0.0),
INFO:flwr:	                            (40, 0.0),
[92mINFO [0m:      	                            (41, 0.0),
INFO:flwr:	                            (41, 0.0),
[92mINFO [0m:      	                            (42, 0.0),
INFO:flwr:	                            (42, 0.0),
[92mINFO [0m:      	                            (43, 0.0),
INFO:flwr:	                            (43, 0.0),
[92mINFO [0m:      	                            (44, 0.0),
INFO:flwr:	                            (44, 0.0),
[92mINFO [0m:      	                            (45, 0.0),
INFO:flwr:	                            (45, 0.0),
[92mINFO [0m:      	                            (46, 0.0),
INFO:flwr:	                            (46, 0.0),
[92mINFO [0m:      	                            (47, 0.0),
INFO:flwr:	                            (47, 0.0),
[92mINFO [0m:      	                            (48, 0.0),
INFO:flwr:	                            (48, 0.0),
[92mINFO [0m:      	                            (49, 0.0),
INFO:flwr:	                            (49, 0.0),
[92mINFO [0m:      	                            (50, 0.0)],
INFO:flwr:	                            (50, 0.0)],
[92mINFO [0m:      	 'layer1_threshold': [(1, 0.5),
INFO:flwr:	 'layer1_threshold': [(1, 0.5),
[92mINFO [0m:      	                      (2, 0.5),
INFO:flwr:	                      (2, 0.5),
[92mINFO [0m:      	                      (3, 0.5),
INFO:flwr:	                      (3, 0.5),
[92mINFO [0m:      	                      (4, 0.5),
INFO:flwr:	                      (4, 0.5),
[92mINFO [0m:      	                      (5, 0.5),
INFO:flwr:	                      (5, 0.5),
[92mINFO [0m:      	                      (6, 0.5),
INFO:flwr:	                      (6, 0.5),
[92mINFO [0m:      	                      (7, 0.5),
INFO:flwr:	                      (7, 0.5),
[92mINFO [0m:      	                      (8, 0.5),
INFO:flwr:	                      (8, 0.5),
[92mINFO [0m:      	                      (9, 0.5),
INFO:flwr:	                      (9, 0.5),
[92mINFO [0m:      	                      (10, 0.5),
INFO:flwr:	                      (10, 0.5),
[92mINFO [0m:      	                      (11, 0.5),
INFO:flwr:	                      (11, 0.5),
[92mINFO [0m:      	                      (12, 0.5),
INFO:flwr:	                      (12, 0.5),
[92mINFO [0m:      	                      (13, 0.5),
INFO:flwr:	                      (13, 0.5),
[92mINFO [0m:      	                      (14, 0.5),
INFO:flwr:	                      (14, 0.5),
[92mINFO [0m:      	                      (15, 0.5),
INFO:flwr:	                      (15, 0.5),
[92mINFO [0m:      	                      (16, 0.5),
INFO:flwr:	                      (16, 0.5),
[92mINFO [0m:      	                      (17, 0.5),
INFO:flwr:	                      (17, 0.5),
[92mINFO [0m:      	                      (18, 0.5),
INFO:flwr:	                      (18, 0.5),
[92mINFO [0m:      	                      (19, 0.5),
INFO:flwr:	                      (19, 0.5),
[92mINFO [0m:      	                      (20, 0.5),
INFO:flwr:	                      (20, 0.5),
[92mINFO [0m:      	                      (21, 0.5),
INFO:flwr:	                      (21, 0.5),
[92mINFO [0m:      	                      (22, 0.5),
INFO:flwr:	                      (22, 0.5),
[92mINFO [0m:      	                      (23, 0.5),
INFO:flwr:	                      (23, 0.5),
[92mINFO [0m:      	                      (24, 0.5),
INFO:flwr:	                      (24, 0.5),
[92mINFO [0m:      	                      (25, 0.5),
INFO:flwr:	                      (25, 0.5),
[92mINFO [0m:      	                      (26, 0.5),
INFO:flwr:	                      (26, 0.5),
[92mINFO [0m:      	                      (27, 0.5),
INFO:flwr:	                      (27, 0.5),
[92mINFO [0m:      	                      (28, 0.5),
INFO:flwr:	                      (28, 0.5),
[92mINFO [0m:      	                      (29, 0.5),
INFO:flwr:	                      (29, 0.5),
[92mINFO [0m:      	                      (30, 0.5),
INFO:flwr:	                      (30, 0.5),
[92mINFO [0m:      	                      (31, 0.5),
INFO:flwr:	                      (31, 0.5),
[92mINFO [0m:      	                      (32, 0.5),
INFO:flwr:	                      (32, 0.5),
[92mINFO [0m:      	                      (33, 0.5),
INFO:flwr:	                      (33, 0.5),
[92mINFO [0m:      	                      (34, 0.5),
INFO:flwr:	                      (34, 0.5),
[92mINFO [0m:      	                      (35, 0.5),
INFO:flwr:	                      (35, 0.5),
[92mINFO [0m:      	                      (36, 0.5),
INFO:flwr:	                      (36, 0.5),
[92mINFO [0m:      	                      (37, 0.5),
INFO:flwr:	                      (37, 0.5),
[92mINFO [0m:      	                      (38, 0.5),
INFO:flwr:	                      (38, 0.5),
[92mINFO [0m:      	                      (39, 0.5),
INFO:flwr:	                      (39, 0.5),
[92mINFO [0m:      	                      (40, 0.5),
INFO:flwr:	                      (40, 0.5),
[92mINFO [0m:      	                      (41, 0.5),
INFO:flwr:	                      (41, 0.5),
[92mINFO [0m:      	                      (42, 0.5),
INFO:flwr:	                      (42, 0.5),
[92mINFO [0m:      	                      (43, 0.5),
INFO:flwr:	                      (43, 0.5),
[92mINFO [0m:      	                      (44, 0.5),
INFO:flwr:	                      (44, 0.5),
[92mINFO [0m:      	                      (45, 0.5),
INFO:flwr:	                      (45, 0.5),
[92mINFO [0m:      	                      (46, 0.5),
INFO:flwr:	                      (46, 0.5),
[92mINFO [0m:      	                      (47, 0.5),
INFO:flwr:	                      (47, 0.5),
[92mINFO [0m:      	                      (48, 0.5),
INFO:flwr:	                      (48, 0.5),
[92mINFO [0m:      	                      (49, 0.5),
INFO:flwr:	                      (49, 0.5),
[92mINFO [0m:      	                      (50, 0.5)],
INFO:flwr:	                      (50, 0.5)],
[92mINFO [0m:      	 'layer2_reject_rate_at_threshold': [(1, 0.4000000059604645),
INFO:flwr:	 'layer2_reject_rate_at_threshold': [(1, 0.4000000059604645),
[92mINFO [0m:      	                                     (2, 0.4000000059604645),
INFO:flwr:	                                     (2, 0.4000000059604645),
[92mINFO [0m:      	                                     (3, 0.5),
INFO:flwr:	                                     (3, 0.5),
[92mINFO [0m:      	                                     (4, 0.4000000059604645),
INFO:flwr:	                                     (4, 0.4000000059604645),
[92mINFO [0m:      	                                     (5, 0.5),
INFO:flwr:	                                     (5, 0.5),
[92mINFO [0m:      	                                     (6, 0.5),
INFO:flwr:	                                     (6, 0.5),
[92mINFO [0m:      	                                     (7, 0.5),
INFO:flwr:	                                     (7, 0.5),
[92mINFO [0m:      	                                     (8, 0.5),
INFO:flwr:	                                     (8, 0.5),
[92mINFO [0m:      	                                     (9, 0.5),
INFO:flwr:	                                     (9, 0.5),
[92mINFO [0m:      	                                     (10, 0.5),
INFO:flwr:	                                     (10, 0.5),
[92mINFO [0m:      	                                     (11, 0.5),
INFO:flwr:	                                     (11, 0.5),
[92mINFO [0m:      	                                     (12, 0.5),
INFO:flwr:	                                     (12, 0.5),
[92mINFO [0m:      	                                     (13, 0.5),
INFO:flwr:	                                     (13, 0.5),
[92mINFO [0m:      	                                     (14, 0.4000000059604645),
INFO:flwr:	                                     (14, 0.4000000059604645),
[92mINFO [0m:      	                                     (15, 0.5),
INFO:flwr:	                                     (15, 0.5),
[92mINFO [0m:      	                                     (16, 0.5),
INFO:flwr:	                                     (16, 0.5),
[92mINFO [0m:      	                                     (17, 0.5),
INFO:flwr:	                                     (17, 0.5),
[92mINFO [0m:      	                                     (18, 0.5),
INFO:flwr:	                                     (18, 0.5),
[92mINFO [0m:      	                                     (19, 0.4000000059604645),
INFO:flwr:	                                     (19, 0.4000000059604645),
[92mINFO [0m:      	                                     (20, 0.5),
INFO:flwr:	                                     (20, 0.5),
[92mINFO [0m:      	                                     (21, 0.5),
INFO:flwr:	                                     (21, 0.5),
[92mINFO [0m:      	                                     (22, 0.5),
INFO:flwr:	                                     (22, 0.5),
[92mINFO [0m:      	                                     (23, 0.4000000059604645),
INFO:flwr:	                                     (23, 0.4000000059604645),
[92mINFO [0m:      	                                     (24, 0.5),
INFO:flwr:	                                     (24, 0.5),
[92mINFO [0m:      	                                     (25, 0.4000000059604645),
INFO:flwr:	                                     (25, 0.4000000059604645),
[92mINFO [0m:      	                                     (26, 0.5),
INFO:flwr:	                                     (26, 0.5),
[92mINFO [0m:      	                                     (27, 0.5),
INFO:flwr:	                                     (27, 0.5),
[92mINFO [0m:      	                                     (28, 0.4000000059604645),
INFO:flwr:	                                     (28, 0.4000000059604645),
[92mINFO [0m:      	                                     (29, 0.5),
INFO:flwr:	                                     (29, 0.5),
[92mINFO [0m:      	                                     (30, 0.4000000059604645),
INFO:flwr:	                                     (30, 0.4000000059604645),
[92mINFO [0m:      	                                     (31, 0.5),
INFO:flwr:	                                     (31, 0.5),
[92mINFO [0m:      	                                     (32, 0.5),
INFO:flwr:	                                     (32, 0.5),
[92mINFO [0m:      	                                     (33, 0.5),
INFO:flwr:	                                     (33, 0.5),
[92mINFO [0m:      	                                     (34, 0.5),
INFO:flwr:	                                     (34, 0.5),
[92mINFO [0m:      	                                     (35, 0.4000000059604645),
INFO:flwr:	                                     (35, 0.4000000059604645),
[92mINFO [0m:      	                                     (36, 0.5),
INFO:flwr:	                                     (36, 0.5),
[92mINFO [0m:      	                                     (37, 0.5),
INFO:flwr:	                                     (37, 0.5),
[92mINFO [0m:      	                                     (38, 0.4000000059604645),
INFO:flwr:	                                     (38, 0.4000000059604645),
[92mINFO [0m:      	                                     (39, 0.4000000059604645),
INFO:flwr:	                                     (39, 0.4000000059604645),
[92mINFO [0m:      	                                     (40, 0.5),
INFO:flwr:	                                     (40, 0.5),
[92mINFO [0m:      	                                     (41, 0.5),
INFO:flwr:	                                     (41, 0.5),
[92mINFO [0m:      	                                     (42, 0.5),
INFO:flwr:	                                     (42, 0.5),
[92mINFO [0m:      	                                     (43, 0.4000000059604645),
INFO:flwr:	                                     (43, 0.4000000059604645),
[92mINFO [0m:      	                                     (44, 0.4000000059604645),
INFO:flwr:	                                     (44, 0.4000000059604645),
[92mINFO [0m:      	                                     (45, 0.4000000059604645),
INFO:flwr:	                                     (45, 0.4000000059604645),
[92mINFO [0m:      	                                     (46, 0.4000000059604645),
INFO:flwr:	                                     (46, 0.4000000059604645),
[92mINFO [0m:      	                                     (47, 0.4000000059604645),
INFO:flwr:	                                     (47, 0.4000000059604645),
[92mINFO [0m:      	                                     (48, 0.4000000059604645),
INFO:flwr:	                                     (48, 0.4000000059604645),
[92mINFO [0m:      	                                     (49, 0.4000000059604645),
INFO:flwr:	                                     (49, 0.4000000059604645),
[92mINFO [0m:      	                                     (50, 0.4000000059604645)],
INFO:flwr:	                                     (50, 0.4000000059604645)],
[92mINFO [0m:      	 'layer2_reject_rate_raw': [(1, 0.4000000059604645),
INFO:flwr:	 'layer2_reject_rate_raw': [(1, 0.4000000059604645),
[92mINFO [0m:      	                            (2, 0.4000000059604645),
INFO:flwr:	                            (2, 0.4000000059604645),
[92mINFO [0m:      	                            (3, 0.5),
INFO:flwr:	                            (3, 0.5),
[92mINFO [0m:      	                            (4, 0.4000000059604645),
INFO:flwr:	                            (4, 0.4000000059604645),
[92mINFO [0m:      	                            (5, 0.4000000059604645),
INFO:flwr:	                            (5, 0.4000000059604645),
[92mINFO [0m:      	                            (6, 0.4000000059604645),
INFO:flwr:	                            (6, 0.4000000059604645),
[92mINFO [0m:      	                            (7, 0.4000000059604645),
INFO:flwr:	                            (7, 0.4000000059604645),
[92mINFO [0m:      	                            (8, 0.4000000059604645),
INFO:flwr:	                            (8, 0.4000000059604645),
[92mINFO [0m:      	                            (9, 0.5),
INFO:flwr:	                            (9, 0.5),
[92mINFO [0m:      	                            (10, 0.4000000059604645),
INFO:flwr:	                            (10, 0.4000000059604645),
[92mINFO [0m:      	                            (11, 0.4000000059604645),
INFO:flwr:	                            (11, 0.4000000059604645),
[92mINFO [0m:      	                            (12, 0.4000000059604645),
INFO:flwr:	                            (12, 0.4000000059604645),
[92mINFO [0m:      	                            (13, 0.4000000059604645),
INFO:flwr:	                            (13, 0.4000000059604645),
[92mINFO [0m:      	                            (14, 0.4000000059604645),
INFO:flwr:	                            (14, 0.4000000059604645),
[92mINFO [0m:      	                            (15, 0.4000000059604645),
INFO:flwr:	                            (15, 0.4000000059604645),
[92mINFO [0m:      	                            (16, 0.4000000059604645),
INFO:flwr:	                            (16, 0.4000000059604645),
[92mINFO [0m:      	                            (17, 0.4000000059604645),
INFO:flwr:	                            (17, 0.4000000059604645),
[92mINFO [0m:      	                            (18, 0.4000000059604645),
INFO:flwr:	                            (18, 0.4000000059604645),
[92mINFO [0m:      	                            (19, 0.4000000059604645),
INFO:flwr:	                            (19, 0.4000000059604645),
[92mINFO [0m:      	                            (20, 0.4000000059604645),
INFO:flwr:	                            (20, 0.4000000059604645),
[92mINFO [0m:      	                            (21, 0.4000000059604645),
INFO:flwr:	                            (21, 0.4000000059604645),
[92mINFO [0m:      	                            (22, 0.5),
INFO:flwr:	                            (22, 0.5),
[92mINFO [0m:      	                            (23, 0.4000000059604645),
INFO:flwr:	                            (23, 0.4000000059604645),
[92mINFO [0m:      	                            (24, 0.4000000059604645),
INFO:flwr:	                            (24, 0.4000000059604645),
[92mINFO [0m:      	                            (25, 0.4000000059604645),
INFO:flwr:	                            (25, 0.4000000059604645),
[92mINFO [0m:      	                            (26, 0.5),
INFO:flwr:	                            (26, 0.5),
[92mINFO [0m:      	                            (27, 0.4000000059604645),
INFO:flwr:	                            (27, 0.4000000059604645),
[92mINFO [0m:      	                            (28, 0.4000000059604645),
INFO:flwr:	                            (28, 0.4000000059604645),
[92mINFO [0m:      	                            (29, 0.4000000059604645),
INFO:flwr:	                            (29, 0.4000000059604645),
[92mINFO [0m:      	                            (30, 0.4000000059604645),
INFO:flwr:	                            (30, 0.4000000059604645),
[92mINFO [0m:      	                            (31, 0.4000000059604645),
INFO:flwr:	                            (31, 0.4000000059604645),
[92mINFO [0m:      	                            (32, 0.4000000059604645),
INFO:flwr:	                            (32, 0.4000000059604645),
[92mINFO [0m:      	                            (33, 0.5),
INFO:flwr:	                            (33, 0.5),
[92mINFO [0m:      	                            (34, 0.4000000059604645),
INFO:flwr:	                            (34, 0.4000000059604645),
[92mINFO [0m:      	                            (35, 0.4000000059604645),
INFO:flwr:	                            (35, 0.4000000059604645),
[92mINFO [0m:      	                            (36, 0.4000000059604645),
INFO:flwr:	                            (36, 0.4000000059604645),
[92mINFO [0m:      	                            (37, 0.4000000059604645),
INFO:flwr:	                            (37, 0.4000000059604645),
[92mINFO [0m:      	                            (38, 0.4000000059604645),
INFO:flwr:	                            (38, 0.4000000059604645),
[92mINFO [0m:      	                            (39, 0.4000000059604645),
INFO:flwr:	                            (39, 0.4000000059604645),
[92mINFO [0m:      	                            (40, 0.4000000059604645),
INFO:flwr:	                            (40, 0.4000000059604645),
[92mINFO [0m:      	                            (41, 0.4000000059604645),
INFO:flwr:	                            (41, 0.4000000059604645),
[92mINFO [0m:      	                            (42, 0.4000000059604645),
INFO:flwr:	                            (42, 0.4000000059604645),
[92mINFO [0m:      	                            (43, 0.4000000059604645),
INFO:flwr:	                            (43, 0.4000000059604645),
[92mINFO [0m:      	                            (44, 0.4000000059604645),
INFO:flwr:	                            (44, 0.4000000059604645),
[92mINFO [0m:      	                            (45, 0.4000000059604645),
INFO:flwr:	                            (45, 0.4000000059604645),
[92mINFO [0m:      	                            (46, 0.4000000059604645),
INFO:flwr:	                            (46, 0.4000000059604645),
[92mINFO [0m:      	                            (47, 0.4000000059604645),
INFO:flwr:	                            (47, 0.4000000059604645),
[92mINFO [0m:      	                            (48, 0.4000000059604645),
INFO:flwr:	                            (48, 0.4000000059604645),
[92mINFO [0m:      	                            (49, 0.4000000059604645),
INFO:flwr:	                            (49, 0.4000000059604645),
[92mINFO [0m:      	                            (50, 0.30000001192092896)],
INFO:flwr:	                            (50, 0.30000001192092896)],
[92mINFO [0m:      	 'layer2_threshold': [(1, 0.5),
INFO:flwr:	 'layer2_threshold': [(1, 0.5),
[92mINFO [0m:      	                      (2, 0.5),
INFO:flwr:	                      (2, 0.5),
[92mINFO [0m:      	                      (3, 0.55),
INFO:flwr:	                      (3, 0.55),
[92mINFO [0m:      	                      (4, 0.6000000000000001),
INFO:flwr:	                      (4, 0.6000000000000001),
[92mINFO [0m:      	                      (5, 0.6500000000000001),
INFO:flwr:	                      (5, 0.6500000000000001),
[92mINFO [0m:      	                      (6, 0.7000000000000002),
INFO:flwr:	                      (6, 0.7000000000000002),
[92mINFO [0m:      	                      (7, 0.7500000000000002),
INFO:flwr:	                      (7, 0.7500000000000002),
[92mINFO [0m:      	                      (8, 0.8),
INFO:flwr:	                      (8, 0.8),
[92mINFO [0m:      	                      (9, 0.8),
INFO:flwr:	                      (9, 0.8),
[92mINFO [0m:      	                      (10, 0.8),
INFO:flwr:	                      (10, 0.8),
[92mINFO [0m:      	                      (11, 0.8),
INFO:flwr:	                      (11, 0.8),
[92mINFO [0m:      	                      (12, 0.8),
INFO:flwr:	                      (12, 0.8),
[92mINFO [0m:      	                      (13, 0.8),
INFO:flwr:	                      (13, 0.8),
[92mINFO [0m:      	                      (14, 0.8),
INFO:flwr:	                      (14, 0.8),
[92mINFO [0m:      	                      (15, 0.8),
INFO:flwr:	                      (15, 0.8),
[92mINFO [0m:      	                      (16, 0.8),
INFO:flwr:	                      (16, 0.8),
[92mINFO [0m:      	                      (17, 0.8),
INFO:flwr:	                      (17, 0.8),
[92mINFO [0m:      	                      (18, 0.8),
INFO:flwr:	                      (18, 0.8),
[92mINFO [0m:      	                      (19, 0.8),
INFO:flwr:	                      (19, 0.8),
[92mINFO [0m:      	                      (20, 0.8),
INFO:flwr:	                      (20, 0.8),
[92mINFO [0m:      	                      (21, 0.8),
INFO:flwr:	                      (21, 0.8),
[92mINFO [0m:      	                      (22, 0.8),
INFO:flwr:	                      (22, 0.8),
[92mINFO [0m:      	                      (23, 0.8),
INFO:flwr:	                      (23, 0.8),
[92mINFO [0m:      	                      (24, 0.8),
INFO:flwr:	                      (24, 0.8),
[92mINFO [0m:      	                      (25, 0.8),
INFO:flwr:	                      (25, 0.8),
[92mINFO [0m:      	                      (26, 0.8),
INFO:flwr:	                      (26, 0.8),
[92mINFO [0m:      	                      (27, 0.8),
INFO:flwr:	                      (27, 0.8),
[92mINFO [0m:      	                      (28, 0.8),
INFO:flwr:	                      (28, 0.8),
[92mINFO [0m:      	                      (29, 0.8),
INFO:flwr:	                      (29, 0.8),
[92mINFO [0m:      	                      (30, 0.8),
INFO:flwr:	                      (30, 0.8),
[92mINFO [0m:      	                      (31, 0.8),
INFO:flwr:	                      (31, 0.8),
[92mINFO [0m:      	                      (32, 0.8),
INFO:flwr:	                      (32, 0.8),
[92mINFO [0m:      	                      (33, 0.8),
INFO:flwr:	                      (33, 0.8),
[92mINFO [0m:      	                      (34, 0.8),
INFO:flwr:	                      (34, 0.8),
[92mINFO [0m:      	                      (35, 0.8),
INFO:flwr:	                      (35, 0.8),
[92mINFO [0m:      	                      (36, 0.8),
INFO:flwr:	                      (36, 0.8),
[92mINFO [0m:      	                      (37, 0.8),
INFO:flwr:	                      (37, 0.8),
[92mINFO [0m:      	                      (38, 0.8),
INFO:flwr:	                      (38, 0.8),
[92mINFO [0m:      	                      (39, 0.8),
INFO:flwr:	                      (39, 0.8),
[92mINFO [0m:      	                      (40, 0.8),
INFO:flwr:	                      (40, 0.8),
[92mINFO [0m:      	                      (41, 0.8),
INFO:flwr:	                      (41, 0.8),
[92mINFO [0m:      	                      (42, 0.8),
INFO:flwr:	                      (42, 0.8),
[92mINFO [0m:      	                      (43, 0.8),
INFO:flwr:	                      (43, 0.8),
[92mINFO [0m:      	                      (44, 0.8),
INFO:flwr:	                      (44, 0.8),
[92mINFO [0m:      	                      (45, 0.8),
INFO:flwr:	                      (45, 0.8),
[92mINFO [0m:      	                      (46, 0.8),
INFO:flwr:	                      (46, 0.8),
[92mINFO [0m:      	                      (47, 0.8),
INFO:flwr:	                      (47, 0.8),
[92mINFO [0m:      	                      (48, 0.8),
INFO:flwr:	                      (48, 0.8),
[92mINFO [0m:      	                      (49, 0.8),
INFO:flwr:	                      (49, 0.8),
[92mINFO [0m:      	                      (50, 0.8)],
INFO:flwr:	                      (50, 0.8)],
[92mINFO [0m:      	 'layer3_reject_rate_at_threshold': [(1, 0.0),
INFO:flwr:	 'layer3_reject_rate_at_threshold': [(1, 0.0),
[92mINFO [0m:      	                                     (2, 0.0),
INFO:flwr:	                                     (2, 0.0),
[92mINFO [0m:      	                                     (3, 0.0),
INFO:flwr:	                                     (3, 0.0),
[92mINFO [0m:      	                                     (4, 0.0),
INFO:flwr:	                                     (4, 0.0),
[92mINFO [0m:      	                                     (5, 0.0),
INFO:flwr:	                                     (5, 0.0),
[92mINFO [0m:      	                                     (6, 0.0),
INFO:flwr:	                                     (6, 0.0),
[92mINFO [0m:      	                                     (7, 0.0),
INFO:flwr:	                                     (7, 0.0),
[92mINFO [0m:      	                                     (8, 0.0),
INFO:flwr:	                                     (8, 0.0),
[92mINFO [0m:      	                                     (9, 0.0),
INFO:flwr:	                                     (9, 0.0),
[92mINFO [0m:      	                                     (10, 0.0),
INFO:flwr:	                                     (10, 0.0),
[92mINFO [0m:      	                                     (11, 0.0),
INFO:flwr:	                                     (11, 0.0),
[92mINFO [0m:      	                                     (12, 0.0),
INFO:flwr:	                                     (12, 0.0),
[92mINFO [0m:      	                                     (13, 0.0),
INFO:flwr:	                                     (13, 0.0),
[92mINFO [0m:      	                                     (14, 0.0),
INFO:flwr:	                                     (14, 0.0),
[92mINFO [0m:      	                                     (15, 0.0),
INFO:flwr:	                                     (15, 0.0),
[92mINFO [0m:      	                                     (16, 0.0),
INFO:flwr:	                                     (16, 0.0),
[92mINFO [0m:      	                                     (17, 0.0),
INFO:flwr:	                                     (17, 0.0),
[92mINFO [0m:      	                                     (18, 0.0),
INFO:flwr:	                                     (18, 0.0),
[92mINFO [0m:      	                                     (19, 0.0),
INFO:flwr:	                                     (19, 0.0),
[92mINFO [0m:      	                                     (20, 0.0),
INFO:flwr:	                                     (20, 0.0),
[92mINFO [0m:      	                                     (21, 0.0),
INFO:flwr:	                                     (21, 0.0),
[92mINFO [0m:      	                                     (22, 0.0),
INFO:flwr:	                                     (22, 0.0),
[92mINFO [0m:      	                                     (23, 0.0),
INFO:flwr:	                                     (23, 0.0),
[92mINFO [0m:      	                                     (24, 0.0),
INFO:flwr:	                                     (24, 0.0),
[92mINFO [0m:      	                                     (25, 0.0),
INFO:flwr:	                                     (25, 0.0),
[92mINFO [0m:      	                                     (26, 0.0),
INFO:flwr:	                                     (26, 0.0),
[92mINFO [0m:      	                                     (27, 0.0),
INFO:flwr:	                                     (27, 0.0),
[92mINFO [0m:      	                                     (28, 0.0),
INFO:flwr:	                                     (28, 0.0),
[92mINFO [0m:      	                                     (29, 0.0),
INFO:flwr:	                                     (29, 0.0),
[92mINFO [0m:      	                                     (30, 0.0),
INFO:flwr:	                                     (30, 0.0),
[92mINFO [0m:      	                                     (31, 0.0),
INFO:flwr:	                                     (31, 0.0),
[92mINFO [0m:      	                                     (32, 0.0),
INFO:flwr:	                                     (32, 0.0),
[92mINFO [0m:      	                                     (33, 0.0),
INFO:flwr:	                                     (33, 0.0),
[92mINFO [0m:      	                                     (34, 0.0),
INFO:flwr:	                                     (34, 0.0),
[92mINFO [0m:      	                                     (35, 0.0),
INFO:flwr:	                                     (35, 0.0),
[92mINFO [0m:      	                                     (36, 0.0),
INFO:flwr:	                                     (36, 0.0),
[92mINFO [0m:      	                                     (37, 0.0),
INFO:flwr:	                                     (37, 0.0),
[92mINFO [0m:      	                                     (38, 0.0),
INFO:flwr:	                                     (38, 0.0),
[92mINFO [0m:      	                                     (39, 0.0),
INFO:flwr:	                                     (39, 0.0),
[92mINFO [0m:      	                                     (40, 0.0),
INFO:flwr:	                                     (40, 0.0),
[92mINFO [0m:      	                                     (41, 0.0),
INFO:flwr:	                                     (41, 0.0),
[92mINFO [0m:      	                                     (42, 0.0),
INFO:flwr:	                                     (42, 0.0),
[92mINFO [0m:      	                                     (43, 0.0),
INFO:flwr:	                                     (43, 0.0),
[92mINFO [0m:      	                                     (44, 0.0),
INFO:flwr:	                                     (44, 0.0),
[92mINFO [0m:      	                                     (45, 0.0),
INFO:flwr:	                                     (45, 0.0),
[92mINFO [0m:      	                                     (46, 0.0),
INFO:flwr:	                                     (46, 0.0),
[92mINFO [0m:      	                                     (47, 0.0),
INFO:flwr:	                                     (47, 0.0),
[92mINFO [0m:      	                                     (48, 0.0),
INFO:flwr:	                                     (48, 0.0),
[92mINFO [0m:      	                                     (49, 0.0),
INFO:flwr:	                                     (49, 0.0),
[92mINFO [0m:      	                                     (50, 0.0)],
INFO:flwr:	                                     (50, 0.0)],
[92mINFO [0m:      	 'layer3_reject_rate_raw': [(1, 0.0),
INFO:flwr:	 'layer3_reject_rate_raw': [(1, 0.0),
[92mINFO [0m:      	                            (2, 0.0),
INFO:flwr:	                            (2, 0.0),
[92mINFO [0m:      	                            (3, 0.0),
INFO:flwr:	                            (3, 0.0),
[92mINFO [0m:      	                            (4, 0.0),
INFO:flwr:	                            (4, 0.0),
[92mINFO [0m:      	                            (5, 0.0),
INFO:flwr:	                            (5, 0.0),
[92mINFO [0m:      	                            (6, 0.0),
INFO:flwr:	                            (6, 0.0),
[92mINFO [0m:      	                            (7, 0.0),
INFO:flwr:	                            (7, 0.0),
[92mINFO [0m:      	                            (8, 0.0),
INFO:flwr:	                            (8, 0.0),
[92mINFO [0m:      	                            (9, 0.0),
INFO:flwr:	                            (9, 0.0),
[92mINFO [0m:      	                            (10, 0.0),
INFO:flwr:	                            (10, 0.0),
[92mINFO [0m:      	                            (11, 0.0),
INFO:flwr:	                            (11, 0.0),
[92mINFO [0m:      	                            (12, 0.0),
INFO:flwr:	                            (12, 0.0),
[92mINFO [0m:      	                            (13, 0.0),
INFO:flwr:	                            (13, 0.0),
[92mINFO [0m:      	                            (14, 0.0),
INFO:flwr:	                            (14, 0.0),
[92mINFO [0m:      	                            (15, 0.0),
INFO:flwr:	                            (15, 0.0),
[92mINFO [0m:      	                            (16, 0.0),
INFO:flwr:	                            (16, 0.0),
[92mINFO [0m:      	                            (17, 0.0),
INFO:flwr:	                            (17, 0.0),
[92mINFO [0m:      	                            (18, 0.0),
INFO:flwr:	                            (18, 0.0),
[92mINFO [0m:      	                            (19, 0.0),
INFO:flwr:	                            (19, 0.0),
[92mINFO [0m:      	                            (20, 0.0),
INFO:flwr:	                            (20, 0.0),
[92mINFO [0m:      	                            (21, 0.0),
INFO:flwr:	                            (21, 0.0),
[92mINFO [0m:      	                            (22, 0.0),
INFO:flwr:	                            (22, 0.0),
[92mINFO [0m:      	                            (23, 0.0),
INFO:flwr:	                            (23, 0.0),
[92mINFO [0m:      	                            (24, 0.0),
INFO:flwr:	                            (24, 0.0),
[92mINFO [0m:      	                            (25, 0.0),
INFO:flwr:	                            (25, 0.0),
[92mINFO [0m:      	                            (26, 0.0),
INFO:flwr:	                            (26, 0.0),
[92mINFO [0m:      	                            (27, 0.0),
INFO:flwr:	                            (27, 0.0),
[92mINFO [0m:      	                            (28, 0.0),
INFO:flwr:	                            (28, 0.0),
[92mINFO [0m:      	                            (29, 0.0),
INFO:flwr:	                            (29, 0.0),
[92mINFO [0m:      	                            (30, 0.0),
INFO:flwr:	                            (30, 0.0),
[92mINFO [0m:      	                            (31, 0.0),
INFO:flwr:	                            (31, 0.0),
[92mINFO [0m:      	                            (32, 0.0),
INFO:flwr:	                            (32, 0.0),
[92mINFO [0m:      	                            (33, 0.0),
INFO:flwr:	                            (33, 0.0),
[92mINFO [0m:      	                            (34, 0.0),
INFO:flwr:	                            (34, 0.0),
[92mINFO [0m:      	                            (35, 0.0),
INFO:flwr:	                            (35, 0.0),
[92mINFO [0m:      	                            (36, 0.0),
INFO:flwr:	                            (36, 0.0),
[92mINFO [0m:      	                            (37, 0.0),
INFO:flwr:	                            (37, 0.0),
[92mINFO [0m:      	                            (38, 0.0),
INFO:flwr:	                            (38, 0.0),
[92mINFO [0m:      	                            (39, 0.0),
INFO:flwr:	                            (39, 0.0),
[92mINFO [0m:      	                            (40, 0.0),
INFO:flwr:	                            (40, 0.0),
[92mINFO [0m:      	                            (41, 0.0),
INFO:flwr:	                            (41, 0.0),
[92mINFO [0m:      	                            (42, 0.0),
INFO:flwr:	                            (42, 0.0),
[92mINFO [0m:      	                            (43, 0.0),
INFO:flwr:	                            (43, 0.0),
[92mINFO [0m:      	                            (44, 0.0),
INFO:flwr:	                            (44, 0.0),
[92mINFO [0m:      	                            (45, 0.0),
INFO:flwr:	                            (45, 0.0),
[92mINFO [0m:      	                            (46, 0.0),
INFO:flwr:	                            (46, 0.0),
[92mINFO [0m:      	                            (47, 0.0),
INFO:flwr:	                            (47, 0.0),
[92mINFO [0m:      	                            (48, 0.0),
INFO:flwr:	                            (48, 0.0),
[92mINFO [0m:      	                            (49, 0.0),
INFO:flwr:	                            (49, 0.0),
[92mINFO [0m:      	                            (50, 0.0)],
INFO:flwr:	                            (50, 0.0)],
[92mINFO [0m:      	 'layer3_threshold': [(1, 0.5),
INFO:flwr:	 'layer3_threshold': [(1, 0.5),
[92mINFO [0m:      	                      (2, 0.5),
INFO:flwr:	                      (2, 0.5),
[92mINFO [0m:      	                      (3, 0.5),
INFO:flwr:	                      (3, 0.5),
[92mINFO [0m:      	                      (4, 0.5),
INFO:flwr:	                      (4, 0.5),
[92mINFO [0m:      	                      (5, 0.5),
INFO:flwr:	                      (5, 0.5),
[92mINFO [0m:      	                      (6, 0.5),
INFO:flwr:	                      (6, 0.5),
[92mINFO [0m:      	                      (7, 0.5),
INFO:flwr:	                      (7, 0.5),
[92mINFO [0m:      	                      (8, 0.5),
INFO:flwr:	                      (8, 0.5),
[92mINFO [0m:      	                      (9, 0.5),
INFO:flwr:	                      (9, 0.5),
[92mINFO [0m:      	                      (10, 0.5),
INFO:flwr:	                      (10, 0.5),
[92mINFO [0m:      	                      (11, 0.5),
INFO:flwr:	                      (11, 0.5),
[92mINFO [0m:      	                      (12, 0.5),
INFO:flwr:	                      (12, 0.5),
[92mINFO [0m:      	                      (13, 0.5),
INFO:flwr:	                      (13, 0.5),
[92mINFO [0m:      	                      (14, 0.5),
INFO:flwr:	                      (14, 0.5),
[92mINFO [0m:      	                      (15, 0.5),
INFO:flwr:	                      (15, 0.5),
[92mINFO [0m:      	                      (16, 0.5),
INFO:flwr:	                      (16, 0.5),
[92mINFO [0m:      	                      (17, 0.5),
INFO:flwr:	                      (17, 0.5),
[92mINFO [0m:      	                      (18, 0.5),
INFO:flwr:	                      (18, 0.5),
[92mINFO [0m:      	                      (19, 0.5),
INFO:flwr:	                      (19, 0.5),
[92mINFO [0m:      	                      (20, 0.5),
INFO:flwr:	                      (20, 0.5),
[92mINFO [0m:      	                      (21, 0.5),
INFO:flwr:	                      (21, 0.5),
[92mINFO [0m:      	                      (22, 0.5),
INFO:flwr:	                      (22, 0.5),
[92mINFO [0m:      	                      (23, 0.5),
INFO:flwr:	                      (23, 0.5),
[92mINFO [0m:      	                      (24, 0.5),
INFO:flwr:	                      (24, 0.5),
[92mINFO [0m:      	                      (25, 0.5),
INFO:flwr:	                      (25, 0.5),
[92mINFO [0m:      	                      (26, 0.5),
INFO:flwr:	                      (26, 0.5),
[92mINFO [0m:      	                      (27, 0.5),
INFO:flwr:	                      (27, 0.5),
[92mINFO [0m:      	                      (28, 0.5),
INFO:flwr:	                      (28, 0.5),
[92mINFO [0m:      	                      (29, 0.5),
INFO:flwr:	                      (29, 0.5),
[92mINFO [0m:      	                      (30, 0.5),
INFO:flwr:	                      (30, 0.5),
[92mINFO [0m:      	                      (31, 0.5),
INFO:flwr:	                      (31, 0.5),
[92mINFO [0m:      	                      (32, 0.5),
INFO:flwr:	                      (32, 0.5),
[92mINFO [0m:      	                      (33, 0.5),
INFO:flwr:	                      (33, 0.5),
[92mINFO [0m:      	                      (34, 0.5),
INFO:flwr:	                      (34, 0.5),
[92mINFO [0m:      	                      (35, 0.5),
INFO:flwr:	                      (35, 0.5),
[92mINFO [0m:      	                      (36, 0.5),
INFO:flwr:	                      (36, 0.5),
[92mINFO [0m:      	                      (37, 0.5),
INFO:flwr:	                      (37, 0.5),
[92mINFO [0m:      	                      (38, 0.5),
INFO:flwr:	                      (38, 0.5),
[92mINFO [0m:      	                      (39, 0.5),
INFO:flwr:	                      (39, 0.5),
[92mINFO [0m:      	                      (40, 0.5),
INFO:flwr:	                      (40, 0.5),
[92mINFO [0m:      	                      (41, 0.5),
INFO:flwr:	                      (41, 0.5),
[92mINFO [0m:      	                      (42, 0.5),
INFO:flwr:	                      (42, 0.5),
[92mINFO [0m:      	                      (43, 0.5),
INFO:flwr:	                      (43, 0.5),
[92mINFO [0m:      	                      (44, 0.5),
INFO:flwr:	                      (44, 0.5),
[92mINFO [0m:      	                      (45, 0.5),
INFO:flwr:	                      (45, 0.5),
[92mINFO [0m:      	                      (46, 0.5),
INFO:flwr:	                      (46, 0.5),
[92mINFO [0m:      	                      (47, 0.5),
INFO:flwr:	                      (47, 0.5),
[92mINFO [0m:      	                      (48, 0.5),
INFO:flwr:	                      (48, 0.5),
[92mINFO [0m:      	                      (49, 0.5),
INFO:flwr:	                      (49, 0.5),
[92mINFO [0m:      	                      (50, 0.5)],
INFO:flwr:	                      (50, 0.5)],
[92mINFO [0m:      	 'mean_reputation': [(1, 0.9524035453796387),
INFO:flwr:	 'mean_reputation': [(1, 0.9524035453796387),
[92mINFO [0m:      	                     (2, 0.9072173237800598),
INFO:flwr:	                     (2, 0.9072173237800598),
[92mINFO [0m:      	                     (3, 0.8591881990432739),
INFO:flwr:	                     (3, 0.8591881990432739),
[92mINFO [0m:      	                     (4, 0.8228275179862976),
INFO:flwr:	                     (4, 0.8228275179862976),
[92mINFO [0m:      	                     (5, 0.7838021516799927),
INFO:flwr:	                     (5, 0.7838021516799927),
[92mINFO [0m:      	                     (6, 0.7488998174667358),
INFO:flwr:	                     (6, 0.7488998174667358),
[92mINFO [0m:      	                     (7, 0.7176751494407654),
INFO:flwr:	                     (7, 0.7176751494407654),
[92mINFO [0m:      	                     (8, 0.6897323727607727),
INFO:flwr:	                     (8, 0.6897323727607727),
[92mINFO [0m:      	                     (9, 0.6647192239761353),
INFO:flwr:	                     (9, 0.6647192239761353),
[92mINFO [0m:      	                     (10, 0.6423224806785583),
INFO:flwr:	                     (10, 0.6423224806785583),
[92mINFO [0m:      	                     (11, 0.6222633123397827),
INFO:flwr:	                     (11, 0.6222633123397827),
[92mINFO [0m:      	                     (12, 0.6042932868003845),
INFO:flwr:	                     (12, 0.6042932868003845),
[92mINFO [0m:      	                     (13, 0.5881908535957336),
INFO:flwr:	                     (13, 0.5881908535957336),
[92mINFO [0m:      	                     (14, 0.5848228335380554),
INFO:flwr:	                     (14, 0.5848228335380554),
[92mINFO [0m:      	                     (15, 0.5707787275314331),
INFO:flwr:	                     (15, 0.5707787275314331),
[92mINFO [0m:      	                     (16, 0.5581823587417603),
INFO:flwr:	                     (16, 0.5581823587417603),
[92mINFO [0m:      	                     (17, 0.5468826293945312),
INFO:flwr:	                     (17, 0.5468826293945312),
[92mINFO [0m:      	                     (18, 0.5367441773414612),
INFO:flwr:	                     (18, 0.5367441773414612),
[92mINFO [0m:      	                     (19, 0.5389202833175659),
INFO:flwr:	                     (19, 0.5389202833175659),
[92mINFO [0m:      	                     (20, 0.5296274423599243),
INFO:flwr:	                     (20, 0.5296274423599243),
[92mINFO [0m:      	                     (21, 0.5212830305099487),
INFO:flwr:	                     (21, 0.5212830305099487),
[92mINFO [0m:      	                     (22, 0.5137895345687866),
INFO:flwr:	                     (22, 0.5137895345687866),
[92mINFO [0m:      	                     (23, 0.5182248950004578),
INFO:flwr:	                     (23, 0.5182248950004578),
[92mINFO [0m:      	                     (24, 0.5110629796981812),
INFO:flwr:	                     (24, 0.5110629796981812),
[92mINFO [0m:      	                     (25, 0.5156700015068054),
INFO:flwr:	                     (25, 0.5156700015068054),
[92mINFO [0m:      	                     (26, 0.508782148361206),
INFO:flwr:	                     (26, 0.508782148361206),
[92mINFO [0m:      	                     (27, 0.5025902986526489),
INFO:flwr:	                     (27, 0.5025902986526489),
[92mINFO [0m:      	                     (28, 0.5082473158836365),
INFO:flwr:	                     (28, 0.5082473158836365),
[92mINFO [0m:      	                     (29, 0.5021204352378845),
INFO:flwr:	                     (29, 0.5021204352378845),
[92mINFO [0m:      	                     (30, 0.5072154998779297),
INFO:flwr:	                     (30, 0.5072154998779297),
[92mINFO [0m:      	                     (31, 0.5011999607086182),
INFO:flwr:	                     (31, 0.5011999607086182),
[92mINFO [0m:      	                     (32, 0.4957892894744873),
INFO:flwr:	                     (32, 0.4957892894744873),
[92mINFO [0m:      	                     (33, 0.4909224510192871),
INFO:flwr:	                     (33, 0.4909224510192871),
[92mINFO [0m:      	                     (34, 0.48654454946517944),
INFO:flwr:	                     (34, 0.48654454946517944),
[92mINFO [0m:      	                     (35, 0.49454373121261597),
INFO:flwr:	                     (35, 0.49454373121261597),
[92mINFO [0m:      	                     (36, 0.4898073673248291),
INFO:flwr:	                     (36, 0.4898073673248291),
[92mINFO [0m:      	                     (37, 0.48554617166519165),
INFO:flwr:	                     (37, 0.48554617166519165),
[92mINFO [0m:      	                     (38, 0.4927836060523987),
INFO:flwr:	                     (38, 0.4927836060523987),
[92mINFO [0m:      	                     (39, 0.4992443025112152),
INFO:flwr:	                     (39, 0.4992443025112152),
[92mINFO [0m:      	                     (40, 0.4940424859523773),
INFO:flwr:	                     (40, 0.4940424859523773),
[92mINFO [0m:      	                     (41, 0.4893615245819092),
INFO:flwr:	                     (41, 0.4893615245819092),
[92mINFO [0m:      	                     (42, 0.4851493835449219),
INFO:flwr:	                     (42, 0.4851493835449219),
[92mINFO [0m:      	                     (43, 0.4931260645389557),
INFO:flwr:	                     (43, 0.4931260645389557),
[92mINFO [0m:      	                     (44, 0.4997825026512146),
INFO:flwr:	                     (44, 0.4997825026512146),
[92mINFO [0m:      	                     (45, 0.5048889517784119),
INFO:flwr:	                     (45, 0.5048889517784119),
[92mINFO [0m:      	                     (46, 0.5094848871231079),
INFO:flwr:	                     (46, 0.5094848871231079),
[92mINFO [0m:      	                     (47, 0.5135291814804077),
INFO:flwr:	                     (47, 0.5135291814804077),
[92mINFO [0m:      	                     (48, 0.5170761942863464),
INFO:flwr:	                     (48, 0.5170761942863464),
[92mINFO [0m:      	                     (49, 0.5195783376693726),
INFO:flwr:	                     (49, 0.5195783376693726),
[92mINFO [0m:      	                     (50, 0.5222657918930054)],
INFO:flwr:	                     (50, 0.5222657918930054)],
[92mINFO [0m:      	 'min_reputation': [(1, 0.8999999761581421),
INFO:flwr:	 'min_reputation': [(1, 0.8999999761581421),
[92mINFO [0m:      	                    (2, 0.8100000023841858),
INFO:flwr:	                    (2, 0.8100000023841858),
[92mINFO [0m:      	                    (3, 0.7289999723434448),
INFO:flwr:	                    (3, 0.7289999723434448),
[92mINFO [0m:      	                    (4, 0.6560999751091003),
INFO:flwr:	                    (4, 0.6560999751091003),
[92mINFO [0m:      	                    (5, 0.5904899835586548),
INFO:flwr:	                    (5, 0.5904899835586548),
[92mINFO [0m:      	                    (6, 0.5314409732818604),
INFO:flwr:	                    (6, 0.5314409732818604),
[92mINFO [0m:      	                    (7, 0.4782969057559967),
INFO:flwr:	                    (7, 0.4782969057559967),
[92mINFO [0m:      	                    (8, 0.4304672181606293),
INFO:flwr:	                    (8, 0.4304672181606293),
[92mINFO [0m:      	                    (9, 0.3874204754829407),
INFO:flwr:	                    (9, 0.3874204754829407),
[92mINFO [0m:      	                    (10, 0.34867843985557556),
INFO:flwr:	                    (10, 0.34867843985557556),
[92mINFO [0m:      	                    (11, 0.3138105869293213),
INFO:flwr:	                    (11, 0.3138105869293213),
[92mINFO [0m:      	                    (12, 0.2824295461177826),
INFO:flwr:	                    (12, 0.2824295461177826),
[92mINFO [0m:      	                    (13, 0.25418657064437866),
INFO:flwr:	                    (13, 0.25418657064437866),
[92mINFO [0m:      	                    (14, 0.22876793146133423),
INFO:flwr:	                    (14, 0.22876793146133423),
[92mINFO [0m:      	                    (15, 0.20589113235473633),
INFO:flwr:	                    (15, 0.20589113235473633),
[92mINFO [0m:      	                    (16, 0.1853020191192627),
INFO:flwr:	                    (16, 0.1853020191192627),
[92mINFO [0m:      	                    (17, 0.1667718142271042),
INFO:flwr:	                    (17, 0.1667718142271042),
[92mINFO [0m:      	                    (18, 0.1500946283340454),
INFO:flwr:	                    (18, 0.1500946283340454),
[92mINFO [0m:      	                    (19, 0.13508516550064087),
INFO:flwr:	                    (19, 0.13508516550064087),
[92mINFO [0m:      	                    (20, 0.12157665193080902),
INFO:flwr:	                    (20, 0.12157665193080902),
[92mINFO [0m:      	                    (21, 0.10941898822784424),
INFO:flwr:	                    (21, 0.10941898822784424),
[92mINFO [0m:      	                    (22, 0.0984770879149437),
INFO:flwr:	                    (22, 0.0984770879149437),
[92mINFO [0m:      	                    (23, 0.08862937986850739),
INFO:flwr:	                    (23, 0.08862937986850739),
[92mINFO [0m:      	                    (24, 0.07976644486188889),
INFO:flwr:	                    (24, 0.07976644486188889),
[92mINFO [0m:      	                    (25, 0.07178980112075806),
INFO:flwr:	                    (25, 0.07178980112075806),
[92mINFO [0m:      	                    (26, 0.06461081653833389),
INFO:flwr:	                    (26, 0.06461081653833389),
[92mINFO [0m:      	                    (27, 0.05814973637461662),
INFO:flwr:	                    (27, 0.05814973637461662),
[92mINFO [0m:      	                    (28, 0.05233476310968399),
INFO:flwr:	                    (28, 0.05233476310968399),
[92mINFO [0m:      	                    (29, 0.04710128530859947),
INFO:flwr:	                    (29, 0.04710128530859947),
[92mINFO [0m:      	                    (30, 0.042391158640384674),
INFO:flwr:	                    (30, 0.042391158640384674),
[92mINFO [0m:      	                    (31, 0.03815204277634621),
INFO:flwr:	                    (31, 0.03815204277634621),
[92mINFO [0m:      	                    (32, 0.034336838871240616),
INFO:flwr:	                    (32, 0.034336838871240616),
[92mINFO [0m:      	                    (33, 0.030903154984116554),
INFO:flwr:	                    (33, 0.030903154984116554),
[92mINFO [0m:      	                    (34, 0.027812838554382324),
INFO:flwr:	                    (34, 0.027812838554382324),
[92mINFO [0m:      	                    (35, 0.02503155544400215),
INFO:flwr:	                    (35, 0.02503155544400215),
[92mINFO [0m:      	                    (36, 0.022528398782014847),
INFO:flwr:	                    (36, 0.022528398782014847),
[92mINFO [0m:      	                    (37, 0.020275559276342392),
INFO:flwr:	                    (37, 0.020275559276342392),
[92mINFO [0m:      	                    (38, 0.018248002976179123),
INFO:flwr:	                    (38, 0.018248002976179123),
[92mINFO [0m:      	                    (39, 0.01642320305109024),
INFO:flwr:	                    (39, 0.01642320305109024),
[92mINFO [0m:      	                    (40, 0.014780882745981216),
INFO:flwr:	                    (40, 0.014780882745981216),
[92mINFO [0m:      	                    (41, 0.01330279465764761),
INFO:flwr:	                    (41, 0.01330279465764761),
[92mINFO [0m:      	                    (42, 0.011972514912486076),
INFO:flwr:	                    (42, 0.011972514912486076),
[92mINFO [0m:      	                    (43, 0.010775263421237469),
INFO:flwr:	                    (43, 0.010775263421237469),
[92mINFO [0m:      	                    (44, 0.00969773717224598),
INFO:flwr:	                    (44, 0.00969773717224598),
[92mINFO [0m:      	                    (45, 0.008727964013814926),
INFO:flwr:	                    (45, 0.008727964013814926),
[92mINFO [0m:      	                    (46, 0.007855167612433434),
INFO:flwr:	                    (46, 0.007855167612433434),
[92mINFO [0m:      	                    (47, 0.007069650571793318),
INFO:flwr:	                    (47, 0.007069650571793318),
[92mINFO [0m:      	                    (48, 0.006362685468047857),
INFO:flwr:	                    (48, 0.006362685468047857),
[92mINFO [0m:      	                    (49, 0.005726417060941458),
INFO:flwr:	                    (49, 0.005726417060941458),
[92mINFO [0m:      	                    (50, 0.005153775215148926)],
INFO:flwr:	                    (50, 0.005153775215148926)],
[92mINFO [0m:      	 'server_round': [(1, 1),
INFO:flwr:	 'server_round': [(1, 1),
[92mINFO [0m:      	                  (2, 2),
INFO:flwr:	                  (2, 2),
[92mINFO [0m:      	                  (3, 3),
INFO:flwr:	                  (3, 3),
[92mINFO [0m:      	                  (4, 4),
INFO:flwr:	                  (4, 4),
[92mINFO [0m:      	                  (5, 5),
INFO:flwr:	                  (5, 5),
[92mINFO [0m:      	                  (6, 6),
INFO:flwr:	                  (6, 6),
[92mINFO [0m:      	                  (7, 7),
INFO:flwr:	                  (7, 7),
[92mINFO [0m:      	                  (8, 8),
INFO:flwr:	                  (8, 8),
[92mINFO [0m:      	                  (9, 9),
INFO:flwr:	                  (9, 9),
[92mINFO [0m:      	                  (10, 10),
INFO:flwr:	                  (10, 10),
[92mINFO [0m:      	                  (11, 11),
INFO:flwr:	                  (11, 11),
[92mINFO [0m:      	                  (12, 12),
INFO:flwr:	                  (12, 12),
[92mINFO [0m:      	                  (13, 13),
INFO:flwr:	                  (13, 13),
[92mINFO [0m:      	                  (14, 14),
INFO:flwr:	                  (14, 14),
[92mINFO [0m:      	                  (15, 15),
INFO:flwr:	                  (15, 15),
[92mINFO [0m:      	                  (16, 16),
INFO:flwr:	                  (16, 16),
[92mINFO [0m:      	                  (17, 17),
INFO:flwr:	                  (17, 17),
[92mINFO [0m:      	                  (18, 18),
INFO:flwr:	                  (18, 18),
[92mINFO [0m:      	                  (19, 19),
INFO:flwr:	                  (19, 19),
[92mINFO [0m:      	                  (20, 20),
INFO:flwr:	                  (20, 20),
[92mINFO [0m:      	                  (21, 21),
INFO:flwr:	                  (21, 21),
[92mINFO [0m:      	                  (22, 22),
INFO:flwr:	                  (22, 22),
[92mINFO [0m:      	                  (23, 23),
INFO:flwr:	                  (23, 23),
[92mINFO [0m:      	                  (24, 24),
INFO:flwr:	                  (24, 24),
[92mINFO [0m:      	                  (25, 25),
INFO:flwr:	                  (25, 25),
[92mINFO [0m:      	                  (26, 26),
INFO:flwr:	                  (26, 26),
[92mINFO [0m:      	                  (27, 27),
INFO:flwr:	                  (27, 27),
[92mINFO [0m:      	                  (28, 28),
INFO:flwr:	                  (28, 28),
[92mINFO [0m:      	                  (29, 29),
INFO:flwr:	                  (29, 29),
[92mINFO [0m:      	                  (30, 30),
INFO:flwr:	                  (30, 30),
[92mINFO [0m:      	                  (31, 31),
INFO:flwr:	                  (31, 31),
[92mINFO [0m:      	                  (32, 32),
INFO:flwr:	                  (32, 32),
[92mINFO [0m:      	                  (33, 33),
INFO:flwr:	                  (33, 33),
[92mINFO [0m:      	                  (34, 34),
INFO:flwr:	                  (34, 34),
[92mINFO [0m:      	                  (35, 35),
INFO:flwr:	                  (35, 35),
[92mINFO [0m:      	                  (36, 36),
INFO:flwr:	                  (36, 36),
[92mINFO [0m:      	                  (37, 37),
INFO:flwr:	                  (37, 37),
[92mINFO [0m:      	                  (38, 38),
INFO:flwr:	                  (38, 38),
[92mINFO [0m:      	                  (39, 39),
INFO:flwr:	                  (39, 39),
[92mINFO [0m:      	                  (40, 40),
INFO:flwr:	                  (40, 40),
[92mINFO [0m:      	                  (41, 41),
INFO:flwr:	                  (41, 41),
[92mINFO [0m:      	                  (42, 42),
INFO:flwr:	                  (42, 42),
[92mINFO [0m:      	                  (43, 43),
INFO:flwr:	                  (43, 43),
[92mINFO [0m:      	                  (44, 44),
INFO:flwr:	                  (44, 44),
[92mINFO [0m:      	                  (45, 45),
INFO:flwr:	                  (45, 45),
[92mINFO [0m:      	                  (46, 46),
INFO:flwr:	                  (46, 46),
[92mINFO [0m:      	                  (47, 47),
INFO:flwr:	                  (47, 47),
[92mINFO [0m:      	                  (48, 48),
INFO:flwr:	                  (48, 48),
[92mINFO [0m:      	                  (49, 49),
INFO:flwr:	                  (49, 49),
[92mINFO [0m:      	                  (50, 50)]}
INFO:flwr:	                  (50, 50)]}
[92mINFO [0m:      	History (metrics, distributed, evaluate):
INFO:flwr:	History (metrics, distributed, evaluate):
[92mINFO [0m:      	{'accuracy': [(1, 0.9676666666666667),
INFO:flwr:	{'accuracy': [(1, 0.9676666666666667),
[92mINFO [0m:      	              (2, 0.9672),
INFO:flwr:	              (2, 0.9672),
[92mINFO [0m:      	              (3, 0.9654),
INFO:flwr:	              (3, 0.9654),
[92mINFO [0m:      	              (4, 0.9653666666666667),
INFO:flwr:	              (4, 0.9653666666666667),
[92mINFO [0m:      	              (5, 0.9639666666666666),
INFO:flwr:	              (5, 0.9639666666666666),
[92mINFO [0m:      	              (6, 0.9638),
INFO:flwr:	              (6, 0.9638),
[92mINFO [0m:      	              (7, 0.964),
INFO:flwr:	              (7, 0.964),
[92mINFO [0m:      	              (8, 0.9624),
INFO:flwr:	              (8, 0.9624),
[92mINFO [0m:      	              (9, 0.9623333333333334),
INFO:flwr:	              (9, 0.9623333333333334),
[92mINFO [0m:      	              (10, 0.9636333333333333),
INFO:flwr:	              (10, 0.9636333333333333),
[92mINFO [0m:      	              (11, 0.9629),
INFO:flwr:	              (11, 0.9629),
[92mINFO [0m:      	              (12, 0.9632666666666667),
INFO:flwr:	              (12, 0.9632666666666667),
[92mINFO [0m:      	              (13, 0.9628333333333333),
INFO:flwr:	              (13, 0.9628333333333333),
[92mINFO [0m:      	              (14, 0.9665),
INFO:flwr:	              (14, 0.9665),
[92mINFO [0m:      	              (15, 0.9643666666666667),
INFO:flwr:	              (15, 0.9643666666666667),
[92mINFO [0m:      	              (16, 0.9655666666666667),
INFO:flwr:	              (16, 0.9655666666666667),
[92mINFO [0m:      	              (17, 0.9641),
INFO:flwr:	              (17, 0.9641),
[92mINFO [0m:      	              (18, 0.9653333333333334),
INFO:flwr:	              (18, 0.9653333333333334),
[92mINFO [0m:      	              (19, 0.9656),
INFO:flwr:	              (19, 0.9656),
[92mINFO [0m:      	              (20, 0.9644),
INFO:flwr:	              (20, 0.9644),
[92mINFO [0m:      	              (21, 0.9639666666666666),
INFO:flwr:	              (21, 0.9639666666666666),
[92mINFO [0m:      	              (22, 0.9625333333333334),
INFO:flwr:	              (22, 0.9625333333333334),
[92mINFO [0m:      	              (23, 0.9650333333333333),
INFO:flwr:	              (23, 0.9650333333333333),
[92mINFO [0m:      	              (24, 0.9654),
INFO:flwr:	              (24, 0.9654),
[92mINFO [0m:      	              (25, 0.9660333333333333),
INFO:flwr:	              (25, 0.9660333333333333),
[92mINFO [0m:      	              (26, 0.9668),
INFO:flwr:	              (26, 0.9668),
[92mINFO [0m:      	              (27, 0.9649333333333333),
INFO:flwr:	              (27, 0.9649333333333333),
[92mINFO [0m:      	              (28, 0.9671),
INFO:flwr:	              (28, 0.9671),
[92mINFO [0m:      	              (29, 0.9666333333333333),
INFO:flwr:	              (29, 0.9666333333333333),
[92mINFO [0m:      	              (30, 0.9674333333333334),
INFO:flwr:	              (30, 0.9674333333333334),
[92mINFO [0m:      	              (31, 0.9661333333333333),
INFO:flwr:	              (31, 0.9661333333333333),
[92mINFO [0m:      	              (32, 0.9659),
INFO:flwr:	              (32, 0.9659),
[92mINFO [0m:      	              (33, 0.9665666666666667),
INFO:flwr:	              (33, 0.9665666666666667),
[92mINFO [0m:      	              (34, 0.9656333333333333),
INFO:flwr:	              (34, 0.9656333333333333),
[92mINFO [0m:      	              (35, 0.9671666666666666),
INFO:flwr:	              (35, 0.9671666666666666),
[92mINFO [0m:      	              (36, 0.9673666666666667),
INFO:flwr:	              (36, 0.9673666666666667),
[92mINFO [0m:      	              (37, 0.9657666666666667),
INFO:flwr:	              (37, 0.9657666666666667),
[92mINFO [0m:      	              (38, 0.9665),
INFO:flwr:	              (38, 0.9665),
[92mINFO [0m:      	              (39, 0.9671),
INFO:flwr:	              (39, 0.9671),
[92mINFO [0m:      	              (40, 0.9655),
INFO:flwr:	              (40, 0.9655),
[92mINFO [0m:      	              (41, 0.9661333333333333),
INFO:flwr:	              (41, 0.9661333333333333),
[92mINFO [0m:      	              (42, 0.9658333333333333),
INFO:flwr:	              (42, 0.9658333333333333),
[92mINFO [0m:      	              (43, 0.9679),
INFO:flwr:	              (43, 0.9679),
[92mINFO [0m:      	              (44, 0.9684333333333334),
INFO:flwr:	              (44, 0.9684333333333334),
[92mINFO [0m:      	              (45, 0.9675333333333334),
INFO:flwr:	              (45, 0.9675333333333334),
[92mINFO [0m:      	              (46, 0.9679),
INFO:flwr:	              (46, 0.9679),
[92mINFO [0m:      	              (47, 0.9684666666666667),
INFO:flwr:	              (47, 0.9684666666666667),
[92mINFO [0m:      	              (48, 0.9689333333333333),
INFO:flwr:	              (48, 0.9689333333333333),
[92mINFO [0m:      	              (49, 0.9684333333333334),
INFO:flwr:	              (49, 0.9684333333333334),
[92mINFO [0m:      	              (50, 0.9692666666666667)],
INFO:flwr:	              (50, 0.9692666666666667)],
[92mINFO [0m:      	 'auc': [(1, 0.8417841616860648),
INFO:flwr:	 'auc': [(1, 0.8417841616860648),
[92mINFO [0m:      	         (2, 0.8646771469015414),
INFO:flwr:	         (2, 0.8646771469015414),
[92mINFO [0m:      	         (3, 0.8840653035545768),
INFO:flwr:	         (3, 0.8840653035545768),
[92mINFO [0m:      	         (4, 0.8816231833910034),
INFO:flwr:	         (4, 0.8816231833910034),
[92mINFO [0m:      	         (5, 0.8873337684806545),
INFO:flwr:	         (5, 0.8873337684806545),
[92mINFO [0m:      	         (6, 0.8940476564957531),
INFO:flwr:	         (6, 0.8940476564957531),
[92mINFO [0m:      	         (7, 0.8862802768166091),
INFO:flwr:	         (7, 0.8862802768166091),
[92mINFO [0m:      	         (8, 0.887122223969802),
INFO:flwr:	         (8, 0.887122223969802),
[92mINFO [0m:      	         (9, 0.8901966341616859),
INFO:flwr:	         (9, 0.8901966341616859),
[92mINFO [0m:      	         (10, 0.8850770997168921),
INFO:flwr:	         (10, 0.8850770997168921),
[92mINFO [0m:      	         (11, 0.882479002831079),
INFO:flwr:	         (11, 0.882479002831079),
[92mINFO [0m:      	         (12, 0.8808382667505504),
INFO:flwr:	         (12, 0.8808382667505504),
[92mINFO [0m:      	         (13, 0.8793312362378108),
INFO:flwr:	         (13, 0.8793312362378108),
[92mINFO [0m:      	         (14, 0.8797105221767854),
INFO:flwr:	         (14, 0.8797105221767854),
[92mINFO [0m:      	         (15, 0.8797922617175212),
INFO:flwr:	         (15, 0.8797922617175212),
[92mINFO [0m:      	         (16, 0.8754544668134634),
INFO:flwr:	         (16, 0.8754544668134634),
[92mINFO [0m:      	         (17, 0.8800662472475621),
INFO:flwr:	         (17, 0.8800662472475621),
[92mINFO [0m:      	         (18, 0.8787475778546712),
INFO:flwr:	         (18, 0.8787475778546712),
[92mINFO [0m:      	         (19, 0.8775016986473733),
INFO:flwr:	         (19, 0.8775016986473733),
[92mINFO [0m:      	         (20, 0.8739759201006607),
INFO:flwr:	         (20, 0.8739759201006607),
[92mINFO [0m:      	         (21, 0.8852440075495439),
INFO:flwr:	         (21, 0.8852440075495439),
[92mINFO [0m:      	         (22, 0.8795698490091223),
INFO:flwr:	         (22, 0.8795698490091223),
[92mINFO [0m:      	         (23, 0.8786550644856872),
INFO:flwr:	         (23, 0.8786550644856872),
[92mINFO [0m:      	         (24, 0.8693996854356715),
INFO:flwr:	         (24, 0.8693996854356715),
[92mINFO [0m:      	         (25, 0.873453475935829),
INFO:flwr:	         (25, 0.873453475935829),
[92mINFO [0m:      	         (26, 0.8688735136835485),
INFO:flwr:	         (26, 0.8688735136835485),
[92mINFO [0m:      	         (27, 0.8785903900597671),
INFO:flwr:	         (27, 0.8785903900597671),
[92mINFO [0m:      	         (28, 0.8691137779175842),
INFO:flwr:	         (28, 0.8691137779175842),
[92mINFO [0m:      	         (29, 0.8730981912551118),
INFO:flwr:	         (29, 0.8730981912551118),
[92mINFO [0m:      	         (30, 0.8762882038376847),
INFO:flwr:	         (30, 0.8762882038376847),
[92mINFO [0m:      	         (31, 0.8706304970116389),
INFO:flwr:	         (31, 0.8706304970116389),
[92mINFO [0m:      	         (32, 0.871114595784838),
INFO:flwr:	         (32, 0.871114595784838),
[92mINFO [0m:      	         (33, 0.8702379050015728),
INFO:flwr:	         (33, 0.8702379050015728),
[92mINFO [0m:      	         (34, 0.8749902956904686),
INFO:flwr:	         (34, 0.8749902956904686),
[92mINFO [0m:      	         (35, 0.8671230261088392),
INFO:flwr:	         (35, 0.8671230261088392),
[92mINFO [0m:      	         (36, 0.8655150047184649),
INFO:flwr:	         (36, 0.8655150047184649),
[92mINFO [0m:      	         (37, 0.8672078641082103),
INFO:flwr:	         (37, 0.8672078641082103),
[92mINFO [0m:      	         (38, 0.861378106322743),
INFO:flwr:	         (38, 0.861378106322743),
[92mINFO [0m:      	         (39, 0.8720307801195345),
INFO:flwr:	         (39, 0.8720307801195345),
[92mINFO [0m:      	         (40, 0.8686858917898711),
INFO:flwr:	         (40, 0.8686858917898711),
[92mINFO [0m:      	         (41, 0.8715123938345392),
INFO:flwr:	         (41, 0.8715123938345392),
[92mINFO [0m:      	         (42, 0.8713827933312362),
INFO:flwr:	         (42, 0.8713827933312362),
[92mINFO [0m:      	         (43, 0.8617402485058194),
INFO:flwr:	         (43, 0.8617402485058194),
[92mINFO [0m:      	         (44, 0.8580237810632274),
INFO:flwr:	         (44, 0.8580237810632274),
[92mINFO [0m:      	         (45, 0.8672224913494809),
INFO:flwr:	         (45, 0.8672224913494809),
[92mINFO [0m:      	         (46, 0.8712150990877634),
INFO:flwr:	         (46, 0.8712150990877634),
[92mINFO [0m:      	         (47, 0.8673967914438504),
INFO:flwr:	         (47, 0.8673967914438504),
[92mINFO [0m:      	         (48, 0.867505835168292),
INFO:flwr:	         (48, 0.867505835168292),
[92mINFO [0m:      	         (49, 0.8622042623466499),
INFO:flwr:	         (49, 0.8622042623466499),
[92mINFO [0m:      	         (50, 0.8567639823843977)],
INFO:flwr:	         (50, 0.8567639823843977)],
[92mINFO [0m:      	 'f1': [(1, 0.4294117647058823),
INFO:flwr:	 'f1': [(1, 0.4294117647058823),
[92mINFO [0m:      	        (2, 0.48696558915537014),
INFO:flwr:	        (2, 0.48696558915537014),
[92mINFO [0m:      	        (3, 0.5108388312912346),
INFO:flwr:	        (3, 0.5108388312912346),
[92mINFO [0m:      	        (4, 0.5183124710245711),
INFO:flwr:	        (4, 0.5183124710245711),
[92mINFO [0m:      	        (5, 0.5210456357997342),
INFO:flwr:	        (5, 0.5210456357997342),
[92mINFO [0m:      	        (6, 0.5343053173241854),
INFO:flwr:	        (6, 0.5343053173241854),
[92mINFO [0m:      	        (7, 0.5246478873239436),
INFO:flwr:	        (7, 0.5246478873239436),
[92mINFO [0m:      	        (8, 0.5195911413969335),
INFO:flwr:	        (8, 0.5195911413969335),
[92mINFO [0m:      	        (9, 0.5256087321578505),
INFO:flwr:	        (9, 0.5256087321578505),
[92mINFO [0m:      	        (10, 0.5270914607715648),
INFO:flwr:	        (10, 0.5270914607715648),
[92mINFO [0m:      	        (11, 0.518390307226309),
INFO:flwr:	        (11, 0.518390307226309),
[92mINFO [0m:      	        (12, 0.5204525674499565),
INFO:flwr:	        (12, 0.5204525674499565),
[92mINFO [0m:      	        (13, 0.5162689804772235),
INFO:flwr:	        (13, 0.5162689804772235),
[92mINFO [0m:      	        (14, 0.5305931807566557),
INFO:flwr:	        (14, 0.5305931807566557),
[92mINFO [0m:      	        (15, 0.5238307349665924),
INFO:flwr:	        (15, 0.5238307349665924),
[92mINFO [0m:      	        (16, 0.5306678782371649),
INFO:flwr:	        (16, 0.5306678782371649),
[92mINFO [0m:      	        (17, 0.5215459795646378),
INFO:flwr:	        (17, 0.5215459795646378),
[92mINFO [0m:      	        (18, 0.5289855072463767),
INFO:flwr:	        (18, 0.5289855072463767),
[92mINFO [0m:      	        (19, 0.5291970802919708),
INFO:flwr:	        (19, 0.5291970802919708),
[92mINFO [0m:      	        (20, 0.5197841726618705),
INFO:flwr:	        (20, 0.5197841726618705),
[92mINFO [0m:      	        (21, 0.5310195227765727),
INFO:flwr:	        (21, 0.5310195227765727),
[92mINFO [0m:      	        (22, 0.5188356164383562),
INFO:flwr:	        (22, 0.5188356164383562),
[92mINFO [0m:      	        (23, 0.5323227819884084),
INFO:flwr:	        (23, 0.5323227819884084),
[92mINFO [0m:      	        (24, 0.52516010978957),
INFO:flwr:	        (24, 0.52516010978957),
[92mINFO [0m:      	        (25, 0.5297646515920629),
INFO:flwr:	        (25, 0.5297646515920629),
[92mINFO [0m:      	        (26, 0.530631479736098),
INFO:flwr:	        (26, 0.530631479736098),
[92mINFO [0m:      	        (27, 0.5231187669990934),
INFO:flwr:	        (27, 0.5231187669990934),
[92mINFO [0m:      	        (28, 0.5306704707560628),
INFO:flwr:	        (28, 0.5306704707560628),
[92mINFO [0m:      	        (29, 0.53592953175707),
INFO:flwr:	        (29, 0.53592953175707),
[92mINFO [0m:      	        (30, 0.5363075462743236),
INFO:flwr:	        (30, 0.5363075462743236),
[92mINFO [0m:      	        (31, 0.5313653136531366),
INFO:flwr:	        (31, 0.5313653136531366),
[92mINFO [0m:      	        (32, 0.5283540802213001),
INFO:flwr:	        (32, 0.5283540802213001),
[92mINFO [0m:      	        (33, 0.5306504445484324),
INFO:flwr:	        (33, 0.5306504445484324),
[92mINFO [0m:      	        (34, 0.5298677610579116),
INFO:flwr:	        (34, 0.5298677610579116),
[92mINFO [0m:      	        (35, 0.52757793764988),
INFO:flwr:	        (35, 0.52757793764988),
[92mINFO [0m:      	        (36, 0.5212713936430318),
INFO:flwr:	        (36, 0.5212713936430318),
[92mINFO [0m:      	        (37, 0.5216581276199348),
INFO:flwr:	        (37, 0.5216581276199348),
[92mINFO [0m:      	        (38, 0.5151953690303908),
INFO:flwr:	        (38, 0.5151953690303908),
[92mINFO [0m:      	        (39, 0.5306704707560628),
INFO:flwr:	        (39, 0.5306704707560628),
[92mINFO [0m:      	        (40, 0.5206113941639648),
INFO:flwr:	        (40, 0.5206113941639648),
[92mINFO [0m:      	        (41, 0.5278810408921933),
INFO:flwr:	        (41, 0.5278810408921933),
[92mINFO [0m:      	        (42, 0.5234774523477452),
INFO:flwr:	        (42, 0.5234774523477452),
[92mINFO [0m:      	        (43, 0.5211337642963699),
INFO:flwr:	        (43, 0.5211337642963699),
[92mINFO [0m:      	        (44, 0.519533231861999),
INFO:flwr:	        (44, 0.519533231861999),
[92mINFO [0m:      	        (45, 0.5187747035573123),
INFO:flwr:	        (45, 0.5187747035573123),
[92mINFO [0m:      	        (46, 0.528172464478197),
INFO:flwr:	        (46, 0.528172464478197),
[92mINFO [0m:      	        (47, 0.5353634577603144),
INFO:flwr:	        (47, 0.5353634577603144),
[92mINFO [0m:      	        (48, 0.5278622087132725),
INFO:flwr:	        (48, 0.5278622087132725),
[92mINFO [0m:      	        (49, 0.5248369292523833),
INFO:flwr:	        (49, 0.5248369292523833),
[92mINFO [0m:      	        (50, 0.5227743271221532)],
INFO:flwr:	        (50, 0.5227743271221532)],
[92mINFO [0m:      	 'precision': [(1, 0.6083333333333333),
INFO:flwr:	 'precision': [(1, 0.6083333333333333),
[92mINFO [0m:      	               (2, 0.5709046454767727),
INFO:flwr:	               (2, 0.5709046454767727),
[92mINFO [0m:      	               (3, 0.5303326810176126),
INFO:flwr:	               (3, 0.5303326810176126),
[92mINFO [0m:      	               (4, 0.5288552507095553),
INFO:flwr:	               (4, 0.5288552507095553),
[92mINFO [0m:      	               (5, 0.5082108902333623),
INFO:flwr:	               (5, 0.5082108902333623),
[92mINFO [0m:      	               (6, 0.5056818181818182),
INFO:flwr:	               (6, 0.5056818181818182),
[92mINFO [0m:      	               (7, 0.508532423208191),
INFO:flwr:	               (7, 0.508532423208191),
[92mINFO [0m:      	               (8, 0.48878205128205127),
INFO:flwr:	               (8, 0.48878205128205127),
[92mINFO [0m:      	               (9, 0.48829953198127923),
INFO:flwr:	               (9, 0.48829953198127923),
[92mINFO [0m:      	               (10, 0.5037282518641258),
INFO:flwr:	               (10, 0.5037282518641258),
[92mINFO [0m:      	               (11, 0.4946325350949629),
INFO:flwr:	               (11, 0.4946325350949629),
[92mINFO [0m:      	               (12, 0.49916527545909845),
INFO:flwr:	               (12, 0.49916527545909845),
[92mINFO [0m:      	               (13, 0.49377593360995853),
INFO:flwr:	               (13, 0.49377593360995853),
[92mINFO [0m:      	               (14, 0.5456292026897214),
INFO:flwr:	               (14, 0.5456292026897214),
[92mINFO [0m:      	               (15, 0.5135371179039301),
INFO:flwr:	               (15, 0.5135371179039301),
[92mINFO [0m:      	               (16, 0.5304268846503178),
INFO:flwr:	               (16, 0.5304268846503178),
[92mINFO [0m:      	               (17, 0.5099913119026933),
INFO:flwr:	               (17, 0.5099913119026933),
[92mINFO [0m:      	               (18, 0.5270758122743683),
INFO:flwr:	               (18, 0.5270758122743683),
[92mINFO [0m:      	               (19, 0.5311355311355312),
INFO:flwr:	               (19, 0.5311355311355312),
[92mINFO [0m:      	               (20, 0.5142348754448398),
INFO:flwr:	               (20, 0.5142348754448398),
[92mINFO [0m:      	               (21, 0.5078838174273859),
INFO:flwr:	               (21, 0.5078838174273859),
[92mINFO [0m:      	               (22, 0.49029126213592233),
INFO:flwr:	               (22, 0.49029126213592233),
[92mINFO [0m:      	               (23, 0.5223097112860893),
INFO:flwr:	               (23, 0.5223097112860893),
[92mINFO [0m:      	               (24, 0.5285451197053407),
INFO:flwr:	               (24, 0.5285451197053407),
[92mINFO [0m:      	               (25, 0.5379568884723523),
INFO:flwr:	               (25, 0.5379568884723523),
[92mINFO [0m:      	               (26, 0.550880626223092),
INFO:flwr:	               (26, 0.550880626223092),
[92mINFO [0m:      	               (27, 0.5216998191681738),
INFO:flwr:	               (27, 0.5216998191681738),
[92mINFO [0m:      	               (28, 0.5563310069790628),
INFO:flwr:	               (28, 0.5563310069790628),
[92mINFO [0m:      	               (29, 0.5468306527909177),
INFO:flwr:	               (29, 0.5468306527909177),
[92mINFO [0m:      	               (30, 0.5610724925521352),
INFO:flwr:	               (30, 0.5610724925521352),
[92mINFO [0m:      	               (31, 0.5393258426966292),
INFO:flwr:	               (31, 0.5393258426966292),
[92mINFO [0m:      	               (32, 0.5360149672591207),
INFO:flwr:	               (32, 0.5360149672591207),
[92mINFO [0m:      	               (33, 0.5467695274831244),
INFO:flwr:	               (33, 0.5467695274831244),
[92mINFO [0m:      	               (34, 0.5315645013723697),
INFO:flwr:	               (34, 0.5315645013723697),
[92mINFO [0m:      	               (35, 0.5583756345177665),
INFO:flwr:	               (35, 0.5583756345177665),
[92mINFO [0m:      	               (36, 0.5640211640211639),
INFO:flwr:	               (36, 0.5640211640211639),
[92mINFO [0m:      	               (37, 0.5348615090735435),
INFO:flwr:	               (37, 0.5348615090735435),
[92mINFO [0m:      	               (38, 0.5488180883864338),
INFO:flwr:	               (38, 0.5488180883864338),
[92mINFO [0m:      	               (39, 0.5563310069790628),
INFO:flwr:	               (39, 0.5563310069790628),
[92mINFO [0m:      	               (40, 0.5306893295561851),
INFO:flwr:	               (40, 0.5306893295561851),
[92mINFO [0m:      	               (41, 0.5399239543726235),
INFO:flwr:	               (41, 0.5399239543726235),
[92mINFO [0m:      	               (42, 0.5356803044719315),
INFO:flwr:	               (42, 0.5356803044719315),
[92mINFO [0m:      	               (43, 0.575192096597146),
INFO:flwr:	               (43, 0.575192096597146),
[92mINFO [0m:      	               (44, 0.5878300803673938),
INFO:flwr:	               (44, 0.5878300803673938),
[92mINFO [0m:      	               (45, 0.5681818181818182),
INFO:flwr:	               (45, 0.5681818181818182),
[92mINFO [0m:      	               (46, 0.5727948990435706),
INFO:flwr:	               (46, 0.5727948990435706),
[92mINFO [0m:      	               (47, 0.5822649572649573),
INFO:flwr:	               (47, 0.5822649572649573),
[92mINFO [0m:      	               (48, 0.5961098398169337),
INFO:flwr:	               (48, 0.5961098398169337),
[92mINFO [0m:      	               (49, 0.585666293393057),
INFO:flwr:	               (49, 0.585666293393057),
[92mINFO [0m:      	               (50, 0.606971153846154)],
INFO:flwr:	               (50, 0.606971153846154)],
[92mINFO [0m:      	 'recall': [(1, 0.33181818181818185),
INFO:flwr:	 'recall': [(1, 0.33181818181818185),
[92mINFO [0m:      	            (2, 0.4245454545454545),
INFO:flwr:	            (2, 0.4245454545454545),
[92mINFO [0m:      	            (3, 0.49272727272727274),
INFO:flwr:	            (3, 0.49272727272727274),
[92mINFO [0m:      	            (4, 0.5081818181818183),
INFO:flwr:	            (4, 0.5081818181818183),
[92mINFO [0m:      	            (5, 0.5345454545454545),
INFO:flwr:	            (5, 0.5345454545454545),
[92mINFO [0m:      	            (6, 0.5663636363636364),
INFO:flwr:	            (6, 0.5663636363636364),
[92mINFO [0m:      	            (7, 0.5418181818181819),
INFO:flwr:	            (7, 0.5418181818181819),
[92mINFO [0m:      	            (8, 0.5545454545454546),
INFO:flwr:	            (8, 0.5545454545454546),
[92mINFO [0m:      	            (9, 0.569090909090909),
INFO:flwr:	            (9, 0.569090909090909),
[92mINFO [0m:      	            (10, 0.5527272727272727),
INFO:flwr:	            (10, 0.5527272727272727),
[92mINFO [0m:      	            (11, 0.5445454545454546),
INFO:flwr:	            (11, 0.5445454545454546),
[92mINFO [0m:      	            (12, 0.5436363636363636),
INFO:flwr:	            (12, 0.5436363636363636),
[92mINFO [0m:      	            (13, 0.5409090909090909),
INFO:flwr:	            (13, 0.5409090909090909),
[92mINFO [0m:      	            (14, 0.5163636363636364),
INFO:flwr:	            (14, 0.5163636363636364),
[92mINFO [0m:      	            (15, 0.5345454545454545),
INFO:flwr:	            (15, 0.5345454545454545),
[92mINFO [0m:      	            (16, 0.5309090909090909),
INFO:flwr:	            (16, 0.5309090909090909),
[92mINFO [0m:      	            (17, 0.5336363636363636),
INFO:flwr:	            (17, 0.5336363636363636),
[92mINFO [0m:      	            (18, 0.5309090909090909),
INFO:flwr:	            (18, 0.5309090909090909),
[92mINFO [0m:      	            (19, 0.5272727272727272),
INFO:flwr:	            (19, 0.5272727272727272),
[92mINFO [0m:      	            (20, 0.5254545454545455),
INFO:flwr:	            (20, 0.5254545454545455),
[92mINFO [0m:      	            (21, 0.5563636363636364),
INFO:flwr:	            (21, 0.5563636363636364),
[92mINFO [0m:      	            (22, 0.550909090909091),
INFO:flwr:	            (22, 0.550909090909091),
[92mINFO [0m:      	            (23, 0.5427272727272727),
INFO:flwr:	            (23, 0.5427272727272727),
[92mINFO [0m:      	            (24, 0.5218181818181818),
INFO:flwr:	            (24, 0.5218181818181818),
[92mINFO [0m:      	            (25, 0.5218181818181818),
INFO:flwr:	            (25, 0.5218181818181818),
[92mINFO [0m:      	            (26, 0.5118181818181818),
INFO:flwr:	            (26, 0.5118181818181818),
[92mINFO [0m:      	            (27, 0.5245454545454545),
INFO:flwr:	            (27, 0.5245454545454545),
[92mINFO [0m:      	            (28, 0.5072727272727273),
INFO:flwr:	            (28, 0.5072727272727273),
[92mINFO [0m:      	            (29, 0.5254545454545455),
INFO:flwr:	            (29, 0.5254545454545455),
[92mINFO [0m:      	            (30, 0.5136363636363637),
INFO:flwr:	            (30, 0.5136363636363637),
[92mINFO [0m:      	            (31, 0.5236363636363637),
INFO:flwr:	            (31, 0.5236363636363637),
[92mINFO [0m:      	            (32, 0.5209090909090909),
INFO:flwr:	            (32, 0.5209090909090909),
[92mINFO [0m:      	            (33, 0.5154545454545455),
INFO:flwr:	            (33, 0.5154545454545455),
[92mINFO [0m:      	            (34, 0.5281818181818182),
INFO:flwr:	            (34, 0.5281818181818182),
[92mINFO [0m:      	            (35, 0.5),
INFO:flwr:	            (35, 0.5),
[92mINFO [0m:      	            (36, 0.4845454545454545),
INFO:flwr:	            (36, 0.4845454545454545),
[92mINFO [0m:      	            (37, 0.509090909090909),
INFO:flwr:	            (37, 0.509090909090909),
[92mINFO [0m:      	            (38, 0.48545454545454547),
INFO:flwr:	            (38, 0.48545454545454547),
[92mINFO [0m:      	            (39, 0.5072727272727273),
INFO:flwr:	            (39, 0.5072727272727273),
[92mINFO [0m:      	            (40, 0.5109090909090909),
INFO:flwr:	            (40, 0.5109090909090909),
[92mINFO [0m:      	            (41, 0.5163636363636364),
INFO:flwr:	            (41, 0.5163636363636364),
[92mINFO [0m:      	            (42, 0.5118181818181818),
INFO:flwr:	            (42, 0.5118181818181818),
[92mINFO [0m:      	            (43, 0.4763636363636364),
INFO:flwr:	            (43, 0.4763636363636364),
[92mINFO [0m:      	            (44, 0.4654545454545455),
INFO:flwr:	            (44, 0.4654545454545455),
[92mINFO [0m:      	            (45, 0.47727272727272724),
INFO:flwr:	            (45, 0.47727272727272724),
[92mINFO [0m:      	            (46, 0.49),
INFO:flwr:	            (46, 0.49),
[92mINFO [0m:      	            (47, 0.4954545454545455),
INFO:flwr:	            (47, 0.4954545454545455),
[92mINFO [0m:      	            (48, 0.47363636363636363),
INFO:flwr:	            (48, 0.47363636363636363),
[92mINFO [0m:      	            (49, 0.47545454545454546),
INFO:flwr:	            (49, 0.47545454545454546),
[92mINFO [0m:      	            (50, 0.4590909090909091)]}
INFO:flwr:	            (50, 0.4590909090909091)]}
[92mINFO [0m:      
INFO:flwr:

Training complete in 672.2s (13.4s/round)

[Ray cleanup] Shutting down Ray...
[36m(ClientAppActor pid=16519)[0m [Client 7] Training on NVIDIA GeForce RTX 3060[32m [repeated 2x across cluster][0m
[36m(ClientAppActor pid=16522)[0m [93mWARNING [0m:   DEPRECATED FEATURE: `client_fn` now expects a signature `def client_fn(context: Context)`.The provided `client_fn` has signature: {'cid': <Parameter "cid: str">}. You can import the `Context` like this: `from flwr.app import Context`[32m [repeated 9x across cluster][0m
[36m(ClientAppActor pid=16522)[0m             This is a deprecated feature. It will be removed[32m [repeated 9x across cluster][0m
[36m(ClientAppActor pid=16522)[0m             entirely in future versions of Flower.[32m [repeated 9x across cluster][0m
[Ray cleanup] Ray shutdown complete.
Metrics saved to: ./results/seed_48/Ablation_NoL1_SignFlip20pct.json
Model checkpoint saved to: ./results/seed_48/models/Ablation_NoL1_SignFlip20pct.pt
