
==============================================================================
EXPERIMENT: Ablation_NoL2_LabelFlip20pct
SEED:       54
STARTED:    2026-09-16T08:11:36+00:00
TIMEOUT:    180.0 min
COMMAND:
/app/.venv/bin/python train.py --num-clients 10 --num-rounds 50 --nrows 150000 --batch-size 512 --epochs-per-round 10 --results-dir ./results/seed_54 --save-model ./results/seed_54/models/Ablation_NoL2_LabelFlip20pct.pt --seed 54 --run-label Ablation_NoL2_LabelFlip20pct --disable-layer2 --num-adversaries 2 --attack-type label_flip
==============================================================================
Device: cuda
  GPU: NVIDIA GeForce RTX 3060
  VRAM: 12.9 GB

Loading data from: ./data/raw
/app/.venv/lib/python3.14/site-packages/numpy/lib/_function_base_impl.py:3036: RuntimeWarning: invalid value encountered in divide
  c /= stddev[:, None]
/app/.venv/lib/python3.14/site-packages/numpy/lib/_function_base_impl.py:3037: RuntimeWarning: invalid value encountered in divide
  c /= stddev[None, :]
/app/data/loader.py:132: PerformanceWarning: DataFrame is highly fragmented.  This is usually the result of calling `frame.insert` many times, which has poor performance.  Consider joining all columns at once using pd.concat(axis=1) instead. To get a de-fragmented frame, use `newframe = frame.copy()`
  X_df["uid_fraud_mean"] = y_series.groupby(by=uid_series).transform("mean").values
/app/data/loader.py:133: PerformanceWarning: DataFrame is highly fragmented.  This is usually the result of calling `frame.insert` many times, which has poor performance.  Consider joining all columns at once using pd.concat(axis=1) instead. To get a de-fragmented frame, use `newframe = frame.copy()`
  X_df["uid_count"]      = uid_series.groupby(by=uid_series).transform("count").astype(np.float32).values
/app/data/loader.py:134: PerformanceWarning: DataFrame is highly fragmented.  This is usually the result of calling `frame.insert` many times, which has poor performance.  Consider joining all columns at once using pd.concat(axis=1) instead. To get a de-fragmented frame, use `newframe = frame.copy()`
  X_df["uid_amt_mean"]   = amt_series.groupby(by=uid_series).transform("mean").astype(np.float32).values
/app/data/loader.py:135: PerformanceWarning: DataFrame is highly fragmented.  This is usually the result of calling `frame.insert` many times, which has poor performance.  Consider joining all columns at once using pd.concat(axis=1) instead. To get a de-fragmented frame, use `newframe = frame.copy()`
  X_df["uid_amt_std"]    = amt_series.groupby(by=uid_series).transform("std").fillna(0).astype(np.float32).values
/app/data/loader.py:142: PerformanceWarning: DataFrame is highly fragmented.  This is usually the result of calling `frame.insert` many times, which has poor performance.  Consider joining all columns at once using pd.concat(axis=1) instead. To get a de-fragmented frame, use `newframe = frame.copy()`
  X_df["log_TransactionAmt"] = np.log1p(
/app/data/loader.py:147: PerformanceWarning: DataFrame is highly fragmented.  This is usually the result of calling `frame.insert` many times, which has poor performance.  Consider joining all columns at once using pd.concat(axis=1) instead. To get a de-fragmented frame, use `newframe = frame.copy()`
  X_df["amt_uid_ratio"] = (
  Train samples: 120000
  Test samples:  30000
  Input dim: 122
Strategy: CascadeRouter

Starting FL simulation:
  Clients:      10
  Rounds:       50
  Adversaries:  2
  Attack:       label_flip
[93mWARNING [0m:   DEPRECATED FEATURE: flwr.simulation.start_simulation() is deprecated.
	Instead, use the `flwr run` CLI command to start a local simulation in your Flower app, as shown for example below:

		$ flwr new  # Create a new Flower app from a template

		$ flwr run  # Run the Flower app in Simulation Mode

	Using `start_simulation()` is deprecated.

            This is a deprecated feature. It will be removed
            entirely in future versions of Flower.
        
[92mINFO [0m:      Starting Flower simulation, config: num_rounds=50, no round_timeout
2026-09-16 08:11:55,117	INFO worker.py:2024 -- Started a local Ray instance.
[92mINFO [0m:      Flower VCE: Ray initialized with resources: {'accelerator_type:GeForce-RTX-3060': 1.0, 'CPU': 20.0, 'memory': 4783997748.0, 'GPU': 1.0, 'object_store_memory': 2050284748.0, 'node:172.18.0.2': 1.0, 'node:__internal_head__': 1.0}
[92mINFO [0m:      Optimize your simulation with Flower VCE: https://flower.ai/docs/framework/how-to-run-simulations.html
[92mINFO [0m:      Flower VCE: Resources for each Virtual Client: {'num_cpus': 10, 'num_gpus': 0.5}
[92mINFO [0m:      Flower VCE: Creating VirtualClientEngineActorPool with 2 actors
[92mINFO [0m:      [INIT]
[92mINFO [0m:      Requesting initial parameters from one random client
[36m(ClientAppActor pid=378021)[0m [93mWARNING [0m:   DEPRECATED FEATURE: `client_fn` now expects a signature `def client_fn(context: Context)`.The provided `client_fn` has signature: {'cid': <Parameter "cid: str">}. You can import the `Context` like this: `from flwr.app import Context`
[36m(ClientAppActor pid=378021)[0m 
[36m(ClientAppActor pid=378021)[0m             This is a deprecated feature. It will be removed
[36m(ClientAppActor pid=378021)[0m             entirely in future versions of Flower.
[36m(ClientAppActor pid=378021)[0m         
[92mINFO [0m:      Received initial parameters from one random client
[92mINFO [0m:      Starting evaluation of initial global parameters
[92mINFO [0m:      Evaluation returned no results (`None`)
[92mINFO [0m:      
[92mINFO [0m:      [ROUND 1]
[92mINFO [0m:      configure_fit: strategy sampled 10 clients (out of 10)
[36m(ClientAppActor pid=378021)[0m [Client 2] Training on NVIDIA GeForce RTX 3060
[36m(ClientAppActor pid=378021)[0m [93mWARNING [0m:   DEPRECATED FEATURE: `client_fn` now expects a signature `def client_fn(context: Context)`.The provided `client_fn` has signature: {'cid': <Parameter "cid: str">}. You can import the `Context` like this: `from flwr.app import Context`
[36m(ClientAppActor pid=378021)[0m 
[36m(ClientAppActor pid=378021)[0m             This is a deprecated feature. It will be removed
[36m(ClientAppActor pid=378021)[0m             entirely in future versions of Flower.
[36m(ClientAppActor pid=378021)[0m         
[36m(ClientAppActor pid=378017)[0m 
[36m(ClientAppActor pid=378017)[0m         
[36m(ClientAppActor pid=378021)[0m 
[36m(ClientAppActor pid=378021)[0m         
[36m(ClientAppActor pid=378017)[0m 
[36m(ClientAppActor pid=378017)[0m         
[36m(ClientAppActor pid=378021)[0m 
[36m(ClientAppActor pid=378021)[0m         
[36m(ClientAppActor pid=378021)[0m [Client 9] Training on NVIDIA GeForce RTX 3060[32m [repeated 5x across cluster] (Ray deduplicates logs by default. Set RAY_DEDUP_LOGS=0 to disable log deduplication, or see https://docs.ray.io/en/master/ray-observability/user-guides/configure-logging.html#log-deduplication for more options.)[0m
[36m(ClientAppActor pid=378021)[0m 
[36m(ClientAppActor pid=378021)[0m         
[36m(ClientAppActor pid=378021)[0m [93mWARNING [0m:   DEPRECATED FEATURE: `client_fn` now expects a signature `def client_fn(context: Context)`.The provided `client_fn` has signature: {'cid': <Parameter "cid: str">}. You can import the `Context` like this: `from flwr.app import Context`[32m [repeated 5x across cluster][0m
[36m(ClientAppActor pid=378021)[0m             This is a deprecated feature. It will be removed[32m [repeated 5x across cluster][0m
[36m(ClientAppActor pid=378021)[0m             entirely in future versions of Flower.[32m [repeated 5x across cluster][0m
[36m(ClientAppActor pid=378017)[0m 
[36m(ClientAppActor pid=378017)[0m         
[36m(ClientAppActor pid=378017)[0m 
[36m(ClientAppActor pid=378017)[0m         
[36m(ClientAppActor pid=378017)[0m 
[36m(ClientAppActor pid=378017)[0m         
[36m(ClientAppActor pid=378017)[0m [93mWARNING [0m:   DEPRECATED FEATURE: `client_fn` now expects a signature `def client_fn(context: Context)`.The provided `client_fn` has signature: {'cid': <Parameter "cid: str">}. You can import the `Context` like this: `from flwr.app import Context`[32m [repeated 3x across cluster][0m
[36m(ClientAppActor pid=378017)[0m             This is a deprecated feature. It will be removed[32m [repeated 3x across cluster][0m
[36m(ClientAppActor pid=378017)[0m             entirely in future versions of Flower.[32m [repeated 3x across cluster][0m
[36m(ClientAppActor pid=378017)[0m [Client 6] Training on NVIDIA GeForce RTX 3060[32m [repeated 3x across cluster][0m
[36m(ClientAppActor pid=378017)[0m 
[36m(ClientAppActor pid=378017)[0m         
[92mINFO [0m:      aggregate_fit: received 10 results and 0 failures
[CascadeRouter] Round 1: 10 clients, 24578 parameters/client
[92mINFO [0m:      configure_evaluate: strategy sampled 10 clients (out of 10)
INFO:flwr:configure_evaluate: strategy sampled 10 clients (out of 10)
[36m(ClientAppActor pid=378017)[0m 
[36m(ClientAppActor pid=378017)[0m         
[36m(ClientAppActor pid=378021)[0m 
[36m(ClientAppActor pid=378021)[0m         
[36m(ClientAppActor pid=378017)[0m 
[36m(ClientAppActor pid=378017)[0m         
[36m(ClientAppActor pid=378021)[0m 
[36m(ClientAppActor pid=378021)[0m         
[36m(ClientAppActor pid=378017)[0m 
[36m(ClientAppActor pid=378017)[0m         
[36m(ClientAppActor pid=378021)[0m 
[36m(ClientAppActor pid=378021)[0m         
[36m(ClientAppActor pid=378017)[0m 
[36m(ClientAppActor pid=378017)[0m         
[36m(ClientAppActor pid=378021)[0m 
[36m(ClientAppActor pid=378021)[0m         
[36m(ClientAppActor pid=378017)[0m 
[36m(ClientAppActor pid=378017)[0m         
[36m(ClientAppActor pid=378021)[0m 
[36m(ClientAppActor pid=378021)[0m         
[92mINFO [0m:      aggregate_evaluate: received 10 results and 0 failures
INFO:flwr:aggregate_evaluate: received 10 results and 0 failures
[92mINFO [0m:      
INFO:flwr:
[92mINFO [0m:      [ROUND 2]
INFO:flwr:[ROUND 2]
[92mINFO [0m:      configure_fit: strategy sampled 10 clients (out of 10)
INFO:flwr:configure_fit: strategy sampled 10 clients (out of 10)
[36m(ClientAppActor pid=378021)[0m 
[36m(ClientAppActor pid=378021)[0m         
[36m(ClientAppActor pid=378017)[0m 
[36m(ClientAppActor pid=378017)[0m         
[36m(ClientAppActor pid=378021)[0m 
[36m(ClientAppActor pid=378021)[0m         
[36m(ClientAppActor pid=378017)[0m 
[36m(ClientAppActor pid=378017)[0m         
[36m(ClientAppActor pid=378017)[0m [93mWARNING [0m:   DEPRECATED FEATURE: `client_fn` now expects a signature `def client_fn(context: Context)`.The provided `client_fn` has signature: {'cid': <Parameter "cid: str">}. You can import the `Context` like this: `from flwr.app import Context`[32m [repeated 15x across cluster][0m
[36m(ClientAppActor pid=378017)[0m             This is a deprecated feature. It will be removed[32m [repeated 15x across cluster][0m
[36m(ClientAppActor pid=378017)[0m             entirely in future versions of Flower.[32m [repeated 15x across cluster][0m
[36m(ClientAppActor pid=378017)[0m [Client 4] Training on NVIDIA GeForce RTX 3060[32m [repeated 5x across cluster][0m
[36m(ClientAppActor pid=378021)[0m 
[36m(ClientAppActor pid=378021)[0m         
[36m(ClientAppActor pid=378021)[0m 
[36m(ClientAppActor pid=378021)[0m         
[36m(ClientAppActor pid=378021)[0m 
[36m(ClientAppActor pid=378021)[0m         
[36m(ClientAppActor pid=378017)[0m 
[36m(ClientAppActor pid=378017)[0m         
[36m(ClientAppActor pid=378017)[0m 
[36m(ClientAppActor pid=378017)[0m         
[36m(ClientAppActor pid=378017)[0m 
[36m(ClientAppActor pid=378017)[0m         
[92mINFO [0m:      aggregate_fit: received 10 results and 0 failures
INFO:flwr:aggregate_fit: received 10 results and 0 failures
[CascadeRouter] Round 2: 10 clients, 24578 parameters/client
[92mINFO [0m:      configure_evaluate: strategy sampled 10 clients (out of 10)
INFO:flwr:configure_evaluate: strategy sampled 10 clients (out of 10)
[36m(ClientAppActor pid=378021)[0m 
[36m(ClientAppActor pid=378021)[0m         
[36m(ClientAppActor pid=378021)[0m [93mWARNING [0m:   DEPRECATED FEATURE: `client_fn` now expects a signature `def client_fn(context: Context)`.The provided `client_fn` has signature: {'cid': <Parameter "cid: str">}. You can import the `Context` like this: `from flwr.app import Context`[32m [repeated 7x across cluster][0m
[36m(ClientAppActor pid=378021)[0m             This is a deprecated feature. It will be removed[32m [repeated 7x across cluster][0m
[36m(ClientAppActor pid=378021)[0m             entirely in future versions of Flower.[32m [repeated 7x across cluster][0m
[36m(ClientAppActor pid=378017)[0m 
[36m(ClientAppActor pid=378017)[0m         
[36m(ClientAppActor pid=378021)[0m 
[36m(ClientAppActor pid=378021)[0m         
[36m(ClientAppActor pid=378017)[0m 
[36m(ClientAppActor pid=378017)[0m         
[36m(ClientAppActor pid=378017)[0m 
[36m(ClientAppActor pid=378017)[0m         
[36m(ClientAppActor pid=378021)[0m 
[36m(ClientAppActor pid=378021)[0m         
[36m(ClientAppActor pid=378021)[0m 
[36m(ClientAppActor pid=378021)[0m         
[36m(ClientAppActor pid=378017)[0m 
[36m(ClientAppActor pid=378017)[0m         
[36m(ClientAppActor pid=378017)[0m 
[36m(ClientAppActor pid=378017)[0m         
[36m(ClientAppActor pid=378021)[0m 
[36m(ClientAppActor pid=378021)[0m         
[92mINFO [0m:      aggregate_evaluate: received 10 results and 0 failures
INFO:flwr:aggregate_evaluate: received 10 results and 0 failures
[92mINFO [0m:      
INFO:flwr:
[92mINFO [0m:      [ROUND 3]
INFO:flwr:[ROUND 3]
[92mINFO [0m:      configure_fit: strategy sampled 10 clients (out of 10)
INFO:flwr:configure_fit: strategy sampled 10 clients (out of 10)
[36m(ClientAppActor pid=378017)[0m 
[36m(ClientAppActor pid=378017)[0m         
[36m(ClientAppActor pid=378017)[0m [Client 3] Training on NVIDIA GeForce RTX 3060[32m [repeated 7x across cluster][0m
[36m(ClientAppActor pid=378021)[0m 
[36m(ClientAppActor pid=378021)[0m         
[36m(ClientAppActor pid=378017)[0m 
[36m(ClientAppActor pid=378017)[0m         
[36m(ClientAppActor pid=378017)[0m 
[36m(ClientAppActor pid=378017)[0m         
[36m(ClientAppActor pid=378021)[0m 
[36m(ClientAppActor pid=378021)[0m         
[36m(ClientAppActor pid=378017)[0m 
[36m(ClientAppActor pid=378017)[0m         
[36m(ClientAppActor pid=378017)[0m [93mWARNING [0m:   DEPRECATED FEATURE: `client_fn` now expects a signature `def client_fn(context: Context)`.The provided `client_fn` has signature: {'cid': <Parameter "cid: str">}. You can import the `Context` like this: `from flwr.app import Context`[32m [repeated 15x across cluster][0m
[36m(ClientAppActor pid=378017)[0m             This is a deprecated feature. It will be removed[32m [repeated 15x across cluster][0m
[36m(ClientAppActor pid=378017)[0m             entirely in future versions of Flower.[32m [repeated 15x across cluster][0m
[36m(ClientAppActor pid=378021)[0m 
[36m(ClientAppActor pid=378021)[0m         
[36m(ClientAppActor pid=378021)[0m [Client 2] Training on NVIDIA GeForce RTX 3060[32m [repeated 7x across cluster][0m
[36m(ClientAppActor pid=378021)[0m 
[36m(ClientAppActor pid=378021)[0m         
[36m(ClientAppActor pid=378021)[0m 
[36m(ClientAppActor pid=378021)[0m         
[36m(ClientAppActor pid=378021)[0m 
[36m(ClientAppActor pid=378021)[0m         
[92mINFO [0m:      aggregate_fit: received 10 results and 0 failures
INFO:flwr:aggregate_fit: received 10 results and 0 failures
[CascadeRouter] Round 3: 10 clients, 24578 parameters/client
[92mINFO [0m:      configure_evaluate: strategy sampled 10 clients (out of 10)
INFO:flwr:configure_evaluate: strategy sampled 10 clients (out of 10)
[36m(ClientAppActor pid=378017)[0m 
[36m(ClientAppActor pid=378017)[0m         
[36m(ClientAppActor pid=378017)[0m [93mWARNING [0m:   DEPRECATED FEATURE: `client_fn` now expects a signature `def client_fn(context: Context)`.The provided `client_fn` has signature: {'cid': <Parameter "cid: str">}. You can import the `Context` like this: `from flwr.app import Context`[32m [repeated 5x across cluster][0m
[36m(ClientAppActor pid=378017)[0m             This is a deprecated feature. It will be removed[32m [repeated 5x across cluster][0m
[36m(ClientAppActor pid=378017)[0m             entirely in future versions of Flower.[32m [repeated 5x across cluster][0m
[36m(ClientAppActor pid=378021)[0m 
[36m(ClientAppActor pid=378021)[0m         
[36m(ClientAppActor pid=378017)[0m 
[36m(ClientAppActor pid=378017)[0m         
[36m(ClientAppActor pid=378021)[0m 
[36m(ClientAppActor pid=378021)[0m         
[36m(ClientAppActor pid=378017)[0m 
[36m(ClientAppActor pid=378017)[0m         
[36m(ClientAppActor pid=378021)[0m 
[36m(ClientAppActor pid=378021)[0m         
[36m(ClientAppActor pid=378017)[0m 
[36m(ClientAppActor pid=378017)[0m         
[36m(ClientAppActor pid=378021)[0m 
[36m(ClientAppActor pid=378021)[0m         
[36m(ClientAppActor pid=378017)[0m 
[36m(ClientAppActor pid=378017)[0m         
[36m(ClientAppActor pid=378021)[0m 
[36m(ClientAppActor pid=378021)[0m         
[92mINFO [0m:      aggregate_evaluate: received 10 results and 0 failures
INFO:flwr:aggregate_evaluate: received 10 results and 0 failures
[92mINFO [0m:      
INFO:flwr:
[92mINFO [0m:      [ROUND 4]
INFO:flwr:[ROUND 4]
[92mINFO [0m:      configure_fit: strategy sampled 10 clients (out of 10)
INFO:flwr:configure_fit: strategy sampled 10 clients (out of 10)
[36m(ClientAppActor pid=378021)[0m 
[36m(ClientAppActor pid=378021)[0m         
[36m(ClientAppActor pid=378017)[0m 
[36m(ClientAppActor pid=378017)[0m         
[36m(ClientAppActor pid=378017)[0m 
[36m(ClientAppActor pid=378017)[0m         
[36m(ClientAppActor pid=378017)[0m [Client 2] Training on NVIDIA GeForce RTX 3060[32m [repeated 5x across cluster][0m
[36m(ClientAppActor pid=378017)[0m 
[36m(ClientAppActor pid=378017)[0m         
[36m(ClientAppActor pid=378017)[0m 
[36m(ClientAppActor pid=378017)[0m         
[36m(ClientAppActor pid=378021)[0m 
[36m(ClientAppActor pid=378021)[0m         
[36m(ClientAppActor pid=378017)[0m 
[36m(ClientAppActor pid=378017)[0m         
[36m(ClientAppActor pid=378017)[0m [93mWARNING [0m:   DEPRECATED FEATURE: `client_fn` now expects a signature `def client_fn(context: Context)`.The provided `client_fn` has signature: {'cid': <Parameter "cid: str">}. You can import the `Context` like this: `from flwr.app import Context`[32m [repeated 16x across cluster][0m
[36m(ClientAppActor pid=378017)[0m             This is a deprecated feature. It will be removed[32m [repeated 16x across cluster][0m
[36m(ClientAppActor pid=378017)[0m             entirely in future versions of Flower.[32m [repeated 16x across cluster][0m
[36m(ClientAppActor pid=378017)[0m 
[36m(ClientAppActor pid=378017)[0m         
[36m(ClientAppActor pid=378017)[0m [Client 0] Training on NVIDIA GeForce RTX 3060[32m [repeated 5x across cluster][0m
[36m(ClientAppActor pid=378017)[0m 
[36m(ClientAppActor pid=378017)[0m         
[36m(ClientAppActor pid=378017)[0m 
[36m(ClientAppActor pid=378017)[0m         
[36m(ClientAppActor pid=378017)[0m [93mWARNING [0m:   DEPRECATED FEATURE: `client_fn` now expects a signature `def client_fn(context: Context)`.The provided `client_fn` has signature: {'cid': <Parameter "cid: str">}. You can import the `Context` like this: `from flwr.app import Context`[32m [repeated 3x across cluster][0m
[36m(ClientAppActor pid=378017)[0m             This is a deprecated feature. It will be removed[32m [repeated 3x across cluster][0m
[36m(ClientAppActor pid=378017)[0m             entirely in future versions of Flower.[32m [repeated 3x across cluster][0m
[92mINFO [0m:      aggregate_fit: received 10 results and 0 failures
INFO:flwr:aggregate_fit: received 10 results and 0 failures
[CascadeRouter] Round 4: 10 clients, 24578 parameters/client
[92mINFO [0m:      configure_evaluate: strategy sampled 10 clients (out of 10)
INFO:flwr:configure_evaluate: strategy sampled 10 clients (out of 10)
[36m(ClientAppActor pid=378017)[0m 
[36m(ClientAppActor pid=378017)[0m         
[36m(ClientAppActor pid=378021)[0m 
[36m(ClientAppActor pid=378021)[0m         
[36m(ClientAppActor pid=378017)[0m 
[36m(ClientAppActor pid=378017)[0m         
[36m(ClientAppActor pid=378021)[0m 
[36m(ClientAppActor pid=378021)[0m         
[36m(ClientAppActor pid=378017)[0m 
[36m(ClientAppActor pid=378017)[0m         
[36m(ClientAppActor pid=378021)[0m 
[36m(ClientAppActor pid=378021)[0m         
[36m(ClientAppActor pid=378017)[0m 
[36m(ClientAppActor pid=378017)[0m         
[36m(ClientAppActor pid=378021)[0m 
[36m(ClientAppActor pid=378021)[0m         
[36m(ClientAppActor pid=378017)[0m 
[36m(ClientAppActor pid=378017)[0m         
[36m(ClientAppActor pid=378021)[0m 
[36m(ClientAppActor pid=378021)[0m         
[92mINFO [0m:      aggregate_evaluate: received 10 results and 0 failures
INFO:flwr:aggregate_evaluate: received 10 results and 0 failures
[92mINFO [0m:      
INFO:flwr:
[92mINFO [0m:      [ROUND 5]
INFO:flwr:[ROUND 5]
[92mINFO [0m:      configure_fit: strategy sampled 10 clients (out of 10)
INFO:flwr:configure_fit: strategy sampled 10 clients (out of 10)
[36m(ClientAppActor pid=378021)[0m [Client 0] Training on NVIDIA GeForce RTX 3060[32m [repeated 3x across cluster][0m
[36m(ClientAppActor pid=378017)[0m 
[36m(ClientAppActor pid=378017)[0m         
[36m(ClientAppActor pid=378021)[0m 
[36m(ClientAppActor pid=378021)[0m         
[36m(ClientAppActor pid=378017)[0m 
[36m(ClientAppActor pid=378017)[0m         
[36m(ClientAppActor pid=378021)[0m 
[36m(ClientAppActor pid=378021)[0m         
[36m(ClientAppActor pid=378017)[0m 
[36m(ClientAppActor pid=378017)[0m         
[36m(ClientAppActor pid=378017)[0m 
[36m(ClientAppActor pid=378017)[0m         
[36m(ClientAppActor pid=378017)[0m 
[36m(ClientAppActor pid=378017)[0m         
[36m(ClientAppActor pid=378021)[0m 
[36m(ClientAppActor pid=378021)[0m         
[36m(ClientAppActor pid=378017)[0m 
[36m(ClientAppActor pid=378017)[0m         
[36m(ClientAppActor pid=378017)[0m [93mWARNING [0m:   DEPRECATED FEATURE: `client_fn` now expects a signature `def client_fn(context: Context)`.The provided `client_fn` has signature: {'cid': <Parameter "cid: str">}. You can import the `Context` like this: `from flwr.app import Context`[32m [repeated 19x across cluster][0m
[36m(ClientAppActor pid=378017)[0m             This is a deprecated feature. It will be removed[32m [repeated 19x across cluster][0m
[36m(ClientAppActor pid=378017)[0m             entirely in future versions of Flower.[32m [repeated 19x across cluster][0m
[36m(ClientAppActor pid=378021)[0m [Client 5] Training on NVIDIA GeForce RTX 3060[32m [repeated 9x across cluster][0m
[36m(ClientAppActor pid=378021)[0m 
[36m(ClientAppActor pid=378021)[0m         
[92mINFO [0m:      aggregate_fit: received 10 results and 0 failures
INFO:flwr:aggregate_fit: received 10 results and 0 failures
[CascadeRouter] Round 5: 10 clients, 24578 parameters/client
[92mINFO [0m:      configure_evaluate: strategy sampled 10 clients (out of 10)
INFO:flwr:configure_evaluate: strategy sampled 10 clients (out of 10)
[36m(ClientAppActor pid=378017)[0m 
[36m(ClientAppActor pid=378017)[0m         
[36m(ClientAppActor pid=378017)[0m [93mWARNING [0m:   DEPRECATED FEATURE: `client_fn` now expects a signature `def client_fn(context: Context)`.The provided `client_fn` has signature: {'cid': <Parameter "cid: str">}. You can import the `Context` like this: `from flwr.app import Context`[32m [repeated 2x across cluster][0m
[36m(ClientAppActor pid=378017)[0m             This is a deprecated feature. It will be removed[32m [repeated 2x across cluster][0m
[36m(ClientAppActor pid=378017)[0m             entirely in future versions of Flower.[32m [repeated 2x across cluster][0m
[36m(ClientAppActor pid=378021)[0m 
[36m(ClientAppActor pid=378021)[0m         
[36m(ClientAppActor pid=378017)[0m 
[36m(ClientAppActor pid=378017)[0m         
[36m(ClientAppActor pid=378021)[0m 
[36m(ClientAppActor pid=378021)[0m         
[36m(ClientAppActor pid=378017)[0m 
[36m(ClientAppActor pid=378017)[0m         
[36m(ClientAppActor pid=378021)[0m 
[36m(ClientAppActor pid=378021)[0m         
[36m(ClientAppActor pid=378017)[0m 
[36m(ClientAppActor pid=378017)[0m         
[36m(ClientAppActor pid=378021)[0m 
[36m(ClientAppActor pid=378021)[0m         
[36m(ClientAppActor pid=378017)[0m 
[36m(ClientAppActor pid=378017)[0m         
[36m(ClientAppActor pid=378021)[0m 
[36m(ClientAppActor pid=378021)[0m         
[92mINFO [0m:      aggregate_evaluate: received 10 results and 0 failures
INFO:flwr:aggregate_evaluate: received 10 results and 0 failures
[92mINFO [0m:      
INFO:flwr:
[92mINFO [0m:      [ROUND 6]
INFO:flwr:[ROUND 6]
[92mINFO [0m:      configure_fit: strategy sampled 10 clients (out of 10)
INFO:flwr:configure_fit: strategy sampled 10 clients (out of 10)
[36m(ClientAppActor pid=378021)[0m [Client 9] Training on NVIDIA GeForce RTX 3060
[36m(ClientAppActor pid=378021)[0m 
[36m(ClientAppActor pid=378021)[0m         
[36m(ClientAppActor pid=378017)[0m 
[36m(ClientAppActor pid=378017)[0m         
[36m(ClientAppActor pid=378017)[0m [Client 4] Training on NVIDIA GeForce RTX 3060
[36m(ClientAppActor pid=378017)[0m 
[36m(ClientAppActor pid=378017)[0m         
[36m(ClientAppActor pid=378017)[0m [Client 2] Training on NVIDIA GeForce RTX 3060
[36m(ClientAppActor pid=378017)[0m 
[36m(ClientAppActor pid=378017)[0m         
[36m(ClientAppActor pid=378017)[0m [Client 0] Training on NVIDIA GeForce RTX 3060
[36m(ClientAppActor pid=378017)[0m 
[36m(ClientAppActor pid=378017)[0m         
[36m(ClientAppActor pid=378017)[0m [93mWARNING [0m:   DEPRECATED FEATURE: `client_fn` now expects a signature `def client_fn(context: Context)`.The provided `client_fn` has signature: {'cid': <Parameter "cid: str">}. You can import the `Context` like this: `from flwr.app import Context`[32m [repeated 14x across cluster][0m
[36m(ClientAppActor pid=378017)[0m             This is a deprecated feature. It will be removed[32m [repeated 14x across cluster][0m
[36m(ClientAppActor pid=378017)[0m             entirely in future versions of Flower.[32m [repeated 14x across cluster][0m
[36m(ClientAppActor pid=378017)[0m [Client 7] Training on NVIDIA GeForce RTX 3060
[36m(ClientAppActor pid=378017)[0m 
[36m(ClientAppActor pid=378017)[0m         
[36m(ClientAppActor pid=378017)[0m [Client 1] Training on NVIDIA GeForce RTX 3060
[36m(ClientAppActor pid=378017)[0m 
[36m(ClientAppActor pid=378017)[0m         
[36m(ClientAppActor pid=378017)[0m [Client 5] Training on NVIDIA GeForce RTX 3060
[36m(ClientAppActor pid=378017)[0m 
[36m(ClientAppActor pid=378017)[0m         
[36m(ClientAppActor pid=378017)[0m [93mWARNING [0m:   DEPRECATED FEATURE: `client_fn` now expects a signature `def client_fn(context: Context)`.The provided `client_fn` has signature: {'cid': <Parameter "cid: str">}. You can import the `Context` like this: `from flwr.app import Context`[32m [repeated 3x across cluster][0m
[36m(ClientAppActor pid=378017)[0m             This is a deprecated feature. It will be removed[32m [repeated 3x across cluster][0m
[36m(ClientAppActor pid=378017)[0m             entirely in future versions of Flower.[32m [repeated 3x across cluster][0m
[36m(ClientAppActor pid=378021)[0m 
[36m(ClientAppActor pid=378021)[0m         
[36m(ClientAppActor pid=378017)[0m 
[36m(ClientAppActor pid=378017)[0m         
[92mINFO [0m:      aggregate_fit: received 10 results and 0 failures
INFO:flwr:aggregate_fit: received 10 results and 0 failures
[CascadeRouter] Round 6: 10 clients, 24578 parameters/client
[92mINFO [0m:      configure_evaluate: strategy sampled 10 clients (out of 10)
INFO:flwr:configure_evaluate: strategy sampled 10 clients (out of 10)
[36m(ClientAppActor pid=378017)[0m 
[36m(ClientAppActor pid=378017)[0m         
[36m(ClientAppActor pid=378021)[0m 
[36m(ClientAppActor pid=378021)[0m         
[36m(ClientAppActor pid=378017)[0m 
[36m(ClientAppActor pid=378017)[0m         
[36m(ClientAppActor pid=378021)[0m 
[36m(ClientAppActor pid=378021)[0m         
[36m(ClientAppActor pid=378017)[0m 
[36m(ClientAppActor pid=378017)[0m         
[36m(ClientAppActor pid=378021)[0m 
[36m(ClientAppActor pid=378021)[0m         
[36m(ClientAppActor pid=378017)[0m 
[36m(ClientAppActor pid=378017)[0m         
[36m(ClientAppActor pid=378021)[0m 
[36m(ClientAppActor pid=378021)[0m         
[36m(ClientAppActor pid=378017)[0m 
[36m(ClientAppActor pid=378017)[0m         
[36m(ClientAppActor pid=378021)[0m 
[36m(ClientAppActor pid=378021)[0m         
[92mINFO [0m:      aggregate_evaluate: received 10 results and 0 failures
INFO:flwr:aggregate_evaluate: received 10 results and 0 failures
[92mINFO [0m:      
INFO:flwr:
[92mINFO [0m:      [ROUND 7]
INFO:flwr:[ROUND 7]
[92mINFO [0m:      configure_fit: strategy sampled 10 clients (out of 10)
INFO:flwr:configure_fit: strategy sampled 10 clients (out of 10)
[36m(ClientAppActor pid=378021)[0m [Client 0] Training on NVIDIA GeForce RTX 3060[32m [repeated 4x across cluster][0m
[36m(ClientAppActor pid=378021)[0m 
[36m(ClientAppActor pid=378021)[0m         
[36m(ClientAppActor pid=378017)[0m 
[36m(ClientAppActor pid=378017)[0m         
[36m(ClientAppActor pid=378021)[0m 
[36m(ClientAppActor pid=378021)[0m         
[36m(ClientAppActor pid=378021)[0m 
[36m(ClientAppActor pid=378021)[0m         
[36m(ClientAppActor pid=378021)[0m [93mWARNING [0m:   DEPRECATED FEATURE: `client_fn` now expects a signature `def client_fn(context: Context)`.The provided `client_fn` has signature: {'cid': <Parameter "cid: str">}. You can import the `Context` like this: `from flwr.app import Context`[32m [repeated 16x across cluster][0m
[36m(ClientAppActor pid=378021)[0m             This is a deprecated feature. It will be removed[32m [repeated 16x across cluster][0m
[36m(ClientAppActor pid=378021)[0m             entirely in future versions of Flower.[32m [repeated 16x across cluster][0m
[36m(ClientAppActor pid=378017)[0m 
[36m(ClientAppActor pid=378017)[0m         
[36m(ClientAppActor pid=378021)[0m 
[36m(ClientAppActor pid=378021)[0m         
[36m(ClientAppActor pid=378017)[0m 
[36m(ClientAppActor pid=378017)[0m         
[36m(ClientAppActor pid=378021)[0m [Client 2] Training on NVIDIA GeForce RTX 3060[32m [repeated 7x across cluster][0m
[36m(ClientAppActor pid=378021)[0m 
[36m(ClientAppActor pid=378021)[0m         
[36m(ClientAppActor pid=378021)[0m 
[36m(ClientAppActor pid=378021)[0m         
[36m(ClientAppActor pid=378021)[0m 
[36m(ClientAppActor pid=378021)[0m         
[36m(ClientAppActor pid=378021)[0m [93mWARNING [0m:   DEPRECATED FEATURE: `client_fn` now expects a signature `def client_fn(context: Context)`.The provided `client_fn` has signature: {'cid': <Parameter "cid: str">}. You can import the `Context` like this: `from flwr.app import Context`[32m [repeated 6x across cluster][0m
[36m(ClientAppActor pid=378021)[0m             This is a deprecated feature. It will be removed[32m [repeated 6x across cluster][0m
[36m(ClientAppActor pid=378021)[0m             entirely in future versions of Flower.[32m [repeated 6x across cluster][0m
[92mINFO [0m:      aggregate_fit: received 10 results and 0 failures
INFO:flwr:aggregate_fit: received 10 results and 0 failures
[CascadeRouter] Round 7: 10 clients, 24578 parameters/client
[92mINFO [0m:      configure_evaluate: strategy sampled 10 clients (out of 10)
INFO:flwr:configure_evaluate: strategy sampled 10 clients (out of 10)
[36m(ClientAppActor pid=378017)[0m 
[36m(ClientAppActor pid=378017)[0m         
[36m(ClientAppActor pid=378021)[0m 
[36m(ClientAppActor pid=378021)[0m         
[36m(ClientAppActor pid=378017)[0m 
[36m(ClientAppActor pid=378017)[0m         
[36m(ClientAppActor pid=378021)[0m 
[36m(ClientAppActor pid=378021)[0m         
[36m(ClientAppActor pid=378017)[0m 
[36m(ClientAppActor pid=378017)[0m         
[36m(ClientAppActor pid=378021)[0m 
[36m(ClientAppActor pid=378021)[0m         
[36m(ClientAppActor pid=378017)[0m 
[36m(ClientAppActor pid=378017)[0m         
[36m(ClientAppActor pid=378021)[0m 
[36m(ClientAppActor pid=378021)[0m         
[36m(ClientAppActor pid=378017)[0m 
[36m(ClientAppActor pid=378017)[0m         
[36m(ClientAppActor pid=378021)[0m 
[36m(ClientAppActor pid=378021)[0m         
[92mINFO [0m:      aggregate_evaluate: received 10 results and 0 failures
INFO:flwr:aggregate_evaluate: received 10 results and 0 failures
[92mINFO [0m:      
INFO:flwr:
[92mINFO [0m:      [ROUND 8]
INFO:flwr:[ROUND 8]
[92mINFO [0m:      configure_fit: strategy sampled 10 clients (out of 10)
INFO:flwr:configure_fit: strategy sampled 10 clients (out of 10)
[36m(ClientAppActor pid=378021)[0m [Client 5] Training on NVIDIA GeForce RTX 3060[32m [repeated 3x across cluster][0m
[36m(ClientAppActor pid=378021)[0m 
[36m(ClientAppActor pid=378021)[0m         
[36m(ClientAppActor pid=378017)[0m 
[36m(ClientAppActor pid=378017)[0m         
[36m(ClientAppActor pid=378017)[0m 
[36m(ClientAppActor pid=378017)[0m         
[36m(ClientAppActor pid=378017)[0m 
[36m(ClientAppActor pid=378017)[0m         
[36m(ClientAppActor pid=378021)[0m 
[36m(ClientAppActor pid=378021)[0m         
[36m(ClientAppActor pid=378021)[0m [93mWARNING [0m:   DEPRECATED FEATURE: `client_fn` now expects a signature `def client_fn(context: Context)`.The provided `client_fn` has signature: {'cid': <Parameter "cid: str">}. You can import the `Context` like this: `from flwr.app import Context`[32m [repeated 15x across cluster][0m
[36m(ClientAppActor pid=378021)[0m             This is a deprecated feature. It will be removed[32m [repeated 15x across cluster][0m
[36m(ClientAppActor pid=378021)[0m             entirely in future versions of Flower.[32m [repeated 15x across cluster][0m
[36m(ClientAppActor pid=378017)[0m 
[36m(ClientAppActor pid=378017)[0m         
[36m(ClientAppActor pid=378021)[0m 
[36m(ClientAppActor pid=378021)[0m         
[36m(ClientAppActor pid=378021)[0m [Client 9] Training on NVIDIA GeForce RTX 3060[32m [repeated 7x across cluster][0m
[36m(ClientAppActor pid=378021)[0m 
[36m(ClientAppActor pid=378021)[0m         
[36m(ClientAppActor pid=378017)[0m 
[36m(ClientAppActor pid=378017)[0m         
[36m(ClientAppActor pid=378017)[0m 
[36m(ClientAppActor pid=378017)[0m         
[36m(ClientAppActor pid=378017)[0m [93mWARNING [0m:   DEPRECATED FEATURE: `client_fn` now expects a signature `def client_fn(context: Context)`.The provided `client_fn` has signature: {'cid': <Parameter "cid: str">}. You can import the `Context` like this: `from flwr.app import Context`[32m [repeated 5x across cluster][0m
[36m(ClientAppActor pid=378017)[0m             This is a deprecated feature. It will be removed[32m [repeated 5x across cluster][0m
[36m(ClientAppActor pid=378017)[0m             entirely in future versions of Flower.[32m [repeated 5x across cluster][0m
[92mINFO [0m:      aggregate_fit: received 10 results and 0 failures
INFO:flwr:aggregate_fit: received 10 results and 0 failures
[CascadeRouter] Round 8: 10 clients, 24578 parameters/client
[92mINFO [0m:      configure_evaluate: strategy sampled 10 clients (out of 10)
INFO:flwr:configure_evaluate: strategy sampled 10 clients (out of 10)
[36m(ClientAppActor pid=378017)[0m 
[36m(ClientAppActor pid=378017)[0m         
[36m(ClientAppActor pid=378017)[0m [93mWARNING [0m:   DEPRECATED FEATURE: `client_fn` now expects a signature `def client_fn(context: Context)`.The provided `client_fn` has signature: {'cid': <Parameter "cid: str">}. You can import the `Context` like this: `from flwr.app import Context`
[36m(ClientAppActor pid=378017)[0m             This is a deprecated feature. It will be removed
[36m(ClientAppActor pid=378017)[0m             entirely in future versions of Flower.
[36m(ClientAppActor pid=378021)[0m [93mWARNING [0m:   DEPRECATED FEATURE: `client_fn` now expects a signature `def client_fn(context: Context)`.The provided `client_fn` has signature: {'cid': <Parameter "cid: str">}. You can import the `Context` like this: `from flwr.app import Context`
[36m(ClientAppActor pid=378021)[0m 
[36m(ClientAppActor pid=378021)[0m             This is a deprecated feature. It will be removed
[36m(ClientAppActor pid=378021)[0m             entirely in future versions of Flower.
[36m(ClientAppActor pid=378021)[0m         
[36m(ClientAppActor pid=378017)[0m 
[36m(ClientAppActor pid=378017)[0m         
[36m(ClientAppActor pid=378021)[0m 
[36m(ClientAppActor pid=378021)[0m         
[36m(ClientAppActor pid=378021)[0m 
[36m(ClientAppActor pid=378021)[0m         
[36m(ClientAppActor pid=378017)[0m 
[36m(ClientAppActor pid=378017)[0m         
[36m(ClientAppActor pid=378021)[0m 
[36m(ClientAppActor pid=378021)[0m         
[36m(ClientAppActor pid=378017)[0m 
[36m(ClientAppActor pid=378017)[0m         
[36m(ClientAppActor pid=378017)[0m 
[36m(ClientAppActor pid=378017)[0m         
[36m(ClientAppActor pid=378021)[0m 
[36m(ClientAppActor pid=378021)[0m         
[92mINFO [0m:      aggregate_evaluate: received 10 results and 0 failures
INFO:flwr:aggregate_evaluate: received 10 results and 0 failures
[92mINFO [0m:      
INFO:flwr:
[92mINFO [0m:      [ROUND 9]
INFO:flwr:[ROUND 9]
[92mINFO [0m:      configure_fit: strategy sampled 10 clients (out of 10)
INFO:flwr:configure_fit: strategy sampled 10 clients (out of 10)
[36m(ClientAppActor pid=378021)[0m [Client 7] Training on NVIDIA GeForce RTX 3060[32m [repeated 3x across cluster][0m
[36m(ClientAppActor pid=378017)[0m 
[36m(ClientAppActor pid=378017)[0m         
[36m(ClientAppActor pid=378021)[0m 
[36m(ClientAppActor pid=378021)[0m         
[36m(ClientAppActor pid=378017)[0m 
[36m(ClientAppActor pid=378017)[0m         
[36m(ClientAppActor pid=378017)[0m 
[36m(ClientAppActor pid=378017)[0m         
[36m(ClientAppActor pid=378021)[0m 
[36m(ClientAppActor pid=378021)[0m         
[36m(ClientAppActor pid=378017)[0m 
[36m(ClientAppActor pid=378017)[0m         
[36m(ClientAppActor pid=378017)[0m [93mWARNING [0m:   DEPRECATED FEATURE: `client_fn` now expects a signature `def client_fn(context: Context)`.The provided `client_fn` has signature: {'cid': <Parameter "cid: str">}. You can import the `Context` like this: `from flwr.app import Context`[32m [repeated 14x across cluster][0m
[36m(ClientAppActor pid=378017)[0m             This is a deprecated feature. It will be removed[32m [repeated 14x across cluster][0m
[36m(ClientAppActor pid=378017)[0m             entirely in future versions of Flower.[32m [repeated 14x across cluster][0m
[36m(ClientAppActor pid=378017)[0m 
[36m(ClientAppActor pid=378017)[0m         
[36m(ClientAppActor pid=378021)[0m 
[36m(ClientAppActor pid=378021)[0m         
[36m(ClientAppActor pid=378021)[0m 
[36m(ClientAppActor pid=378021)[0m         
[36m(ClientAppActor pid=378021)[0m [Client 8] Training on NVIDIA GeForce RTX 3060[32m [repeated 8x across cluster][0m
[36m(ClientAppActor pid=378021)[0m 
[36m(ClientAppActor pid=378021)[0m         
[92mINFO [0m:      aggregate_fit: received 10 results and 0 failures
INFO:flwr:aggregate_fit: received 10 results and 0 failures
[CascadeRouter] Round 9: 10 clients, 24578 parameters/client
[92mINFO [0m:      configure_evaluate: strategy sampled 10 clients (out of 10)
INFO:flwr:configure_evaluate: strategy sampled 10 clients (out of 10)
[36m(ClientAppActor pid=378017)[0m 
[36m(ClientAppActor pid=378017)[0m         
[36m(ClientAppActor pid=378017)[0m [93mWARNING [0m:   DEPRECATED FEATURE: `client_fn` now expects a signature `def client_fn(context: Context)`.The provided `client_fn` has signature: {'cid': <Parameter "cid: str">}. You can import the `Context` like this: `from flwr.app import Context`[32m [repeated 5x across cluster][0m
[36m(ClientAppActor pid=378017)[0m             This is a deprecated feature. It will be removed[32m [repeated 5x across cluster][0m
[36m(ClientAppActor pid=378017)[0m             entirely in future versions of Flower.[32m [repeated 5x across cluster][0m
[36m(ClientAppActor pid=378021)[0m 
[36m(ClientAppActor pid=378021)[0m         
[36m(ClientAppActor pid=378017)[0m 
[36m(ClientAppActor pid=378017)[0m         
[36m(ClientAppActor pid=378021)[0m 
[36m(ClientAppActor pid=378021)[0m         
[36m(ClientAppActor pid=378017)[0m 
[36m(ClientAppActor pid=378017)[0m         
[36m(ClientAppActor pid=378021)[0m 
[36m(ClientAppActor pid=378021)[0m         
[36m(ClientAppActor pid=378017)[0m 
[36m(ClientAppActor pid=378017)[0m         
[36m(ClientAppActor pid=378021)[0m 
[36m(ClientAppActor pid=378021)[0m         
[36m(ClientAppActor pid=378017)[0m 
[36m(ClientAppActor pid=378017)[0m         
[36m(ClientAppActor pid=378021)[0m 
[36m(ClientAppActor pid=378021)[0m         
[92mINFO [0m:      aggregate_evaluate: received 10 results and 0 failures
INFO:flwr:aggregate_evaluate: received 10 results and 0 failures
[92mINFO [0m:      
INFO:flwr:
[92mINFO [0m:      [ROUND 10]
INFO:flwr:[ROUND 10]
[92mINFO [0m:      configure_fit: strategy sampled 10 clients (out of 10)
INFO:flwr:configure_fit: strategy sampled 10 clients (out of 10)
[36m(ClientAppActor pid=378021)[0m [Client 7] Training on NVIDIA GeForce RTX 3060[32m [repeated 2x across cluster][0m
[36m(ClientAppActor pid=378021)[0m 
[36m(ClientAppActor pid=378021)[0m         
[36m(ClientAppActor pid=378017)[0m 
[36m(ClientAppActor pid=378017)[0m         
[36m(ClientAppActor pid=378017)[0m 
[36m(ClientAppActor pid=378017)[0m         
[36m(ClientAppActor pid=378017)[0m 
[36m(ClientAppActor pid=378017)[0m         
[36m(ClientAppActor pid=378021)[0m 
[36m(ClientAppActor pid=378021)[0m         
[36m(ClientAppActor pid=378021)[0m 
[36m(ClientAppActor pid=378021)[0m         
[36m(ClientAppActor pid=378021)[0m [93mWARNING [0m:   DEPRECATED FEATURE: `client_fn` now expects a signature `def client_fn(context: Context)`.The provided `client_fn` has signature: {'cid': <Parameter "cid: str">}. You can import the `Context` like this: `from flwr.app import Context`[32m [repeated 15x across cluster][0m
[36m(ClientAppActor pid=378021)[0m             This is a deprecated feature. It will be removed[32m [repeated 15x across cluster][0m
[36m(ClientAppActor pid=378021)[0m             entirely in future versions of Flower.[32m [repeated 15x across cluster][0m
[36m(ClientAppActor pid=378017)[0m 
[36m(ClientAppActor pid=378017)[0m         
[36m(ClientAppActor pid=378017)[0m 
[36m(ClientAppActor pid=378017)[0m         
[36m(ClientAppActor pid=378017)[0m [Client 5] Training on NVIDIA GeForce RTX 3060[32m [repeated 7x across cluster][0m
[36m(ClientAppActor pid=378017)[0m 
[36m(ClientAppActor pid=378017)[0m         
[36m(ClientAppActor pid=378017)[0m [93mWARNING [0m:   DEPRECATED FEATURE: `client_fn` now expects a signature `def client_fn(context: Context)`.The provided `client_fn` has signature: {'cid': <Parameter "cid: str">}. You can import the `Context` like this: `from flwr.app import Context`[32m [repeated 3x across cluster][0m
[36m(ClientAppActor pid=378017)[0m             This is a deprecated feature. It will be removed[32m [repeated 3x across cluster][0m
[36m(ClientAppActor pid=378017)[0m             entirely in future versions of Flower.[32m [repeated 3x across cluster][0m
[36m(ClientAppActor pid=378017)[0m 
[36m(ClientAppActor pid=378017)[0m         
[92mINFO [0m:      aggregate_fit: received 10 results and 0 failures
INFO:flwr:aggregate_fit: received 10 results and 0 failures
[CascadeRouter] Round 10: 10 clients, 24578 parameters/client
[92mINFO [0m:      configure_evaluate: strategy sampled 10 clients (out of 10)
INFO:flwr:configure_evaluate: strategy sampled 10 clients (out of 10)
[36m(ClientAppActor pid=378017)[0m 
[36m(ClientAppActor pid=378017)[0m         
[36m(ClientAppActor pid=378021)[0m 
[36m(ClientAppActor pid=378021)[0m         
[36m(ClientAppActor pid=378021)[0m 
[36m(ClientAppActor pid=378021)[0m         
[36m(ClientAppActor pid=378017)[0m 
[36m(ClientAppActor pid=378017)[0m         
[36m(ClientAppActor pid=378017)[0m 
[36m(ClientAppActor pid=378017)[0m         
[36m(ClientAppActor pid=378021)[0m 
[36m(ClientAppActor pid=378021)[0m         
[36m(ClientAppActor pid=378021)[0m 
[36m(ClientAppActor pid=378021)[0m         
[36m(ClientAppActor pid=378017)[0m 
[36m(ClientAppActor pid=378017)[0m         
[36m(ClientAppActor pid=378017)[0m 
[36m(ClientAppActor pid=378017)[0m         
[36m(ClientAppActor pid=378021)[0m 
[36m(ClientAppActor pid=378021)[0m         
[92mINFO [0m:      aggregate_evaluate: received 10 results and 0 failures
INFO:flwr:aggregate_evaluate: received 10 results and 0 failures
[92mINFO [0m:      
INFO:flwr:
[92mINFO [0m:      [ROUND 11]
INFO:flwr:[ROUND 11]
[92mINFO [0m:      configure_fit: strategy sampled 10 clients (out of 10)
INFO:flwr:configure_fit: strategy sampled 10 clients (out of 10)
[36m(ClientAppActor pid=378017)[0m 
[36m(ClientAppActor pid=378017)[0m         
[36m(ClientAppActor pid=378017)[0m [Client 7] Training on NVIDIA GeForce RTX 3060[32m [repeated 3x across cluster][0m
[36m(ClientAppActor pid=378021)[0m 
[36m(ClientAppActor pid=378021)[0m         
[36m(ClientAppActor pid=378017)[0m 
[36m(ClientAppActor pid=378017)[0m         
[36m(ClientAppActor pid=378017)[0m [93mWARNING [0m:   DEPRECATED FEATURE: `client_fn` now expects a signature `def client_fn(context: Context)`.The provided `client_fn` has signature: {'cid': <Parameter "cid: str">}. You can import the `Context` like this: `from flwr.app import Context`[32m [repeated 14x across cluster][0m
[36m(ClientAppActor pid=378017)[0m             This is a deprecated feature. It will be removed[32m [repeated 14x across cluster][0m
[36m(ClientAppActor pid=378017)[0m             entirely in future versions of Flower.[32m [repeated 14x across cluster][0m
[36m(ClientAppActor pid=378021)[0m 
[36m(ClientAppActor pid=378021)[0m         
[36m(ClientAppActor pid=378021)[0m 
[36m(ClientAppActor pid=378021)[0m         
[36m(ClientAppActor pid=378021)[0m [Client 2] Training on NVIDIA GeForce RTX 3060[32m [repeated 5x across cluster][0m
[36m(ClientAppActor pid=378021)[0m 
[36m(ClientAppActor pid=378021)[0m         
[36m(ClientAppActor pid=378021)[0m 
[36m(ClientAppActor pid=378021)[0m         
[36m(ClientAppActor pid=378021)[0m 
[36m(ClientAppActor pid=378021)[0m         
[36m(ClientAppActor pid=378021)[0m 
[36m(ClientAppActor pid=378021)[0m         
[36m(ClientAppActor pid=378021)[0m 
[36m(ClientAppActor pid=378021)[0m         
[92mINFO [0m:      aggregate_fit: received 10 results and 0 failures
INFO:flwr:aggregate_fit: received 10 results and 0 failures
[CascadeRouter] Round 11: 10 clients, 24578 parameters/client
[92mINFO [0m:      configure_evaluate: strategy sampled 10 clients (out of 10)
INFO:flwr:configure_evaluate: strategy sampled 10 clients (out of 10)
[36m(ClientAppActor pid=378017)[0m 
[36m(ClientAppActor pid=378017)[0m         
[36m(ClientAppActor pid=378017)[0m [93mWARNING [0m:   DEPRECATED FEATURE: `client_fn` now expects a signature `def client_fn(context: Context)`.The provided `client_fn` has signature: {'cid': <Parameter "cid: str">}. You can import the `Context` like this: `from flwr.app import Context`[32m [repeated 8x across cluster][0m
[36m(ClientAppActor pid=378017)[0m             This is a deprecated feature. It will be removed[32m [repeated 8x across cluster][0m
[36m(ClientAppActor pid=378017)[0m             entirely in future versions of Flower.[32m [repeated 8x across cluster][0m
[36m(ClientAppActor pid=378021)[0m 
[36m(ClientAppActor pid=378021)[0m         
[36m(ClientAppActor pid=378017)[0m 
[36m(ClientAppActor pid=378017)[0m         
[36m(ClientAppActor pid=378021)[0m 
[36m(ClientAppActor pid=378021)[0m         
[36m(ClientAppActor pid=378017)[0m 
[36m(ClientAppActor pid=378017)[0m         
[36m(ClientAppActor pid=378021)[0m 
[36m(ClientAppActor pid=378021)[0m         
[36m(ClientAppActor pid=378017)[0m 
[36m(ClientAppActor pid=378017)[0m         
[36m(ClientAppActor pid=378021)[0m 
[36m(ClientAppActor pid=378021)[0m         
[36m(ClientAppActor pid=378017)[0m 
[36m(ClientAppActor pid=378017)[0m         
[36m(ClientAppActor pid=378021)[0m 
[36m(ClientAppActor pid=378021)[0m         
[92mINFO [0m:      aggregate_evaluate: received 10 results and 0 failures
INFO:flwr:aggregate_evaluate: received 10 results and 0 failures
[92mINFO [0m:      
INFO:flwr:
[92mINFO [0m:      [ROUND 12]
INFO:flwr:[ROUND 12]
[92mINFO [0m:      configure_fit: strategy sampled 10 clients (out of 10)
INFO:flwr:configure_fit: strategy sampled 10 clients (out of 10)
[36m(ClientAppActor pid=378021)[0m [Client 6] Training on NVIDIA GeForce RTX 3060[32m [repeated 5x across cluster][0m
[36m(ClientAppActor pid=378017)[0m 
[36m(ClientAppActor pid=378017)[0m         
[36m(ClientAppActor pid=378021)[0m 
[36m(ClientAppActor pid=378021)[0m         
[36m(ClientAppActor pid=378017)[0m 
[36m(ClientAppActor pid=378017)[0m         
[36m(ClientAppActor pid=378021)[0m 
[36m(ClientAppActor pid=378021)[0m         
[36m(ClientAppActor pid=378021)[0m 
[36m(ClientAppActor pid=378021)[0m         
[36m(ClientAppActor pid=378017)[0m 
[36m(ClientAppActor pid=378017)[0m         
[36m(ClientAppActor pid=378021)[0m 
[36m(ClientAppActor pid=378021)[0m         
[36m(ClientAppActor pid=378017)[0m 
[36m(ClientAppActor pid=378017)[0m         
[36m(ClientAppActor pid=378017)[0m [93mWARNING [0m:   DEPRECATED FEATURE: `client_fn` now expects a signature `def client_fn(context: Context)`.The provided `client_fn` has signature: {'cid': <Parameter "cid: str">}. You can import the `Context` like this: `from flwr.app import Context`[32m [repeated 17x across cluster][0m
[36m(ClientAppActor pid=378017)[0m             This is a deprecated feature. It will be removed[32m [repeated 17x across cluster][0m
[36m(ClientAppActor pid=378017)[0m             entirely in future versions of Flower.[32m [repeated 17x across cluster][0m
[36m(ClientAppActor pid=378017)[0m 
[36m(ClientAppActor pid=378017)[0m         
[36m(ClientAppActor pid=378017)[0m [Client 7] Training on NVIDIA GeForce RTX 3060[32m [repeated 8x across cluster][0m
[36m(ClientAppActor pid=378017)[0m 
[36m(ClientAppActor pid=378017)[0m         
[92mINFO [0m:      aggregate_fit: received 10 results and 0 failures
INFO:flwr:aggregate_fit: received 10 results and 0 failures
[CascadeRouter] Round 12: 10 clients, 24578 parameters/client
[92mINFO [0m:      configure_evaluate: strategy sampled 10 clients (out of 10)
INFO:flwr:configure_evaluate: strategy sampled 10 clients (out of 10)
[36m(ClientAppActor pid=378021)[0m 
[36m(ClientAppActor pid=378021)[0m         
[36m(ClientAppActor pid=378021)[0m [93mWARNING [0m:   DEPRECATED FEATURE: `client_fn` now expects a signature `def client_fn(context: Context)`.The provided `client_fn` has signature: {'cid': <Parameter "cid: str">}. You can import the `Context` like this: `from flwr.app import Context`[32m [repeated 3x across cluster][0m
[36m(ClientAppActor pid=378021)[0m             This is a deprecated feature. It will be removed[32m [repeated 3x across cluster][0m
[36m(ClientAppActor pid=378021)[0m             entirely in future versions of Flower.[32m [repeated 3x across cluster][0m
[36m(ClientAppActor pid=378017)[0m 
[36m(ClientAppActor pid=378017)[0m         
[36m(ClientAppActor pid=378021)[0m 
[36m(ClientAppActor pid=378021)[0m         
[36m(ClientAppActor pid=378017)[0m 
[36m(ClientAppActor pid=378017)[0m         
[36m(ClientAppActor pid=378021)[0m 
[36m(ClientAppActor pid=378021)[0m         
[36m(ClientAppActor pid=378017)[0m 
[36m(ClientAppActor pid=378017)[0m         
[36m(ClientAppActor pid=378021)[0m 
[36m(ClientAppActor pid=378021)[0m         
[36m(ClientAppActor pid=378017)[0m 
[36m(ClientAppActor pid=378017)[0m         
[36m(ClientAppActor pid=378021)[0m 
[36m(ClientAppActor pid=378021)[0m         
[36m(ClientAppActor pid=378017)[0m 
[36m(ClientAppActor pid=378017)[0m         
[92mINFO [0m:      aggregate_evaluate: received 10 results and 0 failures
INFO:flwr:aggregate_evaluate: received 10 results and 0 failures
[92mINFO [0m:      
INFO:flwr:
[92mINFO [0m:      [ROUND 13]
INFO:flwr:[ROUND 13]
[92mINFO [0m:      configure_fit: strategy sampled 10 clients (out of 10)
INFO:flwr:configure_fit: strategy sampled 10 clients (out of 10)
[36m(ClientAppActor pid=378017)[0m 
[36m(ClientAppActor pid=378017)[0m         
[36m(ClientAppActor pid=378017)[0m [Client 6] Training on NVIDIA GeForce RTX 3060[32m [repeated 2x across cluster][0m
[36m(ClientAppActor pid=378021)[0m 
[36m(ClientAppActor pid=378021)[0m         
[36m(ClientAppActor pid=378017)[0m 
[36m(ClientAppActor pid=378017)[0m         
[36m(ClientAppActor pid=378021)[0m 
[36m(ClientAppActor pid=378021)[0m         
[36m(ClientAppActor pid=378017)[0m 
[36m(ClientAppActor pid=378017)[0m         
[36m(ClientAppActor pid=378021)[0m 
[36m(ClientAppActor pid=378021)[0m         
[36m(ClientAppActor pid=378017)[0m 
[36m(ClientAppActor pid=378017)[0m         
[36m(ClientAppActor pid=378017)[0m [93mWARNING [0m:   DEPRECATED FEATURE: `client_fn` now expects a signature `def client_fn(context: Context)`.The provided `client_fn` has signature: {'cid': <Parameter "cid: str">}. You can import the `Context` like this: `from flwr.app import Context`[32m [repeated 16x across cluster][0m
[36m(ClientAppActor pid=378017)[0m             This is a deprecated feature. It will be removed[32m [repeated 16x across cluster][0m
[36m(ClientAppActor pid=378017)[0m             entirely in future versions of Flower.[32m [repeated 16x across cluster][0m
[36m(ClientAppActor pid=378021)[0m 
[36m(ClientAppActor pid=378021)[0m         
[36m(ClientAppActor pid=378021)[0m 
[36m(ClientAppActor pid=378021)[0m         
[36m(ClientAppActor pid=378017)[0m 
[36m(ClientAppActor pid=378017)[0m         
[36m(ClientAppActor pid=378017)[0m [Client 9] Training on NVIDIA GeForce RTX 3060[32m [repeated 9x across cluster][0m
[92mINFO [0m:      aggregate_fit: received 10 results and 0 failures
INFO:flwr:aggregate_fit: received 10 results and 0 failures
[CascadeRouter] Round 13: 10 clients, 24578 parameters/client
[92mINFO [0m:      configure_evaluate: strategy sampled 10 clients (out of 10)
INFO:flwr:configure_evaluate: strategy sampled 10 clients (out of 10)
[36m(ClientAppActor pid=378017)[0m 
[36m(ClientAppActor pid=378017)[0m         
[36m(ClientAppActor pid=378017)[0m [93mWARNING [0m:   DEPRECATED FEATURE: `client_fn` now expects a signature `def client_fn(context: Context)`.The provided `client_fn` has signature: {'cid': <Parameter "cid: str">}. You can import the `Context` like this: `from flwr.app import Context`[32m [repeated 4x across cluster][0m
[36m(ClientAppActor pid=378017)[0m             This is a deprecated feature. It will be removed[32m [repeated 4x across cluster][0m
[36m(ClientAppActor pid=378017)[0m             entirely in future versions of Flower.[32m [repeated 4x across cluster][0m
[36m(ClientAppActor pid=378021)[0m 
[36m(ClientAppActor pid=378021)[0m         
[36m(ClientAppActor pid=378017)[0m 
[36m(ClientAppActor pid=378017)[0m         
[36m(ClientAppActor pid=378021)[0m 
[36m(ClientAppActor pid=378021)[0m         
[36m(ClientAppActor pid=378021)[0m 
[36m(ClientAppActor pid=378021)[0m         
[36m(ClientAppActor pid=378017)[0m 
[36m(ClientAppActor pid=378017)[0m         
[36m(ClientAppActor pid=378017)[0m 
[36m(ClientAppActor pid=378017)[0m         
[36m(ClientAppActor pid=378021)[0m 
[36m(ClientAppActor pid=378021)[0m         
[36m(ClientAppActor pid=378017)[0m 
[36m(ClientAppActor pid=378017)[0m         
[36m(ClientAppActor pid=378021)[0m 
[36m(ClientAppActor pid=378021)[0m         
[92mINFO [0m:      aggregate_evaluate: received 10 results and 0 failures
INFO:flwr:aggregate_evaluate: received 10 results and 0 failures
[92mINFO [0m:      
INFO:flwr:
[92mINFO [0m:      [ROUND 14]
INFO:flwr:[ROUND 14]
[92mINFO [0m:      configure_fit: strategy sampled 10 clients (out of 10)
INFO:flwr:configure_fit: strategy sampled 10 clients (out of 10)
[36m(ClientAppActor pid=378021)[0m [Client 1] Training on NVIDIA GeForce RTX 3060
[36m(ClientAppActor pid=378021)[0m 
[36m(ClientAppActor pid=378021)[0m         
[36m(ClientAppActor pid=378017)[0m 
[36m(ClientAppActor pid=378017)[0m         
[36m(ClientAppActor pid=378017)[0m [Client 7] Training on NVIDIA GeForce RTX 3060
[36m(ClientAppActor pid=378021)[0m 
[36m(ClientAppActor pid=378021)[0m         
[36m(ClientAppActor pid=378017)[0m 
[36m(ClientAppActor pid=378017)[0m         
[36m(ClientAppActor pid=378017)[0m 
[36m(ClientAppActor pid=378017)[0m         
[36m(ClientAppActor pid=378017)[0m [93mWARNING [0m:   DEPRECATED FEATURE: `client_fn` now expects a signature `def client_fn(context: Context)`.The provided `client_fn` has signature: {'cid': <Parameter "cid: str">}. You can import the `Context` like this: `from flwr.app import Context`[32m [repeated 14x across cluster][0m
[36m(ClientAppActor pid=378017)[0m             This is a deprecated feature. It will be removed[32m [repeated 14x across cluster][0m
[36m(ClientAppActor pid=378017)[0m             entirely in future versions of Flower.[32m [repeated 14x across cluster][0m
[36m(ClientAppActor pid=378017)[0m 
[36m(ClientAppActor pid=378017)[0m         
[36m(ClientAppActor pid=378017)[0m 
[36m(ClientAppActor pid=378017)[0m         
[36m(ClientAppActor pid=378017)[0m [Client 6] Training on NVIDIA GeForce RTX 3060[32m [repeated 5x across cluster][0m
[36m(ClientAppActor pid=378017)[0m 
[36m(ClientAppActor pid=378017)[0m         
[36m(ClientAppActor pid=378017)[0m 
[36m(ClientAppActor pid=378017)[0m         
[36m(ClientAppActor pid=378017)[0m 
[36m(ClientAppActor pid=378017)[0m         
[92mINFO [0m:      aggregate_fit: received 10 results and 0 failures
INFO:flwr:aggregate_fit: received 10 results and 0 failures
[CascadeRouter] Round 14: 10 clients, 24578 parameters/client
[92mINFO [0m:      configure_evaluate: strategy sampled 10 clients (out of 10)
INFO:flwr:configure_evaluate: strategy sampled 10 clients (out of 10)
[36m(ClientAppActor pid=378017)[0m 
[36m(ClientAppActor pid=378017)[0m         
[36m(ClientAppActor pid=378017)[0m [93mWARNING [0m:   DEPRECATED FEATURE: `client_fn` now expects a signature `def client_fn(context: Context)`.The provided `client_fn` has signature: {'cid': <Parameter "cid: str">}. You can import the `Context` like this: `from flwr.app import Context`[32m [repeated 6x across cluster][0m
[36m(ClientAppActor pid=378017)[0m             This is a deprecated feature. It will be removed[32m [repeated 6x across cluster][0m
[36m(ClientAppActor pid=378017)[0m             entirely in future versions of Flower.[32m [repeated 6x across cluster][0m
[36m(ClientAppActor pid=378021)[0m 
[36m(ClientAppActor pid=378021)[0m         
[36m(ClientAppActor pid=378017)[0m 
[36m(ClientAppActor pid=378017)[0m         
[36m(ClientAppActor pid=378021)[0m 
[36m(ClientAppActor pid=378021)[0m         
[36m(ClientAppActor pid=378017)[0m 
[36m(ClientAppActor pid=378017)[0m         
[36m(ClientAppActor pid=378021)[0m 
[36m(ClientAppActor pid=378021)[0m         
[36m(ClientAppActor pid=378017)[0m 
[36m(ClientAppActor pid=378017)[0m         
[36m(ClientAppActor pid=378021)[0m 
[36m(ClientAppActor pid=378021)[0m         
[36m(ClientAppActor pid=378017)[0m 
[36m(ClientAppActor pid=378017)[0m         
[36m(ClientAppActor pid=378021)[0m 
[36m(ClientAppActor pid=378021)[0m         
[92mINFO [0m:      aggregate_evaluate: received 10 results and 0 failures
INFO:flwr:aggregate_evaluate: received 10 results and 0 failures
[92mINFO [0m:      
INFO:flwr:
[92mINFO [0m:      [ROUND 15]
INFO:flwr:[ROUND 15]
[92mINFO [0m:      configure_fit: strategy sampled 10 clients (out of 10)
INFO:flwr:configure_fit: strategy sampled 10 clients (out of 10)
[36m(ClientAppActor pid=378021)[0m [Client 2] Training on NVIDIA GeForce RTX 3060[32m [repeated 4x across cluster][0m
[36m(ClientAppActor pid=378021)[0m 
[36m(ClientAppActor pid=378021)[0m         
[36m(ClientAppActor pid=378017)[0m 
[36m(ClientAppActor pid=378017)[0m         
[36m(ClientAppActor pid=378021)[0m 
[36m(ClientAppActor pid=378021)[0m         
[36m(ClientAppActor pid=378017)[0m 
[36m(ClientAppActor pid=378017)[0m         
[36m(ClientAppActor pid=378017)[0m 
[36m(ClientAppActor pid=378017)[0m         
[36m(ClientAppActor pid=378017)[0m [93mWARNING [0m:   DEPRECATED FEATURE: `client_fn` now expects a signature `def client_fn(context: Context)`.The provided `client_fn` has signature: {'cid': <Parameter "cid: str">}. You can import the `Context` like this: `from flwr.app import Context`[32m [repeated 14x across cluster][0m
[36m(ClientAppActor pid=378017)[0m             This is a deprecated feature. It will be removed[32m [repeated 14x across cluster][0m
[36m(ClientAppActor pid=378017)[0m             entirely in future versions of Flower.[32m [repeated 14x across cluster][0m
[36m(ClientAppActor pid=378017)[0m 
[36m(ClientAppActor pid=378017)[0m         
[36m(ClientAppActor pid=378017)[0m [Client 6] Training on NVIDIA GeForce RTX 3060[32m [repeated 5x across cluster][0m
[36m(ClientAppActor pid=378017)[0m 
[36m(ClientAppActor pid=378017)[0m         
[36m(ClientAppActor pid=378017)[0m 
[36m(ClientAppActor pid=378017)[0m         
[36m(ClientAppActor pid=378017)[0m 
[36m(ClientAppActor pid=378017)[0m         
[36m(ClientAppActor pid=378021)[0m 
[36m(ClientAppActor pid=378021)[0m         
[36m(ClientAppActor pid=378021)[0m [93mWARNING [0m:   DEPRECATED FEATURE: `client_fn` now expects a signature `def client_fn(context: Context)`.The provided `client_fn` has signature: {'cid': <Parameter "cid: str">}. You can import the `Context` like this: `from flwr.app import Context`[32m [repeated 5x across cluster][0m
[36m(ClientAppActor pid=378021)[0m             This is a deprecated feature. It will be removed[32m [repeated 5x across cluster][0m
[36m(ClientAppActor pid=378021)[0m             entirely in future versions of Flower.[32m [repeated 5x across cluster][0m
[92mINFO [0m:      aggregate_fit: received 10 results and 0 failures
INFO:flwr:aggregate_fit: received 10 results and 0 failures
[CascadeRouter] Round 15: 10 clients, 24578 parameters/client
[92mINFO [0m:      configure_evaluate: strategy sampled 10 clients (out of 10)
INFO:flwr:configure_evaluate: strategy sampled 10 clients (out of 10)
[36m(ClientAppActor pid=378017)[0m 
[36m(ClientAppActor pid=378017)[0m         
[36m(ClientAppActor pid=378021)[0m 
[36m(ClientAppActor pid=378021)[0m         
[36m(ClientAppActor pid=378021)[0m 
[36m(ClientAppActor pid=378021)[0m         
[36m(ClientAppActor pid=378017)[0m 
[36m(ClientAppActor pid=378017)[0m         
[36m(ClientAppActor pid=378021)[0m 
[36m(ClientAppActor pid=378021)[0m         
[36m(ClientAppActor pid=378017)[0m 
[36m(ClientAppActor pid=378017)[0m         
[36m(ClientAppActor pid=378021)[0m 
[36m(ClientAppActor pid=378021)[0m         
[36m(ClientAppActor pid=378017)[0m 
[36m(ClientAppActor pid=378017)[0m         
[36m(ClientAppActor pid=378017)[0m 
[36m(ClientAppActor pid=378017)[0m         
[36m(ClientAppActor pid=378021)[0m 
[36m(ClientAppActor pid=378021)[0m         
[92mINFO [0m:      aggregate_evaluate: received 10 results and 0 failures
INFO:flwr:aggregate_evaluate: received 10 results and 0 failures
[92mINFO [0m:      
INFO:flwr:
[92mINFO [0m:      [ROUND 16]
INFO:flwr:[ROUND 16]
[92mINFO [0m:      configure_fit: strategy sampled 10 clients (out of 10)
INFO:flwr:configure_fit: strategy sampled 10 clients (out of 10)
[36m(ClientAppActor pid=378021)[0m [Client 7] Training on NVIDIA GeForce RTX 3060[32m [repeated 5x across cluster][0m
[36m(ClientAppActor pid=378017)[0m 
[36m(ClientAppActor pid=378017)[0m         
[36m(ClientAppActor pid=378021)[0m 
[36m(ClientAppActor pid=378021)[0m         
[36m(ClientAppActor pid=378017)[0m 
[36m(ClientAppActor pid=378017)[0m         
[36m(ClientAppActor pid=378017)[0m 
[36m(ClientAppActor pid=378017)[0m         
[36m(ClientAppActor pid=378021)[0m 
[36m(ClientAppActor pid=378021)[0m         
[36m(ClientAppActor pid=378021)[0m [93mWARNING [0m:   DEPRECATED FEATURE: `client_fn` now expects a signature `def client_fn(context: Context)`.The provided `client_fn` has signature: {'cid': <Parameter "cid: str">}. You can import the `Context` like this: `from flwr.app import Context`[32m [repeated 15x across cluster][0m
[36m(ClientAppActor pid=378021)[0m             This is a deprecated feature. It will be removed[32m [repeated 15x across cluster][0m
[36m(ClientAppActor pid=378021)[0m             entirely in future versions of Flower.[32m [repeated 15x across cluster][0m
[36m(ClientAppActor pid=378021)[0m 
[36m(ClientAppActor pid=378021)[0m         
[36m(ClientAppActor pid=378017)[0m 
[36m(ClientAppActor pid=378017)[0m         
[36m(ClientAppActor pid=378021)[0m 
[36m(ClientAppActor pid=378021)[0m         
[36m(ClientAppActor pid=378021)[0m 
[36m(ClientAppActor pid=378021)[0m         
[36m(ClientAppActor pid=378021)[0m [Client 5] Training on NVIDIA GeForce RTX 3060[32m [repeated 9x across cluster][0m
[36m(ClientAppActor pid=378021)[0m 
[36m(ClientAppActor pid=378021)[0m         
[92mINFO [0m:      aggregate_fit: received 10 results and 0 failures
INFO:flwr:aggregate_fit: received 10 results and 0 failures
[CascadeRouter] Round 16: 10 clients, 24578 parameters/client
[92mINFO [0m:      configure_evaluate: strategy sampled 10 clients (out of 10)
INFO:flwr:configure_evaluate: strategy sampled 10 clients (out of 10)
[36m(ClientAppActor pid=378017)[0m 
[36m(ClientAppActor pid=378017)[0m         
[36m(ClientAppActor pid=378017)[0m [93mWARNING [0m:   DEPRECATED FEATURE: `client_fn` now expects a signature `def client_fn(context: Context)`.The provided `client_fn` has signature: {'cid': <Parameter "cid: str">}. You can import the `Context` like this: `from flwr.app import Context`[32m [repeated 6x across cluster][0m
[36m(ClientAppActor pid=378017)[0m             This is a deprecated feature. It will be removed[32m [repeated 6x across cluster][0m
[36m(ClientAppActor pid=378017)[0m             entirely in future versions of Flower.[32m [repeated 6x across cluster][0m
[36m(ClientAppActor pid=378021)[0m 
[36m(ClientAppActor pid=378021)[0m         
[36m(ClientAppActor pid=378017)[0m 
[36m(ClientAppActor pid=378017)[0m         
[36m(ClientAppActor pid=378021)[0m 
[36m(ClientAppActor pid=378021)[0m         
[36m(ClientAppActor pid=378017)[0m 
[36m(ClientAppActor pid=378017)[0m         
[36m(ClientAppActor pid=378021)[0m 
[36m(ClientAppActor pid=378021)[0m         
[36m(ClientAppActor pid=378017)[0m 
[36m(ClientAppActor pid=378017)[0m         
[36m(ClientAppActor pid=378021)[0m 
[36m(ClientAppActor pid=378021)[0m         
[36m(ClientAppActor pid=378017)[0m 
[36m(ClientAppActor pid=378017)[0m         
[36m(ClientAppActor pid=378021)[0m 
[36m(ClientAppActor pid=378021)[0m         
[92mINFO [0m:      aggregate_evaluate: received 10 results and 0 failures
INFO:flwr:aggregate_evaluate: received 10 results and 0 failures
[92mINFO [0m:      
INFO:flwr:
[92mINFO [0m:      [ROUND 17]
INFO:flwr:[ROUND 17]
[92mINFO [0m:      configure_fit: strategy sampled 10 clients (out of 10)
INFO:flwr:configure_fit: strategy sampled 10 clients (out of 10)
[36m(ClientAppActor pid=378021)[0m 
[36m(ClientAppActor pid=378021)[0m         
[36m(ClientAppActor pid=378017)[0m 
[36m(ClientAppActor pid=378017)[0m         
[36m(ClientAppActor pid=378017)[0m 
[36m(ClientAppActor pid=378017)[0m         
[36m(ClientAppActor pid=378017)[0m [Client 9] Training on NVIDIA GeForce RTX 3060[32m [repeated 3x across cluster][0m
[36m(ClientAppActor pid=378021)[0m 
[36m(ClientAppActor pid=378021)[0m         
[36m(ClientAppActor pid=378021)[0m 
[36m(ClientAppActor pid=378021)[0m         
[36m(ClientAppActor pid=378021)[0m 
[36m(ClientAppActor pid=378021)[0m         
[36m(ClientAppActor pid=378021)[0m [93mWARNING [0m:   DEPRECATED FEATURE: `client_fn` now expects a signature `def client_fn(context: Context)`.The provided `client_fn` has signature: {'cid': <Parameter "cid: str">}. You can import the `Context` like this: `from flwr.app import Context`[32m [repeated 15x across cluster][0m
[36m(ClientAppActor pid=378021)[0m             This is a deprecated feature. It will be removed[32m [repeated 15x across cluster][0m
[36m(ClientAppActor pid=378021)[0m             entirely in future versions of Flower.[32m [repeated 15x across cluster][0m
[36m(ClientAppActor pid=378021)[0m 
[36m(ClientAppActor pid=378021)[0m         
[36m(ClientAppActor pid=378021)[0m [Client 7] Training on NVIDIA GeForce RTX 3060[32m [repeated 5x across cluster][0m
[36m(ClientAppActor pid=378021)[0m 
[36m(ClientAppActor pid=378021)[0m         
[36m(ClientAppActor pid=378021)[0m 
[36m(ClientAppActor pid=378021)[0m         
[36m(ClientAppActor pid=378021)[0m 
[36m(ClientAppActor pid=378021)[0m         
[92mINFO [0m:      aggregate_fit: received 10 results and 0 failures
INFO:flwr:aggregate_fit: received 10 results and 0 failures
[CascadeRouter] Round 17: 10 clients, 24578 parameters/client
[92mINFO [0m:      configure_evaluate: strategy sampled 10 clients (out of 10)
INFO:flwr:configure_evaluate: strategy sampled 10 clients (out of 10)
[36m(ClientAppActor pid=378021)[0m 
[36m(ClientAppActor pid=378021)[0m         
[36m(ClientAppActor pid=378021)[0m [93mWARNING [0m:   DEPRECATED FEATURE: `client_fn` now expects a signature `def client_fn(context: Context)`.The provided `client_fn` has signature: {'cid': <Parameter "cid: str">}. You can import the `Context` like this: `from flwr.app import Context`[32m [repeated 5x across cluster][0m
[36m(ClientAppActor pid=378021)[0m             This is a deprecated feature. It will be removed[32m [repeated 5x across cluster][0m
[36m(ClientAppActor pid=378021)[0m             entirely in future versions of Flower.[32m [repeated 5x across cluster][0m
[36m(ClientAppActor pid=378017)[0m 
[36m(ClientAppActor pid=378017)[0m         
[36m(ClientAppActor pid=378021)[0m 
[36m(ClientAppActor pid=378021)[0m         
[36m(ClientAppActor pid=378017)[0m 
[36m(ClientAppActor pid=378017)[0m         
[36m(ClientAppActor pid=378017)[0m 
[36m(ClientAppActor pid=378017)[0m         
[36m(ClientAppActor pid=378021)[0m 
[36m(ClientAppActor pid=378021)[0m         
[36m(ClientAppActor pid=378017)[0m 
[36m(ClientAppActor pid=378017)[0m         
[36m(ClientAppActor pid=378021)[0m 
[36m(ClientAppActor pid=378021)[0m         
[36m(ClientAppActor pid=378021)[0m 
[36m(ClientAppActor pid=378021)[0m         
[36m(ClientAppActor pid=378017)[0m 
[36m(ClientAppActor pid=378017)[0m         
[92mINFO [0m:      aggregate_evaluate: received 10 results and 0 failures
INFO:flwr:aggregate_evaluate: received 10 results and 0 failures
[92mINFO [0m:      
INFO:flwr:
[92mINFO [0m:      [ROUND 18]
INFO:flwr:[ROUND 18]
[92mINFO [0m:      configure_fit: strategy sampled 10 clients (out of 10)
INFO:flwr:configure_fit: strategy sampled 10 clients (out of 10)
[36m(ClientAppActor pid=378017)[0m 
[36m(ClientAppActor pid=378017)[0m         
[36m(ClientAppActor pid=378017)[0m [Client 6] Training on NVIDIA GeForce RTX 3060[32m [repeated 3x across cluster][0m
[36m(ClientAppActor pid=378021)[0m 
[36m(ClientAppActor pid=378021)[0m         
[36m(ClientAppActor pid=378017)[0m 
[36m(ClientAppActor pid=378017)[0m         
[36m(ClientAppActor pid=378021)[0m 
[36m(ClientAppActor pid=378021)[0m         
[36m(ClientAppActor pid=378021)[0m 
[36m(ClientAppActor pid=378021)[0m         
[36m(ClientAppActor pid=378017)[0m 
[36m(ClientAppActor pid=378017)[0m         
[36m(ClientAppActor pid=378021)[0m 
[36m(ClientAppActor pid=378021)[0m         
[36m(ClientAppActor pid=378021)[0m [93mWARNING [0m:   DEPRECATED FEATURE: `client_fn` now expects a signature `def client_fn(context: Context)`.The provided `client_fn` has signature: {'cid': <Parameter "cid: str">}. You can import the `Context` like this: `from flwr.app import Context`[32m [repeated 16x across cluster][0m
[36m(ClientAppActor pid=378021)[0m             This is a deprecated feature. It will be removed[32m [repeated 16x across cluster][0m
[36m(ClientAppActor pid=378021)[0m             entirely in future versions of Flower.[32m [repeated 16x across cluster][0m
[36m(ClientAppActor pid=378017)[0m 
[36m(ClientAppActor pid=378017)[0m         
[36m(ClientAppActor pid=378017)[0m [Client 0] Training on NVIDIA GeForce RTX 3060[32m [repeated 7x across cluster][0m
[36m(ClientAppActor pid=378017)[0m 
[36m(ClientAppActor pid=378017)[0m         
[36m(ClientAppActor pid=378017)[0m 
[36m(ClientAppActor pid=378017)[0m         
[92mINFO [0m:      aggregate_fit: received 10 results and 0 failures
INFO:flwr:aggregate_fit: received 10 results and 0 failures
[CascadeRouter] Round 18: 10 clients, 24578 parameters/client
[92mINFO [0m:      configure_evaluate: strategy sampled 10 clients (out of 10)
INFO:flwr:configure_evaluate: strategy sampled 10 clients (out of 10)
[36m(ClientAppActor pid=378017)[0m 
[36m(ClientAppActor pid=378017)[0m         
[36m(ClientAppActor pid=378017)[0m [93mWARNING [0m:   DEPRECATED FEATURE: `client_fn` now expects a signature `def client_fn(context: Context)`.The provided `client_fn` has signature: {'cid': <Parameter "cid: str">}. You can import the `Context` like this: `from flwr.app import Context`[32m [repeated 4x across cluster][0m
[36m(ClientAppActor pid=378017)[0m             This is a deprecated feature. It will be removed[32m [repeated 4x across cluster][0m
[36m(ClientAppActor pid=378017)[0m             entirely in future versions of Flower.[32m [repeated 4x across cluster][0m
[36m(ClientAppActor pid=378021)[0m 
[36m(ClientAppActor pid=378021)[0m         
[36m(ClientAppActor pid=378017)[0m 
[36m(ClientAppActor pid=378017)[0m         
[36m(ClientAppActor pid=378021)[0m 
[36m(ClientAppActor pid=378021)[0m         
[36m(ClientAppActor pid=378017)[0m 
[36m(ClientAppActor pid=378017)[0m         
[36m(ClientAppActor pid=378021)[0m 
[36m(ClientAppActor pid=378021)[0m         
[36m(ClientAppActor pid=378017)[0m 
[36m(ClientAppActor pid=378017)[0m         
[36m(ClientAppActor pid=378021)[0m 
[36m(ClientAppActor pid=378021)[0m         
[36m(ClientAppActor pid=378021)[0m 
[36m(ClientAppActor pid=378021)[0m         
[36m(ClientAppActor pid=378017)[0m 
[36m(ClientAppActor pid=378017)[0m         
[92mINFO [0m:      aggregate_evaluate: received 10 results and 0 failures
INFO:flwr:aggregate_evaluate: received 10 results and 0 failures
[92mINFO [0m:      
INFO:flwr:
[92mINFO [0m:      [ROUND 19]
INFO:flwr:[ROUND 19]
[92mINFO [0m:      configure_fit: strategy sampled 10 clients (out of 10)
INFO:flwr:configure_fit: strategy sampled 10 clients (out of 10)
[36m(ClientAppActor pid=378017)[0m 
[36m(ClientAppActor pid=378017)[0m         
[36m(ClientAppActor pid=378017)[0m [Client 4] Training on NVIDIA GeForce RTX 3060[32m [repeated 3x across cluster][0m
[36m(ClientAppActor pid=378021)[0m 
[36m(ClientAppActor pid=378021)[0m         
[36m(ClientAppActor pid=378017)[0m 
[36m(ClientAppActor pid=378017)[0m         
[36m(ClientAppActor pid=378017)[0m 
[36m(ClientAppActor pid=378017)[0m         
[36m(ClientAppActor pid=378017)[0m 
[36m(ClientAppActor pid=378017)[0m         
[36m(ClientAppActor pid=378017)[0m [93mWARNING [0m:   DEPRECATED FEATURE: `client_fn` now expects a signature `def client_fn(context: Context)`.The provided `client_fn` has signature: {'cid': <Parameter "cid: str">}. You can import the `Context` like this: `from flwr.app import Context`[32m [repeated 14x across cluster][0m
[36m(ClientAppActor pid=378017)[0m             This is a deprecated feature. It will be removed[32m [repeated 14x across cluster][0m
[36m(ClientAppActor pid=378017)[0m             entirely in future versions of Flower.[32m [repeated 14x across cluster][0m
[36m(ClientAppActor pid=378017)[0m 
[36m(ClientAppActor pid=378017)[0m         
[36m(ClientAppActor pid=378017)[0m 
[36m(ClientAppActor pid=378017)[0m         
[36m(ClientAppActor pid=378017)[0m [Client 2] Training on NVIDIA GeForce RTX 3060[32m [repeated 6x across cluster][0m
[36m(ClientAppActor pid=378017)[0m 
[36m(ClientAppActor pid=378017)[0m         
[36m(ClientAppActor pid=378017)[0m 
[36m(ClientAppActor pid=378017)[0m         
[36m(ClientAppActor pid=378017)[0m [93mWARNING [0m:   DEPRECATED FEATURE: `client_fn` now expects a signature `def client_fn(context: Context)`.The provided `client_fn` has signature: {'cid': <Parameter "cid: str">}. You can import the `Context` like this: `from flwr.app import Context`[32m [repeated 4x across cluster][0m
[36m(ClientAppActor pid=378017)[0m             This is a deprecated feature. It will be removed[32m [repeated 4x across cluster][0m
[36m(ClientAppActor pid=378017)[0m             entirely in future versions of Flower.[32m [repeated 4x across cluster][0m
[36m(ClientAppActor pid=378021)[0m 
[36m(ClientAppActor pid=378021)[0m         
[92mINFO [0m:      aggregate_fit: received 10 results and 0 failures
INFO:flwr:aggregate_fit: received 10 results and 0 failures
[CascadeRouter] Round 19: 10 clients, 24578 parameters/client
[92mINFO [0m:      configure_evaluate: strategy sampled 10 clients (out of 10)
INFO:flwr:configure_evaluate: strategy sampled 10 clients (out of 10)
[36m(ClientAppActor pid=378017)[0m 
[36m(ClientAppActor pid=378017)[0m         
[36m(ClientAppActor pid=378021)[0m 
[36m(ClientAppActor pid=378021)[0m         
[36m(ClientAppActor pid=378021)[0m 
[36m(ClientAppActor pid=378021)[0m         
[36m(ClientAppActor pid=378017)[0m 
[36m(ClientAppActor pid=378017)[0m         
[36m(ClientAppActor pid=378021)[0m 
[36m(ClientAppActor pid=378021)[0m         
[36m(ClientAppActor pid=378017)[0m 
[36m(ClientAppActor pid=378017)[0m         
[36m(ClientAppActor pid=378017)[0m 
[36m(ClientAppActor pid=378017)[0m         
[36m(ClientAppActor pid=378021)[0m 
[36m(ClientAppActor pid=378021)[0m         
[36m(ClientAppActor pid=378021)[0m 
[36m(ClientAppActor pid=378021)[0m         
[36m(ClientAppActor pid=378017)[0m 
[36m(ClientAppActor pid=378017)[0m         
[92mINFO [0m:      aggregate_evaluate: received 10 results and 0 failures
INFO:flwr:aggregate_evaluate: received 10 results and 0 failures
[92mINFO [0m:      
INFO:flwr:
[92mINFO [0m:      [ROUND 20]
INFO:flwr:[ROUND 20]
[92mINFO [0m:      configure_fit: strategy sampled 10 clients (out of 10)
INFO:flwr:configure_fit: strategy sampled 10 clients (out of 10)
[36m(ClientAppActor pid=378017)[0m 
[36m(ClientAppActor pid=378017)[0m         
[36m(ClientAppActor pid=378017)[0m [Client 0] Training on NVIDIA GeForce RTX 3060[32m [repeated 4x across cluster][0m
[36m(ClientAppActor pid=378021)[0m 
[36m(ClientAppActor pid=378021)[0m         
[36m(ClientAppActor pid=378021)[0m 
[36m(ClientAppActor pid=378021)[0m         
[36m(ClientAppActor pid=378017)[0m 
[36m(ClientAppActor pid=378017)[0m         
[36m(ClientAppActor pid=378017)[0m 
[36m(ClientAppActor pid=378017)[0m         
[36m(ClientAppActor pid=378017)[0m [93mWARNING [0m:   DEPRECATED FEATURE: `client_fn` now expects a signature `def client_fn(context: Context)`.The provided `client_fn` has signature: {'cid': <Parameter "cid: str">}. You can import the `Context` like this: `from flwr.app import Context`[32m [repeated 16x across cluster][0m
[36m(ClientAppActor pid=378017)[0m             This is a deprecated feature. It will be removed[32m [repeated 16x across cluster][0m
[36m(ClientAppActor pid=378017)[0m             entirely in future versions of Flower.[32m [repeated 16x across cluster][0m
[36m(ClientAppActor pid=378017)[0m 
[36m(ClientAppActor pid=378017)[0m         
[36m(ClientAppActor pid=378017)[0m [Client 5] Training on NVIDIA GeForce RTX 3060[32m [repeated 5x across cluster][0m
[36m(ClientAppActor pid=378017)[0m 
[36m(ClientAppActor pid=378017)[0m         
[36m(ClientAppActor pid=378017)[0m 
[36m(ClientAppActor pid=378017)[0m         
[36m(ClientAppActor pid=378021)[0m 
[36m(ClientAppActor pid=378021)[0m         
[36m(ClientAppActor pid=378021)[0m [93mWARNING [0m:   DEPRECATED FEATURE: `client_fn` now expects a signature `def client_fn(context: Context)`.The provided `client_fn` has signature: {'cid': <Parameter "cid: str">}. You can import the `Context` like this: `from flwr.app import Context`[32m [repeated 4x across cluster][0m
[36m(ClientAppActor pid=378021)[0m             This is a deprecated feature. It will be removed[32m [repeated 4x across cluster][0m
[36m(ClientAppActor pid=378021)[0m             entirely in future versions of Flower.[32m [repeated 4x across cluster][0m
[36m(ClientAppActor pid=378021)[0m 
[36m(ClientAppActor pid=378021)[0m         
[92mINFO [0m:      aggregate_fit: received 10 results and 0 failures
INFO:flwr:aggregate_fit: received 10 results and 0 failures
[CascadeRouter] Round 20: 10 clients, 24578 parameters/client
[92mINFO [0m:      configure_evaluate: strategy sampled 10 clients (out of 10)
INFO:flwr:configure_evaluate: strategy sampled 10 clients (out of 10)
[36m(ClientAppActor pid=378017)[0m 
[36m(ClientAppActor pid=378017)[0m         
[36m(ClientAppActor pid=378021)[0m 
[36m(ClientAppActor pid=378021)[0m         
[36m(ClientAppActor pid=378017)[0m 
[36m(ClientAppActor pid=378017)[0m         
[36m(ClientAppActor pid=378021)[0m 
[36m(ClientAppActor pid=378021)[0m         
[36m(ClientAppActor pid=378017)[0m 
[36m(ClientAppActor pid=378017)[0m         
[36m(ClientAppActor pid=378021)[0m 
[36m(ClientAppActor pid=378021)[0m         
[36m(ClientAppActor pid=378017)[0m 
[36m(ClientAppActor pid=378017)[0m         
[36m(ClientAppActor pid=378021)[0m 
[36m(ClientAppActor pid=378021)[0m         
[36m(ClientAppActor pid=378017)[0m 
[36m(ClientAppActor pid=378017)[0m         
[36m(ClientAppActor pid=378021)[0m 
[36m(ClientAppActor pid=378021)[0m         
[92mINFO [0m:      aggregate_evaluate: received 10 results and 0 failures
INFO:flwr:aggregate_evaluate: received 10 results and 0 failures
[92mINFO [0m:      
INFO:flwr:
[92mINFO [0m:      [ROUND 21]
INFO:flwr:[ROUND 21]
[92mINFO [0m:      configure_fit: strategy sampled 10 clients (out of 10)
INFO:flwr:configure_fit: strategy sampled 10 clients (out of 10)
[36m(ClientAppActor pid=378017)[0m 
[36m(ClientAppActor pid=378017)[0m         
[36m(ClientAppActor pid=378017)[0m [Client 3] Training on NVIDIA GeForce RTX 3060[32m [repeated 5x across cluster][0m
[36m(ClientAppActor pid=378021)[0m 
[36m(ClientAppActor pid=378021)[0m         
[36m(ClientAppActor pid=378017)[0m 
[36m(ClientAppActor pid=378017)[0m         
[36m(ClientAppActor pid=378017)[0m 
[36m(ClientAppActor pid=378017)[0m         
[36m(ClientAppActor pid=378021)[0m 
[36m(ClientAppActor pid=378021)[0m         
[36m(ClientAppActor pid=378017)[0m 
[36m(ClientAppActor pid=378017)[0m         
[36m(ClientAppActor pid=378017)[0m 
[36m(ClientAppActor pid=378017)[0m         
[36m(ClientAppActor pid=378017)[0m [93mWARNING [0m:   DEPRECATED FEATURE: `client_fn` now expects a signature `def client_fn(context: Context)`.The provided `client_fn` has signature: {'cid': <Parameter "cid: str">}. You can import the `Context` like this: `from flwr.app import Context`[32m [repeated 18x across cluster][0m
[36m(ClientAppActor pid=378017)[0m             This is a deprecated feature. It will be removed[32m [repeated 18x across cluster][0m
[36m(ClientAppActor pid=378017)[0m             entirely in future versions of Flower.[32m [repeated 18x across cluster][0m
[36m(ClientAppActor pid=378021)[0m 
[36m(ClientAppActor pid=378021)[0m         
[36m(ClientAppActor pid=378017)[0m 
[36m(ClientAppActor pid=378017)[0m         
[36m(ClientAppActor pid=378017)[0m [Client 0] Training on NVIDIA GeForce RTX 3060[32m [repeated 8x across cluster][0m
[36m(ClientAppActor pid=378017)[0m 
[36m(ClientAppActor pid=378017)[0m         
[92mINFO [0m:      aggregate_fit: received 10 results and 0 failures
INFO:flwr:aggregate_fit: received 10 results and 0 failures
[CascadeRouter] Round 21: 10 clients, 24578 parameters/client
[92mINFO [0m:      configure_evaluate: strategy sampled 10 clients (out of 10)
INFO:flwr:configure_evaluate: strategy sampled 10 clients (out of 10)
[36m(ClientAppActor pid=378021)[0m 
[36m(ClientAppActor pid=378021)[0m         
[36m(ClientAppActor pid=378021)[0m [93mWARNING [0m:   DEPRECATED FEATURE: `client_fn` now expects a signature `def client_fn(context: Context)`.The provided `client_fn` has signature: {'cid': <Parameter "cid: str">}. You can import the `Context` like this: `from flwr.app import Context`[32m [repeated 4x across cluster][0m
[36m(ClientAppActor pid=378021)[0m             This is a deprecated feature. It will be removed[32m [repeated 4x across cluster][0m
[36m(ClientAppActor pid=378021)[0m             entirely in future versions of Flower.[32m [repeated 4x across cluster][0m
[36m(ClientAppActor pid=378017)[0m 
[36m(ClientAppActor pid=378017)[0m         
[36m(ClientAppActor pid=378017)[0m 
[36m(ClientAppActor pid=378017)[0m         
[36m(ClientAppActor pid=378021)[0m 
[36m(ClientAppActor pid=378021)[0m         
[36m(ClientAppActor pid=378017)[0m 
[36m(ClientAppActor pid=378017)[0m         
[36m(ClientAppActor pid=378021)[0m 
[36m(ClientAppActor pid=378021)[0m         
[36m(ClientAppActor pid=378017)[0m 
[36m(ClientAppActor pid=378017)[0m         
[36m(ClientAppActor pid=378021)[0m 
[36m(ClientAppActor pid=378021)[0m         
[36m(ClientAppActor pid=378017)[0m 
[36m(ClientAppActor pid=378017)[0m         
[36m(ClientAppActor pid=378021)[0m 
[36m(ClientAppActor pid=378021)[0m         
[92mINFO [0m:      aggregate_evaluate: received 10 results and 0 failures
INFO:flwr:aggregate_evaluate: received 10 results and 0 failures
[92mINFO [0m:      
INFO:flwr:
[92mINFO [0m:      [ROUND 22]
INFO:flwr:[ROUND 22]
[92mINFO [0m:      configure_fit: strategy sampled 10 clients (out of 10)
INFO:flwr:configure_fit: strategy sampled 10 clients (out of 10)
[36m(ClientAppActor pid=378021)[0m [Client 9] Training on NVIDIA GeForce RTX 3060[32m [repeated 2x across cluster][0m
[36m(ClientAppActor pid=378017)[0m 
[36m(ClientAppActor pid=378017)[0m         
[36m(ClientAppActor pid=378021)[0m 
[36m(ClientAppActor pid=378021)[0m         
[36m(ClientAppActor pid=378017)[0m 
[36m(ClientAppActor pid=378017)[0m         
[36m(ClientAppActor pid=378017)[0m 
[36m(ClientAppActor pid=378017)[0m         
[36m(ClientAppActor pid=378017)[0m [93mWARNING [0m:   DEPRECATED FEATURE: `client_fn` now expects a signature `def client_fn(context: Context)`.The provided `client_fn` has signature: {'cid': <Parameter "cid: str">}. You can import the `Context` like this: `from flwr.app import Context`[32m [repeated 13x across cluster][0m
[36m(ClientAppActor pid=378017)[0m             This is a deprecated feature. It will be removed[32m [repeated 13x across cluster][0m
[36m(ClientAppActor pid=378017)[0m             entirely in future versions of Flower.[32m [repeated 13x across cluster][0m
[36m(ClientAppActor pid=378017)[0m 
[36m(ClientAppActor pid=378017)[0m         
[36m(ClientAppActor pid=378017)[0m 
[36m(ClientAppActor pid=378017)[0m         
[36m(ClientAppActor pid=378017)[0m [Client 1] Training on NVIDIA GeForce RTX 3060[32m [repeated 5x across cluster][0m
[36m(ClientAppActor pid=378017)[0m 
[36m(ClientAppActor pid=378017)[0m         
[36m(ClientAppActor pid=378021)[0m 
[36m(ClientAppActor pid=378021)[0m         
[36m(ClientAppActor pid=378017)[0m 
[36m(ClientAppActor pid=378017)[0m         
[36m(ClientAppActor pid=378021)[0m 
[36m(ClientAppActor pid=378021)[0m         
[36m(ClientAppActor pid=378021)[0m [93mWARNING [0m:   DEPRECATED FEATURE: `client_fn` now expects a signature `def client_fn(context: Context)`.The provided `client_fn` has signature: {'cid': <Parameter "cid: str">}. You can import the `Context` like this: `from flwr.app import Context`[32m [repeated 6x across cluster][0m
[36m(ClientAppActor pid=378021)[0m             This is a deprecated feature. It will be removed[32m [repeated 6x across cluster][0m
[36m(ClientAppActor pid=378021)[0m             entirely in future versions of Flower.[32m [repeated 6x across cluster][0m
[92mINFO [0m:      aggregate_fit: received 10 results and 0 failures
INFO:flwr:aggregate_fit: received 10 results and 0 failures
[CascadeRouter] Round 22: 10 clients, 24578 parameters/client
[92mINFO [0m:      configure_evaluate: strategy sampled 10 clients (out of 10)
INFO:flwr:configure_evaluate: strategy sampled 10 clients (out of 10)
[36m(ClientAppActor pid=378017)[0m 
[36m(ClientAppActor pid=378017)[0m         
[36m(ClientAppActor pid=378021)[0m 
[36m(ClientAppActor pid=378021)[0m         
[36m(ClientAppActor pid=378017)[0m 
[36m(ClientAppActor pid=378017)[0m         
[36m(ClientAppActor pid=378021)[0m 
[36m(ClientAppActor pid=378021)[0m         
[36m(ClientAppActor pid=378017)[0m 
[36m(ClientAppActor pid=378017)[0m         
[36m(ClientAppActor pid=378021)[0m 
[36m(ClientAppActor pid=378021)[0m         
[36m(ClientAppActor pid=378017)[0m 
[36m(ClientAppActor pid=378017)[0m         
[36m(ClientAppActor pid=378021)[0m 
[36m(ClientAppActor pid=378021)[0m         
[36m(ClientAppActor pid=378017)[0m 
[36m(ClientAppActor pid=378017)[0m         
[36m(ClientAppActor pid=378021)[0m 
[36m(ClientAppActor pid=378021)[0m         
[92mINFO [0m:      aggregate_evaluate: received 10 results and 0 failures
INFO:flwr:aggregate_evaluate: received 10 results and 0 failures
[92mINFO [0m:      
INFO:flwr:
[92mINFO [0m:      [ROUND 23]
INFO:flwr:[ROUND 23]
[92mINFO [0m:      configure_fit: strategy sampled 10 clients (out of 10)
INFO:flwr:configure_fit: strategy sampled 10 clients (out of 10)
[36m(ClientAppActor pid=378021)[0m 
[36m(ClientAppActor pid=378021)[0m         
[36m(ClientAppActor pid=378017)[0m 
[36m(ClientAppActor pid=378017)[0m         
[36m(ClientAppActor pid=378021)[0m 
[36m(ClientAppActor pid=378021)[0m         
[36m(ClientAppActor pid=378021)[0m [Client 9] Training on NVIDIA GeForce RTX 3060[32m [repeated 8x across cluster][0m
[36m(ClientAppActor pid=378021)[0m 
[36m(ClientAppActor pid=378021)[0m         
[36m(ClientAppActor pid=378017)[0m 
[36m(ClientAppActor pid=378017)[0m         
[36m(ClientAppActor pid=378017)[0m [93mWARNING [0m:   DEPRECATED FEATURE: `client_fn` now expects a signature `def client_fn(context: Context)`.The provided `client_fn` has signature: {'cid': <Parameter "cid: str">}. You can import the `Context` like this: `from flwr.app import Context`[32m [repeated 15x across cluster][0m
[36m(ClientAppActor pid=378017)[0m             This is a deprecated feature. It will be removed[32m [repeated 15x across cluster][0m
[36m(ClientAppActor pid=378017)[0m             entirely in future versions of Flower.[32m [repeated 15x across cluster][0m
[36m(ClientAppActor pid=378017)[0m 
[36m(ClientAppActor pid=378017)[0m         
[36m(ClientAppActor pid=378017)[0m 
[36m(ClientAppActor pid=378017)[0m         
[36m(ClientAppActor pid=378017)[0m [Client 3] Training on NVIDIA GeForce RTX 3060[32m [repeated 3x across cluster][0m
[36m(ClientAppActor pid=378017)[0m 
[36m(ClientAppActor pid=378017)[0m         
[36m(ClientAppActor pid=378017)[0m 
[36m(ClientAppActor pid=378017)[0m         
[36m(ClientAppActor pid=378017)[0m [93mWARNING [0m:   DEPRECATED FEATURE: `client_fn` now expects a signature `def client_fn(context: Context)`.The provided `client_fn` has signature: {'cid': <Parameter "cid: str">}. You can import the `Context` like this: `from flwr.app import Context`[32m [repeated 4x across cluster][0m
[36m(ClientAppActor pid=378017)[0m             This is a deprecated feature. It will be removed[32m [repeated 4x across cluster][0m
[36m(ClientAppActor pid=378017)[0m             entirely in future versions of Flower.[32m [repeated 4x across cluster][0m
[36m(ClientAppActor pid=378017)[0m 
[36m(ClientAppActor pid=378017)[0m         
[92mINFO [0m:      aggregate_fit: received 10 results and 0 failures
INFO:flwr:aggregate_fit: received 10 results and 0 failures
[CascadeRouter] Round 23: 10 clients, 24578 parameters/client
[92mINFO [0m:      configure_evaluate: strategy sampled 10 clients (out of 10)
INFO:flwr:configure_evaluate: strategy sampled 10 clients (out of 10)
[36m(ClientAppActor pid=378017)[0m 
[36m(ClientAppActor pid=378017)[0m         
[36m(ClientAppActor pid=378021)[0m 
[36m(ClientAppActor pid=378021)[0m         
[36m(ClientAppActor pid=378017)[0m 
[36m(ClientAppActor pid=378017)[0m         
[36m(ClientAppActor pid=378021)[0m 
[36m(ClientAppActor pid=378021)[0m         
[36m(ClientAppActor pid=378017)[0m 
[36m(ClientAppActor pid=378017)[0m         
[36m(ClientAppActor pid=378021)[0m 
[36m(ClientAppActor pid=378021)[0m         
[36m(ClientAppActor pid=378017)[0m 
[36m(ClientAppActor pid=378017)[0m         
[36m(ClientAppActor pid=378021)[0m 
[36m(ClientAppActor pid=378021)[0m         
[36m(ClientAppActor pid=378017)[0m 
[36m(ClientAppActor pid=378017)[0m         
[36m(ClientAppActor pid=378021)[0m 
[36m(ClientAppActor pid=378021)[0m         
[92mINFO [0m:      aggregate_evaluate: received 10 results and 0 failures
INFO:flwr:aggregate_evaluate: received 10 results and 0 failures
[92mINFO [0m:      
INFO:flwr:
[92mINFO [0m:      [ROUND 24]
INFO:flwr:[ROUND 24]
[92mINFO [0m:      configure_fit: strategy sampled 10 clients (out of 10)
INFO:flwr:configure_fit: strategy sampled 10 clients (out of 10)
[36m(ClientAppActor pid=378021)[0m 
[36m(ClientAppActor pid=378021)[0m         
[36m(ClientAppActor pid=378017)[0m 
[36m(ClientAppActor pid=378017)[0m         
[36m(ClientAppActor pid=378021)[0m 
[36m(ClientAppActor pid=378021)[0m         
[36m(ClientAppActor pid=378017)[0m 
[36m(ClientAppActor pid=378017)[0m         
[36m(ClientAppActor pid=378017)[0m [Client 2] Training on NVIDIA GeForce RTX 3060[32m [repeated 7x across cluster][0m
[36m(ClientAppActor pid=378017)[0m 
[36m(ClientAppActor pid=378017)[0m         
[36m(ClientAppActor pid=378017)[0m 
[36m(ClientAppActor pid=378017)[0m         
[36m(ClientAppActor pid=378021)[0m 
[36m(ClientAppActor pid=378021)[0m         
[36m(ClientAppActor pid=378021)[0m 
[36m(ClientAppActor pid=378021)[0m         
[36m(ClientAppActor pid=378021)[0m [93mWARNING [0m:   DEPRECATED FEATURE: `client_fn` now expects a signature `def client_fn(context: Context)`.The provided `client_fn` has signature: {'cid': <Parameter "cid: str">}. You can import the `Context` like this: `from flwr.app import Context`[32m [repeated 19x across cluster][0m
[36m(ClientAppActor pid=378021)[0m             This is a deprecated feature. It will be removed[32m [repeated 19x across cluster][0m
[36m(ClientAppActor pid=378021)[0m             entirely in future versions of Flower.[32m [repeated 19x across cluster][0m
[36m(ClientAppActor pid=378017)[0m 
[36m(ClientAppActor pid=378017)[0m         
[36m(ClientAppActor pid=378017)[0m 
[36m(ClientAppActor pid=378017)[0m         
[36m(ClientAppActor pid=378017)[0m [Client 8] Training on NVIDIA GeForce RTX 3060[32m [repeated 6x across cluster][0m
[92mINFO [0m:      aggregate_fit: received 10 results and 0 failures
INFO:flwr:aggregate_fit: received 10 results and 0 failures
[CascadeRouter] Round 24: 10 clients, 24578 parameters/client
[92mINFO [0m:      configure_evaluate: strategy sampled 10 clients (out of 10)
INFO:flwr:configure_evaluate: strategy sampled 10 clients (out of 10)
[36m(ClientAppActor pid=378017)[0m 
[36m(ClientAppActor pid=378017)[0m         
[36m(ClientAppActor pid=378017)[0m [93mWARNING [0m:   DEPRECATED FEATURE: `client_fn` now expects a signature `def client_fn(context: Context)`.The provided `client_fn` has signature: {'cid': <Parameter "cid: str">}. You can import the `Context` like this: `from flwr.app import Context`[32m [repeated 3x across cluster][0m
[36m(ClientAppActor pid=378017)[0m             This is a deprecated feature. It will be removed[32m [repeated 3x across cluster][0m
[36m(ClientAppActor pid=378017)[0m             entirely in future versions of Flower.[32m [repeated 3x across cluster][0m
[36m(ClientAppActor pid=378021)[0m 
[36m(ClientAppActor pid=378021)[0m         
[36m(ClientAppActor pid=378021)[0m 
[36m(ClientAppActor pid=378021)[0m         
[36m(ClientAppActor pid=378017)[0m 
[36m(ClientAppActor pid=378017)[0m         
[36m(ClientAppActor pid=378021)[0m 
[36m(ClientAppActor pid=378021)[0m         
[36m(ClientAppActor pid=378017)[0m 
[36m(ClientAppActor pid=378017)[0m         
[36m(ClientAppActor pid=378021)[0m 
[36m(ClientAppActor pid=378021)[0m         
[36m(ClientAppActor pid=378017)[0m 
[36m(ClientAppActor pid=378017)[0m         
[36m(ClientAppActor pid=378021)[0m 
[36m(ClientAppActor pid=378021)[0m         
[36m(ClientAppActor pid=378017)[0m 
[36m(ClientAppActor pid=378017)[0m         
[92mINFO [0m:      aggregate_evaluate: received 10 results and 0 failures
INFO:flwr:aggregate_evaluate: received 10 results and 0 failures
[92mINFO [0m:      
INFO:flwr:
[92mINFO [0m:      [ROUND 25]
INFO:flwr:[ROUND 25]
[92mINFO [0m:      configure_fit: strategy sampled 10 clients (out of 10)
INFO:flwr:configure_fit: strategy sampled 10 clients (out of 10)
[36m(ClientAppActor pid=378017)[0m 
[36m(ClientAppActor pid=378017)[0m         
[36m(ClientAppActor pid=378017)[0m [Client 1] Training on NVIDIA GeForce RTX 3060
[36m(ClientAppActor pid=378021)[0m [Client 4] Training on NVIDIA GeForce RTX 3060
[36m(ClientAppActor pid=378021)[0m 
[36m(ClientAppActor pid=378021)[0m         
[36m(ClientAppActor pid=378017)[0m 
[36m(ClientAppActor pid=378017)[0m         
[36m(ClientAppActor pid=378017)[0m 
[36m(ClientAppActor pid=378017)[0m         
[36m(ClientAppActor pid=378021)[0m 
[36m(ClientAppActor pid=378021)[0m         
[36m(ClientAppActor pid=378021)[0m [Client 8] Training on NVIDIA GeForce RTX 3060[32m [repeated 4x across cluster][0m
[36m(ClientAppActor pid=378021)[0m 
[36m(ClientAppActor pid=378021)[0m         
[36m(ClientAppActor pid=378021)[0m [93mWARNING [0m:   DEPRECATED FEATURE: `client_fn` now expects a signature `def client_fn(context: Context)`.The provided `client_fn` has signature: {'cid': <Parameter "cid: str">}. You can import the `Context` like this: `from flwr.app import Context`[32m [repeated 15x across cluster][0m
[36m(ClientAppActor pid=378021)[0m             This is a deprecated feature. It will be removed[32m [repeated 15x across cluster][0m
[36m(ClientAppActor pid=378021)[0m             entirely in future versions of Flower.[32m [repeated 15x across cluster][0m
[36m(ClientAppActor pid=378021)[0m 
[36m(ClientAppActor pid=378021)[0m         
[36m(ClientAppActor pid=378021)[0m 
[36m(ClientAppActor pid=378021)[0m         
[36m(ClientAppActor pid=378017)[0m 
[36m(ClientAppActor pid=378017)[0m         
[36m(ClientAppActor pid=378017)[0m 
[36m(ClientAppActor pid=378017)[0m         
[36m(ClientAppActor pid=378017)[0m [93mWARNING [0m:   DEPRECATED FEATURE: `client_fn` now expects a signature `def client_fn(context: Context)`.The provided `client_fn` has signature: {'cid': <Parameter "cid: str">}. You can import the `Context` like this: `from flwr.app import Context`[32m [repeated 4x across cluster][0m
[36m(ClientAppActor pid=378017)[0m             This is a deprecated feature. It will be removed[32m [repeated 4x across cluster][0m
[36m(ClientAppActor pid=378017)[0m             entirely in future versions of Flower.[32m [repeated 4x across cluster][0m
[36m(ClientAppActor pid=378017)[0m [Client 6] Training on NVIDIA GeForce RTX 3060[32m [repeated 4x across cluster][0m
[92mINFO [0m:      aggregate_fit: received 10 results and 0 failures
INFO:flwr:aggregate_fit: received 10 results and 0 failures
[CascadeRouter] Round 25: 10 clients, 24578 parameters/client
[92mINFO [0m:      configure_evaluate: strategy sampled 10 clients (out of 10)
INFO:flwr:configure_evaluate: strategy sampled 10 clients (out of 10)
[36m(ClientAppActor pid=378017)[0m 
[36m(ClientAppActor pid=378017)[0m         
[36m(ClientAppActor pid=378021)[0m 
[36m(ClientAppActor pid=378021)[0m         
[36m(ClientAppActor pid=378017)[0m 
[36m(ClientAppActor pid=378017)[0m         
[36m(ClientAppActor pid=378021)[0m 
[36m(ClientAppActor pid=378021)[0m         
[36m(ClientAppActor pid=378017)[0m 
[36m(ClientAppActor pid=378017)[0m         
[36m(ClientAppActor pid=378021)[0m 
[36m(ClientAppActor pid=378021)[0m         
[36m(ClientAppActor pid=378017)[0m 
[36m(ClientAppActor pid=378017)[0m         
[36m(ClientAppActor pid=378021)[0m 
[36m(ClientAppActor pid=378021)[0m         
[36m(ClientAppActor pid=378017)[0m 
[36m(ClientAppActor pid=378017)[0m         
[36m(ClientAppActor pid=378021)[0m 
[36m(ClientAppActor pid=378021)[0m         
[92mINFO [0m:      aggregate_evaluate: received 10 results and 0 failures
INFO:flwr:aggregate_evaluate: received 10 results and 0 failures
[92mINFO [0m:      
INFO:flwr:
[92mINFO [0m:      [ROUND 26]
INFO:flwr:[ROUND 26]
[92mINFO [0m:      configure_fit: strategy sampled 10 clients (out of 10)
INFO:flwr:configure_fit: strategy sampled 10 clients (out of 10)
[36m(ClientAppActor pid=378021)[0m 
[36m(ClientAppActor pid=378021)[0m         
[36m(ClientAppActor pid=378017)[0m 
[36m(ClientAppActor pid=378017)[0m         
[36m(ClientAppActor pid=378021)[0m 
[36m(ClientAppActor pid=378021)[0m         
[36m(ClientAppActor pid=378017)[0m 
[36m(ClientAppActor pid=378017)[0m         
[36m(ClientAppActor pid=378017)[0m 
[36m(ClientAppActor pid=378017)[0m         
[36m(ClientAppActor pid=378017)[0m [93mWARNING [0m:   DEPRECATED FEATURE: `client_fn` now expects a signature `def client_fn(context: Context)`.The provided `client_fn` has signature: {'cid': <Parameter "cid: str">}. You can import the `Context` like this: `from flwr.app import Context`[32m [repeated 15x across cluster][0m
[36m(ClientAppActor pid=378017)[0m             This is a deprecated feature. It will be removed[32m [repeated 15x across cluster][0m
[36m(ClientAppActor pid=378017)[0m             entirely in future versions of Flower.[32m [repeated 15x across cluster][0m
[36m(ClientAppActor pid=378017)[0m [Client 1] Training on NVIDIA GeForce RTX 3060[32m [repeated 5x across cluster][0m
[36m(ClientAppActor pid=378017)[0m 
[36m(ClientAppActor pid=378017)[0m         
[36m(ClientAppActor pid=378017)[0m 
[36m(ClientAppActor pid=378017)[0m         
[36m(ClientAppActor pid=378017)[0m 
[36m(ClientAppActor pid=378017)[0m         
[36m(ClientAppActor pid=378017)[0m [93mWARNING [0m:   DEPRECATED FEATURE: `client_fn` now expects a signature `def client_fn(context: Context)`.The provided `client_fn` has signature: {'cid': <Parameter "cid: str">}. You can import the `Context` like this: `from flwr.app import Context`[32m [repeated 3x across cluster][0m
[36m(ClientAppActor pid=378017)[0m             This is a deprecated feature. It will be removed[32m [repeated 3x across cluster][0m
[36m(ClientAppActor pid=378017)[0m             entirely in future versions of Flower.[32m [repeated 3x across cluster][0m
[36m(ClientAppActor pid=378017)[0m [Client 4] Training on NVIDIA GeForce RTX 3060[32m [repeated 3x across cluster][0m
[36m(ClientAppActor pid=378021)[0m 
[36m(ClientAppActor pid=378021)[0m         
[36m(ClientAppActor pid=378021)[0m 
[36m(ClientAppActor pid=378021)[0m         
[92mINFO [0m:      aggregate_fit: received 10 results and 0 failures
INFO:flwr:aggregate_fit: received 10 results and 0 failures
[CascadeRouter] Round 26: 10 clients, 24578 parameters/client
[92mINFO [0m:      configure_evaluate: strategy sampled 10 clients (out of 10)
INFO:flwr:configure_evaluate: strategy sampled 10 clients (out of 10)
[36m(ClientAppActor pid=378017)[0m 
[36m(ClientAppActor pid=378017)[0m         
[36m(ClientAppActor pid=378021)[0m 
[36m(ClientAppActor pid=378021)[0m         
[36m(ClientAppActor pid=378017)[0m 
[36m(ClientAppActor pid=378017)[0m         
[36m(ClientAppActor pid=378021)[0m 
[36m(ClientAppActor pid=378021)[0m         
[36m(ClientAppActor pid=378017)[0m 
[36m(ClientAppActor pid=378017)[0m         
[36m(ClientAppActor pid=378021)[0m 
[36m(ClientAppActor pid=378021)[0m         
[36m(ClientAppActor pid=378017)[0m 
[36m(ClientAppActor pid=378017)[0m         
[36m(ClientAppActor pid=378021)[0m 
[36m(ClientAppActor pid=378021)[0m         
[36m(ClientAppActor pid=378017)[0m 
[36m(ClientAppActor pid=378017)[0m         
[36m(ClientAppActor pid=378021)[0m 
[36m(ClientAppActor pid=378021)[0m         
[92mINFO [0m:      aggregate_evaluate: received 10 results and 0 failures
INFO:flwr:aggregate_evaluate: received 10 results and 0 failures
[92mINFO [0m:      
INFO:flwr:
[92mINFO [0m:      [ROUND 27]
INFO:flwr:[ROUND 27]
[92mINFO [0m:      configure_fit: strategy sampled 10 clients (out of 10)
INFO:flwr:configure_fit: strategy sampled 10 clients (out of 10)
[36m(ClientAppActor pid=378017)[0m 
[36m(ClientAppActor pid=378017)[0m         
[36m(ClientAppActor pid=378021)[0m 
[36m(ClientAppActor pid=378021)[0m         
[36m(ClientAppActor pid=378021)[0m 
[36m(ClientAppActor pid=378021)[0m         
[36m(ClientAppActor pid=378021)[0m 
[36m(ClientAppActor pid=378021)[0m         
[36m(ClientAppActor pid=378021)[0m 
[36m(ClientAppActor pid=378021)[0m         
[36m(ClientAppActor pid=378017)[0m 
[36m(ClientAppActor pid=378017)[0m         
[36m(ClientAppActor pid=378017)[0m [93mWARNING [0m:   DEPRECATED FEATURE: `client_fn` now expects a signature `def client_fn(context: Context)`.The provided `client_fn` has signature: {'cid': <Parameter "cid: str">}. You can import the `Context` like this: `from flwr.app import Context`[32m [repeated 18x across cluster][0m
[36m(ClientAppActor pid=378017)[0m             This is a deprecated feature. It will be removed[32m [repeated 18x across cluster][0m
[36m(ClientAppActor pid=378017)[0m             entirely in future versions of Flower.[32m [repeated 18x across cluster][0m
[36m(ClientAppActor pid=378017)[0m [Client 4] Training on NVIDIA GeForce RTX 3060[32m [repeated 8x across cluster][0m
[36m(ClientAppActor pid=378017)[0m 
[36m(ClientAppActor pid=378017)[0m         
[36m(ClientAppActor pid=378017)[0m 
[36m(ClientAppActor pid=378017)[0m         
[36m(ClientAppActor pid=378017)[0m [93mWARNING [0m:   DEPRECATED FEATURE: `client_fn` now expects a signature `def client_fn(context: Context)`.The provided `client_fn` has signature: {'cid': <Parameter "cid: str">}. You can import the `Context` like this: `from flwr.app import Context`[32m [repeated 2x across cluster][0m
[36m(ClientAppActor pid=378017)[0m             This is a deprecated feature. It will be removed[32m [repeated 2x across cluster][0m
[36m(ClientAppActor pid=378017)[0m             entirely in future versions of Flower.[32m [repeated 2x across cluster][0m
[36m(ClientAppActor pid=378017)[0m [Client 5] Training on NVIDIA GeForce RTX 3060[32m [repeated 2x across cluster][0m
[36m(ClientAppActor pid=378017)[0m 
[36m(ClientAppActor pid=378017)[0m         
[36m(ClientAppActor pid=378021)[0m 
[36m(ClientAppActor pid=378021)[0m         
[92mINFO [0m:      aggregate_fit: received 10 results and 0 failures
INFO:flwr:aggregate_fit: received 10 results and 0 failures
[CascadeRouter] Round 27: 10 clients, 24578 parameters/client
[92mINFO [0m:      configure_evaluate: strategy sampled 10 clients (out of 10)
INFO:flwr:configure_evaluate: strategy sampled 10 clients (out of 10)
[36m(ClientAppActor pid=378021)[0m 
[36m(ClientAppActor pid=378021)[0m         
[36m(ClientAppActor pid=378017)[0m 
[36m(ClientAppActor pid=378017)[0m         
[36m(ClientAppActor pid=378021)[0m 
[36m(ClientAppActor pid=378021)[0m         
[36m(ClientAppActor pid=378017)[0m 
[36m(ClientAppActor pid=378017)[0m         
[36m(ClientAppActor pid=378017)[0m 
[36m(ClientAppActor pid=378017)[0m         
[36m(ClientAppActor pid=378021)[0m 
[36m(ClientAppActor pid=378021)[0m         
[36m(ClientAppActor pid=378021)[0m 
[36m(ClientAppActor pid=378021)[0m         
[36m(ClientAppActor pid=378017)[0m 
[36m(ClientAppActor pid=378017)[0m         
[36m(ClientAppActor pid=378021)[0m 
[36m(ClientAppActor pid=378021)[0m         
[36m(ClientAppActor pid=378017)[0m 
[36m(ClientAppActor pid=378017)[0m         
[92mINFO [0m:      aggregate_evaluate: received 10 results and 0 failures
INFO:flwr:aggregate_evaluate: received 10 results and 0 failures
[92mINFO [0m:      
INFO:flwr:
[92mINFO [0m:      [ROUND 28]
INFO:flwr:[ROUND 28]
[92mINFO [0m:      configure_fit: strategy sampled 10 clients (out of 10)
INFO:flwr:configure_fit: strategy sampled 10 clients (out of 10)
[36m(ClientAppActor pid=378017)[0m 
[36m(ClientAppActor pid=378017)[0m         
[36m(ClientAppActor pid=378021)[0m 
[36m(ClientAppActor pid=378021)[0m         
[36m(ClientAppActor pid=378017)[0m 
[36m(ClientAppActor pid=378017)[0m         
[36m(ClientAppActor pid=378021)[0m [Client 4] Training on NVIDIA GeForce RTX 3060[32m [repeated 6x across cluster][0m
[36m(ClientAppActor pid=378021)[0m 
[36m(ClientAppActor pid=378021)[0m         
[36m(ClientAppActor pid=378021)[0m [93mWARNING [0m:   DEPRECATED FEATURE: `client_fn` now expects a signature `def client_fn(context: Context)`.The provided `client_fn` has signature: {'cid': <Parameter "cid: str">}. You can import the `Context` like this: `from flwr.app import Context`[32m [repeated 16x across cluster][0m
[36m(ClientAppActor pid=378021)[0m             This is a deprecated feature. It will be removed[32m [repeated 16x across cluster][0m
[36m(ClientAppActor pid=378021)[0m             entirely in future versions of Flower.[32m [repeated 16x across cluster][0m
[36m(ClientAppActor pid=378017)[0m 
[36m(ClientAppActor pid=378017)[0m         
[36m(ClientAppActor pid=378017)[0m 
[36m(ClientAppActor pid=378017)[0m         
[36m(ClientAppActor pid=378021)[0m 
[36m(ClientAppActor pid=378021)[0m         
[36m(ClientAppActor pid=378021)[0m 
[36m(ClientAppActor pid=378021)[0m         
[36m(ClientAppActor pid=378017)[0m 
[36m(ClientAppActor pid=378017)[0m         
[36m(ClientAppActor pid=378017)[0m 
[36m(ClientAppActor pid=378017)[0m         
[92mINFO [0m:      aggregate_fit: received 10 results and 0 failures
INFO:flwr:aggregate_fit: received 10 results and 0 failures
[CascadeRouter] Round 28: 10 clients, 24578 parameters/client
[92mINFO [0m:      configure_evaluate: strategy sampled 10 clients (out of 10)
INFO:flwr:configure_evaluate: strategy sampled 10 clients (out of 10)
[36m(ClientAppActor pid=378017)[0m 
[36m(ClientAppActor pid=378017)[0m         
[36m(ClientAppActor pid=378017)[0m [93mWARNING [0m:   DEPRECATED FEATURE: `client_fn` now expects a signature `def client_fn(context: Context)`.The provided `client_fn` has signature: {'cid': <Parameter "cid: str">}. You can import the `Context` like this: `from flwr.app import Context`[32m [repeated 7x across cluster][0m
[36m(ClientAppActor pid=378017)[0m             This is a deprecated feature. It will be removed[32m [repeated 7x across cluster][0m
[36m(ClientAppActor pid=378017)[0m             entirely in future versions of Flower.[32m [repeated 7x across cluster][0m
[36m(ClientAppActor pid=378021)[0m 
[36m(ClientAppActor pid=378021)[0m         
[36m(ClientAppActor pid=378021)[0m 
[36m(ClientAppActor pid=378021)[0m         
[36m(ClientAppActor pid=378017)[0m 
[36m(ClientAppActor pid=378017)[0m         
[36m(ClientAppActor pid=378017)[0m 
[36m(ClientAppActor pid=378017)[0m         
[36m(ClientAppActor pid=378021)[0m 
[36m(ClientAppActor pid=378021)[0m         
[36m(ClientAppActor pid=378021)[0m 
[36m(ClientAppActor pid=378021)[0m         
[36m(ClientAppActor pid=378017)[0m 
[36m(ClientAppActor pid=378017)[0m         
[36m(ClientAppActor pid=378021)[0m 
[36m(ClientAppActor pid=378021)[0m         
[36m(ClientAppActor pid=378017)[0m 
[36m(ClientAppActor pid=378017)[0m         
[92mINFO [0m:      aggregate_evaluate: received 10 results and 0 failures
INFO:flwr:aggregate_evaluate: received 10 results and 0 failures
[92mINFO [0m:      
INFO:flwr:
[92mINFO [0m:      [ROUND 29]
INFO:flwr:[ROUND 29]
[92mINFO [0m:      configure_fit: strategy sampled 10 clients (out of 10)
INFO:flwr:configure_fit: strategy sampled 10 clients (out of 10)
[36m(ClientAppActor pid=378017)[0m 
[36m(ClientAppActor pid=378017)[0m         
[36m(ClientAppActor pid=378017)[0m [Client 5] Training on NVIDIA GeForce RTX 3060[32m [repeated 7x across cluster][0m
[36m(ClientAppActor pid=378021)[0m 
[36m(ClientAppActor pid=378021)[0m         
[36m(ClientAppActor pid=378021)[0m 
[36m(ClientAppActor pid=378021)[0m         
[36m(ClientAppActor pid=378021)[0m 
[36m(ClientAppActor pid=378021)[0m         
[36m(ClientAppActor pid=378017)[0m 
[36m(ClientAppActor pid=378017)[0m         
[36m(ClientAppActor pid=378021)[0m 
[36m(ClientAppActor pid=378021)[0m         
[36m(ClientAppActor pid=378017)[0m 
[36m(ClientAppActor pid=378017)[0m         
[36m(ClientAppActor pid=378017)[0m [93mWARNING [0m:   DEPRECATED FEATURE: `client_fn` now expects a signature `def client_fn(context: Context)`.The provided `client_fn` has signature: {'cid': <Parameter "cid: str">}. You can import the `Context` like this: `from flwr.app import Context`[32m [repeated 16x across cluster][0m
[36m(ClientAppActor pid=378017)[0m             This is a deprecated feature. It will be removed[32m [repeated 16x across cluster][0m
[36m(ClientAppActor pid=378017)[0m             entirely in future versions of Flower.[32m [repeated 16x across cluster][0m
[36m(ClientAppActor pid=378017)[0m 
[36m(ClientAppActor pid=378017)[0m         
[36m(ClientAppActor pid=378017)[0m [Client 3] Training on NVIDIA GeForce RTX 3060[32m [repeated 7x across cluster][0m
[36m(ClientAppActor pid=378017)[0m 
[36m(ClientAppActor pid=378017)[0m         
[36m(ClientAppActor pid=378017)[0m 
[36m(ClientAppActor pid=378017)[0m         
[36m(ClientAppActor pid=378017)[0m [93mWARNING [0m:   DEPRECATED FEATURE: `client_fn` now expects a signature `def client_fn(context: Context)`.The provided `client_fn` has signature: {'cid': <Parameter "cid: str">}. You can import the `Context` like this: `from flwr.app import Context`[32m [repeated 3x across cluster][0m
[36m(ClientAppActor pid=378017)[0m             This is a deprecated feature. It will be removed[32m [repeated 3x across cluster][0m
[36m(ClientAppActor pid=378017)[0m             entirely in future versions of Flower.[32m [repeated 3x across cluster][0m
[92mINFO [0m:      aggregate_fit: received 10 results and 0 failures
INFO:flwr:aggregate_fit: received 10 results and 0 failures
[CascadeRouter] Round 29: 10 clients, 24578 parameters/client
[92mINFO [0m:      configure_evaluate: strategy sampled 10 clients (out of 10)
INFO:flwr:configure_evaluate: strategy sampled 10 clients (out of 10)
[36m(ClientAppActor pid=378017)[0m 
[36m(ClientAppActor pid=378017)[0m         
[36m(ClientAppActor pid=378021)[0m 
[36m(ClientAppActor pid=378021)[0m         
[36m(ClientAppActor pid=378017)[0m 
[36m(ClientAppActor pid=378017)[0m         
[36m(ClientAppActor pid=378021)[0m 
[36m(ClientAppActor pid=378021)[0m         
[36m(ClientAppActor pid=378017)[0m 
[36m(ClientAppActor pid=378017)[0m         
[36m(ClientAppActor pid=378021)[0m 
[36m(ClientAppActor pid=378021)[0m         
[36m(ClientAppActor pid=378017)[0m 
[36m(ClientAppActor pid=378017)[0m         
[36m(ClientAppActor pid=378021)[0m 
[36m(ClientAppActor pid=378021)[0m         
[36m(ClientAppActor pid=378017)[0m 
[36m(ClientAppActor pid=378017)[0m         
[36m(ClientAppActor pid=378021)[0m 
[36m(ClientAppActor pid=378021)[0m         
[92mINFO [0m:      aggregate_evaluate: received 10 results and 0 failures
INFO:flwr:aggregate_evaluate: received 10 results and 0 failures
[92mINFO [0m:      
INFO:flwr:
[92mINFO [0m:      [ROUND 30]
INFO:flwr:[ROUND 30]
[92mINFO [0m:      configure_fit: strategy sampled 10 clients (out of 10)
INFO:flwr:configure_fit: strategy sampled 10 clients (out of 10)
[36m(ClientAppActor pid=378021)[0m [Client 1] Training on NVIDIA GeForce RTX 3060[32m [repeated 3x across cluster][0m
[36m(ClientAppActor pid=378021)[0m 
[36m(ClientAppActor pid=378021)[0m         
[36m(ClientAppActor pid=378017)[0m 
[36m(ClientAppActor pid=378017)[0m         
[36m(ClientAppActor pid=378017)[0m 
[36m(ClientAppActor pid=378017)[0m         
[36m(ClientAppActor pid=378021)[0m 
[36m(ClientAppActor pid=378021)[0m         
[36m(ClientAppActor pid=378017)[0m 
[36m(ClientAppActor pid=378017)[0m         
[36m(ClientAppActor pid=378021)[0m 
[36m(ClientAppActor pid=378021)[0m         
[36m(ClientAppActor pid=378017)[0m 
[36m(ClientAppActor pid=378017)[0m         
[36m(ClientAppActor pid=378017)[0m [93mWARNING [0m:   DEPRECATED FEATURE: `client_fn` now expects a signature `def client_fn(context: Context)`.The provided `client_fn` has signature: {'cid': <Parameter "cid: str">}. You can import the `Context` like this: `from flwr.app import Context`[32m [repeated 17x across cluster][0m
[36m(ClientAppActor pid=378017)[0m             This is a deprecated feature. It will be removed[32m [repeated 17x across cluster][0m
[36m(ClientAppActor pid=378017)[0m             entirely in future versions of Flower.[32m [repeated 17x across cluster][0m
[36m(ClientAppActor pid=378021)[0m 
[36m(ClientAppActor pid=378021)[0m         
[36m(ClientAppActor pid=378017)[0m 
[36m(ClientAppActor pid=378017)[0m         
[36m(ClientAppActor pid=378017)[0m 
[36m(ClientAppActor pid=378017)[0m         
[92mINFO [0m:      aggregate_fit: received 10 results and 0 failures
INFO:flwr:aggregate_fit: received 10 results and 0 failures
[CascadeRouter] Round 30: 10 clients, 24578 parameters/client
[92mINFO [0m:      configure_evaluate: strategy sampled 10 clients (out of 10)
INFO:flwr:configure_evaluate: strategy sampled 10 clients (out of 10)
[36m(ClientAppActor pid=378017)[0m 
[36m(ClientAppActor pid=378017)[0m         
[36m(ClientAppActor pid=378017)[0m [93mWARNING [0m:   DEPRECATED FEATURE: `client_fn` now expects a signature `def client_fn(context: Context)`.The provided `client_fn` has signature: {'cid': <Parameter "cid: str">}. You can import the `Context` like this: `from flwr.app import Context`[32m [repeated 4x across cluster][0m
[36m(ClientAppActor pid=378017)[0m             This is a deprecated feature. It will be removed[32m [repeated 4x across cluster][0m
[36m(ClientAppActor pid=378017)[0m             entirely in future versions of Flower.[32m [repeated 4x across cluster][0m
[36m(ClientAppActor pid=378021)[0m 
[36m(ClientAppActor pid=378021)[0m         
[36m(ClientAppActor pid=378017)[0m 
[36m(ClientAppActor pid=378017)[0m         
[36m(ClientAppActor pid=378021)[0m 
[36m(ClientAppActor pid=378021)[0m         
[36m(ClientAppActor pid=378017)[0m 
[36m(ClientAppActor pid=378017)[0m         
[36m(ClientAppActor pid=378021)[0m 
[36m(ClientAppActor pid=378021)[0m         
[36m(ClientAppActor pid=378017)[0m 
[36m(ClientAppActor pid=378017)[0m         
[36m(ClientAppActor pid=378021)[0m 
[36m(ClientAppActor pid=378021)[0m         
[36m(ClientAppActor pid=378017)[0m 
[36m(ClientAppActor pid=378017)[0m         
[36m(ClientAppActor pid=378021)[0m 
[36m(ClientAppActor pid=378021)[0m         
[92mINFO [0m:      aggregate_evaluate: received 10 results and 0 failures
INFO:flwr:aggregate_evaluate: received 10 results and 0 failures
[92mINFO [0m:      
INFO:flwr:
[92mINFO [0m:      [ROUND 31]
INFO:flwr:[ROUND 31]
[92mINFO [0m:      configure_fit: strategy sampled 10 clients (out of 10)
INFO:flwr:configure_fit: strategy sampled 10 clients (out of 10)
[36m(ClientAppActor pid=378021)[0m [Client 9] Training on NVIDIA GeForce RTX 3060[32m [repeated 10x across cluster][0m
[36m(ClientAppActor pid=378021)[0m 
[36m(ClientAppActor pid=378021)[0m         
[36m(ClientAppActor pid=378017)[0m 
[36m(ClientAppActor pid=378017)[0m         
[36m(ClientAppActor pid=378017)[0m 
[36m(ClientAppActor pid=378017)[0m         
[36m(ClientAppActor pid=378017)[0m 
[36m(ClientAppActor pid=378017)[0m         
[36m(ClientAppActor pid=378017)[0m 
[36m(ClientAppActor pid=378017)[0m         
[36m(ClientAppActor pid=378017)[0m [93mWARNING [0m:   DEPRECATED FEATURE: `client_fn` now expects a signature `def client_fn(context: Context)`.The provided `client_fn` has signature: {'cid': <Parameter "cid: str">}. You can import the `Context` like this: `from flwr.app import Context`[32m [repeated 14x across cluster][0m
[36m(ClientAppActor pid=378017)[0m             This is a deprecated feature. It will be removed[32m [repeated 14x across cluster][0m
[36m(ClientAppActor pid=378017)[0m             entirely in future versions of Flower.[32m [repeated 14x across cluster][0m
[36m(ClientAppActor pid=378017)[0m 
[36m(ClientAppActor pid=378017)[0m         
[36m(ClientAppActor pid=378017)[0m [Client 7] Training on NVIDIA GeForce RTX 3060[32m [repeated 5x across cluster][0m
[36m(ClientAppActor pid=378017)[0m 
[36m(ClientAppActor pid=378017)[0m         
[36m(ClientAppActor pid=378017)[0m [93mWARNING [0m:   DEPRECATED FEATURE: `client_fn` now expects a signature `def client_fn(context: Context)`.The provided `client_fn` has signature: {'cid': <Parameter "cid: str">}. You can import the `Context` like this: `from flwr.app import Context`[32m [repeated 2x across cluster][0m
[36m(ClientAppActor pid=378017)[0m             This is a deprecated feature. It will be removed[32m [repeated 2x across cluster][0m
[36m(ClientAppActor pid=378017)[0m             entirely in future versions of Flower.[32m [repeated 2x across cluster][0m
[36m(ClientAppActor pid=378021)[0m 
[36m(ClientAppActor pid=378021)[0m         
[36m(ClientAppActor pid=378021)[0m 
[36m(ClientAppActor pid=378021)[0m         
[36m(ClientAppActor pid=378017)[0m 
[36m(ClientAppActor pid=378017)[0m         
[92mINFO [0m:      aggregate_fit: received 10 results and 0 failures
INFO:flwr:aggregate_fit: received 10 results and 0 failures
[CascadeRouter] Round 31: 10 clients, 24578 parameters/client
[92mINFO [0m:      configure_evaluate: strategy sampled 10 clients (out of 10)
INFO:flwr:configure_evaluate: strategy sampled 10 clients (out of 10)
[36m(ClientAppActor pid=378017)[0m 
[36m(ClientAppActor pid=378017)[0m         
[36m(ClientAppActor pid=378021)[0m 
[36m(ClientAppActor pid=378021)[0m         
[36m(ClientAppActor pid=378017)[0m 
[36m(ClientAppActor pid=378017)[0m         
[36m(ClientAppActor pid=378021)[0m 
[36m(ClientAppActor pid=378021)[0m         
[36m(ClientAppActor pid=378017)[0m 
[36m(ClientAppActor pid=378017)[0m         
[36m(ClientAppActor pid=378021)[0m 
[36m(ClientAppActor pid=378021)[0m         
[36m(ClientAppActor pid=378017)[0m 
[36m(ClientAppActor pid=378017)[0m         
[36m(ClientAppActor pid=378021)[0m 
[36m(ClientAppActor pid=378021)[0m         
[36m(ClientAppActor pid=378017)[0m 
[36m(ClientAppActor pid=378017)[0m         
[36m(ClientAppActor pid=378021)[0m 
[36m(ClientAppActor pid=378021)[0m         
[92mINFO [0m:      aggregate_evaluate: received 10 results and 0 failures
INFO:flwr:aggregate_evaluate: received 10 results and 0 failures
[92mINFO [0m:      
INFO:flwr:
[92mINFO [0m:      [ROUND 32]
INFO:flwr:[ROUND 32]
[92mINFO [0m:      configure_fit: strategy sampled 10 clients (out of 10)
INFO:flwr:configure_fit: strategy sampled 10 clients (out of 10)
[36m(ClientAppActor pid=378021)[0m [Client 7] Training on NVIDIA GeForce RTX 3060[32m [repeated 5x across cluster][0m
[36m(ClientAppActor pid=378021)[0m 
[36m(ClientAppActor pid=378021)[0m         
[36m(ClientAppActor pid=378017)[0m 
[36m(ClientAppActor pid=378017)[0m         
[36m(ClientAppActor pid=378021)[0m 
[36m(ClientAppActor pid=378021)[0m         
[36m(ClientAppActor pid=378021)[0m [93mWARNING [0m:   DEPRECATED FEATURE: `client_fn` now expects a signature `def client_fn(context: Context)`.The provided `client_fn` has signature: {'cid': <Parameter "cid: str">}. You can import the `Context` like this: `from flwr.app import Context`[32m [repeated 16x across cluster][0m
[36m(ClientAppActor pid=378021)[0m             This is a deprecated feature. It will be removed[32m [repeated 16x across cluster][0m
[36m(ClientAppActor pid=378021)[0m             entirely in future versions of Flower.[32m [repeated 16x across cluster][0m
[36m(ClientAppActor pid=378021)[0m 
[36m(ClientAppActor pid=378021)[0m         
[36m(ClientAppActor pid=378021)[0m 
[36m(ClientAppActor pid=378021)[0m         
[36m(ClientAppActor pid=378021)[0m 
[36m(ClientAppActor pid=378021)[0m         
[36m(ClientAppActor pid=378021)[0m [Client 0] Training on NVIDIA GeForce RTX 3060[32m [repeated 6x across cluster][0m
[36m(ClientAppActor pid=378021)[0m 
[36m(ClientAppActor pid=378021)[0m         
[36m(ClientAppActor pid=378021)[0m 
[36m(ClientAppActor pid=378021)[0m         
[36m(ClientAppActor pid=378017)[0m 
[36m(ClientAppActor pid=378017)[0m         
[36m(ClientAppActor pid=378017)[0m [93mWARNING [0m:   DEPRECATED FEATURE: `client_fn` now expects a signature `def client_fn(context: Context)`.The provided `client_fn` has signature: {'cid': <Parameter "cid: str">}. You can import the `Context` like this: `from flwr.app import Context`[32m [repeated 6x across cluster][0m
[36m(ClientAppActor pid=378017)[0m             This is a deprecated feature. It will be removed[32m [repeated 6x across cluster][0m
[36m(ClientAppActor pid=378017)[0m             entirely in future versions of Flower.[32m [repeated 6x across cluster][0m
[36m(ClientAppActor pid=378017)[0m 
[36m(ClientAppActor pid=378017)[0m         
[92mINFO [0m:      aggregate_fit: received 10 results and 0 failures
INFO:flwr:aggregate_fit: received 10 results and 0 failures
[CascadeRouter] Round 32: 10 clients, 24578 parameters/client
[92mINFO [0m:      configure_evaluate: strategy sampled 10 clients (out of 10)
INFO:flwr:configure_evaluate: strategy sampled 10 clients (out of 10)
[36m(ClientAppActor pid=378017)[0m 
[36m(ClientAppActor pid=378017)[0m         
[36m(ClientAppActor pid=378021)[0m 
[36m(ClientAppActor pid=378021)[0m         
[36m(ClientAppActor pid=378017)[0m 
[36m(ClientAppActor pid=378017)[0m         
[36m(ClientAppActor pid=378021)[0m 
[36m(ClientAppActor pid=378021)[0m         
[36m(ClientAppActor pid=378017)[0m 
[36m(ClientAppActor pid=378017)[0m         
[36m(ClientAppActor pid=378021)[0m 
[36m(ClientAppActor pid=378021)[0m         
[36m(ClientAppActor pid=378017)[0m 
[36m(ClientAppActor pid=378017)[0m         
[36m(ClientAppActor pid=378021)[0m 
[36m(ClientAppActor pid=378021)[0m         
[36m(ClientAppActor pid=378017)[0m 
[36m(ClientAppActor pid=378017)[0m         
[36m(ClientAppActor pid=378021)[0m 
[36m(ClientAppActor pid=378021)[0m         
[92mINFO [0m:      aggregate_evaluate: received 10 results and 0 failures
INFO:flwr:aggregate_evaluate: received 10 results and 0 failures
[92mINFO [0m:      
INFO:flwr:
[92mINFO [0m:      [ROUND 33]
INFO:flwr:[ROUND 33]
[92mINFO [0m:      configure_fit: strategy sampled 10 clients (out of 10)
INFO:flwr:configure_fit: strategy sampled 10 clients (out of 10)
[36m(ClientAppActor pid=378021)[0m [Client 0] Training on NVIDIA GeForce RTX 3060[32m [repeated 4x across cluster][0m
[36m(ClientAppActor pid=378021)[0m 
[36m(ClientAppActor pid=378021)[0m         
[36m(ClientAppActor pid=378017)[0m 
[36m(ClientAppActor pid=378017)[0m         
[36m(ClientAppActor pid=378021)[0m 
[36m(ClientAppActor pid=378021)[0m         
[36m(ClientAppActor pid=378021)[0m 
[36m(ClientAppActor pid=378021)[0m         
[36m(ClientAppActor pid=378021)[0m [93mWARNING [0m:   DEPRECATED FEATURE: `client_fn` now expects a signature `def client_fn(context: Context)`.The provided `client_fn` has signature: {'cid': <Parameter "cid: str">}. You can import the `Context` like this: `from flwr.app import Context`[32m [repeated 15x across cluster][0m
[36m(ClientAppActor pid=378021)[0m             This is a deprecated feature. It will be removed[32m [repeated 15x across cluster][0m
[36m(ClientAppActor pid=378021)[0m             entirely in future versions of Flower.[32m [repeated 15x across cluster][0m
[36m(ClientAppActor pid=378021)[0m [Client 3] Training on NVIDIA GeForce RTX 3060[32m [repeated 4x across cluster][0m
[36m(ClientAppActor pid=378021)[0m 
[36m(ClientAppActor pid=378021)[0m         
[36m(ClientAppActor pid=378021)[0m 
[36m(ClientAppActor pid=378021)[0m         
[36m(ClientAppActor pid=378021)[0m 
[36m(ClientAppActor pid=378021)[0m         
[36m(ClientAppActor pid=378017)[0m 
[36m(ClientAppActor pid=378017)[0m         
[36m(ClientAppActor pid=378017)[0m [93mWARNING [0m:   DEPRECATED FEATURE: `client_fn` now expects a signature `def client_fn(context: Context)`.The provided `client_fn` has signature: {'cid': <Parameter "cid: str">}. You can import the `Context` like this: `from flwr.app import Context`[32m [repeated 4x across cluster][0m
[36m(ClientAppActor pid=378017)[0m             This is a deprecated feature. It will be removed[32m [repeated 4x across cluster][0m
[36m(ClientAppActor pid=378017)[0m             entirely in future versions of Flower.[32m [repeated 4x across cluster][0m
[36m(ClientAppActor pid=378017)[0m 
[36m(ClientAppActor pid=378017)[0m         
[36m(ClientAppActor pid=378021)[0m 
[36m(ClientAppActor pid=378021)[0m         
[92mINFO [0m:      aggregate_fit: received 10 results and 0 failures
INFO:flwr:aggregate_fit: received 10 results and 0 failures
[CascadeRouter] Round 33: 10 clients, 24578 parameters/client
[92mINFO [0m:      configure_evaluate: strategy sampled 10 clients (out of 10)
INFO:flwr:configure_evaluate: strategy sampled 10 clients (out of 10)
[36m(ClientAppActor pid=378017)[0m 
[36m(ClientAppActor pid=378017)[0m         
[36m(ClientAppActor pid=378021)[0m 
[36m(ClientAppActor pid=378021)[0m         
[36m(ClientAppActor pid=378017)[0m 
[36m(ClientAppActor pid=378017)[0m         
[36m(ClientAppActor pid=378021)[0m 
[36m(ClientAppActor pid=378021)[0m         
[36m(ClientAppActor pid=378017)[0m 
[36m(ClientAppActor pid=378017)[0m         
[36m(ClientAppActor pid=378021)[0m 
[36m(ClientAppActor pid=378021)[0m         
[36m(ClientAppActor pid=378017)[0m 
[36m(ClientAppActor pid=378017)[0m         
[36m(ClientAppActor pid=378021)[0m 
[36m(ClientAppActor pid=378021)[0m         
[36m(ClientAppActor pid=378017)[0m 
[36m(ClientAppActor pid=378017)[0m         
[36m(ClientAppActor pid=378021)[0m 
[36m(ClientAppActor pid=378021)[0m         
[92mINFO [0m:      aggregate_evaluate: received 10 results and 0 failures
INFO:flwr:aggregate_evaluate: received 10 results and 0 failures
[92mINFO [0m:      
INFO:flwr:
[92mINFO [0m:      [ROUND 34]
INFO:flwr:[ROUND 34]
[92mINFO [0m:      configure_fit: strategy sampled 10 clients (out of 10)
INFO:flwr:configure_fit: strategy sampled 10 clients (out of 10)
[36m(ClientAppActor pid=378021)[0m [Client 6] Training on NVIDIA GeForce RTX 3060[32m [repeated 6x across cluster][0m
[36m(ClientAppActor pid=378021)[0m 
[36m(ClientAppActor pid=378021)[0m         
[36m(ClientAppActor pid=378017)[0m 
[36m(ClientAppActor pid=378017)[0m         
[36m(ClientAppActor pid=378021)[0m 
[36m(ClientAppActor pid=378021)[0m         
[36m(ClientAppActor pid=378017)[0m 
[36m(ClientAppActor pid=378017)[0m         
[36m(ClientAppActor pid=378017)[0m 
[36m(ClientAppActor pid=378017)[0m         
[36m(ClientAppActor pid=378017)[0m 
[36m(ClientAppActor pid=378017)[0m         
[36m(ClientAppActor pid=378021)[0m 
[36m(ClientAppActor pid=378021)[0m         
[36m(ClientAppActor pid=378021)[0m [93mWARNING [0m:   DEPRECATED FEATURE: `client_fn` now expects a signature `def client_fn(context: Context)`.The provided `client_fn` has signature: {'cid': <Parameter "cid: str">}. You can import the `Context` like this: `from flwr.app import Context`[32m [repeated 19x across cluster][0m
[36m(ClientAppActor pid=378021)[0m             This is a deprecated feature. It will be removed[32m [repeated 19x across cluster][0m
[36m(ClientAppActor pid=378021)[0m             entirely in future versions of Flower.[32m [repeated 19x across cluster][0m
[36m(ClientAppActor pid=378017)[0m 
[36m(ClientAppActor pid=378017)[0m         
[36m(ClientAppActor pid=378021)[0m [Client 0] Training on NVIDIA GeForce RTX 3060[32m [repeated 8x across cluster][0m
[36m(ClientAppActor pid=378021)[0m 
[36m(ClientAppActor pid=378021)[0m         
[36m(ClientAppActor pid=378021)[0m 
[36m(ClientAppActor pid=378021)[0m         
[92mINFO [0m:      aggregate_fit: received 10 results and 0 failures
INFO:flwr:aggregate_fit: received 10 results and 0 failures
[CascadeRouter] Round 34: 10 clients, 24578 parameters/client
[92mINFO [0m:      configure_evaluate: strategy sampled 10 clients (out of 10)
INFO:flwr:configure_evaluate: strategy sampled 10 clients (out of 10)
[36m(ClientAppActor pid=378021)[0m 
[36m(ClientAppActor pid=378021)[0m         
[36m(ClientAppActor pid=378021)[0m [93mWARNING [0m:   DEPRECATED FEATURE: `client_fn` now expects a signature `def client_fn(context: Context)`.The provided `client_fn` has signature: {'cid': <Parameter "cid: str">}. You can import the `Context` like this: `from flwr.app import Context`[32m [repeated 4x across cluster][0m
[36m(ClientAppActor pid=378021)[0m             This is a deprecated feature. It will be removed[32m [repeated 4x across cluster][0m
[36m(ClientAppActor pid=378021)[0m             entirely in future versions of Flower.[32m [repeated 4x across cluster][0m
[36m(ClientAppActor pid=378017)[0m 
[36m(ClientAppActor pid=378017)[0m         
[36m(ClientAppActor pid=378021)[0m 
[36m(ClientAppActor pid=378021)[0m         
[36m(ClientAppActor pid=378017)[0m 
[36m(ClientAppActor pid=378017)[0m         
[36m(ClientAppActor pid=378017)[0m 
[36m(ClientAppActor pid=378017)[0m         
[36m(ClientAppActor pid=378021)[0m 
[36m(ClientAppActor pid=378021)[0m         
[36m(ClientAppActor pid=378021)[0m 
[36m(ClientAppActor pid=378021)[0m         
[36m(ClientAppActor pid=378017)[0m 
[36m(ClientAppActor pid=378017)[0m         
[36m(ClientAppActor pid=378021)[0m 
[36m(ClientAppActor pid=378021)[0m         
[36m(ClientAppActor pid=378017)[0m 
[36m(ClientAppActor pid=378017)[0m         
[92mINFO [0m:      aggregate_evaluate: received 10 results and 0 failures
INFO:flwr:aggregate_evaluate: received 10 results and 0 failures
[92mINFO [0m:      
INFO:flwr:
[92mINFO [0m:      [ROUND 35]
INFO:flwr:[ROUND 35]
[92mINFO [0m:      configure_fit: strategy sampled 10 clients (out of 10)
INFO:flwr:configure_fit: strategy sampled 10 clients (out of 10)
[36m(ClientAppActor pid=378017)[0m 
[36m(ClientAppActor pid=378017)[0m         
[36m(ClientAppActor pid=378017)[0m [Client 1] Training on NVIDIA GeForce RTX 3060[32m [repeated 2x across cluster][0m
[36m(ClientAppActor pid=378021)[0m 
[36m(ClientAppActor pid=378021)[0m         
[36m(ClientAppActor pid=378017)[0m 
[36m(ClientAppActor pid=378017)[0m         
[36m(ClientAppActor pid=378021)[0m 
[36m(ClientAppActor pid=378021)[0m         
[36m(ClientAppActor pid=378021)[0m [93mWARNING [0m:   DEPRECATED FEATURE: `client_fn` now expects a signature `def client_fn(context: Context)`.The provided `client_fn` has signature: {'cid': <Parameter "cid: str">}. You can import the `Context` like this: `from flwr.app import Context`[32m [repeated 13x across cluster][0m
[36m(ClientAppActor pid=378021)[0m             This is a deprecated feature. It will be removed[32m [repeated 13x across cluster][0m
[36m(ClientAppActor pid=378021)[0m             entirely in future versions of Flower.[32m [repeated 13x across cluster][0m
[36m(ClientAppActor pid=378021)[0m 
[36m(ClientAppActor pid=378021)[0m         
[36m(ClientAppActor pid=378021)[0m [Client 4] Training on NVIDIA GeForce RTX 3060[32m [repeated 5x across cluster][0m
[36m(ClientAppActor pid=378021)[0m 
[36m(ClientAppActor pid=378021)[0m         
[36m(ClientAppActor pid=378021)[0m 
[36m(ClientAppActor pid=378021)[0m         
[36m(ClientAppActor pid=378021)[0m [93mWARNING [0m:   DEPRECATED FEATURE: `client_fn` now expects a signature `def client_fn(context: Context)`.The provided `client_fn` has signature: {'cid': <Parameter "cid: str">}. You can import the `Context` like this: `from flwr.app import Context`[32m [repeated 3x across cluster][0m
[36m(ClientAppActor pid=378021)[0m             This is a deprecated feature. It will be removed[32m [repeated 3x across cluster][0m
[36m(ClientAppActor pid=378021)[0m             entirely in future versions of Flower.[32m [repeated 3x across cluster][0m
[36m(ClientAppActor pid=378021)[0m 
[36m(ClientAppActor pid=378021)[0m         
[36m(ClientAppActor pid=378021)[0m 
[36m(ClientAppActor pid=378021)[0m         
[36m(ClientAppActor pid=378017)[0m 
[36m(ClientAppActor pid=378017)[0m         
[92mINFO [0m:      aggregate_fit: received 10 results and 0 failures
INFO:flwr:aggregate_fit: received 10 results and 0 failures
[CascadeRouter] Round 35: 10 clients, 24578 parameters/client
[92mINFO [0m:      configure_evaluate: strategy sampled 10 clients (out of 10)
INFO:flwr:configure_evaluate: strategy sampled 10 clients (out of 10)
[36m(ClientAppActor pid=378021)[0m 
[36m(ClientAppActor pid=378021)[0m         
[36m(ClientAppActor pid=378017)[0m 
[36m(ClientAppActor pid=378017)[0m         
[36m(ClientAppActor pid=378017)[0m 
[36m(ClientAppActor pid=378017)[0m         
[36m(ClientAppActor pid=378021)[0m 
[36m(ClientAppActor pid=378021)[0m         
[36m(ClientAppActor pid=378021)[0m 
[36m(ClientAppActor pid=378021)[0m         
[36m(ClientAppActor pid=378017)[0m 
[36m(ClientAppActor pid=378017)[0m         
[36m(ClientAppActor pid=378021)[0m 
[36m(ClientAppActor pid=378021)[0m         
[36m(ClientAppActor pid=378017)[0m 
[36m(ClientAppActor pid=378017)[0m         
[36m(ClientAppActor pid=378021)[0m 
[36m(ClientAppActor pid=378021)[0m         
[36m(ClientAppActor pid=378017)[0m 
[36m(ClientAppActor pid=378017)[0m         
[92mINFO [0m:      aggregate_evaluate: received 10 results and 0 failures
INFO:flwr:aggregate_evaluate: received 10 results and 0 failures
[92mINFO [0m:      
INFO:flwr:
[92mINFO [0m:      [ROUND 36]
INFO:flwr:[ROUND 36]
[92mINFO [0m:      configure_fit: strategy sampled 10 clients (out of 10)
INFO:flwr:configure_fit: strategy sampled 10 clients (out of 10)
[36m(ClientAppActor pid=378021)[0m [Client 3] Training on NVIDIA GeForce RTX 3060[32m [repeated 5x across cluster][0m
[36m(ClientAppActor pid=378017)[0m 
[36m(ClientAppActor pid=378017)[0m         
[36m(ClientAppActor pid=378021)[0m 
[36m(ClientAppActor pid=378021)[0m         
[36m(ClientAppActor pid=378017)[0m 
[36m(ClientAppActor pid=378017)[0m         
[36m(ClientAppActor pid=378021)[0m 
[36m(ClientAppActor pid=378021)[0m         
[36m(ClientAppActor pid=378021)[0m 
[36m(ClientAppActor pid=378021)[0m         
[36m(ClientAppActor pid=378021)[0m [93mWARNING [0m:   DEPRECATED FEATURE: `client_fn` now expects a signature `def client_fn(context: Context)`.The provided `client_fn` has signature: {'cid': <Parameter "cid: str">}. You can import the `Context` like this: `from flwr.app import Context`[32m [repeated 18x across cluster][0m
[36m(ClientAppActor pid=378021)[0m             This is a deprecated feature. It will be removed[32m [repeated 18x across cluster][0m
[36m(ClientAppActor pid=378021)[0m             entirely in future versions of Flower.[32m [repeated 18x across cluster][0m
[36m(ClientAppActor pid=378017)[0m 
[36m(ClientAppActor pid=378017)[0m         
[36m(ClientAppActor pid=378017)[0m 
[36m(ClientAppActor pid=378017)[0m         
[36m(ClientAppActor pid=378021)[0m 
[36m(ClientAppActor pid=378021)[0m         
[36m(ClientAppActor pid=378017)[0m 
[36m(ClientAppActor pid=378017)[0m         
[36m(ClientAppActor pid=378021)[0m [Client 9] Training on NVIDIA GeForce RTX 3060[32m [repeated 9x across cluster][0m
[36m(ClientAppActor pid=378021)[0m 
[36m(ClientAppActor pid=378021)[0m         
[36m(ClientAppActor pid=378021)[0m [93mWARNING [0m:   DEPRECATED FEATURE: `client_fn` now expects a signature `def client_fn(context: Context)`.The provided `client_fn` has signature: {'cid': <Parameter "cid: str">}. You can import the `Context` like this: `from flwr.app import Context`[32m [repeated 5x across cluster][0m
[36m(ClientAppActor pid=378021)[0m             This is a deprecated feature. It will be removed[32m [repeated 5x across cluster][0m
[36m(ClientAppActor pid=378021)[0m             entirely in future versions of Flower.[32m [repeated 5x across cluster][0m
[92mINFO [0m:      aggregate_fit: received 10 results and 0 failures
INFO:flwr:aggregate_fit: received 10 results and 0 failures
[CascadeRouter] Round 36: 10 clients, 24578 parameters/client
[92mINFO [0m:      configure_evaluate: strategy sampled 10 clients (out of 10)
INFO:flwr:configure_evaluate: strategy sampled 10 clients (out of 10)
[36m(ClientAppActor pid=378017)[0m 
[36m(ClientAppActor pid=378017)[0m         
[36m(ClientAppActor pid=378017)[0m [93mWARNING [0m:   DEPRECATED FEATURE: `client_fn` now expects a signature `def client_fn(context: Context)`.The provided `client_fn` has signature: {'cid': <Parameter "cid: str">}. You can import the `Context` like this: `from flwr.app import Context`
[36m(ClientAppActor pid=378017)[0m             This is a deprecated feature. It will be removed
[36m(ClientAppActor pid=378017)[0m             entirely in future versions of Flower.
[36m(ClientAppActor pid=378021)[0m [93mWARNING [0m:   DEPRECATED FEATURE: `client_fn` now expects a signature `def client_fn(context: Context)`.The provided `client_fn` has signature: {'cid': <Parameter "cid: str">}. You can import the `Context` like this: `from flwr.app import Context`
[36m(ClientAppActor pid=378021)[0m 
[36m(ClientAppActor pid=378021)[0m             This is a deprecated feature. It will be removed
[36m(ClientAppActor pid=378021)[0m             entirely in future versions of Flower.
[36m(ClientAppActor pid=378021)[0m         
[36m(ClientAppActor pid=378021)[0m [93mWARNING [0m:   DEPRECATED FEATURE: `client_fn` now expects a signature `def client_fn(context: Context)`.The provided `client_fn` has signature: {'cid': <Parameter "cid: str">}. You can import the `Context` like this: `from flwr.app import Context`
[36m(ClientAppActor pid=378021)[0m 
[36m(ClientAppActor pid=378021)[0m             This is a deprecated feature. It will be removed
[36m(ClientAppActor pid=378021)[0m             entirely in future versions of Flower.
[36m(ClientAppActor pid=378021)[0m         
[36m(ClientAppActor pid=378017)[0m 
[36m(ClientAppActor pid=378017)[0m         
[36m(ClientAppActor pid=378021)[0m 
[36m(ClientAppActor pid=378021)[0m         
[36m(ClientAppActor pid=378017)[0m 
[36m(ClientAppActor pid=378017)[0m         
[36m(ClientAppActor pid=378021)[0m 
[36m(ClientAppActor pid=378021)[0m         
[36m(ClientAppActor pid=378017)[0m 
[36m(ClientAppActor pid=378017)[0m         
[36m(ClientAppActor pid=378021)[0m 
[36m(ClientAppActor pid=378021)[0m         
[36m(ClientAppActor pid=378017)[0m 
[36m(ClientAppActor pid=378017)[0m         
[92mINFO [0m:      aggregate_evaluate: received 10 results and 0 failures
INFO:flwr:aggregate_evaluate: received 10 results and 0 failures
[92mINFO [0m:      
INFO:flwr:
[92mINFO [0m:      [ROUND 37]
INFO:flwr:[ROUND 37]
[92mINFO [0m:      configure_fit: strategy sampled 10 clients (out of 10)
INFO:flwr:configure_fit: strategy sampled 10 clients (out of 10)
[36m(ClientAppActor pid=378017)[0m 
[36m(ClientAppActor pid=378017)[0m         
[36m(ClientAppActor pid=378017)[0m [Client 2] Training on NVIDIA GeForce RTX 3060
[36m(ClientAppActor pid=378021)[0m [Client 0] Training on NVIDIA GeForce RTX 3060
[36m(ClientAppActor pid=378021)[0m 
[36m(ClientAppActor pid=378021)[0m         
[36m(ClientAppActor pid=378017)[0m 
[36m(ClientAppActor pid=378017)[0m         
[36m(ClientAppActor pid=378021)[0m 
[36m(ClientAppActor pid=378021)[0m         
[36m(ClientAppActor pid=378021)[0m 
[36m(ClientAppActor pid=378021)[0m         
[36m(ClientAppActor pid=378017)[0m 
[36m(ClientAppActor pid=378017)[0m         
[36m(ClientAppActor pid=378021)[0m 
[36m(ClientAppActor pid=378021)[0m         
[36m(ClientAppActor pid=378021)[0m 
[36m(ClientAppActor pid=378021)[0m         
[36m(ClientAppActor pid=378017)[0m 
[36m(ClientAppActor pid=378017)[0m         
[36m(ClientAppActor pid=378017)[0m [93mWARNING [0m:   DEPRECATED FEATURE: `client_fn` now expects a signature `def client_fn(context: Context)`.The provided `client_fn` has signature: {'cid': <Parameter "cid: str">}. You can import the `Context` like this: `from flwr.app import Context`[32m [repeated 16x across cluster][0m
[36m(ClientAppActor pid=378017)[0m             This is a deprecated feature. It will be removed[32m [repeated 16x across cluster][0m
[36m(ClientAppActor pid=378017)[0m             entirely in future versions of Flower.[32m [repeated 16x across cluster][0m
[36m(ClientAppActor pid=378017)[0m 
[36m(ClientAppActor pid=378017)[0m         
[36m(ClientAppActor pid=378017)[0m [Client 8] Training on NVIDIA GeForce RTX 3060[32m [repeated 8x across cluster][0m
[92mINFO [0m:      aggregate_fit: received 10 results and 0 failures
INFO:flwr:aggregate_fit: received 10 results and 0 failures
[CascadeRouter] Round 37: 10 clients, 24578 parameters/client
[92mINFO [0m:      configure_evaluate: strategy sampled 10 clients (out of 10)
INFO:flwr:configure_evaluate: strategy sampled 10 clients (out of 10)
[36m(ClientAppActor pid=378021)[0m 
[36m(ClientAppActor pid=378021)[0m         
[36m(ClientAppActor pid=378021)[0m [93mWARNING [0m:   DEPRECATED FEATURE: `client_fn` now expects a signature `def client_fn(context: Context)`.The provided `client_fn` has signature: {'cid': <Parameter "cid: str">}. You can import the `Context` like this: `from flwr.app import Context`[32m [repeated 2x across cluster][0m
[36m(ClientAppActor pid=378021)[0m             This is a deprecated feature. It will be removed[32m [repeated 2x across cluster][0m
[36m(ClientAppActor pid=378021)[0m             entirely in future versions of Flower.[32m [repeated 2x across cluster][0m
[36m(ClientAppActor pid=378017)[0m 
[36m(ClientAppActor pid=378017)[0m         
[36m(ClientAppActor pid=378021)[0m 
[36m(ClientAppActor pid=378021)[0m         
[36m(ClientAppActor pid=378017)[0m 
[36m(ClientAppActor pid=378017)[0m         
[36m(ClientAppActor pid=378017)[0m 
[36m(ClientAppActor pid=378017)[0m         
[36m(ClientAppActor pid=378021)[0m 
[36m(ClientAppActor pid=378021)[0m         
[36m(ClientAppActor pid=378021)[0m 
[36m(ClientAppActor pid=378021)[0m         
[36m(ClientAppActor pid=378017)[0m 
[36m(ClientAppActor pid=378017)[0m         
[36m(ClientAppActor pid=378017)[0m 
[36m(ClientAppActor pid=378017)[0m         
[36m(ClientAppActor pid=378021)[0m 
[36m(ClientAppActor pid=378021)[0m         
[92mINFO [0m:      aggregate_evaluate: received 10 results and 0 failures
INFO:flwr:aggregate_evaluate: received 10 results and 0 failures
[92mINFO [0m:      
INFO:flwr:
[92mINFO [0m:      [ROUND 38]
INFO:flwr:[ROUND 38]
[92mINFO [0m:      configure_fit: strategy sampled 10 clients (out of 10)
INFO:flwr:configure_fit: strategy sampled 10 clients (out of 10)
[36m(ClientAppActor pid=378017)[0m 
[36m(ClientAppActor pid=378017)[0m         
[36m(ClientAppActor pid=378017)[0m [Client 9] Training on NVIDIA GeForce RTX 3060
[36m(ClientAppActor pid=378021)[0m [Client 1] Training on NVIDIA GeForce RTX 3060
[36m(ClientAppActor pid=378021)[0m 
[36m(ClientAppActor pid=378021)[0m         
[36m(ClientAppActor pid=378021)[0m [Client 3] Training on NVIDIA GeForce RTX 3060
[36m(ClientAppActor pid=378021)[0m 
[36m(ClientAppActor pid=378021)[0m         
[36m(ClientAppActor pid=378021)[0m [Client 6] Training on NVIDIA GeForce RTX 3060
[36m(ClientAppActor pid=378021)[0m 
[36m(ClientAppActor pid=378021)[0m         
[36m(ClientAppActor pid=378021)[0m [Client 2] Training on NVIDIA GeForce RTX 3060
[36m(ClientAppActor pid=378021)[0m 
[36m(ClientAppActor pid=378021)[0m         
[36m(ClientAppActor pid=378021)[0m [Client 8] Training on NVIDIA GeForce RTX 3060
[36m(ClientAppActor pid=378021)[0m 
[36m(ClientAppActor pid=378021)[0m         
[36m(ClientAppActor pid=378021)[0m [Client 5] Training on NVIDIA GeForce RTX 3060
[36m(ClientAppActor pid=378021)[0m 
[36m(ClientAppActor pid=378021)[0m         
[36m(ClientAppActor pid=378021)[0m [93mWARNING [0m:   DEPRECATED FEATURE: `client_fn` now expects a signature `def client_fn(context: Context)`.The provided `client_fn` has signature: {'cid': <Parameter "cid: str">}. You can import the `Context` like this: `from flwr.app import Context`[32m [repeated 16x across cluster][0m
[36m(ClientAppActor pid=378021)[0m             This is a deprecated feature. It will be removed[32m [repeated 16x across cluster][0m
[36m(ClientAppActor pid=378021)[0m             entirely in future versions of Flower.[32m [repeated 16x across cluster][0m
[36m(ClientAppActor pid=378021)[0m [Client 0] Training on NVIDIA GeForce RTX 3060
[36m(ClientAppActor pid=378021)[0m 
[36m(ClientAppActor pid=378021)[0m         
[36m(ClientAppActor pid=378021)[0m [Client 7] Training on NVIDIA GeForce RTX 3060
[36m(ClientAppActor pid=378021)[0m 
[36m(ClientAppActor pid=378021)[0m         
[36m(ClientAppActor pid=378017)[0m 
[36m(ClientAppActor pid=378017)[0m         
[92mINFO [0m:      aggregate_fit: received 10 results and 0 failures
INFO:flwr:aggregate_fit: received 10 results and 0 failures
[CascadeRouter] Round 38: 10 clients, 24578 parameters/client
[92mINFO [0m:      configure_evaluate: strategy sampled 10 clients (out of 10)
INFO:flwr:configure_evaluate: strategy sampled 10 clients (out of 10)
[36m(ClientAppActor pid=378017)[0m 
[36m(ClientAppActor pid=378017)[0m         
[36m(ClientAppActor pid=378017)[0m [93mWARNING [0m:   DEPRECATED FEATURE: `client_fn` now expects a signature `def client_fn(context: Context)`.The provided `client_fn` has signature: {'cid': <Parameter "cid: str">}. You can import the `Context` like this: `from flwr.app import Context`[32m [repeated 4x across cluster][0m
[36m(ClientAppActor pid=378017)[0m             This is a deprecated feature. It will be removed[32m [repeated 4x across cluster][0m
[36m(ClientAppActor pid=378017)[0m             entirely in future versions of Flower.[32m [repeated 4x across cluster][0m
[36m(ClientAppActor pid=378021)[0m 
[36m(ClientAppActor pid=378021)[0m         
[36m(ClientAppActor pid=378017)[0m 
[36m(ClientAppActor pid=378017)[0m         
[36m(ClientAppActor pid=378021)[0m 
[36m(ClientAppActor pid=378021)[0m         
[36m(ClientAppActor pid=378017)[0m 
[36m(ClientAppActor pid=378017)[0m         
[36m(ClientAppActor pid=378021)[0m 
[36m(ClientAppActor pid=378021)[0m         
[36m(ClientAppActor pid=378017)[0m 
[36m(ClientAppActor pid=378017)[0m         
[36m(ClientAppActor pid=378021)[0m 
[36m(ClientAppActor pid=378021)[0m         
[36m(ClientAppActor pid=378017)[0m 
[36m(ClientAppActor pid=378017)[0m         
[36m(ClientAppActor pid=378021)[0m 
[36m(ClientAppActor pid=378021)[0m         
[92mINFO [0m:      aggregate_evaluate: received 10 results and 0 failures
INFO:flwr:aggregate_evaluate: received 10 results and 0 failures
[92mINFO [0m:      
INFO:flwr:
[92mINFO [0m:      [ROUND 39]
INFO:flwr:[ROUND 39]
[92mINFO [0m:      configure_fit: strategy sampled 10 clients (out of 10)
INFO:flwr:configure_fit: strategy sampled 10 clients (out of 10)
[36m(ClientAppActor pid=378017)[0m 
[36m(ClientAppActor pid=378017)[0m         
[36m(ClientAppActor pid=378021)[0m 
[36m(ClientAppActor pid=378021)[0m         
[36m(ClientAppActor pid=378021)[0m [Client 0] Training on NVIDIA GeForce RTX 3060[32m [repeated 4x across cluster][0m
[36m(ClientAppActor pid=378021)[0m 
[36m(ClientAppActor pid=378021)[0m         
[36m(ClientAppActor pid=378021)[0m 
[36m(ClientAppActor pid=378021)[0m         
[36m(ClientAppActor pid=378017)[0m 
[36m(ClientAppActor pid=378017)[0m         
[36m(ClientAppActor pid=378017)[0m 
[36m(ClientAppActor pid=378017)[0m         
[36m(ClientAppActor pid=378021)[0m 
[36m(ClientAppActor pid=378021)[0m         
[36m(ClientAppActor pid=378021)[0m 
[36m(ClientAppActor pid=378021)[0m         
[36m(ClientAppActor pid=378021)[0m 
[36m(ClientAppActor pid=378021)[0m         
[36m(ClientAppActor pid=378021)[0m [93mWARNING [0m:   DEPRECATED FEATURE: `client_fn` now expects a signature `def client_fn(context: Context)`.The provided `client_fn` has signature: {'cid': <Parameter "cid: str">}. You can import the `Context` like this: `from flwr.app import Context`[32m [repeated 18x across cluster][0m
[36m(ClientAppActor pid=378021)[0m             This is a deprecated feature. It will be removed[32m [repeated 18x across cluster][0m
[36m(ClientAppActor pid=378021)[0m             entirely in future versions of Flower.[32m [repeated 18x across cluster][0m
[36m(ClientAppActor pid=378017)[0m 
[36m(ClientAppActor pid=378017)[0m         
[92mINFO [0m:      aggregate_fit: received 10 results and 0 failures
INFO:flwr:aggregate_fit: received 10 results and 0 failures
[CascadeRouter] Round 39: 10 clients, 24578 parameters/client
[92mINFO [0m:      configure_evaluate: strategy sampled 10 clients (out of 10)
INFO:flwr:configure_evaluate: strategy sampled 10 clients (out of 10)
[36m(ClientAppActor pid=378021)[0m 
[36m(ClientAppActor pid=378021)[0m         
[36m(ClientAppActor pid=378021)[0m [93mWARNING [0m:   DEPRECATED FEATURE: `client_fn` now expects a signature `def client_fn(context: Context)`.The provided `client_fn` has signature: {'cid': <Parameter "cid: str">}. You can import the `Context` like this: `from flwr.app import Context`[32m [repeated 2x across cluster][0m
[36m(ClientAppActor pid=378021)[0m             This is a deprecated feature. It will be removed[32m [repeated 2x across cluster][0m
[36m(ClientAppActor pid=378021)[0m             entirely in future versions of Flower.[32m [repeated 2x across cluster][0m
[36m(ClientAppActor pid=378017)[0m 
[36m(ClientAppActor pid=378017)[0m         
[36m(ClientAppActor pid=378021)[0m 
[36m(ClientAppActor pid=378021)[0m         
[36m(ClientAppActor pid=378017)[0m 
[36m(ClientAppActor pid=378017)[0m         
[36m(ClientAppActor pid=378017)[0m 
[36m(ClientAppActor pid=378017)[0m         
[36m(ClientAppActor pid=378021)[0m 
[36m(ClientAppActor pid=378021)[0m         
[36m(ClientAppActor pid=378021)[0m 
[36m(ClientAppActor pid=378021)[0m         
[36m(ClientAppActor pid=378017)[0m 
[36m(ClientAppActor pid=378017)[0m         
[36m(ClientAppActor pid=378021)[0m 
[36m(ClientAppActor pid=378021)[0m         
[36m(ClientAppActor pid=378017)[0m 
[36m(ClientAppActor pid=378017)[0m         
[92mINFO [0m:      aggregate_evaluate: received 10 results and 0 failures
INFO:flwr:aggregate_evaluate: received 10 results and 0 failures
[92mINFO [0m:      
INFO:flwr:
[92mINFO [0m:      [ROUND 40]
INFO:flwr:[ROUND 40]
[92mINFO [0m:      configure_fit: strategy sampled 10 clients (out of 10)
INFO:flwr:configure_fit: strategy sampled 10 clients (out of 10)
[36m(ClientAppActor pid=378021)[0m [Client 4] Training on NVIDIA GeForce RTX 3060[32m [repeated 8x across cluster][0m
[36m(ClientAppActor pid=378017)[0m 
[36m(ClientAppActor pid=378017)[0m         
[36m(ClientAppActor pid=378021)[0m 
[36m(ClientAppActor pid=378021)[0m         
[36m(ClientAppActor pid=378017)[0m 
[36m(ClientAppActor pid=378017)[0m         
[36m(ClientAppActor pid=378017)[0m 
[36m(ClientAppActor pid=378017)[0m         
[36m(ClientAppActor pid=378021)[0m 
[36m(ClientAppActor pid=378021)[0m         
[36m(ClientAppActor pid=378017)[0m 
[36m(ClientAppActor pid=378017)[0m         
[36m(ClientAppActor pid=378017)[0m 
[36m(ClientAppActor pid=378017)[0m         
[36m(ClientAppActor pid=378021)[0m [Client 0] Training on NVIDIA GeForce RTX 3060[32m [repeated 7x across cluster][0m
[36m(ClientAppActor pid=378021)[0m 
[36m(ClientAppActor pid=378021)[0m         
[36m(ClientAppActor pid=378021)[0m [93mWARNING [0m:   DEPRECATED FEATURE: `client_fn` now expects a signature `def client_fn(context: Context)`.The provided `client_fn` has signature: {'cid': <Parameter "cid: str">}. You can import the `Context` like this: `from flwr.app import Context`[32m [repeated 17x across cluster][0m
[36m(ClientAppActor pid=378021)[0m             This is a deprecated feature. It will be removed[32m [repeated 17x across cluster][0m
[36m(ClientAppActor pid=378021)[0m             entirely in future versions of Flower.[32m [repeated 17x across cluster][0m
[36m(ClientAppActor pid=378021)[0m 
[36m(ClientAppActor pid=378021)[0m         
[36m(ClientAppActor pid=378021)[0m 
[36m(ClientAppActor pid=378021)[0m         
[92mINFO [0m:      aggregate_fit: received 10 results and 0 failures
INFO:flwr:aggregate_fit: received 10 results and 0 failures
[CascadeRouter] Round 40: 10 clients, 24578 parameters/client
[92mINFO [0m:      configure_evaluate: strategy sampled 10 clients (out of 10)
INFO:flwr:configure_evaluate: strategy sampled 10 clients (out of 10)
[36m(ClientAppActor pid=378017)[0m 
[36m(ClientAppActor pid=378017)[0m         
[36m(ClientAppActor pid=378017)[0m [93mWARNING [0m:   DEPRECATED FEATURE: `client_fn` now expects a signature `def client_fn(context: Context)`.The provided `client_fn` has signature: {'cid': <Parameter "cid: str">}. You can import the `Context` like this: `from flwr.app import Context`[32m [repeated 3x across cluster][0m
[36m(ClientAppActor pid=378017)[0m             This is a deprecated feature. It will be removed[32m [repeated 3x across cluster][0m
[36m(ClientAppActor pid=378017)[0m             entirely in future versions of Flower.[32m [repeated 3x across cluster][0m
[36m(ClientAppActor pid=378021)[0m 
[36m(ClientAppActor pid=378021)[0m         
[36m(ClientAppActor pid=378021)[0m 
[36m(ClientAppActor pid=378021)[0m         
[36m(ClientAppActor pid=378017)[0m 
[36m(ClientAppActor pid=378017)[0m         
[36m(ClientAppActor pid=378017)[0m 
[36m(ClientAppActor pid=378017)[0m         
[36m(ClientAppActor pid=378021)[0m 
[36m(ClientAppActor pid=378021)[0m         
[36m(ClientAppActor pid=378017)[0m 
[36m(ClientAppActor pid=378017)[0m         
[36m(ClientAppActor pid=378021)[0m 
[36m(ClientAppActor pid=378021)[0m         
[36m(ClientAppActor pid=378017)[0m 
[36m(ClientAppActor pid=378017)[0m         
[36m(ClientAppActor pid=378021)[0m 
[36m(ClientAppActor pid=378021)[0m         
[92mINFO [0m:      aggregate_evaluate: received 10 results and 0 failures
INFO:flwr:aggregate_evaluate: received 10 results and 0 failures
[92mINFO [0m:      
INFO:flwr:
[92mINFO [0m:      [ROUND 41]
INFO:flwr:[ROUND 41]
[92mINFO [0m:      configure_fit: strategy sampled 10 clients (out of 10)
INFO:flwr:configure_fit: strategy sampled 10 clients (out of 10)
[36m(ClientAppActor pid=378021)[0m [Client 5] Training on NVIDIA GeForce RTX 3060[32m [repeated 3x across cluster][0m
[36m(ClientAppActor pid=378017)[0m 
[36m(ClientAppActor pid=378017)[0m         
[36m(ClientAppActor pid=378021)[0m 
[36m(ClientAppActor pid=378021)[0m         
[36m(ClientAppActor pid=378021)[0m 
[36m(ClientAppActor pid=378021)[0m         
[36m(ClientAppActor pid=378021)[0m 
[36m(ClientAppActor pid=378021)[0m         
[36m(ClientAppActor pid=378021)[0m [Client 1] Training on NVIDIA GeForce RTX 3060[32m [repeated 4x across cluster][0m
[36m(ClientAppActor pid=378021)[0m 
[36m(ClientAppActor pid=378021)[0m         
[36m(ClientAppActor pid=378021)[0m [93mWARNING [0m:   DEPRECATED FEATURE: `client_fn` now expects a signature `def client_fn(context: Context)`.The provided `client_fn` has signature: {'cid': <Parameter "cid: str">}. You can import the `Context` like this: `from flwr.app import Context`[32m [repeated 14x across cluster][0m
[36m(ClientAppActor pid=378021)[0m             This is a deprecated feature. It will be removed[32m [repeated 14x across cluster][0m
[36m(ClientAppActor pid=378021)[0m             entirely in future versions of Flower.[32m [repeated 14x across cluster][0m
[36m(ClientAppActor pid=378021)[0m 
[36m(ClientAppActor pid=378021)[0m         
[36m(ClientAppActor pid=378021)[0m 
[36m(ClientAppActor pid=378021)[0m         
[36m(ClientAppActor pid=378021)[0m 
[36m(ClientAppActor pid=378021)[0m         
[36m(ClientAppActor pid=378021)[0m 
[36m(ClientAppActor pid=378021)[0m         
[36m(ClientAppActor pid=378017)[0m 
[36m(ClientAppActor pid=378017)[0m         
[92mINFO [0m:      aggregate_fit: received 10 results and 0 failures
INFO:flwr:aggregate_fit: received 10 results and 0 failures
[CascadeRouter] Round 41: 10 clients, 24578 parameters/client
[92mINFO [0m:      configure_evaluate: strategy sampled 10 clients (out of 10)
INFO:flwr:configure_evaluate: strategy sampled 10 clients (out of 10)
[36m(ClientAppActor pid=378017)[0m 
[36m(ClientAppActor pid=378017)[0m         
[36m(ClientAppActor pid=378017)[0m [93mWARNING [0m:   DEPRECATED FEATURE: `client_fn` now expects a signature `def client_fn(context: Context)`.The provided `client_fn` has signature: {'cid': <Parameter "cid: str">}. You can import the `Context` like this: `from flwr.app import Context`[32m [repeated 6x across cluster][0m
[36m(ClientAppActor pid=378017)[0m             This is a deprecated feature. It will be removed[32m [repeated 6x across cluster][0m
[36m(ClientAppActor pid=378017)[0m             entirely in future versions of Flower.[32m [repeated 6x across cluster][0m
[36m(ClientAppActor pid=378021)[0m 
[36m(ClientAppActor pid=378021)[0m         
[36m(ClientAppActor pid=378017)[0m 
[36m(ClientAppActor pid=378017)[0m         
[36m(ClientAppActor pid=378021)[0m 
[36m(ClientAppActor pid=378021)[0m         
[36m(ClientAppActor pid=378017)[0m 
[36m(ClientAppActor pid=378017)[0m         
[36m(ClientAppActor pid=378021)[0m 
[36m(ClientAppActor pid=378021)[0m         
[36m(ClientAppActor pid=378017)[0m 
[36m(ClientAppActor pid=378017)[0m         
[36m(ClientAppActor pid=378021)[0m 
[36m(ClientAppActor pid=378021)[0m         
[36m(ClientAppActor pid=378017)[0m 
[36m(ClientAppActor pid=378017)[0m         
[36m(ClientAppActor pid=378021)[0m 
[36m(ClientAppActor pid=378021)[0m         
[92mINFO [0m:      aggregate_evaluate: received 10 results and 0 failures
INFO:flwr:aggregate_evaluate: received 10 results and 0 failures
[92mINFO [0m:      
INFO:flwr:
[92mINFO [0m:      [ROUND 42]
INFO:flwr:[ROUND 42]
[92mINFO [0m:      configure_fit: strategy sampled 10 clients (out of 10)
INFO:flwr:configure_fit: strategy sampled 10 clients (out of 10)
[36m(ClientAppActor pid=378021)[0m [Client 0] Training on NVIDIA GeForce RTX 3060[32m [repeated 6x across cluster][0m
[36m(ClientAppActor pid=378021)[0m 
[36m(ClientAppActor pid=378021)[0m         
[36m(ClientAppActor pid=378017)[0m 
[36m(ClientAppActor pid=378017)[0m         
[36m(ClientAppActor pid=378017)[0m 
[36m(ClientAppActor pid=378017)[0m         
[36m(ClientAppActor pid=378021)[0m 
[36m(ClientAppActor pid=378021)[0m         
[36m(ClientAppActor pid=378021)[0m 
[36m(ClientAppActor pid=378021)[0m         
[36m(ClientAppActor pid=378021)[0m 
[36m(ClientAppActor pid=378021)[0m         
[36m(ClientAppActor pid=378021)[0m 
[36m(ClientAppActor pid=378021)[0m         
[36m(ClientAppActor pid=378021)[0m [Client 8] Training on NVIDIA GeForce RTX 3060[32m [repeated 7x across cluster][0m
[36m(ClientAppActor pid=378021)[0m 
[36m(ClientAppActor pid=378021)[0m         
[36m(ClientAppActor pid=378021)[0m [93mWARNING [0m:   DEPRECATED FEATURE: `client_fn` now expects a signature `def client_fn(context: Context)`.The provided `client_fn` has signature: {'cid': <Parameter "cid: str">}. You can import the `Context` like this: `from flwr.app import Context`[32m [repeated 17x across cluster][0m
[36m(ClientAppActor pid=378021)[0m             This is a deprecated feature. It will be removed[32m [repeated 17x across cluster][0m
[36m(ClientAppActor pid=378021)[0m             entirely in future versions of Flower.[32m [repeated 17x across cluster][0m
[36m(ClientAppActor pid=378021)[0m 
[36m(ClientAppActor pid=378021)[0m         
[36m(ClientAppActor pid=378017)[0m 
[36m(ClientAppActor pid=378017)[0m         
[92mINFO [0m:      aggregate_fit: received 10 results and 0 failures
INFO:flwr:aggregate_fit: received 10 results and 0 failures
[CascadeRouter] Round 42: 10 clients, 24578 parameters/client
[92mINFO [0m:      configure_evaluate: strategy sampled 10 clients (out of 10)
INFO:flwr:configure_evaluate: strategy sampled 10 clients (out of 10)
[36m(ClientAppActor pid=378021)[0m 
[36m(ClientAppActor pid=378021)[0m         
[36m(ClientAppActor pid=378017)[0m 
[36m(ClientAppActor pid=378017)[0m         
[36m(ClientAppActor pid=378017)[0m 
[36m(ClientAppActor pid=378017)[0m         
[36m(ClientAppActor pid=378021)[0m 
[36m(ClientAppActor pid=378021)[0m         
[36m(ClientAppActor pid=378021)[0m 
[36m(ClientAppActor pid=378021)[0m         
[36m(ClientAppActor pid=378021)[0m [93mWARNING [0m:   DEPRECATED FEATURE: `client_fn` now expects a signature `def client_fn(context: Context)`.The provided `client_fn` has signature: {'cid': <Parameter "cid: str">}. You can import the `Context` like this: `from flwr.app import Context`[32m [repeated 7x across cluster][0m
[36m(ClientAppActor pid=378021)[0m             This is a deprecated feature. It will be removed[32m [repeated 7x across cluster][0m
[36m(ClientAppActor pid=378021)[0m             entirely in future versions of Flower.[32m [repeated 7x across cluster][0m
[36m(ClientAppActor pid=378017)[0m 
[36m(ClientAppActor pid=378017)[0m         
[36m(ClientAppActor pid=378021)[0m 
[36m(ClientAppActor pid=378021)[0m         
[36m(ClientAppActor pid=378017)[0m 
[36m(ClientAppActor pid=378017)[0m         
[36m(ClientAppActor pid=378017)[0m 
[36m(ClientAppActor pid=378017)[0m         
[36m(ClientAppActor pid=378021)[0m 
[36m(ClientAppActor pid=378021)[0m         
[92mINFO [0m:      aggregate_evaluate: received 10 results and 0 failures
INFO:flwr:aggregate_evaluate: received 10 results and 0 failures
[92mINFO [0m:      
INFO:flwr:
[92mINFO [0m:      [ROUND 43]
INFO:flwr:[ROUND 43]
[92mINFO [0m:      configure_fit: strategy sampled 10 clients (out of 10)
INFO:flwr:configure_fit: strategy sampled 10 clients (out of 10)
[36m(ClientAppActor pid=378017)[0m 
[36m(ClientAppActor pid=378017)[0m         
[36m(ClientAppActor pid=378017)[0m [Client 2] Training on NVIDIA GeForce RTX 3060[32m [repeated 3x across cluster][0m
[36m(ClientAppActor pid=378021)[0m 
[36m(ClientAppActor pid=378021)[0m         
[36m(ClientAppActor pid=378017)[0m 
[36m(ClientAppActor pid=378017)[0m         
[36m(ClientAppActor pid=378021)[0m 
[36m(ClientAppActor pid=378021)[0m         
[36m(ClientAppActor pid=378021)[0m [Client 6] Training on NVIDIA GeForce RTX 3060[32m [repeated 4x across cluster][0m
[36m(ClientAppActor pid=378021)[0m 
[36m(ClientAppActor pid=378021)[0m         
[36m(ClientAppActor pid=378021)[0m [93mWARNING [0m:   DEPRECATED FEATURE: `client_fn` now expects a signature `def client_fn(context: Context)`.The provided `client_fn` has signature: {'cid': <Parameter "cid: str">}. You can import the `Context` like this: `from flwr.app import Context`[32m [repeated 10x across cluster][0m
[36m(ClientAppActor pid=378021)[0m             This is a deprecated feature. It will be removed[32m [repeated 10x across cluster][0m
[36m(ClientAppActor pid=378021)[0m             entirely in future versions of Flower.[32m [repeated 10x across cluster][0m
[36m(ClientAppActor pid=378021)[0m 
[36m(ClientAppActor pid=378021)[0m         
[36m(ClientAppActor pid=378021)[0m 
[36m(ClientAppActor pid=378021)[0m         
[36m(ClientAppActor pid=378021)[0m 
[36m(ClientAppActor pid=378021)[0m         
[36m(ClientAppActor pid=378017)[0m 
[36m(ClientAppActor pid=378017)[0m         
[36m(ClientAppActor pid=378021)[0m 
[36m(ClientAppActor pid=378021)[0m         
[92mINFO [0m:      aggregate_fit: received 10 results and 0 failures
INFO:flwr:aggregate_fit: received 10 results and 0 failures
[CascadeRouter] Round 43: 10 clients, 24578 parameters/client
[92mINFO [0m:      configure_evaluate: strategy sampled 10 clients (out of 10)
INFO:flwr:configure_evaluate: strategy sampled 10 clients (out of 10)
[36m(ClientAppActor pid=378017)[0m 
[36m(ClientAppActor pid=378017)[0m         
[36m(ClientAppActor pid=378017)[0m [93mWARNING [0m:   DEPRECATED FEATURE: `client_fn` now expects a signature `def client_fn(context: Context)`.The provided `client_fn` has signature: {'cid': <Parameter "cid: str">}. You can import the `Context` like this: `from flwr.app import Context`[32m [repeated 6x across cluster][0m
[36m(ClientAppActor pid=378017)[0m             This is a deprecated feature. It will be removed[32m [repeated 6x across cluster][0m
[36m(ClientAppActor pid=378017)[0m             entirely in future versions of Flower.[32m [repeated 6x across cluster][0m
[36m(ClientAppActor pid=378021)[0m 
[36m(ClientAppActor pid=378021)[0m         
[36m(ClientAppActor pid=378017)[0m 
[36m(ClientAppActor pid=378017)[0m         
[36m(ClientAppActor pid=378021)[0m 
[36m(ClientAppActor pid=378021)[0m         
[36m(ClientAppActor pid=378017)[0m 
[36m(ClientAppActor pid=378017)[0m         
[36m(ClientAppActor pid=378021)[0m 
[36m(ClientAppActor pid=378021)[0m         
[36m(ClientAppActor pid=378017)[0m 
[36m(ClientAppActor pid=378017)[0m         
[36m(ClientAppActor pid=378021)[0m 
[36m(ClientAppActor pid=378021)[0m         
[36m(ClientAppActor pid=378017)[0m 
[36m(ClientAppActor pid=378017)[0m         
[36m(ClientAppActor pid=378021)[0m 
[36m(ClientAppActor pid=378021)[0m         
[92mINFO [0m:      aggregate_evaluate: received 10 results and 0 failures
INFO:flwr:aggregate_evaluate: received 10 results and 0 failures
[92mINFO [0m:      
INFO:flwr:
[92mINFO [0m:      [ROUND 44]
INFO:flwr:[ROUND 44]
[92mINFO [0m:      configure_fit: strategy sampled 10 clients (out of 10)
INFO:flwr:configure_fit: strategy sampled 10 clients (out of 10)
[36m(ClientAppActor pid=378021)[0m [Client 1] Training on NVIDIA GeForce RTX 3060[32m [repeated 6x across cluster][0m
[36m(ClientAppActor pid=378021)[0m 
[36m(ClientAppActor pid=378021)[0m         
[36m(ClientAppActor pid=378017)[0m 
[36m(ClientAppActor pid=378017)[0m         
[36m(ClientAppActor pid=378021)[0m 
[36m(ClientAppActor pid=378021)[0m         
[36m(ClientAppActor pid=378017)[0m 
[36m(ClientAppActor pid=378017)[0m         
[36m(ClientAppActor pid=378017)[0m 
[36m(ClientAppActor pid=378017)[0m         
[36m(ClientAppActor pid=378017)[0m [93mWARNING [0m:   DEPRECATED FEATURE: `client_fn` now expects a signature `def client_fn(context: Context)`.The provided `client_fn` has signature: {'cid': <Parameter "cid: str">}. You can import the `Context` like this: `from flwr.app import Context`[32m [repeated 14x across cluster][0m
[36m(ClientAppActor pid=378017)[0m             This is a deprecated feature. It will be removed[32m [repeated 14x across cluster][0m
[36m(ClientAppActor pid=378017)[0m             entirely in future versions of Flower.[32m [repeated 14x across cluster][0m
[36m(ClientAppActor pid=378017)[0m [Client 2] Training on NVIDIA GeForce RTX 3060[32m [repeated 4x across cluster][0m
[36m(ClientAppActor pid=378017)[0m 
[36m(ClientAppActor pid=378017)[0m         
[36m(ClientAppActor pid=378017)[0m 
[36m(ClientAppActor pid=378017)[0m         
[36m(ClientAppActor pid=378017)[0m 
[36m(ClientAppActor pid=378017)[0m         
[36m(ClientAppActor pid=378017)[0m 
[36m(ClientAppActor pid=378017)[0m         
[36m(ClientAppActor pid=378021)[0m 
[36m(ClientAppActor pid=378021)[0m         
[92mINFO [0m:      aggregate_fit: received 10 results and 0 failures
INFO:flwr:aggregate_fit: received 10 results and 0 failures
[CascadeRouter] Round 44: 10 clients, 24578 parameters/client
[92mINFO [0m:      configure_evaluate: strategy sampled 10 clients (out of 10)
INFO:flwr:configure_evaluate: strategy sampled 10 clients (out of 10)
[36m(ClientAppActor pid=378017)[0m 
[36m(ClientAppActor pid=378017)[0m         
[36m(ClientAppActor pid=378017)[0m [93mWARNING [0m:   DEPRECATED FEATURE: `client_fn` now expects a signature `def client_fn(context: Context)`.The provided `client_fn` has signature: {'cid': <Parameter "cid: str">}. You can import the `Context` like this: `from flwr.app import Context`[32m [repeated 6x across cluster][0m
[36m(ClientAppActor pid=378017)[0m             This is a deprecated feature. It will be removed[32m [repeated 6x across cluster][0m
[36m(ClientAppActor pid=378017)[0m             entirely in future versions of Flower.[32m [repeated 6x across cluster][0m
[36m(ClientAppActor pid=378021)[0m 
[36m(ClientAppActor pid=378021)[0m         
[36m(ClientAppActor pid=378017)[0m 
[36m(ClientAppActor pid=378017)[0m         
[36m(ClientAppActor pid=378021)[0m 
[36m(ClientAppActor pid=378021)[0m         
[36m(ClientAppActor pid=378017)[0m 
[36m(ClientAppActor pid=378017)[0m         
[36m(ClientAppActor pid=378021)[0m 
[36m(ClientAppActor pid=378021)[0m         
[36m(ClientAppActor pid=378021)[0m 
[36m(ClientAppActor pid=378021)[0m         
[36m(ClientAppActor pid=378017)[0m 
[36m(ClientAppActor pid=378017)[0m         
[36m(ClientAppActor pid=378021)[0m 
[36m(ClientAppActor pid=378021)[0m         
[36m(ClientAppActor pid=378017)[0m 
[36m(ClientAppActor pid=378017)[0m         
[92mINFO [0m:      aggregate_evaluate: received 10 results and 0 failures
INFO:flwr:aggregate_evaluate: received 10 results and 0 failures
[92mINFO [0m:      
INFO:flwr:
[92mINFO [0m:      [ROUND 45]
INFO:flwr:[ROUND 45]
[92mINFO [0m:      configure_fit: strategy sampled 10 clients (out of 10)
INFO:flwr:configure_fit: strategy sampled 10 clients (out of 10)
[36m(ClientAppActor pid=378021)[0m [Client 4] Training on NVIDIA GeForce RTX 3060[32m [repeated 6x across cluster][0m
[36m(ClientAppActor pid=378017)[0m 
[36m(ClientAppActor pid=378017)[0m         
[36m(ClientAppActor pid=378021)[0m 
[36m(ClientAppActor pid=378021)[0m         
[36m(ClientAppActor pid=378017)[0m 
[36m(ClientAppActor pid=378017)[0m         
[36m(ClientAppActor pid=378021)[0m 
[36m(ClientAppActor pid=378021)[0m         
[36m(ClientAppActor pid=378021)[0m 
[36m(ClientAppActor pid=378021)[0m         
[36m(ClientAppActor pid=378017)[0m 
[36m(ClientAppActor pid=378017)[0m         
[36m(ClientAppActor pid=378021)[0m 
[36m(ClientAppActor pid=378021)[0m         
[36m(ClientAppActor pid=378021)[0m 
[36m(ClientAppActor pid=378021)[0m         
[36m(ClientAppActor pid=378021)[0m [93mWARNING [0m:   DEPRECATED FEATURE: `client_fn` now expects a signature `def client_fn(context: Context)`.The provided `client_fn` has signature: {'cid': <Parameter "cid: str">}. You can import the `Context` like this: `from flwr.app import Context`[32m [repeated 17x across cluster][0m
[36m(ClientAppActor pid=378021)[0m             This is a deprecated feature. It will be removed[32m [repeated 17x across cluster][0m
[36m(ClientAppActor pid=378021)[0m             entirely in future versions of Flower.[32m [repeated 17x across cluster][0m
[36m(ClientAppActor pid=378021)[0m [Client 3] Training on NVIDIA GeForce RTX 3060[32m [repeated 8x across cluster][0m
[36m(ClientAppActor pid=378021)[0m 
[36m(ClientAppActor pid=378021)[0m         
[36m(ClientAppActor pid=378021)[0m 
[36m(ClientAppActor pid=378021)[0m         
[92mINFO [0m:      aggregate_fit: received 10 results and 0 failures
INFO:flwr:aggregate_fit: received 10 results and 0 failures
[CascadeRouter] Round 45: 10 clients, 24578 parameters/client
[92mINFO [0m:      configure_evaluate: strategy sampled 10 clients (out of 10)
INFO:flwr:configure_evaluate: strategy sampled 10 clients (out of 10)
[36m(ClientAppActor pid=378017)[0m 
[36m(ClientAppActor pid=378017)[0m         
[36m(ClientAppActor pid=378017)[0m [93mWARNING [0m:   DEPRECATED FEATURE: `client_fn` now expects a signature `def client_fn(context: Context)`.The provided `client_fn` has signature: {'cid': <Parameter "cid: str">}. You can import the `Context` like this: `from flwr.app import Context`[32m [repeated 3x across cluster][0m
[36m(ClientAppActor pid=378017)[0m             This is a deprecated feature. It will be removed[32m [repeated 3x across cluster][0m
[36m(ClientAppActor pid=378017)[0m             entirely in future versions of Flower.[32m [repeated 3x across cluster][0m
[36m(ClientAppActor pid=378021)[0m 
[36m(ClientAppActor pid=378021)[0m         
[36m(ClientAppActor pid=378017)[0m 
[36m(ClientAppActor pid=378017)[0m         
[36m(ClientAppActor pid=378021)[0m 
[36m(ClientAppActor pid=378021)[0m         
[36m(ClientAppActor pid=378017)[0m 
[36m(ClientAppActor pid=378017)[0m         
[36m(ClientAppActor pid=378021)[0m 
[36m(ClientAppActor pid=378021)[0m         
[36m(ClientAppActor pid=378017)[0m 
[36m(ClientAppActor pid=378017)[0m         
[36m(ClientAppActor pid=378021)[0m 
[36m(ClientAppActor pid=378021)[0m         
[36m(ClientAppActor pid=378017)[0m 
[36m(ClientAppActor pid=378017)[0m         
[36m(ClientAppActor pid=378021)[0m 
[36m(ClientAppActor pid=378021)[0m         
[92mINFO [0m:      aggregate_evaluate: received 10 results and 0 failures
INFO:flwr:aggregate_evaluate: received 10 results and 0 failures
[92mINFO [0m:      
INFO:flwr:
[92mINFO [0m:      [ROUND 46]
INFO:flwr:[ROUND 46]
[92mINFO [0m:      configure_fit: strategy sampled 10 clients (out of 10)
INFO:flwr:configure_fit: strategy sampled 10 clients (out of 10)
[36m(ClientAppActor pid=378021)[0m [Client 4] Training on NVIDIA GeForce RTX 3060[32m [repeated 2x across cluster][0m
[36m(ClientAppActor pid=378021)[0m 
[36m(ClientAppActor pid=378021)[0m         
[36m(ClientAppActor pid=378017)[0m 
[36m(ClientAppActor pid=378017)[0m         
[36m(ClientAppActor pid=378017)[0m 
[36m(ClientAppActor pid=378017)[0m         
[36m(ClientAppActor pid=378021)[0m 
[36m(ClientAppActor pid=378021)[0m         
[36m(ClientAppActor pid=378021)[0m 
[36m(ClientAppActor pid=378021)[0m         
[36m(ClientAppActor pid=378021)[0m 
[36m(ClientAppActor pid=378021)[0m         
[36m(ClientAppActor pid=378021)[0m [Client 0] Training on NVIDIA GeForce RTX 3060[32m [repeated 6x across cluster][0m
[36m(ClientAppActor pid=378021)[0m 
[36m(ClientAppActor pid=378021)[0m         
[36m(ClientAppActor pid=378021)[0m [93mWARNING [0m:   DEPRECATED FEATURE: `client_fn` now expects a signature `def client_fn(context: Context)`.The provided `client_fn` has signature: {'cid': <Parameter "cid: str">}. You can import the `Context` like this: `from flwr.app import Context`[32m [repeated 16x across cluster][0m
[36m(ClientAppActor pid=378021)[0m             This is a deprecated feature. It will be removed[32m [repeated 16x across cluster][0m
[36m(ClientAppActor pid=378021)[0m             entirely in future versions of Flower.[32m [repeated 16x across cluster][0m
[36m(ClientAppActor pid=378021)[0m 
[36m(ClientAppActor pid=378021)[0m         
[36m(ClientAppActor pid=378021)[0m 
[36m(ClientAppActor pid=378021)[0m         
[36m(ClientAppActor pid=378017)[0m 
[36m(ClientAppActor pid=378017)[0m         
[92mINFO [0m:      aggregate_fit: received 10 results and 0 failures
INFO:flwr:aggregate_fit: received 10 results and 0 failures
[CascadeRouter] Round 46: 10 clients, 24578 parameters/client
[92mINFO [0m:      configure_evaluate: strategy sampled 10 clients (out of 10)
INFO:flwr:configure_evaluate: strategy sampled 10 clients (out of 10)
[36m(ClientAppActor pid=378017)[0m 
[36m(ClientAppActor pid=378017)[0m         
[36m(ClientAppActor pid=378017)[0m [93mWARNING [0m:   DEPRECATED FEATURE: `client_fn` now expects a signature `def client_fn(context: Context)`.The provided `client_fn` has signature: {'cid': <Parameter "cid: str">}. You can import the `Context` like this: `from flwr.app import Context`[32m [repeated 4x across cluster][0m
[36m(ClientAppActor pid=378017)[0m             This is a deprecated feature. It will be removed[32m [repeated 4x across cluster][0m
[36m(ClientAppActor pid=378017)[0m             entirely in future versions of Flower.[32m [repeated 4x across cluster][0m
[36m(ClientAppActor pid=378021)[0m 
[36m(ClientAppActor pid=378021)[0m         
[36m(ClientAppActor pid=378021)[0m 
[36m(ClientAppActor pid=378021)[0m         
[36m(ClientAppActor pid=378017)[0m 
[36m(ClientAppActor pid=378017)[0m         
[36m(ClientAppActor pid=378021)[0m 
[36m(ClientAppActor pid=378021)[0m         
[36m(ClientAppActor pid=378017)[0m 
[36m(ClientAppActor pid=378017)[0m         
[36m(ClientAppActor pid=378021)[0m 
[36m(ClientAppActor pid=378021)[0m         
[36m(ClientAppActor pid=378017)[0m 
[36m(ClientAppActor pid=378017)[0m         
[36m(ClientAppActor pid=378017)[0m 
[36m(ClientAppActor pid=378017)[0m         
[36m(ClientAppActor pid=378021)[0m 
[36m(ClientAppActor pid=378021)[0m         
[92mINFO [0m:      aggregate_evaluate: received 10 results and 0 failures
INFO:flwr:aggregate_evaluate: received 10 results and 0 failures
[92mINFO [0m:      
INFO:flwr:
[92mINFO [0m:      [ROUND 47]
INFO:flwr:[ROUND 47]
[92mINFO [0m:      configure_fit: strategy sampled 10 clients (out of 10)
INFO:flwr:configure_fit: strategy sampled 10 clients (out of 10)
[36m(ClientAppActor pid=378017)[0m 
[36m(ClientAppActor pid=378017)[0m         
[36m(ClientAppActor pid=378017)[0m [Client 3] Training on NVIDIA GeForce RTX 3060[32m [repeated 4x across cluster][0m
[36m(ClientAppActor pid=378021)[0m 
[36m(ClientAppActor pid=378021)[0m         
[36m(ClientAppActor pid=378017)[0m 
[36m(ClientAppActor pid=378017)[0m         
[36m(ClientAppActor pid=378021)[0m 
[36m(ClientAppActor pid=378021)[0m         
[36m(ClientAppActor pid=378021)[0m 
[36m(ClientAppActor pid=378021)[0m         
[36m(ClientAppActor pid=378017)[0m 
[36m(ClientAppActor pid=378017)[0m         
[36m(ClientAppActor pid=378021)[0m 
[36m(ClientAppActor pid=378021)[0m         
[36m(ClientAppActor pid=378021)[0m 
[36m(ClientAppActor pid=378021)[0m         
[36m(ClientAppActor pid=378021)[0m [93mWARNING [0m:   DEPRECATED FEATURE: `client_fn` now expects a signature `def client_fn(context: Context)`.The provided `client_fn` has signature: {'cid': <Parameter "cid: str">}. You can import the `Context` like this: `from flwr.app import Context`[32m [repeated 17x across cluster][0m
[36m(ClientAppActor pid=378021)[0m             This is a deprecated feature. It will be removed[32m [repeated 17x across cluster][0m
[36m(ClientAppActor pid=378021)[0m             entirely in future versions of Flower.[32m [repeated 17x across cluster][0m
[36m(ClientAppActor pid=378021)[0m [Client 4] Training on NVIDIA GeForce RTX 3060[32m [repeated 8x across cluster][0m
[36m(ClientAppActor pid=378021)[0m 
[36m(ClientAppActor pid=378021)[0m         
[36m(ClientAppActor pid=378021)[0m 
[36m(ClientAppActor pid=378021)[0m         
[36m(ClientAppActor pid=378021)[0m [93mWARNING [0m:   DEPRECATED FEATURE: `client_fn` now expects a signature `def client_fn(context: Context)`.The provided `client_fn` has signature: {'cid': <Parameter "cid: str">}. You can import the `Context` like this: `from flwr.app import Context`[32m [repeated 2x across cluster][0m
[36m(ClientAppActor pid=378021)[0m             This is a deprecated feature. It will be removed[32m [repeated 2x across cluster][0m
[36m(ClientAppActor pid=378021)[0m             entirely in future versions of Flower.[32m [repeated 2x across cluster][0m
[92mINFO [0m:      aggregate_fit: received 10 results and 0 failures
INFO:flwr:aggregate_fit: received 10 results and 0 failures
[CascadeRouter] Round 47: 10 clients, 24578 parameters/client
[92mINFO [0m:      configure_evaluate: strategy sampled 10 clients (out of 10)
INFO:flwr:configure_evaluate: strategy sampled 10 clients (out of 10)
[36m(ClientAppActor pid=378017)[0m 
[36m(ClientAppActor pid=378017)[0m         
[36m(ClientAppActor pid=378021)[0m 
[36m(ClientAppActor pid=378021)[0m         
[36m(ClientAppActor pid=378017)[0m 
[36m(ClientAppActor pid=378017)[0m         
[36m(ClientAppActor pid=378021)[0m 
[36m(ClientAppActor pid=378021)[0m         
[36m(ClientAppActor pid=378017)[0m 
[36m(ClientAppActor pid=378017)[0m         
[36m(ClientAppActor pid=378021)[0m 
[36m(ClientAppActor pid=378021)[0m         
[36m(ClientAppActor pid=378017)[0m 
[36m(ClientAppActor pid=378017)[0m         
[36m(ClientAppActor pid=378021)[0m 
[36m(ClientAppActor pid=378021)[0m         
[36m(ClientAppActor pid=378017)[0m 
[36m(ClientAppActor pid=378017)[0m         
[36m(ClientAppActor pid=378021)[0m 
[36m(ClientAppActor pid=378021)[0m         
[92mINFO [0m:      aggregate_evaluate: received 10 results and 0 failures
INFO:flwr:aggregate_evaluate: received 10 results and 0 failures
[92mINFO [0m:      
INFO:flwr:
[92mINFO [0m:      [ROUND 48]
INFO:flwr:[ROUND 48]
[92mINFO [0m:      configure_fit: strategy sampled 10 clients (out of 10)
INFO:flwr:configure_fit: strategy sampled 10 clients (out of 10)
[36m(ClientAppActor pid=378021)[0m [Client 0] Training on NVIDIA GeForce RTX 3060[32m [repeated 2x across cluster][0m
[36m(ClientAppActor pid=378021)[0m 
[36m(ClientAppActor pid=378021)[0m         
[36m(ClientAppActor pid=378017)[0m 
[36m(ClientAppActor pid=378017)[0m         
[36m(ClientAppActor pid=378017)[0m 
[36m(ClientAppActor pid=378017)[0m         
[36m(ClientAppActor pid=378021)[0m 
[36m(ClientAppActor pid=378021)[0m         
[36m(ClientAppActor pid=378021)[0m [93mWARNING [0m:   DEPRECATED FEATURE: `client_fn` now expects a signature `def client_fn(context: Context)`.The provided `client_fn` has signature: {'cid': <Parameter "cid: str">}. You can import the `Context` like this: `from flwr.app import Context`[32m [repeated 14x across cluster][0m
[36m(ClientAppActor pid=378021)[0m             This is a deprecated feature. It will be removed[32m [repeated 14x across cluster][0m
[36m(ClientAppActor pid=378021)[0m             entirely in future versions of Flower.[32m [repeated 14x across cluster][0m
[36m(ClientAppActor pid=378021)[0m 
[36m(ClientAppActor pid=378021)[0m         
[36m(ClientAppActor pid=378017)[0m 
[36m(ClientAppActor pid=378017)[0m         
[36m(ClientAppActor pid=378021)[0m 
[36m(ClientAppActor pid=378021)[0m         
[36m(ClientAppActor pid=378021)[0m 
[36m(ClientAppActor pid=378021)[0m         
[36m(ClientAppActor pid=378021)[0m [Client 2] Training on NVIDIA GeForce RTX 3060[32m [repeated 8x across cluster][0m
[36m(ClientAppActor pid=378021)[0m 
[36m(ClientAppActor pid=378021)[0m         
[36m(ClientAppActor pid=378021)[0m [93mWARNING [0m:   DEPRECATED FEATURE: `client_fn` now expects a signature `def client_fn(context: Context)`.The provided `client_fn` has signature: {'cid': <Parameter "cid: str">}. You can import the `Context` like this: `from flwr.app import Context`[32m [repeated 5x across cluster][0m
[36m(ClientAppActor pid=378021)[0m             This is a deprecated feature. It will be removed[32m [repeated 5x across cluster][0m
[36m(ClientAppActor pid=378021)[0m             entirely in future versions of Flower.[32m [repeated 5x across cluster][0m
[36m(ClientAppActor pid=378021)[0m 
[36m(ClientAppActor pid=378021)[0m         
[92mINFO [0m:      aggregate_fit: received 10 results and 0 failures
INFO:flwr:aggregate_fit: received 10 results and 0 failures
[CascadeRouter] Round 48: 10 clients, 24578 parameters/client
[92mINFO [0m:      configure_evaluate: strategy sampled 10 clients (out of 10)
INFO:flwr:configure_evaluate: strategy sampled 10 clients (out of 10)
[36m(ClientAppActor pid=378017)[0m 
[36m(ClientAppActor pid=378017)[0m         
[36m(ClientAppActor pid=378021)[0m 
[36m(ClientAppActor pid=378021)[0m         
[36m(ClientAppActor pid=378017)[0m 
[36m(ClientAppActor pid=378017)[0m         
[36m(ClientAppActor pid=378021)[0m 
[36m(ClientAppActor pid=378021)[0m         
[36m(ClientAppActor pid=378017)[0m 
[36m(ClientAppActor pid=378017)[0m         
[36m(ClientAppActor pid=378021)[0m 
[36m(ClientAppActor pid=378021)[0m         
[36m(ClientAppActor pid=378017)[0m 
[36m(ClientAppActor pid=378017)[0m         
[36m(ClientAppActor pid=378021)[0m 
[36m(ClientAppActor pid=378021)[0m         
[36m(ClientAppActor pid=378017)[0m 
[36m(ClientAppActor pid=378017)[0m         
[36m(ClientAppActor pid=378021)[0m 
[36m(ClientAppActor pid=378021)[0m         
[92mINFO [0m:      aggregate_evaluate: received 10 results and 0 failures
INFO:flwr:aggregate_evaluate: received 10 results and 0 failures
[92mINFO [0m:      
INFO:flwr:
[92mINFO [0m:      [ROUND 49]
INFO:flwr:[ROUND 49]
[92mINFO [0m:      configure_fit: strategy sampled 10 clients (out of 10)
INFO:flwr:configure_fit: strategy sampled 10 clients (out of 10)
[36m(ClientAppActor pid=378021)[0m 
[36m(ClientAppActor pid=378021)[0m         
[36m(ClientAppActor pid=378017)[0m 
[36m(ClientAppActor pid=378017)[0m         
[36m(ClientAppActor pid=378017)[0m [93mWARNING [0m:   DEPRECATED FEATURE: `client_fn` now expects a signature `def client_fn(context: Context)`.The provided `client_fn` has signature: {'cid': <Parameter "cid: str">}. You can import the `Context` like this: `from flwr.app import Context`[32m [repeated 13x across cluster][0m
[36m(ClientAppActor pid=378017)[0m             This is a deprecated feature. It will be removed[32m [repeated 13x across cluster][0m
[36m(ClientAppActor pid=378017)[0m             entirely in future versions of Flower.[32m [repeated 13x across cluster][0m
[36m(ClientAppActor pid=378017)[0m [Client 9] Training on NVIDIA GeForce RTX 3060[32m [repeated 3x across cluster][0m
[36m(ClientAppActor pid=378021)[0m 
[36m(ClientAppActor pid=378021)[0m         
[36m(ClientAppActor pid=378021)[0m 
[36m(ClientAppActor pid=378021)[0m         
[36m(ClientAppActor pid=378021)[0m 
[36m(ClientAppActor pid=378021)[0m         
[36m(ClientAppActor pid=378021)[0m [Client 3] Training on NVIDIA GeForce RTX 3060[32m [repeated 4x across cluster][0m
[36m(ClientAppActor pid=378021)[0m 
[36m(ClientAppActor pid=378021)[0m         
[36m(ClientAppActor pid=378021)[0m [93mWARNING [0m:   DEPRECATED FEATURE: `client_fn` now expects a signature `def client_fn(context: Context)`.The provided `client_fn` has signature: {'cid': <Parameter "cid: str">}. You can import the `Context` like this: `from flwr.app import Context`[32m [repeated 4x across cluster][0m
[36m(ClientAppActor pid=378021)[0m             This is a deprecated feature. It will be removed[32m [repeated 4x across cluster][0m
[36m(ClientAppActor pid=378021)[0m             entirely in future versions of Flower.[32m [repeated 4x across cluster][0m
[36m(ClientAppActor pid=378021)[0m 
[36m(ClientAppActor pid=378021)[0m         
[36m(ClientAppActor pid=378021)[0m 
[36m(ClientAppActor pid=378021)[0m         
[36m(ClientAppActor pid=378017)[0m 
[36m(ClientAppActor pid=378017)[0m         
[36m(ClientAppActor pid=378021)[0m 
[36m(ClientAppActor pid=378021)[0m         
[92mINFO [0m:      aggregate_fit: received 10 results and 0 failures
INFO:flwr:aggregate_fit: received 10 results and 0 failures
[CascadeRouter] Round 49: 10 clients, 24578 parameters/client
[92mINFO [0m:      configure_evaluate: strategy sampled 10 clients (out of 10)
INFO:flwr:configure_evaluate: strategy sampled 10 clients (out of 10)
[36m(ClientAppActor pid=378017)[0m 
[36m(ClientAppActor pid=378017)[0m         
[36m(ClientAppActor pid=378021)[0m 
[36m(ClientAppActor pid=378021)[0m         
[36m(ClientAppActor pid=378017)[0m 
[36m(ClientAppActor pid=378017)[0m         
[36m(ClientAppActor pid=378021)[0m 
[36m(ClientAppActor pid=378021)[0m         
[36m(ClientAppActor pid=378017)[0m 
[36m(ClientAppActor pid=378017)[0m         
[36m(ClientAppActor pid=378021)[0m 
[36m(ClientAppActor pid=378021)[0m         
[36m(ClientAppActor pid=378017)[0m 
[36m(ClientAppActor pid=378017)[0m         
[36m(ClientAppActor pid=378021)[0m 
[36m(ClientAppActor pid=378021)[0m         
[36m(ClientAppActor pid=378017)[0m 
[36m(ClientAppActor pid=378017)[0m         
[36m(ClientAppActor pid=378021)[0m 
[36m(ClientAppActor pid=378021)[0m         
[92mINFO [0m:      aggregate_evaluate: received 10 results and 0 failures
INFO:flwr:aggregate_evaluate: received 10 results and 0 failures
[92mINFO [0m:      
INFO:flwr:
[92mINFO [0m:      [ROUND 50]
INFO:flwr:[ROUND 50]
[92mINFO [0m:      configure_fit: strategy sampled 10 clients (out of 10)
INFO:flwr:configure_fit: strategy sampled 10 clients (out of 10)
[36m(ClientAppActor pid=378021)[0m [Client 1] Training on NVIDIA GeForce RTX 3060[32m [repeated 5x across cluster][0m
[36m(ClientAppActor pid=378021)[0m 
[36m(ClientAppActor pid=378021)[0m         
[36m(ClientAppActor pid=378021)[0m [93mWARNING [0m:   DEPRECATED FEATURE: `client_fn` now expects a signature `def client_fn(context: Context)`.The provided `client_fn` has signature: {'cid': <Parameter "cid: str">}. You can import the `Context` like this: `from flwr.app import Context`[32m [repeated 15x across cluster][0m
[36m(ClientAppActor pid=378021)[0m             This is a deprecated feature. It will be removed[32m [repeated 15x across cluster][0m
[36m(ClientAppActor pid=378021)[0m             entirely in future versions of Flower.[32m [repeated 15x across cluster][0m
[36m(ClientAppActor pid=378017)[0m 
[36m(ClientAppActor pid=378017)[0m         
[36m(ClientAppActor pid=378021)[0m 
[36m(ClientAppActor pid=378021)[0m         
[36m(ClientAppActor pid=378021)[0m 
[36m(ClientAppActor pid=378021)[0m         
[36m(ClientAppActor pid=378017)[0m 
[36m(ClientAppActor pid=378017)[0m         
[36m(ClientAppActor pid=378021)[0m 
[36m(ClientAppActor pid=378021)[0m         
[36m(ClientAppActor pid=378017)[0m 
[36m(ClientAppActor pid=378017)[0m         
[36m(ClientAppActor pid=378021)[0m 
[36m(ClientAppActor pid=378021)[0m         
[36m(ClientAppActor pid=378021)[0m 
[36m(ClientAppActor pid=378021)[0m         
[36m(ClientAppActor pid=378021)[0m [Client 0] Training on NVIDIA GeForce RTX 3060[32m [repeated 9x across cluster][0m
[36m(ClientAppActor pid=378021)[0m 
[36m(ClientAppActor pid=378021)[0m         
[36m(ClientAppActor pid=378021)[0m [93mWARNING [0m:   DEPRECATED FEATURE: `client_fn` now expects a signature `def client_fn(context: Context)`.The provided `client_fn` has signature: {'cid': <Parameter "cid: str">}. You can import the `Context` like this: `from flwr.app import Context`[32m [repeated 9x across cluster][0m
[36m(ClientAppActor pid=378021)[0m             This is a deprecated feature. It will be removed[32m [repeated 9x across cluster][0m
[36m(ClientAppActor pid=378021)[0m             entirely in future versions of Flower.[32m [repeated 9x across cluster][0m
[92mINFO [0m:      aggregate_fit: received 10 results and 0 failures
INFO:flwr:aggregate_fit: received 10 results and 0 failures
[CascadeRouter] Round 50: 10 clients, 24578 parameters/client
[92mINFO [0m:      configure_evaluate: strategy sampled 10 clients (out of 10)
INFO:flwr:configure_evaluate: strategy sampled 10 clients (out of 10)
[36m(ClientAppActor pid=378017)[0m 
[36m(ClientAppActor pid=378017)[0m         
[36m(ClientAppActor pid=378021)[0m 
[36m(ClientAppActor pid=378021)[0m         
[36m(ClientAppActor pid=378017)[0m 
[36m(ClientAppActor pid=378017)[0m         
[36m(ClientAppActor pid=378021)[0m 
[36m(ClientAppActor pid=378021)[0m         
[36m(ClientAppActor pid=378017)[0m 
[36m(ClientAppActor pid=378017)[0m         
[36m(ClientAppActor pid=378021)[0m 
[36m(ClientAppActor pid=378021)[0m         
[36m(ClientAppActor pid=378017)[0m 
[36m(ClientAppActor pid=378017)[0m         
[36m(ClientAppActor pid=378021)[0m 
[36m(ClientAppActor pid=378021)[0m         
[36m(ClientAppActor pid=378017)[0m 
[36m(ClientAppActor pid=378017)[0m         
[36m(ClientAppActor pid=378021)[0m 
[36m(ClientAppActor pid=378021)[0m         
[36m(ClientAppActor pid=378021)[0m [93mWARNING [0m:   DEPRECATED FEATURE: `client_fn` now expects a signature `def client_fn(context: Context)`.The provided `client_fn` has signature: {'cid': <Parameter "cid: str">}. You can import the `Context` like this: `from flwr.app import Context`[32m [repeated 10x across cluster][0m
[36m(ClientAppActor pid=378021)[0m             This is a deprecated feature. It will be removed[32m [repeated 10x across cluster][0m
[36m(ClientAppActor pid=378021)[0m             entirely in future versions of Flower.[32m [repeated 10x across cluster][0m
[92mINFO [0m:      aggregate_evaluate: received 10 results and 0 failures
INFO:flwr:aggregate_evaluate: received 10 results and 0 failures
[92mINFO [0m:      
INFO:flwr:
[92mINFO [0m:      [SUMMARY]
INFO:flwr:[SUMMARY]
[92mINFO [0m:      Run finished 50 round(s) in 636.25s
INFO:flwr:Run finished 50 round(s) in 636.25s
[92mINFO [0m:      	History (loss, distributed):
INFO:flwr:	History (loss, distributed):
[92mINFO [0m:      		round 1: 0.3914964577674866
INFO:flwr:		round 1: 0.3914964577674866
[92mINFO [0m:      		round 2: 0.29696829433441163
INFO:flwr:		round 2: 0.29696829433441163
[92mINFO [0m:      		round 3: 0.21713257780075074
INFO:flwr:		round 3: 0.21713257780075074
[92mINFO [0m:      		round 4: 0.2020314597527186
INFO:flwr:		round 4: 0.2020314597527186
[92mINFO [0m:      		round 5: 0.1837518552382787
INFO:flwr:		round 5: 0.1837518552382787
[92mINFO [0m:      		round 6: 0.18499111926555634
INFO:flwr:		round 6: 0.18499111926555634
[92mINFO [0m:      		round 7: 0.17286827438672384
INFO:flwr:		round 7: 0.17286827438672384
[92mINFO [0m:      		round 8: 0.16085167643229167
INFO:flwr:		round 8: 0.16085167643229167
[92mINFO [0m:      		round 9: 0.16237064797083536
INFO:flwr:		round 9: 0.16237064797083536
[92mINFO [0m:      		round 10: 0.16912009324232738
INFO:flwr:		round 10: 0.16912009324232738
[92mINFO [0m:      		round 11: 0.17421578045686087
INFO:flwr:		round 11: 0.17421578045686087
[92mINFO [0m:      		round 12: 0.16676880870660146
INFO:flwr:		round 12: 0.16676880870660146
[92mINFO [0m:      		round 13: 0.161275647743543
INFO:flwr:		round 13: 0.161275647743543
[92mINFO [0m:      		round 14: 0.1727069309949875
INFO:flwr:		round 14: 0.1727069309949875
[92mINFO [0m:      		round 15: 0.1570526695807775
INFO:flwr:		round 15: 0.1570526695807775
[92mINFO [0m:      		round 16: 0.16780109459559123
INFO:flwr:		round 16: 0.16780109459559123
[92mINFO [0m:      		round 17: 0.15580075858434042
INFO:flwr:		round 17: 0.15580075858434042
[92mINFO [0m:      		round 18: 0.1708559191942215
INFO:flwr:		round 18: 0.1708559191942215
[92mINFO [0m:      		round 19: 0.1667403270959854
INFO:flwr:		round 19: 0.1667403270959854
[92mINFO [0m:      		round 20: 0.16056772491137186
INFO:flwr:		round 20: 0.16056772491137186
[92mINFO [0m:      		round 21: 0.17952415113449097
INFO:flwr:		round 21: 0.17952415113449097
[92mINFO [0m:      		round 22: 0.1661448374589284
INFO:flwr:		round 22: 0.1661448374589284
[92mINFO [0m:      		round 23: 0.17076890615622203
INFO:flwr:		round 23: 0.17076890615622203
[92mINFO [0m:      		round 24: 0.1552608867009481
INFO:flwr:		round 24: 0.1552608867009481
[92mINFO [0m:      		round 25: 0.16438046724796296
INFO:flwr:		round 25: 0.16438046724796296
[92mINFO [0m:      		round 26: 0.15803695023854575
INFO:flwr:		round 26: 0.15803695023854575
[92mINFO [0m:      		round 27: 0.19105022587776185
INFO:flwr:		round 27: 0.19105022587776185
[92mINFO [0m:      		round 28: 0.16403734216690063
INFO:flwr:		round 28: 0.16403734216690063
[92mINFO [0m:      		round 29: 0.16588101428349813
INFO:flwr:		round 29: 0.16588101428349813
[92mINFO [0m:      		round 30: 0.17613048218886057
INFO:flwr:		round 30: 0.17613048218886057
[92mINFO [0m:      		round 31: 0.16066650954087575
INFO:flwr:		round 31: 0.16066650954087575
[92mINFO [0m:      		round 32: 0.16331316115061442
INFO:flwr:		round 32: 0.16331316115061442
[92mINFO [0m:      		round 33: 0.17441754376888274
INFO:flwr:		round 33: 0.17441754376888274
[92mINFO [0m:      		round 34: 0.16559974298477173
INFO:flwr:		round 34: 0.16559974298477173
[92mINFO [0m:      		round 35: 0.16838674127260844
INFO:flwr:		round 35: 0.16838674127260844
[92mINFO [0m:      		round 36: 0.1795607106367747
INFO:flwr:		round 36: 0.1795607106367747
[92mINFO [0m:      		round 37: 0.16493377536932627
INFO:flwr:		round 37: 0.16493377536932627
[92mINFO [0m:      		round 38: 0.17385277433395385
INFO:flwr:		round 38: 0.17385277433395385
[92mINFO [0m:      		round 39: 0.1761080642938614
INFO:flwr:		round 39: 0.1761080642938614
[92mINFO [0m:      		round 40: 0.18185824437141418
INFO:flwr:		round 40: 0.18185824437141418
[92mINFO [0m:      		round 41: 0.17827135292689006
INFO:flwr:		round 41: 0.17827135292689006
[92mINFO [0m:      		round 42: 0.17122865822315217
INFO:flwr:		round 42: 0.17122865822315217
[92mINFO [0m:      		round 43: 0.19723453238010408
INFO:flwr:		round 43: 0.19723453238010408
[92mINFO [0m:      		round 44: 0.1926808697938919
INFO:flwr:		round 44: 0.1926808697938919
[92mINFO [0m:      		round 45: 0.21038567322889964
INFO:flwr:		round 45: 0.21038567322889964
[92mINFO [0m:      		round 46: 0.20536189987659453
INFO:flwr:		round 46: 0.20536189987659453
[92mINFO [0m:      		round 47: 0.19146802383263906
INFO:flwr:		round 47: 0.19146802383263906
[92mINFO [0m:      		round 48: 0.1944004173119863
INFO:flwr:		round 48: 0.1944004173119863
[92mINFO [0m:      		round 49: 0.20314886952241262
INFO:flwr:		round 49: 0.20314886952241262
[92mINFO [0m:      		round 50: 0.204954345925649
INFO:flwr:		round 50: 0.204954345925649
[92mINFO [0m:      	History (metrics, distributed, fit):
INFO:flwr:	History (metrics, distributed, fit):
[92mINFO [0m:      	{'layer1_reject_rate_at_threshold': [(1, 0.0),
INFO:flwr:	{'layer1_reject_rate_at_threshold': [(1, 0.0),
[92mINFO [0m:      	                                     (2, 0.0),
INFO:flwr:	                                     (2, 0.0),
[92mINFO [0m:      	                                     (3, 0.0),
INFO:flwr:	                                     (3, 0.0),
[92mINFO [0m:      	                                     (4, 0.0),
INFO:flwr:	                                     (4, 0.0),
[92mINFO [0m:      	                                     (5, 0.0),
INFO:flwr:	                                     (5, 0.0),
[92mINFO [0m:      	                                     (6, 0.0),
INFO:flwr:	                                     (6, 0.0),
[92mINFO [0m:      	                                     (7, 0.0),
INFO:flwr:	                                     (7, 0.0),
[92mINFO [0m:      	                                     (8, 0.0),
INFO:flwr:	                                     (8, 0.0),
[92mINFO [0m:      	                                     (9, 0.0),
INFO:flwr:	                                     (9, 0.0),
[92mINFO [0m:      	                                     (10, 0.0),
INFO:flwr:	                                     (10, 0.0),
[92mINFO [0m:      	                                     (11, 0.0),
INFO:flwr:	                                     (11, 0.0),
[92mINFO [0m:      	                                     (12, 0.0),
INFO:flwr:	                                     (12, 0.0),
[92mINFO [0m:      	                                     (13, 0.0),
INFO:flwr:	                                     (13, 0.0),
[92mINFO [0m:      	                                     (14, 0.0),
INFO:flwr:	                                     (14, 0.0),
[92mINFO [0m:      	                                     (15, 0.0),
INFO:flwr:	                                     (15, 0.0),
[92mINFO [0m:      	                                     (16, 0.0),
INFO:flwr:	                                     (16, 0.0),
[92mINFO [0m:      	                                     (17, 0.0),
INFO:flwr:	                                     (17, 0.0),
[92mINFO [0m:      	                                     (18, 0.0),
INFO:flwr:	                                     (18, 0.0),
[92mINFO [0m:      	                                     (19, 0.0),
INFO:flwr:	                                     (19, 0.0),
[92mINFO [0m:      	                                     (20, 0.0),
INFO:flwr:	                                     (20, 0.0),
[92mINFO [0m:      	                                     (21, 0.0),
INFO:flwr:	                                     (21, 0.0),
[92mINFO [0m:      	                                     (22, 0.0),
INFO:flwr:	                                     (22, 0.0),
[92mINFO [0m:      	                                     (23, 0.0),
INFO:flwr:	                                     (23, 0.0),
[92mINFO [0m:      	                                     (24, 0.0),
INFO:flwr:	                                     (24, 0.0),
[92mINFO [0m:      	                                     (25, 0.0),
INFO:flwr:	                                     (25, 0.0),
[92mINFO [0m:      	                                     (26, 0.0),
INFO:flwr:	                                     (26, 0.0),
[92mINFO [0m:      	                                     (27, 0.0),
INFO:flwr:	                                     (27, 0.0),
[92mINFO [0m:      	                                     (28, 0.0),
INFO:flwr:	                                     (28, 0.0),
[92mINFO [0m:      	                                     (29, 0.0),
INFO:flwr:	                                     (29, 0.0),
[92mINFO [0m:      	                                     (30, 0.0),
INFO:flwr:	                                     (30, 0.0),
[92mINFO [0m:      	                                     (31, 0.0),
INFO:flwr:	                                     (31, 0.0),
[92mINFO [0m:      	                                     (32, 0.0),
INFO:flwr:	                                     (32, 0.0),
[92mINFO [0m:      	                                     (33, 0.0),
INFO:flwr:	                                     (33, 0.0),
[92mINFO [0m:      	                                     (34, 0.0),
INFO:flwr:	                                     (34, 0.0),
[92mINFO [0m:      	                                     (35, 0.0),
INFO:flwr:	                                     (35, 0.0),
[92mINFO [0m:      	                                     (36, 0.0),
INFO:flwr:	                                     (36, 0.0),
[92mINFO [0m:      	                                     (37, 0.0),
INFO:flwr:	                                     (37, 0.0),
[92mINFO [0m:      	                                     (38, 0.0),
INFO:flwr:	                                     (38, 0.0),
[92mINFO [0m:      	                                     (39, 0.0),
INFO:flwr:	                                     (39, 0.0),
[92mINFO [0m:      	                                     (40, 0.0),
INFO:flwr:	                                     (40, 0.0),
[92mINFO [0m:      	                                     (41, 0.0),
INFO:flwr:	                                     (41, 0.0),
[92mINFO [0m:      	                                     (42, 0.0),
INFO:flwr:	                                     (42, 0.0),
[92mINFO [0m:      	                                     (43, 0.0),
INFO:flwr:	                                     (43, 0.0),
[92mINFO [0m:      	                                     (44, 0.0),
INFO:flwr:	                                     (44, 0.0),
[92mINFO [0m:      	                                     (45, 0.0),
INFO:flwr:	                                     (45, 0.0),
[92mINFO [0m:      	                                     (46, 0.0),
INFO:flwr:	                                     (46, 0.0),
[92mINFO [0m:      	                                     (47, 0.0),
INFO:flwr:	                                     (47, 0.0),
[92mINFO [0m:      	                                     (48, 0.0),
INFO:flwr:	                                     (48, 0.0),
[92mINFO [0m:      	                                     (49, 0.0),
INFO:flwr:	                                     (49, 0.0),
[92mINFO [0m:      	                                     (50, 0.0)],
INFO:flwr:	                                     (50, 0.0)],
[92mINFO [0m:      	 'layer1_reject_rate_raw': [(1, 0.0),
INFO:flwr:	 'layer1_reject_rate_raw': [(1, 0.0),
[92mINFO [0m:      	                            (2, 0.0),
INFO:flwr:	                            (2, 0.0),
[92mINFO [0m:      	                            (3, 0.0),
INFO:flwr:	                            (3, 0.0),
[92mINFO [0m:      	                            (4, 0.0),
INFO:flwr:	                            (4, 0.0),
[92mINFO [0m:      	                            (5, 0.0),
INFO:flwr:	                            (5, 0.0),
[92mINFO [0m:      	                            (6, 0.0),
INFO:flwr:	                            (6, 0.0),
[92mINFO [0m:      	                            (7, 0.0),
INFO:flwr:	                            (7, 0.0),
[92mINFO [0m:      	                            (8, 0.0),
INFO:flwr:	                            (8, 0.0),
[92mINFO [0m:      	                            (9, 0.0),
INFO:flwr:	                            (9, 0.0),
[92mINFO [0m:      	                            (10, 0.0),
INFO:flwr:	                            (10, 0.0),
[92mINFO [0m:      	                            (11, 0.0),
INFO:flwr:	                            (11, 0.0),
[92mINFO [0m:      	                            (12, 0.0),
INFO:flwr:	                            (12, 0.0),
[92mINFO [0m:      	                            (13, 0.0),
INFO:flwr:	                            (13, 0.0),
[92mINFO [0m:      	                            (14, 0.0),
INFO:flwr:	                            (14, 0.0),
[92mINFO [0m:      	                            (15, 0.0),
INFO:flwr:	                            (15, 0.0),
[92mINFO [0m:      	                            (16, 0.0),
INFO:flwr:	                            (16, 0.0),
[92mINFO [0m:      	                            (17, 0.0),
INFO:flwr:	                            (17, 0.0),
[92mINFO [0m:      	                            (18, 0.0),
INFO:flwr:	                            (18, 0.0),
[92mINFO [0m:      	                            (19, 0.0),
INFO:flwr:	                            (19, 0.0),
[92mINFO [0m:      	                            (20, 0.0),
INFO:flwr:	                            (20, 0.0),
[92mINFO [0m:      	                            (21, 0.0),
INFO:flwr:	                            (21, 0.0),
[92mINFO [0m:      	                            (22, 0.0),
INFO:flwr:	                            (22, 0.0),
[92mINFO [0m:      	                            (23, 0.0),
INFO:flwr:	                            (23, 0.0),
[92mINFO [0m:      	                            (24, 0.0),
INFO:flwr:	                            (24, 0.0),
[92mINFO [0m:      	                            (25, 0.0),
INFO:flwr:	                            (25, 0.0),
[92mINFO [0m:      	                            (26, 0.0),
INFO:flwr:	                            (26, 0.0),
[92mINFO [0m:      	                            (27, 0.0),
INFO:flwr:	                            (27, 0.0),
[92mINFO [0m:      	                            (28, 0.0),
INFO:flwr:	                            (28, 0.0),
[92mINFO [0m:      	                            (29, 0.0),
INFO:flwr:	                            (29, 0.0),
[92mINFO [0m:      	                            (30, 0.0),
INFO:flwr:	                            (30, 0.0),
[92mINFO [0m:      	                            (31, 0.0),
INFO:flwr:	                            (31, 0.0),
[92mINFO [0m:      	                            (32, 0.0),
INFO:flwr:	                            (32, 0.0),
[92mINFO [0m:      	                            (33, 0.0),
INFO:flwr:	                            (33, 0.0),
[92mINFO [0m:      	                            (34, 0.0),
INFO:flwr:	                            (34, 0.0),
[92mINFO [0m:      	                            (35, 0.0),
INFO:flwr:	                            (35, 0.0),
[92mINFO [0m:      	                            (36, 0.0),
INFO:flwr:	                            (36, 0.0),
[92mINFO [0m:      	                            (37, 0.0),
INFO:flwr:	                            (37, 0.0),
[92mINFO [0m:      	                            (38, 0.0),
INFO:flwr:	                            (38, 0.0),
[92mINFO [0m:      	                            (39, 0.0),
INFO:flwr:	                            (39, 0.0),
[92mINFO [0m:      	                            (40, 0.0),
INFO:flwr:	                            (40, 0.0),
[92mINFO [0m:      	                            (41, 0.0),
INFO:flwr:	                            (41, 0.0),
[92mINFO [0m:      	                            (42, 0.0),
INFO:flwr:	                            (42, 0.0),
[92mINFO [0m:      	                            (43, 0.0),
INFO:flwr:	                            (43, 0.0),
[92mINFO [0m:      	                            (44, 0.0),
INFO:flwr:	                            (44, 0.0),
[92mINFO [0m:      	                            (45, 0.0),
INFO:flwr:	                            (45, 0.0),
[92mINFO [0m:      	                            (46, 0.0),
INFO:flwr:	                            (46, 0.0),
[92mINFO [0m:      	                            (47, 0.0),
INFO:flwr:	                            (47, 0.0),
[92mINFO [0m:      	                            (48, 0.0),
INFO:flwr:	                            (48, 0.0),
[92mINFO [0m:      	                            (49, 0.0),
INFO:flwr:	                            (49, 0.0),
[92mINFO [0m:      	                            (50, 0.0)],
INFO:flwr:	                            (50, 0.0)],
[92mINFO [0m:      	 'layer1_threshold': [(1, 0.5),
INFO:flwr:	 'layer1_threshold': [(1, 0.5),
[92mINFO [0m:      	                      (2, 0.5),
INFO:flwr:	                      (2, 0.5),
[92mINFO [0m:      	                      (3, 0.5),
INFO:flwr:	                      (3, 0.5),
[92mINFO [0m:      	                      (4, 0.5),
INFO:flwr:	                      (4, 0.5),
[92mINFO [0m:      	                      (5, 0.5),
INFO:flwr:	                      (5, 0.5),
[92mINFO [0m:      	                      (6, 0.5),
INFO:flwr:	                      (6, 0.5),
[92mINFO [0m:      	                      (7, 0.5),
INFO:flwr:	                      (7, 0.5),
[92mINFO [0m:      	                      (8, 0.5),
INFO:flwr:	                      (8, 0.5),
[92mINFO [0m:      	                      (9, 0.5),
INFO:flwr:	                      (9, 0.5),
[92mINFO [0m:      	                      (10, 0.5),
INFO:flwr:	                      (10, 0.5),
[92mINFO [0m:      	                      (11, 0.5),
INFO:flwr:	                      (11, 0.5),
[92mINFO [0m:      	                      (12, 0.5),
INFO:flwr:	                      (12, 0.5),
[92mINFO [0m:      	                      (13, 0.5),
INFO:flwr:	                      (13, 0.5),
[92mINFO [0m:      	                      (14, 0.5),
INFO:flwr:	                      (14, 0.5),
[92mINFO [0m:      	                      (15, 0.5),
INFO:flwr:	                      (15, 0.5),
[92mINFO [0m:      	                      (16, 0.5),
INFO:flwr:	                      (16, 0.5),
[92mINFO [0m:      	                      (17, 0.5),
INFO:flwr:	                      (17, 0.5),
[92mINFO [0m:      	                      (18, 0.5),
INFO:flwr:	                      (18, 0.5),
[92mINFO [0m:      	                      (19, 0.5),
INFO:flwr:	                      (19, 0.5),
[92mINFO [0m:      	                      (20, 0.5),
INFO:flwr:	                      (20, 0.5),
[92mINFO [0m:      	                      (21, 0.5),
INFO:flwr:	                      (21, 0.5),
[92mINFO [0m:      	                      (22, 0.5),
INFO:flwr:	                      (22, 0.5),
[92mINFO [0m:      	                      (23, 0.5),
INFO:flwr:	                      (23, 0.5),
[92mINFO [0m:      	                      (24, 0.5),
INFO:flwr:	                      (24, 0.5),
[92mINFO [0m:      	                      (25, 0.5),
INFO:flwr:	                      (25, 0.5),
[92mINFO [0m:      	                      (26, 0.5),
INFO:flwr:	                      (26, 0.5),
[92mINFO [0m:      	                      (27, 0.5),
INFO:flwr:	                      (27, 0.5),
[92mINFO [0m:      	                      (28, 0.5),
INFO:flwr:	                      (28, 0.5),
[92mINFO [0m:      	                      (29, 0.5),
INFO:flwr:	                      (29, 0.5),
[92mINFO [0m:      	                      (30, 0.5),
INFO:flwr:	                      (30, 0.5),
[92mINFO [0m:      	                      (31, 0.5),
INFO:flwr:	                      (31, 0.5),
[92mINFO [0m:      	                      (32, 0.5),
INFO:flwr:	                      (32, 0.5),
[92mINFO [0m:      	                      (33, 0.5),
INFO:flwr:	                      (33, 0.5),
[92mINFO [0m:      	                      (34, 0.5),
INFO:flwr:	                      (34, 0.5),
[92mINFO [0m:      	                      (35, 0.5),
INFO:flwr:	                      (35, 0.5),
[92mINFO [0m:      	                      (36, 0.5),
INFO:flwr:	                      (36, 0.5),
[92mINFO [0m:      	                      (37, 0.5),
INFO:flwr:	                      (37, 0.5),
[92mINFO [0m:      	                      (38, 0.5),
INFO:flwr:	                      (38, 0.5),
[92mINFO [0m:      	                      (39, 0.5),
INFO:flwr:	                      (39, 0.5),
[92mINFO [0m:      	                      (40, 0.5),
INFO:flwr:	                      (40, 0.5),
[92mINFO [0m:      	                      (41, 0.5),
INFO:flwr:	                      (41, 0.5),
[92mINFO [0m:      	                      (42, 0.5),
INFO:flwr:	                      (42, 0.5),
[92mINFO [0m:      	                      (43, 0.5),
INFO:flwr:	                      (43, 0.5),
[92mINFO [0m:      	                      (44, 0.5),
INFO:flwr:	                      (44, 0.5),
[92mINFO [0m:      	                      (45, 0.5),
INFO:flwr:	                      (45, 0.5),
[92mINFO [0m:      	                      (46, 0.5),
INFO:flwr:	                      (46, 0.5),
[92mINFO [0m:      	                      (47, 0.5),
INFO:flwr:	                      (47, 0.5),
[92mINFO [0m:      	                      (48, 0.5),
INFO:flwr:	                      (48, 0.5),
[92mINFO [0m:      	                      (49, 0.5),
INFO:flwr:	                      (49, 0.5),
[92mINFO [0m:      	                      (50, 0.5)],
INFO:flwr:	                      (50, 0.5)],
[92mINFO [0m:      	 'layer2_reject_rate_at_threshold': [(1, 0.0),
INFO:flwr:	 'layer2_reject_rate_at_threshold': [(1, 0.0),
[92mINFO [0m:      	                                     (2, 0.0),
INFO:flwr:	                                     (2, 0.0),
[92mINFO [0m:      	                                     (3, 0.0),
INFO:flwr:	                                     (3, 0.0),
[92mINFO [0m:      	                                     (4, 0.0),
INFO:flwr:	                                     (4, 0.0),
[92mINFO [0m:      	                                     (5, 0.0),
INFO:flwr:	                                     (5, 0.0),
[92mINFO [0m:      	                                     (6, 0.0),
INFO:flwr:	                                     (6, 0.0),
[92mINFO [0m:      	                                     (7, 0.0),
INFO:flwr:	                                     (7, 0.0),
[92mINFO [0m:      	                                     (8, 0.0),
INFO:flwr:	                                     (8, 0.0),
[92mINFO [0m:      	                                     (9, 0.0),
INFO:flwr:	                                     (9, 0.0),
[92mINFO [0m:      	                                     (10, 0.0),
INFO:flwr:	                                     (10, 0.0),
[92mINFO [0m:      	                                     (11, 0.0),
INFO:flwr:	                                     (11, 0.0),
[92mINFO [0m:      	                                     (12, 0.0),
INFO:flwr:	                                     (12, 0.0),
[92mINFO [0m:      	                                     (13, 0.0),
INFO:flwr:	                                     (13, 0.0),
[92mINFO [0m:      	                                     (14, 0.0),
INFO:flwr:	                                     (14, 0.0),
[92mINFO [0m:      	                                     (15, 0.0),
INFO:flwr:	                                     (15, 0.0),
[92mINFO [0m:      	                                     (16, 0.0),
INFO:flwr:	                                     (16, 0.0),
[92mINFO [0m:      	                                     (17, 0.0),
INFO:flwr:	                                     (17, 0.0),
[92mINFO [0m:      	                                     (18, 0.0),
INFO:flwr:	                                     (18, 0.0),
[92mINFO [0m:      	                                     (19, 0.0),
INFO:flwr:	                                     (19, 0.0),
[92mINFO [0m:      	                                     (20, 0.0),
INFO:flwr:	                                     (20, 0.0),
[92mINFO [0m:      	                                     (21, 0.0),
INFO:flwr:	                                     (21, 0.0),
[92mINFO [0m:      	                                     (22, 0.0),
INFO:flwr:	                                     (22, 0.0),
[92mINFO [0m:      	                                     (23, 0.0),
INFO:flwr:	                                     (23, 0.0),
[92mINFO [0m:      	                                     (24, 0.0),
INFO:flwr:	                                     (24, 0.0),
[92mINFO [0m:      	                                     (25, 0.0),
INFO:flwr:	                                     (25, 0.0),
[92mINFO [0m:      	                                     (26, 0.0),
INFO:flwr:	                                     (26, 0.0),
[92mINFO [0m:      	                                     (27, 0.0),
INFO:flwr:	                                     (27, 0.0),
[92mINFO [0m:      	                                     (28, 0.0),
INFO:flwr:	                                     (28, 0.0),
[92mINFO [0m:      	                                     (29, 0.0),
INFO:flwr:	                                     (29, 0.0),
[92mINFO [0m:      	                                     (30, 0.0),
INFO:flwr:	                                     (30, 0.0),
[92mINFO [0m:      	                                     (31, 0.0),
INFO:flwr:	                                     (31, 0.0),
[92mINFO [0m:      	                                     (32, 0.0),
INFO:flwr:	                                     (32, 0.0),
[92mINFO [0m:      	                                     (33, 0.0),
INFO:flwr:	                                     (33, 0.0),
[92mINFO [0m:      	                                     (34, 0.0),
INFO:flwr:	                                     (34, 0.0),
[92mINFO [0m:      	                                     (35, 0.0),
INFO:flwr:	                                     (35, 0.0),
[92mINFO [0m:      	                                     (36, 0.0),
INFO:flwr:	                                     (36, 0.0),
[92mINFO [0m:      	                                     (37, 0.0),
INFO:flwr:	                                     (37, 0.0),
[92mINFO [0m:      	                                     (38, 0.0),
INFO:flwr:	                                     (38, 0.0),
[92mINFO [0m:      	                                     (39, 0.0),
INFO:flwr:	                                     (39, 0.0),
[92mINFO [0m:      	                                     (40, 0.0),
INFO:flwr:	                                     (40, 0.0),
[92mINFO [0m:      	                                     (41, 0.0),
INFO:flwr:	                                     (41, 0.0),
[92mINFO [0m:      	                                     (42, 0.0),
INFO:flwr:	                                     (42, 0.0),
[92mINFO [0m:      	                                     (43, 0.0),
INFO:flwr:	                                     (43, 0.0),
[92mINFO [0m:      	                                     (44, 0.0),
INFO:flwr:	                                     (44, 0.0),
[92mINFO [0m:      	                                     (45, 0.0),
INFO:flwr:	                                     (45, 0.0),
[92mINFO [0m:      	                                     (46, 0.0),
INFO:flwr:	                                     (46, 0.0),
[92mINFO [0m:      	                                     (47, 0.0),
INFO:flwr:	                                     (47, 0.0),
[92mINFO [0m:      	                                     (48, 0.0),
INFO:flwr:	                                     (48, 0.0),
[92mINFO [0m:      	                                     (49, 0.0),
INFO:flwr:	                                     (49, 0.0),
[92mINFO [0m:      	                                     (50, 0.0)],
INFO:flwr:	                                     (50, 0.0)],
[92mINFO [0m:      	 'layer2_reject_rate_raw': [(1, 0.0),
INFO:flwr:	 'layer2_reject_rate_raw': [(1, 0.0),
[92mINFO [0m:      	                            (2, 0.0),
INFO:flwr:	                            (2, 0.0),
[92mINFO [0m:      	                            (3, 0.0),
INFO:flwr:	                            (3, 0.0),
[92mINFO [0m:      	                            (4, 0.0),
INFO:flwr:	                            (4, 0.0),
[92mINFO [0m:      	                            (5, 0.0),
INFO:flwr:	                            (5, 0.0),
[92mINFO [0m:      	                            (6, 0.0),
INFO:flwr:	                            (6, 0.0),
[92mINFO [0m:      	                            (7, 0.0),
INFO:flwr:	                            (7, 0.0),
[92mINFO [0m:      	                            (8, 0.0),
INFO:flwr:	                            (8, 0.0),
[92mINFO [0m:      	                            (9, 0.0),
INFO:flwr:	                            (9, 0.0),
[92mINFO [0m:      	                            (10, 0.0),
INFO:flwr:	                            (10, 0.0),
[92mINFO [0m:      	                            (11, 0.0),
INFO:flwr:	                            (11, 0.0),
[92mINFO [0m:      	                            (12, 0.0),
INFO:flwr:	                            (12, 0.0),
[92mINFO [0m:      	                            (13, 0.0),
INFO:flwr:	                            (13, 0.0),
[92mINFO [0m:      	                            (14, 0.0),
INFO:flwr:	                            (14, 0.0),
[92mINFO [0m:      	                            (15, 0.0),
INFO:flwr:	                            (15, 0.0),
[92mINFO [0m:      	                            (16, 0.0),
INFO:flwr:	                            (16, 0.0),
[92mINFO [0m:      	                            (17, 0.0),
INFO:flwr:	                            (17, 0.0),
[92mINFO [0m:      	                            (18, 0.0),
INFO:flwr:	                            (18, 0.0),
[92mINFO [0m:      	                            (19, 0.0),
INFO:flwr:	                            (19, 0.0),
[92mINFO [0m:      	                            (20, 0.0),
INFO:flwr:	                            (20, 0.0),
[92mINFO [0m:      	                            (21, 0.0),
INFO:flwr:	                            (21, 0.0),
[92mINFO [0m:      	                            (22, 0.0),
INFO:flwr:	                            (22, 0.0),
[92mINFO [0m:      	                            (23, 0.0),
INFO:flwr:	                            (23, 0.0),
[92mINFO [0m:      	                            (24, 0.0),
INFO:flwr:	                            (24, 0.0),
[92mINFO [0m:      	                            (25, 0.0),
INFO:flwr:	                            (25, 0.0),
[92mINFO [0m:      	                            (26, 0.0),
INFO:flwr:	                            (26, 0.0),
[92mINFO [0m:      	                            (27, 0.0),
INFO:flwr:	                            (27, 0.0),
[92mINFO [0m:      	                            (28, 0.0),
INFO:flwr:	                            (28, 0.0),
[92mINFO [0m:      	                            (29, 0.0),
INFO:flwr:	                            (29, 0.0),
[92mINFO [0m:      	                            (30, 0.0),
INFO:flwr:	                            (30, 0.0),
[92mINFO [0m:      	                            (31, 0.0),
INFO:flwr:	                            (31, 0.0),
[92mINFO [0m:      	                            (32, 0.0),
INFO:flwr:	                            (32, 0.0),
[92mINFO [0m:      	                            (33, 0.0),
INFO:flwr:	                            (33, 0.0),
[92mINFO [0m:      	                            (34, 0.0),
INFO:flwr:	                            (34, 0.0),
[92mINFO [0m:      	                            (35, 0.0),
INFO:flwr:	                            (35, 0.0),
[92mINFO [0m:      	                            (36, 0.0),
INFO:flwr:	                            (36, 0.0),
[92mINFO [0m:      	                            (37, 0.0),
INFO:flwr:	                            (37, 0.0),
[92mINFO [0m:      	                            (38, 0.0),
INFO:flwr:	                            (38, 0.0),
[92mINFO [0m:      	                            (39, 0.0),
INFO:flwr:	                            (39, 0.0),
[92mINFO [0m:      	                            (40, 0.0),
INFO:flwr:	                            (40, 0.0),
[92mINFO [0m:      	                            (41, 0.0),
INFO:flwr:	                            (41, 0.0),
[92mINFO [0m:      	                            (42, 0.0),
INFO:flwr:	                            (42, 0.0),
[92mINFO [0m:      	                            (43, 0.0),
INFO:flwr:	                            (43, 0.0),
[92mINFO [0m:      	                            (44, 0.0),
INFO:flwr:	                            (44, 0.0),
[92mINFO [0m:      	                            (45, 0.0),
INFO:flwr:	                            (45, 0.0),
[92mINFO [0m:      	                            (46, 0.0),
INFO:flwr:	                            (46, 0.0),
[92mINFO [0m:      	                            (47, 0.0),
INFO:flwr:	                            (47, 0.0),
[92mINFO [0m:      	                            (48, 0.0),
INFO:flwr:	                            (48, 0.0),
[92mINFO [0m:      	                            (49, 0.0),
INFO:flwr:	                            (49, 0.0),
[92mINFO [0m:      	                            (50, 0.0)],
INFO:flwr:	                            (50, 0.0)],
[92mINFO [0m:      	 'layer2_threshold': [(1, 0.5),
INFO:flwr:	 'layer2_threshold': [(1, 0.5),
[92mINFO [0m:      	                      (2, 0.5),
INFO:flwr:	                      (2, 0.5),
[92mINFO [0m:      	                      (3, 0.5),
INFO:flwr:	                      (3, 0.5),
[92mINFO [0m:      	                      (4, 0.5),
INFO:flwr:	                      (4, 0.5),
[92mINFO [0m:      	                      (5, 0.5),
INFO:flwr:	                      (5, 0.5),
[92mINFO [0m:      	                      (6, 0.5),
INFO:flwr:	                      (6, 0.5),
[92mINFO [0m:      	                      (7, 0.5),
INFO:flwr:	                      (7, 0.5),
[92mINFO [0m:      	                      (8, 0.5),
INFO:flwr:	                      (8, 0.5),
[92mINFO [0m:      	                      (9, 0.5),
INFO:flwr:	                      (9, 0.5),
[92mINFO [0m:      	                      (10, 0.5),
INFO:flwr:	                      (10, 0.5),
[92mINFO [0m:      	                      (11, 0.5),
INFO:flwr:	                      (11, 0.5),
[92mINFO [0m:      	                      (12, 0.5),
INFO:flwr:	                      (12, 0.5),
[92mINFO [0m:      	                      (13, 0.5),
INFO:flwr:	                      (13, 0.5),
[92mINFO [0m:      	                      (14, 0.5),
INFO:flwr:	                      (14, 0.5),
[92mINFO [0m:      	                      (15, 0.5),
INFO:flwr:	                      (15, 0.5),
[92mINFO [0m:      	                      (16, 0.5),
INFO:flwr:	                      (16, 0.5),
[92mINFO [0m:      	                      (17, 0.5),
INFO:flwr:	                      (17, 0.5),
[92mINFO [0m:      	                      (18, 0.5),
INFO:flwr:	                      (18, 0.5),
[92mINFO [0m:      	                      (19, 0.5),
INFO:flwr:	                      (19, 0.5),
[92mINFO [0m:      	                      (20, 0.5),
INFO:flwr:	                      (20, 0.5),
[92mINFO [0m:      	                      (21, 0.5),
INFO:flwr:	                      (21, 0.5),
[92mINFO [0m:      	                      (22, 0.5),
INFO:flwr:	                      (22, 0.5),
[92mINFO [0m:      	                      (23, 0.5),
INFO:flwr:	                      (23, 0.5),
[92mINFO [0m:      	                      (24, 0.5),
INFO:flwr:	                      (24, 0.5),
[92mINFO [0m:      	                      (25, 0.5),
INFO:flwr:	                      (25, 0.5),
[92mINFO [0m:      	                      (26, 0.5),
INFO:flwr:	                      (26, 0.5),
[92mINFO [0m:      	                      (27, 0.5),
INFO:flwr:	                      (27, 0.5),
[92mINFO [0m:      	                      (28, 0.5),
INFO:flwr:	                      (28, 0.5),
[92mINFO [0m:      	                      (29, 0.5),
INFO:flwr:	                      (29, 0.5),
[92mINFO [0m:      	                      (30, 0.5),
INFO:flwr:	                      (30, 0.5),
[92mINFO [0m:      	                      (31, 0.5),
INFO:flwr:	                      (31, 0.5),
[92mINFO [0m:      	                      (32, 0.5),
INFO:flwr:	                      (32, 0.5),
[92mINFO [0m:      	                      (33, 0.5),
INFO:flwr:	                      (33, 0.5),
[92mINFO [0m:      	                      (34, 0.5),
INFO:flwr:	                      (34, 0.5),
[92mINFO [0m:      	                      (35, 0.5),
INFO:flwr:	                      (35, 0.5),
[92mINFO [0m:      	                      (36, 0.5),
INFO:flwr:	                      (36, 0.5),
[92mINFO [0m:      	                      (37, 0.5),
INFO:flwr:	                      (37, 0.5),
[92mINFO [0m:      	                      (38, 0.5),
INFO:flwr:	                      (38, 0.5),
[92mINFO [0m:      	                      (39, 0.5),
INFO:flwr:	                      (39, 0.5),
[92mINFO [0m:      	                      (40, 0.5),
INFO:flwr:	                      (40, 0.5),
[92mINFO [0m:      	                      (41, 0.5),
INFO:flwr:	                      (41, 0.5),
[92mINFO [0m:      	                      (42, 0.5),
INFO:flwr:	                      (42, 0.5),
[92mINFO [0m:      	                      (43, 0.5),
INFO:flwr:	                      (43, 0.5),
[92mINFO [0m:      	                      (44, 0.5),
INFO:flwr:	                      (44, 0.5),
[92mINFO [0m:      	                      (45, 0.5),
INFO:flwr:	                      (45, 0.5),
[92mINFO [0m:      	                      (46, 0.5),
INFO:flwr:	                      (46, 0.5),
[92mINFO [0m:      	                      (47, 0.5),
INFO:flwr:	                      (47, 0.5),
[92mINFO [0m:      	                      (48, 0.5),
INFO:flwr:	                      (48, 0.5),
[92mINFO [0m:      	                      (49, 0.5),
INFO:flwr:	                      (49, 0.5),
[92mINFO [0m:      	                      (50, 0.5)],
INFO:flwr:	                      (50, 0.5)],
[92mINFO [0m:      	 'layer3_reject_rate_at_threshold': [(1, 0.0),
INFO:flwr:	 'layer3_reject_rate_at_threshold': [(1, 0.0),
[92mINFO [0m:      	                                     (2, 0.0),
INFO:flwr:	                                     (2, 0.0),
[92mINFO [0m:      	                                     (3, 0.0),
INFO:flwr:	                                     (3, 0.0),
[92mINFO [0m:      	                                     (4, 0.0),
INFO:flwr:	                                     (4, 0.0),
[92mINFO [0m:      	                                     (5, 0.0),
INFO:flwr:	                                     (5, 0.0),
[92mINFO [0m:      	                                     (6, 0.0),
INFO:flwr:	                                     (6, 0.0),
[92mINFO [0m:      	                                     (7, 0.0),
INFO:flwr:	                                     (7, 0.0),
[92mINFO [0m:      	                                     (8, 0.0),
INFO:flwr:	                                     (8, 0.0),
[92mINFO [0m:      	                                     (9, 0.0),
INFO:flwr:	                                     (9, 0.0),
[92mINFO [0m:      	                                     (10, 0.0),
INFO:flwr:	                                     (10, 0.0),
[92mINFO [0m:      	                                     (11, 0.0),
INFO:flwr:	                                     (11, 0.0),
[92mINFO [0m:      	                                     (12, 0.0),
INFO:flwr:	                                     (12, 0.0),
[92mINFO [0m:      	                                     (13, 0.0),
INFO:flwr:	                                     (13, 0.0),
[92mINFO [0m:      	                                     (14, 0.0),
INFO:flwr:	                                     (14, 0.0),
[92mINFO [0m:      	                                     (15, 0.0),
INFO:flwr:	                                     (15, 0.0),
[92mINFO [0m:      	                                     (16, 0.0),
INFO:flwr:	                                     (16, 0.0),
[92mINFO [0m:      	                                     (17, 0.0),
INFO:flwr:	                                     (17, 0.0),
[92mINFO [0m:      	                                     (18, 0.0),
INFO:flwr:	                                     (18, 0.0),
[92mINFO [0m:      	                                     (19, 0.0),
INFO:flwr:	                                     (19, 0.0),
[92mINFO [0m:      	                                     (20, 0.0),
INFO:flwr:	                                     (20, 0.0),
[92mINFO [0m:      	                                     (21, 0.0),
INFO:flwr:	                                     (21, 0.0),
[92mINFO [0m:      	                                     (22, 0.0),
INFO:flwr:	                                     (22, 0.0),
[92mINFO [0m:      	                                     (23, 0.0),
INFO:flwr:	                                     (23, 0.0),
[92mINFO [0m:      	                                     (24, 0.0),
INFO:flwr:	                                     (24, 0.0),
[92mINFO [0m:      	                                     (25, 0.0),
INFO:flwr:	                                     (25, 0.0),
[92mINFO [0m:      	                                     (26, 0.0),
INFO:flwr:	                                     (26, 0.0),
[92mINFO [0m:      	                                     (27, 0.0),
INFO:flwr:	                                     (27, 0.0),
[92mINFO [0m:      	                                     (28, 0.0),
INFO:flwr:	                                     (28, 0.0),
[92mINFO [0m:      	                                     (29, 0.0),
INFO:flwr:	                                     (29, 0.0),
[92mINFO [0m:      	                                     (30, 0.0),
INFO:flwr:	                                     (30, 0.0),
[92mINFO [0m:      	                                     (31, 0.0),
INFO:flwr:	                                     (31, 0.0),
[92mINFO [0m:      	                                     (32, 0.0),
INFO:flwr:	                                     (32, 0.0),
[92mINFO [0m:      	                                     (33, 0.0),
INFO:flwr:	                                     (33, 0.0),
[92mINFO [0m:      	                                     (34, 0.0),
INFO:flwr:	                                     (34, 0.0),
[92mINFO [0m:      	                                     (35, 0.0),
INFO:flwr:	                                     (35, 0.0),
[92mINFO [0m:      	                                     (36, 0.0),
INFO:flwr:	                                     (36, 0.0),
[92mINFO [0m:      	                                     (37, 0.0),
INFO:flwr:	                                     (37, 0.0),
[92mINFO [0m:      	                                     (38, 0.0),
INFO:flwr:	                                     (38, 0.0),
[92mINFO [0m:      	                                     (39, 0.0),
INFO:flwr:	                                     (39, 0.0),
[92mINFO [0m:      	                                     (40, 0.0),
INFO:flwr:	                                     (40, 0.0),
[92mINFO [0m:      	                                     (41, 0.0),
INFO:flwr:	                                     (41, 0.0),
[92mINFO [0m:      	                                     (42, 0.0),
INFO:flwr:	                                     (42, 0.0),
[92mINFO [0m:      	                                     (43, 0.0),
INFO:flwr:	                                     (43, 0.0),
[92mINFO [0m:      	                                     (44, 0.0),
INFO:flwr:	                                     (44, 0.0),
[92mINFO [0m:      	                                     (45, 0.0),
INFO:flwr:	                                     (45, 0.0),
[92mINFO [0m:      	                                     (46, 0.0),
INFO:flwr:	                                     (46, 0.0),
[92mINFO [0m:      	                                     (47, 0.0),
INFO:flwr:	                                     (47, 0.0),
[92mINFO [0m:      	                                     (48, 0.0),
INFO:flwr:	                                     (48, 0.0),
[92mINFO [0m:      	                                     (49, 0.0),
INFO:flwr:	                                     (49, 0.0),
[92mINFO [0m:      	                                     (50, 0.0)],
INFO:flwr:	                                     (50, 0.0)],
[92mINFO [0m:      	 'layer3_reject_rate_raw': [(1, 0.0),
INFO:flwr:	 'layer3_reject_rate_raw': [(1, 0.0),
[92mINFO [0m:      	                            (2, 0.0),
INFO:flwr:	                            (2, 0.0),
[92mINFO [0m:      	                            (3, 0.0),
INFO:flwr:	                            (3, 0.0),
[92mINFO [0m:      	                            (4, 0.0),
INFO:flwr:	                            (4, 0.0),
[92mINFO [0m:      	                            (5, 0.0),
INFO:flwr:	                            (5, 0.0),
[92mINFO [0m:      	                            (6, 0.0),
INFO:flwr:	                            (6, 0.0),
[92mINFO [0m:      	                            (7, 0.0),
INFO:flwr:	                            (7, 0.0),
[92mINFO [0m:      	                            (8, 0.0),
INFO:flwr:	                            (8, 0.0),
[92mINFO [0m:      	                            (9, 0.0),
INFO:flwr:	                            (9, 0.0),
[92mINFO [0m:      	                            (10, 0.0),
INFO:flwr:	                            (10, 0.0),
[92mINFO [0m:      	                            (11, 0.0),
INFO:flwr:	                            (11, 0.0),
[92mINFO [0m:      	                            (12, 0.0),
INFO:flwr:	                            (12, 0.0),
[92mINFO [0m:      	                            (13, 0.0),
INFO:flwr:	                            (13, 0.0),
[92mINFO [0m:      	                            (14, 0.0),
INFO:flwr:	                            (14, 0.0),
[92mINFO [0m:      	                            (15, 0.0),
INFO:flwr:	                            (15, 0.0),
[92mINFO [0m:      	                            (16, 0.0),
INFO:flwr:	                            (16, 0.0),
[92mINFO [0m:      	                            (17, 0.0),
INFO:flwr:	                            (17, 0.0),
[92mINFO [0m:      	                            (18, 0.0),
INFO:flwr:	                            (18, 0.0),
[92mINFO [0m:      	                            (19, 0.0),
INFO:flwr:	                            (19, 0.0),
[92mINFO [0m:      	                            (20, 0.0),
INFO:flwr:	                            (20, 0.0),
[92mINFO [0m:      	                            (21, 0.0),
INFO:flwr:	                            (21, 0.0),
[92mINFO [0m:      	                            (22, 0.0),
INFO:flwr:	                            (22, 0.0),
[92mINFO [0m:      	                            (23, 0.0),
INFO:flwr:	                            (23, 0.0),
[92mINFO [0m:      	                            (24, 0.0),
INFO:flwr:	                            (24, 0.0),
[92mINFO [0m:      	                            (25, 0.0),
INFO:flwr:	                            (25, 0.0),
[92mINFO [0m:      	                            (26, 0.0),
INFO:flwr:	                            (26, 0.0),
[92mINFO [0m:      	                            (27, 0.0),
INFO:flwr:	                            (27, 0.0),
[92mINFO [0m:      	                            (28, 0.0),
INFO:flwr:	                            (28, 0.0),
[92mINFO [0m:      	                            (29, 0.0),
INFO:flwr:	                            (29, 0.0),
[92mINFO [0m:      	                            (30, 0.0),
INFO:flwr:	                            (30, 0.0),
[92mINFO [0m:      	                            (31, 0.0),
INFO:flwr:	                            (31, 0.0),
[92mINFO [0m:      	                            (32, 0.0),
INFO:flwr:	                            (32, 0.0),
[92mINFO [0m:      	                            (33, 0.0),
INFO:flwr:	                            (33, 0.0),
[92mINFO [0m:      	                            (34, 0.0),
INFO:flwr:	                            (34, 0.0),
[92mINFO [0m:      	                            (35, 0.0),
INFO:flwr:	                            (35, 0.0),
[92mINFO [0m:      	                            (36, 0.0),
INFO:flwr:	                            (36, 0.0),
[92mINFO [0m:      	                            (37, 0.0),
INFO:flwr:	                            (37, 0.0),
[92mINFO [0m:      	                            (38, 0.0),
INFO:flwr:	                            (38, 0.0),
[92mINFO [0m:      	                            (39, 0.0),
INFO:flwr:	                            (39, 0.0),
[92mINFO [0m:      	                            (40, 0.0),
INFO:flwr:	                            (40, 0.0),
[92mINFO [0m:      	                            (41, 0.0),
INFO:flwr:	                            (41, 0.0),
[92mINFO [0m:      	                            (42, 0.0),
INFO:flwr:	                            (42, 0.0),
[92mINFO [0m:      	                            (43, 0.0),
INFO:flwr:	                            (43, 0.0),
[92mINFO [0m:      	                            (44, 0.0),
INFO:flwr:	                            (44, 0.0),
[92mINFO [0m:      	                            (45, 0.0),
INFO:flwr:	                            (45, 0.0),
[92mINFO [0m:      	                            (46, 0.0),
INFO:flwr:	                            (46, 0.0),
[92mINFO [0m:      	                            (47, 0.0),
INFO:flwr:	                            (47, 0.0),
[92mINFO [0m:      	                            (48, 0.0),
INFO:flwr:	                            (48, 0.0),
[92mINFO [0m:      	                            (49, 0.0),
INFO:flwr:	                            (49, 0.0),
[92mINFO [0m:      	                            (50, 0.0)],
INFO:flwr:	                            (50, 0.0)],
[92mINFO [0m:      	 'layer3_threshold': [(1, 0.5),
INFO:flwr:	 'layer3_threshold': [(1, 0.5),
[92mINFO [0m:      	                      (2, 0.5),
INFO:flwr:	                      (2, 0.5),
[92mINFO [0m:      	                      (3, 0.5),
INFO:flwr:	                      (3, 0.5),
[92mINFO [0m:      	                      (4, 0.5),
INFO:flwr:	                      (4, 0.5),
[92mINFO [0m:      	                      (5, 0.5),
INFO:flwr:	                      (5, 0.5),
[92mINFO [0m:      	                      (6, 0.5),
INFO:flwr:	                      (6, 0.5),
[92mINFO [0m:      	                      (7, 0.5),
INFO:flwr:	                      (7, 0.5),
[92mINFO [0m:      	                      (8, 0.5),
INFO:flwr:	                      (8, 0.5),
[92mINFO [0m:      	                      (9, 0.5),
INFO:flwr:	                      (9, 0.5),
[92mINFO [0m:      	                      (10, 0.5),
INFO:flwr:	                      (10, 0.5),
[92mINFO [0m:      	                      (11, 0.5),
INFO:flwr:	                      (11, 0.5),
[92mINFO [0m:      	                      (12, 0.5),
INFO:flwr:	                      (12, 0.5),
[92mINFO [0m:      	                      (13, 0.5),
INFO:flwr:	                      (13, 0.5),
[92mINFO [0m:      	                      (14, 0.5),
INFO:flwr:	                      (14, 0.5),
[92mINFO [0m:      	                      (15, 0.5),
INFO:flwr:	                      (15, 0.5),
[92mINFO [0m:      	                      (16, 0.5),
INFO:flwr:	                      (16, 0.5),
[92mINFO [0m:      	                      (17, 0.5),
INFO:flwr:	                      (17, 0.5),
[92mINFO [0m:      	                      (18, 0.5),
INFO:flwr:	                      (18, 0.5),
[92mINFO [0m:      	                      (19, 0.5),
INFO:flwr:	                      (19, 0.5),
[92mINFO [0m:      	                      (20, 0.5),
INFO:flwr:	                      (20, 0.5),
[92mINFO [0m:      	                      (21, 0.5),
INFO:flwr:	                      (21, 0.5),
[92mINFO [0m:      	                      (22, 0.5),
INFO:flwr:	                      (22, 0.5),
[92mINFO [0m:      	                      (23, 0.5),
INFO:flwr:	                      (23, 0.5),
[92mINFO [0m:      	                      (24, 0.5),
INFO:flwr:	                      (24, 0.5),
[92mINFO [0m:      	                      (25, 0.5),
INFO:flwr:	                      (25, 0.5),
[92mINFO [0m:      	                      (26, 0.5),
INFO:flwr:	                      (26, 0.5),
[92mINFO [0m:      	                      (27, 0.5),
INFO:flwr:	                      (27, 0.5),
[92mINFO [0m:      	                      (28, 0.5),
INFO:flwr:	                      (28, 0.5),
[92mINFO [0m:      	                      (29, 0.5),
INFO:flwr:	                      (29, 0.5),
[92mINFO [0m:      	                      (30, 0.5),
INFO:flwr:	                      (30, 0.5),
[92mINFO [0m:      	                      (31, 0.5),
INFO:flwr:	                      (31, 0.5),
[92mINFO [0m:      	                      (32, 0.5),
INFO:flwr:	                      (32, 0.5),
[92mINFO [0m:      	                      (33, 0.5),
INFO:flwr:	                      (33, 0.5),
[92mINFO [0m:      	                      (34, 0.5),
INFO:flwr:	                      (34, 0.5),
[92mINFO [0m:      	                      (35, 0.5),
INFO:flwr:	                      (35, 0.5),
[92mINFO [0m:      	                      (36, 0.5),
INFO:flwr:	                      (36, 0.5),
[92mINFO [0m:      	                      (37, 0.5),
INFO:flwr:	                      (37, 0.5),
[92mINFO [0m:      	                      (38, 0.5),
INFO:flwr:	                      (38, 0.5),
[92mINFO [0m:      	                      (39, 0.5),
INFO:flwr:	                      (39, 0.5),
[92mINFO [0m:      	                      (40, 0.5),
INFO:flwr:	                      (40, 0.5),
[92mINFO [0m:      	                      (41, 0.5),
INFO:flwr:	                      (41, 0.5),
[92mINFO [0m:      	                      (42, 0.5),
INFO:flwr:	                      (42, 0.5),
[92mINFO [0m:      	                      (43, 0.5),
INFO:flwr:	                      (43, 0.5),
[92mINFO [0m:      	                      (44, 0.5),
INFO:flwr:	                      (44, 0.5),
[92mINFO [0m:      	                      (45, 0.5),
INFO:flwr:	                      (45, 0.5),
[92mINFO [0m:      	                      (46, 0.5),
INFO:flwr:	                      (46, 0.5),
[92mINFO [0m:      	                      (47, 0.5),
INFO:flwr:	                      (47, 0.5),
[92mINFO [0m:      	                      (48, 0.5),
INFO:flwr:	                      (48, 0.5),
[92mINFO [0m:      	                      (49, 0.5),
INFO:flwr:	                      (49, 0.5),
[92mINFO [0m:      	                      (50, 0.5)],
INFO:flwr:	                      (50, 0.5)],
[92mINFO [0m:      	 'mean_reputation': [(1, 0.9814320802688599),
INFO:flwr:	 'mean_reputation': [(1, 0.9814320802688599),
[92mINFO [0m:      	                     (2, 0.963336169719696),
INFO:flwr:	                     (2, 0.963336169719696),
[92mINFO [0m:      	                     (3, 0.9477999806404114),
INFO:flwr:	                     (3, 0.9477999806404114),
[92mINFO [0m:      	                     (4, 0.9345102310180664),
INFO:flwr:	                     (4, 0.9345102310180664),
[92mINFO [0m:      	                     (5, 0.9232003092765808),
INFO:flwr:	                     (5, 0.9232003092765808),
[92mINFO [0m:      	                     (6, 0.9135810732841492),
INFO:flwr:	                     (6, 0.9135810732841492),
[92mINFO [0m:      	                     (7, 0.905528724193573),
INFO:flwr:	                     (7, 0.905528724193573),
[92mINFO [0m:      	                     (8, 0.8985236883163452),
INFO:flwr:	                     (8, 0.8985236883163452),
[92mINFO [0m:      	                     (9, 0.8927295804023743),
INFO:flwr:	                     (9, 0.8927295804023743),
[92mINFO [0m:      	                     (10, 0.8879977464675903),
INFO:flwr:	                     (10, 0.8879977464675903),
[92mINFO [0m:      	                     (11, 0.8837547302246094),
INFO:flwr:	                     (11, 0.8837547302246094),
[92mINFO [0m:      	                     (12, 0.8802194595336914),
INFO:flwr:	                     (12, 0.8802194595336914),
[92mINFO [0m:      	                     (13, 0.87730872631073),
INFO:flwr:	                     (13, 0.87730872631073),
[92mINFO [0m:      	                     (14, 0.8748844861984253),
INFO:flwr:	                     (14, 0.8748844861984253),
[92mINFO [0m:      	                     (15, 0.872624397277832),
INFO:flwr:	                     (15, 0.872624397277832),
[92mINFO [0m:      	                     (16, 0.8708142042160034),
INFO:flwr:	                     (16, 0.8708142042160034),
[92mINFO [0m:      	                     (17, 0.8694349527359009),
INFO:flwr:	                     (17, 0.8694349527359009),
[92mINFO [0m:      	                     (18, 0.8682173490524292),
INFO:flwr:	                     (18, 0.8682173490524292),
[92mINFO [0m:      	                     (19, 0.8671838641166687),
INFO:flwr:	                     (19, 0.8671838641166687),
[92mINFO [0m:      	                     (20, 0.8662830591201782),
INFO:flwr:	                     (20, 0.8662830591201782),
[92mINFO [0m:      	                     (21, 0.865434467792511),
INFO:flwr:	                     (21, 0.865434467792511),
[92mINFO [0m:      	                     (22, 0.8647023439407349),
INFO:flwr:	                     (22, 0.8647023439407349),
[92mINFO [0m:      	                     (23, 0.8643046617507935),
INFO:flwr:	                     (23, 0.8643046617507935),
[92mINFO [0m:      	                     (24, 0.8637188673019409),
INFO:flwr:	                     (24, 0.8637188673019409),
[92mINFO [0m:      	                     (25, 0.8632284998893738),
INFO:flwr:	                     (25, 0.8632284998893738),
[92mINFO [0m:      	                     (26, 0.8628431558609009),
INFO:flwr:	                     (26, 0.8628431558609009),
[92mINFO [0m:      	                     (27, 0.8624540567398071),
INFO:flwr:	                     (27, 0.8624540567398071),
[92mINFO [0m:      	                     (28, 0.8621071577072144),
INFO:flwr:	                     (28, 0.8621071577072144),
[92mINFO [0m:      	                     (29, 0.8619066476821899),
INFO:flwr:	                     (29, 0.8619066476821899),
[92mINFO [0m:      	                     (30, 0.8616048693656921),
INFO:flwr:	                     (30, 0.8616048693656921),
[92mINFO [0m:      	                     (31, 0.8614808917045593),
INFO:flwr:	                     (31, 0.8614808917045593),
[92mINFO [0m:      	                     (32, 0.8613927960395813),
INFO:flwr:	                     (32, 0.8613927960395813),
[92mINFO [0m:      	                     (33, 0.8611645698547363),
INFO:flwr:	                     (33, 0.8611645698547363),
[92mINFO [0m:      	                     (34, 0.8610633015632629),
INFO:flwr:	                     (34, 0.8610633015632629),
[92mINFO [0m:      	                     (35, 0.8609174489974976),
INFO:flwr:	                     (35, 0.8609174489974976),
[92mINFO [0m:      	                     (36, 0.8608649969100952),
INFO:flwr:	                     (36, 0.8608649969100952),
[92mINFO [0m:      	                     (37, 0.8607770204544067),
INFO:flwr:	                     (37, 0.8607770204544067),
[92mINFO [0m:      	                     (38, 0.86070716381073),
INFO:flwr:	                     (38, 0.86070716381073),
[92mINFO [0m:      	                     (39, 0.8607385754585266),
INFO:flwr:	                     (39, 0.8607385754585266),
[92mINFO [0m:      	                     (40, 0.8606311082839966),
INFO:flwr:	                     (40, 0.8606311082839966),
[92mINFO [0m:      	                     (41, 0.8606704473495483),
INFO:flwr:	                     (41, 0.8606704473495483),
[92mINFO [0m:      	                     (42, 0.8607414364814758),
INFO:flwr:	                     (42, 0.8607414364814758),
[92mINFO [0m:      	                     (43, 0.8605779409408569),
INFO:flwr:	                     (43, 0.8605779409408569),
[92mINFO [0m:      	                     (44, 0.8605518341064453),
INFO:flwr:	                     (44, 0.8605518341064453),
[92mINFO [0m:      	                     (45, 0.8605202436447144),
INFO:flwr:	                     (45, 0.8605202436447144),
[92mINFO [0m:      	                     (46, 0.8605740666389465),
INFO:flwr:	                     (46, 0.8605740666389465),
[92mINFO [0m:      	                     (47, 0.8605217933654785),
INFO:flwr:	                     (47, 0.8605217933654785),
[92mINFO [0m:      	                     (48, 0.8605268597602844),
INFO:flwr:	                     (48, 0.8605268597602844),
[92mINFO [0m:      	                     (49, 0.8605526685714722),
INFO:flwr:	                     (49, 0.8605526685714722),
[92mINFO [0m:      	                     (50, 0.8605520129203796)],
INFO:flwr:	                     (50, 0.8605520129203796)],
[92mINFO [0m:      	 'min_reputation': [(1, 0.9579871296882629),
INFO:flwr:	 'min_reputation': [(1, 0.9579871296882629),
[92mINFO [0m:      	                    (2, 0.923012912273407),
INFO:flwr:	                    (2, 0.923012912273407),
[92mINFO [0m:      	                    (3, 0.8927596807479858),
INFO:flwr:	                    (3, 0.8927596807479858),
[92mINFO [0m:      	                    (4, 0.865734875202179),
INFO:flwr:	                    (4, 0.865734875202179),
[92mINFO [0m:      	                    (5, 0.8426282405853271),
INFO:flwr:	                    (5, 0.8426282405853271),
[92mINFO [0m:      	                    (6, 0.8229288458824158),
INFO:flwr:	                    (6, 0.8229288458824158),
[92mINFO [0m:      	                    (7, 0.8074246048927307),
INFO:flwr:	                    (7, 0.8074246048927307),
[92mINFO [0m:      	                    (8, 0.7926401495933533),
INFO:flwr:	                    (8, 0.7926401495933533),
[92mINFO [0m:      	                    (9, 0.7816754579544067),
INFO:flwr:	                    (9, 0.7816754579544067),
[92mINFO [0m:      	                    (10, 0.7742874026298523),
INFO:flwr:	                    (10, 0.7742874026298523),
[92mINFO [0m:      	                    (11, 0.765798807144165),
INFO:flwr:	                    (11, 0.765798807144165),
[92mINFO [0m:      	                    (12, 0.7592942118644714),
INFO:flwr:	                    (12, 0.7592942118644714),
[92mINFO [0m:      	                    (13, 0.7547093629837036),
INFO:flwr:	                    (13, 0.7547093629837036),
[92mINFO [0m:      	                    (14, 0.751311182975769),
INFO:flwr:	                    (14, 0.751311182975769),
[92mINFO [0m:      	                    (15, 0.7464283108711243),
INFO:flwr:	                    (15, 0.7464283108711243),
[92mINFO [0m:      	                    (16, 0.7433861494064331),
INFO:flwr:	                    (16, 0.7433861494064331),
[92mINFO [0m:      	                    (17, 0.7404769659042358),
INFO:flwr:	                    (17, 0.7404769659042358),
[92mINFO [0m:      	                    (18, 0.7378556132316589),
INFO:flwr:	                    (18, 0.7378556132316589),
[92mINFO [0m:      	                    (19, 0.7356277704238892),
INFO:flwr:	                    (19, 0.7356277704238892),
[92mINFO [0m:      	                    (20, 0.7337343096733093),
INFO:flwr:	                    (20, 0.7337343096733093),
[92mINFO [0m:      	                    (21, 0.7321245670318604),
INFO:flwr:	                    (21, 0.7321245670318604),
[92mINFO [0m:      	                    (22, 0.7307562828063965),
INFO:flwr:	                    (22, 0.7307562828063965),
[92mINFO [0m:      	                    (23, 0.7295932769775391),
INFO:flwr:	                    (23, 0.7295932769775391),
[92mINFO [0m:      	                    (24, 0.7286049127578735),
INFO:flwr:	                    (24, 0.7286049127578735),
[92mINFO [0m:      	                    (25, 0.7277646064758301),
INFO:flwr:	                    (25, 0.7277646064758301),
[92mINFO [0m:      	                    (26, 0.7270506024360657),
INFO:flwr:	                    (26, 0.7270506024360657),
[92mINFO [0m:      	                    (27, 0.7264437675476074),
INFO:flwr:	                    (27, 0.7264437675476074),
[92mINFO [0m:      	                    (28, 0.7259277105331421),
INFO:flwr:	                    (28, 0.7259277105331421),
[92mINFO [0m:      	                    (29, 0.7254891991615295),
INFO:flwr:	                    (29, 0.7254891991615295),
[92mINFO [0m:      	                    (30, 0.7251162528991699),
INFO:flwr:	                    (30, 0.7251162528991699),
[92mINFO [0m:      	                    (31, 0.7247990369796753),
INFO:flwr:	                    (31, 0.7247990369796753),
[92mINFO [0m:      	                    (32, 0.7245292663574219),
INFO:flwr:	                    (32, 0.7245292663574219),
[92mINFO [0m:      	                    (33, 0.7242998480796814),
INFO:flwr:	                    (33, 0.7242998480796814),
[92mINFO [0m:      	                    (34, 0.7241050601005554),
INFO:flwr:	                    (34, 0.7241050601005554),
[92mINFO [0m:      	                    (35, 0.7239394783973694),
INFO:flwr:	                    (35, 0.7239394783973694),
[92mINFO [0m:      	                    (36, 0.7237988114356995),
INFO:flwr:	                    (36, 0.7237988114356995),
[92mINFO [0m:      	                    (37, 0.7236787676811218),
INFO:flwr:	                    (37, 0.7236787676811218),
[92mINFO [0m:      	                    (38, 0.7235766649246216),
INFO:flwr:	                    (38, 0.7235766649246216),
[92mINFO [0m:      	                    (39, 0.7234898805618286),
INFO:flwr:	                    (39, 0.7234898805618286),
[92mINFO [0m:      	                    (40, 0.7234157919883728),
INFO:flwr:	                    (40, 0.7234157919883728),
[92mINFO [0m:      	                    (41, 0.7233530879020691),
INFO:flwr:	                    (41, 0.7233530879020691),
[92mINFO [0m:      	                    (42, 0.7232997417449951),
INFO:flwr:	                    (42, 0.7232997417449951),
[92mINFO [0m:      	                    (43, 0.7232539653778076),
INFO:flwr:	                    (43, 0.7232539653778076),
[92mINFO [0m:      	                    (44, 0.7232154607772827),
INFO:flwr:	                    (44, 0.7232154607772827),
[92mINFO [0m:      	                    (45, 0.7231826782226562),
INFO:flwr:	                    (45, 0.7231826782226562),
[92mINFO [0m:      	                    (46, 0.7231548428535461),
INFO:flwr:	                    (46, 0.7231548428535461),
[92mINFO [0m:      	                    (47, 0.7231311202049255),
INFO:flwr:	                    (47, 0.7231311202049255),
[92mINFO [0m:      	                    (48, 0.7231108546257019),
INFO:flwr:	                    (48, 0.7231108546257019),
[92mINFO [0m:      	                    (49, 0.7230936884880066),
INFO:flwr:	                    (49, 0.7230936884880066),
[92mINFO [0m:      	                    (50, 0.7230788469314575)],
INFO:flwr:	                    (50, 0.7230788469314575)],
[92mINFO [0m:      	 'server_round': [(1, 1),
INFO:flwr:	 'server_round': [(1, 1),
[92mINFO [0m:      	                  (2, 2),
INFO:flwr:	                  (2, 2),
[92mINFO [0m:      	                  (3, 3),
INFO:flwr:	                  (3, 3),
[92mINFO [0m:      	                  (4, 4),
INFO:flwr:	                  (4, 4),
[92mINFO [0m:      	                  (5, 5),
INFO:flwr:	                  (5, 5),
[92mINFO [0m:      	                  (6, 6),
INFO:flwr:	                  (6, 6),
[92mINFO [0m:      	                  (7, 7),
INFO:flwr:	                  (7, 7),
[92mINFO [0m:      	                  (8, 8),
INFO:flwr:	                  (8, 8),
[92mINFO [0m:      	                  (9, 9),
INFO:flwr:	                  (9, 9),
[92mINFO [0m:      	                  (10, 10),
INFO:flwr:	                  (10, 10),
[92mINFO [0m:      	                  (11, 11),
INFO:flwr:	                  (11, 11),
[92mINFO [0m:      	                  (12, 12),
INFO:flwr:	                  (12, 12),
[92mINFO [0m:      	                  (13, 13),
INFO:flwr:	                  (13, 13),
[92mINFO [0m:      	                  (14, 14),
INFO:flwr:	                  (14, 14),
[92mINFO [0m:      	                  (15, 15),
INFO:flwr:	                  (15, 15),
[92mINFO [0m:      	                  (16, 16),
INFO:flwr:	                  (16, 16),
[92mINFO [0m:      	                  (17, 17),
INFO:flwr:	                  (17, 17),
[92mINFO [0m:      	                  (18, 18),
INFO:flwr:	                  (18, 18),
[92mINFO [0m:      	                  (19, 19),
INFO:flwr:	                  (19, 19),
[92mINFO [0m:      	                  (20, 20),
INFO:flwr:	                  (20, 20),
[92mINFO [0m:      	                  (21, 21),
INFO:flwr:	                  (21, 21),
[92mINFO [0m:      	                  (22, 22),
INFO:flwr:	                  (22, 22),
[92mINFO [0m:      	                  (23, 23),
INFO:flwr:	                  (23, 23),
[92mINFO [0m:      	                  (24, 24),
INFO:flwr:	                  (24, 24),
[92mINFO [0m:      	                  (25, 25),
INFO:flwr:	                  (25, 25),
[92mINFO [0m:      	                  (26, 26),
INFO:flwr:	                  (26, 26),
[92mINFO [0m:      	                  (27, 27),
INFO:flwr:	                  (27, 27),
[92mINFO [0m:      	                  (28, 28),
INFO:flwr:	                  (28, 28),
[92mINFO [0m:      	                  (29, 29),
INFO:flwr:	                  (29, 29),
[92mINFO [0m:      	                  (30, 30),
INFO:flwr:	                  (30, 30),
[92mINFO [0m:      	                  (31, 31),
INFO:flwr:	                  (31, 31),
[92mINFO [0m:      	                  (32, 32),
INFO:flwr:	                  (32, 32),
[92mINFO [0m:      	                  (33, 33),
INFO:flwr:	                  (33, 33),
[92mINFO [0m:      	                  (34, 34),
INFO:flwr:	                  (34, 34),
[92mINFO [0m:      	                  (35, 35),
INFO:flwr:	                  (35, 35),
[92mINFO [0m:      	                  (36, 36),
INFO:flwr:	                  (36, 36),
[92mINFO [0m:      	                  (37, 37),
INFO:flwr:	                  (37, 37),
[92mINFO [0m:      	                  (38, 38),
INFO:flwr:	                  (38, 38),
[92mINFO [0m:      	                  (39, 39),
INFO:flwr:	                  (39, 39),
[92mINFO [0m:      	                  (40, 40),
INFO:flwr:	                  (40, 40),
[92mINFO [0m:      	                  (41, 41),
INFO:flwr:	                  (41, 41),
[92mINFO [0m:      	                  (42, 42),
INFO:flwr:	                  (42, 42),
[92mINFO [0m:      	                  (43, 43),
INFO:flwr:	                  (43, 43),
[92mINFO [0m:      	                  (44, 44),
INFO:flwr:	                  (44, 44),
[92mINFO [0m:      	                  (45, 45),
INFO:flwr:	                  (45, 45),
[92mINFO [0m:      	                  (46, 46),
INFO:flwr:	                  (46, 46),
[92mINFO [0m:      	                  (47, 47),
INFO:flwr:	                  (47, 47),
[92mINFO [0m:      	                  (48, 48),
INFO:flwr:	                  (48, 48),
[92mINFO [0m:      	                  (49, 49),
INFO:flwr:	                  (49, 49),
[92mINFO [0m:      	                  (50, 50)]}
INFO:flwr:	                  (50, 50)]}
[92mINFO [0m:      	History (metrics, distributed, evaluate):
INFO:flwr:	History (metrics, distributed, evaluate):
[92mINFO [0m:      	{'accuracy': [(1, 0.8993333333333333),
INFO:flwr:	{'accuracy': [(1, 0.8993333333333333),
[92mINFO [0m:      	              (2, 0.8918666666666667),
INFO:flwr:	              (2, 0.8918666666666667),
[92mINFO [0m:      	              (3, 0.9132333333333333),
INFO:flwr:	              (3, 0.9132333333333333),
[92mINFO [0m:      	              (4, 0.9243666666666667),
INFO:flwr:	              (4, 0.9243666666666667),
[92mINFO [0m:      	              (5, 0.9321),
INFO:flwr:	              (5, 0.9321),
[92mINFO [0m:      	              (6, 0.9327333333333333),
INFO:flwr:	              (6, 0.9327333333333333),
[92mINFO [0m:      	              (7, 0.9321666666666667),
INFO:flwr:	              (7, 0.9321666666666667),
[92mINFO [0m:      	              (8, 0.9437333333333333),
INFO:flwr:	              (8, 0.9437333333333333),
[92mINFO [0m:      	              (9, 0.9363333333333334),
INFO:flwr:	              (9, 0.9363333333333334),
[92mINFO [0m:      	              (10, 0.9338),
INFO:flwr:	              (10, 0.9338),
[92mINFO [0m:      	              (11, 0.9273333333333333),
INFO:flwr:	              (11, 0.9273333333333333),
[92mINFO [0m:      	              (12, 0.9333),
INFO:flwr:	              (12, 0.9333),
[92mINFO [0m:      	              (13, 0.9364333333333333),
INFO:flwr:	              (13, 0.9364333333333333),
[92mINFO [0m:      	              (14, 0.9250666666666667),
INFO:flwr:	              (14, 0.9250666666666667),
[92mINFO [0m:      	              (15, 0.9359333333333333),
INFO:flwr:	              (15, 0.9359333333333333),
[92mINFO [0m:      	              (16, 0.9269),
INFO:flwr:	              (16, 0.9269),
[92mINFO [0m:      	              (17, 0.9378333333333333),
INFO:flwr:	              (17, 0.9378333333333333),
[92mINFO [0m:      	              (18, 0.9287),
INFO:flwr:	              (18, 0.9287),
[92mINFO [0m:      	              (19, 0.9309),
INFO:flwr:	              (19, 0.9309),
[92mINFO [0m:      	              (20, 0.9363333333333334),
INFO:flwr:	              (20, 0.9363333333333334),
[92mINFO [0m:      	              (21, 0.9227),
INFO:flwr:	              (21, 0.9227),
[92mINFO [0m:      	              (22, 0.9335),
INFO:flwr:	              (22, 0.9335),
[92mINFO [0m:      	              (23, 0.9305666666666667),
INFO:flwr:	              (23, 0.9305666666666667),
[92mINFO [0m:      	              (24, 0.94),
INFO:flwr:	              (24, 0.94),
[92mINFO [0m:      	              (25, 0.9342333333333334),
INFO:flwr:	              (25, 0.9342333333333334),
[92mINFO [0m:      	              (26, 0.9378),
INFO:flwr:	              (26, 0.9378),
[92mINFO [0m:      	              (27, 0.9204),
INFO:flwr:	              (27, 0.9204),
[92mINFO [0m:      	              (28, 0.9337),
INFO:flwr:	              (28, 0.9337),
[92mINFO [0m:      	              (29, 0.9338666666666666),
INFO:flwr:	              (29, 0.9338666666666666),
[92mINFO [0m:      	              (30, 0.9292666666666667),
INFO:flwr:	              (30, 0.9292666666666667),
[92mINFO [0m:      	              (31, 0.9365),
INFO:flwr:	              (31, 0.9365),
[92mINFO [0m:      	              (32, 0.9362333333333334),
INFO:flwr:	              (32, 0.9362333333333334),
[92mINFO [0m:      	              (33, 0.9297333333333333),
INFO:flwr:	              (33, 0.9297333333333333),
[92mINFO [0m:      	              (34, 0.9339),
INFO:flwr:	              (34, 0.9339),
[92mINFO [0m:      	              (35, 0.9324333333333333),
INFO:flwr:	              (35, 0.9324333333333333),
[92mINFO [0m:      	              (36, 0.9284666666666667),
INFO:flwr:	              (36, 0.9284666666666667),
[92mINFO [0m:      	              (37, 0.9362),
INFO:flwr:	              (37, 0.9362),
[92mINFO [0m:      	              (38, 0.9317333333333333),
INFO:flwr:	              (38, 0.9317333333333333),
[92mINFO [0m:      	              (39, 0.9292),
INFO:flwr:	              (39, 0.9292),
[92mINFO [0m:      	              (40, 0.9276),
INFO:flwr:	              (40, 0.9276),
[92mINFO [0m:      	              (41, 0.9298666666666666),
INFO:flwr:	              (41, 0.9298666666666666),
[92mINFO [0m:      	              (42, 0.935),
INFO:flwr:	              (42, 0.935),
[92mINFO [0m:      	              (43, 0.9224333333333333),
INFO:flwr:	              (43, 0.9224333333333333),
[92mINFO [0m:      	              (44, 0.9247333333333333),
INFO:flwr:	              (44, 0.9247333333333333),
[92mINFO [0m:      	              (45, 0.9186666666666666),
INFO:flwr:	              (45, 0.9186666666666666),
[92mINFO [0m:      	              (46, 0.919),
INFO:flwr:	              (46, 0.919),
[92mINFO [0m:      	              (47, 0.925),
INFO:flwr:	              (47, 0.925),
[92mINFO [0m:      	              (48, 0.9229666666666667),
INFO:flwr:	              (48, 0.9229666666666667),
[92mINFO [0m:      	              (49, 0.9185666666666666),
INFO:flwr:	              (49, 0.9185666666666666),
[92mINFO [0m:      	              (50, 0.9172333333333333)],
INFO:flwr:	              (50, 0.9172333333333333)],
[92mINFO [0m:      	 'auc': [(1, 0.9103902485058195),
INFO:flwr:	 'auc': [(1, 0.9103902485058195),
[92mINFO [0m:      	         (2, 0.920414595784838),
INFO:flwr:	         (2, 0.920414595784838),
[92mINFO [0m:      	         (3, 0.9220661686064799),
INFO:flwr:	         (3, 0.9220661686064799),
[92mINFO [0m:      	         (4, 0.9249612771311733),
INFO:flwr:	         (4, 0.9249612771311733),
[92mINFO [0m:      	         (5, 0.9258783265177731),
INFO:flwr:	         (5, 0.9258783265177731),
[92mINFO [0m:      	         (6, 0.9249443535703052),
INFO:flwr:	         (6, 0.9249443535703052),
[92mINFO [0m:      	         (7, 0.9230933626926706),
INFO:flwr:	         (7, 0.9230933626926706),
[92mINFO [0m:      	         (8, 0.9247442906574392),
INFO:flwr:	         (8, 0.9247442906574392),
[92mINFO [0m:      	         (9, 0.9239769581629445),
INFO:flwr:	         (9, 0.9239769581629445),
[92mINFO [0m:      	         (10, 0.9233659326832337),
INFO:flwr:	         (10, 0.9233659326832337),
[92mINFO [0m:      	         (11, 0.9223404215162001),
INFO:flwr:	         (11, 0.9223404215162001),
[92mINFO [0m:      	         (12, 0.9243350267379679),
INFO:flwr:	         (12, 0.9243350267379679),
[92mINFO [0m:      	         (13, 0.9218410191884241),
INFO:flwr:	         (13, 0.9218410191884241),
[92mINFO [0m:      	         (14, 0.9251407989933941),
INFO:flwr:	         (14, 0.9251407989933941),
[92mINFO [0m:      	         (15, 0.9258121736395093),
INFO:flwr:	         (15, 0.9258121736395093),
[92mINFO [0m:      	         (16, 0.9271687637621894),
INFO:flwr:	         (16, 0.9271687637621894),
[92mINFO [0m:      	         (17, 0.9245221138722869),
INFO:flwr:	         (17, 0.9245221138722869),
[92mINFO [0m:      	         (18, 0.9245410034602077),
INFO:flwr:	         (18, 0.9245410034602077),
[92mINFO [0m:      	         (19, 0.9216478452343504),
INFO:flwr:	         (19, 0.9216478452343504),
[92mINFO [0m:      	         (20, 0.9270885655866623),
INFO:flwr:	         (20, 0.9270885655866623),
[92mINFO [0m:      	         (21, 0.9248756999056306),
INFO:flwr:	         (21, 0.9248756999056306),
[92mINFO [0m:      	         (22, 0.9244309845863479),
INFO:flwr:	         (22, 0.9244309845863479),
[92mINFO [0m:      	         (23, 0.9251474520289399),
INFO:flwr:	         (23, 0.9251474520289399),
[92mINFO [0m:      	         (24, 0.9248306071091539),
INFO:flwr:	         (24, 0.9248306071091539),
[92mINFO [0m:      	         (25, 0.9266495124252909),
INFO:flwr:	         (25, 0.9266495124252909),
[92mINFO [0m:      	         (26, 0.9285971374646116),
INFO:flwr:	         (26, 0.9285971374646116),
[92mINFO [0m:      	         (27, 0.9242473576596416),
INFO:flwr:	         (27, 0.9242473576596416),
[92mINFO [0m:      	         (28, 0.9293614344133376),
INFO:flwr:	         (28, 0.9293614344133376),
[92mINFO [0m:      	         (29, 0.9278128499528152),
INFO:flwr:	         (29, 0.9278128499528152),
[92mINFO [0m:      	         (30, 0.9264244416483172),
INFO:flwr:	         (30, 0.9264244416483172),
[92mINFO [0m:      	         (31, 0.9299569046870085),
INFO:flwr:	         (31, 0.9299569046870085),
[92mINFO [0m:      	         (32, 0.9275757785467128),
INFO:flwr:	         (32, 0.9275757785467128),
[92mINFO [0m:      	         (33, 0.9270669392890846),
INFO:flwr:	         (33, 0.9270669392890846),
[92mINFO [0m:      	         (34, 0.929858052846807),
INFO:flwr:	         (34, 0.929858052846807),
[92mINFO [0m:      	         (35, 0.9280748663101606),
INFO:flwr:	         (35, 0.9280748663101606),
[92mINFO [0m:      	         (36, 0.9293531456432841),
INFO:flwr:	         (36, 0.9293531456432841),
[92mINFO [0m:      	         (37, 0.9294862849952816),
INFO:flwr:	         (37, 0.9294862849952816),
[92mINFO [0m:      	         (38, 0.9285646429694875),
INFO:flwr:	         (38, 0.9285646429694875),
[92mINFO [0m:      	         (39, 0.9292898081157597),
INFO:flwr:	         (39, 0.9292898081157597),
[92mINFO [0m:      	         (40, 0.9296555992450456),
INFO:flwr:	         (40, 0.9296555992450456),
[92mINFO [0m:      	         (41, 0.9300282478766908),
INFO:flwr:	         (41, 0.9300282478766908),
[92mINFO [0m:      	         (42, 0.9309348222711546),
INFO:flwr:	         (42, 0.9309348222711546),
[92mINFO [0m:      	         (43, 0.9279174268637937),
INFO:flwr:	         (43, 0.9279174268637937),
[92mINFO [0m:      	         (44, 0.9291542466184334),
INFO:flwr:	         (44, 0.9291542466184334),
[92mINFO [0m:      	         (45, 0.9266187637621894),
INFO:flwr:	         (45, 0.9266187637621894),
[92mINFO [0m:      	         (46, 0.9255306071091538),
INFO:flwr:	         (46, 0.9255306071091538),
[92mINFO [0m:      	         (47, 0.9287210758100033),
INFO:flwr:	         (47, 0.9287210758100033),
[92mINFO [0m:      	         (48, 0.9295531770997171),
INFO:flwr:	         (48, 0.9295531770997171),
[92mINFO [0m:      	         (49, 0.9283807014784522),
INFO:flwr:	         (49, 0.9283807014784522),
[92mINFO [0m:      	         (50, 0.9269193928908461)],
INFO:flwr:	         (50, 0.9269193928908461)],
[92mINFO [0m:      	 'f1': [(1, 0.3533190578158459),
INFO:flwr:	 'f1': [(1, 0.3533190578158459),
[92mINFO [0m:      	        (2, 0.3427876823338736),
INFO:flwr:	        (2, 0.3427876823338736),
[92mINFO [0m:      	        (3, 0.3827365425658051),
INFO:flwr:	        (3, 0.3827365425658051),
[92mINFO [0m:      	        (4, 0.41475367552231107),
INFO:flwr:	        (4, 0.41475367552231107),
[92mINFO [0m:      	        (5, 0.43837882547559964),
INFO:flwr:	        (5, 0.43837882547559964),
[92mINFO [0m:      	        (6, 0.4409972299168975),
INFO:flwr:	        (6, 0.4409972299168975),
[92mINFO [0m:      	        (7, 0.4351928948098806),
INFO:flwr:	        (7, 0.4351928948098806),
[92mINFO [0m:      	        (8, 0.4744707347447074),
INFO:flwr:	        (8, 0.4744707347447074),
[92mINFO [0m:      	        (9, 0.4492502883506343),
INFO:flwr:	        (9, 0.4492502883506343),
[92mINFO [0m:      	        (10, 0.4408783783783784),
INFO:flwr:	        (10, 0.4408783783783784),
[92mINFO [0m:      	        (11, 0.4211364843335104),
INFO:flwr:	        (11, 0.4211364843335104),
[92mINFO [0m:      	        (12, 0.4405926754263349),
INFO:flwr:	        (12, 0.4405926754263349),
[92mINFO [0m:      	        (13, 0.4480463096960926),
INFO:flwr:	        (13, 0.4480463096960926),
[92mINFO [0m:      	        (14, 0.41701244813278004),
INFO:flwr:	        (14, 0.41701244813278004),
[92mINFO [0m:      	        (15, 0.4480183802412407),
INFO:flwr:	        (15, 0.4480183802412407),
[92mINFO [0m:      	        (16, 0.4227428270597525),
INFO:flwr:	        (16, 0.4227428270597525),
[92mINFO [0m:      	        (17, 0.45355991796073836),
INFO:flwr:	        (17, 0.45355991796073836),
[92mINFO [0m:      	        (18, 0.42792190425247395),
INFO:flwr:	        (18, 0.42792190425247395),
[92mINFO [0m:      	        (19, 0.4340704340704341),
INFO:flwr:	        (19, 0.4340704340704341),
[92mINFO [0m:      	        (20, 0.4498847926267281),
INFO:flwr:	        (20, 0.4498847926267281),
[92mINFO [0m:      	        (21, 0.4127627247404406),
INFO:flwr:	        (21, 0.4127627247404406),
[92mINFO [0m:      	        (22, 0.44133295995519456),
INFO:flwr:	        (22, 0.44133295995519456),
[92mINFO [0m:      	        (23, 0.43595992418088275),
INFO:flwr:	        (23, 0.43595992418088275),
[92mINFO [0m:      	        (24, 0.46107784431137727),
INFO:flwr:	        (24, 0.46107784431137727),
[92mINFO [0m:      	        (25, 0.44687412391365294),
INFO:flwr:	        (25, 0.44687412391365294),
[92mINFO [0m:      	        (26, 0.45724258289703323),
INFO:flwr:	        (26, 0.45724258289703323),
[92mINFO [0m:      	        (27, 0.4062655395325709),
INFO:flwr:	        (27, 0.4062655395325709),
[92mINFO [0m:      	        (28, 0.4458066313736416),
INFO:flwr:	        (28, 0.4458066313736416),
[92mINFO [0m:      	        (29, 0.4458100558659218),
INFO:flwr:	        (29, 0.4458100558659218),
[92mINFO [0m:      	        (30, 0.42834051724137934),
INFO:flwr:	        (30, 0.42834051724137934),
[92mINFO [0m:      	        (31, 0.4530577088716623),
INFO:flwr:	        (31, 0.4530577088716623),
[92mINFO [0m:      	        (32, 0.45107604017216646),
INFO:flwr:	        (32, 0.45107604017216646),
[92mINFO [0m:      	        (33, 0.4308855291576673),
INFO:flwr:	        (33, 0.4308855291576673),
[92mINFO [0m:      	        (34, 0.4440706476030278),
INFO:flwr:	        (34, 0.4440706476030278),
[92mINFO [0m:      	        (35, 0.4367879966657405),
INFO:flwr:	        (35, 0.4367879966657405),
[92mINFO [0m:      	        (36, 0.42773333333333335),
INFO:flwr:	        (36, 0.42773333333333335),
[92mINFO [0m:      	        (37, 0.45251716247139584),
INFO:flwr:	        (37, 0.45251716247139584),
[92mINFO [0m:      	        (38, 0.43859649122807015),
INFO:flwr:	        (38, 0.43859649122807015),
[92mINFO [0m:      	        (39, 0.4293390650188071),
INFO:flwr:	        (39, 0.4293390650188071),
[92mINFO [0m:      	        (40, 0.42630744849445323),
INFO:flwr:	        (40, 0.42630744849445323),
[92mINFO [0m:      	        (41, 0.43257820927723845),
INFO:flwr:	        (41, 0.43257820927723845),
[92mINFO [0m:      	        (42, 0.4500846023688663),
INFO:flwr:	        (42, 0.4500846023688663),
[92mINFO [0m:      	        (43, 0.40924092409240925),
INFO:flwr:	        (43, 0.40924092409240925),
[92mINFO [0m:      	        (44, 0.41683884297520657),
INFO:flwr:	        (44, 0.41683884297520657),
[92mINFO [0m:      	        (45, 0.4025465230166504),
INFO:flwr:	        (45, 0.4025465230166504),
[92mINFO [0m:      	        (46, 0.4014778325123153),
INFO:flwr:	        (46, 0.4014778325123153),
[92mINFO [0m:      	        (47, 0.4161909704203424),
INFO:flwr:	        (47, 0.4161909704203424),
[92mINFO [0m:      	        (48, 0.40910253132191254),
INFO:flwr:	        (48, 0.40910253132191254),
[92mINFO [0m:      	        (49, 0.400784890851116),
INFO:flwr:	        (49, 0.400784890851116),
[92mINFO [0m:      	        (50, 0.39689094000485786)],
INFO:flwr:	        (50, 0.39689094000485786)],
[92mINFO [0m:      	 'precision': [(1, 0.23109243697478993),
INFO:flwr:	 'precision': [(1, 0.23109243697478993),
[92mINFO [0m:      	               (2, 0.22054223149113664),
INFO:flwr:	               (2, 0.22054223149113664),
[92mINFO [0m:      	               (3, 0.25890279114533205),
INFO:flwr:	               (3, 0.25890279114533205),
[92mINFO [0m:      	               (4, 0.2895210658984516),
INFO:flwr:	               (4, 0.2895210658984516),
[92mINFO [0m:      	               (5, 0.3146022952117135),
INFO:flwr:	               (5, 0.3146022952117135),
[92mINFO [0m:      	               (6, 0.31713147410358566),
INFO:flwr:	               (6, 0.31713147410358566),
[92mINFO [0m:      	               (7, 0.31322413104274865),
INFO:flwr:	               (7, 0.31322413104274865),
[92mINFO [0m:      	               (8, 0.36079545454545453),
INFO:flwr:	               (8, 0.36079545454545453),
[92mINFO [0m:      	               (9, 0.32896959459459457),
INFO:flwr:	               (9, 0.32896959459459457),
[92mINFO [0m:      	               (10, 0.31933115823817293),
INFO:flwr:	               (10, 0.31933115823817293),
[92mINFO [0m:      	               (11, 0.2974493623405851),
INFO:flwr:	               (11, 0.2974493623405851),
[92mINFO [0m:      	               (12, 0.3181267662494954),
INFO:flwr:	               (12, 0.3181267662494954),
[92mINFO [0m:      	               (13, 0.3286624203821656),
INFO:flwr:	               (13, 0.3286624203821656),
[92mINFO [0m:      	               (14, 0.29172714078374457),
INFO:flwr:	               (14, 0.29172714078374457),
[92mINFO [0m:      	               (15, 0.327455919395466),
INFO:flwr:	               (15, 0.327455919395466),
[92mINFO [0m:      	               (16, 0.29751759911078185),
INFO:flwr:	               (16, 0.29751759911078185),
[92mINFO [0m:      	               (17, 0.3346303501945525),
INFO:flwr:	               (17, 0.3346303501945525),
[92mINFO [0m:      	               (18, 0.30314513073133764),
INFO:flwr:	               (18, 0.30314513073133764),
[92mINFO [0m:      	               (19, 0.31018337885290675),
INFO:flwr:	               (19, 0.31018337885290675),
[92mINFO [0m:      	               (20, 0.32925801011804384),
INFO:flwr:	               (20, 0.32925801011804384),
[92mINFO [0m:      	               (21, 0.2860652860652861),
INFO:flwr:	               (21, 0.2860652860652861),
[92mINFO [0m:      	               (22, 0.31889923108053425),
INFO:flwr:	               (22, 0.31889923108053425),
[92mINFO [0m:      	               (23, 0.31045121480910143),
INFO:flwr:	               (23, 0.31045121480910143),
[92mINFO [0m:      	               (24, 0.34375),
INFO:flwr:	               (24, 0.34375),
[92mINFO [0m:      	               (25, 0.3230644507498987),
INFO:flwr:	               (25, 0.3230644507498987),
[92mINFO [0m:      	               (26, 0.3361847733105218),
INFO:flwr:	               (26, 0.3361847733105218),
[92mINFO [0m:      	               (27, 0.2796030116358658),
INFO:flwr:	               (27, 0.2796030116358658),
[92mINFO [0m:      	               (28, 0.3214142225793491),
INFO:flwr:	               (28, 0.3214142225793491),
[92mINFO [0m:      	               (29, 0.3217741935483871),
INFO:flwr:	               (29, 0.3217741935483871),
[92mINFO [0m:      	               (30, 0.304364471669219),
INFO:flwr:	               (30, 0.304364471669219),
[92mINFO [0m:      	               (31, 0.33109525807805285),
INFO:flwr:	               (31, 0.33109525807805285),
[92mINFO [0m:      	               (32, 0.32955974842767294),
INFO:flwr:	               (32, 0.32955974842767294),
[92mINFO [0m:      	               (33, 0.3064516129032258),
INFO:flwr:	               (33, 0.3064516129032258),
[92mINFO [0m:      	               (34, 0.3210376976084313),
INFO:flwr:	               (34, 0.3210376976084313),
[92mINFO [0m:      	               (35, 0.31452581032412963),
INFO:flwr:	               (35, 0.31452581032412963),
[92mINFO [0m:      	               (36, 0.3026415094339623),
INFO:flwr:	               (36, 0.3026415094339623),
[92mINFO [0m:      	               (37, 0.33013355592654425),
INFO:flwr:	               (37, 0.33013355592654425),
[92mINFO [0m:      	               (38, 0.3139717425431711),
INFO:flwr:	               (38, 0.3139717425431711),
[92mINFO [0m:      	               (39, 0.30472921434019834),
INFO:flwr:	               (39, 0.30472921434019834),
[92mINFO [0m:      	               (40, 0.3004467609828741),
INFO:flwr:	               (40, 0.3004467609828741),
[92mINFO [0m:      	               (41, 0.3075153374233129),
INFO:flwr:	               (41, 0.3075153374233129),
[92mINFO [0m:      	               (42, 0.32624693376941943),
INFO:flwr:	               (42, 0.32624693376941943),
[92mINFO [0m:      	               (43, 0.2839027826699542),
INFO:flwr:	               (43, 0.2839027826699542),
[92mINFO [0m:      	               (44, 0.2911255411255411),
INFO:flwr:	               (44, 0.2911255411255411),
[92mINFO [0m:      	               (45, 0.27546916890080425),
INFO:flwr:	               (45, 0.27546916890080425),
[92mINFO [0m:      	               (46, 0.27533783783783783),
INFO:flwr:	               (46, 0.27533783783783783),
[92mINFO [0m:      	               (47, 0.29121278140885987),
INFO:flwr:	               (47, 0.29121278140885987),
[92mINFO [0m:      	               (48, 0.2845962290999644),
INFO:flwr:	               (48, 0.2845962290999644),
[92mINFO [0m:      	               (49, 0.27443735303997313),
INFO:flwr:	               (49, 0.27443735303997313),
[92mINFO [0m:      	               (50, 0.2707988067616838)],
INFO:flwr:	               (50, 0.2707988067616838)],
[92mINFO [0m:      	 'recall': [(1, 0.75),
INFO:flwr:	 'recall': [(1, 0.75),
[92mINFO [0m:      	            (2, 0.769090909090909),
INFO:flwr:	            (2, 0.769090909090909),
[92mINFO [0m:      	            (3, 0.7336363636363636),
INFO:flwr:	            (3, 0.7336363636363636),
[92mINFO [0m:      	            (4, 0.730909090909091),
INFO:flwr:	            (4, 0.730909090909091),
[92mINFO [0m:      	            (5, 0.7227272727272728),
INFO:flwr:	            (5, 0.7227272727272728),
[92mINFO [0m:      	            (6, 0.7236363636363636),
INFO:flwr:	            (6, 0.7236363636363636),
[92mINFO [0m:      	            (7, 0.7127272727272728),
INFO:flwr:	            (7, 0.7127272727272728),
[92mINFO [0m:      	            (8, 0.6927272727272727),
INFO:flwr:	            (8, 0.6927272727272727),
[92mINFO [0m:      	            (9, 0.7081818181818181),
INFO:flwr:	            (9, 0.7081818181818181),
[92mINFO [0m:      	            (10, 0.7118181818181818),
INFO:flwr:	            (10, 0.7118181818181818),
[92mINFO [0m:      	            (11, 0.7209090909090909),
INFO:flwr:	            (11, 0.7209090909090909),
[92mINFO [0m:      	            (12, 0.7163636363636363),
INFO:flwr:	            (12, 0.7163636363636363),
[92mINFO [0m:      	            (13, 0.7036363636363636),
INFO:flwr:	            (13, 0.7036363636363636),
[92mINFO [0m:      	            (14, 0.730909090909091),
INFO:flwr:	            (14, 0.730909090909091),
[92mINFO [0m:      	            (15, 0.709090909090909),
INFO:flwr:	            (15, 0.709090909090909),
[92mINFO [0m:      	            (16, 0.73),
INFO:flwr:	            (16, 0.73),
[92mINFO [0m:      	            (17, 0.7036363636363636),
INFO:flwr:	            (17, 0.7036363636363636),
[92mINFO [0m:      	            (18, 0.7272727272727274),
INFO:flwr:	            (18, 0.7272727272727274),
[92mINFO [0m:      	            (19, 0.7227272727272728),
INFO:flwr:	            (19, 0.7227272727272728),
[92mINFO [0m:      	            (20, 0.71),
INFO:flwr:	            (20, 0.71),
[92mINFO [0m:      	            (21, 0.740909090909091),
INFO:flwr:	            (21, 0.740909090909091),
[92mINFO [0m:      	            (22, 0.7163636363636363),
INFO:flwr:	            (22, 0.7163636363636363),
[92mINFO [0m:      	            (23, 0.7318181818181818),
INFO:flwr:	            (23, 0.7318181818181818),
[92mINFO [0m:      	            (24, 0.7),
INFO:flwr:	            (24, 0.7),
[92mINFO [0m:      	            (25, 0.7245454545454545),
INFO:flwr:	            (25, 0.7245454545454545),
[92mINFO [0m:      	            (26, 0.7145454545454545),
INFO:flwr:	            (26, 0.7145454545454545),
[92mINFO [0m:      	            (27, 0.7427272727272727),
INFO:flwr:	            (27, 0.7427272727272727),
[92mINFO [0m:      	            (28, 0.7272727272727274),
INFO:flwr:	            (28, 0.7272727272727274),
[92mINFO [0m:      	            (29, 0.7254545454545455),
INFO:flwr:	            (29, 0.7254545454545455),
[92mINFO [0m:      	            (30, 0.7227272727272728),
INFO:flwr:	            (30, 0.7227272727272728),
[92mINFO [0m:      	            (31, 0.7172727272727274),
INFO:flwr:	            (31, 0.7172727272727274),
[92mINFO [0m:      	            (32, 0.7145454545454545),
INFO:flwr:	            (32, 0.7145454545454545),
[92mINFO [0m:      	            (33, 0.7254545454545455),
INFO:flwr:	            (33, 0.7254545454545455),
[92mINFO [0m:      	            (34, 0.72),
INFO:flwr:	            (34, 0.72),
[92mINFO [0m:      	            (35, 0.7145454545454545),
INFO:flwr:	            (35, 0.7145454545454545),
[92mINFO [0m:      	            (36, 0.729090909090909),
INFO:flwr:	            (36, 0.729090909090909),
[92mINFO [0m:      	            (37, 0.719090909090909),
INFO:flwr:	            (37, 0.719090909090909),
[92mINFO [0m:      	            (38, 0.7272727272727274),
INFO:flwr:	            (38, 0.7272727272727274),
[92mINFO [0m:      	            (39, 0.7263636363636363),
INFO:flwr:	            (39, 0.7263636363636363),
[92mINFO [0m:      	            (40, 0.7336363636363636),
INFO:flwr:	            (40, 0.7336363636363636),
[92mINFO [0m:      	            (41, 0.729090909090909),
INFO:flwr:	            (41, 0.729090909090909),
[92mINFO [0m:      	            (42, 0.7254545454545455),
INFO:flwr:	            (42, 0.7254545454545455),
[92mINFO [0m:      	            (43, 0.7327272727272728),
INFO:flwr:	            (43, 0.7327272727272728),
[92mINFO [0m:      	            (44, 0.7336363636363636),
INFO:flwr:	            (44, 0.7336363636363636),
[92mINFO [0m:      	            (45, 0.7472727272727273),
INFO:flwr:	            (45, 0.7472727272727273),
[92mINFO [0m:      	            (46, 0.740909090909091),
INFO:flwr:	            (46, 0.740909090909091),
[92mINFO [0m:      	            (47, 0.729090909090909),
INFO:flwr:	            (47, 0.729090909090909),
[92mINFO [0m:      	            (48, 0.7272727272727274),
INFO:flwr:	            (48, 0.7272727272727274),
[92mINFO [0m:      	            (49, 0.7427272727272727),
INFO:flwr:	            (49, 0.7427272727272727),
[92mINFO [0m:      	            (50, 0.7427272727272727)]}
INFO:flwr:	            (50, 0.7427272727272727)]}
[92mINFO [0m:      
INFO:flwr:

Training complete in 643.6s (12.9s/round)

[Ray cleanup] Shutting down Ray...
[Ray cleanup] Ray shutdown complete.
Metrics saved to: ./results/seed_54/Ablation_NoL2_LabelFlip20pct.json
Model checkpoint saved to: ./results/seed_54/models/Ablation_NoL2_LabelFlip20pct.pt
