
==============================================================================
EXPERIMENT: Attack_SignFlip_20pct
SEED:       52
STARTED:    2026-09-15T22:17:13+00:00
TIMEOUT:    180.0 min
COMMAND:
/app/.venv/bin/python train.py --num-clients 10 --num-rounds 50 --nrows 150000 --batch-size 512 --epochs-per-round 10 --results-dir ./results/seed_52 --save-model ./results/seed_52/models/Attack_SignFlip_20pct.pt --seed 52 --run-label Attack_SignFlip_20pct --num-adversaries 2 --attack-type sign_flip
==============================================================================
Device: cuda
  GPU: NVIDIA GeForce RTX 3060
  VRAM: 12.9 GB

Loading data from: ./data/raw
/app/.venv/lib/python3.14/site-packages/numpy/lib/_function_base_impl.py:3036: RuntimeWarning: invalid value encountered in divide
  c /= stddev[:, None]
/app/.venv/lib/python3.14/site-packages/numpy/lib/_function_base_impl.py:3037: RuntimeWarning: invalid value encountered in divide
  c /= stddev[None, :]
/app/data/loader.py:132: PerformanceWarning: DataFrame is highly fragmented.  This is usually the result of calling `frame.insert` many times, which has poor performance.  Consider joining all columns at once using pd.concat(axis=1) instead. To get a de-fragmented frame, use `newframe = frame.copy()`
  X_df["uid_fraud_mean"] = y_series.groupby(by=uid_series).transform("mean").values
/app/data/loader.py:133: PerformanceWarning: DataFrame is highly fragmented.  This is usually the result of calling `frame.insert` many times, which has poor performance.  Consider joining all columns at once using pd.concat(axis=1) instead. To get a de-fragmented frame, use `newframe = frame.copy()`
  X_df["uid_count"]      = uid_series.groupby(by=uid_series).transform("count").astype(np.float32).values
/app/data/loader.py:134: PerformanceWarning: DataFrame is highly fragmented.  This is usually the result of calling `frame.insert` many times, which has poor performance.  Consider joining all columns at once using pd.concat(axis=1) instead. To get a de-fragmented frame, use `newframe = frame.copy()`
  X_df["uid_amt_mean"]   = amt_series.groupby(by=uid_series).transform("mean").astype(np.float32).values
/app/data/loader.py:135: PerformanceWarning: DataFrame is highly fragmented.  This is usually the result of calling `frame.insert` many times, which has poor performance.  Consider joining all columns at once using pd.concat(axis=1) instead. To get a de-fragmented frame, use `newframe = frame.copy()`
  X_df["uid_amt_std"]    = amt_series.groupby(by=uid_series).transform("std").fillna(0).astype(np.float32).values
/app/data/loader.py:142: PerformanceWarning: DataFrame is highly fragmented.  This is usually the result of calling `frame.insert` many times, which has poor performance.  Consider joining all columns at once using pd.concat(axis=1) instead. To get a de-fragmented frame, use `newframe = frame.copy()`
  X_df["log_TransactionAmt"] = np.log1p(
/app/data/loader.py:147: PerformanceWarning: DataFrame is highly fragmented.  This is usually the result of calling `frame.insert` many times, which has poor performance.  Consider joining all columns at once using pd.concat(axis=1) instead. To get a de-fragmented frame, use `newframe = frame.copy()`
  X_df["amt_uid_ratio"] = (
  Train samples: 120000
  Test samples:  30000
  Input dim: 122
Strategy: CascadeRouter

Starting FL simulation:
  Clients:      10
  Rounds:       50
  Adversaries:  2
  Attack:       sign_flip
[93mWARNING [0m:   DEPRECATED FEATURE: flwr.simulation.start_simulation() is deprecated.
	Instead, use the `flwr run` CLI command to start a local simulation in your Flower app, as shown for example below:

		$ flwr new  # Create a new Flower app from a template

		$ flwr run  # Run the Flower app in Simulation Mode

	Using `start_simulation()` is deprecated.

            This is a deprecated feature. It will be removed
            entirely in future versions of Flower.
        
[92mINFO [0m:      Starting Flower simulation, config: num_rounds=50, no round_timeout
2026-09-15 22:17:32,183	INFO worker.py:2024 -- Started a local Ray instance.
[92mINFO [0m:      Flower VCE: Ray initialized with resources: {'node:172.18.0.2': 1.0, 'CPU': 20.0, 'accelerator_type:GeForce-RTX-3060': 1.0, 'GPU': 1.0, 'object_store_memory': 2049788313.0, 'memory': 4782839399.0, 'node:__internal_head__': 1.0}
[92mINFO [0m:      Optimize your simulation with Flower VCE: https://flower.ai/docs/framework/how-to-run-simulations.html
[92mINFO [0m:      Flower VCE: Resources for each Virtual Client: {'num_cpus': 10, 'num_gpus': 0.5}
[92mINFO [0m:      Flower VCE: Creating VirtualClientEngineActorPool with 2 actors
[92mINFO [0m:      [INIT]
[92mINFO [0m:      Requesting initial parameters from one random client
[36m(ClientAppActor pid=224934)[0m [93mWARNING [0m:   DEPRECATED FEATURE: `client_fn` now expects a signature `def client_fn(context: Context)`.The provided `client_fn` has signature: {'cid': <Parameter "cid: str">}. You can import the `Context` like this: `from flwr.app import Context`
[36m(ClientAppActor pid=224934)[0m 
[36m(ClientAppActor pid=224934)[0m             This is a deprecated feature. It will be removed
[36m(ClientAppActor pid=224934)[0m             entirely in future versions of Flower.
[36m(ClientAppActor pid=224934)[0m         
[92mINFO [0m:      Received initial parameters from one random client
[92mINFO [0m:      Starting evaluation of initial global parameters
[92mINFO [0m:      Evaluation returned no results (`None`)
[92mINFO [0m:      
[92mINFO [0m:      [ROUND 1]
[92mINFO [0m:      configure_fit: strategy sampled 10 clients (out of 10)
[36m(ClientAppActor pid=224934)[0m [Client 0] Training on NVIDIA GeForce RTX 3060
[36m(ClientAppActor pid=224934)[0m [93mWARNING [0m:   DEPRECATED FEATURE: `client_fn` now expects a signature `def client_fn(context: Context)`.The provided `client_fn` has signature: {'cid': <Parameter "cid: str">}. You can import the `Context` like this: `from flwr.app import Context`
[36m(ClientAppActor pid=224934)[0m 
[36m(ClientAppActor pid=224934)[0m             This is a deprecated feature. It will be removed
[36m(ClientAppActor pid=224934)[0m             entirely in future versions of Flower.
[36m(ClientAppActor pid=224934)[0m         
[36m(ClientAppActor pid=224931)[0m 
[36m(ClientAppActor pid=224931)[0m         
[36m(ClientAppActor pid=224931)[0m 
[36m(ClientAppActor pid=224931)[0m         
[36m(ClientAppActor pid=224934)[0m [Client 8] Training on NVIDIA GeForce RTX 3060[32m [repeated 3x across cluster] (Ray deduplicates logs by default. Set RAY_DEDUP_LOGS=0 to disable log deduplication, or see https://docs.ray.io/en/master/ray-observability/user-guides/configure-logging.html#log-deduplication for more options.)[0m
[36m(ClientAppActor pid=224934)[0m 
[36m(ClientAppActor pid=224934)[0m         
[36m(ClientAppActor pid=224934)[0m [93mWARNING [0m:   DEPRECATED FEATURE: `client_fn` now expects a signature `def client_fn(context: Context)`.The provided `client_fn` has signature: {'cid': <Parameter "cid: str">}. You can import the `Context` like this: `from flwr.app import Context`[32m [repeated 3x across cluster][0m
[36m(ClientAppActor pid=224934)[0m             This is a deprecated feature. It will be removed[32m [repeated 3x across cluster][0m
[36m(ClientAppActor pid=224934)[0m             entirely in future versions of Flower.[32m [repeated 3x across cluster][0m
[36m(ClientAppActor pid=224931)[0m 
[36m(ClientAppActor pid=224931)[0m         
[36m(ClientAppActor pid=224934)[0m 
[36m(ClientAppActor pid=224934)[0m         
[36m(ClientAppActor pid=224934)[0m 
[36m(ClientAppActor pid=224934)[0m         
[36m(ClientAppActor pid=224931)[0m 
[36m(ClientAppActor pid=224931)[0m         
[36m(ClientAppActor pid=224934)[0m [Client 7] Training on NVIDIA GeForce RTX 3060[32m [repeated 5x across cluster][0m
[36m(ClientAppActor pid=224934)[0m 
[36m(ClientAppActor pid=224934)[0m         
[36m(ClientAppActor pid=224934)[0m [93mWARNING [0m:   DEPRECATED FEATURE: `client_fn` now expects a signature `def client_fn(context: Context)`.The provided `client_fn` has signature: {'cid': <Parameter "cid: str">}. You can import the `Context` like this: `from flwr.app import Context`[32m [repeated 5x across cluster][0m
[36m(ClientAppActor pid=224934)[0m             This is a deprecated feature. It will be removed[32m [repeated 5x across cluster][0m
[36m(ClientAppActor pid=224934)[0m             entirely in future versions of Flower.[32m [repeated 5x across cluster][0m
[36m(ClientAppActor pid=224934)[0m 
[36m(ClientAppActor pid=224934)[0m         
[92mINFO [0m:      aggregate_fit: received 10 results and 0 failures
[CascadeRouter] Round 1: 10 clients, 24578 parameters/client
[92mINFO [0m:      configure_evaluate: strategy sampled 10 clients (out of 10)
INFO:flwr:configure_evaluate: strategy sampled 10 clients (out of 10)
[36m(ClientAppActor pid=224931)[0m 
[36m(ClientAppActor pid=224931)[0m         
[36m(ClientAppActor pid=224934)[0m 
[36m(ClientAppActor pid=224934)[0m         
[36m(ClientAppActor pid=224931)[0m 
[36m(ClientAppActor pid=224931)[0m         
[36m(ClientAppActor pid=224934)[0m 
[36m(ClientAppActor pid=224934)[0m         
[36m(ClientAppActor pid=224934)[0m 
[36m(ClientAppActor pid=224934)[0m         
[36m(ClientAppActor pid=224931)[0m 
[36m(ClientAppActor pid=224931)[0m         
[36m(ClientAppActor pid=224931)[0m 
[36m(ClientAppActor pid=224931)[0m         
[36m(ClientAppActor pid=224934)[0m 
[36m(ClientAppActor pid=224934)[0m         
[36m(ClientAppActor pid=224931)[0m 
[36m(ClientAppActor pid=224931)[0m         
[36m(ClientAppActor pid=224934)[0m 
[36m(ClientAppActor pid=224934)[0m         
[92mINFO [0m:      aggregate_evaluate: received 10 results and 0 failures
INFO:flwr:aggregate_evaluate: received 10 results and 0 failures
[92mINFO [0m:      
INFO:flwr:
[92mINFO [0m:      [ROUND 2]
INFO:flwr:[ROUND 2]
[92mINFO [0m:      configure_fit: strategy sampled 10 clients (out of 10)
INFO:flwr:configure_fit: strategy sampled 10 clients (out of 10)
[36m(ClientAppActor pid=224934)[0m 
[36m(ClientAppActor pid=224934)[0m         
[36m(ClientAppActor pid=224931)[0m 
[36m(ClientAppActor pid=224931)[0m         
[36m(ClientAppActor pid=224934)[0m [Client 2] Training on NVIDIA GeForce RTX 3060[32m [repeated 4x across cluster][0m
[36m(ClientAppActor pid=224934)[0m 
[36m(ClientAppActor pid=224934)[0m         
[36m(ClientAppActor pid=224934)[0m [93mWARNING [0m:   DEPRECATED FEATURE: `client_fn` now expects a signature `def client_fn(context: Context)`.The provided `client_fn` has signature: {'cid': <Parameter "cid: str">}. You can import the `Context` like this: `from flwr.app import Context`[32m [repeated 14x across cluster][0m
[36m(ClientAppActor pid=224934)[0m             This is a deprecated feature. It will be removed[32m [repeated 14x across cluster][0m
[36m(ClientAppActor pid=224934)[0m             entirely in future versions of Flower.[32m [repeated 14x across cluster][0m
[36m(ClientAppActor pid=224934)[0m 
[36m(ClientAppActor pid=224934)[0m         
[36m(ClientAppActor pid=224931)[0m 
[36m(ClientAppActor pid=224931)[0m         
[36m(ClientAppActor pid=224931)[0m 
[36m(ClientAppActor pid=224931)[0m         
[36m(ClientAppActor pid=224931)[0m 
[36m(ClientAppActor pid=224931)[0m         
[36m(ClientAppActor pid=224931)[0m [Client 8] Training on NVIDIA GeForce RTX 3060[32m [repeated 5x across cluster][0m
[36m(ClientAppActor pid=224931)[0m 
[36m(ClientAppActor pid=224931)[0m         
[36m(ClientAppActor pid=224931)[0m [93mWARNING [0m:   DEPRECATED FEATURE: `client_fn` now expects a signature `def client_fn(context: Context)`.The provided `client_fn` has signature: {'cid': <Parameter "cid: str">}. You can import the `Context` like this: `from flwr.app import Context`[32m [repeated 5x across cluster][0m
[36m(ClientAppActor pid=224931)[0m             This is a deprecated feature. It will be removed[32m [repeated 5x across cluster][0m
[36m(ClientAppActor pid=224931)[0m             entirely in future versions of Flower.[32m [repeated 5x across cluster][0m
[36m(ClientAppActor pid=224934)[0m 
[36m(ClientAppActor pid=224934)[0m         
[36m(ClientAppActor pid=224931)[0m 
[36m(ClientAppActor pid=224931)[0m         
[92mINFO [0m:      aggregate_fit: received 10 results and 0 failures
INFO:flwr:aggregate_fit: received 10 results and 0 failures
[CascadeRouter] Round 2: 10 clients, 24578 parameters/client
[92mINFO [0m:      configure_evaluate: strategy sampled 10 clients (out of 10)
INFO:flwr:configure_evaluate: strategy sampled 10 clients (out of 10)
[36m(ClientAppActor pid=224934)[0m 
[36m(ClientAppActor pid=224934)[0m         
[36m(ClientAppActor pid=224931)[0m 
[36m(ClientAppActor pid=224931)[0m         
[36m(ClientAppActor pid=224934)[0m 
[36m(ClientAppActor pid=224934)[0m         
[36m(ClientAppActor pid=224931)[0m 
[36m(ClientAppActor pid=224931)[0m         
[36m(ClientAppActor pid=224934)[0m 
[36m(ClientAppActor pid=224934)[0m         
[36m(ClientAppActor pid=224931)[0m 
[36m(ClientAppActor pid=224931)[0m         
[36m(ClientAppActor pid=224934)[0m 
[36m(ClientAppActor pid=224934)[0m         
[36m(ClientAppActor pid=224931)[0m 
[36m(ClientAppActor pid=224931)[0m         
[36m(ClientAppActor pid=224934)[0m 
[36m(ClientAppActor pid=224934)[0m         
[36m(ClientAppActor pid=224934)[0m [93mWARNING [0m:   DEPRECATED FEATURE: `client_fn` now expects a signature `def client_fn(context: Context)`.The provided `client_fn` has signature: {'cid': <Parameter "cid: str">}. You can import the `Context` like this: `from flwr.app import Context`[32m [repeated 11x across cluster][0m
[36m(ClientAppActor pid=224934)[0m             This is a deprecated feature. It will be removed[32m [repeated 11x across cluster][0m
[36m(ClientAppActor pid=224934)[0m             entirely in future versions of Flower.[32m [repeated 11x across cluster][0m
[36m(ClientAppActor pid=224931)[0m 
[36m(ClientAppActor pid=224931)[0m         
[92mINFO [0m:      aggregate_evaluate: received 10 results and 0 failures
INFO:flwr:aggregate_evaluate: received 10 results and 0 failures
[92mINFO [0m:      
INFO:flwr:
[92mINFO [0m:      [ROUND 3]
INFO:flwr:[ROUND 3]
[92mINFO [0m:      configure_fit: strategy sampled 10 clients (out of 10)
INFO:flwr:configure_fit: strategy sampled 10 clients (out of 10)
[36m(ClientAppActor pid=224931)[0m [Client 9] Training on NVIDIA GeForce RTX 3060[32m [repeated 3x across cluster][0m
[36m(ClientAppActor pid=224934)[0m 
[36m(ClientAppActor pid=224934)[0m         
[36m(ClientAppActor pid=224931)[0m 
[36m(ClientAppActor pid=224931)[0m         
[36m(ClientAppActor pid=224931)[0m 
[36m(ClientAppActor pid=224931)[0m         
[36m(ClientAppActor pid=224934)[0m 
[36m(ClientAppActor pid=224934)[0m         
[36m(ClientAppActor pid=224934)[0m 
[36m(ClientAppActor pid=224934)[0m         
[36m(ClientAppActor pid=224934)[0m [Client 1] Training on NVIDIA GeForce RTX 3060[32m [repeated 5x across cluster][0m
[36m(ClientAppActor pid=224934)[0m 
[36m(ClientAppActor pid=224934)[0m         
[36m(ClientAppActor pid=224934)[0m [93mWARNING [0m:   DEPRECATED FEATURE: `client_fn` now expects a signature `def client_fn(context: Context)`.The provided `client_fn` has signature: {'cid': <Parameter "cid: str">}. You can import the `Context` like this: `from flwr.app import Context`[32m [repeated 7x across cluster][0m
[36m(ClientAppActor pid=224934)[0m             This is a deprecated feature. It will be removed[32m [repeated 7x across cluster][0m
[36m(ClientAppActor pid=224934)[0m             entirely in future versions of Flower.[32m [repeated 7x across cluster][0m
[36m(ClientAppActor pid=224931)[0m 
[36m(ClientAppActor pid=224931)[0m         
[36m(ClientAppActor pid=224934)[0m 
[36m(ClientAppActor pid=224934)[0m         
[36m(ClientAppActor pid=224931)[0m 
[36m(ClientAppActor pid=224931)[0m         
[36m(ClientAppActor pid=224931)[0m 
[36m(ClientAppActor pid=224931)[0m         
[92mINFO [0m:      aggregate_fit: received 10 results and 0 failures
INFO:flwr:aggregate_fit: received 10 results and 0 failures
[CascadeRouter] Round 3: 10 clients, 24578 parameters/client
[92mINFO [0m:      configure_evaluate: strategy sampled 10 clients (out of 10)
INFO:flwr:configure_evaluate: strategy sampled 10 clients (out of 10)
[36m(ClientAppActor pid=224931)[0m 
[36m(ClientAppActor pid=224931)[0m         
[36m(ClientAppActor pid=224934)[0m 
[36m(ClientAppActor pid=224934)[0m         
[36m(ClientAppActor pid=224934)[0m 
[36m(ClientAppActor pid=224934)[0m         
[36m(ClientAppActor pid=224931)[0m 
[36m(ClientAppActor pid=224931)[0m         
[36m(ClientAppActor pid=224931)[0m 
[36m(ClientAppActor pid=224931)[0m         
[36m(ClientAppActor pid=224934)[0m 
[36m(ClientAppActor pid=224934)[0m         
[36m(ClientAppActor pid=224934)[0m [93mWARNING [0m:   DEPRECATED FEATURE: `client_fn` now expects a signature `def client_fn(context: Context)`.The provided `client_fn` has signature: {'cid': <Parameter "cid: str">}. You can import the `Context` like this: `from flwr.app import Context`[32m [repeated 10x across cluster][0m
[36m(ClientAppActor pid=224934)[0m             This is a deprecated feature. It will be removed[32m [repeated 10x across cluster][0m
[36m(ClientAppActor pid=224934)[0m             entirely in future versions of Flower.[32m [repeated 10x across cluster][0m
[36m(ClientAppActor pid=224931)[0m 
[36m(ClientAppActor pid=224931)[0m         
[36m(ClientAppActor pid=224934)[0m 
[36m(ClientAppActor pid=224934)[0m         
[36m(ClientAppActor pid=224934)[0m 
[36m(ClientAppActor pid=224934)[0m         
[36m(ClientAppActor pid=224931)[0m 
[36m(ClientAppActor pid=224931)[0m         
[92mINFO [0m:      aggregate_evaluate: received 10 results and 0 failures
INFO:flwr:aggregate_evaluate: received 10 results and 0 failures
[92mINFO [0m:      
INFO:flwr:
[92mINFO [0m:      [ROUND 4]
INFO:flwr:[ROUND 4]
[92mINFO [0m:      configure_fit: strategy sampled 10 clients (out of 10)
INFO:flwr:configure_fit: strategy sampled 10 clients (out of 10)
[36m(ClientAppActor pid=224934)[0m [Client 5] Training on NVIDIA GeForce RTX 3060[32m [repeated 5x across cluster][0m
[36m(ClientAppActor pid=224934)[0m 
[36m(ClientAppActor pid=224934)[0m         
[36m(ClientAppActor pid=224931)[0m 
[36m(ClientAppActor pid=224931)[0m         
[36m(ClientAppActor pid=224931)[0m 
[36m(ClientAppActor pid=224931)[0m         
[36m(ClientAppActor pid=224931)[0m 
[36m(ClientAppActor pid=224931)[0m         
[36m(ClientAppActor pid=224931)[0m 
[36m(ClientAppActor pid=224931)[0m         
[36m(ClientAppActor pid=224931)[0m [Client 3] Training on NVIDIA GeForce RTX 3060[32m [repeated 5x across cluster][0m
[36m(ClientAppActor pid=224931)[0m 
[36m(ClientAppActor pid=224931)[0m         
[36m(ClientAppActor pid=224931)[0m [93mWARNING [0m:   DEPRECATED FEATURE: `client_fn` now expects a signature `def client_fn(context: Context)`.The provided `client_fn` has signature: {'cid': <Parameter "cid: str">}. You can import the `Context` like this: `from flwr.app import Context`[32m [repeated 10x across cluster][0m
[36m(ClientAppActor pid=224931)[0m             This is a deprecated feature. It will be removed[32m [repeated 10x across cluster][0m
[36m(ClientAppActor pid=224931)[0m             entirely in future versions of Flower.[32m [repeated 10x across cluster][0m
[36m(ClientAppActor pid=224934)[0m 
[36m(ClientAppActor pid=224934)[0m         
[36m(ClientAppActor pid=224931)[0m 
[36m(ClientAppActor pid=224931)[0m         
[36m(ClientAppActor pid=224934)[0m 
[36m(ClientAppActor pid=224934)[0m         
[36m(ClientAppActor pid=224934)[0m 
[36m(ClientAppActor pid=224934)[0m         
[92mINFO [0m:      aggregate_fit: received 10 results and 0 failures
INFO:flwr:aggregate_fit: received 10 results and 0 failures
[CascadeRouter] Round 4: 10 clients, 24578 parameters/client
[92mINFO [0m:      configure_evaluate: strategy sampled 10 clients (out of 10)
INFO:flwr:configure_evaluate: strategy sampled 10 clients (out of 10)
[36m(ClientAppActor pid=224931)[0m 
[36m(ClientAppActor pid=224931)[0m         
[36m(ClientAppActor pid=224931)[0m [93mWARNING [0m:   DEPRECATED FEATURE: `client_fn` now expects a signature `def client_fn(context: Context)`.The provided `client_fn` has signature: {'cid': <Parameter "cid: str">}. You can import the `Context` like this: `from flwr.app import Context`[32m [repeated 5x across cluster][0m
[36m(ClientAppActor pid=224931)[0m             This is a deprecated feature. It will be removed[32m [repeated 5x across cluster][0m
[36m(ClientAppActor pid=224931)[0m             entirely in future versions of Flower.[32m [repeated 5x across cluster][0m
[36m(ClientAppActor pid=224934)[0m 
[36m(ClientAppActor pid=224934)[0m         
[36m(ClientAppActor pid=224931)[0m 
[36m(ClientAppActor pid=224931)[0m         
[36m(ClientAppActor pid=224934)[0m 
[36m(ClientAppActor pid=224934)[0m         
[36m(ClientAppActor pid=224934)[0m 
[36m(ClientAppActor pid=224934)[0m         
[36m(ClientAppActor pid=224931)[0m 
[36m(ClientAppActor pid=224931)[0m         
[36m(ClientAppActor pid=224934)[0m 
[36m(ClientAppActor pid=224934)[0m         
[36m(ClientAppActor pid=224931)[0m 
[36m(ClientAppActor pid=224931)[0m         
[36m(ClientAppActor pid=224931)[0m 
[36m(ClientAppActor pid=224931)[0m         
[36m(ClientAppActor pid=224934)[0m 
[36m(ClientAppActor pid=224934)[0m         
[92mINFO [0m:      aggregate_evaluate: received 10 results and 0 failures
INFO:flwr:aggregate_evaluate: received 10 results and 0 failures
[92mINFO [0m:      
INFO:flwr:
[92mINFO [0m:      [ROUND 5]
INFO:flwr:[ROUND 5]
[92mINFO [0m:      configure_fit: strategy sampled 10 clients (out of 10)
INFO:flwr:configure_fit: strategy sampled 10 clients (out of 10)
[36m(ClientAppActor pid=224934)[0m [Client 6] Training on NVIDIA GeForce RTX 3060[32m [repeated 5x across cluster][0m
[36m(ClientAppActor pid=224934)[0m 
[36m(ClientAppActor pid=224934)[0m         
[36m(ClientAppActor pid=224931)[0m 
[36m(ClientAppActor pid=224931)[0m         
[36m(ClientAppActor pid=224934)[0m 
[36m(ClientAppActor pid=224934)[0m         
[36m(ClientAppActor pid=224931)[0m 
[36m(ClientAppActor pid=224931)[0m         
[36m(ClientAppActor pid=224934)[0m 
[36m(ClientAppActor pid=224934)[0m         
[36m(ClientAppActor pid=224931)[0m 
[36m(ClientAppActor pid=224931)[0m         
[36m(ClientAppActor pid=224931)[0m [93mWARNING [0m:   DEPRECATED FEATURE: `client_fn` now expects a signature `def client_fn(context: Context)`.The provided `client_fn` has signature: {'cid': <Parameter "cid: str">}. You can import the `Context` like this: `from flwr.app import Context`[32m [repeated 15x across cluster][0m
[36m(ClientAppActor pid=224931)[0m             This is a deprecated feature. It will be removed[32m [repeated 15x across cluster][0m
[36m(ClientAppActor pid=224931)[0m             entirely in future versions of Flower.[32m [repeated 15x across cluster][0m
[36m(ClientAppActor pid=224931)[0m [Client 9] Training on NVIDIA GeForce RTX 3060[32m [repeated 6x across cluster][0m
[36m(ClientAppActor pid=224931)[0m 
[36m(ClientAppActor pid=224931)[0m         
[36m(ClientAppActor pid=224931)[0m 
[36m(ClientAppActor pid=224931)[0m         
[36m(ClientAppActor pid=224934)[0m 
[36m(ClientAppActor pid=224934)[0m         
[36m(ClientAppActor pid=224934)[0m 
[36m(ClientAppActor pid=224934)[0m         
[36m(ClientAppActor pid=224934)[0m [93mWARNING [0m:   DEPRECATED FEATURE: `client_fn` now expects a signature `def client_fn(context: Context)`.The provided `client_fn` has signature: {'cid': <Parameter "cid: str">}. You can import the `Context` like this: `from flwr.app import Context`[32m [repeated 4x across cluster][0m
[36m(ClientAppActor pid=224934)[0m             This is a deprecated feature. It will be removed[32m [repeated 4x across cluster][0m
[36m(ClientAppActor pid=224934)[0m             entirely in future versions of Flower.[32m [repeated 4x across cluster][0m
[92mINFO [0m:      aggregate_fit: received 10 results and 0 failures
INFO:flwr:aggregate_fit: received 10 results and 0 failures
[CascadeRouter] Round 5: 10 clients, 24578 parameters/client
[92mINFO [0m:      configure_evaluate: strategy sampled 10 clients (out of 10)
INFO:flwr:configure_evaluate: strategy sampled 10 clients (out of 10)
[36m(ClientAppActor pid=224934)[0m 
[36m(ClientAppActor pid=224934)[0m         
[36m(ClientAppActor pid=224931)[0m 
[36m(ClientAppActor pid=224931)[0m         
[36m(ClientAppActor pid=224934)[0m 
[36m(ClientAppActor pid=224934)[0m         
[36m(ClientAppActor pid=224931)[0m 
[36m(ClientAppActor pid=224931)[0m         
[36m(ClientAppActor pid=224934)[0m 
[36m(ClientAppActor pid=224934)[0m         
[36m(ClientAppActor pid=224931)[0m 
[36m(ClientAppActor pid=224931)[0m         
[36m(ClientAppActor pid=224934)[0m 
[36m(ClientAppActor pid=224934)[0m         
[36m(ClientAppActor pid=224931)[0m 
[36m(ClientAppActor pid=224931)[0m         
[36m(ClientAppActor pid=224934)[0m 
[36m(ClientAppActor pid=224934)[0m         
[36m(ClientAppActor pid=224931)[0m 
[36m(ClientAppActor pid=224931)[0m         
[92mINFO [0m:      aggregate_evaluate: received 10 results and 0 failures
INFO:flwr:aggregate_evaluate: received 10 results and 0 failures
[92mINFO [0m:      
INFO:flwr:
[92mINFO [0m:      [ROUND 6]
INFO:flwr:[ROUND 6]
[92mINFO [0m:      configure_fit: strategy sampled 10 clients (out of 10)
INFO:flwr:configure_fit: strategy sampled 10 clients (out of 10)
[36m(ClientAppActor pid=224931)[0m [Client 7] Training on NVIDIA GeForce RTX 3060[32m [repeated 4x across cluster][0m
[36m(ClientAppActor pid=224934)[0m 
[36m(ClientAppActor pid=224934)[0m         
[36m(ClientAppActor pid=224931)[0m 
[36m(ClientAppActor pid=224931)[0m         
[36m(ClientAppActor pid=224931)[0m 
[36m(ClientAppActor pid=224931)[0m         
[36m(ClientAppActor pid=224931)[0m 
[36m(ClientAppActor pid=224931)[0m         
[36m(ClientAppActor pid=224931)[0m 
[36m(ClientAppActor pid=224931)[0m         
[36m(ClientAppActor pid=224934)[0m 
[36m(ClientAppActor pid=224934)[0m         
[36m(ClientAppActor pid=224934)[0m [93mWARNING [0m:   DEPRECATED FEATURE: `client_fn` now expects a signature `def client_fn(context: Context)`.The provided `client_fn` has signature: {'cid': <Parameter "cid: str">}. You can import the `Context` like this: `from flwr.app import Context`[32m [repeated 16x across cluster][0m
[36m(ClientAppActor pid=224934)[0m             This is a deprecated feature. It will be removed[32m [repeated 16x across cluster][0m
[36m(ClientAppActor pid=224934)[0m             entirely in future versions of Flower.[32m [repeated 16x across cluster][0m
[36m(ClientAppActor pid=224931)[0m 
[36m(ClientAppActor pid=224931)[0m         
[36m(ClientAppActor pid=224934)[0m 
[36m(ClientAppActor pid=224934)[0m         
[36m(ClientAppActor pid=224934)[0m [Client 8] Training on NVIDIA GeForce RTX 3060[32m [repeated 8x across cluster][0m
[36m(ClientAppActor pid=224934)[0m 
[36m(ClientAppActor pid=224934)[0m         
[36m(ClientAppActor pid=224934)[0m [93mWARNING [0m:   DEPRECATED FEATURE: `client_fn` now expects a signature `def client_fn(context: Context)`.The provided `client_fn` has signature: {'cid': <Parameter "cid: str">}. You can import the `Context` like this: `from flwr.app import Context`[32m [repeated 3x across cluster][0m
[36m(ClientAppActor pid=224934)[0m             This is a deprecated feature. It will be removed[32m [repeated 3x across cluster][0m
[36m(ClientAppActor pid=224934)[0m             entirely in future versions of Flower.[32m [repeated 3x across cluster][0m
[36m(ClientAppActor pid=224931)[0m 
[36m(ClientAppActor pid=224931)[0m         
[92mINFO [0m:      aggregate_fit: received 10 results and 0 failures
INFO:flwr:aggregate_fit: received 10 results and 0 failures
[CascadeRouter] Round 6: 10 clients, 24578 parameters/client
[92mINFO [0m:      configure_evaluate: strategy sampled 10 clients (out of 10)
INFO:flwr:configure_evaluate: strategy sampled 10 clients (out of 10)
[36m(ClientAppActor pid=224934)[0m 
[36m(ClientAppActor pid=224934)[0m         
[36m(ClientAppActor pid=224931)[0m 
[36m(ClientAppActor pid=224931)[0m         
[36m(ClientAppActor pid=224934)[0m 
[36m(ClientAppActor pid=224934)[0m         
[36m(ClientAppActor pid=224931)[0m 
[36m(ClientAppActor pid=224931)[0m         
[36m(ClientAppActor pid=224934)[0m 
[36m(ClientAppActor pid=224934)[0m         
[36m(ClientAppActor pid=224931)[0m 
[36m(ClientAppActor pid=224931)[0m         
[36m(ClientAppActor pid=224934)[0m 
[36m(ClientAppActor pid=224934)[0m         
[36m(ClientAppActor pid=224931)[0m 
[36m(ClientAppActor pid=224931)[0m         
[36m(ClientAppActor pid=224934)[0m 
[36m(ClientAppActor pid=224934)[0m         
[36m(ClientAppActor pid=224931)[0m 
[36m(ClientAppActor pid=224931)[0m         
[92mINFO [0m:      aggregate_evaluate: received 10 results and 0 failures
INFO:flwr:aggregate_evaluate: received 10 results and 0 failures
[92mINFO [0m:      
INFO:flwr:
[92mINFO [0m:      [ROUND 7]
INFO:flwr:[ROUND 7]
[92mINFO [0m:      configure_fit: strategy sampled 10 clients (out of 10)
INFO:flwr:configure_fit: strategy sampled 10 clients (out of 10)
[36m(ClientAppActor pid=224931)[0m 
[36m(ClientAppActor pid=224931)[0m         
[36m(ClientAppActor pid=224934)[0m 
[36m(ClientAppActor pid=224934)[0m         
[36m(ClientAppActor pid=224934)[0m 
[36m(ClientAppActor pid=224934)[0m         
[36m(ClientAppActor pid=224931)[0m [Client 4] Training on NVIDIA GeForce RTX 3060[32m [repeated 5x across cluster][0m
[36m(ClientAppActor pid=224931)[0m 
[36m(ClientAppActor pid=224931)[0m         
[36m(ClientAppActor pid=224931)[0m [93mWARNING [0m:   DEPRECATED FEATURE: `client_fn` now expects a signature `def client_fn(context: Context)`.The provided `client_fn` has signature: {'cid': <Parameter "cid: str">}. You can import the `Context` like this: `from flwr.app import Context`[32m [repeated 15x across cluster][0m
[36m(ClientAppActor pid=224931)[0m             This is a deprecated feature. It will be removed[32m [repeated 15x across cluster][0m
[36m(ClientAppActor pid=224931)[0m             entirely in future versions of Flower.[32m [repeated 15x across cluster][0m
[36m(ClientAppActor pid=224931)[0m 
[36m(ClientAppActor pid=224931)[0m         
[36m(ClientAppActor pid=224934)[0m [Client 8] Training on NVIDIA GeForce RTX 3060[32m [repeated 2x across cluster][0m
[36m(ClientAppActor pid=224934)[0m 
[36m(ClientAppActor pid=224934)[0m         
[36m(ClientAppActor pid=224934)[0m [93mWARNING [0m:   DEPRECATED FEATURE: `client_fn` now expects a signature `def client_fn(context: Context)`.The provided `client_fn` has signature: {'cid': <Parameter "cid: str">}. You can import the `Context` like this: `from flwr.app import Context`[32m [repeated 2x across cluster][0m
[36m(ClientAppActor pid=224934)[0m             This is a deprecated feature. It will be removed[32m [repeated 2x across cluster][0m
[36m(ClientAppActor pid=224934)[0m             entirely in future versions of Flower.[32m [repeated 2x across cluster][0m
[36m(ClientAppActor pid=224931)[0m 
[36m(ClientAppActor pid=224931)[0m         
[36m(ClientAppActor pid=224931)[0m 
[36m(ClientAppActor pid=224931)[0m         
[36m(ClientAppActor pid=224931)[0m 
[36m(ClientAppActor pid=224931)[0m         
[36m(ClientAppActor pid=224931)[0m 
[36m(ClientAppActor pid=224931)[0m         
[92mINFO [0m:      aggregate_fit: received 10 results and 0 failures
INFO:flwr:aggregate_fit: received 10 results and 0 failures
[CascadeRouter] Round 7: 10 clients, 24578 parameters/client
[92mINFO [0m:      configure_evaluate: strategy sampled 10 clients (out of 10)
INFO:flwr:configure_evaluate: strategy sampled 10 clients (out of 10)
[36m(ClientAppActor pid=224931)[0m 
[36m(ClientAppActor pid=224931)[0m         
[36m(ClientAppActor pid=224934)[0m 
[36m(ClientAppActor pid=224934)[0m         
[36m(ClientAppActor pid=224934)[0m 
[36m(ClientAppActor pid=224934)[0m         
[36m(ClientAppActor pid=224931)[0m 
[36m(ClientAppActor pid=224931)[0m         
[36m(ClientAppActor pid=224934)[0m 
[36m(ClientAppActor pid=224934)[0m         
[36m(ClientAppActor pid=224931)[0m 
[36m(ClientAppActor pid=224931)[0m         
[36m(ClientAppActor pid=224931)[0m 
[36m(ClientAppActor pid=224931)[0m         
[36m(ClientAppActor pid=224934)[0m 
[36m(ClientAppActor pid=224934)[0m         
[36m(ClientAppActor pid=224931)[0m 
[36m(ClientAppActor pid=224931)[0m         
[36m(ClientAppActor pid=224934)[0m 
[36m(ClientAppActor pid=224934)[0m         
[92mINFO [0m:      aggregate_evaluate: received 10 results and 0 failures
INFO:flwr:aggregate_evaluate: received 10 results and 0 failures
[92mINFO [0m:      
INFO:flwr:
[92mINFO [0m:      [ROUND 8]
INFO:flwr:[ROUND 8]
[92mINFO [0m:      configure_fit: strategy sampled 10 clients (out of 10)
INFO:flwr:configure_fit: strategy sampled 10 clients (out of 10)
[36m(ClientAppActor pid=224934)[0m 
[36m(ClientAppActor pid=224934)[0m         
[36m(ClientAppActor pid=224931)[0m [Client 0] Training on NVIDIA GeForce RTX 3060[32m [repeated 5x across cluster][0m
[36m(ClientAppActor pid=224931)[0m 
[36m(ClientAppActor pid=224931)[0m         
[36m(ClientAppActor pid=224931)[0m [93mWARNING [0m:   DEPRECATED FEATURE: `client_fn` now expects a signature `def client_fn(context: Context)`.The provided `client_fn` has signature: {'cid': <Parameter "cid: str">}. You can import the `Context` like this: `from flwr.app import Context`[32m [repeated 16x across cluster][0m
[36m(ClientAppActor pid=224931)[0m             This is a deprecated feature. It will be removed[32m [repeated 16x across cluster][0m
[36m(ClientAppActor pid=224931)[0m             entirely in future versions of Flower.[32m [repeated 16x across cluster][0m
[36m(ClientAppActor pid=224931)[0m 
[36m(ClientAppActor pid=224931)[0m         
[36m(ClientAppActor pid=224931)[0m 
[36m(ClientAppActor pid=224931)[0m         
[36m(ClientAppActor pid=224931)[0m 
[36m(ClientAppActor pid=224931)[0m         
[36m(ClientAppActor pid=224934)[0m 
[36m(ClientAppActor pid=224934)[0m         
[36m(ClientAppActor pid=224931)[0m [Client 8] Training on NVIDIA GeForce RTX 3060[32m [repeated 6x across cluster][0m
[36m(ClientAppActor pid=224931)[0m 
[36m(ClientAppActor pid=224931)[0m         
[36m(ClientAppActor pid=224931)[0m [93mWARNING [0m:   DEPRECATED FEATURE: `client_fn` now expects a signature `def client_fn(context: Context)`.The provided `client_fn` has signature: {'cid': <Parameter "cid: str">}. You can import the `Context` like this: `from flwr.app import Context`[32m [repeated 5x across cluster][0m
[36m(ClientAppActor pid=224931)[0m             This is a deprecated feature. It will be removed[32m [repeated 5x across cluster][0m
[36m(ClientAppActor pid=224931)[0m             entirely in future versions of Flower.[32m [repeated 5x across cluster][0m
[36m(ClientAppActor pid=224934)[0m 
[36m(ClientAppActor pid=224934)[0m         
[36m(ClientAppActor pid=224934)[0m 
[36m(ClientAppActor pid=224934)[0m         
[36m(ClientAppActor pid=224934)[0m 
[36m(ClientAppActor pid=224934)[0m         
[92mINFO [0m:      aggregate_fit: received 10 results and 0 failures
INFO:flwr:aggregate_fit: received 10 results and 0 failures
[CascadeRouter] Round 8: 10 clients, 24578 parameters/client
[92mINFO [0m:      configure_evaluate: strategy sampled 10 clients (out of 10)
INFO:flwr:configure_evaluate: strategy sampled 10 clients (out of 10)
[36m(ClientAppActor pid=224934)[0m 
[36m(ClientAppActor pid=224934)[0m         
[36m(ClientAppActor pid=224934)[0m [93mWARNING [0m:   DEPRECATED FEATURE: `client_fn` now expects a signature `def client_fn(context: Context)`.The provided `client_fn` has signature: {'cid': <Parameter "cid: str">}. You can import the `Context` like this: `from flwr.app import Context`[32m [repeated 4x across cluster][0m
[36m(ClientAppActor pid=224934)[0m             This is a deprecated feature. It will be removed[32m [repeated 4x across cluster][0m
[36m(ClientAppActor pid=224934)[0m             entirely in future versions of Flower.[32m [repeated 4x across cluster][0m
[36m(ClientAppActor pid=224931)[0m 
[36m(ClientAppActor pid=224931)[0m         
[36m(ClientAppActor pid=224934)[0m 
[36m(ClientAppActor pid=224934)[0m         
[36m(ClientAppActor pid=224931)[0m 
[36m(ClientAppActor pid=224931)[0m         
[36m(ClientAppActor pid=224934)[0m 
[36m(ClientAppActor pid=224934)[0m         
[36m(ClientAppActor pid=224931)[0m 
[36m(ClientAppActor pid=224931)[0m         
[36m(ClientAppActor pid=224934)[0m 
[36m(ClientAppActor pid=224934)[0m         
[36m(ClientAppActor pid=224931)[0m 
[36m(ClientAppActor pid=224931)[0m         
[36m(ClientAppActor pid=224934)[0m 
[36m(ClientAppActor pid=224934)[0m         
[36m(ClientAppActor pid=224931)[0m 
[36m(ClientAppActor pid=224931)[0m         
[92mINFO [0m:      aggregate_evaluate: received 10 results and 0 failures
INFO:flwr:aggregate_evaluate: received 10 results and 0 failures
[92mINFO [0m:      
INFO:flwr:
[92mINFO [0m:      [ROUND 9]
INFO:flwr:[ROUND 9]
[92mINFO [0m:      configure_fit: strategy sampled 10 clients (out of 10)
INFO:flwr:configure_fit: strategy sampled 10 clients (out of 10)
[36m(ClientAppActor pid=224931)[0m [Client 3] Training on NVIDIA GeForce RTX 3060[32m [repeated 4x across cluster][0m
[36m(ClientAppActor pid=224931)[0m 
[36m(ClientAppActor pid=224931)[0m         
[36m(ClientAppActor pid=224934)[0m 
[36m(ClientAppActor pid=224934)[0m         
[36m(ClientAppActor pid=224934)[0m 
[36m(ClientAppActor pid=224934)[0m         
[36m(ClientAppActor pid=224934)[0m 
[36m(ClientAppActor pid=224934)[0m         
[36m(ClientAppActor pid=224931)[0m 
[36m(ClientAppActor pid=224931)[0m         
[36m(ClientAppActor pid=224931)[0m [93mWARNING [0m:   DEPRECATED FEATURE: `client_fn` now expects a signature `def client_fn(context: Context)`.The provided `client_fn` has signature: {'cid': <Parameter "cid: str">}. You can import the `Context` like this: `from flwr.app import Context`[32m [repeated 14x across cluster][0m
[36m(ClientAppActor pid=224931)[0m             This is a deprecated feature. It will be removed[32m [repeated 14x across cluster][0m
[36m(ClientAppActor pid=224931)[0m             entirely in future versions of Flower.[32m [repeated 14x across cluster][0m
[36m(ClientAppActor pid=224931)[0m [Client 2] Training on NVIDIA GeForce RTX 3060[32m [repeated 5x across cluster][0m
[36m(ClientAppActor pid=224931)[0m 
[36m(ClientAppActor pid=224931)[0m         
[36m(ClientAppActor pid=224931)[0m 
[36m(ClientAppActor pid=224931)[0m         
[36m(ClientAppActor pid=224931)[0m 
[36m(ClientAppActor pid=224931)[0m         
[36m(ClientAppActor pid=224931)[0m 
[36m(ClientAppActor pid=224931)[0m         
[36m(ClientAppActor pid=224934)[0m 
[36m(ClientAppActor pid=224934)[0m         
[36m(ClientAppActor pid=224934)[0m [93mWARNING [0m:   DEPRECATED FEATURE: `client_fn` now expects a signature `def client_fn(context: Context)`.The provided `client_fn` has signature: {'cid': <Parameter "cid: str">}. You can import the `Context` like this: `from flwr.app import Context`[32m [repeated 5x across cluster][0m
[36m(ClientAppActor pid=224934)[0m             This is a deprecated feature. It will be removed[32m [repeated 5x across cluster][0m
[36m(ClientAppActor pid=224934)[0m             entirely in future versions of Flower.[32m [repeated 5x across cluster][0m
[92mINFO [0m:      aggregate_fit: received 10 results and 0 failures
INFO:flwr:aggregate_fit: received 10 results and 0 failures
[CascadeRouter] Round 9: 10 clients, 24578 parameters/client
[92mINFO [0m:      configure_evaluate: strategy sampled 10 clients (out of 10)
INFO:flwr:configure_evaluate: strategy sampled 10 clients (out of 10)
[36m(ClientAppActor pid=224931)[0m 
[36m(ClientAppActor pid=224931)[0m         
[36m(ClientAppActor pid=224934)[0m 
[36m(ClientAppActor pid=224934)[0m         
[36m(ClientAppActor pid=224934)[0m 
[36m(ClientAppActor pid=224934)[0m         
[36m(ClientAppActor pid=224931)[0m 
[36m(ClientAppActor pid=224931)[0m         
[36m(ClientAppActor pid=224931)[0m 
[36m(ClientAppActor pid=224931)[0m         
[36m(ClientAppActor pid=224934)[0m 
[36m(ClientAppActor pid=224934)[0m         
[36m(ClientAppActor pid=224934)[0m 
[36m(ClientAppActor pid=224934)[0m         
[36m(ClientAppActor pid=224931)[0m 
[36m(ClientAppActor pid=224931)[0m         
[36m(ClientAppActor pid=224931)[0m 
[36m(ClientAppActor pid=224931)[0m         
[36m(ClientAppActor pid=224934)[0m 
[36m(ClientAppActor pid=224934)[0m         
[92mINFO [0m:      aggregate_evaluate: received 10 results and 0 failures
INFO:flwr:aggregate_evaluate: received 10 results and 0 failures
[92mINFO [0m:      
INFO:flwr:
[92mINFO [0m:      [ROUND 10]
INFO:flwr:[ROUND 10]
[92mINFO [0m:      configure_fit: strategy sampled 10 clients (out of 10)
INFO:flwr:configure_fit: strategy sampled 10 clients (out of 10)
[36m(ClientAppActor pid=224934)[0m [Client 7] Training on NVIDIA GeForce RTX 3060[32m [repeated 5x across cluster][0m
[36m(ClientAppActor pid=224934)[0m 
[36m(ClientAppActor pid=224934)[0m         
[36m(ClientAppActor pid=224931)[0m 
[36m(ClientAppActor pid=224931)[0m         
[36m(ClientAppActor pid=224934)[0m 
[36m(ClientAppActor pid=224934)[0m         
[36m(ClientAppActor pid=224934)[0m 
[36m(ClientAppActor pid=224934)[0m         
[36m(ClientAppActor pid=224931)[0m 
[36m(ClientAppActor pid=224931)[0m         
[36m(ClientAppActor pid=224931)[0m [93mWARNING [0m:   DEPRECATED FEATURE: `client_fn` now expects a signature `def client_fn(context: Context)`.The provided `client_fn` has signature: {'cid': <Parameter "cid: str">}. You can import the `Context` like this: `from flwr.app import Context`[32m [repeated 15x across cluster][0m
[36m(ClientAppActor pid=224931)[0m             This is a deprecated feature. It will be removed[32m [repeated 15x across cluster][0m
[36m(ClientAppActor pid=224931)[0m             entirely in future versions of Flower.[32m [repeated 15x across cluster][0m
[36m(ClientAppActor pid=224934)[0m 
[36m(ClientAppActor pid=224934)[0m         
[36m(ClientAppActor pid=224934)[0m 
[36m(ClientAppActor pid=224934)[0m         
[36m(ClientAppActor pid=224934)[0m [Client 4] Training on NVIDIA GeForce RTX 3060[32m [repeated 7x across cluster][0m
[36m(ClientAppActor pid=224934)[0m 
[36m(ClientAppActor pid=224934)[0m         
[36m(ClientAppActor pid=224934)[0m 
[36m(ClientAppActor pid=224934)[0m         
[36m(ClientAppActor pid=224934)[0m 
[36m(ClientAppActor pid=224934)[0m         
[36m(ClientAppActor pid=224934)[0m [93mWARNING [0m:   DEPRECATED FEATURE: `client_fn` now expects a signature `def client_fn(context: Context)`.The provided `client_fn` has signature: {'cid': <Parameter "cid: str">}. You can import the `Context` like this: `from flwr.app import Context`[32m [repeated 5x across cluster][0m
[36m(ClientAppActor pid=224934)[0m             This is a deprecated feature. It will be removed[32m [repeated 5x across cluster][0m
[36m(ClientAppActor pid=224934)[0m             entirely in future versions of Flower.[32m [repeated 5x across cluster][0m
[92mINFO [0m:      aggregate_fit: received 10 results and 0 failures
INFO:flwr:aggregate_fit: received 10 results and 0 failures
[CascadeRouter] Round 10: 10 clients, 24578 parameters/client
[92mINFO [0m:      configure_evaluate: strategy sampled 10 clients (out of 10)
INFO:flwr:configure_evaluate: strategy sampled 10 clients (out of 10)
[36m(ClientAppActor pid=224934)[0m 
[36m(ClientAppActor pid=224934)[0m         
[36m(ClientAppActor pid=224931)[0m 
[36m(ClientAppActor pid=224931)[0m         
[36m(ClientAppActor pid=224934)[0m 
[36m(ClientAppActor pid=224934)[0m         
[36m(ClientAppActor pid=224931)[0m 
[36m(ClientAppActor pid=224931)[0m         
[36m(ClientAppActor pid=224934)[0m 
[36m(ClientAppActor pid=224934)[0m         
[36m(ClientAppActor pid=224931)[0m 
[36m(ClientAppActor pid=224931)[0m         
[36m(ClientAppActor pid=224934)[0m 
[36m(ClientAppActor pid=224934)[0m         
[36m(ClientAppActor pid=224931)[0m 
[36m(ClientAppActor pid=224931)[0m         
[36m(ClientAppActor pid=224934)[0m 
[36m(ClientAppActor pid=224934)[0m         
[36m(ClientAppActor pid=224931)[0m 
[36m(ClientAppActor pid=224931)[0m         
[92mINFO [0m:      aggregate_evaluate: received 10 results and 0 failures
INFO:flwr:aggregate_evaluate: received 10 results and 0 failures
[92mINFO [0m:      
INFO:flwr:
[92mINFO [0m:      [ROUND 11]
INFO:flwr:[ROUND 11]
[92mINFO [0m:      configure_fit: strategy sampled 10 clients (out of 10)
INFO:flwr:configure_fit: strategy sampled 10 clients (out of 10)
[36m(ClientAppActor pid=224931)[0m [Client 9] Training on NVIDIA GeForce RTX 3060[32m [repeated 3x across cluster][0m
[36m(ClientAppActor pid=224931)[0m 
[36m(ClientAppActor pid=224931)[0m         
[36m(ClientAppActor pid=224934)[0m 
[36m(ClientAppActor pid=224934)[0m         
[36m(ClientAppActor pid=224931)[0m 
[36m(ClientAppActor pid=224931)[0m         
[36m(ClientAppActor pid=224934)[0m 
[36m(ClientAppActor pid=224934)[0m         
[36m(ClientAppActor pid=224934)[0m [93mWARNING [0m:   DEPRECATED FEATURE: `client_fn` now expects a signature `def client_fn(context: Context)`.The provided `client_fn` has signature: {'cid': <Parameter "cid: str">}. You can import the `Context` like this: `from flwr.app import Context`[32m [repeated 14x across cluster][0m
[36m(ClientAppActor pid=224934)[0m             This is a deprecated feature. It will be removed[32m [repeated 14x across cluster][0m
[36m(ClientAppActor pid=224934)[0m             entirely in future versions of Flower.[32m [repeated 14x across cluster][0m
[36m(ClientAppActor pid=224934)[0m 
[36m(ClientAppActor pid=224934)[0m         
[36m(ClientAppActor pid=224934)[0m [Client 7] Training on NVIDIA GeForce RTX 3060[32m [repeated 5x across cluster][0m
[36m(ClientAppActor pid=224934)[0m 
[36m(ClientAppActor pid=224934)[0m         
[36m(ClientAppActor pid=224934)[0m 
[36m(ClientAppActor pid=224934)[0m         
[36m(ClientAppActor pid=224931)[0m 
[36m(ClientAppActor pid=224931)[0m         
[36m(ClientAppActor pid=224931)[0m 
[36m(ClientAppActor pid=224931)[0m         
[36m(ClientAppActor pid=224931)[0m [93mWARNING [0m:   DEPRECATED FEATURE: `client_fn` now expects a signature `def client_fn(context: Context)`.The provided `client_fn` has signature: {'cid': <Parameter "cid: str">}. You can import the `Context` like this: `from flwr.app import Context`[32m [repeated 5x across cluster][0m
[36m(ClientAppActor pid=224931)[0m             This is a deprecated feature. It will be removed[32m [repeated 5x across cluster][0m
[36m(ClientAppActor pid=224931)[0m             entirely in future versions of Flower.[32m [repeated 5x across cluster][0m
[36m(ClientAppActor pid=224934)[0m 
[36m(ClientAppActor pid=224934)[0m         
[92mINFO [0m:      aggregate_fit: received 10 results and 0 failures
INFO:flwr:aggregate_fit: received 10 results and 0 failures
[CascadeRouter] Round 11: 10 clients, 24578 parameters/client
[92mINFO [0m:      configure_evaluate: strategy sampled 10 clients (out of 10)
INFO:flwr:configure_evaluate: strategy sampled 10 clients (out of 10)
[36m(ClientAppActor pid=224934)[0m 
[36m(ClientAppActor pid=224934)[0m         
[36m(ClientAppActor pid=224931)[0m 
[36m(ClientAppActor pid=224931)[0m         
[36m(ClientAppActor pid=224934)[0m 
[36m(ClientAppActor pid=224934)[0m         
[36m(ClientAppActor pid=224931)[0m 
[36m(ClientAppActor pid=224931)[0m         
[36m(ClientAppActor pid=224934)[0m 
[36m(ClientAppActor pid=224934)[0m         
[36m(ClientAppActor pid=224931)[0m 
[36m(ClientAppActor pid=224931)[0m         
[36m(ClientAppActor pid=224934)[0m 
[36m(ClientAppActor pid=224934)[0m         
[36m(ClientAppActor pid=224931)[0m 
[36m(ClientAppActor pid=224931)[0m         
[36m(ClientAppActor pid=224934)[0m 
[36m(ClientAppActor pid=224934)[0m         
[36m(ClientAppActor pid=224934)[0m [93mWARNING [0m:   DEPRECATED FEATURE: `client_fn` now expects a signature `def client_fn(context: Context)`.The provided `client_fn` has signature: {'cid': <Parameter "cid: str">}. You can import the `Context` like this: `from flwr.app import Context`[32m [repeated 10x across cluster][0m
[36m(ClientAppActor pid=224934)[0m             This is a deprecated feature. It will be removed[32m [repeated 10x across cluster][0m
[36m(ClientAppActor pid=224934)[0m             entirely in future versions of Flower.[32m [repeated 10x across cluster][0m
[36m(ClientAppActor pid=224931)[0m 
[36m(ClientAppActor pid=224931)[0m         
[92mINFO [0m:      aggregate_evaluate: received 10 results and 0 failures
INFO:flwr:aggregate_evaluate: received 10 results and 0 failures
[92mINFO [0m:      
INFO:flwr:
[92mINFO [0m:      [ROUND 12]
INFO:flwr:[ROUND 12]
[92mINFO [0m:      configure_fit: strategy sampled 10 clients (out of 10)
INFO:flwr:configure_fit: strategy sampled 10 clients (out of 10)
[36m(ClientAppActor pid=224931)[0m [Client 3] Training on NVIDIA GeForce RTX 3060[32m [repeated 5x across cluster][0m
[36m(ClientAppActor pid=224934)[0m 
[36m(ClientAppActor pid=224934)[0m         
[36m(ClientAppActor pid=224931)[0m 
[36m(ClientAppActor pid=224931)[0m         
[36m(ClientAppActor pid=224934)[0m 
[36m(ClientAppActor pid=224934)[0m         
[36m(ClientAppActor pid=224934)[0m 
[36m(ClientAppActor pid=224934)[0m         
[36m(ClientAppActor pid=224931)[0m 
[36m(ClientAppActor pid=224931)[0m         
[36m(ClientAppActor pid=224931)[0m 
[36m(ClientAppActor pid=224931)[0m         
[36m(ClientAppActor pid=224931)[0m 
[36m(ClientAppActor pid=224931)[0m         
[36m(ClientAppActor pid=224934)[0m [Client 0] Training on NVIDIA GeForce RTX 3060[32m [repeated 7x across cluster][0m
[36m(ClientAppActor pid=224934)[0m 
[36m(ClientAppActor pid=224934)[0m         
[36m(ClientAppActor pid=224934)[0m [93mWARNING [0m:   DEPRECATED FEATURE: `client_fn` now expects a signature `def client_fn(context: Context)`.The provided `client_fn` has signature: {'cid': <Parameter "cid: str">}. You can import the `Context` like this: `from flwr.app import Context`[32m [repeated 9x across cluster][0m
[36m(ClientAppActor pid=224934)[0m             This is a deprecated feature. It will be removed[32m [repeated 9x across cluster][0m
[36m(ClientAppActor pid=224934)[0m             entirely in future versions of Flower.[32m [repeated 9x across cluster][0m
[36m(ClientAppActor pid=224934)[0m 
[36m(ClientAppActor pid=224934)[0m         
[36m(ClientAppActor pid=224931)[0m 
[36m(ClientAppActor pid=224931)[0m         
[92mINFO [0m:      aggregate_fit: received 10 results and 0 failures
INFO:flwr:aggregate_fit: received 10 results and 0 failures
[CascadeRouter] Round 12: 10 clients, 24578 parameters/client
[92mINFO [0m:      configure_evaluate: strategy sampled 10 clients (out of 10)
INFO:flwr:configure_evaluate: strategy sampled 10 clients (out of 10)
[36m(ClientAppActor pid=224934)[0m 
[36m(ClientAppActor pid=224934)[0m         
[36m(ClientAppActor pid=224934)[0m [93mWARNING [0m:   DEPRECATED FEATURE: `client_fn` now expects a signature `def client_fn(context: Context)`.The provided `client_fn` has signature: {'cid': <Parameter "cid: str">}. You can import the `Context` like this: `from flwr.app import Context`[32m [repeated 3x across cluster][0m
[36m(ClientAppActor pid=224934)[0m             This is a deprecated feature. It will be removed[32m [repeated 3x across cluster][0m
[36m(ClientAppActor pid=224934)[0m             entirely in future versions of Flower.[32m [repeated 3x across cluster][0m
[36m(ClientAppActor pid=224931)[0m 
[36m(ClientAppActor pid=224931)[0m         
[36m(ClientAppActor pid=224934)[0m 
[36m(ClientAppActor pid=224934)[0m         
[36m(ClientAppActor pid=224931)[0m 
[36m(ClientAppActor pid=224931)[0m         
[36m(ClientAppActor pid=224934)[0m 
[36m(ClientAppActor pid=224934)[0m         
[36m(ClientAppActor pid=224931)[0m 
[36m(ClientAppActor pid=224931)[0m         
[36m(ClientAppActor pid=224934)[0m 
[36m(ClientAppActor pid=224934)[0m         
[36m(ClientAppActor pid=224931)[0m 
[36m(ClientAppActor pid=224931)[0m         
[36m(ClientAppActor pid=224934)[0m 
[36m(ClientAppActor pid=224934)[0m         
[36m(ClientAppActor pid=224931)[0m 
[36m(ClientAppActor pid=224931)[0m         
[92mINFO [0m:      aggregate_evaluate: received 10 results and 0 failures
INFO:flwr:aggregate_evaluate: received 10 results and 0 failures
[92mINFO [0m:      
INFO:flwr:
[92mINFO [0m:      [ROUND 13]
INFO:flwr:[ROUND 13]
[92mINFO [0m:      configure_fit: strategy sampled 10 clients (out of 10)
INFO:flwr:configure_fit: strategy sampled 10 clients (out of 10)
[36m(ClientAppActor pid=224931)[0m [Client 1] Training on NVIDIA GeForce RTX 3060[32m [repeated 3x across cluster][0m
[36m(ClientAppActor pid=224934)[0m 
[36m(ClientAppActor pid=224934)[0m         
[36m(ClientAppActor pid=224931)[0m 
[36m(ClientAppActor pid=224931)[0m         
[36m(ClientAppActor pid=224934)[0m 
[36m(ClientAppActor pid=224934)[0m         
[36m(ClientAppActor pid=224931)[0m 
[36m(ClientAppActor pid=224931)[0m         
[36m(ClientAppActor pid=224931)[0m 
[36m(ClientAppActor pid=224931)[0m         
[36m(ClientAppActor pid=224931)[0m [93mWARNING [0m:   DEPRECATED FEATURE: `client_fn` now expects a signature `def client_fn(context: Context)`.The provided `client_fn` has signature: {'cid': <Parameter "cid: str">}. You can import the `Context` like this: `from flwr.app import Context`[32m [repeated 14x across cluster][0m
[36m(ClientAppActor pid=224931)[0m             This is a deprecated feature. It will be removed[32m [repeated 14x across cluster][0m
[36m(ClientAppActor pid=224931)[0m             entirely in future versions of Flower.[32m [repeated 14x across cluster][0m
[36m(ClientAppActor pid=224931)[0m 
[36m(ClientAppActor pid=224931)[0m         
[36m(ClientAppActor pid=224931)[0m 
[36m(ClientAppActor pid=224931)[0m         
[36m(ClientAppActor pid=224931)[0m [Client 4] Training on NVIDIA GeForce RTX 3060[32m [repeated 7x across cluster][0m
[36m(ClientAppActor pid=224931)[0m 
[36m(ClientAppActor pid=224931)[0m         
[36m(ClientAppActor pid=224934)[0m 
[36m(ClientAppActor pid=224934)[0m         
[36m(ClientAppActor pid=224934)[0m 
[36m(ClientAppActor pid=224934)[0m         
[36m(ClientAppActor pid=224934)[0m [93mWARNING [0m:   DEPRECATED FEATURE: `client_fn` now expects a signature `def client_fn(context: Context)`.The provided `client_fn` has signature: {'cid': <Parameter "cid: str">}. You can import the `Context` like this: `from flwr.app import Context`[32m [repeated 5x across cluster][0m
[36m(ClientAppActor pid=224934)[0m             This is a deprecated feature. It will be removed[32m [repeated 5x across cluster][0m
[36m(ClientAppActor pid=224934)[0m             entirely in future versions of Flower.[32m [repeated 5x across cluster][0m
[92mINFO [0m:      aggregate_fit: received 10 results and 0 failures
INFO:flwr:aggregate_fit: received 10 results and 0 failures
[CascadeRouter] Round 13: 10 clients, 24578 parameters/client
[92mINFO [0m:      configure_evaluate: strategy sampled 10 clients (out of 10)
INFO:flwr:configure_evaluate: strategy sampled 10 clients (out of 10)
[36m(ClientAppActor pid=224934)[0m 
[36m(ClientAppActor pid=224934)[0m         
[36m(ClientAppActor pid=224931)[0m 
[36m(ClientAppActor pid=224931)[0m         
[36m(ClientAppActor pid=224934)[0m 
[36m(ClientAppActor pid=224934)[0m         
[36m(ClientAppActor pid=224931)[0m 
[36m(ClientAppActor pid=224931)[0m         
[36m(ClientAppActor pid=224934)[0m 
[36m(ClientAppActor pid=224934)[0m         
[36m(ClientAppActor pid=224931)[0m 
[36m(ClientAppActor pid=224931)[0m         
[36m(ClientAppActor pid=224934)[0m 
[36m(ClientAppActor pid=224934)[0m         
[36m(ClientAppActor pid=224931)[0m 
[36m(ClientAppActor pid=224931)[0m         
[36m(ClientAppActor pid=224934)[0m 
[36m(ClientAppActor pid=224934)[0m         
[36m(ClientAppActor pid=224931)[0m 
[36m(ClientAppActor pid=224931)[0m         
[92mINFO [0m:      aggregate_evaluate: received 10 results and 0 failures
INFO:flwr:aggregate_evaluate: received 10 results and 0 failures
[92mINFO [0m:      
INFO:flwr:
[92mINFO [0m:      [ROUND 14]
INFO:flwr:[ROUND 14]
[92mINFO [0m:      configure_fit: strategy sampled 10 clients (out of 10)
INFO:flwr:configure_fit: strategy sampled 10 clients (out of 10)
[36m(ClientAppActor pid=224934)[0m 
[36m(ClientAppActor pid=224934)[0m         
[36m(ClientAppActor pid=224931)[0m 
[36m(ClientAppActor pid=224931)[0m         
[36m(ClientAppActor pid=224934)[0m [Client 6] Training on NVIDIA GeForce RTX 3060[32m [repeated 5x across cluster][0m
[36m(ClientAppActor pid=224934)[0m 
[36m(ClientAppActor pid=224934)[0m         
[36m(ClientAppActor pid=224934)[0m [93mWARNING [0m:   DEPRECATED FEATURE: `client_fn` now expects a signature `def client_fn(context: Context)`.The provided `client_fn` has signature: {'cid': <Parameter "cid: str">}. You can import the `Context` like this: `from flwr.app import Context`[32m [repeated 13x across cluster][0m
[36m(ClientAppActor pid=224934)[0m             This is a deprecated feature. It will be removed[32m [repeated 13x across cluster][0m
[36m(ClientAppActor pid=224934)[0m             entirely in future versions of Flower.[32m [repeated 13x across cluster][0m
[36m(ClientAppActor pid=224934)[0m 
[36m(ClientAppActor pid=224934)[0m         
[36m(ClientAppActor pid=224934)[0m 
[36m(ClientAppActor pid=224934)[0m         
[36m(ClientAppActor pid=224934)[0m 
[36m(ClientAppActor pid=224934)[0m         
[36m(ClientAppActor pid=224931)[0m 
[36m(ClientAppActor pid=224931)[0m         
[36m(ClientAppActor pid=224934)[0m 
[36m(ClientAppActor pid=224934)[0m         
[36m(ClientAppActor pid=224934)[0m 
[36m(ClientAppActor pid=224934)[0m         
[36m(ClientAppActor pid=224931)[0m [Client 4] Training on NVIDIA GeForce RTX 3060[32m [repeated 7x across cluster][0m
[36m(ClientAppActor pid=224931)[0m 
[36m(ClientAppActor pid=224931)[0m         
[36m(ClientAppActor pid=224931)[0m [93mWARNING [0m:   DEPRECATED FEATURE: `client_fn` now expects a signature `def client_fn(context: Context)`.The provided `client_fn` has signature: {'cid': <Parameter "cid: str">}. You can import the `Context` like this: `from flwr.app import Context`[32m [repeated 7x across cluster][0m
[36m(ClientAppActor pid=224931)[0m             This is a deprecated feature. It will be removed[32m [repeated 7x across cluster][0m
[36m(ClientAppActor pid=224931)[0m             entirely in future versions of Flower.[32m [repeated 7x across cluster][0m
[92mINFO [0m:      aggregate_fit: received 10 results and 0 failures
INFO:flwr:aggregate_fit: received 10 results and 0 failures
[CascadeRouter] Round 14: 10 clients, 24578 parameters/client
[92mINFO [0m:      configure_evaluate: strategy sampled 10 clients (out of 10)
INFO:flwr:configure_evaluate: strategy sampled 10 clients (out of 10)
[36m(ClientAppActor pid=224934)[0m 
[36m(ClientAppActor pid=224934)[0m         
[36m(ClientAppActor pid=224931)[0m 
[36m(ClientAppActor pid=224931)[0m         
[36m(ClientAppActor pid=224931)[0m 
[36m(ClientAppActor pid=224931)[0m         
[36m(ClientAppActor pid=224934)[0m 
[36m(ClientAppActor pid=224934)[0m         
[36m(ClientAppActor pid=224934)[0m 
[36m(ClientAppActor pid=224934)[0m         
[36m(ClientAppActor pid=224931)[0m 
[36m(ClientAppActor pid=224931)[0m         
[36m(ClientAppActor pid=224931)[0m 
[36m(ClientAppActor pid=224931)[0m         
[36m(ClientAppActor pid=224934)[0m 
[36m(ClientAppActor pid=224934)[0m         
[36m(ClientAppActor pid=224934)[0m 
[36m(ClientAppActor pid=224934)[0m         
[36m(ClientAppActor pid=224931)[0m 
[36m(ClientAppActor pid=224931)[0m         
[92mINFO [0m:      aggregate_evaluate: received 10 results and 0 failures
INFO:flwr:aggregate_evaluate: received 10 results and 0 failures
[92mINFO [0m:      
INFO:flwr:
[92mINFO [0m:      [ROUND 15]
INFO:flwr:[ROUND 15]
[92mINFO [0m:      configure_fit: strategy sampled 10 clients (out of 10)
INFO:flwr:configure_fit: strategy sampled 10 clients (out of 10)
[36m(ClientAppActor pid=224934)[0m 
[36m(ClientAppActor pid=224934)[0m         
[36m(ClientAppActor pid=224931)[0m 
[36m(ClientAppActor pid=224931)[0m         
[36m(ClientAppActor pid=224931)[0m 
[36m(ClientAppActor pid=224931)[0m         
[36m(ClientAppActor pid=224934)[0m 
[36m(ClientAppActor pid=224934)[0m         
[36m(ClientAppActor pid=224934)[0m [93mWARNING [0m:   DEPRECATED FEATURE: `client_fn` now expects a signature `def client_fn(context: Context)`.The provided `client_fn` has signature: {'cid': <Parameter "cid: str">}. You can import the `Context` like this: `from flwr.app import Context`[32m [repeated 14x across cluster][0m
[36m(ClientAppActor pid=224934)[0m             This is a deprecated feature. It will be removed[32m [repeated 14x across cluster][0m
[36m(ClientAppActor pid=224934)[0m             entirely in future versions of Flower.[32m [repeated 14x across cluster][0m
[36m(ClientAppActor pid=224934)[0m [Client 2] Training on NVIDIA GeForce RTX 3060[32m [repeated 4x across cluster][0m
[36m(ClientAppActor pid=224934)[0m 
[36m(ClientAppActor pid=224934)[0m         
[36m(ClientAppActor pid=224934)[0m 
[36m(ClientAppActor pid=224934)[0m         
[36m(ClientAppActor pid=224934)[0m 
[36m(ClientAppActor pid=224934)[0m         
[36m(ClientAppActor pid=224934)[0m 
[36m(ClientAppActor pid=224934)[0m         
[36m(ClientAppActor pid=224934)[0m 
[36m(ClientAppActor pid=224934)[0m         
[36m(ClientAppActor pid=224931)[0m [Client 3] Training on NVIDIA GeForce RTX 3060[32m [repeated 6x across cluster][0m
[36m(ClientAppActor pid=224931)[0m 
[36m(ClientAppActor pid=224931)[0m         
[36m(ClientAppActor pid=224931)[0m [93mWARNING [0m:   DEPRECATED FEATURE: `client_fn` now expects a signature `def client_fn(context: Context)`.The provided `client_fn` has signature: {'cid': <Parameter "cid: str">}. You can import the `Context` like this: `from flwr.app import Context`[32m [repeated 6x across cluster][0m
[36m(ClientAppActor pid=224931)[0m             This is a deprecated feature. It will be removed[32m [repeated 6x across cluster][0m
[36m(ClientAppActor pid=224931)[0m             entirely in future versions of Flower.[32m [repeated 6x across cluster][0m
[92mINFO [0m:      aggregate_fit: received 10 results and 0 failures
INFO:flwr:aggregate_fit: received 10 results and 0 failures
[CascadeRouter] Round 15: 10 clients, 24578 parameters/client
[92mINFO [0m:      configure_evaluate: strategy sampled 10 clients (out of 10)
INFO:flwr:configure_evaluate: strategy sampled 10 clients (out of 10)
[36m(ClientAppActor pid=224931)[0m 
[36m(ClientAppActor pid=224931)[0m         
[36m(ClientAppActor pid=224934)[0m 
[36m(ClientAppActor pid=224934)[0m         
[36m(ClientAppActor pid=224934)[0m 
[36m(ClientAppActor pid=224934)[0m         
[36m(ClientAppActor pid=224931)[0m 
[36m(ClientAppActor pid=224931)[0m         
[36m(ClientAppActor pid=224931)[0m 
[36m(ClientAppActor pid=224931)[0m         
[36m(ClientAppActor pid=224934)[0m 
[36m(ClientAppActor pid=224934)[0m         
[36m(ClientAppActor pid=224931)[0m 
[36m(ClientAppActor pid=224931)[0m         
[36m(ClientAppActor pid=224934)[0m 
[36m(ClientAppActor pid=224934)[0m         
[36m(ClientAppActor pid=224931)[0m 
[36m(ClientAppActor pid=224931)[0m         
[36m(ClientAppActor pid=224934)[0m 
[36m(ClientAppActor pid=224934)[0m         
[92mINFO [0m:      aggregate_evaluate: received 10 results and 0 failures
INFO:flwr:aggregate_evaluate: received 10 results and 0 failures
[92mINFO [0m:      
INFO:flwr:
[92mINFO [0m:      [ROUND 16]
INFO:flwr:[ROUND 16]
[92mINFO [0m:      configure_fit: strategy sampled 10 clients (out of 10)
INFO:flwr:configure_fit: strategy sampled 10 clients (out of 10)
[36m(ClientAppActor pid=224934)[0m 
[36m(ClientAppActor pid=224934)[0m         
[36m(ClientAppActor pid=224931)[0m 
[36m(ClientAppActor pid=224931)[0m         
[36m(ClientAppActor pid=224934)[0m 
[36m(ClientAppActor pid=224934)[0m         
[36m(ClientAppActor pid=224934)[0m 
[36m(ClientAppActor pid=224934)[0m         
[36m(ClientAppActor pid=224934)[0m [Client 4] Training on NVIDIA GeForce RTX 3060[32m [repeated 5x across cluster][0m
[36m(ClientAppActor pid=224934)[0m 
[36m(ClientAppActor pid=224934)[0m         
[36m(ClientAppActor pid=224934)[0m [93mWARNING [0m:   DEPRECATED FEATURE: `client_fn` now expects a signature `def client_fn(context: Context)`.The provided `client_fn` has signature: {'cid': <Parameter "cid: str">}. You can import the `Context` like this: `from flwr.app import Context`[32m [repeated 15x across cluster][0m
[36m(ClientAppActor pid=224934)[0m             This is a deprecated feature. It will be removed[32m [repeated 15x across cluster][0m
[36m(ClientAppActor pid=224934)[0m             entirely in future versions of Flower.[32m [repeated 15x across cluster][0m
[36m(ClientAppActor pid=224931)[0m 
[36m(ClientAppActor pid=224931)[0m         
[36m(ClientAppActor pid=224934)[0m 
[36m(ClientAppActor pid=224934)[0m         
[36m(ClientAppActor pid=224934)[0m 
[36m(ClientAppActor pid=224934)[0m         
[36m(ClientAppActor pid=224931)[0m 
[36m(ClientAppActor pid=224931)[0m         
[36m(ClientAppActor pid=224934)[0m [Client 7] Training on NVIDIA GeForce RTX 3060[32m [repeated 5x across cluster][0m
[36m(ClientAppActor pid=224934)[0m 
[36m(ClientAppActor pid=224934)[0m         
[36m(ClientAppActor pid=224934)[0m [93mWARNING [0m:   DEPRECATED FEATURE: `client_fn` now expects a signature `def client_fn(context: Context)`.The provided `client_fn` has signature: {'cid': <Parameter "cid: str">}. You can import the `Context` like this: `from flwr.app import Context`[32m [repeated 5x across cluster][0m
[36m(ClientAppActor pid=224934)[0m             This is a deprecated feature. It will be removed[32m [repeated 5x across cluster][0m
[36m(ClientAppActor pid=224934)[0m             entirely in future versions of Flower.[32m [repeated 5x across cluster][0m
[92mINFO [0m:      aggregate_fit: received 10 results and 0 failures
INFO:flwr:aggregate_fit: received 10 results and 0 failures
[CascadeRouter] Round 16: 10 clients, 24578 parameters/client
[92mINFO [0m:      configure_evaluate: strategy sampled 10 clients (out of 10)
INFO:flwr:configure_evaluate: strategy sampled 10 clients (out of 10)
[36m(ClientAppActor pid=224934)[0m 
[36m(ClientAppActor pid=224934)[0m         
[36m(ClientAppActor pid=224931)[0m 
[36m(ClientAppActor pid=224931)[0m         
[36m(ClientAppActor pid=224931)[0m 
[36m(ClientAppActor pid=224931)[0m         
[36m(ClientAppActor pid=224934)[0m 
[36m(ClientAppActor pid=224934)[0m         
[36m(ClientAppActor pid=224931)[0m 
[36m(ClientAppActor pid=224931)[0m         
[36m(ClientAppActor pid=224934)[0m 
[36m(ClientAppActor pid=224934)[0m         
[36m(ClientAppActor pid=224934)[0m 
[36m(ClientAppActor pid=224934)[0m         
[36m(ClientAppActor pid=224931)[0m 
[36m(ClientAppActor pid=224931)[0m         
[36m(ClientAppActor pid=224931)[0m 
[36m(ClientAppActor pid=224931)[0m         
[36m(ClientAppActor pid=224934)[0m 
[36m(ClientAppActor pid=224934)[0m         
[92mINFO [0m:      aggregate_evaluate: received 10 results and 0 failures
INFO:flwr:aggregate_evaluate: received 10 results and 0 failures
[92mINFO [0m:      
INFO:flwr:
[92mINFO [0m:      [ROUND 17]
INFO:flwr:[ROUND 17]
[92mINFO [0m:      configure_fit: strategy sampled 10 clients (out of 10)
INFO:flwr:configure_fit: strategy sampled 10 clients (out of 10)
[36m(ClientAppActor pid=224931)[0m [Client 7] Training on NVIDIA GeForce RTX 3060
[36m(ClientAppActor pid=224934)[0m [Client 6] Training on NVIDIA GeForce RTX 3060
[36m(ClientAppActor pid=224934)[0m 
[36m(ClientAppActor pid=224934)[0m         
[36m(ClientAppActor pid=224934)[0m [93mWARNING [0m:   DEPRECATED FEATURE: `client_fn` now expects a signature `def client_fn(context: Context)`.The provided `client_fn` has signature: {'cid': <Parameter "cid: str">}. You can import the `Context` like this: `from flwr.app import Context`[32m [repeated 11x across cluster][0m
[36m(ClientAppActor pid=224934)[0m             This is a deprecated feature. It will be removed[32m [repeated 11x across cluster][0m
[36m(ClientAppActor pid=224934)[0m             entirely in future versions of Flower.[32m [repeated 11x across cluster][0m
[36m(ClientAppActor pid=224931)[0m 
[36m(ClientAppActor pid=224931)[0m         
[36m(ClientAppActor pid=224934)[0m [Client 0] Training on NVIDIA GeForce RTX 3060
[36m(ClientAppActor pid=224934)[0m 
[36m(ClientAppActor pid=224934)[0m         
[36m(ClientAppActor pid=224931)[0m 
[36m(ClientAppActor pid=224931)[0m         
[36m(ClientAppActor pid=224934)[0m 
[36m(ClientAppActor pid=224934)[0m         
[36m(ClientAppActor pid=224934)[0m 
[36m(ClientAppActor pid=224934)[0m         
[36m(ClientAppActor pid=224931)[0m 
[36m(ClientAppActor pid=224931)[0m         
[36m(ClientAppActor pid=224934)[0m 
[36m(ClientAppActor pid=224934)[0m         
[36m(ClientAppActor pid=224931)[0m [Client 2] Training on NVIDIA GeForce RTX 3060[32m [repeated 6x across cluster][0m
[36m(ClientAppActor pid=224931)[0m 
[36m(ClientAppActor pid=224931)[0m         
[36m(ClientAppActor pid=224931)[0m [93mWARNING [0m:   DEPRECATED FEATURE: `client_fn` now expects a signature `def client_fn(context: Context)`.The provided `client_fn` has signature: {'cid': <Parameter "cid: str">}. You can import the `Context` like this: `from flwr.app import Context`[32m [repeated 8x across cluster][0m
[36m(ClientAppActor pid=224931)[0m             This is a deprecated feature. It will be removed[32m [repeated 8x across cluster][0m
[36m(ClientAppActor pid=224931)[0m             entirely in future versions of Flower.[32m [repeated 8x across cluster][0m
[36m(ClientAppActor pid=224934)[0m 
[36m(ClientAppActor pid=224934)[0m         
[92mINFO [0m:      aggregate_fit: received 10 results and 0 failures
INFO:flwr:aggregate_fit: received 10 results and 0 failures
[CascadeRouter] Round 17: 10 clients, 24578 parameters/client
[92mINFO [0m:      configure_evaluate: strategy sampled 10 clients (out of 10)
INFO:flwr:configure_evaluate: strategy sampled 10 clients (out of 10)
[36m(ClientAppActor pid=224934)[0m 
[36m(ClientAppActor pid=224934)[0m         
[36m(ClientAppActor pid=224931)[0m 
[36m(ClientAppActor pid=224931)[0m         
[36m(ClientAppActor pid=224934)[0m 
[36m(ClientAppActor pid=224934)[0m         
[36m(ClientAppActor pid=224931)[0m 
[36m(ClientAppActor pid=224931)[0m         
[36m(ClientAppActor pid=224934)[0m 
[36m(ClientAppActor pid=224934)[0m         
[36m(ClientAppActor pid=224931)[0m 
[36m(ClientAppActor pid=224931)[0m         
[36m(ClientAppActor pid=224934)[0m 
[36m(ClientAppActor pid=224934)[0m         
[36m(ClientAppActor pid=224934)[0m [93mWARNING [0m:   DEPRECATED FEATURE: `client_fn` now expects a signature `def client_fn(context: Context)`.The provided `client_fn` has signature: {'cid': <Parameter "cid: str">}. You can import the `Context` like this: `from flwr.app import Context`[32m [repeated 8x across cluster][0m
[36m(ClientAppActor pid=224934)[0m             This is a deprecated feature. It will be removed[32m [repeated 8x across cluster][0m
[36m(ClientAppActor pid=224934)[0m             entirely in future versions of Flower.[32m [repeated 8x across cluster][0m
[36m(ClientAppActor pid=224931)[0m 
[36m(ClientAppActor pid=224931)[0m         
[36m(ClientAppActor pid=224934)[0m 
[36m(ClientAppActor pid=224934)[0m         
[36m(ClientAppActor pid=224931)[0m 
[36m(ClientAppActor pid=224931)[0m         
[92mINFO [0m:      aggregate_evaluate: received 10 results and 0 failures
INFO:flwr:aggregate_evaluate: received 10 results and 0 failures
[92mINFO [0m:      
INFO:flwr:
[92mINFO [0m:      [ROUND 18]
INFO:flwr:[ROUND 18]
[92mINFO [0m:      configure_fit: strategy sampled 10 clients (out of 10)
INFO:flwr:configure_fit: strategy sampled 10 clients (out of 10)
[36m(ClientAppActor pid=224931)[0m [Client 5] Training on NVIDIA GeForce RTX 3060[32m [repeated 2x across cluster][0m
[36m(ClientAppActor pid=224931)[0m 
[36m(ClientAppActor pid=224931)[0m         
[36m(ClientAppActor pid=224934)[0m 
[36m(ClientAppActor pid=224934)[0m         
[36m(ClientAppActor pid=224934)[0m 
[36m(ClientAppActor pid=224934)[0m         
[36m(ClientAppActor pid=224934)[0m 
[36m(ClientAppActor pid=224934)[0m         
[36m(ClientAppActor pid=224934)[0m [Client 7] Training on NVIDIA GeForce RTX 3060[32m [repeated 4x across cluster][0m
[36m(ClientAppActor pid=224934)[0m 
[36m(ClientAppActor pid=224934)[0m         
[36m(ClientAppActor pid=224934)[0m [93mWARNING [0m:   DEPRECATED FEATURE: `client_fn` now expects a signature `def client_fn(context: Context)`.The provided `client_fn` has signature: {'cid': <Parameter "cid: str">}. You can import the `Context` like this: `from flwr.app import Context`[32m [repeated 8x across cluster][0m
[36m(ClientAppActor pid=224934)[0m             This is a deprecated feature. It will be removed[32m [repeated 8x across cluster][0m
[36m(ClientAppActor pid=224934)[0m             entirely in future versions of Flower.[32m [repeated 8x across cluster][0m
[36m(ClientAppActor pid=224934)[0m 
[36m(ClientAppActor pid=224934)[0m         
[36m(ClientAppActor pid=224931)[0m 
[36m(ClientAppActor pid=224931)[0m         
[36m(ClientAppActor pid=224934)[0m 
[36m(ClientAppActor pid=224934)[0m         
[36m(ClientAppActor pid=224934)[0m 
[36m(ClientAppActor pid=224934)[0m         
[36m(ClientAppActor pid=224931)[0m 
[36m(ClientAppActor pid=224931)[0m         
[92mINFO [0m:      aggregate_fit: received 10 results and 0 failures
INFO:flwr:aggregate_fit: received 10 results and 0 failures
[CascadeRouter] Round 18: 10 clients, 24578 parameters/client
[92mINFO [0m:      configure_evaluate: strategy sampled 10 clients (out of 10)
INFO:flwr:configure_evaluate: strategy sampled 10 clients (out of 10)
[36m(ClientAppActor pid=224934)[0m 
[36m(ClientAppActor pid=224934)[0m         
[36m(ClientAppActor pid=224934)[0m [93mWARNING [0m:   DEPRECATED FEATURE: `client_fn` now expects a signature `def client_fn(context: Context)`.The provided `client_fn` has signature: {'cid': <Parameter "cid: str">}. You can import the `Context` like this: `from flwr.app import Context`[32m [repeated 6x across cluster][0m
[36m(ClientAppActor pid=224934)[0m             This is a deprecated feature. It will be removed[32m [repeated 6x across cluster][0m
[36m(ClientAppActor pid=224934)[0m             entirely in future versions of Flower.[32m [repeated 6x across cluster][0m
[36m(ClientAppActor pid=224931)[0m 
[36m(ClientAppActor pid=224931)[0m         
[36m(ClientAppActor pid=224934)[0m 
[36m(ClientAppActor pid=224934)[0m         
[36m(ClientAppActor pid=224931)[0m 
[36m(ClientAppActor pid=224931)[0m         
[36m(ClientAppActor pid=224934)[0m 
[36m(ClientAppActor pid=224934)[0m         
[36m(ClientAppActor pid=224931)[0m 
[36m(ClientAppActor pid=224931)[0m         
[36m(ClientAppActor pid=224934)[0m 
[36m(ClientAppActor pid=224934)[0m         
[36m(ClientAppActor pid=224931)[0m 
[36m(ClientAppActor pid=224931)[0m         
[36m(ClientAppActor pid=224934)[0m 
[36m(ClientAppActor pid=224934)[0m         
[36m(ClientAppActor pid=224931)[0m 
[36m(ClientAppActor pid=224931)[0m         
[92mINFO [0m:      aggregate_evaluate: received 10 results and 0 failures
INFO:flwr:aggregate_evaluate: received 10 results and 0 failures
[92mINFO [0m:      
INFO:flwr:
[92mINFO [0m:      [ROUND 19]
INFO:flwr:[ROUND 19]
[92mINFO [0m:      configure_fit: strategy sampled 10 clients (out of 10)
INFO:flwr:configure_fit: strategy sampled 10 clients (out of 10)
[36m(ClientAppActor pid=224931)[0m [Client 5] Training on NVIDIA GeForce RTX 3060[32m [repeated 6x across cluster][0m
[36m(ClientAppActor pid=224931)[0m 
[36m(ClientAppActor pid=224931)[0m         
[36m(ClientAppActor pid=224934)[0m 
[36m(ClientAppActor pid=224934)[0m         
[36m(ClientAppActor pid=224934)[0m 
[36m(ClientAppActor pid=224934)[0m         
[36m(ClientAppActor pid=224934)[0m 
[36m(ClientAppActor pid=224934)[0m         
[36m(ClientAppActor pid=224931)[0m [Client 6] Training on NVIDIA GeForce RTX 3060[32m [repeated 4x across cluster][0m
[36m(ClientAppActor pid=224934)[0m 
[36m(ClientAppActor pid=224934)[0m         
[36m(ClientAppActor pid=224934)[0m [93mWARNING [0m:   DEPRECATED FEATURE: `client_fn` now expects a signature `def client_fn(context: Context)`.The provided `client_fn` has signature: {'cid': <Parameter "cid: str">}. You can import the `Context` like this: `from flwr.app import Context`[32m [repeated 14x across cluster][0m
[36m(ClientAppActor pid=224934)[0m             This is a deprecated feature. It will be removed[32m [repeated 14x across cluster][0m
[36m(ClientAppActor pid=224934)[0m             entirely in future versions of Flower.[32m [repeated 14x across cluster][0m
[36m(ClientAppActor pid=224931)[0m 
[36m(ClientAppActor pid=224931)[0m         
[36m(ClientAppActor pid=224931)[0m 
[36m(ClientAppActor pid=224931)[0m         
[36m(ClientAppActor pid=224931)[0m 
[36m(ClientAppActor pid=224931)[0m         
[36m(ClientAppActor pid=224931)[0m 
[36m(ClientAppActor pid=224931)[0m         
[36m(ClientAppActor pid=224934)[0m 
[36m(ClientAppActor pid=224934)[0m         
[92mINFO [0m:      aggregate_fit: received 10 results and 0 failures
INFO:flwr:aggregate_fit: received 10 results and 0 failures
[CascadeRouter] Round 19: 10 clients, 24578 parameters/client
[92mINFO [0m:      configure_evaluate: strategy sampled 10 clients (out of 10)
INFO:flwr:configure_evaluate: strategy sampled 10 clients (out of 10)
[36m(ClientAppActor pid=224934)[0m 
[36m(ClientAppActor pid=224934)[0m         
[36m(ClientAppActor pid=224931)[0m 
[36m(ClientAppActor pid=224931)[0m         
[36m(ClientAppActor pid=224934)[0m 
[36m(ClientAppActor pid=224934)[0m         
[36m(ClientAppActor pid=224934)[0m [93mWARNING [0m:   DEPRECATED FEATURE: `client_fn` now expects a signature `def client_fn(context: Context)`.The provided `client_fn` has signature: {'cid': <Parameter "cid: str">}. You can import the `Context` like this: `from flwr.app import Context`[32m [repeated 8x across cluster][0m
[36m(ClientAppActor pid=224934)[0m             This is a deprecated feature. It will be removed[32m [repeated 8x across cluster][0m
[36m(ClientAppActor pid=224934)[0m             entirely in future versions of Flower.[32m [repeated 8x across cluster][0m
[36m(ClientAppActor pid=224931)[0m 
[36m(ClientAppActor pid=224931)[0m         
[36m(ClientAppActor pid=224934)[0m 
[36m(ClientAppActor pid=224934)[0m         
[36m(ClientAppActor pid=224931)[0m 
[36m(ClientAppActor pid=224931)[0m         
[36m(ClientAppActor pid=224934)[0m 
[36m(ClientAppActor pid=224934)[0m         
[36m(ClientAppActor pid=224931)[0m 
[36m(ClientAppActor pid=224931)[0m         
[36m(ClientAppActor pid=224934)[0m 
[36m(ClientAppActor pid=224934)[0m         
[36m(ClientAppActor pid=224931)[0m 
[36m(ClientAppActor pid=224931)[0m         
[92mINFO [0m:      aggregate_evaluate: received 10 results and 0 failures
INFO:flwr:aggregate_evaluate: received 10 results and 0 failures
[92mINFO [0m:      
INFO:flwr:
[92mINFO [0m:      [ROUND 20]
INFO:flwr:[ROUND 20]
[92mINFO [0m:      configure_fit: strategy sampled 10 clients (out of 10)
INFO:flwr:configure_fit: strategy sampled 10 clients (out of 10)
[36m(ClientAppActor pid=224931)[0m [Client 1] Training on NVIDIA GeForce RTX 3060[32m [repeated 6x across cluster][0m
[36m(ClientAppActor pid=224931)[0m 
[36m(ClientAppActor pid=224931)[0m         
[36m(ClientAppActor pid=224934)[0m 
[36m(ClientAppActor pid=224934)[0m         
[36m(ClientAppActor pid=224931)[0m 
[36m(ClientAppActor pid=224931)[0m         
[36m(ClientAppActor pid=224934)[0m 
[36m(ClientAppActor pid=224934)[0m         
[36m(ClientAppActor pid=224934)[0m 
[36m(ClientAppActor pid=224934)[0m         
[36m(ClientAppActor pid=224934)[0m [93mWARNING [0m:   DEPRECATED FEATURE: `client_fn` now expects a signature `def client_fn(context: Context)`.The provided `client_fn` has signature: {'cid': <Parameter "cid: str">}. You can import the `Context` like this: `from flwr.app import Context`[32m [repeated 12x across cluster][0m
[36m(ClientAppActor pid=224934)[0m             This is a deprecated feature. It will be removed[32m [repeated 12x across cluster][0m
[36m(ClientAppActor pid=224934)[0m             entirely in future versions of Flower.[32m [repeated 12x across cluster][0m
[36m(ClientAppActor pid=224934)[0m 
[36m(ClientAppActor pid=224934)[0m         
[36m(ClientAppActor pid=224934)[0m [Client 6] Training on NVIDIA GeForce RTX 3060[32m [repeated 5x across cluster][0m
[36m(ClientAppActor pid=224934)[0m 
[36m(ClientAppActor pid=224934)[0m         
[36m(ClientAppActor pid=224934)[0m 
[36m(ClientAppActor pid=224934)[0m         
[36m(ClientAppActor pid=224934)[0m 
[36m(ClientAppActor pid=224934)[0m         
[36m(ClientAppActor pid=224934)[0m [93mWARNING [0m:   DEPRECATED FEATURE: `client_fn` now expects a signature `def client_fn(context: Context)`.The provided `client_fn` has signature: {'cid': <Parameter "cid: str">}. You can import the `Context` like this: `from flwr.app import Context`[32m [repeated 4x across cluster][0m
[36m(ClientAppActor pid=224934)[0m             This is a deprecated feature. It will be removed[32m [repeated 4x across cluster][0m
[36m(ClientAppActor pid=224934)[0m             entirely in future versions of Flower.[32m [repeated 4x across cluster][0m
[36m(ClientAppActor pid=224931)[0m 
[36m(ClientAppActor pid=224931)[0m         
[92mINFO [0m:      aggregate_fit: received 10 results and 0 failures
INFO:flwr:aggregate_fit: received 10 results and 0 failures
[CascadeRouter] Round 20: 10 clients, 24578 parameters/client
[92mINFO [0m:      configure_evaluate: strategy sampled 10 clients (out of 10)
INFO:flwr:configure_evaluate: strategy sampled 10 clients (out of 10)
[36m(ClientAppActor pid=224931)[0m 
[36m(ClientAppActor pid=224931)[0m         
[36m(ClientAppActor pid=224934)[0m 
[36m(ClientAppActor pid=224934)[0m         
[36m(ClientAppActor pid=224934)[0m 
[36m(ClientAppActor pid=224934)[0m         
[36m(ClientAppActor pid=224931)[0m 
[36m(ClientAppActor pid=224931)[0m         
[36m(ClientAppActor pid=224931)[0m 
[36m(ClientAppActor pid=224931)[0m         
[36m(ClientAppActor pid=224934)[0m 
[36m(ClientAppActor pid=224934)[0m         
[36m(ClientAppActor pid=224931)[0m 
[36m(ClientAppActor pid=224931)[0m         
[36m(ClientAppActor pid=224934)[0m 
[36m(ClientAppActor pid=224934)[0m         
[36m(ClientAppActor pid=224931)[0m 
[36m(ClientAppActor pid=224931)[0m         
[36m(ClientAppActor pid=224934)[0m 
[36m(ClientAppActor pid=224934)[0m         
[92mINFO [0m:      aggregate_evaluate: received 10 results and 0 failures
INFO:flwr:aggregate_evaluate: received 10 results and 0 failures
[92mINFO [0m:      
INFO:flwr:
[92mINFO [0m:      [ROUND 21]
INFO:flwr:[ROUND 21]
[92mINFO [0m:      configure_fit: strategy sampled 10 clients (out of 10)
INFO:flwr:configure_fit: strategy sampled 10 clients (out of 10)
[36m(ClientAppActor pid=224931)[0m [Client 9] Training on NVIDIA GeForce RTX 3060[32m [repeated 5x across cluster][0m
[36m(ClientAppActor pid=224934)[0m 
[36m(ClientAppActor pid=224934)[0m         
[36m(ClientAppActor pid=224931)[0m 
[36m(ClientAppActor pid=224931)[0m         
[36m(ClientAppActor pid=224931)[0m 
[36m(ClientAppActor pid=224931)[0m         
[36m(ClientAppActor pid=224931)[0m 
[36m(ClientAppActor pid=224931)[0m         
[36m(ClientAppActor pid=224931)[0m 
[36m(ClientAppActor pid=224931)[0m         
[36m(ClientAppActor pid=224931)[0m [93mWARNING [0m:   DEPRECATED FEATURE: `client_fn` now expects a signature `def client_fn(context: Context)`.The provided `client_fn` has signature: {'cid': <Parameter "cid: str">}. You can import the `Context` like this: `from flwr.app import Context`[32m [repeated 16x across cluster][0m
[36m(ClientAppActor pid=224931)[0m             This is a deprecated feature. It will be removed[32m [repeated 16x across cluster][0m
[36m(ClientAppActor pid=224931)[0m             entirely in future versions of Flower.[32m [repeated 16x across cluster][0m
[36m(ClientAppActor pid=224931)[0m 
[36m(ClientAppActor pid=224931)[0m         
[36m(ClientAppActor pid=224931)[0m [Client 4] Training on NVIDIA GeForce RTX 3060[32m [repeated 6x across cluster][0m
[36m(ClientAppActor pid=224931)[0m 
[36m(ClientAppActor pid=224931)[0m         
[36m(ClientAppActor pid=224934)[0m 
[36m(ClientAppActor pid=224934)[0m         
[36m(ClientAppActor pid=224934)[0m 
[36m(ClientAppActor pid=224934)[0m         
[36m(ClientAppActor pid=224931)[0m 
[36m(ClientAppActor pid=224931)[0m         
[92mINFO [0m:      aggregate_fit: received 10 results and 0 failures
INFO:flwr:aggregate_fit: received 10 results and 0 failures
[CascadeRouter] Round 21: 10 clients, 24578 parameters/client
[92mINFO [0m:      configure_evaluate: strategy sampled 10 clients (out of 10)
INFO:flwr:configure_evaluate: strategy sampled 10 clients (out of 10)
[36m(ClientAppActor pid=224934)[0m 
[36m(ClientAppActor pid=224934)[0m         
[36m(ClientAppActor pid=224934)[0m [93mWARNING [0m:   DEPRECATED FEATURE: `client_fn` now expects a signature `def client_fn(context: Context)`.The provided `client_fn` has signature: {'cid': <Parameter "cid: str">}. You can import the `Context` like this: `from flwr.app import Context`[32m [repeated 6x across cluster][0m
[36m(ClientAppActor pid=224934)[0m             This is a deprecated feature. It will be removed[32m [repeated 6x across cluster][0m
[36m(ClientAppActor pid=224934)[0m             entirely in future versions of Flower.[32m [repeated 6x across cluster][0m
[36m(ClientAppActor pid=224931)[0m 
[36m(ClientAppActor pid=224931)[0m         
[36m(ClientAppActor pid=224934)[0m 
[36m(ClientAppActor pid=224934)[0m         
[36m(ClientAppActor pid=224931)[0m 
[36m(ClientAppActor pid=224931)[0m         
[36m(ClientAppActor pid=224934)[0m 
[36m(ClientAppActor pid=224934)[0m         
[36m(ClientAppActor pid=224931)[0m 
[36m(ClientAppActor pid=224931)[0m         
[36m(ClientAppActor pid=224934)[0m 
[36m(ClientAppActor pid=224934)[0m         
[36m(ClientAppActor pid=224931)[0m 
[36m(ClientAppActor pid=224931)[0m         
[36m(ClientAppActor pid=224934)[0m 
[36m(ClientAppActor pid=224934)[0m         
[36m(ClientAppActor pid=224931)[0m 
[36m(ClientAppActor pid=224931)[0m         
[92mINFO [0m:      aggregate_evaluate: received 10 results and 0 failures
INFO:flwr:aggregate_evaluate: received 10 results and 0 failures
[92mINFO [0m:      
INFO:flwr:
[92mINFO [0m:      [ROUND 22]
INFO:flwr:[ROUND 22]
[92mINFO [0m:      configure_fit: strategy sampled 10 clients (out of 10)
INFO:flwr:configure_fit: strategy sampled 10 clients (out of 10)
[36m(ClientAppActor pid=224931)[0m [Client 8] Training on NVIDIA GeForce RTX 3060[32m [repeated 4x across cluster][0m
[36m(ClientAppActor pid=224931)[0m 
[36m(ClientAppActor pid=224931)[0m         
[36m(ClientAppActor pid=224934)[0m 
[36m(ClientAppActor pid=224934)[0m         
[36m(ClientAppActor pid=224934)[0m 
[36m(ClientAppActor pid=224934)[0m         
[36m(ClientAppActor pid=224931)[0m 
[36m(ClientAppActor pid=224931)[0m         
[36m(ClientAppActor pid=224931)[0m 
[36m(ClientAppActor pid=224931)[0m         
[36m(ClientAppActor pid=224931)[0m [93mWARNING [0m:   DEPRECATED FEATURE: `client_fn` now expects a signature `def client_fn(context: Context)`.The provided `client_fn` has signature: {'cid': <Parameter "cid: str">}. You can import the `Context` like this: `from flwr.app import Context`[32m [repeated 14x across cluster][0m
[36m(ClientAppActor pid=224931)[0m             This is a deprecated feature. It will be removed[32m [repeated 14x across cluster][0m
[36m(ClientAppActor pid=224931)[0m             entirely in future versions of Flower.[32m [repeated 14x across cluster][0m
[36m(ClientAppActor pid=224931)[0m 
[36m(ClientAppActor pid=224931)[0m         
[36m(ClientAppActor pid=224931)[0m 
[36m(ClientAppActor pid=224931)[0m         
[36m(ClientAppActor pid=224934)[0m 
[36m(ClientAppActor pid=224934)[0m         
[36m(ClientAppActor pid=224934)[0m [Client 7] Training on NVIDIA GeForce RTX 3060[32m [repeated 7x across cluster][0m
[36m(ClientAppActor pid=224934)[0m 
[36m(ClientAppActor pid=224934)[0m         
[36m(ClientAppActor pid=224931)[0m 
[36m(ClientAppActor pid=224931)[0m         
[92mINFO [0m:      aggregate_fit: received 10 results and 0 failures
INFO:flwr:aggregate_fit: received 10 results and 0 failures
[CascadeRouter] Round 22: 10 clients, 24578 parameters/client
[92mINFO [0m:      configure_evaluate: strategy sampled 10 clients (out of 10)
INFO:flwr:configure_evaluate: strategy sampled 10 clients (out of 10)
[36m(ClientAppActor pid=224934)[0m 
[36m(ClientAppActor pid=224934)[0m         
[36m(ClientAppActor pid=224934)[0m [93mWARNING [0m:   DEPRECATED FEATURE: `client_fn` now expects a signature `def client_fn(context: Context)`.The provided `client_fn` has signature: {'cid': <Parameter "cid: str">}. You can import the `Context` like this: `from flwr.app import Context`[32m [repeated 6x across cluster][0m
[36m(ClientAppActor pid=224934)[0m             This is a deprecated feature. It will be removed[32m [repeated 6x across cluster][0m
[36m(ClientAppActor pid=224934)[0m             entirely in future versions of Flower.[32m [repeated 6x across cluster][0m
[36m(ClientAppActor pid=224931)[0m 
[36m(ClientAppActor pid=224931)[0m         
[36m(ClientAppActor pid=224931)[0m 
[36m(ClientAppActor pid=224931)[0m         
[36m(ClientAppActor pid=224934)[0m 
[36m(ClientAppActor pid=224934)[0m         
[36m(ClientAppActor pid=224931)[0m 
[36m(ClientAppActor pid=224931)[0m         
[36m(ClientAppActor pid=224934)[0m 
[36m(ClientAppActor pid=224934)[0m         
[36m(ClientAppActor pid=224931)[0m 
[36m(ClientAppActor pid=224931)[0m         
[36m(ClientAppActor pid=224934)[0m 
[36m(ClientAppActor pid=224934)[0m         
[36m(ClientAppActor pid=224931)[0m 
[36m(ClientAppActor pid=224931)[0m         
[36m(ClientAppActor pid=224934)[0m 
[36m(ClientAppActor pid=224934)[0m         
[92mINFO [0m:      aggregate_evaluate: received 10 results and 0 failures
INFO:flwr:aggregate_evaluate: received 10 results and 0 failures
[92mINFO [0m:      
INFO:flwr:
[92mINFO [0m:      [ROUND 23]
INFO:flwr:[ROUND 23]
[92mINFO [0m:      configure_fit: strategy sampled 10 clients (out of 10)
INFO:flwr:configure_fit: strategy sampled 10 clients (out of 10)
[36m(ClientAppActor pid=224934)[0m [Client 2] Training on NVIDIA GeForce RTX 3060[32m [repeated 3x across cluster][0m
[36m(ClientAppActor pid=224934)[0m 
[36m(ClientAppActor pid=224934)[0m         
[36m(ClientAppActor pid=224931)[0m 
[36m(ClientAppActor pid=224931)[0m         
[36m(ClientAppActor pid=224934)[0m 
[36m(ClientAppActor pid=224934)[0m         
[36m(ClientAppActor pid=224931)[0m 
[36m(ClientAppActor pid=224931)[0m         
[36m(ClientAppActor pid=224934)[0m 
[36m(ClientAppActor pid=224934)[0m         
[36m(ClientAppActor pid=224934)[0m [93mWARNING [0m:   DEPRECATED FEATURE: `client_fn` now expects a signature `def client_fn(context: Context)`.The provided `client_fn` has signature: {'cid': <Parameter "cid: str">}. You can import the `Context` like this: `from flwr.app import Context`[32m [repeated 14x across cluster][0m
[36m(ClientAppActor pid=224934)[0m             This is a deprecated feature. It will be removed[32m [repeated 14x across cluster][0m
[36m(ClientAppActor pid=224934)[0m             entirely in future versions of Flower.[32m [repeated 14x across cluster][0m
[36m(ClientAppActor pid=224934)[0m [Client 1] Training on NVIDIA GeForce RTX 3060[32m [repeated 5x across cluster][0m
[36m(ClientAppActor pid=224934)[0m 
[36m(ClientAppActor pid=224934)[0m         
[36m(ClientAppActor pid=224931)[0m 
[36m(ClientAppActor pid=224931)[0m         
[36m(ClientAppActor pid=224931)[0m 
[36m(ClientAppActor pid=224931)[0m         
[36m(ClientAppActor pid=224931)[0m [93mWARNING [0m:   DEPRECATED FEATURE: `client_fn` now expects a signature `def client_fn(context: Context)`.The provided `client_fn` has signature: {'cid': <Parameter "cid: str">}. You can import the `Context` like this: `from flwr.app import Context`[32m [repeated 3x across cluster][0m
[36m(ClientAppActor pid=224931)[0m             This is a deprecated feature. It will be removed[32m [repeated 3x across cluster][0m
[36m(ClientAppActor pid=224931)[0m             entirely in future versions of Flower.[32m [repeated 3x across cluster][0m
[36m(ClientAppActor pid=224931)[0m 
[36m(ClientAppActor pid=224931)[0m         
[36m(ClientAppActor pid=224934)[0m 
[36m(ClientAppActor pid=224934)[0m         
[92mINFO [0m:      aggregate_fit: received 10 results and 0 failures
INFO:flwr:aggregate_fit: received 10 results and 0 failures
[CascadeRouter] Round 23: 10 clients, 24578 parameters/client
[92mINFO [0m:      configure_evaluate: strategy sampled 10 clients (out of 10)
INFO:flwr:configure_evaluate: strategy sampled 10 clients (out of 10)
[36m(ClientAppActor pid=224931)[0m 
[36m(ClientAppActor pid=224931)[0m         
[36m(ClientAppActor pid=224934)[0m 
[36m(ClientAppActor pid=224934)[0m         
[36m(ClientAppActor pid=224931)[0m 
[36m(ClientAppActor pid=224931)[0m         
[36m(ClientAppActor pid=224934)[0m 
[36m(ClientAppActor pid=224934)[0m         
[36m(ClientAppActor pid=224931)[0m 
[36m(ClientAppActor pid=224931)[0m         
[36m(ClientAppActor pid=224934)[0m 
[36m(ClientAppActor pid=224934)[0m         
[36m(ClientAppActor pid=224934)[0m 
[36m(ClientAppActor pid=224934)[0m         
[36m(ClientAppActor pid=224931)[0m 
[36m(ClientAppActor pid=224931)[0m         
[36m(ClientAppActor pid=224934)[0m 
[36m(ClientAppActor pid=224934)[0m         
[36m(ClientAppActor pid=224931)[0m 
[36m(ClientAppActor pid=224931)[0m         
[92mINFO [0m:      aggregate_evaluate: received 10 results and 0 failures
INFO:flwr:aggregate_evaluate: received 10 results and 0 failures
[92mINFO [0m:      
INFO:flwr:
[92mINFO [0m:      [ROUND 24]
INFO:flwr:[ROUND 24]
[92mINFO [0m:      configure_fit: strategy sampled 10 clients (out of 10)
INFO:flwr:configure_fit: strategy sampled 10 clients (out of 10)
[36m(ClientAppActor pid=224934)[0m 
[36m(ClientAppActor pid=224934)[0m         
[36m(ClientAppActor pid=224931)[0m 
[36m(ClientAppActor pid=224931)[0m         
[36m(ClientAppActor pid=224934)[0m [Client 8] Training on NVIDIA GeForce RTX 3060[32m [repeated 7x across cluster][0m
[36m(ClientAppActor pid=224934)[0m 
[36m(ClientAppActor pid=224934)[0m         
[36m(ClientAppActor pid=224931)[0m 
[36m(ClientAppActor pid=224931)[0m         
[36m(ClientAppActor pid=224931)[0m [93mWARNING [0m:   DEPRECATED FEATURE: `client_fn` now expects a signature `def client_fn(context: Context)`.The provided `client_fn` has signature: {'cid': <Parameter "cid: str">}. You can import the `Context` like this: `from flwr.app import Context`[32m [repeated 16x across cluster][0m
[36m(ClientAppActor pid=224931)[0m             This is a deprecated feature. It will be removed[32m [repeated 16x across cluster][0m
[36m(ClientAppActor pid=224931)[0m             entirely in future versions of Flower.[32m [repeated 16x across cluster][0m
[36m(ClientAppActor pid=224931)[0m 
[36m(ClientAppActor pid=224931)[0m         
[36m(ClientAppActor pid=224934)[0m 
[36m(ClientAppActor pid=224934)[0m         
[36m(ClientAppActor pid=224934)[0m 
[36m(ClientAppActor pid=224934)[0m         
[36m(ClientAppActor pid=224931)[0m 
[36m(ClientAppActor pid=224931)[0m         
[36m(ClientAppActor pid=224931)[0m [Client 7] Training on NVIDIA GeForce RTX 3060[32m [repeated 5x across cluster][0m
[36m(ClientAppActor pid=224931)[0m 
[36m(ClientAppActor pid=224931)[0m         
[36m(ClientAppActor pid=224931)[0m 
[36m(ClientAppActor pid=224931)[0m         
[92mINFO [0m:      aggregate_fit: received 10 results and 0 failures
INFO:flwr:aggregate_fit: received 10 results and 0 failures
[CascadeRouter] Round 24: 10 clients, 24578 parameters/client
[92mINFO [0m:      configure_evaluate: strategy sampled 10 clients (out of 10)
INFO:flwr:configure_evaluate: strategy sampled 10 clients (out of 10)
[36m(ClientAppActor pid=224931)[0m 
[36m(ClientAppActor pid=224931)[0m         
[36m(ClientAppActor pid=224931)[0m [93mWARNING [0m:   DEPRECATED FEATURE: `client_fn` now expects a signature `def client_fn(context: Context)`.The provided `client_fn` has signature: {'cid': <Parameter "cid: str">}. You can import the `Context` like this: `from flwr.app import Context`[32m [repeated 7x across cluster][0m
[36m(ClientAppActor pid=224931)[0m             This is a deprecated feature. It will be removed[32m [repeated 7x across cluster][0m
[36m(ClientAppActor pid=224931)[0m             entirely in future versions of Flower.[32m [repeated 7x across cluster][0m
[36m(ClientAppActor pid=224934)[0m 
[36m(ClientAppActor pid=224934)[0m         
[36m(ClientAppActor pid=224934)[0m 
[36m(ClientAppActor pid=224934)[0m         
[36m(ClientAppActor pid=224931)[0m 
[36m(ClientAppActor pid=224931)[0m         
[36m(ClientAppActor pid=224934)[0m 
[36m(ClientAppActor pid=224934)[0m         
[36m(ClientAppActor pid=224931)[0m 
[36m(ClientAppActor pid=224931)[0m         
[36m(ClientAppActor pid=224934)[0m 
[36m(ClientAppActor pid=224934)[0m         
[36m(ClientAppActor pid=224931)[0m 
[36m(ClientAppActor pid=224931)[0m         
[36m(ClientAppActor pid=224931)[0m 
[36m(ClientAppActor pid=224931)[0m         
[36m(ClientAppActor pid=224934)[0m 
[36m(ClientAppActor pid=224934)[0m         
[92mINFO [0m:      aggregate_evaluate: received 10 results and 0 failures
INFO:flwr:aggregate_evaluate: received 10 results and 0 failures
[92mINFO [0m:      
INFO:flwr:
[92mINFO [0m:      [ROUND 25]
INFO:flwr:[ROUND 25]
[92mINFO [0m:      configure_fit: strategy sampled 10 clients (out of 10)
INFO:flwr:configure_fit: strategy sampled 10 clients (out of 10)
[36m(ClientAppActor pid=224934)[0m [Client 2] Training on NVIDIA GeForce RTX 3060[32m [repeated 3x across cluster][0m
[36m(ClientAppActor pid=224934)[0m 
[36m(ClientAppActor pid=224934)[0m         
[36m(ClientAppActor pid=224931)[0m 
[36m(ClientAppActor pid=224931)[0m         
[36m(ClientAppActor pid=224934)[0m 
[36m(ClientAppActor pid=224934)[0m         
[36m(ClientAppActor pid=224931)[0m 
[36m(ClientAppActor pid=224931)[0m         
[36m(ClientAppActor pid=224931)[0m 
[36m(ClientAppActor pid=224931)[0m         
[36m(ClientAppActor pid=224931)[0m 
[36m(ClientAppActor pid=224931)[0m         
[36m(ClientAppActor pid=224931)[0m 
[36m(ClientAppActor pid=224931)[0m         
[36m(ClientAppActor pid=224934)[0m 
[36m(ClientAppActor pid=224934)[0m         
[36m(ClientAppActor pid=224934)[0m [93mWARNING [0m:   DEPRECATED FEATURE: `client_fn` now expects a signature `def client_fn(context: Context)`.The provided `client_fn` has signature: {'cid': <Parameter "cid: str">}. You can import the `Context` like this: `from flwr.app import Context`[32m [repeated 17x across cluster][0m
[36m(ClientAppActor pid=224934)[0m             This is a deprecated feature. It will be removed[32m [repeated 17x across cluster][0m
[36m(ClientAppActor pid=224934)[0m             entirely in future versions of Flower.[32m [repeated 17x across cluster][0m
[36m(ClientAppActor pid=224931)[0m [Client 1] Training on NVIDIA GeForce RTX 3060[32m [repeated 8x across cluster][0m
[36m(ClientAppActor pid=224931)[0m 
[36m(ClientAppActor pid=224931)[0m         
[36m(ClientAppActor pid=224931)[0m 
[36m(ClientAppActor pid=224931)[0m         
[92mINFO [0m:      aggregate_fit: received 10 results and 0 failures
INFO:flwr:aggregate_fit: received 10 results and 0 failures
[CascadeRouter] Round 25: 10 clients, 24578 parameters/client
[92mINFO [0m:      configure_evaluate: strategy sampled 10 clients (out of 10)
INFO:flwr:configure_evaluate: strategy sampled 10 clients (out of 10)
[36m(ClientAppActor pid=224934)[0m 
[36m(ClientAppActor pid=224934)[0m         
[36m(ClientAppActor pid=224934)[0m [93mWARNING [0m:   DEPRECATED FEATURE: `client_fn` now expects a signature `def client_fn(context: Context)`.The provided `client_fn` has signature: {'cid': <Parameter "cid: str">}. You can import the `Context` like this: `from flwr.app import Context`[32m [repeated 3x across cluster][0m
[36m(ClientAppActor pid=224934)[0m             This is a deprecated feature. It will be removed[32m [repeated 3x across cluster][0m
[36m(ClientAppActor pid=224934)[0m             entirely in future versions of Flower.[32m [repeated 3x across cluster][0m
[36m(ClientAppActor pid=224931)[0m 
[36m(ClientAppActor pid=224931)[0m         
[36m(ClientAppActor pid=224931)[0m 
[36m(ClientAppActor pid=224931)[0m         
[36m(ClientAppActor pid=224934)[0m 
[36m(ClientAppActor pid=224934)[0m         
[36m(ClientAppActor pid=224931)[0m 
[36m(ClientAppActor pid=224931)[0m         
[36m(ClientAppActor pid=224934)[0m 
[36m(ClientAppActor pid=224934)[0m         
[36m(ClientAppActor pid=224934)[0m 
[36m(ClientAppActor pid=224934)[0m         
[36m(ClientAppActor pid=224931)[0m 
[36m(ClientAppActor pid=224931)[0m         
[36m(ClientAppActor pid=224931)[0m 
[36m(ClientAppActor pid=224931)[0m         
[36m(ClientAppActor pid=224934)[0m 
[36m(ClientAppActor pid=224934)[0m         
[92mINFO [0m:      aggregate_evaluate: received 10 results and 0 failures
INFO:flwr:aggregate_evaluate: received 10 results and 0 failures
[92mINFO [0m:      
INFO:flwr:
[92mINFO [0m:      [ROUND 26]
INFO:flwr:[ROUND 26]
[92mINFO [0m:      configure_fit: strategy sampled 10 clients (out of 10)
INFO:flwr:configure_fit: strategy sampled 10 clients (out of 10)
[36m(ClientAppActor pid=224934)[0m [Client 6] Training on NVIDIA GeForce RTX 3060[32m [repeated 2x across cluster][0m
[36m(ClientAppActor pid=224934)[0m 
[36m(ClientAppActor pid=224934)[0m         
[36m(ClientAppActor pid=224931)[0m 
[36m(ClientAppActor pid=224931)[0m         
[36m(ClientAppActor pid=224934)[0m 
[36m(ClientAppActor pid=224934)[0m         
[36m(ClientAppActor pid=224931)[0m 
[36m(ClientAppActor pid=224931)[0m         
[36m(ClientAppActor pid=224934)[0m 
[36m(ClientAppActor pid=224934)[0m         
[36m(ClientAppActor pid=224934)[0m 
[36m(ClientAppActor pid=224934)[0m         
[36m(ClientAppActor pid=224934)[0m [Client 8] Training on NVIDIA GeForce RTX 3060[32m [repeated 6x across cluster][0m
[36m(ClientAppActor pid=224934)[0m 
[36m(ClientAppActor pid=224934)[0m         
[36m(ClientAppActor pid=224934)[0m [93mWARNING [0m:   DEPRECATED FEATURE: `client_fn` now expects a signature `def client_fn(context: Context)`.The provided `client_fn` has signature: {'cid': <Parameter "cid: str">}. You can import the `Context` like this: `from flwr.app import Context`[32m [repeated 16x across cluster][0m
[36m(ClientAppActor pid=224934)[0m             This is a deprecated feature. It will be removed[32m [repeated 16x across cluster][0m
[36m(ClientAppActor pid=224934)[0m             entirely in future versions of Flower.[32m [repeated 16x across cluster][0m
[36m(ClientAppActor pid=224931)[0m 
[36m(ClientAppActor pid=224931)[0m         
[36m(ClientAppActor pid=224931)[0m 
[36m(ClientAppActor pid=224931)[0m         
[36m(ClientAppActor pid=224931)[0m 
[36m(ClientAppActor pid=224931)[0m         
[92mINFO [0m:      aggregate_fit: received 10 results and 0 failures
INFO:flwr:aggregate_fit: received 10 results and 0 failures
[CascadeRouter] Round 26: 10 clients, 24578 parameters/client
[92mINFO [0m:      configure_evaluate: strategy sampled 10 clients (out of 10)
INFO:flwr:configure_evaluate: strategy sampled 10 clients (out of 10)
[36m(ClientAppActor pid=224931)[0m 
[36m(ClientAppActor pid=224931)[0m         
[36m(ClientAppActor pid=224934)[0m 
[36m(ClientAppActor pid=224934)[0m         
[36m(ClientAppActor pid=224934)[0m 
[36m(ClientAppActor pid=224934)[0m         
[36m(ClientAppActor pid=224934)[0m [93mWARNING [0m:   DEPRECATED FEATURE: `client_fn` now expects a signature `def client_fn(context: Context)`.The provided `client_fn` has signature: {'cid': <Parameter "cid: str">}. You can import the `Context` like this: `from flwr.app import Context`[32m [repeated 6x across cluster][0m
[36m(ClientAppActor pid=224934)[0m             This is a deprecated feature. It will be removed[32m [repeated 6x across cluster][0m
[36m(ClientAppActor pid=224934)[0m             entirely in future versions of Flower.[32m [repeated 6x across cluster][0m
[36m(ClientAppActor pid=224931)[0m 
[36m(ClientAppActor pid=224931)[0m         
[36m(ClientAppActor pid=224931)[0m 
[36m(ClientAppActor pid=224931)[0m         
[36m(ClientAppActor pid=224934)[0m 
[36m(ClientAppActor pid=224934)[0m         
[36m(ClientAppActor pid=224931)[0m 
[36m(ClientAppActor pid=224931)[0m         
[36m(ClientAppActor pid=224934)[0m 
[36m(ClientAppActor pid=224934)[0m         
[36m(ClientAppActor pid=224934)[0m 
[36m(ClientAppActor pid=224934)[0m         
[36m(ClientAppActor pid=224931)[0m 
[36m(ClientAppActor pid=224931)[0m         
[92mINFO [0m:      aggregate_evaluate: received 10 results and 0 failures
INFO:flwr:aggregate_evaluate: received 10 results and 0 failures
[92mINFO [0m:      
INFO:flwr:
[92mINFO [0m:      [ROUND 27]
INFO:flwr:[ROUND 27]
[92mINFO [0m:      configure_fit: strategy sampled 10 clients (out of 10)
INFO:flwr:configure_fit: strategy sampled 10 clients (out of 10)
[36m(ClientAppActor pid=224934)[0m [Client 2] Training on NVIDIA GeForce RTX 3060[32m [repeated 4x across cluster][0m
[36m(ClientAppActor pid=224934)[0m 
[36m(ClientAppActor pid=224934)[0m         
[36m(ClientAppActor pid=224931)[0m 
[36m(ClientAppActor pid=224931)[0m         
[36m(ClientAppActor pid=224934)[0m 
[36m(ClientAppActor pid=224934)[0m         
[36m(ClientAppActor pid=224934)[0m 
[36m(ClientAppActor pid=224934)[0m         
[36m(ClientAppActor pid=224934)[0m [Client 3] Training on NVIDIA GeForce RTX 3060[32m [repeated 4x across cluster][0m
[36m(ClientAppActor pid=224934)[0m 
[36m(ClientAppActor pid=224934)[0m         
[36m(ClientAppActor pid=224934)[0m [93mWARNING [0m:   DEPRECATED FEATURE: `client_fn` now expects a signature `def client_fn(context: Context)`.The provided `client_fn` has signature: {'cid': <Parameter "cid: str">}. You can import the `Context` like this: `from flwr.app import Context`[32m [repeated 12x across cluster][0m
[36m(ClientAppActor pid=224934)[0m             This is a deprecated feature. It will be removed[32m [repeated 12x across cluster][0m
[36m(ClientAppActor pid=224934)[0m             entirely in future versions of Flower.[32m [repeated 12x across cluster][0m
[36m(ClientAppActor pid=224931)[0m 
[36m(ClientAppActor pid=224931)[0m         
[36m(ClientAppActor pid=224931)[0m 
[36m(ClientAppActor pid=224931)[0m         
[36m(ClientAppActor pid=224931)[0m 
[36m(ClientAppActor pid=224931)[0m         
[36m(ClientAppActor pid=224931)[0m 
[36m(ClientAppActor pid=224931)[0m         
[36m(ClientAppActor pid=224934)[0m 
[36m(ClientAppActor pid=224934)[0m         
[92mINFO [0m:      aggregate_fit: received 10 results and 0 failures
INFO:flwr:aggregate_fit: received 10 results and 0 failures
[CascadeRouter] Round 27: 10 clients, 24578 parameters/client
[92mINFO [0m:      configure_evaluate: strategy sampled 10 clients (out of 10)
INFO:flwr:configure_evaluate: strategy sampled 10 clients (out of 10)
[36m(ClientAppActor pid=224931)[0m 
[36m(ClientAppActor pid=224931)[0m         
[36m(ClientAppActor pid=224934)[0m 
[36m(ClientAppActor pid=224934)[0m         
[36m(ClientAppActor pid=224934)[0m [93mWARNING [0m:   DEPRECATED FEATURE: `client_fn` now expects a signature `def client_fn(context: Context)`.The provided `client_fn` has signature: {'cid': <Parameter "cid: str">}. You can import the `Context` like this: `from flwr.app import Context`[32m [repeated 7x across cluster][0m
[36m(ClientAppActor pid=224934)[0m             This is a deprecated feature. It will be removed[32m [repeated 7x across cluster][0m
[36m(ClientAppActor pid=224934)[0m             entirely in future versions of Flower.[32m [repeated 7x across cluster][0m
[36m(ClientAppActor pid=224931)[0m 
[36m(ClientAppActor pid=224931)[0m         
[36m(ClientAppActor pid=224934)[0m 
[36m(ClientAppActor pid=224934)[0m         
[36m(ClientAppActor pid=224934)[0m 
[36m(ClientAppActor pid=224934)[0m         
[36m(ClientAppActor pid=224931)[0m 
[36m(ClientAppActor pid=224931)[0m         
[36m(ClientAppActor pid=224931)[0m 
[36m(ClientAppActor pid=224931)[0m         
[36m(ClientAppActor pid=224934)[0m 
[36m(ClientAppActor pid=224934)[0m         
[36m(ClientAppActor pid=224931)[0m 
[36m(ClientAppActor pid=224931)[0m         
[36m(ClientAppActor pid=224934)[0m 
[36m(ClientAppActor pid=224934)[0m         
[92mINFO [0m:      aggregate_evaluate: received 10 results and 0 failures
INFO:flwr:aggregate_evaluate: received 10 results and 0 failures
[92mINFO [0m:      
INFO:flwr:
[92mINFO [0m:      [ROUND 28]
INFO:flwr:[ROUND 28]
[92mINFO [0m:      configure_fit: strategy sampled 10 clients (out of 10)
INFO:flwr:configure_fit: strategy sampled 10 clients (out of 10)
[36m(ClientAppActor pid=224931)[0m [Client 5] Training on NVIDIA GeForce RTX 3060[32m [repeated 6x across cluster][0m
[36m(ClientAppActor pid=224934)[0m 
[36m(ClientAppActor pid=224934)[0m         
[36m(ClientAppActor pid=224931)[0m 
[36m(ClientAppActor pid=224931)[0m         
[36m(ClientAppActor pid=224934)[0m 
[36m(ClientAppActor pid=224934)[0m         
[36m(ClientAppActor pid=224934)[0m 
[36m(ClientAppActor pid=224934)[0m         
[36m(ClientAppActor pid=224934)[0m 
[36m(ClientAppActor pid=224934)[0m         
[36m(ClientAppActor pid=224934)[0m [93mWARNING [0m:   DEPRECATED FEATURE: `client_fn` now expects a signature `def client_fn(context: Context)`.The provided `client_fn` has signature: {'cid': <Parameter "cid: str">}. You can import the `Context` like this: `from flwr.app import Context`[32m [repeated 13x across cluster][0m
[36m(ClientAppActor pid=224934)[0m             This is a deprecated feature. It will be removed[32m [repeated 13x across cluster][0m
[36m(ClientAppActor pid=224934)[0m             entirely in future versions of Flower.[32m [repeated 13x across cluster][0m
[36m(ClientAppActor pid=224934)[0m [Client 2] Training on NVIDIA GeForce RTX 3060[32m [repeated 5x across cluster][0m
[36m(ClientAppActor pid=224934)[0m 
[36m(ClientAppActor pid=224934)[0m         
[36m(ClientAppActor pid=224931)[0m 
[36m(ClientAppActor pid=224931)[0m         
[36m(ClientAppActor pid=224934)[0m 
[36m(ClientAppActor pid=224934)[0m         
[36m(ClientAppActor pid=224934)[0m 
[36m(ClientAppActor pid=224934)[0m         
[36m(ClientAppActor pid=224934)[0m [93mWARNING [0m:   DEPRECATED FEATURE: `client_fn` now expects a signature `def client_fn(context: Context)`.The provided `client_fn` has signature: {'cid': <Parameter "cid: str">}. You can import the `Context` like this: `from flwr.app import Context`[32m [repeated 4x across cluster][0m
[36m(ClientAppActor pid=224934)[0m             This is a deprecated feature. It will be removed[32m [repeated 4x across cluster][0m
[36m(ClientAppActor pid=224934)[0m             entirely in future versions of Flower.[32m [repeated 4x across cluster][0m
[36m(ClientAppActor pid=224931)[0m 
[36m(ClientAppActor pid=224931)[0m         
[92mINFO [0m:      aggregate_fit: received 10 results and 0 failures
INFO:flwr:aggregate_fit: received 10 results and 0 failures
[CascadeRouter] Round 28: 10 clients, 24578 parameters/client
[92mINFO [0m:      configure_evaluate: strategy sampled 10 clients (out of 10)
INFO:flwr:configure_evaluate: strategy sampled 10 clients (out of 10)
[36m(ClientAppActor pid=224931)[0m 
[36m(ClientAppActor pid=224931)[0m         
[36m(ClientAppActor pid=224934)[0m 
[36m(ClientAppActor pid=224934)[0m         
[36m(ClientAppActor pid=224931)[0m 
[36m(ClientAppActor pid=224931)[0m         
[36m(ClientAppActor pid=224934)[0m 
[36m(ClientAppActor pid=224934)[0m         
[36m(ClientAppActor pid=224931)[0m 
[36m(ClientAppActor pid=224931)[0m         
[36m(ClientAppActor pid=224934)[0m 
[36m(ClientAppActor pid=224934)[0m         
[36m(ClientAppActor pid=224934)[0m 
[36m(ClientAppActor pid=224934)[0m         
[36m(ClientAppActor pid=224931)[0m 
[36m(ClientAppActor pid=224931)[0m         
[36m(ClientAppActor pid=224931)[0m 
[36m(ClientAppActor pid=224931)[0m         
[36m(ClientAppActor pid=224934)[0m 
[36m(ClientAppActor pid=224934)[0m         
[92mINFO [0m:      aggregate_evaluate: received 10 results and 0 failures
INFO:flwr:aggregate_evaluate: received 10 results and 0 failures
[92mINFO [0m:      
INFO:flwr:
[92mINFO [0m:      [ROUND 29]
INFO:flwr:[ROUND 29]
[92mINFO [0m:      configure_fit: strategy sampled 10 clients (out of 10)
INFO:flwr:configure_fit: strategy sampled 10 clients (out of 10)
[36m(ClientAppActor pid=224931)[0m [Client 6] Training on NVIDIA GeForce RTX 3060[32m [repeated 5x across cluster][0m
[36m(ClientAppActor pid=224934)[0m 
[36m(ClientAppActor pid=224934)[0m         
[36m(ClientAppActor pid=224931)[0m 
[36m(ClientAppActor pid=224931)[0m         
[36m(ClientAppActor pid=224931)[0m 
[36m(ClientAppActor pid=224931)[0m         
[36m(ClientAppActor pid=224934)[0m 
[36m(ClientAppActor pid=224934)[0m         
[36m(ClientAppActor pid=224934)[0m [93mWARNING [0m:   DEPRECATED FEATURE: `client_fn` now expects a signature `def client_fn(context: Context)`.The provided `client_fn` has signature: {'cid': <Parameter "cid: str">}. You can import the `Context` like this: `from flwr.app import Context`[32m [repeated 15x across cluster][0m
[36m(ClientAppActor pid=224934)[0m             This is a deprecated feature. It will be removed[32m [repeated 15x across cluster][0m
[36m(ClientAppActor pid=224934)[0m             entirely in future versions of Flower.[32m [repeated 15x across cluster][0m
[36m(ClientAppActor pid=224931)[0m 
[36m(ClientAppActor pid=224931)[0m         
[36m(ClientAppActor pid=224931)[0m 
[36m(ClientAppActor pid=224931)[0m         
[36m(ClientAppActor pid=224931)[0m [Client 4] Training on NVIDIA GeForce RTX 3060[32m [repeated 6x across cluster][0m
[36m(ClientAppActor pid=224934)[0m 
[36m(ClientAppActor pid=224934)[0m         
[36m(ClientAppActor pid=224931)[0m 
[36m(ClientAppActor pid=224931)[0m         
[36m(ClientAppActor pid=224934)[0m 
[36m(ClientAppActor pid=224934)[0m         
[36m(ClientAppActor pid=224931)[0m 
[36m(ClientAppActor pid=224931)[0m         
[36m(ClientAppActor pid=224931)[0m [93mWARNING [0m:   DEPRECATED FEATURE: `client_fn` now expects a signature `def client_fn(context: Context)`.The provided `client_fn` has signature: {'cid': <Parameter "cid: str">}. You can import the `Context` like this: `from flwr.app import Context`[32m [repeated 6x across cluster][0m
[36m(ClientAppActor pid=224931)[0m             This is a deprecated feature. It will be removed[32m [repeated 6x across cluster][0m
[36m(ClientAppActor pid=224931)[0m             entirely in future versions of Flower.[32m [repeated 6x across cluster][0m
[92mINFO [0m:      aggregate_fit: received 10 results and 0 failures
INFO:flwr:aggregate_fit: received 10 results and 0 failures
[CascadeRouter] Round 29: 10 clients, 24578 parameters/client
[92mINFO [0m:      configure_evaluate: strategy sampled 10 clients (out of 10)
INFO:flwr:configure_evaluate: strategy sampled 10 clients (out of 10)
[36m(ClientAppActor pid=224934)[0m 
[36m(ClientAppActor pid=224934)[0m         
[36m(ClientAppActor pid=224931)[0m 
[36m(ClientAppActor pid=224931)[0m         
[36m(ClientAppActor pid=224934)[0m 
[36m(ClientAppActor pid=224934)[0m         
[36m(ClientAppActor pid=224931)[0m 
[36m(ClientAppActor pid=224931)[0m         
[36m(ClientAppActor pid=224934)[0m 
[36m(ClientAppActor pid=224934)[0m         
[36m(ClientAppActor pid=224931)[0m 
[36m(ClientAppActor pid=224931)[0m         
[36m(ClientAppActor pid=224934)[0m 
[36m(ClientAppActor pid=224934)[0m         
[36m(ClientAppActor pid=224931)[0m 
[36m(ClientAppActor pid=224931)[0m         
[36m(ClientAppActor pid=224934)[0m 
[36m(ClientAppActor pid=224934)[0m         
[36m(ClientAppActor pid=224931)[0m 
[36m(ClientAppActor pid=224931)[0m         
[92mINFO [0m:      aggregate_evaluate: received 10 results and 0 failures
INFO:flwr:aggregate_evaluate: received 10 results and 0 failures
[92mINFO [0m:      
INFO:flwr:
[92mINFO [0m:      [ROUND 30]
INFO:flwr:[ROUND 30]
[92mINFO [0m:      configure_fit: strategy sampled 10 clients (out of 10)
INFO:flwr:configure_fit: strategy sampled 10 clients (out of 10)
[36m(ClientAppActor pid=224931)[0m [Client 9] Training on NVIDIA GeForce RTX 3060[32m [repeated 4x across cluster][0m
[36m(ClientAppActor pid=224934)[0m 
[36m(ClientAppActor pid=224934)[0m         
[36m(ClientAppActor pid=224931)[0m 
[36m(ClientAppActor pid=224931)[0m         
[36m(ClientAppActor pid=224931)[0m 
[36m(ClientAppActor pid=224931)[0m         
[36m(ClientAppActor pid=224934)[0m 
[36m(ClientAppActor pid=224934)[0m         
[36m(ClientAppActor pid=224934)[0m [93mWARNING [0m:   DEPRECATED FEATURE: `client_fn` now expects a signature `def client_fn(context: Context)`.The provided `client_fn` has signature: {'cid': <Parameter "cid: str">}. You can import the `Context` like this: `from flwr.app import Context`[32m [repeated 14x across cluster][0m
[36m(ClientAppActor pid=224934)[0m             This is a deprecated feature. It will be removed[32m [repeated 14x across cluster][0m
[36m(ClientAppActor pid=224934)[0m             entirely in future versions of Flower.[32m [repeated 14x across cluster][0m
[36m(ClientAppActor pid=224931)[0m 
[36m(ClientAppActor pid=224931)[0m         
[36m(ClientAppActor pid=224931)[0m [Client 3] Training on NVIDIA GeForce RTX 3060[32m [repeated 5x across cluster][0m
[36m(ClientAppActor pid=224931)[0m 
[36m(ClientAppActor pid=224931)[0m         
[36m(ClientAppActor pid=224934)[0m 
[36m(ClientAppActor pid=224934)[0m         
[36m(ClientAppActor pid=224934)[0m [93mWARNING [0m:   DEPRECATED FEATURE: `client_fn` now expects a signature `def client_fn(context: Context)`.The provided `client_fn` has signature: {'cid': <Parameter "cid: str">}. You can import the `Context` like this: `from flwr.app import Context`[32m [repeated 3x across cluster][0m
[36m(ClientAppActor pid=224934)[0m             This is a deprecated feature. It will be removed[32m [repeated 3x across cluster][0m
[36m(ClientAppActor pid=224934)[0m             entirely in future versions of Flower.[32m [repeated 3x across cluster][0m
[36m(ClientAppActor pid=224934)[0m 
[36m(ClientAppActor pid=224934)[0m         
[36m(ClientAppActor pid=224934)[0m 
[36m(ClientAppActor pid=224934)[0m         
[36m(ClientAppActor pid=224931)[0m 
[36m(ClientAppActor pid=224931)[0m         
[92mINFO [0m:      aggregate_fit: received 10 results and 0 failures
INFO:flwr:aggregate_fit: received 10 results and 0 failures
[CascadeRouter] Round 30: 10 clients, 24578 parameters/client
[92mINFO [0m:      configure_evaluate: strategy sampled 10 clients (out of 10)
INFO:flwr:configure_evaluate: strategy sampled 10 clients (out of 10)
[36m(ClientAppActor pid=224931)[0m 
[36m(ClientAppActor pid=224931)[0m         
[36m(ClientAppActor pid=224934)[0m 
[36m(ClientAppActor pid=224934)[0m         
[36m(ClientAppActor pid=224931)[0m 
[36m(ClientAppActor pid=224931)[0m         
[36m(ClientAppActor pid=224934)[0m 
[36m(ClientAppActor pid=224934)[0m         
[36m(ClientAppActor pid=224934)[0m 
[36m(ClientAppActor pid=224934)[0m         
[36m(ClientAppActor pid=224931)[0m 
[36m(ClientAppActor pid=224931)[0m         
[36m(ClientAppActor pid=224931)[0m 
[36m(ClientAppActor pid=224931)[0m         
[36m(ClientAppActor pid=224934)[0m 
[36m(ClientAppActor pid=224934)[0m         
[36m(ClientAppActor pid=224934)[0m 
[36m(ClientAppActor pid=224934)[0m         
[36m(ClientAppActor pid=224931)[0m 
[36m(ClientAppActor pid=224931)[0m         
[92mINFO [0m:      aggregate_evaluate: received 10 results and 0 failures
INFO:flwr:aggregate_evaluate: received 10 results and 0 failures
[92mINFO [0m:      
INFO:flwr:
[92mINFO [0m:      [ROUND 31]
INFO:flwr:[ROUND 31]
[92mINFO [0m:      configure_fit: strategy sampled 10 clients (out of 10)
INFO:flwr:configure_fit: strategy sampled 10 clients (out of 10)
[36m(ClientAppActor pid=224934)[0m [Client 2] Training on NVIDIA GeForce RTX 3060[32m [repeated 5x across cluster][0m
[36m(ClientAppActor pid=224934)[0m 
[36m(ClientAppActor pid=224934)[0m         
[36m(ClientAppActor pid=224931)[0m 
[36m(ClientAppActor pid=224931)[0m         
[36m(ClientAppActor pid=224934)[0m 
[36m(ClientAppActor pid=224934)[0m         
[36m(ClientAppActor pid=224931)[0m 
[36m(ClientAppActor pid=224931)[0m         
[36m(ClientAppActor pid=224931)[0m 
[36m(ClientAppActor pid=224931)[0m         
[36m(ClientAppActor pid=224931)[0m 
[36m(ClientAppActor pid=224931)[0m         
[36m(ClientAppActor pid=224931)[0m [93mWARNING [0m:   DEPRECATED FEATURE: `client_fn` now expects a signature `def client_fn(context: Context)`.The provided `client_fn` has signature: {'cid': <Parameter "cid: str">}. You can import the `Context` like this: `from flwr.app import Context`[32m [repeated 19x across cluster][0m
[36m(ClientAppActor pid=224931)[0m             This is a deprecated feature. It will be removed[32m [repeated 19x across cluster][0m
[36m(ClientAppActor pid=224931)[0m             entirely in future versions of Flower.[32m [repeated 19x across cluster][0m
[36m(ClientAppActor pid=224934)[0m 
[36m(ClientAppActor pid=224934)[0m         
[36m(ClientAppActor pid=224931)[0m [Client 9] Training on NVIDIA GeForce RTX 3060[32m [repeated 7x across cluster][0m
[36m(ClientAppActor pid=224931)[0m 
[36m(ClientAppActor pid=224931)[0m         
[36m(ClientAppActor pid=224931)[0m 
[36m(ClientAppActor pid=224931)[0m         
[36m(ClientAppActor pid=224934)[0m 
[36m(ClientAppActor pid=224934)[0m         
[92mINFO [0m:      aggregate_fit: received 10 results and 0 failures
INFO:flwr:aggregate_fit: received 10 results and 0 failures
[CascadeRouter] Round 31: 10 clients, 24578 parameters/client
[92mINFO [0m:      configure_evaluate: strategy sampled 10 clients (out of 10)
INFO:flwr:configure_evaluate: strategy sampled 10 clients (out of 10)
[36m(ClientAppActor pid=224931)[0m 
[36m(ClientAppActor pid=224931)[0m         
[36m(ClientAppActor pid=224931)[0m [93mWARNING [0m:   DEPRECATED FEATURE: `client_fn` now expects a signature `def client_fn(context: Context)`.The provided `client_fn` has signature: {'cid': <Parameter "cid: str">}. You can import the `Context` like this: `from flwr.app import Context`[32m [repeated 5x across cluster][0m
[36m(ClientAppActor pid=224931)[0m             This is a deprecated feature. It will be removed[32m [repeated 5x across cluster][0m
[36m(ClientAppActor pid=224931)[0m             entirely in future versions of Flower.[32m [repeated 5x across cluster][0m
[36m(ClientAppActor pid=224934)[0m 
[36m(ClientAppActor pid=224934)[0m         
[36m(ClientAppActor pid=224934)[0m 
[36m(ClientAppActor pid=224934)[0m         
[36m(ClientAppActor pid=224931)[0m 
[36m(ClientAppActor pid=224931)[0m         
[36m(ClientAppActor pid=224934)[0m 
[36m(ClientAppActor pid=224934)[0m         
[36m(ClientAppActor pid=224931)[0m 
[36m(ClientAppActor pid=224931)[0m         
[36m(ClientAppActor pid=224931)[0m 
[36m(ClientAppActor pid=224931)[0m         
[36m(ClientAppActor pid=224934)[0m 
[36m(ClientAppActor pid=224934)[0m         
[36m(ClientAppActor pid=224934)[0m 
[36m(ClientAppActor pid=224934)[0m         
[36m(ClientAppActor pid=224931)[0m 
[36m(ClientAppActor pid=224931)[0m         
[92mINFO [0m:      aggregate_evaluate: received 10 results and 0 failures
INFO:flwr:aggregate_evaluate: received 10 results and 0 failures
[92mINFO [0m:      
INFO:flwr:
[92mINFO [0m:      [ROUND 32]
INFO:flwr:[ROUND 32]
[92mINFO [0m:      configure_fit: strategy sampled 10 clients (out of 10)
INFO:flwr:configure_fit: strategy sampled 10 clients (out of 10)
[36m(ClientAppActor pid=224931)[0m [Client 5] Training on NVIDIA GeForce RTX 3060[32m [repeated 3x across cluster][0m
[36m(ClientAppActor pid=224934)[0m 
[36m(ClientAppActor pid=224934)[0m         
[36m(ClientAppActor pid=224931)[0m 
[36m(ClientAppActor pid=224931)[0m         
[36m(ClientAppActor pid=224934)[0m 
[36m(ClientAppActor pid=224934)[0m         
[36m(ClientAppActor pid=224934)[0m [Client 0] Training on NVIDIA GeForce RTX 3060[32m [repeated 3x across cluster][0m
[36m(ClientAppActor pid=224934)[0m 
[36m(ClientAppActor pid=224934)[0m         
[36m(ClientAppActor pid=224934)[0m [93mWARNING [0m:   DEPRECATED FEATURE: `client_fn` now expects a signature `def client_fn(context: Context)`.The provided `client_fn` has signature: {'cid': <Parameter "cid: str">}. You can import the `Context` like this: `from flwr.app import Context`[32m [repeated 13x across cluster][0m
[36m(ClientAppActor pid=224934)[0m             This is a deprecated feature. It will be removed[32m [repeated 13x across cluster][0m
[36m(ClientAppActor pid=224934)[0m             entirely in future versions of Flower.[32m [repeated 13x across cluster][0m
[36m(ClientAppActor pid=224931)[0m 
[36m(ClientAppActor pid=224931)[0m         
[36m(ClientAppActor pid=224931)[0m 
[36m(ClientAppActor pid=224931)[0m         
[36m(ClientAppActor pid=224934)[0m 
[36m(ClientAppActor pid=224934)[0m         
[36m(ClientAppActor pid=224934)[0m 
[36m(ClientAppActor pid=224934)[0m         
[36m(ClientAppActor pid=224931)[0m 
[36m(ClientAppActor pid=224931)[0m         
[36m(ClientAppActor pid=224931)[0m 
[36m(ClientAppActor pid=224931)[0m         
[92mINFO [0m:      aggregate_fit: received 10 results and 0 failures
INFO:flwr:aggregate_fit: received 10 results and 0 failures
[CascadeRouter] Round 32: 10 clients, 24578 parameters/client
[92mINFO [0m:      configure_evaluate: strategy sampled 10 clients (out of 10)
INFO:flwr:configure_evaluate: strategy sampled 10 clients (out of 10)
[36m(ClientAppActor pid=224934)[0m 
[36m(ClientAppActor pid=224934)[0m         
[36m(ClientAppActor pid=224934)[0m [93mWARNING [0m:   DEPRECATED FEATURE: `client_fn` now expects a signature `def client_fn(context: Context)`.The provided `client_fn` has signature: {'cid': <Parameter "cid: str">}. You can import the `Context` like this: `from flwr.app import Context`[32m [repeated 7x across cluster][0m
[36m(ClientAppActor pid=224934)[0m             This is a deprecated feature. It will be removed[32m [repeated 7x across cluster][0m
[36m(ClientAppActor pid=224934)[0m             entirely in future versions of Flower.[32m [repeated 7x across cluster][0m
[36m(ClientAppActor pid=224931)[0m 
[36m(ClientAppActor pid=224931)[0m         
[36m(ClientAppActor pid=224931)[0m 
[36m(ClientAppActor pid=224931)[0m         
[36m(ClientAppActor pid=224934)[0m 
[36m(ClientAppActor pid=224934)[0m         
[36m(ClientAppActor pid=224931)[0m 
[36m(ClientAppActor pid=224931)[0m         
[36m(ClientAppActor pid=224934)[0m 
[36m(ClientAppActor pid=224934)[0m         
[36m(ClientAppActor pid=224931)[0m 
[36m(ClientAppActor pid=224931)[0m         
[36m(ClientAppActor pid=224934)[0m 
[36m(ClientAppActor pid=224934)[0m         
[36m(ClientAppActor pid=224931)[0m 
[36m(ClientAppActor pid=224931)[0m         
[36m(ClientAppActor pid=224934)[0m 
[36m(ClientAppActor pid=224934)[0m         
[92mINFO [0m:      aggregate_evaluate: received 10 results and 0 failures
INFO:flwr:aggregate_evaluate: received 10 results and 0 failures
[92mINFO [0m:      
INFO:flwr:
[92mINFO [0m:      [ROUND 33]
INFO:flwr:[ROUND 33]
[92mINFO [0m:      configure_fit: strategy sampled 10 clients (out of 10)
INFO:flwr:configure_fit: strategy sampled 10 clients (out of 10)
[36m(ClientAppActor pid=224934)[0m [Client 5] Training on NVIDIA GeForce RTX 3060[32m [repeated 7x across cluster][0m
[36m(ClientAppActor pid=224934)[0m 
[36m(ClientAppActor pid=224934)[0m         
[36m(ClientAppActor pid=224931)[0m 
[36m(ClientAppActor pid=224931)[0m         
[36m(ClientAppActor pid=224931)[0m 
[36m(ClientAppActor pid=224931)[0m         
[36m(ClientAppActor pid=224931)[0m 
[36m(ClientAppActor pid=224931)[0m         
[36m(ClientAppActor pid=224931)[0m 
[36m(ClientAppActor pid=224931)[0m         
[36m(ClientAppActor pid=224931)[0m 
[36m(ClientAppActor pid=224931)[0m         
[36m(ClientAppActor pid=224931)[0m [93mWARNING [0m:   DEPRECATED FEATURE: `client_fn` now expects a signature `def client_fn(context: Context)`.The provided `client_fn` has signature: {'cid': <Parameter "cid: str">}. You can import the `Context` like this: `from flwr.app import Context`[32m [repeated 15x across cluster][0m
[36m(ClientAppActor pid=224931)[0m             This is a deprecated feature. It will be removed[32m [repeated 15x across cluster][0m
[36m(ClientAppActor pid=224931)[0m             entirely in future versions of Flower.[32m [repeated 15x across cluster][0m
[36m(ClientAppActor pid=224934)[0m [Client 3] Training on NVIDIA GeForce RTX 3060[32m [repeated 6x across cluster][0m
[36m(ClientAppActor pid=224934)[0m 
[36m(ClientAppActor pid=224934)[0m         
[36m(ClientAppActor pid=224931)[0m 
[36m(ClientAppActor pid=224931)[0m         
[36m(ClientAppActor pid=224931)[0m 
[36m(ClientAppActor pid=224931)[0m         
[36m(ClientAppActor pid=224934)[0m 
[36m(ClientAppActor pid=224934)[0m         
[36m(ClientAppActor pid=224934)[0m [93mWARNING [0m:   DEPRECATED FEATURE: `client_fn` now expects a signature `def client_fn(context: Context)`.The provided `client_fn` has signature: {'cid': <Parameter "cid: str">}. You can import the `Context` like this: `from flwr.app import Context`[32m [repeated 4x across cluster][0m
[36m(ClientAppActor pid=224934)[0m             This is a deprecated feature. It will be removed[32m [repeated 4x across cluster][0m
[36m(ClientAppActor pid=224934)[0m             entirely in future versions of Flower.[32m [repeated 4x across cluster][0m
[92mINFO [0m:      aggregate_fit: received 10 results and 0 failures
INFO:flwr:aggregate_fit: received 10 results and 0 failures
[CascadeRouter] Round 33: 10 clients, 24578 parameters/client
[92mINFO [0m:      configure_evaluate: strategy sampled 10 clients (out of 10)
INFO:flwr:configure_evaluate: strategy sampled 10 clients (out of 10)
[36m(ClientAppActor pid=224934)[0m 
[36m(ClientAppActor pid=224934)[0m         
[36m(ClientAppActor pid=224931)[0m 
[36m(ClientAppActor pid=224931)[0m         
[36m(ClientAppActor pid=224934)[0m 
[36m(ClientAppActor pid=224934)[0m         
[36m(ClientAppActor pid=224931)[0m 
[36m(ClientAppActor pid=224931)[0m         
[36m(ClientAppActor pid=224934)[0m 
[36m(ClientAppActor pid=224934)[0m         
[36m(ClientAppActor pid=224931)[0m 
[36m(ClientAppActor pid=224931)[0m         
[36m(ClientAppActor pid=224934)[0m 
[36m(ClientAppActor pid=224934)[0m         
[36m(ClientAppActor pid=224931)[0m 
[36m(ClientAppActor pid=224931)[0m         
[36m(ClientAppActor pid=224934)[0m 
[36m(ClientAppActor pid=224934)[0m         
[36m(ClientAppActor pid=224931)[0m 
[36m(ClientAppActor pid=224931)[0m         
[92mINFO [0m:      aggregate_evaluate: received 10 results and 0 failures
INFO:flwr:aggregate_evaluate: received 10 results and 0 failures
[92mINFO [0m:      
INFO:flwr:
[92mINFO [0m:      [ROUND 34]
INFO:flwr:[ROUND 34]
[92mINFO [0m:      configure_fit: strategy sampled 10 clients (out of 10)
INFO:flwr:configure_fit: strategy sampled 10 clients (out of 10)
[36m(ClientAppActor pid=224931)[0m [Client 0] Training on NVIDIA GeForce RTX 3060[32m [repeated 4x across cluster][0m
[36m(ClientAppActor pid=224931)[0m 
[36m(ClientAppActor pid=224931)[0m         
[36m(ClientAppActor pid=224934)[0m 
[36m(ClientAppActor pid=224934)[0m         
[36m(ClientAppActor pid=224934)[0m 
[36m(ClientAppActor pid=224934)[0m         
[36m(ClientAppActor pid=224934)[0m 
[36m(ClientAppActor pid=224934)[0m         
[36m(ClientAppActor pid=224931)[0m 
[36m(ClientAppActor pid=224931)[0m         
[36m(ClientAppActor pid=224931)[0m 
[36m(ClientAppActor pid=224931)[0m         
[36m(ClientAppActor pid=224931)[0m [93mWARNING [0m:   DEPRECATED FEATURE: `client_fn` now expects a signature `def client_fn(context: Context)`.The provided `client_fn` has signature: {'cid': <Parameter "cid: str">}. You can import the `Context` like this: `from flwr.app import Context`[32m [repeated 16x across cluster][0m
[36m(ClientAppActor pid=224931)[0m             This is a deprecated feature. It will be removed[32m [repeated 16x across cluster][0m
[36m(ClientAppActor pid=224931)[0m             entirely in future versions of Flower.[32m [repeated 16x across cluster][0m
[36m(ClientAppActor pid=224931)[0m [Client 8] Training on NVIDIA GeForce RTX 3060[32m [repeated 6x across cluster][0m
[36m(ClientAppActor pid=224931)[0m 
[36m(ClientAppActor pid=224931)[0m         
[36m(ClientAppActor pid=224934)[0m 
[36m(ClientAppActor pid=224934)[0m         
[36m(ClientAppActor pid=224931)[0m 
[36m(ClientAppActor pid=224931)[0m         
[36m(ClientAppActor pid=224934)[0m 
[36m(ClientAppActor pid=224934)[0m         
[92mINFO [0m:      aggregate_fit: received 10 results and 0 failures
INFO:flwr:aggregate_fit: received 10 results and 0 failures
[CascadeRouter] Round 34: 10 clients, 24578 parameters/client
[92mINFO [0m:      configure_evaluate: strategy sampled 10 clients (out of 10)
INFO:flwr:configure_evaluate: strategy sampled 10 clients (out of 10)
[36m(ClientAppActor pid=224931)[0m 
[36m(ClientAppActor pid=224931)[0m         
[36m(ClientAppActor pid=224931)[0m [93mWARNING [0m:   DEPRECATED FEATURE: `client_fn` now expects a signature `def client_fn(context: Context)`.The provided `client_fn` has signature: {'cid': <Parameter "cid: str">}. You can import the `Context` like this: `from flwr.app import Context`[32m [repeated 5x across cluster][0m
[36m(ClientAppActor pid=224931)[0m             This is a deprecated feature. It will be removed[32m [repeated 5x across cluster][0m
[36m(ClientAppActor pid=224931)[0m             entirely in future versions of Flower.[32m [repeated 5x across cluster][0m
[36m(ClientAppActor pid=224934)[0m 
[36m(ClientAppActor pid=224934)[0m         
[36m(ClientAppActor pid=224931)[0m 
[36m(ClientAppActor pid=224931)[0m         
[36m(ClientAppActor pid=224934)[0m 
[36m(ClientAppActor pid=224934)[0m         
[36m(ClientAppActor pid=224934)[0m 
[36m(ClientAppActor pid=224934)[0m         
[36m(ClientAppActor pid=224931)[0m 
[36m(ClientAppActor pid=224931)[0m         
[36m(ClientAppActor pid=224934)[0m 
[36m(ClientAppActor pid=224934)[0m         
[36m(ClientAppActor pid=224931)[0m 
[36m(ClientAppActor pid=224931)[0m         
[36m(ClientAppActor pid=224934)[0m 
[36m(ClientAppActor pid=224934)[0m         
[36m(ClientAppActor pid=224931)[0m 
[36m(ClientAppActor pid=224931)[0m         
[92mINFO [0m:      aggregate_evaluate: received 10 results and 0 failures
INFO:flwr:aggregate_evaluate: received 10 results and 0 failures
[92mINFO [0m:      
INFO:flwr:
[92mINFO [0m:      [ROUND 35]
INFO:flwr:[ROUND 35]
[92mINFO [0m:      configure_fit: strategy sampled 10 clients (out of 10)
INFO:flwr:configure_fit: strategy sampled 10 clients (out of 10)
[36m(ClientAppActor pid=224931)[0m [Client 3] Training on NVIDIA GeForce RTX 3060[32m [repeated 4x across cluster][0m
[36m(ClientAppActor pid=224934)[0m 
[36m(ClientAppActor pid=224934)[0m         
[36m(ClientAppActor pid=224931)[0m 
[36m(ClientAppActor pid=224931)[0m         
[36m(ClientAppActor pid=224934)[0m 
[36m(ClientAppActor pid=224934)[0m         
[36m(ClientAppActor pid=224934)[0m 
[36m(ClientAppActor pid=224934)[0m         
[36m(ClientAppActor pid=224934)[0m 
[36m(ClientAppActor pid=224934)[0m         
[36m(ClientAppActor pid=224931)[0m 
[36m(ClientAppActor pid=224931)[0m         
[36m(ClientAppActor pid=224934)[0m 
[36m(ClientAppActor pid=224934)[0m         
[36m(ClientAppActor pid=224934)[0m [93mWARNING [0m:   DEPRECATED FEATURE: `client_fn` now expects a signature `def client_fn(context: Context)`.The provided `client_fn` has signature: {'cid': <Parameter "cid: str">}. You can import the `Context` like this: `from flwr.app import Context`[32m [repeated 16x across cluster][0m
[36m(ClientAppActor pid=224934)[0m             This is a deprecated feature. It will be removed[32m [repeated 16x across cluster][0m
[36m(ClientAppActor pid=224934)[0m             entirely in future versions of Flower.[32m [repeated 16x across cluster][0m
[36m(ClientAppActor pid=224934)[0m 
[36m(ClientAppActor pid=224934)[0m         
[36m(ClientAppActor pid=224934)[0m [Client 8] Training on NVIDIA GeForce RTX 3060[32m [repeated 8x across cluster][0m
[36m(ClientAppActor pid=224934)[0m 
[36m(ClientAppActor pid=224934)[0m         
[36m(ClientAppActor pid=224931)[0m 
[36m(ClientAppActor pid=224931)[0m         
[92mINFO [0m:      aggregate_fit: received 10 results and 0 failures
INFO:flwr:aggregate_fit: received 10 results and 0 failures
[CascadeRouter] Round 35: 10 clients, 24578 parameters/client
[92mINFO [0m:      configure_evaluate: strategy sampled 10 clients (out of 10)
INFO:flwr:configure_evaluate: strategy sampled 10 clients (out of 10)
[36m(ClientAppActor pid=224934)[0m 
[36m(ClientAppActor pid=224934)[0m         
[36m(ClientAppActor pid=224934)[0m [93mWARNING [0m:   DEPRECATED FEATURE: `client_fn` now expects a signature `def client_fn(context: Context)`.The provided `client_fn` has signature: {'cid': <Parameter "cid: str">}. You can import the `Context` like this: `from flwr.app import Context`[32m [repeated 4x across cluster][0m
[36m(ClientAppActor pid=224934)[0m             This is a deprecated feature. It will be removed[32m [repeated 4x across cluster][0m
[36m(ClientAppActor pid=224934)[0m             entirely in future versions of Flower.[32m [repeated 4x across cluster][0m
[36m(ClientAppActor pid=224931)[0m 
[36m(ClientAppActor pid=224931)[0m         
[36m(ClientAppActor pid=224934)[0m 
[36m(ClientAppActor pid=224934)[0m         
[36m(ClientAppActor pid=224931)[0m 
[36m(ClientAppActor pid=224931)[0m         
[36m(ClientAppActor pid=224931)[0m 
[36m(ClientAppActor pid=224931)[0m         
[36m(ClientAppActor pid=224934)[0m 
[36m(ClientAppActor pid=224934)[0m         
[36m(ClientAppActor pid=224931)[0m 
[36m(ClientAppActor pid=224931)[0m         
[36m(ClientAppActor pid=224934)[0m 
[36m(ClientAppActor pid=224934)[0m         
[36m(ClientAppActor pid=224931)[0m 
[36m(ClientAppActor pid=224931)[0m         
[36m(ClientAppActor pid=224934)[0m 
[36m(ClientAppActor pid=224934)[0m         
[92mINFO [0m:      aggregate_evaluate: received 10 results and 0 failures
INFO:flwr:aggregate_evaluate: received 10 results and 0 failures
[92mINFO [0m:      
INFO:flwr:
[92mINFO [0m:      [ROUND 36]
INFO:flwr:[ROUND 36]
[92mINFO [0m:      configure_fit: strategy sampled 10 clients (out of 10)
INFO:flwr:configure_fit: strategy sampled 10 clients (out of 10)
[36m(ClientAppActor pid=224934)[0m [Client 9] Training on NVIDIA GeForce RTX 3060[32m [repeated 2x across cluster][0m
[36m(ClientAppActor pid=224934)[0m 
[36m(ClientAppActor pid=224934)[0m         
[36m(ClientAppActor pid=224931)[0m 
[36m(ClientAppActor pid=224931)[0m         
[36m(ClientAppActor pid=224934)[0m 
[36m(ClientAppActor pid=224934)[0m         
[36m(ClientAppActor pid=224934)[0m 
[36m(ClientAppActor pid=224934)[0m         
[36m(ClientAppActor pid=224934)[0m 
[36m(ClientAppActor pid=224934)[0m         
[36m(ClientAppActor pid=224931)[0m 
[36m(ClientAppActor pid=224931)[0m         
[36m(ClientAppActor pid=224931)[0m [93mWARNING [0m:   DEPRECATED FEATURE: `client_fn` now expects a signature `def client_fn(context: Context)`.The provided `client_fn` has signature: {'cid': <Parameter "cid: str">}. You can import the `Context` like this: `from flwr.app import Context`[32m [repeated 15x across cluster][0m
[36m(ClientAppActor pid=224931)[0m             This is a deprecated feature. It will be removed[32m [repeated 15x across cluster][0m
[36m(ClientAppActor pid=224931)[0m             entirely in future versions of Flower.[32m [repeated 15x across cluster][0m
[36m(ClientAppActor pid=224931)[0m 
[36m(ClientAppActor pid=224931)[0m         
[36m(ClientAppActor pid=224934)[0m 
[36m(ClientAppActor pid=224934)[0m         
[36m(ClientAppActor pid=224934)[0m [Client 5] Training on NVIDIA GeForce RTX 3060[32m [repeated 8x across cluster][0m
[36m(ClientAppActor pid=224934)[0m 
[36m(ClientAppActor pid=224934)[0m         
[36m(ClientAppActor pid=224931)[0m 
[36m(ClientAppActor pid=224931)[0m         
[92mINFO [0m:      aggregate_fit: received 10 results and 0 failures
INFO:flwr:aggregate_fit: received 10 results and 0 failures
[CascadeRouter] Round 36: 10 clients, 24578 parameters/client
[92mINFO [0m:      configure_evaluate: strategy sampled 10 clients (out of 10)
INFO:flwr:configure_evaluate: strategy sampled 10 clients (out of 10)
[36m(ClientAppActor pid=224934)[0m 
[36m(ClientAppActor pid=224934)[0m         
[36m(ClientAppActor pid=224934)[0m [93mWARNING [0m:   DEPRECATED FEATURE: `client_fn` now expects a signature `def client_fn(context: Context)`.The provided `client_fn` has signature: {'cid': <Parameter "cid: str">}. You can import the `Context` like this: `from flwr.app import Context`[32m [repeated 5x across cluster][0m
[36m(ClientAppActor pid=224934)[0m             This is a deprecated feature. It will be removed[32m [repeated 5x across cluster][0m
[36m(ClientAppActor pid=224934)[0m             entirely in future versions of Flower.[32m [repeated 5x across cluster][0m
[36m(ClientAppActor pid=224931)[0m 
[36m(ClientAppActor pid=224931)[0m         
[36m(ClientAppActor pid=224934)[0m 
[36m(ClientAppActor pid=224934)[0m         
[36m(ClientAppActor pid=224931)[0m 
[36m(ClientAppActor pid=224931)[0m         
[36m(ClientAppActor pid=224934)[0m 
[36m(ClientAppActor pid=224934)[0m         
[36m(ClientAppActor pid=224931)[0m 
[36m(ClientAppActor pid=224931)[0m         
[36m(ClientAppActor pid=224934)[0m 
[36m(ClientAppActor pid=224934)[0m         
[36m(ClientAppActor pid=224931)[0m 
[36m(ClientAppActor pid=224931)[0m         
[36m(ClientAppActor pid=224934)[0m 
[36m(ClientAppActor pid=224934)[0m         
[36m(ClientAppActor pid=224931)[0m 
[36m(ClientAppActor pid=224931)[0m         
[92mINFO [0m:      aggregate_evaluate: received 10 results and 0 failures
INFO:flwr:aggregate_evaluate: received 10 results and 0 failures
[92mINFO [0m:      
INFO:flwr:
[92mINFO [0m:      [ROUND 37]
INFO:flwr:[ROUND 37]
[92mINFO [0m:      configure_fit: strategy sampled 10 clients (out of 10)
INFO:flwr:configure_fit: strategy sampled 10 clients (out of 10)
[36m(ClientAppActor pid=224931)[0m [Client 2] Training on NVIDIA GeForce RTX 3060[32m [repeated 2x across cluster][0m
[36m(ClientAppActor pid=224934)[0m 
[36m(ClientAppActor pid=224934)[0m         
[36m(ClientAppActor pid=224931)[0m 
[36m(ClientAppActor pid=224931)[0m         
[36m(ClientAppActor pid=224931)[0m 
[36m(ClientAppActor pid=224931)[0m         
[36m(ClientAppActor pid=224934)[0m 
[36m(ClientAppActor pid=224934)[0m         
[36m(ClientAppActor pid=224934)[0m 
[36m(ClientAppActor pid=224934)[0m         
[36m(ClientAppActor pid=224931)[0m 
[36m(ClientAppActor pid=224931)[0m         
[36m(ClientAppActor pid=224934)[0m [Client 7] Training on NVIDIA GeForce RTX 3060[32m [repeated 6x across cluster][0m
[36m(ClientAppActor pid=224934)[0m 
[36m(ClientAppActor pid=224934)[0m         
[36m(ClientAppActor pid=224934)[0m [93mWARNING [0m:   DEPRECATED FEATURE: `client_fn` now expects a signature `def client_fn(context: Context)`.The provided `client_fn` has signature: {'cid': <Parameter "cid: str">}. You can import the `Context` like this: `from flwr.app import Context`[32m [repeated 16x across cluster][0m
[36m(ClientAppActor pid=224934)[0m             This is a deprecated feature. It will be removed[32m [repeated 16x across cluster][0m
[36m(ClientAppActor pid=224934)[0m             entirely in future versions of Flower.[32m [repeated 16x across cluster][0m
[36m(ClientAppActor pid=224934)[0m 
[36m(ClientAppActor pid=224934)[0m         
[36m(ClientAppActor pid=224931)[0m 
[36m(ClientAppActor pid=224931)[0m         
[36m(ClientAppActor pid=224934)[0m 
[36m(ClientAppActor pid=224934)[0m         
[92mINFO [0m:      aggregate_fit: received 10 results and 0 failures
INFO:flwr:aggregate_fit: received 10 results and 0 failures
[CascadeRouter] Round 37: 10 clients, 24578 parameters/client
[92mINFO [0m:      configure_evaluate: strategy sampled 10 clients (out of 10)
INFO:flwr:configure_evaluate: strategy sampled 10 clients (out of 10)
[36m(ClientAppActor pid=224931)[0m 
[36m(ClientAppActor pid=224931)[0m         
[36m(ClientAppActor pid=224934)[0m 
[36m(ClientAppActor pid=224934)[0m         
[36m(ClientAppActor pid=224934)[0m 
[36m(ClientAppActor pid=224934)[0m         
[36m(ClientAppActor pid=224934)[0m [93mWARNING [0m:   DEPRECATED FEATURE: `client_fn` now expects a signature `def client_fn(context: Context)`.The provided `client_fn` has signature: {'cid': <Parameter "cid: str">}. You can import the `Context` like this: `from flwr.app import Context`[32m [repeated 6x across cluster][0m
[36m(ClientAppActor pid=224934)[0m             This is a deprecated feature. It will be removed[32m [repeated 6x across cluster][0m
[36m(ClientAppActor pid=224934)[0m             entirely in future versions of Flower.[32m [repeated 6x across cluster][0m
[36m(ClientAppActor pid=224931)[0m 
[36m(ClientAppActor pid=224931)[0m         
[36m(ClientAppActor pid=224931)[0m 
[36m(ClientAppActor pid=224931)[0m         
[36m(ClientAppActor pid=224934)[0m 
[36m(ClientAppActor pid=224934)[0m         
[36m(ClientAppActor pid=224931)[0m 
[36m(ClientAppActor pid=224931)[0m         
[36m(ClientAppActor pid=224934)[0m 
[36m(ClientAppActor pid=224934)[0m         
[36m(ClientAppActor pid=224931)[0m 
[36m(ClientAppActor pid=224931)[0m         
[36m(ClientAppActor pid=224934)[0m 
[36m(ClientAppActor pid=224934)[0m         
[92mINFO [0m:      aggregate_evaluate: received 10 results and 0 failures
INFO:flwr:aggregate_evaluate: received 10 results and 0 failures
[92mINFO [0m:      
INFO:flwr:
[92mINFO [0m:      [ROUND 38]
INFO:flwr:[ROUND 38]
[92mINFO [0m:      configure_fit: strategy sampled 10 clients (out of 10)
INFO:flwr:configure_fit: strategy sampled 10 clients (out of 10)
[36m(ClientAppActor pid=224934)[0m [Client 2] Training on NVIDIA GeForce RTX 3060[32m [repeated 4x across cluster][0m
[36m(ClientAppActor pid=224934)[0m 
[36m(ClientAppActor pid=224934)[0m         
[36m(ClientAppActor pid=224931)[0m 
[36m(ClientAppActor pid=224931)[0m         
[36m(ClientAppActor pid=224934)[0m 
[36m(ClientAppActor pid=224934)[0m         
[36m(ClientAppActor pid=224934)[0m 
[36m(ClientAppActor pid=224934)[0m         
[36m(ClientAppActor pid=224934)[0m 
[36m(ClientAppActor pid=224934)[0m         
[36m(ClientAppActor pid=224931)[0m 
[36m(ClientAppActor pid=224931)[0m         
[36m(ClientAppActor pid=224934)[0m 
[36m(ClientAppActor pid=224934)[0m         
[36m(ClientAppActor pid=224931)[0m [Client 8] Training on NVIDIA GeForce RTX 3060[32m [repeated 7x across cluster][0m
[36m(ClientAppActor pid=224931)[0m 
[36m(ClientAppActor pid=224931)[0m         
[36m(ClientAppActor pid=224931)[0m [93mWARNING [0m:   DEPRECATED FEATURE: `client_fn` now expects a signature `def client_fn(context: Context)`.The provided `client_fn` has signature: {'cid': <Parameter "cid: str">}. You can import the `Context` like this: `from flwr.app import Context`[32m [repeated 15x across cluster][0m
[36m(ClientAppActor pid=224931)[0m             This is a deprecated feature. It will be removed[32m [repeated 15x across cluster][0m
[36m(ClientAppActor pid=224931)[0m             entirely in future versions of Flower.[32m [repeated 15x across cluster][0m
[36m(ClientAppActor pid=224934)[0m 
[36m(ClientAppActor pid=224934)[0m         
[36m(ClientAppActor pid=224931)[0m 
[36m(ClientAppActor pid=224931)[0m         
[92mINFO [0m:      aggregate_fit: received 10 results and 0 failures
INFO:flwr:aggregate_fit: received 10 results and 0 failures
[CascadeRouter] Round 38: 10 clients, 24578 parameters/client
[92mINFO [0m:      configure_evaluate: strategy sampled 10 clients (out of 10)
INFO:flwr:configure_evaluate: strategy sampled 10 clients (out of 10)
[36m(ClientAppActor pid=224931)[0m 
[36m(ClientAppActor pid=224931)[0m         
[36m(ClientAppActor pid=224931)[0m [93mWARNING [0m:   DEPRECATED FEATURE: `client_fn` now expects a signature `def client_fn(context: Context)`.The provided `client_fn` has signature: {'cid': <Parameter "cid: str">}. You can import the `Context` like this: `from flwr.app import Context`[32m [repeated 3x across cluster][0m
[36m(ClientAppActor pid=224931)[0m             This is a deprecated feature. It will be removed[32m [repeated 3x across cluster][0m
[36m(ClientAppActor pid=224931)[0m             entirely in future versions of Flower.[32m [repeated 3x across cluster][0m
[36m(ClientAppActor pid=224934)[0m 
[36m(ClientAppActor pid=224934)[0m         
[36m(ClientAppActor pid=224934)[0m 
[36m(ClientAppActor pid=224934)[0m         
[36m(ClientAppActor pid=224931)[0m 
[36m(ClientAppActor pid=224931)[0m         
[36m(ClientAppActor pid=224931)[0m 
[36m(ClientAppActor pid=224931)[0m         
[36m(ClientAppActor pid=224934)[0m 
[36m(ClientAppActor pid=224934)[0m         
[36m(ClientAppActor pid=224934)[0m 
[36m(ClientAppActor pid=224934)[0m         
[36m(ClientAppActor pid=224931)[0m 
[36m(ClientAppActor pid=224931)[0m         
[36m(ClientAppActor pid=224934)[0m 
[36m(ClientAppActor pid=224934)[0m         
[36m(ClientAppActor pid=224931)[0m 
[36m(ClientAppActor pid=224931)[0m         
[92mINFO [0m:      aggregate_evaluate: received 10 results and 0 failures
INFO:flwr:aggregate_evaluate: received 10 results and 0 failures
[92mINFO [0m:      
INFO:flwr:
[92mINFO [0m:      [ROUND 39]
INFO:flwr:[ROUND 39]
[92mINFO [0m:      configure_fit: strategy sampled 10 clients (out of 10)
INFO:flwr:configure_fit: strategy sampled 10 clients (out of 10)
[36m(ClientAppActor pid=224934)[0m [Client 2] Training on NVIDIA GeForce RTX 3060[32m [repeated 3x across cluster][0m
[36m(ClientAppActor pid=224934)[0m 
[36m(ClientAppActor pid=224934)[0m         
[36m(ClientAppActor pid=224931)[0m 
[36m(ClientAppActor pid=224931)[0m         
[36m(ClientAppActor pid=224931)[0m 
[36m(ClientAppActor pid=224931)[0m         
[36m(ClientAppActor pid=224934)[0m 
[36m(ClientAppActor pid=224934)[0m         
[36m(ClientAppActor pid=224931)[0m 
[36m(ClientAppActor pid=224931)[0m         
[36m(ClientAppActor pid=224931)[0m [93mWARNING [0m:   DEPRECATED FEATURE: `client_fn` now expects a signature `def client_fn(context: Context)`.The provided `client_fn` has signature: {'cid': <Parameter "cid: str">}. You can import the `Context` like this: `from flwr.app import Context`[32m [repeated 14x across cluster][0m
[36m(ClientAppActor pid=224931)[0m             This is a deprecated feature. It will be removed[32m [repeated 14x across cluster][0m
[36m(ClientAppActor pid=224931)[0m             entirely in future versions of Flower.[32m [repeated 14x across cluster][0m
[36m(ClientAppActor pid=224931)[0m [Client 8] Training on NVIDIA GeForce RTX 3060[32m [repeated 5x across cluster][0m
[36m(ClientAppActor pid=224931)[0m 
[36m(ClientAppActor pid=224931)[0m         
[36m(ClientAppActor pid=224934)[0m 
[36m(ClientAppActor pid=224934)[0m         
[36m(ClientAppActor pid=224934)[0m 
[36m(ClientAppActor pid=224934)[0m         
[36m(ClientAppActor pid=224931)[0m 
[36m(ClientAppActor pid=224931)[0m         
[36m(ClientAppActor pid=224931)[0m [93mWARNING [0m:   DEPRECATED FEATURE: `client_fn` now expects a signature `def client_fn(context: Context)`.The provided `client_fn` has signature: {'cid': <Parameter "cid: str">}. You can import the `Context` like this: `from flwr.app import Context`[32m [repeated 4x across cluster][0m
[36m(ClientAppActor pid=224931)[0m             This is a deprecated feature. It will be removed[32m [repeated 4x across cluster][0m
[36m(ClientAppActor pid=224931)[0m             entirely in future versions of Flower.[32m [repeated 4x across cluster][0m
[36m(ClientAppActor pid=224934)[0m 
[36m(ClientAppActor pid=224934)[0m         
[92mINFO [0m:      aggregate_fit: received 10 results and 0 failures
INFO:flwr:aggregate_fit: received 10 results and 0 failures
[CascadeRouter] Round 39: 10 clients, 24578 parameters/client
[92mINFO [0m:      configure_evaluate: strategy sampled 10 clients (out of 10)
INFO:flwr:configure_evaluate: strategy sampled 10 clients (out of 10)
[36m(ClientAppActor pid=224934)[0m 
[36m(ClientAppActor pid=224934)[0m         
[36m(ClientAppActor pid=224931)[0m 
[36m(ClientAppActor pid=224931)[0m         
[36m(ClientAppActor pid=224934)[0m 
[36m(ClientAppActor pid=224934)[0m         
[36m(ClientAppActor pid=224931)[0m 
[36m(ClientAppActor pid=224931)[0m         
[36m(ClientAppActor pid=224934)[0m 
[36m(ClientAppActor pid=224934)[0m         
[36m(ClientAppActor pid=224931)[0m 
[36m(ClientAppActor pid=224931)[0m         
[36m(ClientAppActor pid=224934)[0m 
[36m(ClientAppActor pid=224934)[0m         
[36m(ClientAppActor pid=224931)[0m 
[36m(ClientAppActor pid=224931)[0m         
[36m(ClientAppActor pid=224934)[0m 
[36m(ClientAppActor pid=224934)[0m         
[36m(ClientAppActor pid=224931)[0m 
[36m(ClientAppActor pid=224931)[0m         
[92mINFO [0m:      aggregate_evaluate: received 10 results and 0 failures
INFO:flwr:aggregate_evaluate: received 10 results and 0 failures
[92mINFO [0m:      
INFO:flwr:
[92mINFO [0m:      [ROUND 40]
INFO:flwr:[ROUND 40]
[92mINFO [0m:      configure_fit: strategy sampled 10 clients (out of 10)
INFO:flwr:configure_fit: strategy sampled 10 clients (out of 10)
[36m(ClientAppActor pid=224931)[0m [Client 9] Training on NVIDIA GeForce RTX 3060[32m [repeated 5x across cluster][0m
[36m(ClientAppActor pid=224934)[0m 
[36m(ClientAppActor pid=224934)[0m         
[36m(ClientAppActor pid=224931)[0m 
[36m(ClientAppActor pid=224931)[0m         
[36m(ClientAppActor pid=224931)[0m 
[36m(ClientAppActor pid=224931)[0m         
[36m(ClientAppActor pid=224931)[0m 
[36m(ClientAppActor pid=224931)[0m         
[36m(ClientAppActor pid=224931)[0m 
[36m(ClientAppActor pid=224931)[0m         
[36m(ClientAppActor pid=224931)[0m [93mWARNING [0m:   DEPRECATED FEATURE: `client_fn` now expects a signature `def client_fn(context: Context)`.The provided `client_fn` has signature: {'cid': <Parameter "cid: str">}. You can import the `Context` like this: `from flwr.app import Context`[32m [repeated 16x across cluster][0m
[36m(ClientAppActor pid=224931)[0m             This is a deprecated feature. It will be removed[32m [repeated 16x across cluster][0m
[36m(ClientAppActor pid=224931)[0m             entirely in future versions of Flower.[32m [repeated 16x across cluster][0m
[36m(ClientAppActor pid=224931)[0m [Client 6] Training on NVIDIA GeForce RTX 3060[32m [repeated 5x across cluster][0m
[36m(ClientAppActor pid=224931)[0m 
[36m(ClientAppActor pid=224931)[0m         
[36m(ClientAppActor pid=224931)[0m 
[36m(ClientAppActor pid=224931)[0m         
[36m(ClientAppActor pid=224934)[0m 
[36m(ClientAppActor pid=224934)[0m         
[36m(ClientAppActor pid=224931)[0m 
[36m(ClientAppActor pid=224931)[0m         
[36m(ClientAppActor pid=224931)[0m [93mWARNING [0m:   DEPRECATED FEATURE: `client_fn` now expects a signature `def client_fn(context: Context)`.The provided `client_fn` has signature: {'cid': <Parameter "cid: str">}. You can import the `Context` like this: `from flwr.app import Context`[32m [repeated 4x across cluster][0m
[36m(ClientAppActor pid=224931)[0m             This is a deprecated feature. It will be removed[32m [repeated 4x across cluster][0m
[36m(ClientAppActor pid=224931)[0m             entirely in future versions of Flower.[32m [repeated 4x across cluster][0m
[36m(ClientAppActor pid=224931)[0m 
[36m(ClientAppActor pid=224931)[0m         
[92mINFO [0m:      aggregate_fit: received 10 results and 0 failures
INFO:flwr:aggregate_fit: received 10 results and 0 failures
[CascadeRouter] Round 40: 10 clients, 24578 parameters/client
[92mINFO [0m:      configure_evaluate: strategy sampled 10 clients (out of 10)
INFO:flwr:configure_evaluate: strategy sampled 10 clients (out of 10)
[36m(ClientAppActor pid=224934)[0m 
[36m(ClientAppActor pid=224934)[0m         
[36m(ClientAppActor pid=224931)[0m 
[36m(ClientAppActor pid=224931)[0m         
[36m(ClientAppActor pid=224934)[0m 
[36m(ClientAppActor pid=224934)[0m         
[36m(ClientAppActor pid=224931)[0m 
[36m(ClientAppActor pid=224931)[0m         
[36m(ClientAppActor pid=224934)[0m 
[36m(ClientAppActor pid=224934)[0m         
[36m(ClientAppActor pid=224931)[0m 
[36m(ClientAppActor pid=224931)[0m         
[36m(ClientAppActor pid=224931)[0m 
[36m(ClientAppActor pid=224931)[0m         
[36m(ClientAppActor pid=224934)[0m 
[36m(ClientAppActor pid=224934)[0m         
[36m(ClientAppActor pid=224931)[0m 
[36m(ClientAppActor pid=224931)[0m         
[36m(ClientAppActor pid=224934)[0m 
[36m(ClientAppActor pid=224934)[0m         
[92mINFO [0m:      aggregate_evaluate: received 10 results and 0 failures
INFO:flwr:aggregate_evaluate: received 10 results and 0 failures
[92mINFO [0m:      
INFO:flwr:
[92mINFO [0m:      [ROUND 41]
INFO:flwr:[ROUND 41]
[92mINFO [0m:      configure_fit: strategy sampled 10 clients (out of 10)
INFO:flwr:configure_fit: strategy sampled 10 clients (out of 10)
[36m(ClientAppActor pid=224934)[0m [Client 5] Training on NVIDIA GeForce RTX 3060[32m [repeated 5x across cluster][0m
[36m(ClientAppActor pid=224934)[0m 
[36m(ClientAppActor pid=224934)[0m         
[36m(ClientAppActor pid=224931)[0m 
[36m(ClientAppActor pid=224931)[0m         
[36m(ClientAppActor pid=224931)[0m 
[36m(ClientAppActor pid=224931)[0m         
[36m(ClientAppActor pid=224931)[0m [93mWARNING [0m:   DEPRECATED FEATURE: `client_fn` now expects a signature `def client_fn(context: Context)`.The provided `client_fn` has signature: {'cid': <Parameter "cid: str">}. You can import the `Context` like this: `from flwr.app import Context`[32m [repeated 14x across cluster][0m
[36m(ClientAppActor pid=224931)[0m             This is a deprecated feature. It will be removed[32m [repeated 14x across cluster][0m
[36m(ClientAppActor pid=224931)[0m             entirely in future versions of Flower.[32m [repeated 14x across cluster][0m
[36m(ClientAppActor pid=224931)[0m [Client 9] Training on NVIDIA GeForce RTX 3060[32m [repeated 3x across cluster][0m
[36m(ClientAppActor pid=224931)[0m 
[36m(ClientAppActor pid=224931)[0m         
[36m(ClientAppActor pid=224931)[0m 
[36m(ClientAppActor pid=224931)[0m         
[36m(ClientAppActor pid=224934)[0m 
[36m(ClientAppActor pid=224934)[0m         
[36m(ClientAppActor pid=224934)[0m 
[36m(ClientAppActor pid=224934)[0m         
[36m(ClientAppActor pid=224931)[0m 
[36m(ClientAppActor pid=224931)[0m         
[36m(ClientAppActor pid=224931)[0m [93mWARNING [0m:   DEPRECATED FEATURE: `client_fn` now expects a signature `def client_fn(context: Context)`.The provided `client_fn` has signature: {'cid': <Parameter "cid: str">}. You can import the `Context` like this: `from flwr.app import Context`[32m [repeated 5x across cluster][0m
[36m(ClientAppActor pid=224931)[0m             This is a deprecated feature. It will be removed[32m [repeated 5x across cluster][0m
[36m(ClientAppActor pid=224931)[0m             entirely in future versions of Flower.[32m [repeated 5x across cluster][0m
[36m(ClientAppActor pid=224931)[0m 
[36m(ClientAppActor pid=224931)[0m         
[36m(ClientAppActor pid=224931)[0m 
[36m(ClientAppActor pid=224931)[0m         
[92mINFO [0m:      aggregate_fit: received 10 results and 0 failures
INFO:flwr:aggregate_fit: received 10 results and 0 failures
[CascadeRouter] Round 41: 10 clients, 24578 parameters/client
[92mINFO [0m:      configure_evaluate: strategy sampled 10 clients (out of 10)
INFO:flwr:configure_evaluate: strategy sampled 10 clients (out of 10)
[36m(ClientAppActor pid=224931)[0m 
[36m(ClientAppActor pid=224931)[0m         
[36m(ClientAppActor pid=224934)[0m 
[36m(ClientAppActor pid=224934)[0m         
[36m(ClientAppActor pid=224931)[0m 
[36m(ClientAppActor pid=224931)[0m         
[36m(ClientAppActor pid=224934)[0m 
[36m(ClientAppActor pid=224934)[0m         
[36m(ClientAppActor pid=224934)[0m 
[36m(ClientAppActor pid=224934)[0m         
[36m(ClientAppActor pid=224931)[0m 
[36m(ClientAppActor pid=224931)[0m         
[36m(ClientAppActor pid=224931)[0m 
[36m(ClientAppActor pid=224931)[0m         
[36m(ClientAppActor pid=224934)[0m 
[36m(ClientAppActor pid=224934)[0m         
[36m(ClientAppActor pid=224931)[0m 
[36m(ClientAppActor pid=224931)[0m         
[36m(ClientAppActor pid=224934)[0m 
[36m(ClientAppActor pid=224934)[0m         
[92mINFO [0m:      aggregate_evaluate: received 10 results and 0 failures
INFO:flwr:aggregate_evaluate: received 10 results and 0 failures
[92mINFO [0m:      
INFO:flwr:
[92mINFO [0m:      [ROUND 42]
INFO:flwr:[ROUND 42]
[92mINFO [0m:      configure_fit: strategy sampled 10 clients (out of 10)
INFO:flwr:configure_fit: strategy sampled 10 clients (out of 10)
[36m(ClientAppActor pid=224931)[0m [Client 5] Training on NVIDIA GeForce RTX 3060[32m [repeated 7x across cluster][0m
[36m(ClientAppActor pid=224934)[0m 
[36m(ClientAppActor pid=224934)[0m         
[36m(ClientAppActor pid=224931)[0m 
[36m(ClientAppActor pid=224931)[0m         
[36m(ClientAppActor pid=224934)[0m 
[36m(ClientAppActor pid=224934)[0m         
[36m(ClientAppActor pid=224934)[0m [93mWARNING [0m:   DEPRECATED FEATURE: `client_fn` now expects a signature `def client_fn(context: Context)`.The provided `client_fn` has signature: {'cid': <Parameter "cid: str">}. You can import the `Context` like this: `from flwr.app import Context`[32m [repeated 15x across cluster][0m
[36m(ClientAppActor pid=224934)[0m             This is a deprecated feature. It will be removed[32m [repeated 15x across cluster][0m
[36m(ClientAppActor pid=224934)[0m             entirely in future versions of Flower.[32m [repeated 15x across cluster][0m
[36m(ClientAppActor pid=224934)[0m 
[36m(ClientAppActor pid=224934)[0m         
[36m(ClientAppActor pid=224934)[0m 
[36m(ClientAppActor pid=224934)[0m         
[36m(ClientAppActor pid=224931)[0m [Client 8] Training on NVIDIA GeForce RTX 3060[32m [repeated 5x across cluster][0m
[36m(ClientAppActor pid=224931)[0m 
[36m(ClientAppActor pid=224931)[0m         
[36m(ClientAppActor pid=224931)[0m [93mWARNING [0m:   DEPRECATED FEATURE: `client_fn` now expects a signature `def client_fn(context: Context)`.The provided `client_fn` has signature: {'cid': <Parameter "cid: str">}. You can import the `Context` like this: `from flwr.app import Context`[32m [repeated 3x across cluster][0m
[36m(ClientAppActor pid=224931)[0m             This is a deprecated feature. It will be removed[32m [repeated 3x across cluster][0m
[36m(ClientAppActor pid=224931)[0m             entirely in future versions of Flower.[32m [repeated 3x across cluster][0m
[36m(ClientAppActor pid=224934)[0m 
[36m(ClientAppActor pid=224934)[0m         
[36m(ClientAppActor pid=224934)[0m 
[36m(ClientAppActor pid=224934)[0m         
[36m(ClientAppActor pid=224934)[0m 
[36m(ClientAppActor pid=224934)[0m         
[36m(ClientAppActor pid=224931)[0m 
[36m(ClientAppActor pid=224931)[0m         
[92mINFO [0m:      aggregate_fit: received 10 results and 0 failures
INFO:flwr:aggregate_fit: received 10 results and 0 failures
[CascadeRouter] Round 42: 10 clients, 24578 parameters/client
[92mINFO [0m:      configure_evaluate: strategy sampled 10 clients (out of 10)
INFO:flwr:configure_evaluate: strategy sampled 10 clients (out of 10)
[36m(ClientAppActor pid=224934)[0m 
[36m(ClientAppActor pid=224934)[0m         
[36m(ClientAppActor pid=224931)[0m 
[36m(ClientAppActor pid=224931)[0m         
[36m(ClientAppActor pid=224931)[0m 
[36m(ClientAppActor pid=224931)[0m         
[36m(ClientAppActor pid=224934)[0m 
[36m(ClientAppActor pid=224934)[0m         
[36m(ClientAppActor pid=224931)[0m 
[36m(ClientAppActor pid=224931)[0m         
[36m(ClientAppActor pid=224931)[0m [93mWARNING [0m:   DEPRECATED FEATURE: `client_fn` now expects a signature `def client_fn(context: Context)`.The provided `client_fn` has signature: {'cid': <Parameter "cid: str">}. You can import the `Context` like this: `from flwr.app import Context`[32m [repeated 9x across cluster][0m
[36m(ClientAppActor pid=224931)[0m             This is a deprecated feature. It will be removed[32m [repeated 9x across cluster][0m
[36m(ClientAppActor pid=224931)[0m             entirely in future versions of Flower.[32m [repeated 9x across cluster][0m
[36m(ClientAppActor pid=224934)[0m 
[36m(ClientAppActor pid=224934)[0m         
[36m(ClientAppActor pid=224931)[0m 
[36m(ClientAppActor pid=224931)[0m         
[36m(ClientAppActor pid=224934)[0m 
[36m(ClientAppActor pid=224934)[0m         
[36m(ClientAppActor pid=224931)[0m 
[36m(ClientAppActor pid=224931)[0m         
[36m(ClientAppActor pid=224934)[0m 
[36m(ClientAppActor pid=224934)[0m         
[92mINFO [0m:      aggregate_evaluate: received 10 results and 0 failures
INFO:flwr:aggregate_evaluate: received 10 results and 0 failures
[92mINFO [0m:      
INFO:flwr:
[92mINFO [0m:      [ROUND 43]
INFO:flwr:[ROUND 43]
[92mINFO [0m:      configure_fit: strategy sampled 10 clients (out of 10)
INFO:flwr:configure_fit: strategy sampled 10 clients (out of 10)
[36m(ClientAppActor pid=224934)[0m [Client 3] Training on NVIDIA GeForce RTX 3060[32m [repeated 5x across cluster][0m
[36m(ClientAppActor pid=224934)[0m 
[36m(ClientAppActor pid=224934)[0m         
[36m(ClientAppActor pid=224931)[0m 
[36m(ClientAppActor pid=224931)[0m         
[36m(ClientAppActor pid=224931)[0m 
[36m(ClientAppActor pid=224931)[0m         
[36m(ClientAppActor pid=224934)[0m 
[36m(ClientAppActor pid=224934)[0m         
[36m(ClientAppActor pid=224931)[0m 
[36m(ClientAppActor pid=224931)[0m         
[36m(ClientAppActor pid=224934)[0m [Client 8] Training on NVIDIA GeForce RTX 3060[32m [repeated 5x across cluster][0m
[36m(ClientAppActor pid=224934)[0m 
[36m(ClientAppActor pid=224934)[0m         
[36m(ClientAppActor pid=224934)[0m [93mWARNING [0m:   DEPRECATED FEATURE: `client_fn` now expects a signature `def client_fn(context: Context)`.The provided `client_fn` has signature: {'cid': <Parameter "cid: str">}. You can import the `Context` like this: `from flwr.app import Context`[32m [repeated 11x across cluster][0m
[36m(ClientAppActor pid=224934)[0m             This is a deprecated feature. It will be removed[32m [repeated 11x across cluster][0m
[36m(ClientAppActor pid=224934)[0m             entirely in future versions of Flower.[32m [repeated 11x across cluster][0m
[36m(ClientAppActor pid=224934)[0m 
[36m(ClientAppActor pid=224934)[0m         
[36m(ClientAppActor pid=224934)[0m 
[36m(ClientAppActor pid=224934)[0m         
[36m(ClientAppActor pid=224931)[0m 
[36m(ClientAppActor pid=224931)[0m         
[36m(ClientAppActor pid=224931)[0m 
[36m(ClientAppActor pid=224931)[0m         
[92mINFO [0m:      aggregate_fit: received 10 results and 0 failures
INFO:flwr:aggregate_fit: received 10 results and 0 failures
[CascadeRouter] Round 43: 10 clients, 24578 parameters/client
[92mINFO [0m:      configure_evaluate: strategy sampled 10 clients (out of 10)
INFO:flwr:configure_evaluate: strategy sampled 10 clients (out of 10)
[36m(ClientAppActor pid=224934)[0m 
[36m(ClientAppActor pid=224934)[0m         
[36m(ClientAppActor pid=224934)[0m [93mWARNING [0m:   DEPRECATED FEATURE: `client_fn` now expects a signature `def client_fn(context: Context)`.The provided `client_fn` has signature: {'cid': <Parameter "cid: str">}. You can import the `Context` like this: `from flwr.app import Context`[32m [repeated 5x across cluster][0m
[36m(ClientAppActor pid=224934)[0m             This is a deprecated feature. It will be removed[32m [repeated 5x across cluster][0m
[36m(ClientAppActor pid=224934)[0m             entirely in future versions of Flower.[32m [repeated 5x across cluster][0m
[36m(ClientAppActor pid=224931)[0m 
[36m(ClientAppActor pid=224931)[0m         
[36m(ClientAppActor pid=224934)[0m 
[36m(ClientAppActor pid=224934)[0m         
[36m(ClientAppActor pid=224931)[0m 
[36m(ClientAppActor pid=224931)[0m         
[36m(ClientAppActor pid=224934)[0m 
[36m(ClientAppActor pid=224934)[0m         
[36m(ClientAppActor pid=224931)[0m 
[36m(ClientAppActor pid=224931)[0m         
[36m(ClientAppActor pid=224934)[0m 
[36m(ClientAppActor pid=224934)[0m         
[36m(ClientAppActor pid=224931)[0m 
[36m(ClientAppActor pid=224931)[0m         
[36m(ClientAppActor pid=224934)[0m 
[36m(ClientAppActor pid=224934)[0m         
[36m(ClientAppActor pid=224931)[0m 
[36m(ClientAppActor pid=224931)[0m         
[92mINFO [0m:      aggregate_evaluate: received 10 results and 0 failures
INFO:flwr:aggregate_evaluate: received 10 results and 0 failures
[92mINFO [0m:      
INFO:flwr:
[92mINFO [0m:      [ROUND 44]
INFO:flwr:[ROUND 44]
[92mINFO [0m:      configure_fit: strategy sampled 10 clients (out of 10)
INFO:flwr:configure_fit: strategy sampled 10 clients (out of 10)
[36m(ClientAppActor pid=224931)[0m [Client 4] Training on NVIDIA GeForce RTX 3060[32m [repeated 5x across cluster][0m
[36m(ClientAppActor pid=224931)[0m 
[36m(ClientAppActor pid=224931)[0m         
[36m(ClientAppActor pid=224934)[0m 
[36m(ClientAppActor pid=224934)[0m         
[36m(ClientAppActor pid=224934)[0m 
[36m(ClientAppActor pid=224934)[0m         
[36m(ClientAppActor pid=224934)[0m 
[36m(ClientAppActor pid=224934)[0m         
[36m(ClientAppActor pid=224931)[0m 
[36m(ClientAppActor pid=224931)[0m         
[36m(ClientAppActor pid=224931)[0m 
[36m(ClientAppActor pid=224931)[0m         
[36m(ClientAppActor pid=224934)[0m 
[36m(ClientAppActor pid=224934)[0m         
[36m(ClientAppActor pid=224934)[0m [93mWARNING [0m:   DEPRECATED FEATURE: `client_fn` now expects a signature `def client_fn(context: Context)`.The provided `client_fn` has signature: {'cid': <Parameter "cid: str">}. You can import the `Context` like this: `from flwr.app import Context`[32m [repeated 16x across cluster][0m
[36m(ClientAppActor pid=224934)[0m             This is a deprecated feature. It will be removed[32m [repeated 16x across cluster][0m
[36m(ClientAppActor pid=224934)[0m             entirely in future versions of Flower.[32m [repeated 16x across cluster][0m
[36m(ClientAppActor pid=224931)[0m 
[36m(ClientAppActor pid=224931)[0m         
[36m(ClientAppActor pid=224934)[0m [Client 7] Training on NVIDIA GeForce RTX 3060[32m [repeated 8x across cluster][0m
[36m(ClientAppActor pid=224934)[0m 
[36m(ClientAppActor pid=224934)[0m         
[36m(ClientAppActor pid=224934)[0m 
[36m(ClientAppActor pid=224934)[0m         
[92mINFO [0m:      aggregate_fit: received 10 results and 0 failures
INFO:flwr:aggregate_fit: received 10 results and 0 failures
[CascadeRouter] Round 44: 10 clients, 24578 parameters/client
[92mINFO [0m:      configure_evaluate: strategy sampled 10 clients (out of 10)
INFO:flwr:configure_evaluate: strategy sampled 10 clients (out of 10)
[36m(ClientAppActor pid=224934)[0m 
[36m(ClientAppActor pid=224934)[0m         
[36m(ClientAppActor pid=224934)[0m [93mWARNING [0m:   DEPRECATED FEATURE: `client_fn` now expects a signature `def client_fn(context: Context)`.The provided `client_fn` has signature: {'cid': <Parameter "cid: str">}. You can import the `Context` like this: `from flwr.app import Context`[32m [repeated 4x across cluster][0m
[36m(ClientAppActor pid=224934)[0m             This is a deprecated feature. It will be removed[32m [repeated 4x across cluster][0m
[36m(ClientAppActor pid=224934)[0m             entirely in future versions of Flower.[32m [repeated 4x across cluster][0m
[36m(ClientAppActor pid=224931)[0m 
[36m(ClientAppActor pid=224931)[0m         
[36m(ClientAppActor pid=224934)[0m 
[36m(ClientAppActor pid=224934)[0m         
[36m(ClientAppActor pid=224931)[0m 
[36m(ClientAppActor pid=224931)[0m         
[36m(ClientAppActor pid=224934)[0m 
[36m(ClientAppActor pid=224934)[0m         
[36m(ClientAppActor pid=224931)[0m 
[36m(ClientAppActor pid=224931)[0m         
[36m(ClientAppActor pid=224934)[0m 
[36m(ClientAppActor pid=224934)[0m         
[36m(ClientAppActor pid=224931)[0m 
[36m(ClientAppActor pid=224931)[0m         
[36m(ClientAppActor pid=224934)[0m 
[36m(ClientAppActor pid=224934)[0m         
[36m(ClientAppActor pid=224931)[0m 
[36m(ClientAppActor pid=224931)[0m         
[92mINFO [0m:      aggregate_evaluate: received 10 results and 0 failures
INFO:flwr:aggregate_evaluate: received 10 results and 0 failures
[92mINFO [0m:      
INFO:flwr:
[92mINFO [0m:      [ROUND 45]
INFO:flwr:[ROUND 45]
[92mINFO [0m:      configure_fit: strategy sampled 10 clients (out of 10)
INFO:flwr:configure_fit: strategy sampled 10 clients (out of 10)
[36m(ClientAppActor pid=224931)[0m 
[36m(ClientAppActor pid=224931)[0m         
[36m(ClientAppActor pid=224934)[0m 
[36m(ClientAppActor pid=224934)[0m         
[36m(ClientAppActor pid=224931)[0m [Client 2] Training on NVIDIA GeForce RTX 3060[32m [repeated 4x across cluster][0m
[36m(ClientAppActor pid=224931)[0m 
[36m(ClientAppActor pid=224931)[0m         
[36m(ClientAppActor pid=224931)[0m [93mWARNING [0m:   DEPRECATED FEATURE: `client_fn` now expects a signature `def client_fn(context: Context)`.The provided `client_fn` has signature: {'cid': <Parameter "cid: str">}. You can import the `Context` like this: `from flwr.app import Context`[32m [repeated 12x across cluster][0m
[36m(ClientAppActor pid=224931)[0m             This is a deprecated feature. It will be removed[32m [repeated 12x across cluster][0m
[36m(ClientAppActor pid=224931)[0m             entirely in future versions of Flower.[32m [repeated 12x across cluster][0m
[36m(ClientAppActor pid=224931)[0m 
[36m(ClientAppActor pid=224931)[0m         
[36m(ClientAppActor pid=224931)[0m 
[36m(ClientAppActor pid=224931)[0m         
[36m(ClientAppActor pid=224931)[0m 
[36m(ClientAppActor pid=224931)[0m         
[36m(ClientAppActor pid=224934)[0m 
[36m(ClientAppActor pid=224934)[0m         
[36m(ClientAppActor pid=224934)[0m 
[36m(ClientAppActor pid=224934)[0m         
[36m(ClientAppActor pid=224931)[0m 
[36m(ClientAppActor pid=224931)[0m         
[36m(ClientAppActor pid=224931)[0m [Client 8] Training on NVIDIA GeForce RTX 3060[32m [repeated 7x across cluster][0m
[36m(ClientAppActor pid=224931)[0m 
[36m(ClientAppActor pid=224931)[0m         
[36m(ClientAppActor pid=224931)[0m [93mWARNING [0m:   DEPRECATED FEATURE: `client_fn` now expects a signature `def client_fn(context: Context)`.The provided `client_fn` has signature: {'cid': <Parameter "cid: str">}. You can import the `Context` like this: `from flwr.app import Context`[32m [repeated 7x across cluster][0m
[36m(ClientAppActor pid=224931)[0m             This is a deprecated feature. It will be removed[32m [repeated 7x across cluster][0m
[36m(ClientAppActor pid=224931)[0m             entirely in future versions of Flower.[32m [repeated 7x across cluster][0m
[92mINFO [0m:      aggregate_fit: received 10 results and 0 failures
INFO:flwr:aggregate_fit: received 10 results and 0 failures
[CascadeRouter] Round 45: 10 clients, 24578 parameters/client
[92mINFO [0m:      configure_evaluate: strategy sampled 10 clients (out of 10)
INFO:flwr:configure_evaluate: strategy sampled 10 clients (out of 10)
[36m(ClientAppActor pid=224931)[0m 
[36m(ClientAppActor pid=224931)[0m         
[36m(ClientAppActor pid=224934)[0m 
[36m(ClientAppActor pid=224934)[0m         
[36m(ClientAppActor pid=224931)[0m 
[36m(ClientAppActor pid=224931)[0m         
[36m(ClientAppActor pid=224934)[0m 
[36m(ClientAppActor pid=224934)[0m         
[36m(ClientAppActor pid=224931)[0m 
[36m(ClientAppActor pid=224931)[0m         
[36m(ClientAppActor pid=224934)[0m 
[36m(ClientAppActor pid=224934)[0m         
[36m(ClientAppActor pid=224934)[0m 
[36m(ClientAppActor pid=224934)[0m         
[36m(ClientAppActor pid=224931)[0m 
[36m(ClientAppActor pid=224931)[0m         
[36m(ClientAppActor pid=224931)[0m 
[36m(ClientAppActor pid=224931)[0m         
[36m(ClientAppActor pid=224934)[0m 
[36m(ClientAppActor pid=224934)[0m         
[92mINFO [0m:      aggregate_evaluate: received 10 results and 0 failures
INFO:flwr:aggregate_evaluate: received 10 results and 0 failures
[92mINFO [0m:      
INFO:flwr:
[92mINFO [0m:      [ROUND 46]
INFO:flwr:[ROUND 46]
[92mINFO [0m:      configure_fit: strategy sampled 10 clients (out of 10)
INFO:flwr:configure_fit: strategy sampled 10 clients (out of 10)
[36m(ClientAppActor pid=224934)[0m 
[36m(ClientAppActor pid=224934)[0m         
[36m(ClientAppActor pid=224931)[0m 
[36m(ClientAppActor pid=224931)[0m         
[36m(ClientAppActor pid=224934)[0m [Client 3] Training on NVIDIA GeForce RTX 3060[32m [repeated 3x across cluster][0m
[36m(ClientAppActor pid=224934)[0m 
[36m(ClientAppActor pid=224934)[0m         
[36m(ClientAppActor pid=224934)[0m [93mWARNING [0m:   DEPRECATED FEATURE: `client_fn` now expects a signature `def client_fn(context: Context)`.The provided `client_fn` has signature: {'cid': <Parameter "cid: str">}. You can import the `Context` like this: `from flwr.app import Context`[32m [repeated 13x across cluster][0m
[36m(ClientAppActor pid=224934)[0m             This is a deprecated feature. It will be removed[32m [repeated 13x across cluster][0m
[36m(ClientAppActor pid=224934)[0m             entirely in future versions of Flower.[32m [repeated 13x across cluster][0m
[36m(ClientAppActor pid=224931)[0m 
[36m(ClientAppActor pid=224931)[0m         
[36m(ClientAppActor pid=224931)[0m 
[36m(ClientAppActor pid=224931)[0m         
[36m(ClientAppActor pid=224934)[0m 
[36m(ClientAppActor pid=224934)[0m         
[36m(ClientAppActor pid=224934)[0m 
[36m(ClientAppActor pid=224934)[0m         
[36m(ClientAppActor pid=224934)[0m 
[36m(ClientAppActor pid=224934)[0m         
[36m(ClientAppActor pid=224934)[0m 
[36m(ClientAppActor pid=224934)[0m         
[36m(ClientAppActor pid=224931)[0m [Client 9] Training on NVIDIA GeForce RTX 3060[32m [repeated 7x across cluster][0m
[36m(ClientAppActor pid=224931)[0m 
[36m(ClientAppActor pid=224931)[0m         
[36m(ClientAppActor pid=224931)[0m [93mWARNING [0m:   DEPRECATED FEATURE: `client_fn` now expects a signature `def client_fn(context: Context)`.The provided `client_fn` has signature: {'cid': <Parameter "cid: str">}. You can import the `Context` like this: `from flwr.app import Context`[32m [repeated 7x across cluster][0m
[36m(ClientAppActor pid=224931)[0m             This is a deprecated feature. It will be removed[32m [repeated 7x across cluster][0m
[36m(ClientAppActor pid=224931)[0m             entirely in future versions of Flower.[32m [repeated 7x across cluster][0m
[92mINFO [0m:      aggregate_fit: received 10 results and 0 failures
INFO:flwr:aggregate_fit: received 10 results and 0 failures
[CascadeRouter] Round 46: 10 clients, 24578 parameters/client
[92mINFO [0m:      configure_evaluate: strategy sampled 10 clients (out of 10)
INFO:flwr:configure_evaluate: strategy sampled 10 clients (out of 10)
[36m(ClientAppActor pid=224934)[0m 
[36m(ClientAppActor pid=224934)[0m         
[36m(ClientAppActor pid=224931)[0m 
[36m(ClientAppActor pid=224931)[0m         
[36m(ClientAppActor pid=224934)[0m 
[36m(ClientAppActor pid=224934)[0m         
[36m(ClientAppActor pid=224931)[0m 
[36m(ClientAppActor pid=224931)[0m         
[36m(ClientAppActor pid=224934)[0m 
[36m(ClientAppActor pid=224934)[0m         
[36m(ClientAppActor pid=224931)[0m 
[36m(ClientAppActor pid=224931)[0m         
[36m(ClientAppActor pid=224934)[0m 
[36m(ClientAppActor pid=224934)[0m         
[36m(ClientAppActor pid=224931)[0m 
[36m(ClientAppActor pid=224931)[0m         
[36m(ClientAppActor pid=224934)[0m 
[36m(ClientAppActor pid=224934)[0m         
[36m(ClientAppActor pid=224931)[0m 
[36m(ClientAppActor pid=224931)[0m         
[92mINFO [0m:      aggregate_evaluate: received 10 results and 0 failures
INFO:flwr:aggregate_evaluate: received 10 results and 0 failures
[92mINFO [0m:      
INFO:flwr:
[92mINFO [0m:      [ROUND 47]
INFO:flwr:[ROUND 47]
[92mINFO [0m:      configure_fit: strategy sampled 10 clients (out of 10)
INFO:flwr:configure_fit: strategy sampled 10 clients (out of 10)
[36m(ClientAppActor pid=224931)[0m 
[36m(ClientAppActor pid=224931)[0m         
[36m(ClientAppActor pid=224934)[0m 
[36m(ClientAppActor pid=224934)[0m         
[36m(ClientAppActor pid=224931)[0m [Client 3] Training on NVIDIA GeForce RTX 3060[32m [repeated 3x across cluster][0m
[36m(ClientAppActor pid=224931)[0m 
[36m(ClientAppActor pid=224931)[0m         
[36m(ClientAppActor pid=224931)[0m [93mWARNING [0m:   DEPRECATED FEATURE: `client_fn` now expects a signature `def client_fn(context: Context)`.The provided `client_fn` has signature: {'cid': <Parameter "cid: str">}. You can import the `Context` like this: `from flwr.app import Context`[32m [repeated 13x across cluster][0m
[36m(ClientAppActor pid=224931)[0m             This is a deprecated feature. It will be removed[32m [repeated 13x across cluster][0m
[36m(ClientAppActor pid=224931)[0m             entirely in future versions of Flower.[32m [repeated 13x across cluster][0m
[36m(ClientAppActor pid=224934)[0m 
[36m(ClientAppActor pid=224934)[0m         
[36m(ClientAppActor pid=224931)[0m 
[36m(ClientAppActor pid=224931)[0m         
[36m(ClientAppActor pid=224931)[0m 
[36m(ClientAppActor pid=224931)[0m         
[36m(ClientAppActor pid=224931)[0m [Client 9] Training on NVIDIA GeForce RTX 3060[32m [repeated 4x across cluster][0m
[36m(ClientAppActor pid=224931)[0m 
[36m(ClientAppActor pid=224931)[0m         
[36m(ClientAppActor pid=224931)[0m [93mWARNING [0m:   DEPRECATED FEATURE: `client_fn` now expects a signature `def client_fn(context: Context)`.The provided `client_fn` has signature: {'cid': <Parameter "cid: str">}. You can import the `Context` like this: `from flwr.app import Context`[32m [repeated 4x across cluster][0m
[36m(ClientAppActor pid=224931)[0m             This is a deprecated feature. It will be removed[32m [repeated 4x across cluster][0m
[36m(ClientAppActor pid=224931)[0m             entirely in future versions of Flower.[32m [repeated 4x across cluster][0m
[36m(ClientAppActor pid=224934)[0m 
[36m(ClientAppActor pid=224934)[0m         
[36m(ClientAppActor pid=224931)[0m 
[36m(ClientAppActor pid=224931)[0m         
[36m(ClientAppActor pid=224931)[0m 
[36m(ClientAppActor pid=224931)[0m         
[92mINFO [0m:      aggregate_fit: received 10 results and 0 failures
INFO:flwr:aggregate_fit: received 10 results and 0 failures
[CascadeRouter] Round 47: 10 clients, 24578 parameters/client
[92mINFO [0m:      configure_evaluate: strategy sampled 10 clients (out of 10)
INFO:flwr:configure_evaluate: strategy sampled 10 clients (out of 10)
[36m(ClientAppActor pid=224934)[0m 
[36m(ClientAppActor pid=224934)[0m         
[36m(ClientAppActor pid=224931)[0m 
[36m(ClientAppActor pid=224931)[0m         
[36m(ClientAppActor pid=224931)[0m [93mWARNING [0m:   DEPRECATED FEATURE: `client_fn` now expects a signature `def client_fn(context: Context)`.The provided `client_fn` has signature: {'cid': <Parameter "cid: str">}. You can import the `Context` like this: `from flwr.app import Context`[32m [repeated 5x across cluster][0m
[36m(ClientAppActor pid=224931)[0m             This is a deprecated feature. It will be removed[32m [repeated 5x across cluster][0m
[36m(ClientAppActor pid=224931)[0m             entirely in future versions of Flower.[32m [repeated 5x across cluster][0m
[36m(ClientAppActor pid=224934)[0m 
[36m(ClientAppActor pid=224934)[0m         
[36m(ClientAppActor pid=224931)[0m 
[36m(ClientAppActor pid=224931)[0m         
[36m(ClientAppActor pid=224934)[0m 
[36m(ClientAppActor pid=224934)[0m         
[36m(ClientAppActor pid=224931)[0m 
[36m(ClientAppActor pid=224931)[0m         
[36m(ClientAppActor pid=224934)[0m 
[36m(ClientAppActor pid=224934)[0m         
[36m(ClientAppActor pid=224931)[0m 
[36m(ClientAppActor pid=224931)[0m         
[36m(ClientAppActor pid=224934)[0m 
[36m(ClientAppActor pid=224934)[0m         
[36m(ClientAppActor pid=224931)[0m 
[36m(ClientAppActor pid=224931)[0m         
[92mINFO [0m:      aggregate_evaluate: received 10 results and 0 failures
INFO:flwr:aggregate_evaluate: received 10 results and 0 failures
[92mINFO [0m:      
INFO:flwr:
[92mINFO [0m:      [ROUND 48]
INFO:flwr:[ROUND 48]
[92mINFO [0m:      configure_fit: strategy sampled 10 clients (out of 10)
INFO:flwr:configure_fit: strategy sampled 10 clients (out of 10)
[36m(ClientAppActor pid=224931)[0m [Client 7] Training on NVIDIA GeForce RTX 3060[32m [repeated 4x across cluster][0m
[36m(ClientAppActor pid=224931)[0m 
[36m(ClientAppActor pid=224931)[0m         
[36m(ClientAppActor pid=224934)[0m 
[36m(ClientAppActor pid=224934)[0m         
[36m(ClientAppActor pid=224931)[0m 
[36m(ClientAppActor pid=224931)[0m         
[36m(ClientAppActor pid=224934)[0m 
[36m(ClientAppActor pid=224934)[0m         
[36m(ClientAppActor pid=224934)[0m [Client 1] Training on NVIDIA GeForce RTX 3060[32m [repeated 4x across cluster][0m
[36m(ClientAppActor pid=224934)[0m 
[36m(ClientAppActor pid=224934)[0m         
[36m(ClientAppActor pid=224934)[0m [93mWARNING [0m:   DEPRECATED FEATURE: `client_fn` now expects a signature `def client_fn(context: Context)`.The provided `client_fn` has signature: {'cid': <Parameter "cid: str">}. You can import the `Context` like this: `from flwr.app import Context`[32m [repeated 13x across cluster][0m
[36m(ClientAppActor pid=224934)[0m             This is a deprecated feature. It will be removed[32m [repeated 13x across cluster][0m
[36m(ClientAppActor pid=224934)[0m             entirely in future versions of Flower.[32m [repeated 13x across cluster][0m
[36m(ClientAppActor pid=224931)[0m 
[36m(ClientAppActor pid=224931)[0m         
[36m(ClientAppActor pid=224931)[0m 
[36m(ClientAppActor pid=224931)[0m         
[36m(ClientAppActor pid=224931)[0m 
[36m(ClientAppActor pid=224931)[0m         
[36m(ClientAppActor pid=224934)[0m 
[36m(ClientAppActor pid=224934)[0m         
[36m(ClientAppActor pid=224934)[0m 
[36m(ClientAppActor pid=224934)[0m         
[92mINFO [0m:      aggregate_fit: received 10 results and 0 failures
INFO:flwr:aggregate_fit: received 10 results and 0 failures
[CascadeRouter] Round 48: 10 clients, 24578 parameters/client
[92mINFO [0m:      configure_evaluate: strategy sampled 10 clients (out of 10)
INFO:flwr:configure_evaluate: strategy sampled 10 clients (out of 10)
[36m(ClientAppActor pid=224934)[0m 
[36m(ClientAppActor pid=224934)[0m         
[36m(ClientAppActor pid=224934)[0m [93mWARNING [0m:   DEPRECATED FEATURE: `client_fn` now expects a signature `def client_fn(context: Context)`.The provided `client_fn` has signature: {'cid': <Parameter "cid: str">}. You can import the `Context` like this: `from flwr.app import Context`[32m [repeated 6x across cluster][0m
[36m(ClientAppActor pid=224934)[0m             This is a deprecated feature. It will be removed[32m [repeated 6x across cluster][0m
[36m(ClientAppActor pid=224934)[0m             entirely in future versions of Flower.[32m [repeated 6x across cluster][0m
[36m(ClientAppActor pid=224931)[0m 
[36m(ClientAppActor pid=224931)[0m         
[36m(ClientAppActor pid=224934)[0m 
[36m(ClientAppActor pid=224934)[0m         
[36m(ClientAppActor pid=224931)[0m 
[36m(ClientAppActor pid=224931)[0m         
[36m(ClientAppActor pid=224934)[0m 
[36m(ClientAppActor pid=224934)[0m         
[36m(ClientAppActor pid=224931)[0m 
[36m(ClientAppActor pid=224931)[0m         
[36m(ClientAppActor pid=224934)[0m 
[36m(ClientAppActor pid=224934)[0m         
[36m(ClientAppActor pid=224931)[0m 
[36m(ClientAppActor pid=224931)[0m         
[36m(ClientAppActor pid=224934)[0m 
[36m(ClientAppActor pid=224934)[0m         
[36m(ClientAppActor pid=224931)[0m 
[36m(ClientAppActor pid=224931)[0m         
[92mINFO [0m:      aggregate_evaluate: received 10 results and 0 failures
INFO:flwr:aggregate_evaluate: received 10 results and 0 failures
[92mINFO [0m:      
INFO:flwr:
[92mINFO [0m:      [ROUND 49]
INFO:flwr:[ROUND 49]
[92mINFO [0m:      configure_fit: strategy sampled 10 clients (out of 10)
INFO:flwr:configure_fit: strategy sampled 10 clients (out of 10)
[36m(ClientAppActor pid=224931)[0m [Client 8] Training on NVIDIA GeForce RTX 3060[32m [repeated 6x across cluster][0m
[36m(ClientAppActor pid=224931)[0m 
[36m(ClientAppActor pid=224931)[0m         
[36m(ClientAppActor pid=224934)[0m 
[36m(ClientAppActor pid=224934)[0m         
[36m(ClientAppActor pid=224934)[0m 
[36m(ClientAppActor pid=224934)[0m         
[36m(ClientAppActor pid=224931)[0m 
[36m(ClientAppActor pid=224931)[0m         
[36m(ClientAppActor pid=224934)[0m 
[36m(ClientAppActor pid=224934)[0m         
[36m(ClientAppActor pid=224934)[0m [93mWARNING [0m:   DEPRECATED FEATURE: `client_fn` now expects a signature `def client_fn(context: Context)`.The provided `client_fn` has signature: {'cid': <Parameter "cid: str">}. You can import the `Context` like this: `from flwr.app import Context`[32m [repeated 14x across cluster][0m
[36m(ClientAppActor pid=224934)[0m             This is a deprecated feature. It will be removed[32m [repeated 14x across cluster][0m
[36m(ClientAppActor pid=224934)[0m             entirely in future versions of Flower.[32m [repeated 14x across cluster][0m
[36m(ClientAppActor pid=224934)[0m [Client 9] Training on NVIDIA GeForce RTX 3060[32m [repeated 5x across cluster][0m
[36m(ClientAppActor pid=224934)[0m 
[36m(ClientAppActor pid=224934)[0m         
[36m(ClientAppActor pid=224934)[0m 
[36m(ClientAppActor pid=224934)[0m         
[36m(ClientAppActor pid=224934)[0m 
[36m(ClientAppActor pid=224934)[0m         
[36m(ClientAppActor pid=224934)[0m 
[36m(ClientAppActor pid=224934)[0m         
[36m(ClientAppActor pid=224934)[0m [93mWARNING [0m:   DEPRECATED FEATURE: `client_fn` now expects a signature `def client_fn(context: Context)`.The provided `client_fn` has signature: {'cid': <Parameter "cid: str">}. You can import the `Context` like this: `from flwr.app import Context`[32m [repeated 4x across cluster][0m
[36m(ClientAppActor pid=224934)[0m             This is a deprecated feature. It will be removed[32m [repeated 4x across cluster][0m
[36m(ClientAppActor pid=224934)[0m             entirely in future versions of Flower.[32m [repeated 4x across cluster][0m
[36m(ClientAppActor pid=224931)[0m 
[36m(ClientAppActor pid=224931)[0m         
[92mINFO [0m:      aggregate_fit: received 10 results and 0 failures
INFO:flwr:aggregate_fit: received 10 results and 0 failures
[CascadeRouter] Round 49: 10 clients, 24578 parameters/client
[92mINFO [0m:      configure_evaluate: strategy sampled 10 clients (out of 10)
INFO:flwr:configure_evaluate: strategy sampled 10 clients (out of 10)
[36m(ClientAppActor pid=224934)[0m 
[36m(ClientAppActor pid=224934)[0m         
[36m(ClientAppActor pid=224931)[0m 
[36m(ClientAppActor pid=224931)[0m         
[36m(ClientAppActor pid=224934)[0m 
[36m(ClientAppActor pid=224934)[0m         
[36m(ClientAppActor pid=224931)[0m 
[36m(ClientAppActor pid=224931)[0m         
[36m(ClientAppActor pid=224934)[0m 
[36m(ClientAppActor pid=224934)[0m         
[36m(ClientAppActor pid=224931)[0m 
[36m(ClientAppActor pid=224931)[0m         
[36m(ClientAppActor pid=224934)[0m 
[36m(ClientAppActor pid=224934)[0m         
[36m(ClientAppActor pid=224931)[0m 
[36m(ClientAppActor pid=224931)[0m         
[36m(ClientAppActor pid=224934)[0m 
[36m(ClientAppActor pid=224934)[0m         
[36m(ClientAppActor pid=224931)[0m 
[36m(ClientAppActor pid=224931)[0m         
[92mINFO [0m:      aggregate_evaluate: received 10 results and 0 failures
INFO:flwr:aggregate_evaluate: received 10 results and 0 failures
[92mINFO [0m:      
INFO:flwr:
[92mINFO [0m:      [ROUND 50]
INFO:flwr:[ROUND 50]
[92mINFO [0m:      configure_fit: strategy sampled 10 clients (out of 10)
INFO:flwr:configure_fit: strategy sampled 10 clients (out of 10)
[36m(ClientAppActor pid=224931)[0m [Client 0] Training on NVIDIA GeForce RTX 3060[32m [repeated 5x across cluster][0m
[36m(ClientAppActor pid=224931)[0m 
[36m(ClientAppActor pid=224931)[0m         
[36m(ClientAppActor pid=224934)[0m 
[36m(ClientAppActor pid=224934)[0m         
[36m(ClientAppActor pid=224931)[0m 
[36m(ClientAppActor pid=224931)[0m         
[36m(ClientAppActor pid=224931)[0m 
[36m(ClientAppActor pid=224931)[0m         
[36m(ClientAppActor pid=224934)[0m 
[36m(ClientAppActor pid=224934)[0m         
[36m(ClientAppActor pid=224934)[0m [93mWARNING [0m:   DEPRECATED FEATURE: `client_fn` now expects a signature `def client_fn(context: Context)`.The provided `client_fn` has signature: {'cid': <Parameter "cid: str">}. You can import the `Context` like this: `from flwr.app import Context`[32m [repeated 16x across cluster][0m
[36m(ClientAppActor pid=224934)[0m             This is a deprecated feature. It will be removed[32m [repeated 16x across cluster][0m
[36m(ClientAppActor pid=224934)[0m             entirely in future versions of Flower.[32m [repeated 16x across cluster][0m
[36m(ClientAppActor pid=224934)[0m 
[36m(ClientAppActor pid=224934)[0m         
[36m(ClientAppActor pid=224934)[0m [Client 6] Training on NVIDIA GeForce RTX 3060[32m [repeated 6x across cluster][0m
[36m(ClientAppActor pid=224934)[0m 
[36m(ClientAppActor pid=224934)[0m         
[36m(ClientAppActor pid=224931)[0m 
[36m(ClientAppActor pid=224931)[0m         
[36m(ClientAppActor pid=224934)[0m 
[36m(ClientAppActor pid=224934)[0m         
[36m(ClientAppActor pid=224934)[0m 
[36m(ClientAppActor pid=224934)[0m         
[36m(ClientAppActor pid=224934)[0m [93mWARNING [0m:   DEPRECATED FEATURE: `client_fn` now expects a signature `def client_fn(context: Context)`.The provided `client_fn` has signature: {'cid': <Parameter "cid: str">}. You can import the `Context` like this: `from flwr.app import Context`[32m [repeated 5x across cluster][0m
[36m(ClientAppActor pid=224934)[0m             This is a deprecated feature. It will be removed[32m [repeated 5x across cluster][0m
[36m(ClientAppActor pid=224934)[0m             entirely in future versions of Flower.[32m [repeated 5x across cluster][0m
[92mINFO [0m:      aggregate_fit: received 10 results and 0 failures
INFO:flwr:aggregate_fit: received 10 results and 0 failures
[CascadeRouter] Round 50: 10 clients, 24578 parameters/client
[92mINFO [0m:      configure_evaluate: strategy sampled 10 clients (out of 10)
INFO:flwr:configure_evaluate: strategy sampled 10 clients (out of 10)
[36m(ClientAppActor pid=224931)[0m 
[36m(ClientAppActor pid=224931)[0m         
[36m(ClientAppActor pid=224934)[0m 
[36m(ClientAppActor pid=224934)[0m         
[36m(ClientAppActor pid=224934)[0m 
[36m(ClientAppActor pid=224934)[0m         
[36m(ClientAppActor pid=224931)[0m 
[36m(ClientAppActor pid=224931)[0m         
[36m(ClientAppActor pid=224931)[0m 
[36m(ClientAppActor pid=224931)[0m         
[36m(ClientAppActor pid=224934)[0m 
[36m(ClientAppActor pid=224934)[0m         
[36m(ClientAppActor pid=224934)[0m 
[36m(ClientAppActor pid=224934)[0m         
[36m(ClientAppActor pid=224931)[0m 
[36m(ClientAppActor pid=224931)[0m         
[36m(ClientAppActor pid=224931)[0m 
[36m(ClientAppActor pid=224931)[0m         
[36m(ClientAppActor pid=224934)[0m 
[36m(ClientAppActor pid=224934)[0m         
[92mINFO [0m:      aggregate_evaluate: received 10 results and 0 failures
INFO:flwr:aggregate_evaluate: received 10 results and 0 failures
[92mINFO [0m:      
INFO:flwr:
[92mINFO [0m:      [SUMMARY]
INFO:flwr:[SUMMARY]
[92mINFO [0m:      Run finished 50 round(s) in 636.19s
INFO:flwr:Run finished 50 round(s) in 636.19s
[92mINFO [0m:      	History (loss, distributed):
INFO:flwr:	History (loss, distributed):
[92mINFO [0m:      		round 1: 0.22855310265223186
INFO:flwr:		round 1: 0.22855310265223186
[92mINFO [0m:      		round 2: 0.128880805238088
INFO:flwr:		round 2: 0.128880805238088
[92mINFO [0m:      		round 3: 0.1211640605688095
INFO:flwr:		round 3: 0.1211640605688095
[92mINFO [0m:      		round 4: 0.12092163439591726
INFO:flwr:		round 4: 0.12092163439591726
[92mINFO [0m:      		round 5: 0.12305297594070434
INFO:flwr:		round 5: 0.12305297594070434
[92mINFO [0m:      		round 6: 0.13125382837454477
INFO:flwr:		round 6: 0.13125382837454477
[92mINFO [0m:      		round 7: 0.1234451312859853
INFO:flwr:		round 7: 0.1234451312859853
[92mINFO [0m:      		round 8: 0.12581397470633188
INFO:flwr:		round 8: 0.12581397470633188
[92mINFO [0m:      		round 9: 0.13344518838723504
INFO:flwr:		round 9: 0.13344518838723504
[92mINFO [0m:      		round 10: 0.1359198715209961
INFO:flwr:		round 10: 0.1359198715209961
[92mINFO [0m:      		round 11: 0.13304977846940358
INFO:flwr:		round 11: 0.13304977846940358
[92mINFO [0m:      		round 12: 0.13131628922621408
INFO:flwr:		round 12: 0.13131628922621408
[92mINFO [0m:      		round 13: 0.132721017853419
INFO:flwr:		round 13: 0.132721017853419
[92mINFO [0m:      		round 14: 0.16183576504389444
INFO:flwr:		round 14: 0.16183576504389444
[92mINFO [0m:      		round 15: 0.16915598825613656
INFO:flwr:		round 15: 0.16915598825613656
[92mINFO [0m:      		round 16: 0.13449224691390987
INFO:flwr:		round 16: 0.13449224691390987
[92mINFO [0m:      		round 17: 0.13213823046684262
INFO:flwr:		round 17: 0.13213823046684262
[92mINFO [0m:      		round 18: 0.13385938343207038
INFO:flwr:		round 18: 0.13385938343207038
[92mINFO [0m:      		round 19: 0.13553665167490642
INFO:flwr:		round 19: 0.13553665167490642
[92mINFO [0m:      		round 20: 0.13245006653467814
INFO:flwr:		round 20: 0.13245006653467814
[92mINFO [0m:      		round 21: 0.13384341282049814
INFO:flwr:		round 21: 0.13384341282049814
[92mINFO [0m:      		round 22: 0.13417595831553142
INFO:flwr:		round 22: 0.13417595831553142
[92mINFO [0m:      		round 23: 0.14227845771312714
INFO:flwr:		round 23: 0.14227845771312714
[92mINFO [0m:      		round 24: 0.1360793127298355
INFO:flwr:		round 24: 0.1360793127298355
[92mINFO [0m:      		round 25: 0.1324404393831889
INFO:flwr:		round 25: 0.1324404393831889
[92mINFO [0m:      		round 26: 0.1299923413594564
INFO:flwr:		round 26: 0.1299923413594564
[92mINFO [0m:      		round 27: 0.13379768169720968
INFO:flwr:		round 27: 0.13379768169720968
[92mINFO [0m:      		round 28: 0.13602596384684248
INFO:flwr:		round 28: 0.13602596384684248
[92mINFO [0m:      		round 29: 0.13286457278728486
INFO:flwr:		round 29: 0.13286457278728486
[92mINFO [0m:      		round 30: 0.13708376950422924
INFO:flwr:		round 30: 0.13708376950422924
[92mINFO [0m:      		round 31: 0.1341129450003306
INFO:flwr:		round 31: 0.1341129450003306
[92mINFO [0m:      		round 32: 0.1377704708814621
INFO:flwr:		round 32: 0.1377704708814621
[92mINFO [0m:      		round 33: 0.1394699399550756
INFO:flwr:		round 33: 0.1394699399550756
[92mINFO [0m:      		round 34: 0.1372200446844101
INFO:flwr:		round 34: 0.1372200446844101
[92mINFO [0m:      		round 35: 0.1385015029668808
INFO:flwr:		round 35: 0.1385015029668808
[92mINFO [0m:      		round 36: 0.141595241133372
INFO:flwr:		round 36: 0.141595241133372
[92mINFO [0m:      		round 37: 0.13787615559101105
INFO:flwr:		round 37: 0.13787615559101105
[92mINFO [0m:      		round 38: 0.13027306444644932
INFO:flwr:		round 38: 0.13027306444644932
[92mINFO [0m:      		round 39: 0.13883481389681498
INFO:flwr:		round 39: 0.13883481389681498
[92mINFO [0m:      		round 40: 0.137823499751091
INFO:flwr:		round 40: 0.137823499751091
[92mINFO [0m:      		round 41: 0.14070135502815245
INFO:flwr:		round 41: 0.14070135502815245
[92mINFO [0m:      		round 42: 0.13868640719254813
INFO:flwr:		round 42: 0.13868640719254813
[92mINFO [0m:      		round 43: 0.1438380002419154
INFO:flwr:		round 43: 0.1438380002419154
[92mINFO [0m:      		round 44: 0.13757970093886057
INFO:flwr:		round 44: 0.13757970093886057
[92mINFO [0m:      		round 45: 0.13915395027001698
INFO:flwr:		round 45: 0.13915395027001698
[92mINFO [0m:      		round 46: 0.13737531758944194
INFO:flwr:		round 46: 0.13737531758944194
[92mINFO [0m:      		round 47: 0.13710651087760925
INFO:flwr:		round 47: 0.13710651087760925
[92mINFO [0m:      		round 48: 0.13702696007092793
INFO:flwr:		round 48: 0.13702696007092793
[92mINFO [0m:      		round 49: 0.13573966445922853
INFO:flwr:		round 49: 0.13573966445922853
[92mINFO [0m:      		round 50: 0.14166640451749166
INFO:flwr:		round 50: 0.14166640451749166
[92mINFO [0m:      	History (metrics, distributed, fit):
INFO:flwr:	History (metrics, distributed, fit):
[92mINFO [0m:      	{'layer1_reject_rate_at_threshold': [(1, 0.0),
INFO:flwr:	{'layer1_reject_rate_at_threshold': [(1, 0.0),
[92mINFO [0m:      	                                     (2, 0.0),
INFO:flwr:	                                     (2, 0.0),
[92mINFO [0m:      	                                     (3, 0.0),
INFO:flwr:	                                     (3, 0.0),
[92mINFO [0m:      	                                     (4, 0.0),
INFO:flwr:	                                     (4, 0.0),
[92mINFO [0m:      	                                     (5, 0.0),
INFO:flwr:	                                     (5, 0.0),
[92mINFO [0m:      	                                     (6, 0.0),
INFO:flwr:	                                     (6, 0.0),
[92mINFO [0m:      	                                     (7, 0.0),
INFO:flwr:	                                     (7, 0.0),
[92mINFO [0m:      	                                     (8, 0.0),
INFO:flwr:	                                     (8, 0.0),
[92mINFO [0m:      	                                     (9, 0.0),
INFO:flwr:	                                     (9, 0.0),
[92mINFO [0m:      	                                     (10, 0.0),
INFO:flwr:	                                     (10, 0.0),
[92mINFO [0m:      	                                     (11, 0.0),
INFO:flwr:	                                     (11, 0.0),
[92mINFO [0m:      	                                     (12, 0.0),
INFO:flwr:	                                     (12, 0.0),
[92mINFO [0m:      	                                     (13, 0.0),
INFO:flwr:	                                     (13, 0.0),
[92mINFO [0m:      	                                     (14, 0.0),
INFO:flwr:	                                     (14, 0.0),
[92mINFO [0m:      	                                     (15, 0.0),
INFO:flwr:	                                     (15, 0.0),
[92mINFO [0m:      	                                     (16, 0.0),
INFO:flwr:	                                     (16, 0.0),
[92mINFO [0m:      	                                     (17, 0.0),
INFO:flwr:	                                     (17, 0.0),
[92mINFO [0m:      	                                     (18, 0.0),
INFO:flwr:	                                     (18, 0.0),
[92mINFO [0m:      	                                     (19, 0.0),
INFO:flwr:	                                     (19, 0.0),
[92mINFO [0m:      	                                     (20, 0.0),
INFO:flwr:	                                     (20, 0.0),
[92mINFO [0m:      	                                     (21, 0.0),
INFO:flwr:	                                     (21, 0.0),
[92mINFO [0m:      	                                     (22, 0.0),
INFO:flwr:	                                     (22, 0.0),
[92mINFO [0m:      	                                     (23, 0.0),
INFO:flwr:	                                     (23, 0.0),
[92mINFO [0m:      	                                     (24, 0.0),
INFO:flwr:	                                     (24, 0.0),
[92mINFO [0m:      	                                     (25, 0.0),
INFO:flwr:	                                     (25, 0.0),
[92mINFO [0m:      	                                     (26, 0.0),
INFO:flwr:	                                     (26, 0.0),
[92mINFO [0m:      	                                     (27, 0.0),
INFO:flwr:	                                     (27, 0.0),
[92mINFO [0m:      	                                     (28, 0.0),
INFO:flwr:	                                     (28, 0.0),
[92mINFO [0m:      	                                     (29, 0.0),
INFO:flwr:	                                     (29, 0.0),
[92mINFO [0m:      	                                     (30, 0.0),
INFO:flwr:	                                     (30, 0.0),
[92mINFO [0m:      	                                     (31, 0.0),
INFO:flwr:	                                     (31, 0.0),
[92mINFO [0m:      	                                     (32, 0.0),
INFO:flwr:	                                     (32, 0.0),
[92mINFO [0m:      	                                     (33, 0.0),
INFO:flwr:	                                     (33, 0.0),
[92mINFO [0m:      	                                     (34, 0.0),
INFO:flwr:	                                     (34, 0.0),
[92mINFO [0m:      	                                     (35, 0.0),
INFO:flwr:	                                     (35, 0.0),
[92mINFO [0m:      	                                     (36, 0.0),
INFO:flwr:	                                     (36, 0.0),
[92mINFO [0m:      	                                     (37, 0.0),
INFO:flwr:	                                     (37, 0.0),
[92mINFO [0m:      	                                     (38, 0.0),
INFO:flwr:	                                     (38, 0.0),
[92mINFO [0m:      	                                     (39, 0.0),
INFO:flwr:	                                     (39, 0.0),
[92mINFO [0m:      	                                     (40, 0.0),
INFO:flwr:	                                     (40, 0.0),
[92mINFO [0m:      	                                     (41, 0.0),
INFO:flwr:	                                     (41, 0.0),
[92mINFO [0m:      	                                     (42, 0.0),
INFO:flwr:	                                     (42, 0.0),
[92mINFO [0m:      	                                     (43, 0.0),
INFO:flwr:	                                     (43, 0.0),
[92mINFO [0m:      	                                     (44, 0.0),
INFO:flwr:	                                     (44, 0.0),
[92mINFO [0m:      	                                     (45, 0.0),
INFO:flwr:	                                     (45, 0.0),
[92mINFO [0m:      	                                     (46, 0.0),
INFO:flwr:	                                     (46, 0.0),
[92mINFO [0m:      	                                     (47, 0.0),
INFO:flwr:	                                     (47, 0.0),
[92mINFO [0m:      	                                     (48, 0.0),
INFO:flwr:	                                     (48, 0.0),
[92mINFO [0m:      	                                     (49, 0.0),
INFO:flwr:	                                     (49, 0.0),
[92mINFO [0m:      	                                     (50, 0.0)],
INFO:flwr:	                                     (50, 0.0)],
[92mINFO [0m:      	 'layer1_reject_rate_raw': [(1, 0.0),
INFO:flwr:	 'layer1_reject_rate_raw': [(1, 0.0),
[92mINFO [0m:      	                            (2, 0.0),
INFO:flwr:	                            (2, 0.0),
[92mINFO [0m:      	                            (3, 0.0),
INFO:flwr:	                            (3, 0.0),
[92mINFO [0m:      	                            (4, 0.0),
INFO:flwr:	                            (4, 0.0),
[92mINFO [0m:      	                            (5, 0.0),
INFO:flwr:	                            (5, 0.0),
[92mINFO [0m:      	                            (6, 0.0),
INFO:flwr:	                            (6, 0.0),
[92mINFO [0m:      	                            (7, 0.0),
INFO:flwr:	                            (7, 0.0),
[92mINFO [0m:      	                            (8, 0.0),
INFO:flwr:	                            (8, 0.0),
[92mINFO [0m:      	                            (9, 0.0),
INFO:flwr:	                            (9, 0.0),
[92mINFO [0m:      	                            (10, 0.0),
INFO:flwr:	                            (10, 0.0),
[92mINFO [0m:      	                            (11, 0.0),
INFO:flwr:	                            (11, 0.0),
[92mINFO [0m:      	                            (12, 0.0),
INFO:flwr:	                            (12, 0.0),
[92mINFO [0m:      	                            (13, 0.0),
INFO:flwr:	                            (13, 0.0),
[92mINFO [0m:      	                            (14, 0.0),
INFO:flwr:	                            (14, 0.0),
[92mINFO [0m:      	                            (15, 0.0),
INFO:flwr:	                            (15, 0.0),
[92mINFO [0m:      	                            (16, 0.0),
INFO:flwr:	                            (16, 0.0),
[92mINFO [0m:      	                            (17, 0.0),
INFO:flwr:	                            (17, 0.0),
[92mINFO [0m:      	                            (18, 0.0),
INFO:flwr:	                            (18, 0.0),
[92mINFO [0m:      	                            (19, 0.0),
INFO:flwr:	                            (19, 0.0),
[92mINFO [0m:      	                            (20, 0.0),
INFO:flwr:	                            (20, 0.0),
[92mINFO [0m:      	                            (21, 0.0),
INFO:flwr:	                            (21, 0.0),
[92mINFO [0m:      	                            (22, 0.0),
INFO:flwr:	                            (22, 0.0),
[92mINFO [0m:      	                            (23, 0.0),
INFO:flwr:	                            (23, 0.0),
[92mINFO [0m:      	                            (24, 0.0),
INFO:flwr:	                            (24, 0.0),
[92mINFO [0m:      	                            (25, 0.0),
INFO:flwr:	                            (25, 0.0),
[92mINFO [0m:      	                            (26, 0.0),
INFO:flwr:	                            (26, 0.0),
[92mINFO [0m:      	                            (27, 0.0),
INFO:flwr:	                            (27, 0.0),
[92mINFO [0m:      	                            (28, 0.0),
INFO:flwr:	                            (28, 0.0),
[92mINFO [0m:      	                            (29, 0.0),
INFO:flwr:	                            (29, 0.0),
[92mINFO [0m:      	                            (30, 0.0),
INFO:flwr:	                            (30, 0.0),
[92mINFO [0m:      	                            (31, 0.0),
INFO:flwr:	                            (31, 0.0),
[92mINFO [0m:      	                            (32, 0.0),
INFO:flwr:	                            (32, 0.0),
[92mINFO [0m:      	                            (33, 0.0),
INFO:flwr:	                            (33, 0.0),
[92mINFO [0m:      	                            (34, 0.0),
INFO:flwr:	                            (34, 0.0),
[92mINFO [0m:      	                            (35, 0.0),
INFO:flwr:	                            (35, 0.0),
[92mINFO [0m:      	                            (36, 0.0),
INFO:flwr:	                            (36, 0.0),
[92mINFO [0m:      	                            (37, 0.0),
INFO:flwr:	                            (37, 0.0),
[92mINFO [0m:      	                            (38, 0.0),
INFO:flwr:	                            (38, 0.0),
[92mINFO [0m:      	                            (39, 0.0),
INFO:flwr:	                            (39, 0.0),
[92mINFO [0m:      	                            (40, 0.0),
INFO:flwr:	                            (40, 0.0),
[92mINFO [0m:      	                            (41, 0.0),
INFO:flwr:	                            (41, 0.0),
[92mINFO [0m:      	                            (42, 0.0),
INFO:flwr:	                            (42, 0.0),
[92mINFO [0m:      	                            (43, 0.0),
INFO:flwr:	                            (43, 0.0),
[92mINFO [0m:      	                            (44, 0.0),
INFO:flwr:	                            (44, 0.0),
[92mINFO [0m:      	                            (45, 0.0),
INFO:flwr:	                            (45, 0.0),
[92mINFO [0m:      	                            (46, 0.0),
INFO:flwr:	                            (46, 0.0),
[92mINFO [0m:      	                            (47, 0.0),
INFO:flwr:	                            (47, 0.0),
[92mINFO [0m:      	                            (48, 0.0),
INFO:flwr:	                            (48, 0.0),
[92mINFO [0m:      	                            (49, 0.0),
INFO:flwr:	                            (49, 0.0),
[92mINFO [0m:      	                            (50, 0.0)],
INFO:flwr:	                            (50, 0.0)],
[92mINFO [0m:      	 'layer1_threshold': [(1, 0.5),
INFO:flwr:	 'layer1_threshold': [(1, 0.5),
[92mINFO [0m:      	                      (2, 0.5),
INFO:flwr:	                      (2, 0.5),
[92mINFO [0m:      	                      (3, 0.5),
INFO:flwr:	                      (3, 0.5),
[92mINFO [0m:      	                      (4, 0.5),
INFO:flwr:	                      (4, 0.5),
[92mINFO [0m:      	                      (5, 0.5),
INFO:flwr:	                      (5, 0.5),
[92mINFO [0m:      	                      (6, 0.5),
INFO:flwr:	                      (6, 0.5),
[92mINFO [0m:      	                      (7, 0.5),
INFO:flwr:	                      (7, 0.5),
[92mINFO [0m:      	                      (8, 0.5),
INFO:flwr:	                      (8, 0.5),
[92mINFO [0m:      	                      (9, 0.5),
INFO:flwr:	                      (9, 0.5),
[92mINFO [0m:      	                      (10, 0.5),
INFO:flwr:	                      (10, 0.5),
[92mINFO [0m:      	                      (11, 0.5),
INFO:flwr:	                      (11, 0.5),
[92mINFO [0m:      	                      (12, 0.5),
INFO:flwr:	                      (12, 0.5),
[92mINFO [0m:      	                      (13, 0.5),
INFO:flwr:	                      (13, 0.5),
[92mINFO [0m:      	                      (14, 0.5),
INFO:flwr:	                      (14, 0.5),
[92mINFO [0m:      	                      (15, 0.5),
INFO:flwr:	                      (15, 0.5),
[92mINFO [0m:      	                      (16, 0.5),
INFO:flwr:	                      (16, 0.5),
[92mINFO [0m:      	                      (17, 0.5),
INFO:flwr:	                      (17, 0.5),
[92mINFO [0m:      	                      (18, 0.5),
INFO:flwr:	                      (18, 0.5),
[92mINFO [0m:      	                      (19, 0.5),
INFO:flwr:	                      (19, 0.5),
[92mINFO [0m:      	                      (20, 0.5),
INFO:flwr:	                      (20, 0.5),
[92mINFO [0m:      	                      (21, 0.5),
INFO:flwr:	                      (21, 0.5),
[92mINFO [0m:      	                      (22, 0.5),
INFO:flwr:	                      (22, 0.5),
[92mINFO [0m:      	                      (23, 0.5),
INFO:flwr:	                      (23, 0.5),
[92mINFO [0m:      	                      (24, 0.5),
INFO:flwr:	                      (24, 0.5),
[92mINFO [0m:      	                      (25, 0.5),
INFO:flwr:	                      (25, 0.5),
[92mINFO [0m:      	                      (26, 0.5),
INFO:flwr:	                      (26, 0.5),
[92mINFO [0m:      	                      (27, 0.5),
INFO:flwr:	                      (27, 0.5),
[92mINFO [0m:      	                      (28, 0.5),
INFO:flwr:	                      (28, 0.5),
[92mINFO [0m:      	                      (29, 0.5),
INFO:flwr:	                      (29, 0.5),
[92mINFO [0m:      	                      (30, 0.5),
INFO:flwr:	                      (30, 0.5),
[92mINFO [0m:      	                      (31, 0.5),
INFO:flwr:	                      (31, 0.5),
[92mINFO [0m:      	                      (32, 0.5),
INFO:flwr:	                      (32, 0.5),
[92mINFO [0m:      	                      (33, 0.5),
INFO:flwr:	                      (33, 0.5),
[92mINFO [0m:      	                      (34, 0.5),
INFO:flwr:	                      (34, 0.5),
[92mINFO [0m:      	                      (35, 0.5),
INFO:flwr:	                      (35, 0.5),
[92mINFO [0m:      	                      (36, 0.5),
INFO:flwr:	                      (36, 0.5),
[92mINFO [0m:      	                      (37, 0.5),
INFO:flwr:	                      (37, 0.5),
[92mINFO [0m:      	                      (38, 0.5),
INFO:flwr:	                      (38, 0.5),
[92mINFO [0m:      	                      (39, 0.5),
INFO:flwr:	                      (39, 0.5),
[92mINFO [0m:      	                      (40, 0.5),
INFO:flwr:	                      (40, 0.5),
[92mINFO [0m:      	                      (41, 0.5),
INFO:flwr:	                      (41, 0.5),
[92mINFO [0m:      	                      (42, 0.5),
INFO:flwr:	                      (42, 0.5),
[92mINFO [0m:      	                      (43, 0.5),
INFO:flwr:	                      (43, 0.5),
[92mINFO [0m:      	                      (44, 0.5),
INFO:flwr:	                      (44, 0.5),
[92mINFO [0m:      	                      (45, 0.5),
INFO:flwr:	                      (45, 0.5),
[92mINFO [0m:      	                      (46, 0.5),
INFO:flwr:	                      (46, 0.5),
[92mINFO [0m:      	                      (47, 0.5),
INFO:flwr:	                      (47, 0.5),
[92mINFO [0m:      	                      (48, 0.5),
INFO:flwr:	                      (48, 0.5),
[92mINFO [0m:      	                      (49, 0.5),
INFO:flwr:	                      (49, 0.5),
[92mINFO [0m:      	                      (50, 0.5)],
INFO:flwr:	                      (50, 0.5)],
[92mINFO [0m:      	 'layer2_reject_rate_at_threshold': [(1, 0.30000001192092896),
INFO:flwr:	 'layer2_reject_rate_at_threshold': [(1, 0.30000001192092896),
[92mINFO [0m:      	                                     (2, 0.30000001192092896),
INFO:flwr:	                                     (2, 0.30000001192092896),
[92mINFO [0m:      	                                     (3, 0.30000001192092896),
INFO:flwr:	                                     (3, 0.30000001192092896),
[92mINFO [0m:      	                                     (4, 0.30000001192092896),
INFO:flwr:	                                     (4, 0.30000001192092896),
[92mINFO [0m:      	                                     (5, 0.30000001192092896),
INFO:flwr:	                                     (5, 0.30000001192092896),
[92mINFO [0m:      	                                     (6, 0.30000001192092896),
INFO:flwr:	                                     (6, 0.30000001192092896),
[92mINFO [0m:      	                                     (7, 0.30000001192092896),
INFO:flwr:	                                     (7, 0.30000001192092896),
[92mINFO [0m:      	                                     (8, 0.30000001192092896),
INFO:flwr:	                                     (8, 0.30000001192092896),
[92mINFO [0m:      	                                     (9, 0.30000001192092896),
INFO:flwr:	                                     (9, 0.30000001192092896),
[92mINFO [0m:      	                                     (10, 0.30000001192092896),
INFO:flwr:	                                     (10, 0.30000001192092896),
[92mINFO [0m:      	                                     (11, 0.30000001192092896),
INFO:flwr:	                                     (11, 0.30000001192092896),
[92mINFO [0m:      	                                     (12, 0.30000001192092896),
INFO:flwr:	                                     (12, 0.30000001192092896),
[92mINFO [0m:      	                                     (13, 0.4000000059604645),
INFO:flwr:	                                     (13, 0.4000000059604645),
[92mINFO [0m:      	                                     (14, 0.5),
INFO:flwr:	                                     (14, 0.5),
[92mINFO [0m:      	                                     (15, 0.5),
INFO:flwr:	                                     (15, 0.5),
[92mINFO [0m:      	                                     (16, 0.30000001192092896),
INFO:flwr:	                                     (16, 0.30000001192092896),
[92mINFO [0m:      	                                     (17, 0.30000001192092896),
INFO:flwr:	                                     (17, 0.30000001192092896),
[92mINFO [0m:      	                                     (18, 0.4000000059604645),
INFO:flwr:	                                     (18, 0.4000000059604645),
[92mINFO [0m:      	                                     (19, 0.4000000059604645),
INFO:flwr:	                                     (19, 0.4000000059604645),
[92mINFO [0m:      	                                     (20, 0.30000001192092896),
INFO:flwr:	                                     (20, 0.30000001192092896),
[92mINFO [0m:      	                                     (21, 0.30000001192092896),
INFO:flwr:	                                     (21, 0.30000001192092896),
[92mINFO [0m:      	                                     (22, 0.4000000059604645),
INFO:flwr:	                                     (22, 0.4000000059604645),
[92mINFO [0m:      	                                     (23, 0.30000001192092896),
INFO:flwr:	                                     (23, 0.30000001192092896),
[92mINFO [0m:      	                                     (24, 0.30000001192092896),
INFO:flwr:	                                     (24, 0.30000001192092896),
[92mINFO [0m:      	                                     (25, 0.30000001192092896),
INFO:flwr:	                                     (25, 0.30000001192092896),
[92mINFO [0m:      	                                     (26, 0.30000001192092896),
INFO:flwr:	                                     (26, 0.30000001192092896),
[92mINFO [0m:      	                                     (27, 0.30000001192092896),
INFO:flwr:	                                     (27, 0.30000001192092896),
[92mINFO [0m:      	                                     (28, 0.30000001192092896),
INFO:flwr:	                                     (28, 0.30000001192092896),
[92mINFO [0m:      	                                     (29, 0.30000001192092896),
INFO:flwr:	                                     (29, 0.30000001192092896),
[92mINFO [0m:      	                                     (30, 0.30000001192092896),
INFO:flwr:	                                     (30, 0.30000001192092896),
[92mINFO [0m:      	                                     (31, 0.4000000059604645),
INFO:flwr:	                                     (31, 0.4000000059604645),
[92mINFO [0m:      	                                     (32, 0.30000001192092896),
INFO:flwr:	                                     (32, 0.30000001192092896),
[92mINFO [0m:      	                                     (33, 0.4000000059604645),
INFO:flwr:	                                     (33, 0.4000000059604645),
[92mINFO [0m:      	                                     (34, 0.4000000059604645),
INFO:flwr:	                                     (34, 0.4000000059604645),
[92mINFO [0m:      	                                     (35, 0.4000000059604645),
INFO:flwr:	                                     (35, 0.4000000059604645),
[92mINFO [0m:      	                                     (36, 0.4000000059604645),
INFO:flwr:	                                     (36, 0.4000000059604645),
[92mINFO [0m:      	                                     (37, 0.4000000059604645),
INFO:flwr:	                                     (37, 0.4000000059604645),
[92mINFO [0m:      	                                     (38, 0.4000000059604645),
INFO:flwr:	                                     (38, 0.4000000059604645),
[92mINFO [0m:      	                                     (39, 0.30000001192092896),
INFO:flwr:	                                     (39, 0.30000001192092896),
[92mINFO [0m:      	                                     (40, 0.4000000059604645),
INFO:flwr:	                                     (40, 0.4000000059604645),
[92mINFO [0m:      	                                     (41, 0.30000001192092896),
INFO:flwr:	                                     (41, 0.30000001192092896),
[92mINFO [0m:      	                                     (42, 0.4000000059604645),
INFO:flwr:	                                     (42, 0.4000000059604645),
[92mINFO [0m:      	                                     (43, 0.4000000059604645),
INFO:flwr:	                                     (43, 0.4000000059604645),
[92mINFO [0m:      	                                     (44, 0.4000000059604645),
INFO:flwr:	                                     (44, 0.4000000059604645),
[92mINFO [0m:      	                                     (45, 0.4000000059604645),
INFO:flwr:	                                     (45, 0.4000000059604645),
[92mINFO [0m:      	                                     (46, 0.4000000059604645),
INFO:flwr:	                                     (46, 0.4000000059604645),
[92mINFO [0m:      	                                     (47, 0.30000001192092896),
INFO:flwr:	                                     (47, 0.30000001192092896),
[92mINFO [0m:      	                                     (48, 0.4000000059604645),
INFO:flwr:	                                     (48, 0.4000000059604645),
[92mINFO [0m:      	                                     (49, 0.4000000059604645),
INFO:flwr:	                                     (49, 0.4000000059604645),
[92mINFO [0m:      	                                     (50, 0.30000001192092896)],
INFO:flwr:	                                     (50, 0.30000001192092896)],
[92mINFO [0m:      	 'layer2_reject_rate_raw': [(1, 0.30000001192092896),
INFO:flwr:	 'layer2_reject_rate_raw': [(1, 0.30000001192092896),
[92mINFO [0m:      	                            (2, 0.30000001192092896),
INFO:flwr:	                            (2, 0.30000001192092896),
[92mINFO [0m:      	                            (3, 0.30000001192092896),
INFO:flwr:	                            (3, 0.30000001192092896),
[92mINFO [0m:      	                            (4, 0.30000001192092896),
INFO:flwr:	                            (4, 0.30000001192092896),
[92mINFO [0m:      	                            (5, 0.30000001192092896),
INFO:flwr:	                            (5, 0.30000001192092896),
[92mINFO [0m:      	                            (6, 0.30000001192092896),
INFO:flwr:	                            (6, 0.30000001192092896),
[92mINFO [0m:      	                            (7, 0.30000001192092896),
INFO:flwr:	                            (7, 0.30000001192092896),
[92mINFO [0m:      	                            (8, 0.30000001192092896),
INFO:flwr:	                            (8, 0.30000001192092896),
[92mINFO [0m:      	                            (9, 0.30000001192092896),
INFO:flwr:	                            (9, 0.30000001192092896),
[92mINFO [0m:      	                            (10, 0.30000001192092896),
INFO:flwr:	                            (10, 0.30000001192092896),
[92mINFO [0m:      	                            (11, 0.30000001192092896),
INFO:flwr:	                            (11, 0.30000001192092896),
[92mINFO [0m:      	                            (12, 0.30000001192092896),
INFO:flwr:	                            (12, 0.30000001192092896),
[92mINFO [0m:      	                            (13, 0.4000000059604645),
INFO:flwr:	                            (13, 0.4000000059604645),
[92mINFO [0m:      	                            (14, 0.30000001192092896),
INFO:flwr:	                            (14, 0.30000001192092896),
[92mINFO [0m:      	                            (15, 0.5),
INFO:flwr:	                            (15, 0.5),
[92mINFO [0m:      	                            (16, 0.30000001192092896),
INFO:flwr:	                            (16, 0.30000001192092896),
[92mINFO [0m:      	                            (17, 0.30000001192092896),
INFO:flwr:	                            (17, 0.30000001192092896),
[92mINFO [0m:      	                            (18, 0.30000001192092896),
INFO:flwr:	                            (18, 0.30000001192092896),
[92mINFO [0m:      	                            (19, 0.4000000059604645),
INFO:flwr:	                            (19, 0.4000000059604645),
[92mINFO [0m:      	                            (20, 0.30000001192092896),
INFO:flwr:	                            (20, 0.30000001192092896),
[92mINFO [0m:      	                            (21, 0.30000001192092896),
INFO:flwr:	                            (21, 0.30000001192092896),
[92mINFO [0m:      	                            (22, 0.30000001192092896),
INFO:flwr:	                            (22, 0.30000001192092896),
[92mINFO [0m:      	                            (23, 0.30000001192092896),
INFO:flwr:	                            (23, 0.30000001192092896),
[92mINFO [0m:      	                            (24, 0.30000001192092896),
INFO:flwr:	                            (24, 0.30000001192092896),
[92mINFO [0m:      	                            (25, 0.30000001192092896),
INFO:flwr:	                            (25, 0.30000001192092896),
[92mINFO [0m:      	                            (26, 0.30000001192092896),
INFO:flwr:	                            (26, 0.30000001192092896),
[92mINFO [0m:      	                            (27, 0.30000001192092896),
INFO:flwr:	                            (27, 0.30000001192092896),
[92mINFO [0m:      	                            (28, 0.30000001192092896),
INFO:flwr:	                            (28, 0.30000001192092896),
[92mINFO [0m:      	                            (29, 0.30000001192092896),
INFO:flwr:	                            (29, 0.30000001192092896),
[92mINFO [0m:      	                            (30, 0.30000001192092896),
INFO:flwr:	                            (30, 0.30000001192092896),
[92mINFO [0m:      	                            (31, 0.30000001192092896),
INFO:flwr:	                            (31, 0.30000001192092896),
[92mINFO [0m:      	                            (32, 0.30000001192092896),
INFO:flwr:	                            (32, 0.30000001192092896),
[92mINFO [0m:      	                            (33, 0.4000000059604645),
INFO:flwr:	                            (33, 0.4000000059604645),
[92mINFO [0m:      	                            (34, 0.30000001192092896),
INFO:flwr:	                            (34, 0.30000001192092896),
[92mINFO [0m:      	                            (35, 0.30000001192092896),
INFO:flwr:	                            (35, 0.30000001192092896),
[92mINFO [0m:      	                            (36, 0.30000001192092896),
INFO:flwr:	                            (36, 0.30000001192092896),
[92mINFO [0m:      	                            (37, 0.30000001192092896),
INFO:flwr:	                            (37, 0.30000001192092896),
[92mINFO [0m:      	                            (38, 0.30000001192092896),
INFO:flwr:	                            (38, 0.30000001192092896),
[92mINFO [0m:      	                            (39, 0.30000001192092896),
INFO:flwr:	                            (39, 0.30000001192092896),
[92mINFO [0m:      	                            (40, 0.4000000059604645),
INFO:flwr:	                            (40, 0.4000000059604645),
[92mINFO [0m:      	                            (41, 0.30000001192092896),
INFO:flwr:	                            (41, 0.30000001192092896),
[92mINFO [0m:      	                            (42, 0.30000001192092896),
INFO:flwr:	                            (42, 0.30000001192092896),
[92mINFO [0m:      	                            (43, 0.30000001192092896),
INFO:flwr:	                            (43, 0.30000001192092896),
[92mINFO [0m:      	                            (44, 0.30000001192092896),
INFO:flwr:	                            (44, 0.30000001192092896),
[92mINFO [0m:      	                            (45, 0.4000000059604645),
INFO:flwr:	                            (45, 0.4000000059604645),
[92mINFO [0m:      	                            (46, 0.30000001192092896),
INFO:flwr:	                            (46, 0.30000001192092896),
[92mINFO [0m:      	                            (47, 0.30000001192092896),
INFO:flwr:	                            (47, 0.30000001192092896),
[92mINFO [0m:      	                            (48, 0.30000001192092896),
INFO:flwr:	                            (48, 0.30000001192092896),
[92mINFO [0m:      	                            (49, 0.4000000059604645),
INFO:flwr:	                            (49, 0.4000000059604645),
[92mINFO [0m:      	                            (50, 0.30000001192092896)],
INFO:flwr:	                            (50, 0.30000001192092896)],
[92mINFO [0m:      	 'layer2_threshold': [(1, 0.5),
INFO:flwr:	 'layer2_threshold': [(1, 0.5),
[92mINFO [0m:      	                      (2, 0.5),
INFO:flwr:	                      (2, 0.5),
[92mINFO [0m:      	                      (3, 0.5),
INFO:flwr:	                      (3, 0.5),
[92mINFO [0m:      	                      (4, 0.55),
INFO:flwr:	                      (4, 0.55),
[92mINFO [0m:      	                      (5, 0.6000000000000001),
INFO:flwr:	                      (5, 0.6000000000000001),
[92mINFO [0m:      	                      (6, 0.6500000000000001),
INFO:flwr:	                      (6, 0.6500000000000001),
[92mINFO [0m:      	                      (7, 0.7000000000000002),
INFO:flwr:	                      (7, 0.7000000000000002),
[92mINFO [0m:      	                      (8, 0.7500000000000002),
INFO:flwr:	                      (8, 0.7500000000000002),
[92mINFO [0m:      	                      (9, 0.8),
INFO:flwr:	                      (9, 0.8),
[92mINFO [0m:      	                      (10, 0.8),
INFO:flwr:	                      (10, 0.8),
[92mINFO [0m:      	                      (11, 0.8),
INFO:flwr:	                      (11, 0.8),
[92mINFO [0m:      	                      (12, 0.8),
INFO:flwr:	                      (12, 0.8),
[92mINFO [0m:      	                      (13, 0.8),
INFO:flwr:	                      (13, 0.8),
[92mINFO [0m:      	                      (14, 0.8),
INFO:flwr:	                      (14, 0.8),
[92mINFO [0m:      	                      (15, 0.8),
INFO:flwr:	                      (15, 0.8),
[92mINFO [0m:      	                      (16, 0.8),
INFO:flwr:	                      (16, 0.8),
[92mINFO [0m:      	                      (17, 0.8),
INFO:flwr:	                      (17, 0.8),
[92mINFO [0m:      	                      (18, 0.8),
INFO:flwr:	                      (18, 0.8),
[92mINFO [0m:      	                      (19, 0.8),
INFO:flwr:	                      (19, 0.8),
[92mINFO [0m:      	                      (20, 0.8),
INFO:flwr:	                      (20, 0.8),
[92mINFO [0m:      	                      (21, 0.8),
INFO:flwr:	                      (21, 0.8),
[92mINFO [0m:      	                      (22, 0.8),
INFO:flwr:	                      (22, 0.8),
[92mINFO [0m:      	                      (23, 0.8),
INFO:flwr:	                      (23, 0.8),
[92mINFO [0m:      	                      (24, 0.8),
INFO:flwr:	                      (24, 0.8),
[92mINFO [0m:      	                      (25, 0.8),
INFO:flwr:	                      (25, 0.8),
[92mINFO [0m:      	                      (26, 0.8),
INFO:flwr:	                      (26, 0.8),
[92mINFO [0m:      	                      (27, 0.8),
INFO:flwr:	                      (27, 0.8),
[92mINFO [0m:      	                      (28, 0.8),
INFO:flwr:	                      (28, 0.8),
[92mINFO [0m:      	                      (29, 0.8),
INFO:flwr:	                      (29, 0.8),
[92mINFO [0m:      	                      (30, 0.8),
INFO:flwr:	                      (30, 0.8),
[92mINFO [0m:      	                      (31, 0.8),
INFO:flwr:	                      (31, 0.8),
[92mINFO [0m:      	                      (32, 0.8),
INFO:flwr:	                      (32, 0.8),
[92mINFO [0m:      	                      (33, 0.8),
INFO:flwr:	                      (33, 0.8),
[92mINFO [0m:      	                      (34, 0.8),
INFO:flwr:	                      (34, 0.8),
[92mINFO [0m:      	                      (35, 0.8),
INFO:flwr:	                      (35, 0.8),
[92mINFO [0m:      	                      (36, 0.8),
INFO:flwr:	                      (36, 0.8),
[92mINFO [0m:      	                      (37, 0.8),
INFO:flwr:	                      (37, 0.8),
[92mINFO [0m:      	                      (38, 0.8),
INFO:flwr:	                      (38, 0.8),
[92mINFO [0m:      	                      (39, 0.8),
INFO:flwr:	                      (39, 0.8),
[92mINFO [0m:      	                      (40, 0.8),
INFO:flwr:	                      (40, 0.8),
[92mINFO [0m:      	                      (41, 0.8),
INFO:flwr:	                      (41, 0.8),
[92mINFO [0m:      	                      (42, 0.8),
INFO:flwr:	                      (42, 0.8),
[92mINFO [0m:      	                      (43, 0.8),
INFO:flwr:	                      (43, 0.8),
[92mINFO [0m:      	                      (44, 0.8),
INFO:flwr:	                      (44, 0.8),
[92mINFO [0m:      	                      (45, 0.8),
INFO:flwr:	                      (45, 0.8),
[92mINFO [0m:      	                      (46, 0.8),
INFO:flwr:	                      (46, 0.8),
[92mINFO [0m:      	                      (47, 0.8),
INFO:flwr:	                      (47, 0.8),
[92mINFO [0m:      	                      (48, 0.8),
INFO:flwr:	                      (48, 0.8),
[92mINFO [0m:      	                      (49, 0.8),
INFO:flwr:	                      (49, 0.8),
[92mINFO [0m:      	                      (50, 0.8)],
INFO:flwr:	                      (50, 0.8)],
[92mINFO [0m:      	 'layer3_reject_rate_at_threshold': [(1, 0.0),
INFO:flwr:	 'layer3_reject_rate_at_threshold': [(1, 0.0),
[92mINFO [0m:      	                                     (2, 0.0),
INFO:flwr:	                                     (2, 0.0),
[92mINFO [0m:      	                                     (3, 0.0),
INFO:flwr:	                                     (3, 0.0),
[92mINFO [0m:      	                                     (4, 0.0),
INFO:flwr:	                                     (4, 0.0),
[92mINFO [0m:      	                                     (5, 0.0),
INFO:flwr:	                                     (5, 0.0),
[92mINFO [0m:      	                                     (6, 0.0),
INFO:flwr:	                                     (6, 0.0),
[92mINFO [0m:      	                                     (7, 0.0),
INFO:flwr:	                                     (7, 0.0),
[92mINFO [0m:      	                                     (8, 0.0),
INFO:flwr:	                                     (8, 0.0),
[92mINFO [0m:      	                                     (9, 0.0),
INFO:flwr:	                                     (9, 0.0),
[92mINFO [0m:      	                                     (10, 0.0),
INFO:flwr:	                                     (10, 0.0),
[92mINFO [0m:      	                                     (11, 0.0),
INFO:flwr:	                                     (11, 0.0),
[92mINFO [0m:      	                                     (12, 0.0),
INFO:flwr:	                                     (12, 0.0),
[92mINFO [0m:      	                                     (13, 0.0),
INFO:flwr:	                                     (13, 0.0),
[92mINFO [0m:      	                                     (14, 0.0),
INFO:flwr:	                                     (14, 0.0),
[92mINFO [0m:      	                                     (15, 0.0),
INFO:flwr:	                                     (15, 0.0),
[92mINFO [0m:      	                                     (16, 0.0),
INFO:flwr:	                                     (16, 0.0),
[92mINFO [0m:      	                                     (17, 0.0),
INFO:flwr:	                                     (17, 0.0),
[92mINFO [0m:      	                                     (18, 0.0),
INFO:flwr:	                                     (18, 0.0),
[92mINFO [0m:      	                                     (19, 0.0),
INFO:flwr:	                                     (19, 0.0),
[92mINFO [0m:      	                                     (20, 0.0),
INFO:flwr:	                                     (20, 0.0),
[92mINFO [0m:      	                                     (21, 0.0),
INFO:flwr:	                                     (21, 0.0),
[92mINFO [0m:      	                                     (22, 0.0),
INFO:flwr:	                                     (22, 0.0),
[92mINFO [0m:      	                                     (23, 0.0),
INFO:flwr:	                                     (23, 0.0),
[92mINFO [0m:      	                                     (24, 0.0),
INFO:flwr:	                                     (24, 0.0),
[92mINFO [0m:      	                                     (25, 0.0),
INFO:flwr:	                                     (25, 0.0),
[92mINFO [0m:      	                                     (26, 0.0),
INFO:flwr:	                                     (26, 0.0),
[92mINFO [0m:      	                                     (27, 0.0),
INFO:flwr:	                                     (27, 0.0),
[92mINFO [0m:      	                                     (28, 0.0),
INFO:flwr:	                                     (28, 0.0),
[92mINFO [0m:      	                                     (29, 0.0),
INFO:flwr:	                                     (29, 0.0),
[92mINFO [0m:      	                                     (30, 0.0),
INFO:flwr:	                                     (30, 0.0),
[92mINFO [0m:      	                                     (31, 0.0),
INFO:flwr:	                                     (31, 0.0),
[92mINFO [0m:      	                                     (32, 0.0),
INFO:flwr:	                                     (32, 0.0),
[92mINFO [0m:      	                                     (33, 0.0),
INFO:flwr:	                                     (33, 0.0),
[92mINFO [0m:      	                                     (34, 0.0),
INFO:flwr:	                                     (34, 0.0),
[92mINFO [0m:      	                                     (35, 0.0),
INFO:flwr:	                                     (35, 0.0),
[92mINFO [0m:      	                                     (36, 0.0),
INFO:flwr:	                                     (36, 0.0),
[92mINFO [0m:      	                                     (37, 0.0),
INFO:flwr:	                                     (37, 0.0),
[92mINFO [0m:      	                                     (38, 0.0),
INFO:flwr:	                                     (38, 0.0),
[92mINFO [0m:      	                                     (39, 0.0),
INFO:flwr:	                                     (39, 0.0),
[92mINFO [0m:      	                                     (40, 0.0),
INFO:flwr:	                                     (40, 0.0),
[92mINFO [0m:      	                                     (41, 0.0),
INFO:flwr:	                                     (41, 0.0),
[92mINFO [0m:      	                                     (42, 0.0),
INFO:flwr:	                                     (42, 0.0),
[92mINFO [0m:      	                                     (43, 0.0),
INFO:flwr:	                                     (43, 0.0),
[92mINFO [0m:      	                                     (44, 0.0),
INFO:flwr:	                                     (44, 0.0),
[92mINFO [0m:      	                                     (45, 0.0),
INFO:flwr:	                                     (45, 0.0),
[92mINFO [0m:      	                                     (46, 0.0),
INFO:flwr:	                                     (46, 0.0),
[92mINFO [0m:      	                                     (47, 0.0),
INFO:flwr:	                                     (47, 0.0),
[92mINFO [0m:      	                                     (48, 0.0),
INFO:flwr:	                                     (48, 0.0),
[92mINFO [0m:      	                                     (49, 0.0),
INFO:flwr:	                                     (49, 0.0),
[92mINFO [0m:      	                                     (50, 0.0)],
INFO:flwr:	                                     (50, 0.0)],
[92mINFO [0m:      	 'layer3_reject_rate_raw': [(1, 0.0),
INFO:flwr:	 'layer3_reject_rate_raw': [(1, 0.0),
[92mINFO [0m:      	                            (2, 0.0),
INFO:flwr:	                            (2, 0.0),
[92mINFO [0m:      	                            (3, 0.0),
INFO:flwr:	                            (3, 0.0),
[92mINFO [0m:      	                            (4, 0.0),
INFO:flwr:	                            (4, 0.0),
[92mINFO [0m:      	                            (5, 0.0),
INFO:flwr:	                            (5, 0.0),
[92mINFO [0m:      	                            (6, 0.0),
INFO:flwr:	                            (6, 0.0),
[92mINFO [0m:      	                            (7, 0.0),
INFO:flwr:	                            (7, 0.0),
[92mINFO [0m:      	                            (8, 0.0),
INFO:flwr:	                            (8, 0.0),
[92mINFO [0m:      	                            (9, 0.0),
INFO:flwr:	                            (9, 0.0),
[92mINFO [0m:      	                            (10, 0.0),
INFO:flwr:	                            (10, 0.0),
[92mINFO [0m:      	                            (11, 0.0),
INFO:flwr:	                            (11, 0.0),
[92mINFO [0m:      	                            (12, 0.0),
INFO:flwr:	                            (12, 0.0),
[92mINFO [0m:      	                            (13, 0.0),
INFO:flwr:	                            (13, 0.0),
[92mINFO [0m:      	                            (14, 0.0),
INFO:flwr:	                            (14, 0.0),
[92mINFO [0m:      	                            (15, 0.0),
INFO:flwr:	                            (15, 0.0),
[92mINFO [0m:      	                            (16, 0.0),
INFO:flwr:	                            (16, 0.0),
[92mINFO [0m:      	                            (17, 0.0),
INFO:flwr:	                            (17, 0.0),
[92mINFO [0m:      	                            (18, 0.0),
INFO:flwr:	                            (18, 0.0),
[92mINFO [0m:      	                            (19, 0.0),
INFO:flwr:	                            (19, 0.0),
[92mINFO [0m:      	                            (20, 0.0),
INFO:flwr:	                            (20, 0.0),
[92mINFO [0m:      	                            (21, 0.0),
INFO:flwr:	                            (21, 0.0),
[92mINFO [0m:      	                            (22, 0.0),
INFO:flwr:	                            (22, 0.0),
[92mINFO [0m:      	                            (23, 0.0),
INFO:flwr:	                            (23, 0.0),
[92mINFO [0m:      	                            (24, 0.0),
INFO:flwr:	                            (24, 0.0),
[92mINFO [0m:      	                            (25, 0.0),
INFO:flwr:	                            (25, 0.0),
[92mINFO [0m:      	                            (26, 0.0),
INFO:flwr:	                            (26, 0.0),
[92mINFO [0m:      	                            (27, 0.0),
INFO:flwr:	                            (27, 0.0),
[92mINFO [0m:      	                            (28, 0.0),
INFO:flwr:	                            (28, 0.0),
[92mINFO [0m:      	                            (29, 0.0),
INFO:flwr:	                            (29, 0.0),
[92mINFO [0m:      	                            (30, 0.0),
INFO:flwr:	                            (30, 0.0),
[92mINFO [0m:      	                            (31, 0.0),
INFO:flwr:	                            (31, 0.0),
[92mINFO [0m:      	                            (32, 0.0),
INFO:flwr:	                            (32, 0.0),
[92mINFO [0m:      	                            (33, 0.0),
INFO:flwr:	                            (33, 0.0),
[92mINFO [0m:      	                            (34, 0.0),
INFO:flwr:	                            (34, 0.0),
[92mINFO [0m:      	                            (35, 0.0),
INFO:flwr:	                            (35, 0.0),
[92mINFO [0m:      	                            (36, 0.0),
INFO:flwr:	                            (36, 0.0),
[92mINFO [0m:      	                            (37, 0.0),
INFO:flwr:	                            (37, 0.0),
[92mINFO [0m:      	                            (38, 0.0),
INFO:flwr:	                            (38, 0.0),
[92mINFO [0m:      	                            (39, 0.0),
INFO:flwr:	                            (39, 0.0),
[92mINFO [0m:      	                            (40, 0.0),
INFO:flwr:	                            (40, 0.0),
[92mINFO [0m:      	                            (41, 0.0),
INFO:flwr:	                            (41, 0.0),
[92mINFO [0m:      	                            (42, 0.0),
INFO:flwr:	                            (42, 0.0),
[92mINFO [0m:      	                            (43, 0.0),
INFO:flwr:	                            (43, 0.0),
[92mINFO [0m:      	                            (44, 0.0),
INFO:flwr:	                            (44, 0.0),
[92mINFO [0m:      	                            (45, 0.0),
INFO:flwr:	                            (45, 0.0),
[92mINFO [0m:      	                            (46, 0.0),
INFO:flwr:	                            (46, 0.0),
[92mINFO [0m:      	                            (47, 0.0),
INFO:flwr:	                            (47, 0.0),
[92mINFO [0m:      	                            (48, 0.0),
INFO:flwr:	                            (48, 0.0),
[92mINFO [0m:      	                            (49, 0.0),
INFO:flwr:	                            (49, 0.0),
[92mINFO [0m:      	                            (50, 0.0)],
INFO:flwr:	                            (50, 0.0)],
[92mINFO [0m:      	 'layer3_threshold': [(1, 0.5),
INFO:flwr:	 'layer3_threshold': [(1, 0.5),
[92mINFO [0m:      	                      (2, 0.5),
INFO:flwr:	                      (2, 0.5),
[92mINFO [0m:      	                      (3, 0.5),
INFO:flwr:	                      (3, 0.5),
[92mINFO [0m:      	                      (4, 0.5),
INFO:flwr:	                      (4, 0.5),
[92mINFO [0m:      	                      (5, 0.5),
INFO:flwr:	                      (5, 0.5),
[92mINFO [0m:      	                      (6, 0.5),
INFO:flwr:	                      (6, 0.5),
[92mINFO [0m:      	                      (7, 0.5),
INFO:flwr:	                      (7, 0.5),
[92mINFO [0m:      	                      (8, 0.5),
INFO:flwr:	                      (8, 0.5),
[92mINFO [0m:      	                      (9, 0.5),
INFO:flwr:	                      (9, 0.5),
[92mINFO [0m:      	                      (10, 0.5),
INFO:flwr:	                      (10, 0.5),
[92mINFO [0m:      	                      (11, 0.5),
INFO:flwr:	                      (11, 0.5),
[92mINFO [0m:      	                      (12, 0.5),
INFO:flwr:	                      (12, 0.5),
[92mINFO [0m:      	                      (13, 0.5),
INFO:flwr:	                      (13, 0.5),
[92mINFO [0m:      	                      (14, 0.5),
INFO:flwr:	                      (14, 0.5),
[92mINFO [0m:      	                      (15, 0.5),
INFO:flwr:	                      (15, 0.5),
[92mINFO [0m:      	                      (16, 0.5),
INFO:flwr:	                      (16, 0.5),
[92mINFO [0m:      	                      (17, 0.5),
INFO:flwr:	                      (17, 0.5),
[92mINFO [0m:      	                      (18, 0.5),
INFO:flwr:	                      (18, 0.5),
[92mINFO [0m:      	                      (19, 0.5),
INFO:flwr:	                      (19, 0.5),
[92mINFO [0m:      	                      (20, 0.5),
INFO:flwr:	                      (20, 0.5),
[92mINFO [0m:      	                      (21, 0.5),
INFO:flwr:	                      (21, 0.5),
[92mINFO [0m:      	                      (22, 0.5),
INFO:flwr:	                      (22, 0.5),
[92mINFO [0m:      	                      (23, 0.5),
INFO:flwr:	                      (23, 0.5),
[92mINFO [0m:      	                      (24, 0.5),
INFO:flwr:	                      (24, 0.5),
[92mINFO [0m:      	                      (25, 0.5),
INFO:flwr:	                      (25, 0.5),
[92mINFO [0m:      	                      (26, 0.5),
INFO:flwr:	                      (26, 0.5),
[92mINFO [0m:      	                      (27, 0.5),
INFO:flwr:	                      (27, 0.5),
[92mINFO [0m:      	                      (28, 0.5),
INFO:flwr:	                      (28, 0.5),
[92mINFO [0m:      	                      (29, 0.5),
INFO:flwr:	                      (29, 0.5),
[92mINFO [0m:      	                      (30, 0.5),
INFO:flwr:	                      (30, 0.5),
[92mINFO [0m:      	                      (31, 0.5),
INFO:flwr:	                      (31, 0.5),
[92mINFO [0m:      	                      (32, 0.5),
INFO:flwr:	                      (32, 0.5),
[92mINFO [0m:      	                      (33, 0.5),
INFO:flwr:	                      (33, 0.5),
[92mINFO [0m:      	                      (34, 0.5),
INFO:flwr:	                      (34, 0.5),
[92mINFO [0m:      	                      (35, 0.5),
INFO:flwr:	                      (35, 0.5),
[92mINFO [0m:      	                      (36, 0.5),
INFO:flwr:	                      (36, 0.5),
[92mINFO [0m:      	                      (37, 0.5),
INFO:flwr:	                      (37, 0.5),
[92mINFO [0m:      	                      (38, 0.5),
INFO:flwr:	                      (38, 0.5),
[92mINFO [0m:      	                      (39, 0.5),
INFO:flwr:	                      (39, 0.5),
[92mINFO [0m:      	                      (40, 0.5),
INFO:flwr:	                      (40, 0.5),
[92mINFO [0m:      	                      (41, 0.5),
INFO:flwr:	                      (41, 0.5),
[92mINFO [0m:      	                      (42, 0.5),
INFO:flwr:	                      (42, 0.5),
[92mINFO [0m:      	                      (43, 0.5),
INFO:flwr:	                      (43, 0.5),
[92mINFO [0m:      	                      (44, 0.5),
INFO:flwr:	                      (44, 0.5),
[92mINFO [0m:      	                      (45, 0.5),
INFO:flwr:	                      (45, 0.5),
[92mINFO [0m:      	                      (46, 0.5),
INFO:flwr:	                      (46, 0.5),
[92mINFO [0m:      	                      (47, 0.5),
INFO:flwr:	                      (47, 0.5),
[92mINFO [0m:      	                      (48, 0.5),
INFO:flwr:	                      (48, 0.5),
[92mINFO [0m:      	                      (49, 0.5),
INFO:flwr:	                      (49, 0.5),
[92mINFO [0m:      	                      (50, 0.5)],
INFO:flwr:	                      (50, 0.5)],
[92mINFO [0m:      	 'mean_reputation': [(1, 0.9568114280700684),
INFO:flwr:	 'mean_reputation': [(1, 0.9568114280700684),
[92mINFO [0m:      	                     (2, 0.9205213785171509),
INFO:flwr:	                     (2, 0.9205213785171509),
[92mINFO [0m:      	                     (3, 0.8884274363517761),
INFO:flwr:	                     (3, 0.8884274363517761),
[92mINFO [0m:      	                     (4, 0.859932541847229),
INFO:flwr:	                     (4, 0.859932541847229),
[92mINFO [0m:      	                     (5, 0.8346182703971863),
INFO:flwr:	                     (5, 0.8346182703971863),
[92mINFO [0m:      	                     (6, 0.8121170997619629),
INFO:flwr:	                     (6, 0.8121170997619629),
[92mINFO [0m:      	                     (7, 0.7921053171157837),
INFO:flwr:	                     (7, 0.7921053171157837),
[92mINFO [0m:      	                     (8, 0.7742980718612671),
INFO:flwr:	                     (8, 0.7742980718612671),
[92mINFO [0m:      	                     (9, 0.7584446668624878),
INFO:flwr:	                     (9, 0.7584446668624878),
[92mINFO [0m:      	                     (10, 0.7443234324455261),
INFO:flwr:	                     (10, 0.7443234324455261),
[92mINFO [0m:      	                     (11, 0.7306869626045227),
INFO:flwr:	                     (11, 0.7306869626045227),
[92mINFO [0m:      	                     (12, 0.7196252942085266),
INFO:flwr:	                     (12, 0.7196252942085266),
[92mINFO [0m:      	                     (13, 0.7008078098297119),
INFO:flwr:	                     (13, 0.7008078098297119),
[92mINFO [0m:      	                     (14, 0.6751309633255005),
INFO:flwr:	                     (14, 0.6751309633255005),
[92mINFO [0m:      	                     (15, 0.6520704030990601),
INFO:flwr:	                     (15, 0.6520704030990601),
[92mINFO [0m:      	                     (16, 0.6511823534965515),
INFO:flwr:	                     (16, 0.6511823534965515),
[92mINFO [0m:      	                     (17, 0.6501187086105347),
INFO:flwr:	                     (17, 0.6501187086105347),
[92mINFO [0m:      	                     (18, 0.6391888856887817),
INFO:flwr:	                     (18, 0.6391888856887817),
[92mINFO [0m:      	                     (19, 0.6290012001991272),
INFO:flwr:	                     (19, 0.6290012001991272),
[92mINFO [0m:      	                     (20, 0.6300603747367859),
INFO:flwr:	                     (20, 0.6300603747367859),
[92mINFO [0m:      	                     (21, 0.6312091946601868),
INFO:flwr:	                     (21, 0.6312091946601868),
[92mINFO [0m:      	                     (22, 0.6219853162765503),
INFO:flwr:	                     (22, 0.6219853162765503),
[92mINFO [0m:      	                     (23, 0.623998761177063),
INFO:flwr:	                     (23, 0.623998761177063),
[92mINFO [0m:      	                     (24, 0.6255625486373901),
INFO:flwr:	                     (24, 0.6255625486373901),
[92mINFO [0m:      	                     (25, 0.626758873462677),
INFO:flwr:	                     (25, 0.626758873462677),
[92mINFO [0m:      	                     (26, 0.627656102180481),
INFO:flwr:	                     (26, 0.627656102180481),
[92mINFO [0m:      	                     (27, 0.6283109784126282),
INFO:flwr:	                     (27, 0.6283109784126282),
[92mINFO [0m:      	                     (28, 0.6287707090377808),
INFO:flwr:	                     (28, 0.6287707090377808),
[92mINFO [0m:      	                     (29, 0.6290743350982666),
INFO:flwr:	                     (29, 0.6290743350982666),
[92mINFO [0m:      	                     (30, 0.6286712288856506),
INFO:flwr:	                     (30, 0.6286712288856506),
[92mINFO [0m:      	                     (31, 0.6195290088653564),
INFO:flwr:	                     (31, 0.6195290088653564),
[92mINFO [0m:      	                     (32, 0.6207634210586548),
INFO:flwr:	                     (32, 0.6207634210586548),
[92mINFO [0m:      	                     (33, 0.6123977899551392),
INFO:flwr:	                     (33, 0.6123977899551392),
[92mINFO [0m:      	                     (34, 0.6048628687858582),
INFO:flwr:	                     (34, 0.6048628687858582),
[92mINFO [0m:      	                     (35, 0.5980767607688904),
INFO:flwr:	                     (35, 0.5980767607688904),
[92mINFO [0m:      	                     (36, 0.5919651985168457),
INFO:flwr:	                     (36, 0.5919651985168457),
[92mINFO [0m:      	                     (37, 0.5864613056182861),
INFO:flwr:	                     (37, 0.5864613056182861),
[92mINFO [0m:      	                     (38, 0.5815049409866333),
INFO:flwr:	                     (38, 0.5815049409866333),
[92mINFO [0m:      	                     (39, 0.5871791243553162),
INFO:flwr:	                     (39, 0.5871791243553162),
[92mINFO [0m:      	                     (40, 0.5821799039840698),
INFO:flwr:	                     (40, 0.5821799039840698),
[92mINFO [0m:      	                     (41, 0.5889087915420532),
INFO:flwr:	                     (41, 0.5889087915420532),
[92mINFO [0m:      	                     (42, 0.5837239027023315),
INFO:flwr:	                     (42, 0.5837239027023315),
[92mINFO [0m:      	                     (43, 0.5790525674819946),
INFO:flwr:	                     (43, 0.5790525674819946),
[92mINFO [0m:      	                     (44, 0.5745750069618225),
INFO:flwr:	                     (44, 0.5745750069618225),
[92mINFO [0m:      	                     (45, 0.5708242654800415),
INFO:flwr:	                     (45, 0.5708242654800415),
[92mINFO [0m:      	                     (46, 0.5674434900283813),
INFO:flwr:	                     (46, 0.5674434900283813),
[92mINFO [0m:      	                     (47, 0.5755968689918518),
INFO:flwr:	                     (47, 0.5755968689918518),
[92mINFO [0m:      	                     (48, 0.5717309713363647),
INFO:flwr:	                     (48, 0.5717309713363647),
[92mINFO [0m:      	                     (49, 0.5682485699653625),
INFO:flwr:	                     (49, 0.5682485699653625),
[92mINFO [0m:      	                     (50, 0.5766535997390747)],
INFO:flwr:	                     (50, 0.5766535997390747)],
[92mINFO [0m:      	 'min_reputation': [(1, 0.8999999761581421),
INFO:flwr:	 'min_reputation': [(1, 0.8999999761581421),
[92mINFO [0m:      	                    (2, 0.8100000023841858),
INFO:flwr:	                    (2, 0.8100000023841858),
[92mINFO [0m:      	                    (3, 0.7289999723434448),
INFO:flwr:	                    (3, 0.7289999723434448),
[92mINFO [0m:      	                    (4, 0.6560999751091003),
INFO:flwr:	                    (4, 0.6560999751091003),
[92mINFO [0m:      	                    (5, 0.5904899835586548),
INFO:flwr:	                    (5, 0.5904899835586548),
[92mINFO [0m:      	                    (6, 0.5314409732818604),
INFO:flwr:	                    (6, 0.5314409732818604),
[92mINFO [0m:      	                    (7, 0.4782969057559967),
INFO:flwr:	                    (7, 0.4782969057559967),
[92mINFO [0m:      	                    (8, 0.4304672181606293),
INFO:flwr:	                    (8, 0.4304672181606293),
[92mINFO [0m:      	                    (9, 0.3874204754829407),
INFO:flwr:	                    (9, 0.3874204754829407),
[92mINFO [0m:      	                    (10, 0.34867843985557556),
INFO:flwr:	                    (10, 0.34867843985557556),
[92mINFO [0m:      	                    (11, 0.3138105869293213),
INFO:flwr:	                    (11, 0.3138105869293213),
[92mINFO [0m:      	                    (12, 0.2824295461177826),
INFO:flwr:	                    (12, 0.2824295461177826),
[92mINFO [0m:      	                    (13, 0.25418657064437866),
INFO:flwr:	                    (13, 0.25418657064437866),
[92mINFO [0m:      	                    (14, 0.22876793146133423),
INFO:flwr:	                    (14, 0.22876793146133423),
[92mINFO [0m:      	                    (15, 0.20589113235473633),
INFO:flwr:	                    (15, 0.20589113235473633),
[92mINFO [0m:      	                    (16, 0.1853020191192627),
INFO:flwr:	                    (16, 0.1853020191192627),
[92mINFO [0m:      	                    (17, 0.1667718142271042),
INFO:flwr:	                    (17, 0.1667718142271042),
[92mINFO [0m:      	                    (18, 0.1500946283340454),
INFO:flwr:	                    (18, 0.1500946283340454),
[92mINFO [0m:      	                    (19, 0.13508516550064087),
INFO:flwr:	                    (19, 0.13508516550064087),
[92mINFO [0m:      	                    (20, 0.12157665193080902),
INFO:flwr:	                    (20, 0.12157665193080902),
[92mINFO [0m:      	                    (21, 0.10941898822784424),
INFO:flwr:	                    (21, 0.10941898822784424),
[92mINFO [0m:      	                    (22, 0.0984770879149437),
INFO:flwr:	                    (22, 0.0984770879149437),
[92mINFO [0m:      	                    (23, 0.08862937986850739),
INFO:flwr:	                    (23, 0.08862937986850739),
[92mINFO [0m:      	                    (24, 0.07976644486188889),
INFO:flwr:	                    (24, 0.07976644486188889),
[92mINFO [0m:      	                    (25, 0.07178980112075806),
INFO:flwr:	                    (25, 0.07178980112075806),
[92mINFO [0m:      	                    (26, 0.06461081653833389),
INFO:flwr:	                    (26, 0.06461081653833389),
[92mINFO [0m:      	                    (27, 0.05814973637461662),
INFO:flwr:	                    (27, 0.05814973637461662),
[92mINFO [0m:      	                    (28, 0.05233476310968399),
INFO:flwr:	                    (28, 0.05233476310968399),
[92mINFO [0m:      	                    (29, 0.04710128530859947),
INFO:flwr:	                    (29, 0.04710128530859947),
[92mINFO [0m:      	                    (30, 0.042391158640384674),
INFO:flwr:	                    (30, 0.042391158640384674),
[92mINFO [0m:      	                    (31, 0.03815204277634621),
INFO:flwr:	                    (31, 0.03815204277634621),
[92mINFO [0m:      	                    (32, 0.034336838871240616),
INFO:flwr:	                    (32, 0.034336838871240616),
[92mINFO [0m:      	                    (33, 0.030903154984116554),
INFO:flwr:	                    (33, 0.030903154984116554),
[92mINFO [0m:      	                    (34, 0.027812838554382324),
INFO:flwr:	                    (34, 0.027812838554382324),
[92mINFO [0m:      	                    (35, 0.02503155544400215),
INFO:flwr:	                    (35, 0.02503155544400215),
[92mINFO [0m:      	                    (36, 0.022528398782014847),
INFO:flwr:	                    (36, 0.022528398782014847),
[92mINFO [0m:      	                    (37, 0.020275559276342392),
INFO:flwr:	                    (37, 0.020275559276342392),
[92mINFO [0m:      	                    (38, 0.018248002976179123),
INFO:flwr:	                    (38, 0.018248002976179123),
[92mINFO [0m:      	                    (39, 0.01642320305109024),
INFO:flwr:	                    (39, 0.01642320305109024),
[92mINFO [0m:      	                    (40, 0.014780882745981216),
INFO:flwr:	                    (40, 0.014780882745981216),
[92mINFO [0m:      	                    (41, 0.01330279465764761),
INFO:flwr:	                    (41, 0.01330279465764761),
[92mINFO [0m:      	                    (42, 0.011972514912486076),
INFO:flwr:	                    (42, 0.011972514912486076),
[92mINFO [0m:      	                    (43, 0.010775263421237469),
INFO:flwr:	                    (43, 0.010775263421237469),
[92mINFO [0m:      	                    (44, 0.00969773717224598),
INFO:flwr:	                    (44, 0.00969773717224598),
[92mINFO [0m:      	                    (45, 0.008727964013814926),
INFO:flwr:	                    (45, 0.008727964013814926),
[92mINFO [0m:      	                    (46, 0.007855167612433434),
INFO:flwr:	                    (46, 0.007855167612433434),
[92mINFO [0m:      	                    (47, 0.007069650571793318),
INFO:flwr:	                    (47, 0.007069650571793318),
[92mINFO [0m:      	                    (48, 0.006362685468047857),
INFO:flwr:	                    (48, 0.006362685468047857),
[92mINFO [0m:      	                    (49, 0.005726417060941458),
INFO:flwr:	                    (49, 0.005726417060941458),
[92mINFO [0m:      	                    (50, 0.005153775215148926)],
INFO:flwr:	                    (50, 0.005153775215148926)],
[92mINFO [0m:      	 'server_round': [(1, 1),
INFO:flwr:	 'server_round': [(1, 1),
[92mINFO [0m:      	                  (2, 2),
INFO:flwr:	                  (2, 2),
[92mINFO [0m:      	                  (3, 3),
INFO:flwr:	                  (3, 3),
[92mINFO [0m:      	                  (4, 4),
INFO:flwr:	                  (4, 4),
[92mINFO [0m:      	                  (5, 5),
INFO:flwr:	                  (5, 5),
[92mINFO [0m:      	                  (6, 6),
INFO:flwr:	                  (6, 6),
[92mINFO [0m:      	                  (7, 7),
INFO:flwr:	                  (7, 7),
[92mINFO [0m:      	                  (8, 8),
INFO:flwr:	                  (8, 8),
[92mINFO [0m:      	                  (9, 9),
INFO:flwr:	                  (9, 9),
[92mINFO [0m:      	                  (10, 10),
INFO:flwr:	                  (10, 10),
[92mINFO [0m:      	                  (11, 11),
INFO:flwr:	                  (11, 11),
[92mINFO [0m:      	                  (12, 12),
INFO:flwr:	                  (12, 12),
[92mINFO [0m:      	                  (13, 13),
INFO:flwr:	                  (13, 13),
[92mINFO [0m:      	                  (14, 14),
INFO:flwr:	                  (14, 14),
[92mINFO [0m:      	                  (15, 15),
INFO:flwr:	                  (15, 15),
[92mINFO [0m:      	                  (16, 16),
INFO:flwr:	                  (16, 16),
[92mINFO [0m:      	                  (17, 17),
INFO:flwr:	                  (17, 17),
[92mINFO [0m:      	                  (18, 18),
INFO:flwr:	                  (18, 18),
[92mINFO [0m:      	                  (19, 19),
INFO:flwr:	                  (19, 19),
[92mINFO [0m:      	                  (20, 20),
INFO:flwr:	                  (20, 20),
[92mINFO [0m:      	                  (21, 21),
INFO:flwr:	                  (21, 21),
[92mINFO [0m:      	                  (22, 22),
INFO:flwr:	                  (22, 22),
[92mINFO [0m:      	                  (23, 23),
INFO:flwr:	                  (23, 23),
[92mINFO [0m:      	                  (24, 24),
INFO:flwr:	                  (24, 24),
[92mINFO [0m:      	                  (25, 25),
INFO:flwr:	                  (25, 25),
[92mINFO [0m:      	                  (26, 26),
INFO:flwr:	                  (26, 26),
[92mINFO [0m:      	                  (27, 27),
INFO:flwr:	                  (27, 27),
[92mINFO [0m:      	                  (28, 28),
INFO:flwr:	                  (28, 28),
[92mINFO [0m:      	                  (29, 29),
INFO:flwr:	                  (29, 29),
[92mINFO [0m:      	                  (30, 30),
INFO:flwr:	                  (30, 30),
[92mINFO [0m:      	                  (31, 31),
INFO:flwr:	                  (31, 31),
[92mINFO [0m:      	                  (32, 32),
INFO:flwr:	                  (32, 32),
[92mINFO [0m:      	                  (33, 33),
INFO:flwr:	                  (33, 33),
[92mINFO [0m:      	                  (34, 34),
INFO:flwr:	                  (34, 34),
[92mINFO [0m:      	                  (35, 35),
INFO:flwr:	                  (35, 35),
[92mINFO [0m:      	                  (36, 36),
INFO:flwr:	                  (36, 36),
[92mINFO [0m:      	                  (37, 37),
INFO:flwr:	                  (37, 37),
[92mINFO [0m:      	                  (38, 38),
INFO:flwr:	                  (38, 38),
[92mINFO [0m:      	                  (39, 39),
INFO:flwr:	                  (39, 39),
[92mINFO [0m:      	                  (40, 40),
INFO:flwr:	                  (40, 40),
[92mINFO [0m:      	                  (41, 41),
INFO:flwr:	                  (41, 41),
[92mINFO [0m:      	                  (42, 42),
INFO:flwr:	                  (42, 42),
[92mINFO [0m:      	                  (43, 43),
INFO:flwr:	                  (43, 43),
[92mINFO [0m:      	                  (44, 44),
INFO:flwr:	                  (44, 44),
[92mINFO [0m:      	                  (45, 45),
INFO:flwr:	                  (45, 45),
[92mINFO [0m:      	                  (46, 46),
INFO:flwr:	                  (46, 46),
[92mINFO [0m:      	                  (47, 47),
INFO:flwr:	                  (47, 47),
[92mINFO [0m:      	                  (48, 48),
INFO:flwr:	                  (48, 48),
[92mINFO [0m:      	                  (49, 49),
INFO:flwr:	                  (49, 49),
[92mINFO [0m:      	                  (50, 50)]}
INFO:flwr:	                  (50, 50)]}
[92mINFO [0m:      	History (metrics, distributed, evaluate):
INFO:flwr:	History (metrics, distributed, evaluate):
[92mINFO [0m:      	{'accuracy': [(1, 0.9360333333333334),
INFO:flwr:	{'accuracy': [(1, 0.9360333333333334),
[92mINFO [0m:      	              (2, 0.9619),
INFO:flwr:	              (2, 0.9619),
[92mINFO [0m:      	              (3, 0.9606333333333333),
INFO:flwr:	              (3, 0.9606333333333333),
[92mINFO [0m:      	              (4, 0.9584),
INFO:flwr:	              (4, 0.9584),
[92mINFO [0m:      	              (5, 0.9582),
INFO:flwr:	              (5, 0.9582),
[92mINFO [0m:      	              (6, 0.9519),
INFO:flwr:	              (6, 0.9519),
[92mINFO [0m:      	              (7, 0.9581666666666667),
INFO:flwr:	              (7, 0.9581666666666667),
[92mINFO [0m:      	              (8, 0.9586),
INFO:flwr:	              (8, 0.9586),
[92mINFO [0m:      	              (9, 0.9534),
INFO:flwr:	              (9, 0.9534),
[92mINFO [0m:      	              (10, 0.953),
INFO:flwr:	              (10, 0.953),
[92mINFO [0m:      	              (11, 0.9566333333333333),
INFO:flwr:	              (11, 0.9566333333333333),
[92mINFO [0m:      	              (12, 0.9579),
INFO:flwr:	              (12, 0.9579),
[92mINFO [0m:      	              (13, 0.9562333333333334),
INFO:flwr:	              (13, 0.9562333333333334),
[92mINFO [0m:      	              (14, 0.9357666666666666),
INFO:flwr:	              (14, 0.9357666666666666),
[92mINFO [0m:      	              (15, 0.9319),
INFO:flwr:	              (15, 0.9319),
[92mINFO [0m:      	              (16, 0.9588666666666666),
INFO:flwr:	              (16, 0.9588666666666666),
[92mINFO [0m:      	              (17, 0.9603),
INFO:flwr:	              (17, 0.9603),
[92mINFO [0m:      	              (18, 0.9614333333333334),
INFO:flwr:	              (18, 0.9614333333333334),
[92mINFO [0m:      	              (19, 0.9618),
INFO:flwr:	              (19, 0.9618),
[92mINFO [0m:      	              (20, 0.9629666666666666),
INFO:flwr:	              (20, 0.9629666666666666),
[92mINFO [0m:      	              (21, 0.9634),
INFO:flwr:	              (21, 0.9634),
[92mINFO [0m:      	              (22, 0.9645),
INFO:flwr:	              (22, 0.9645),
[92mINFO [0m:      	              (23, 0.9631),
INFO:flwr:	              (23, 0.9631),
[92mINFO [0m:      	              (24, 0.9660666666666666),
INFO:flwr:	              (24, 0.9660666666666666),
[92mINFO [0m:      	              (25, 0.9654333333333334),
INFO:flwr:	              (25, 0.9654333333333334),
[92mINFO [0m:      	              (26, 0.9648),
INFO:flwr:	              (26, 0.9648),
[92mINFO [0m:      	              (27, 0.9647),
INFO:flwr:	              (27, 0.9647),
[92mINFO [0m:      	              (28, 0.9665),
INFO:flwr:	              (28, 0.9665),
[92mINFO [0m:      	              (29, 0.9654333333333334),
INFO:flwr:	              (29, 0.9654333333333334),
[92mINFO [0m:      	              (30, 0.9678666666666667),
INFO:flwr:	              (30, 0.9678666666666667),
[92mINFO [0m:      	              (31, 0.9667333333333333),
INFO:flwr:	              (31, 0.9667333333333333),
[92mINFO [0m:      	              (32, 0.9679),
INFO:flwr:	              (32, 0.9679),
[92mINFO [0m:      	              (33, 0.9683),
INFO:flwr:	              (33, 0.9683),
[92mINFO [0m:      	              (34, 0.9683333333333334),
INFO:flwr:	              (34, 0.9683333333333334),
[92mINFO [0m:      	              (35, 0.9684),
INFO:flwr:	              (35, 0.9684),
[92mINFO [0m:      	              (36, 0.9689666666666666),
INFO:flwr:	              (36, 0.9689666666666666),
[92mINFO [0m:      	              (37, 0.9696333333333333),
INFO:flwr:	              (37, 0.9696333333333333),
[92mINFO [0m:      	              (38, 0.9706),
INFO:flwr:	              (38, 0.9706),
[92mINFO [0m:      	              (39, 0.9684333333333334),
INFO:flwr:	              (39, 0.9684333333333334),
[92mINFO [0m:      	              (40, 0.9695333333333334),
INFO:flwr:	              (40, 0.9695333333333334),
[92mINFO [0m:      	              (41, 0.9694),
INFO:flwr:	              (41, 0.9694),
[92mINFO [0m:      	              (42, 0.9690333333333333),
INFO:flwr:	              (42, 0.9690333333333333),
[92mINFO [0m:      	              (43, 0.9701666666666666),
INFO:flwr:	              (43, 0.9701666666666666),
[92mINFO [0m:      	              (44, 0.9706666666666667),
INFO:flwr:	              (44, 0.9706666666666667),
[92mINFO [0m:      	              (45, 0.9724),
INFO:flwr:	              (45, 0.9724),
[92mINFO [0m:      	              (46, 0.9720333333333333),
INFO:flwr:	              (46, 0.9720333333333333),
[92mINFO [0m:      	              (47, 0.9716666666666667),
INFO:flwr:	              (47, 0.9716666666666667),
[92mINFO [0m:      	              (48, 0.9721),
INFO:flwr:	              (48, 0.9721),
[92mINFO [0m:      	              (49, 0.9725333333333334),
INFO:flwr:	              (49, 0.9725333333333334),
[92mINFO [0m:      	              (50, 0.9716666666666667)],
INFO:flwr:	              (50, 0.9716666666666667)],
[92mINFO [0m:      	 'auc': [(1, 0.8891110883925764),
INFO:flwr:	 'auc': [(1, 0.8891110883925764),
[92mINFO [0m:      	         (2, 0.9176845863479081),
INFO:flwr:	         (2, 0.9176845863479081),
[92mINFO [0m:      	         (3, 0.9226694872601446),
INFO:flwr:	         (3, 0.9226694872601446),
[92mINFO [0m:      	         (4, 0.923433076439132),
INFO:flwr:	         (4, 0.923433076439132),
[92mINFO [0m:      	         (5, 0.9179900125825731),
INFO:flwr:	         (5, 0.9179900125825731),
[92mINFO [0m:      	         (6, 0.9208811890531614),
INFO:flwr:	         (6, 0.9208811890531614),
[92mINFO [0m:      	         (7, 0.9203190940547342),
INFO:flwr:	         (7, 0.9203190940547342),
[92mINFO [0m:      	         (8, 0.916866310160428),
INFO:flwr:	         (8, 0.916866310160428),
[92mINFO [0m:      	         (9, 0.915173167662787),
INFO:flwr:	         (9, 0.915173167662787),
[92mINFO [0m:      	         (10, 0.9143804655552061),
INFO:flwr:	         (10, 0.9143804655552061),
[92mINFO [0m:      	         (11, 0.9114160427807487),
INFO:flwr:	         (11, 0.9114160427807487),
[92mINFO [0m:      	         (12, 0.9121183076439132),
INFO:flwr:	         (12, 0.9121183076439132),
[92mINFO [0m:      	         (13, 0.9083470430953131),
INFO:flwr:	         (13, 0.9083470430953131),
[92mINFO [0m:      	         (14, 0.9206126454860016),
INFO:flwr:	         (14, 0.9206126454860016),
[92mINFO [0m:      	         (15, 0.9174460994023279),
INFO:flwr:	         (15, 0.9174460994023279),
[92mINFO [0m:      	         (16, 0.9090109625668449),
INFO:flwr:	         (16, 0.9090109625668449),
[92mINFO [0m:      	         (17, 0.909887684806543),
INFO:flwr:	         (17, 0.909887684806543),
[92mINFO [0m:      	         (18, 0.9017033343818813),
INFO:flwr:	         (18, 0.9017033343818813),
[92mINFO [0m:      	         (19, 0.8988839886756843),
INFO:flwr:	         (19, 0.8988839886756843),
[92mINFO [0m:      	         (20, 0.9062940547341931),
INFO:flwr:	         (20, 0.9062940547341931),
[92mINFO [0m:      	         (21, 0.9056555206039634),
INFO:flwr:	         (21, 0.9056555206039634),
[92mINFO [0m:      	         (22, 0.9062490091223654),
INFO:flwr:	         (22, 0.9062490091223654),
[92mINFO [0m:      	         (23, 0.898854970116389),
INFO:flwr:	         (23, 0.898854970116389),
[92mINFO [0m:      	         (24, 0.9027080528468072),
INFO:flwr:	         (24, 0.9027080528468072),
[92mINFO [0m:      	         (25, 0.9114384083044985),
INFO:flwr:	         (25, 0.9114384083044985),
[92mINFO [0m:      	         (26, 0.9110579584775087),
INFO:flwr:	         (26, 0.9110579584775087),
[92mINFO [0m:      	         (27, 0.9081838628499526),
INFO:flwr:	         (27, 0.9081838628499526),
[92mINFO [0m:      	         (28, 0.9019118590751808),
INFO:flwr:	         (28, 0.9019118590751808),
[92mINFO [0m:      	         (29, 0.9101309688581315),
INFO:flwr:	         (29, 0.9101309688581315),
[92mINFO [0m:      	         (30, 0.9054034916640453),
INFO:flwr:	         (30, 0.9054034916640453),
[92mINFO [0m:      	         (31, 0.903146555520604),
INFO:flwr:	         (31, 0.903146555520604),
[92mINFO [0m:      	         (32, 0.9066592796476882),
INFO:flwr:	         (32, 0.9066592796476882),
[92mINFO [0m:      	         (33, 0.9040911921988045),
INFO:flwr:	         (33, 0.9040911921988045),
[92mINFO [0m:      	         (34, 0.9063311890531615),
INFO:flwr:	         (34, 0.9063311890531615),
[92mINFO [0m:      	         (35, 0.9082614029569045),
INFO:flwr:	         (35, 0.9082614029569045),
[92mINFO [0m:      	         (36, 0.9026378106322743),
INFO:flwr:	         (36, 0.9026378106322743),
[92mINFO [0m:      	         (37, 0.905885026737968),
INFO:flwr:	         (37, 0.905885026737968),
[92mINFO [0m:      	         (38, 0.9116512897137463),
INFO:flwr:	         (38, 0.9116512897137463),
[92mINFO [0m:      	         (39, 0.9098812205095942),
INFO:flwr:	         (39, 0.9098812205095942),
[92mINFO [0m:      	         (40, 0.9089122365523749),
INFO:flwr:	         (40, 0.9089122365523749),
[92mINFO [0m:      	         (41, 0.9086254797106009),
INFO:flwr:	         (41, 0.9086254797106009),
[92mINFO [0m:      	         (42, 0.9081481597986788),
INFO:flwr:	         (42, 0.9081481597986788),
[92mINFO [0m:      	         (43, 0.9036280119534444),
INFO:flwr:	         (43, 0.9036280119534444),
[92mINFO [0m:      	         (44, 0.9113893834539162),
INFO:flwr:	         (44, 0.9113893834539162),
[92mINFO [0m:      	         (45, 0.9107969329977981),
INFO:flwr:	         (45, 0.9107969329977981),
[92mINFO [0m:      	         (46, 0.9107298364265493),
INFO:flwr:	         (46, 0.9107298364265493),
[92mINFO [0m:      	         (47, 0.9151558823529412),
INFO:flwr:	         (47, 0.9151558823529412),
[92mINFO [0m:      	         (48, 0.913118826675055),
INFO:flwr:	         (48, 0.913118826675055),
[92mINFO [0m:      	         (49, 0.9166247404844291),
INFO:flwr:	         (49, 0.9166247404844291),
[92mINFO [0m:      	         (50, 0.9118258886442278)],
INFO:flwr:	         (50, 0.9118258886442278)],
[92mINFO [0m:      	 'f1': [(1, 0.4023668639053255),
INFO:flwr:	 'f1': [(1, 0.4023668639053255),
[92mINFO [0m:      	        (2, 0.521156263091747),
INFO:flwr:	        (2, 0.521156263091747),
[92mINFO [0m:      	        (3, 0.5258932155760738),
INFO:flwr:	        (3, 0.5258932155760738),
[92mINFO [0m:      	        (4, 0.5181467181467182),
INFO:flwr:	        (4, 0.5181467181467182),
[92mINFO [0m:      	        (5, 0.5131987577639752),
INFO:flwr:	        (5, 0.5131987577639752),
[92mINFO [0m:      	        (6, 0.48884165781083955),
INFO:flwr:	        (6, 0.48884165781083955),
[92mINFO [0m:      	        (7, 0.5197091465748183),
INFO:flwr:	        (7, 0.5197091465748183),
[92mINFO [0m:      	        (8, 0.5215716486902927),
INFO:flwr:	        (8, 0.5215716486902927),
[92mINFO [0m:      	        (9, 0.49892473118279573),
INFO:flwr:	        (9, 0.49892473118279573),
[92mINFO [0m:      	        (10, 0.4949856733524355),
INFO:flwr:	        (10, 0.4949856733524355),
[92mINFO [0m:      	        (11, 0.5092417955488495),
INFO:flwr:	        (11, 0.5092417955488495),
[92mINFO [0m:      	        (12, 0.515906477577616),
INFO:flwr:	        (12, 0.515906477577616),
[92mINFO [0m:      	        (13, 0.5062053403535164),
INFO:flwr:	        (13, 0.5062053403535164),
[92mINFO [0m:      	        (14, 0.44895624821275376),
INFO:flwr:	        (14, 0.44895624821275376),
[92mINFO [0m:      	        (15, 0.43579121789560893),
INFO:flwr:	        (15, 0.43579121789560893),
[92mINFO [0m:      	        (16, 0.5187207488299532),
INFO:flwr:	        (16, 0.5187207488299532),
[92mINFO [0m:      	        (17, 0.526441351888668),
INFO:flwr:	        (17, 0.526441351888668),
[92mINFO [0m:      	        (18, 0.5252359458350431),
INFO:flwr:	        (18, 0.5252359458350431),
[92mINFO [0m:      	        (19, 0.5240863787375415),
INFO:flwr:	        (19, 0.5240863787375415),
[92mINFO [0m:      	        (20, 0.5337809483843894),
INFO:flwr:	        (20, 0.5337809483843894),
[92mINFO [0m:      	        (21, 0.5367088607594936),
INFO:flwr:	        (21, 0.5367088607594936),
[92mINFO [0m:      	        (22, 0.5470012760527436),
INFO:flwr:	        (22, 0.5470012760527436),
[92mINFO [0m:      	        (23, 0.5327142254115661),
INFO:flwr:	        (23, 0.5327142254115661),
[92mINFO [0m:      	        (24, 0.5455357142857142),
INFO:flwr:	        (24, 0.5455357142857142),
[92mINFO [0m:      	        (25, 0.551664504971898),
INFO:flwr:	        (25, 0.551664504971898),
[92mINFO [0m:      	        (26, 0.544434857635893),
INFO:flwr:	        (26, 0.544434857635893),
[92mINFO [0m:      	        (27, 0.5433376455368694),
INFO:flwr:	        (27, 0.5433376455368694),
[92mINFO [0m:      	        (28, 0.5433893684688778),
INFO:flwr:	        (28, 0.5433893684688778),
[92mINFO [0m:      	        (29, 0.5453748355984217),
INFO:flwr:	        (29, 0.5453748355984217),
[92mINFO [0m:      	        (30, 0.5577981651376147),
INFO:flwr:	        (30, 0.5577981651376147),
[92mINFO [0m:      	        (31, 0.5599647266313933),
INFO:flwr:	        (31, 0.5599647266313933),
[92mINFO [0m:      	        (32, 0.564450474898236),
INFO:flwr:	        (32, 0.564450474898236),
[92mINFO [0m:      	        (33, 0.5595182955071791),
INFO:flwr:	        (33, 0.5595182955071791),
[92mINFO [0m:      	        (34, 0.5601851851851853),
INFO:flwr:	        (34, 0.5601851851851853),
[92mINFO [0m:      	        (35, 0.56672760511883),
INFO:flwr:	        (35, 0.56672760511883),
[92mINFO [0m:      	        (36, 0.561056105610561),
INFO:flwr:	        (36, 0.561056105610561),
[92mINFO [0m:      	        (37, 0.5672209026128268),
INFO:flwr:	        (37, 0.5672209026128268),
[92mINFO [0m:      	        (38, 0.5755534167468721),
INFO:flwr:	        (38, 0.5755534167468721),
[92mINFO [0m:      	        (39, 0.5693497044110961),
INFO:flwr:	        (39, 0.5693497044110961),
[92mINFO [0m:      	        (40, 0.5676442762535477),
INFO:flwr:	        (40, 0.5676442762535477),
[92mINFO [0m:      	        (41, 0.568203198494826),
INFO:flwr:	        (41, 0.568203198494826),
[92mINFO [0m:      	        (42, 0.5701064322073115),
INFO:flwr:	        (42, 0.5701064322073115),
[92mINFO [0m:      	        (43, 0.5686746987951807),
INFO:flwr:	        (43, 0.5686746987951807),
[92mINFO [0m:      	        (44, 0.5769230769230769),
INFO:flwr:	        (44, 0.5769230769230769),
[92mINFO [0m:      	        (45, 0.586),
INFO:flwr:	        (45, 0.586),
[92mINFO [0m:      	        (46, 0.5760485093481557),
INFO:flwr:	        (46, 0.5760485093481557),
[92mINFO [0m:      	        (47, 0.5857699805068226),
INFO:flwr:	        (47, 0.5857699805068226),
[92mINFO [0m:      	        (48, 0.5829596412556054),
INFO:flwr:	        (48, 0.5829596412556054),
[92mINFO [0m:      	        (49, 0.5850956696878148),
INFO:flwr:	        (49, 0.5850956696878148),
[92mINFO [0m:      	        (50, 0.5737211634904714)],
INFO:flwr:	        (50, 0.5737211634904714)],
[92mINFO [0m:      	 'precision': [(1, 0.306016106110848),
INFO:flwr:	 'precision': [(1, 0.306016106110848),
[92mINFO [0m:      	               (2, 0.4832944832944833),
INFO:flwr:	               (2, 0.4832944832944833),
[92mINFO [0m:      	               (3, 0.4708842559309849),
INFO:flwr:	               (3, 0.4708842559309849),
[92mINFO [0m:      	               (4, 0.4503355704697986),
INFO:flwr:	               (4, 0.4503355704697986),
[92mINFO [0m:      	               (5, 0.4478319783197832),
INFO:flwr:	               (5, 0.4478319783197832),
[92mINFO [0m:      	               (6, 0.4004643064422519),
INFO:flwr:	               (6, 0.4004643064422519),
[92mINFO [0m:      	               (7, 0.4487772637144746),
INFO:flwr:	               (7, 0.4487772637144746),
[92mINFO [0m:      	               (8, 0.45254010695187163),
INFO:flwr:	               (8, 0.45254010695187163),
[92mINFO [0m:      	               (9, 0.41183431952662725),
INFO:flwr:	               (9, 0.41183431952662725),
[92mINFO [0m:      	               (10, 0.4083924349881796),
INFO:flwr:	               (10, 0.4083924349881796),
[92mINFO [0m:      	               (11, 0.43520309477756286),
INFO:flwr:	               (11, 0.43520309477756286),
[92mINFO [0m:      	               (12, 0.4459907223326706),
INFO:flwr:	               (12, 0.4459907223326706),
[92mINFO [0m:      	               (13, 0.431686978832585),
INFO:flwr:	               (13, 0.431686978832585),
[92mINFO [0m:      	               (14, 0.32749269920734253),
INFO:flwr:	               (14, 0.32749269920734253),
[92mINFO [0m:      	               (15, 0.3129710432368108),
INFO:flwr:	               (15, 0.3129710432368108),
[92mINFO [0m:      	               (16, 0.4542349726775956),
INFO:flwr:	               (16, 0.4542349726775956),
[92mINFO [0m:      	               (17, 0.4678445229681979),
INFO:flwr:	               (17, 0.4678445229681979),
[92mINFO [0m:      	               (18, 0.4786836200448766),
INFO:flwr:	               (18, 0.4786836200448766),
[92mINFO [0m:      	               (19, 0.48241590214067276),
INFO:flwr:	               (19, 0.48241590214067276),
[92mINFO [0m:      	               (20, 0.49571317225253314),
INFO:flwr:	               (20, 0.49571317225253314),
[92mINFO [0m:      	               (21, 0.5007874015748032),
INFO:flwr:	               (21, 0.5007874015748032),
[92mINFO [0m:      	               (22, 0.5139888089528377),
INFO:flwr:	               (22, 0.5139888089528377),
[92mINFO [0m:      	               (23, 0.49724192277383766),
INFO:flwr:	               (23, 0.49724192277383766),
[92mINFO [0m:      	               (24, 0.5359649122807018),
INFO:flwr:	               (24, 0.5359649122807018),
[92mINFO [0m:      	               (25, 0.5259686727122836),
INFO:flwr:	               (25, 0.5259686727122836),
[92mINFO [0m:      	               (26, 0.5180623973727422),
INFO:flwr:	               (26, 0.5180623973727422),
[92mINFO [0m:      	               (27, 0.51681706316653),
INFO:flwr:	               (27, 0.51681706316653),
[92mINFO [0m:      	               (28, 0.5431425976385105),
INFO:flwr:	               (28, 0.5431425976385105),
[92mINFO [0m:      	               (29, 0.5266723116003387),
INFO:flwr:	               (29, 0.5266723116003387),
[92mINFO [0m:      	               (30, 0.562962962962963),
INFO:flwr:	               (30, 0.562962962962963),
[92mINFO [0m:      	               (31, 0.5436643835616438),
INFO:flwr:	               (31, 0.5436643835616438),
[92mINFO [0m:      	               (32, 0.5616561656165616),
INFO:flwr:	               (32, 0.5616561656165616),
[92mINFO [0m:      	               (33, 0.5703493862134089),
INFO:flwr:	               (33, 0.5703493862134089),
[92mINFO [0m:      	               (34, 0.5707547169811321),
INFO:flwr:	               (34, 0.5707547169811321),
[92mINFO [0m:      	               (35, 0.5698529411764705),
INFO:flwr:	               (35, 0.5698529411764705),
[92mINFO [0m:      	               (36, 0.5827619980411362),
INFO:flwr:	               (36, 0.5827619980411362),
[92mINFO [0m:      	               (37, 0.5940298507462687),
INFO:flwr:	               (37, 0.5940298507462687),
[92mINFO [0m:      	               (38, 0.6114519427402862),
INFO:flwr:	               (38, 0.6114519427402862),
[92mINFO [0m:      	               (39, 0.5696087352138307),
INFO:flwr:	               (39, 0.5696087352138307),
[92mINFO [0m:      	               (40, 0.5917159763313609),
INFO:flwr:	               (40, 0.5917159763313609),
[92mINFO [0m:      	               (41, 0.5886939571150097),
INFO:flwr:	               (41, 0.5886939571150097),
[92mINFO [0m:      	               (42, 0.5805843543826578),
INFO:flwr:	               (42, 0.5805843543826578),
[92mINFO [0m:      	               (43, 0.6051282051282051),
INFO:flwr:	               (43, 0.6051282051282051),
[92mINFO [0m:      	               (44, 0.6122448979591836),
INFO:flwr:	               (44, 0.6122448979591836),
[92mINFO [0m:      	               (45, 0.6511111111111111),
INFO:flwr:	               (45, 0.6511111111111111),
[92mINFO [0m:      	               (46, 0.6484641638225256),
INFO:flwr:	               (46, 0.6484641638225256),
[92mINFO [0m:      	               (47, 0.6313025210084033),
INFO:flwr:	               (47, 0.6313025210084033),
[92mINFO [0m:      	               (48, 0.6449834619625138),
INFO:flwr:	               (48, 0.6449834619625138),
[92mINFO [0m:      	               (49, 0.6557562076749436),
INFO:flwr:	               (49, 0.6557562076749436),
[92mINFO [0m:      	               (50, 0.6398210290827739)],
INFO:flwr:	               (50, 0.6398210290827739)],
[92mINFO [0m:      	 'recall': [(1, 0.5872727272727274),
INFO:flwr:	 'recall': [(1, 0.5872727272727274),
[92mINFO [0m:      	            (2, 0.5654545454545455),
INFO:flwr:	            (2, 0.5654545454545455),
[92mINFO [0m:      	            (3, 0.5954545454545455),
INFO:flwr:	            (3, 0.5954545454545455),
[92mINFO [0m:      	            (4, 0.61),
INFO:flwr:	            (4, 0.61),
[92mINFO [0m:      	            (5, 0.600909090909091),
INFO:flwr:	            (5, 0.600909090909091),
[92mINFO [0m:      	            (6, 0.6272727272727273),
INFO:flwr:	            (6, 0.6272727272727273),
[92mINFO [0m:      	            (7, 0.6172727272727273),
INFO:flwr:	            (7, 0.6172727272727273),
[92mINFO [0m:      	            (8, 0.6154545454545455),
INFO:flwr:	            (8, 0.6154545454545455),
[92mINFO [0m:      	            (9, 0.6327272727272727),
INFO:flwr:	            (9, 0.6327272727272727),
[92mINFO [0m:      	            (10, 0.6281818181818182),
INFO:flwr:	            (10, 0.6281818181818182),
[92mINFO [0m:      	            (11, 0.6136363636363636),
INFO:flwr:	            (11, 0.6136363636363636),
[92mINFO [0m:      	            (12, 0.6118181818181818),
INFO:flwr:	            (12, 0.6118181818181818),
[92mINFO [0m:      	            (13, 0.6118181818181818),
INFO:flwr:	            (13, 0.6118181818181818),
[92mINFO [0m:      	            (14, 0.7136363636363636),
INFO:flwr:	            (14, 0.7136363636363636),
[92mINFO [0m:      	            (15, 0.7172727272727274),
INFO:flwr:	            (15, 0.7172727272727274),
[92mINFO [0m:      	            (16, 0.6045454545454545),
INFO:flwr:	            (16, 0.6045454545454545),
[92mINFO [0m:      	            (17, 0.6018181818181818),
INFO:flwr:	            (17, 0.6018181818181818),
[92mINFO [0m:      	            (18, 0.5818181818181818),
INFO:flwr:	            (18, 0.5818181818181818),
[92mINFO [0m:      	            (19, 0.5736363636363636),
INFO:flwr:	            (19, 0.5736363636363636),
[92mINFO [0m:      	            (20, 0.5781818181818181),
INFO:flwr:	            (20, 0.5781818181818181),
[92mINFO [0m:      	            (21, 0.5781818181818181),
INFO:flwr:	            (21, 0.5781818181818181),
[92mINFO [0m:      	            (22, 0.5845454545454545),
INFO:flwr:	            (22, 0.5845454545454545),
[92mINFO [0m:      	            (23, 0.5736363636363636),
INFO:flwr:	            (23, 0.5736363636363636),
[92mINFO [0m:      	            (24, 0.5554545454545455),
INFO:flwr:	            (24, 0.5554545454545455),
[92mINFO [0m:      	            (25, 0.58),
INFO:flwr:	            (25, 0.58),
[92mINFO [0m:      	            (26, 0.5736363636363636),
INFO:flwr:	            (26, 0.5736363636363636),
[92mINFO [0m:      	            (27, 0.5727272727272728),
INFO:flwr:	            (27, 0.5727272727272728),
[92mINFO [0m:      	            (28, 0.5436363636363636),
INFO:flwr:	            (28, 0.5436363636363636),
[92mINFO [0m:      	            (29, 0.5654545454545455),
INFO:flwr:	            (29, 0.5654545454545455),
[92mINFO [0m:      	            (30, 0.5527272727272727),
INFO:flwr:	            (30, 0.5527272727272727),
[92mINFO [0m:      	            (31, 0.5772727272727274),
INFO:flwr:	            (31, 0.5772727272727274),
[92mINFO [0m:      	            (32, 0.5672727272727273),
INFO:flwr:	            (32, 0.5672727272727273),
[92mINFO [0m:      	            (33, 0.5490909090909091),
INFO:flwr:	            (33, 0.5490909090909091),
[92mINFO [0m:      	            (34, 0.55),
INFO:flwr:	            (34, 0.55),
[92mINFO [0m:      	            (35, 0.5636363636363636),
INFO:flwr:	            (35, 0.5636363636363636),
[92mINFO [0m:      	            (36, 0.5409090909090909),
INFO:flwr:	            (36, 0.5409090909090909),
[92mINFO [0m:      	            (37, 0.5427272727272727),
INFO:flwr:	            (37, 0.5427272727272727),
[92mINFO [0m:      	            (38, 0.5436363636363636),
INFO:flwr:	            (38, 0.5436363636363636),
[92mINFO [0m:      	            (39, 0.569090909090909),
INFO:flwr:	            (39, 0.569090909090909),
[92mINFO [0m:      	            (40, 0.5454545454545454),
INFO:flwr:	            (40, 0.5454545454545454),
[92mINFO [0m:      	            (41, 0.5490909090909091),
INFO:flwr:	            (41, 0.5490909090909091),
[92mINFO [0m:      	            (42, 0.56),
INFO:flwr:	            (42, 0.56),
[92mINFO [0m:      	            (43, 0.5363636363636364),
INFO:flwr:	            (43, 0.5363636363636364),
[92mINFO [0m:      	            (44, 0.5454545454545454),
INFO:flwr:	            (44, 0.5454545454545454),
[92mINFO [0m:      	            (45, 0.5327272727272727),
INFO:flwr:	            (45, 0.5327272727272727),
[92mINFO [0m:      	            (46, 0.5181818181818182),
INFO:flwr:	            (46, 0.5181818181818182),
[92mINFO [0m:      	            (47, 0.5463636363636364),
INFO:flwr:	            (47, 0.5463636363636364),
[92mINFO [0m:      	            (48, 0.5318181818181819),
INFO:flwr:	            (48, 0.5318181818181819),
[92mINFO [0m:      	            (49, 0.5281818181818182),
INFO:flwr:	            (49, 0.5281818181818182),
[92mINFO [0m:      	            (50, 0.52)]}
INFO:flwr:	            (50, 0.52)]}
[92mINFO [0m:      
INFO:flwr:

Training complete in 643.5s (12.9s/round)

[Ray cleanup] Shutting down Ray...
[36m(ClientAppActor pid=224934)[0m [Client 7] Training on NVIDIA GeForce RTX 3060[32m [repeated 3x across cluster][0m
[36m(ClientAppActor pid=224934)[0m [93mWARNING [0m:   DEPRECATED FEATURE: `client_fn` now expects a signature `def client_fn(context: Context)`.The provided `client_fn` has signature: {'cid': <Parameter "cid: str">}. You can import the `Context` like this: `from flwr.app import Context`[32m [repeated 10x across cluster][0m
[36m(ClientAppActor pid=224934)[0m             This is a deprecated feature. It will be removed[32m [repeated 10x across cluster][0m
[36m(ClientAppActor pid=224934)[0m             entirely in future versions of Flower.[32m [repeated 10x across cluster][0m
[Ray cleanup] Ray shutdown complete.
Metrics saved to: ./results/seed_52/Attack_SignFlip_20pct.json
Model checkpoint saved to: ./results/seed_52/models/Attack_SignFlip_20pct.pt
