
==============================================================================
EXPERIMENT: Attack_SignFlip_10pct
SEED:       53
STARTED:    2026-09-16T01:46:53+00:00
TIMEOUT:    180.0 min
COMMAND:
/app/.venv/bin/python train.py --num-clients 10 --num-rounds 50 --nrows 150000 --batch-size 512 --epochs-per-round 10 --results-dir ./results/seed_53 --save-model ./results/seed_53/models/Attack_SignFlip_10pct.pt --seed 53 --run-label Attack_SignFlip_10pct --num-adversaries 1 --attack-type sign_flip
==============================================================================
Device: cuda
  GPU: NVIDIA GeForce RTX 3060
  VRAM: 12.9 GB

Loading data from: ./data/raw
/app/.venv/lib/python3.14/site-packages/numpy/lib/_function_base_impl.py:3036: RuntimeWarning: invalid value encountered in divide
  c /= stddev[:, None]
/app/.venv/lib/python3.14/site-packages/numpy/lib/_function_base_impl.py:3037: RuntimeWarning: invalid value encountered in divide
  c /= stddev[None, :]
/app/data/loader.py:132: PerformanceWarning: DataFrame is highly fragmented.  This is usually the result of calling `frame.insert` many times, which has poor performance.  Consider joining all columns at once using pd.concat(axis=1) instead. To get a de-fragmented frame, use `newframe = frame.copy()`
  X_df["uid_fraud_mean"] = y_series.groupby(by=uid_series).transform("mean").values
/app/data/loader.py:133: PerformanceWarning: DataFrame is highly fragmented.  This is usually the result of calling `frame.insert` many times, which has poor performance.  Consider joining all columns at once using pd.concat(axis=1) instead. To get a de-fragmented frame, use `newframe = frame.copy()`
  X_df["uid_count"]      = uid_series.groupby(by=uid_series).transform("count").astype(np.float32).values
/app/data/loader.py:134: PerformanceWarning: DataFrame is highly fragmented.  This is usually the result of calling `frame.insert` many times, which has poor performance.  Consider joining all columns at once using pd.concat(axis=1) instead. To get a de-fragmented frame, use `newframe = frame.copy()`
  X_df["uid_amt_mean"]   = amt_series.groupby(by=uid_series).transform("mean").astype(np.float32).values
/app/data/loader.py:135: PerformanceWarning: DataFrame is highly fragmented.  This is usually the result of calling `frame.insert` many times, which has poor performance.  Consider joining all columns at once using pd.concat(axis=1) instead. To get a de-fragmented frame, use `newframe = frame.copy()`
  X_df["uid_amt_std"]    = amt_series.groupby(by=uid_series).transform("std").fillna(0).astype(np.float32).values
/app/data/loader.py:142: PerformanceWarning: DataFrame is highly fragmented.  This is usually the result of calling `frame.insert` many times, which has poor performance.  Consider joining all columns at once using pd.concat(axis=1) instead. To get a de-fragmented frame, use `newframe = frame.copy()`
  X_df["log_TransactionAmt"] = np.log1p(
/app/data/loader.py:147: PerformanceWarning: DataFrame is highly fragmented.  This is usually the result of calling `frame.insert` many times, which has poor performance.  Consider joining all columns at once using pd.concat(axis=1) instead. To get a de-fragmented frame, use `newframe = frame.copy()`
  X_df["amt_uid_ratio"] = (
  Train samples: 120000
  Test samples:  30000
  Input dim: 122
Strategy: CascadeRouter

Starting FL simulation:
  Clients:      10
  Rounds:       50
  Adversaries:  1
  Attack:       sign_flip
[93mWARNING [0m:   DEPRECATED FEATURE: flwr.simulation.start_simulation() is deprecated.
	Instead, use the `flwr run` CLI command to start a local simulation in your Flower app, as shown for example below:

		$ flwr new  # Create a new Flower app from a template

		$ flwr run  # Run the Flower app in Simulation Mode

	Using `start_simulation()` is deprecated.

            This is a deprecated feature. It will be removed
            entirely in future versions of Flower.
        
[92mINFO [0m:      Starting Flower simulation, config: num_rounds=50, no round_timeout
2026-09-16 01:47:11,912	INFO worker.py:2024 -- Started a local Ray instance.
[92mINFO [0m:      Flower VCE: Ray initialized with resources: {'memory': 4783312487.0, 'GPU': 1.0, 'CPU': 20.0, 'accelerator_type:GeForce-RTX-3060': 1.0, 'object_store_memory': 2049991065.0, 'node:__internal_head__': 1.0, 'node:172.18.0.2': 1.0}
[92mINFO [0m:      Optimize your simulation with Flower VCE: https://flower.ai/docs/framework/how-to-run-simulations.html
[92mINFO [0m:      Flower VCE: Resources for each Virtual Client: {'num_cpus': 10, 'num_gpus': 0.5}
[92mINFO [0m:      Flower VCE: Creating VirtualClientEngineActorPool with 2 actors
[92mINFO [0m:      [INIT]
[92mINFO [0m:      Requesting initial parameters from one random client
[36m(ClientAppActor pid=280109)[0m [93mWARNING [0m:   DEPRECATED FEATURE: `client_fn` now expects a signature `def client_fn(context: Context)`.The provided `client_fn` has signature: {'cid': <Parameter "cid: str">}. You can import the `Context` like this: `from flwr.app import Context`
[36m(ClientAppActor pid=280109)[0m 
[36m(ClientAppActor pid=280109)[0m             This is a deprecated feature. It will be removed
[36m(ClientAppActor pid=280109)[0m             entirely in future versions of Flower.
[36m(ClientAppActor pid=280109)[0m         
[92mINFO [0m:      Received initial parameters from one random client
[92mINFO [0m:      Starting evaluation of initial global parameters
[92mINFO [0m:      Evaluation returned no results (`None`)
[92mINFO [0m:      
[92mINFO [0m:      [ROUND 1]
[92mINFO [0m:      configure_fit: strategy sampled 10 clients (out of 10)
[36m(ClientAppActor pid=280109)[0m [93mWARNING [0m:   DEPRECATED FEATURE: `client_fn` now expects a signature `def client_fn(context: Context)`.The provided `client_fn` has signature: {'cid': <Parameter "cid: str">}. You can import the `Context` like this: `from flwr.app import Context`
[36m(ClientAppActor pid=280109)[0m 
[36m(ClientAppActor pid=280109)[0m             This is a deprecated feature. It will be removed
[36m(ClientAppActor pid=280109)[0m             entirely in future versions of Flower.
[36m(ClientAppActor pid=280109)[0m         
[36m(ClientAppActor pid=280109)[0m [Client 0] Training on NVIDIA GeForce RTX 3060
[36m(ClientAppActor pid=280105)[0m 
[36m(ClientAppActor pid=280105)[0m         
[36m(ClientAppActor pid=280105)[0m 
[36m(ClientAppActor pid=280105)[0m         
[36m(ClientAppActor pid=280109)[0m 
[36m(ClientAppActor pid=280109)[0m         
[36m(ClientAppActor pid=280109)[0m [93mWARNING [0m:   DEPRECATED FEATURE: `client_fn` now expects a signature `def client_fn(context: Context)`.The provided `client_fn` has signature: {'cid': <Parameter "cid: str">}. You can import the `Context` like this: `from flwr.app import Context`[32m [repeated 3x across cluster] (Ray deduplicates logs by default. Set RAY_DEDUP_LOGS=0 to disable log deduplication, or see https://docs.ray.io/en/master/ray-observability/user-guides/configure-logging.html#log-deduplication for more options.)[0m
[36m(ClientAppActor pid=280109)[0m             This is a deprecated feature. It will be removed[32m [repeated 3x across cluster][0m
[36m(ClientAppActor pid=280109)[0m             entirely in future versions of Flower.[32m [repeated 3x across cluster][0m
[36m(ClientAppActor pid=280105)[0m 
[36m(ClientAppActor pid=280105)[0m         
[36m(ClientAppActor pid=280105)[0m [Client 6] Training on NVIDIA GeForce RTX 3060[32m [repeated 4x across cluster][0m
[36m(ClientAppActor pid=280105)[0m 
[36m(ClientAppActor pid=280105)[0m         
[36m(ClientAppActor pid=280105)[0m 
[36m(ClientAppActor pid=280105)[0m         
[36m(ClientAppActor pid=280109)[0m 
[36m(ClientAppActor pid=280109)[0m         
[36m(ClientAppActor pid=280105)[0m 
[36m(ClientAppActor pid=280105)[0m         
[36m(ClientAppActor pid=280105)[0m 
[36m(ClientAppActor pid=280105)[0m         
[92mINFO [0m:      aggregate_fit: received 10 results and 0 failures
[CascadeRouter] Round 1: 10 clients, 24578 parameters/client
[92mINFO [0m:      configure_evaluate: strategy sampled 10 clients (out of 10)
INFO:flwr:configure_evaluate: strategy sampled 10 clients (out of 10)
[36m(ClientAppActor pid=280109)[0m 
[36m(ClientAppActor pid=280109)[0m         
[36m(ClientAppActor pid=280109)[0m [93mWARNING [0m:   DEPRECATED FEATURE: `client_fn` now expects a signature `def client_fn(context: Context)`.The provided `client_fn` has signature: {'cid': <Parameter "cid: str">}. You can import the `Context` like this: `from flwr.app import Context`[32m [repeated 7x across cluster][0m
[36m(ClientAppActor pid=280109)[0m             This is a deprecated feature. It will be removed[32m [repeated 7x across cluster][0m
[36m(ClientAppActor pid=280109)[0m             entirely in future versions of Flower.[32m [repeated 7x across cluster][0m
[36m(ClientAppActor pid=280105)[0m 
[36m(ClientAppActor pid=280105)[0m         
[36m(ClientAppActor pid=280105)[0m 
[36m(ClientAppActor pid=280105)[0m         
[36m(ClientAppActor pid=280109)[0m 
[36m(ClientAppActor pid=280109)[0m         
[36m(ClientAppActor pid=280109)[0m 
[36m(ClientAppActor pid=280109)[0m         
[36m(ClientAppActor pid=280105)[0m 
[36m(ClientAppActor pid=280105)[0m         
[36m(ClientAppActor pid=280109)[0m 
[36m(ClientAppActor pid=280109)[0m         
[36m(ClientAppActor pid=280105)[0m 
[36m(ClientAppActor pid=280105)[0m         
[36m(ClientAppActor pid=280105)[0m 
[36m(ClientAppActor pid=280105)[0m         
[36m(ClientAppActor pid=280109)[0m 
[36m(ClientAppActor pid=280109)[0m         
[92mINFO [0m:      aggregate_evaluate: received 10 results and 0 failures
INFO:flwr:aggregate_evaluate: received 10 results and 0 failures
[92mINFO [0m:      
INFO:flwr:
[92mINFO [0m:      [ROUND 2]
INFO:flwr:[ROUND 2]
[92mINFO [0m:      configure_fit: strategy sampled 10 clients (out of 10)
INFO:flwr:configure_fit: strategy sampled 10 clients (out of 10)
[36m(ClientAppActor pid=280105)[0m 
[36m(ClientAppActor pid=280105)[0m         
[36m(ClientAppActor pid=280109)[0m 
[36m(ClientAppActor pid=280109)[0m         
[36m(ClientAppActor pid=280105)[0m [Client 8] Training on NVIDIA GeForce RTX 3060[32m [repeated 6x across cluster][0m
[36m(ClientAppActor pid=280109)[0m 
[36m(ClientAppActor pid=280109)[0m         
[36m(ClientAppActor pid=280105)[0m 
[36m(ClientAppActor pid=280105)[0m         
[36m(ClientAppActor pid=280105)[0m 
[36m(ClientAppActor pid=280105)[0m         
[36m(ClientAppActor pid=280105)[0m [93mWARNING [0m:   DEPRECATED FEATURE: `client_fn` now expects a signature `def client_fn(context: Context)`.The provided `client_fn` has signature: {'cid': <Parameter "cid: str">}. You can import the `Context` like this: `from flwr.app import Context`[32m [repeated 14x across cluster][0m
[36m(ClientAppActor pid=280105)[0m             This is a deprecated feature. It will be removed[32m [repeated 14x across cluster][0m
[36m(ClientAppActor pid=280105)[0m             entirely in future versions of Flower.[32m [repeated 14x across cluster][0m
[36m(ClientAppActor pid=280105)[0m 
[36m(ClientAppActor pid=280105)[0m         
[36m(ClientAppActor pid=280109)[0m 
[36m(ClientAppActor pid=280109)[0m         
[36m(ClientAppActor pid=280109)[0m [Client 2] Training on NVIDIA GeForce RTX 3060[32m [repeated 6x across cluster][0m
[36m(ClientAppActor pid=280109)[0m 
[36m(ClientAppActor pid=280109)[0m         
[36m(ClientAppActor pid=280109)[0m 
[36m(ClientAppActor pid=280109)[0m         
[36m(ClientAppActor pid=280109)[0m 
[36m(ClientAppActor pid=280109)[0m         
[92mINFO [0m:      aggregate_fit: received 10 results and 0 failures
INFO:flwr:aggregate_fit: received 10 results and 0 failures
[CascadeRouter] Round 2: 10 clients, 24578 parameters/client
[92mINFO [0m:      configure_evaluate: strategy sampled 10 clients (out of 10)
INFO:flwr:configure_evaluate: strategy sampled 10 clients (out of 10)
[36m(ClientAppActor pid=280105)[0m 
[36m(ClientAppActor pid=280105)[0m         
[36m(ClientAppActor pid=280105)[0m [93mWARNING [0m:   DEPRECATED FEATURE: `client_fn` now expects a signature `def client_fn(context: Context)`.The provided `client_fn` has signature: {'cid': <Parameter "cid: str">}. You can import the `Context` like this: `from flwr.app import Context`[32m [repeated 6x across cluster][0m
[36m(ClientAppActor pid=280105)[0m             This is a deprecated feature. It will be removed[32m [repeated 6x across cluster][0m
[36m(ClientAppActor pid=280105)[0m             entirely in future versions of Flower.[32m [repeated 6x across cluster][0m
[36m(ClientAppActor pid=280109)[0m 
[36m(ClientAppActor pid=280109)[0m         
[36m(ClientAppActor pid=280105)[0m 
[36m(ClientAppActor pid=280105)[0m         
[36m(ClientAppActor pid=280109)[0m 
[36m(ClientAppActor pid=280109)[0m         
[36m(ClientAppActor pid=280105)[0m 
[36m(ClientAppActor pid=280105)[0m         
[36m(ClientAppActor pid=280109)[0m 
[36m(ClientAppActor pid=280109)[0m         
[36m(ClientAppActor pid=280105)[0m 
[36m(ClientAppActor pid=280105)[0m         
[36m(ClientAppActor pid=280109)[0m 
[36m(ClientAppActor pid=280109)[0m         
[36m(ClientAppActor pid=280105)[0m 
[36m(ClientAppActor pid=280105)[0m         
[36m(ClientAppActor pid=280109)[0m 
[36m(ClientAppActor pid=280109)[0m         
[92mINFO [0m:      aggregate_evaluate: received 10 results and 0 failures
INFO:flwr:aggregate_evaluate: received 10 results and 0 failures
[92mINFO [0m:      
INFO:flwr:
[92mINFO [0m:      [ROUND 3]
INFO:flwr:[ROUND 3]
[92mINFO [0m:      configure_fit: strategy sampled 10 clients (out of 10)
INFO:flwr:configure_fit: strategy sampled 10 clients (out of 10)
[36m(ClientAppActor pid=280109)[0m 
[36m(ClientAppActor pid=280109)[0m         
[36m(ClientAppActor pid=280109)[0m [Client 3] Training on NVIDIA GeForce RTX 3060[32m [repeated 4x across cluster][0m
[36m(ClientAppActor pid=280105)[0m 
[36m(ClientAppActor pid=280105)[0m         
[36m(ClientAppActor pid=280105)[0m 
[36m(ClientAppActor pid=280105)[0m         
[36m(ClientAppActor pid=280109)[0m 
[36m(ClientAppActor pid=280109)[0m         
[36m(ClientAppActor pid=280105)[0m 
[36m(ClientAppActor pid=280105)[0m         
[36m(ClientAppActor pid=280109)[0m 
[36m(ClientAppActor pid=280109)[0m         
[36m(ClientAppActor pid=280105)[0m 
[36m(ClientAppActor pid=280105)[0m         
[36m(ClientAppActor pid=280105)[0m [93mWARNING [0m:   DEPRECATED FEATURE: `client_fn` now expects a signature `def client_fn(context: Context)`.The provided `client_fn` has signature: {'cid': <Parameter "cid: str">}. You can import the `Context` like this: `from flwr.app import Context`[32m [repeated 16x across cluster][0m
[36m(ClientAppActor pid=280105)[0m             This is a deprecated feature. It will be removed[32m [repeated 16x across cluster][0m
[36m(ClientAppActor pid=280105)[0m             entirely in future versions of Flower.[32m [repeated 16x across cluster][0m
[36m(ClientAppActor pid=280105)[0m 
[36m(ClientAppActor pid=280105)[0m         
[36m(ClientAppActor pid=280105)[0m 
[36m(ClientAppActor pid=280105)[0m         
[36m(ClientAppActor pid=280105)[0m 
[36m(ClientAppActor pid=280105)[0m         
[36m(ClientAppActor pid=280105)[0m [93mWARNING [0m:   DEPRECATED FEATURE: `client_fn` now expects a signature `def client_fn(context: Context)`.The provided `client_fn` has signature: {'cid': <Parameter "cid: str">}. You can import the `Context` like this: `from flwr.app import Context`[32m [repeated 3x across cluster][0m
[36m(ClientAppActor pid=280105)[0m             This is a deprecated feature. It will be removed[32m [repeated 3x across cluster][0m
[36m(ClientAppActor pid=280105)[0m             entirely in future versions of Flower.[32m [repeated 3x across cluster][0m
[36m(ClientAppActor pid=280105)[0m [Client 2] Training on NVIDIA GeForce RTX 3060[32m [repeated 9x across cluster][0m
[92mINFO [0m:      aggregate_fit: received 10 results and 0 failures
INFO:flwr:aggregate_fit: received 10 results and 0 failures
[CascadeRouter] Round 3: 10 clients, 24578 parameters/client
[92mINFO [0m:      configure_evaluate: strategy sampled 10 clients (out of 10)
INFO:flwr:configure_evaluate: strategy sampled 10 clients (out of 10)
[36m(ClientAppActor pid=280109)[0m 
[36m(ClientAppActor pid=280109)[0m         
[36m(ClientAppActor pid=280105)[0m 
[36m(ClientAppActor pid=280105)[0m         
[36m(ClientAppActor pid=280105)[0m 
[36m(ClientAppActor pid=280105)[0m         
[36m(ClientAppActor pid=280109)[0m 
[36m(ClientAppActor pid=280109)[0m         
[36m(ClientAppActor pid=280109)[0m 
[36m(ClientAppActor pid=280109)[0m         
[36m(ClientAppActor pid=280105)[0m 
[36m(ClientAppActor pid=280105)[0m         
[36m(ClientAppActor pid=280109)[0m 
[36m(ClientAppActor pid=280109)[0m         
[36m(ClientAppActor pid=280105)[0m 
[36m(ClientAppActor pid=280105)[0m         
[36m(ClientAppActor pid=280109)[0m 
[36m(ClientAppActor pid=280109)[0m         
[36m(ClientAppActor pid=280105)[0m 
[36m(ClientAppActor pid=280105)[0m         
[92mINFO [0m:      aggregate_evaluate: received 10 results and 0 failures
INFO:flwr:aggregate_evaluate: received 10 results and 0 failures
[92mINFO [0m:      
INFO:flwr:
[92mINFO [0m:      [ROUND 4]
INFO:flwr:[ROUND 4]
[92mINFO [0m:      configure_fit: strategy sampled 10 clients (out of 10)
INFO:flwr:configure_fit: strategy sampled 10 clients (out of 10)
[36m(ClientAppActor pid=280105)[0m 
[36m(ClientAppActor pid=280105)[0m         
[36m(ClientAppActor pid=280109)[0m 
[36m(ClientAppActor pid=280109)[0m         
[36m(ClientAppActor pid=280105)[0m 
[36m(ClientAppActor pid=280105)[0m         
[36m(ClientAppActor pid=280109)[0m 
[36m(ClientAppActor pid=280109)[0m         
[36m(ClientAppActor pid=280109)[0m 
[36m(ClientAppActor pid=280109)[0m         
[36m(ClientAppActor pid=280109)[0m [93mWARNING [0m:   DEPRECATED FEATURE: `client_fn` now expects a signature `def client_fn(context: Context)`.The provided `client_fn` has signature: {'cid': <Parameter "cid: str">}. You can import the `Context` like this: `from flwr.app import Context`[32m [repeated 15x across cluster][0m
[36m(ClientAppActor pid=280109)[0m             This is a deprecated feature. It will be removed[32m [repeated 15x across cluster][0m
[36m(ClientAppActor pid=280109)[0m             entirely in future versions of Flower.[32m [repeated 15x across cluster][0m
[36m(ClientAppActor pid=280109)[0m [Client 5] Training on NVIDIA GeForce RTX 3060[32m [repeated 5x across cluster][0m
[36m(ClientAppActor pid=280105)[0m 
[36m(ClientAppActor pid=280105)[0m         
[36m(ClientAppActor pid=280105)[0m 
[36m(ClientAppActor pid=280105)[0m         
[36m(ClientAppActor pid=280105)[0m 
[36m(ClientAppActor pid=280105)[0m         
[36m(ClientAppActor pid=280105)[0m 
[36m(ClientAppActor pid=280105)[0m         
[36m(ClientAppActor pid=280109)[0m 
[36m(ClientAppActor pid=280109)[0m         
[92mINFO [0m:      aggregate_fit: received 10 results and 0 failures
INFO:flwr:aggregate_fit: received 10 results and 0 failures
[CascadeRouter] Round 4: 10 clients, 24578 parameters/client
[92mINFO [0m:      configure_evaluate: strategy sampled 10 clients (out of 10)
INFO:flwr:configure_evaluate: strategy sampled 10 clients (out of 10)
[36m(ClientAppActor pid=280109)[0m 
[36m(ClientAppActor pid=280109)[0m         
[36m(ClientAppActor pid=280109)[0m [93mWARNING [0m:   DEPRECATED FEATURE: `client_fn` now expects a signature `def client_fn(context: Context)`.The provided `client_fn` has signature: {'cid': <Parameter "cid: str">}. You can import the `Context` like this: `from flwr.app import Context`[32m [repeated 6x across cluster][0m
[36m(ClientAppActor pid=280109)[0m             This is a deprecated feature. It will be removed[32m [repeated 6x across cluster][0m
[36m(ClientAppActor pid=280109)[0m             entirely in future versions of Flower.[32m [repeated 6x across cluster][0m
[36m(ClientAppActor pid=280105)[0m 
[36m(ClientAppActor pid=280105)[0m         
[36m(ClientAppActor pid=280105)[0m 
[36m(ClientAppActor pid=280105)[0m         
[36m(ClientAppActor pid=280109)[0m 
[36m(ClientAppActor pid=280109)[0m         
[36m(ClientAppActor pid=280109)[0m 
[36m(ClientAppActor pid=280109)[0m         
[36m(ClientAppActor pid=280105)[0m 
[36m(ClientAppActor pid=280105)[0m         
[36m(ClientAppActor pid=280105)[0m 
[36m(ClientAppActor pid=280105)[0m         
[36m(ClientAppActor pid=280109)[0m 
[36m(ClientAppActor pid=280109)[0m         
[36m(ClientAppActor pid=280109)[0m 
[36m(ClientAppActor pid=280109)[0m         
[36m(ClientAppActor pid=280105)[0m 
[36m(ClientAppActor pid=280105)[0m         
[92mINFO [0m:      aggregate_evaluate: received 10 results and 0 failures
INFO:flwr:aggregate_evaluate: received 10 results and 0 failures
[92mINFO [0m:      
INFO:flwr:
[92mINFO [0m:      [ROUND 5]
INFO:flwr:[ROUND 5]
[92mINFO [0m:      configure_fit: strategy sampled 10 clients (out of 10)
INFO:flwr:configure_fit: strategy sampled 10 clients (out of 10)
[36m(ClientAppActor pid=280105)[0m 
[36m(ClientAppActor pid=280105)[0m         
[36m(ClientAppActor pid=280105)[0m [Client 7] Training on NVIDIA GeForce RTX 3060[32m [repeated 6x across cluster][0m
[36m(ClientAppActor pid=280109)[0m 
[36m(ClientAppActor pid=280109)[0m         
[36m(ClientAppActor pid=280105)[0m 
[36m(ClientAppActor pid=280105)[0m         
[36m(ClientAppActor pid=280105)[0m 
[36m(ClientAppActor pid=280105)[0m         
[36m(ClientAppActor pid=280109)[0m 
[36m(ClientAppActor pid=280109)[0m         
[36m(ClientAppActor pid=280105)[0m 
[36m(ClientAppActor pid=280105)[0m         
[36m(ClientAppActor pid=280105)[0m 
[36m(ClientAppActor pid=280105)[0m         
[36m(ClientAppActor pid=280105)[0m [93mWARNING [0m:   DEPRECATED FEATURE: `client_fn` now expects a signature `def client_fn(context: Context)`.The provided `client_fn` has signature: {'cid': <Parameter "cid: str">}. You can import the `Context` like this: `from flwr.app import Context`[32m [repeated 16x across cluster][0m
[36m(ClientAppActor pid=280105)[0m             This is a deprecated feature. It will be removed[32m [repeated 16x across cluster][0m
[36m(ClientAppActor pid=280105)[0m             entirely in future versions of Flower.[32m [repeated 16x across cluster][0m
[36m(ClientAppActor pid=280109)[0m 
[36m(ClientAppActor pid=280109)[0m         
[36m(ClientAppActor pid=280109)[0m [Client 6] Training on NVIDIA GeForce RTX 3060[32m [repeated 7x across cluster][0m
[36m(ClientAppActor pid=280105)[0m 
[36m(ClientAppActor pid=280105)[0m         
[36m(ClientAppActor pid=280109)[0m 
[36m(ClientAppActor pid=280109)[0m         
[92mINFO [0m:      aggregate_fit: received 10 results and 0 failures
INFO:flwr:aggregate_fit: received 10 results and 0 failures
[CascadeRouter] Round 5: 10 clients, 24578 parameters/client
[92mINFO [0m:      configure_evaluate: strategy sampled 10 clients (out of 10)
INFO:flwr:configure_evaluate: strategy sampled 10 clients (out of 10)
[36m(ClientAppActor pid=280105)[0m 
[36m(ClientAppActor pid=280105)[0m         
[36m(ClientAppActor pid=280105)[0m [93mWARNING [0m:   DEPRECATED FEATURE: `client_fn` now expects a signature `def client_fn(context: Context)`.The provided `client_fn` has signature: {'cid': <Parameter "cid: str">}. You can import the `Context` like this: `from flwr.app import Context`[32m [repeated 4x across cluster][0m
[36m(ClientAppActor pid=280105)[0m             This is a deprecated feature. It will be removed[32m [repeated 4x across cluster][0m
[36m(ClientAppActor pid=280105)[0m             entirely in future versions of Flower.[32m [repeated 4x across cluster][0m
[36m(ClientAppActor pid=280109)[0m 
[36m(ClientAppActor pid=280109)[0m         
[36m(ClientAppActor pid=280105)[0m 
[36m(ClientAppActor pid=280105)[0m         
[36m(ClientAppActor pid=280109)[0m 
[36m(ClientAppActor pid=280109)[0m         
[36m(ClientAppActor pid=280105)[0m 
[36m(ClientAppActor pid=280105)[0m         
[36m(ClientAppActor pid=280109)[0m 
[36m(ClientAppActor pid=280109)[0m         
[36m(ClientAppActor pid=280109)[0m 
[36m(ClientAppActor pid=280109)[0m         
[36m(ClientAppActor pid=280105)[0m 
[36m(ClientAppActor pid=280105)[0m         
[36m(ClientAppActor pid=280109)[0m 
[36m(ClientAppActor pid=280109)[0m         
[36m(ClientAppActor pid=280105)[0m 
[36m(ClientAppActor pid=280105)[0m         
[92mINFO [0m:      aggregate_evaluate: received 10 results and 0 failures
INFO:flwr:aggregate_evaluate: received 10 results and 0 failures
[92mINFO [0m:      
INFO:flwr:
[92mINFO [0m:      [ROUND 6]
INFO:flwr:[ROUND 6]
[92mINFO [0m:      configure_fit: strategy sampled 10 clients (out of 10)
INFO:flwr:configure_fit: strategy sampled 10 clients (out of 10)
[36m(ClientAppActor pid=280105)[0m 
[36m(ClientAppActor pid=280105)[0m         
[36m(ClientAppActor pid=280105)[0m [Client 1] Training on NVIDIA GeForce RTX 3060[32m [repeated 3x across cluster][0m
[36m(ClientAppActor pid=280109)[0m 
[36m(ClientAppActor pid=280109)[0m         
[36m(ClientAppActor pid=280109)[0m 
[36m(ClientAppActor pid=280109)[0m         
[36m(ClientAppActor pid=280109)[0m 
[36m(ClientAppActor pid=280109)[0m         
[36m(ClientAppActor pid=280109)[0m 
[36m(ClientAppActor pid=280109)[0m         
[36m(ClientAppActor pid=280109)[0m [93mWARNING [0m:   DEPRECATED FEATURE: `client_fn` now expects a signature `def client_fn(context: Context)`.The provided `client_fn` has signature: {'cid': <Parameter "cid: str">}. You can import the `Context` like this: `from flwr.app import Context`[32m [repeated 14x across cluster][0m
[36m(ClientAppActor pid=280109)[0m             This is a deprecated feature. It will be removed[32m [repeated 14x across cluster][0m
[36m(ClientAppActor pid=280109)[0m             entirely in future versions of Flower.[32m [repeated 14x across cluster][0m
[36m(ClientAppActor pid=280109)[0m 
[36m(ClientAppActor pid=280109)[0m         
[36m(ClientAppActor pid=280109)[0m 
[36m(ClientAppActor pid=280109)[0m         
[36m(ClientAppActor pid=280109)[0m [Client 4] Training on NVIDIA GeForce RTX 3060[32m [repeated 6x across cluster][0m
[36m(ClientAppActor pid=280105)[0m 
[36m(ClientAppActor pid=280105)[0m         
[36m(ClientAppActor pid=280105)[0m [93mWARNING [0m:   DEPRECATED FEATURE: `client_fn` now expects a signature `def client_fn(context: Context)`.The provided `client_fn` has signature: {'cid': <Parameter "cid: str">}. You can import the `Context` like this: `from flwr.app import Context`[32m [repeated 3x across cluster][0m
[36m(ClientAppActor pid=280105)[0m             This is a deprecated feature. It will be removed[32m [repeated 3x across cluster][0m
[36m(ClientAppActor pid=280105)[0m             entirely in future versions of Flower.[32m [repeated 3x across cluster][0m
[36m(ClientAppActor pid=280109)[0m 
[36m(ClientAppActor pid=280109)[0m         
[36m(ClientAppActor pid=280105)[0m 
[36m(ClientAppActor pid=280105)[0m         
[92mINFO [0m:      aggregate_fit: received 10 results and 0 failures
INFO:flwr:aggregate_fit: received 10 results and 0 failures
[CascadeRouter] Round 6: 10 clients, 24578 parameters/client
[92mINFO [0m:      configure_evaluate: strategy sampled 10 clients (out of 10)
INFO:flwr:configure_evaluate: strategy sampled 10 clients (out of 10)
[36m(ClientAppActor pid=280105)[0m 
[36m(ClientAppActor pid=280105)[0m         
[36m(ClientAppActor pid=280109)[0m 
[36m(ClientAppActor pid=280109)[0m         
[36m(ClientAppActor pid=280105)[0m 
[36m(ClientAppActor pid=280105)[0m         
[36m(ClientAppActor pid=280109)[0m 
[36m(ClientAppActor pid=280109)[0m         
[36m(ClientAppActor pid=280105)[0m 
[36m(ClientAppActor pid=280105)[0m         
[36m(ClientAppActor pid=280109)[0m 
[36m(ClientAppActor pid=280109)[0m         
[36m(ClientAppActor pid=280105)[0m 
[36m(ClientAppActor pid=280105)[0m         
[36m(ClientAppActor pid=280109)[0m 
[36m(ClientAppActor pid=280109)[0m         
[36m(ClientAppActor pid=280105)[0m 
[36m(ClientAppActor pid=280105)[0m         
[36m(ClientAppActor pid=280109)[0m 
[36m(ClientAppActor pid=280109)[0m         
[92mINFO [0m:      aggregate_evaluate: received 10 results and 0 failures
INFO:flwr:aggregate_evaluate: received 10 results and 0 failures
[92mINFO [0m:      
INFO:flwr:
[92mINFO [0m:      [ROUND 7]
INFO:flwr:[ROUND 7]
[92mINFO [0m:      configure_fit: strategy sampled 10 clients (out of 10)
INFO:flwr:configure_fit: strategy sampled 10 clients (out of 10)
[36m(ClientAppActor pid=280109)[0m 
[36m(ClientAppActor pid=280109)[0m         
[36m(ClientAppActor pid=280105)[0m 
[36m(ClientAppActor pid=280105)[0m         
[36m(ClientAppActor pid=280109)[0m 
[36m(ClientAppActor pid=280109)[0m         
[36m(ClientAppActor pid=280109)[0m 
[36m(ClientAppActor pid=280109)[0m         
[36m(ClientAppActor pid=280109)[0m [Client 2] Training on NVIDIA GeForce RTX 3060[32m [repeated 7x across cluster][0m
[36m(ClientAppActor pid=280105)[0m 
[36m(ClientAppActor pid=280105)[0m         
[36m(ClientAppActor pid=280105)[0m [93mWARNING [0m:   DEPRECATED FEATURE: `client_fn` now expects a signature `def client_fn(context: Context)`.The provided `client_fn` has signature: {'cid': <Parameter "cid: str">}. You can import the `Context` like this: `from flwr.app import Context`[32m [repeated 17x across cluster][0m
[36m(ClientAppActor pid=280105)[0m             This is a deprecated feature. It will be removed[32m [repeated 17x across cluster][0m
[36m(ClientAppActor pid=280105)[0m             entirely in future versions of Flower.[32m [repeated 17x across cluster][0m
[36m(ClientAppActor pid=280109)[0m 
[36m(ClientAppActor pid=280109)[0m         
[36m(ClientAppActor pid=280109)[0m 
[36m(ClientAppActor pid=280109)[0m         
[36m(ClientAppActor pid=280109)[0m 
[36m(ClientAppActor pid=280109)[0m         
[36m(ClientAppActor pid=280105)[0m 
[36m(ClientAppActor pid=280105)[0m         
[36m(ClientAppActor pid=280109)[0m 
[36m(ClientAppActor pid=280109)[0m         
[36m(ClientAppActor pid=280109)[0m [93mWARNING [0m:   DEPRECATED FEATURE: `client_fn` now expects a signature `def client_fn(context: Context)`.The provided `client_fn` has signature: {'cid': <Parameter "cid: str">}. You can import the `Context` like this: `from flwr.app import Context`[32m [repeated 5x across cluster][0m
[36m(ClientAppActor pid=280109)[0m             This is a deprecated feature. It will be removed[32m [repeated 5x across cluster][0m
[36m(ClientAppActor pid=280109)[0m             entirely in future versions of Flower.[32m [repeated 5x across cluster][0m
[36m(ClientAppActor pid=280109)[0m [Client 0] Training on NVIDIA GeForce RTX 3060[32m [repeated 6x across cluster][0m
[92mINFO [0m:      aggregate_fit: received 10 results and 0 failures
INFO:flwr:aggregate_fit: received 10 results and 0 failures
[CascadeRouter] Round 7: 10 clients, 24578 parameters/client
[92mINFO [0m:      configure_evaluate: strategy sampled 10 clients (out of 10)
INFO:flwr:configure_evaluate: strategy sampled 10 clients (out of 10)
[36m(ClientAppActor pid=280105)[0m 
[36m(ClientAppActor pid=280105)[0m         
[36m(ClientAppActor pid=280109)[0m 
[36m(ClientAppActor pid=280109)[0m         
[36m(ClientAppActor pid=280105)[0m 
[36m(ClientAppActor pid=280105)[0m         
[36m(ClientAppActor pid=280109)[0m 
[36m(ClientAppActor pid=280109)[0m         
[36m(ClientAppActor pid=280105)[0m 
[36m(ClientAppActor pid=280105)[0m         
[36m(ClientAppActor pid=280109)[0m 
[36m(ClientAppActor pid=280109)[0m         
[36m(ClientAppActor pid=280105)[0m 
[36m(ClientAppActor pid=280105)[0m         
[36m(ClientAppActor pid=280109)[0m 
[36m(ClientAppActor pid=280109)[0m         
[36m(ClientAppActor pid=280105)[0m 
[36m(ClientAppActor pid=280105)[0m         
[36m(ClientAppActor pid=280109)[0m 
[36m(ClientAppActor pid=280109)[0m         
[92mINFO [0m:      aggregate_evaluate: received 10 results and 0 failures
INFO:flwr:aggregate_evaluate: received 10 results and 0 failures
[92mINFO [0m:      
INFO:flwr:
[92mINFO [0m:      [ROUND 8]
INFO:flwr:[ROUND 8]
[92mINFO [0m:      configure_fit: strategy sampled 10 clients (out of 10)
INFO:flwr:configure_fit: strategy sampled 10 clients (out of 10)
[36m(ClientAppActor pid=280109)[0m 
[36m(ClientAppActor pid=280109)[0m         
[36m(ClientAppActor pid=280109)[0m [93mWARNING [0m:   DEPRECATED FEATURE: `client_fn` now expects a signature `def client_fn(context: Context)`.The provided `client_fn` has signature: {'cid': <Parameter "cid: str">}. You can import the `Context` like this: `from flwr.app import Context`[32m [repeated 11x across cluster][0m
[36m(ClientAppActor pid=280109)[0m             This is a deprecated feature. It will be removed[32m [repeated 11x across cluster][0m
[36m(ClientAppActor pid=280109)[0m             entirely in future versions of Flower.[32m [repeated 11x across cluster][0m
[36m(ClientAppActor pid=280109)[0m [Client 8] Training on NVIDIA GeForce RTX 3060
[36m(ClientAppActor pid=280105)[0m 
[36m(ClientAppActor pid=280105)[0m         
[36m(ClientAppActor pid=280105)[0m [Client 0] Training on NVIDIA GeForce RTX 3060
[36m(ClientAppActor pid=280105)[0m 
[36m(ClientAppActor pid=280105)[0m         
[36m(ClientAppActor pid=280105)[0m [Client 5] Training on NVIDIA GeForce RTX 3060
[36m(ClientAppActor pid=280109)[0m 
[36m(ClientAppActor pid=280109)[0m         
[36m(ClientAppActor pid=280109)[0m 
[36m(ClientAppActor pid=280109)[0m         
[36m(ClientAppActor pid=280109)[0m 
[36m(ClientAppActor pid=280109)[0m         
[36m(ClientAppActor pid=280105)[0m 
[36m(ClientAppActor pid=280105)[0m         
[36m(ClientAppActor pid=280105)[0m [93mWARNING [0m:   DEPRECATED FEATURE: `client_fn` now expects a signature `def client_fn(context: Context)`.The provided `client_fn` has signature: {'cid': <Parameter "cid: str">}. You can import the `Context` like this: `from flwr.app import Context`[32m [repeated 6x across cluster][0m
[36m(ClientAppActor pid=280105)[0m             This is a deprecated feature. It will be removed[32m [repeated 6x across cluster][0m
[36m(ClientAppActor pid=280105)[0m             entirely in future versions of Flower.[32m [repeated 6x across cluster][0m
[36m(ClientAppActor pid=280105)[0m [Client 7] Training on NVIDIA GeForce RTX 3060[32m [repeated 4x across cluster][0m
[36m(ClientAppActor pid=280109)[0m 
[36m(ClientAppActor pid=280109)[0m         
[36m(ClientAppActor pid=280105)[0m 
[36m(ClientAppActor pid=280105)[0m         
[36m(ClientAppActor pid=280109)[0m 
[36m(ClientAppActor pid=280109)[0m         
[92mINFO [0m:      aggregate_fit: received 10 results and 0 failures
INFO:flwr:aggregate_fit: received 10 results and 0 failures
[CascadeRouter] Round 8: 10 clients, 24578 parameters/client
[92mINFO [0m:      configure_evaluate: strategy sampled 10 clients (out of 10)
INFO:flwr:configure_evaluate: strategy sampled 10 clients (out of 10)
[36m(ClientAppActor pid=280105)[0m 
[36m(ClientAppActor pid=280105)[0m         
[36m(ClientAppActor pid=280105)[0m [93mWARNING [0m:   DEPRECATED FEATURE: `client_fn` now expects a signature `def client_fn(context: Context)`.The provided `client_fn` has signature: {'cid': <Parameter "cid: str">}. You can import the `Context` like this: `from flwr.app import Context`[32m [repeated 4x across cluster][0m
[36m(ClientAppActor pid=280105)[0m             This is a deprecated feature. It will be removed[32m [repeated 4x across cluster][0m
[36m(ClientAppActor pid=280105)[0m             entirely in future versions of Flower.[32m [repeated 4x across cluster][0m
[36m(ClientAppActor pid=280109)[0m 
[36m(ClientAppActor pid=280109)[0m         
[36m(ClientAppActor pid=280105)[0m 
[36m(ClientAppActor pid=280105)[0m         
[36m(ClientAppActor pid=280109)[0m 
[36m(ClientAppActor pid=280109)[0m         
[36m(ClientAppActor pid=280105)[0m 
[36m(ClientAppActor pid=280105)[0m         
[36m(ClientAppActor pid=280109)[0m 
[36m(ClientAppActor pid=280109)[0m         
[36m(ClientAppActor pid=280105)[0m 
[36m(ClientAppActor pid=280105)[0m         
[36m(ClientAppActor pid=280109)[0m 
[36m(ClientAppActor pid=280109)[0m         
[36m(ClientAppActor pid=280105)[0m 
[36m(ClientAppActor pid=280105)[0m         
[36m(ClientAppActor pid=280109)[0m 
[36m(ClientAppActor pid=280109)[0m         
[92mINFO [0m:      aggregate_evaluate: received 10 results and 0 failures
INFO:flwr:aggregate_evaluate: received 10 results and 0 failures
[92mINFO [0m:      
INFO:flwr:
[92mINFO [0m:      [ROUND 9]
INFO:flwr:[ROUND 9]
[92mINFO [0m:      configure_fit: strategy sampled 10 clients (out of 10)
INFO:flwr:configure_fit: strategy sampled 10 clients (out of 10)
[36m(ClientAppActor pid=280109)[0m 
[36m(ClientAppActor pid=280109)[0m         
[36m(ClientAppActor pid=280109)[0m [Client 9] Training on NVIDIA GeForce RTX 3060[32m [repeated 4x across cluster][0m
[36m(ClientAppActor pid=280105)[0m 
[36m(ClientAppActor pid=280105)[0m         
[36m(ClientAppActor pid=280105)[0m 
[36m(ClientAppActor pid=280105)[0m         
[36m(ClientAppActor pid=280109)[0m 
[36m(ClientAppActor pid=280109)[0m         
[36m(ClientAppActor pid=280105)[0m 
[36m(ClientAppActor pid=280105)[0m         
[36m(ClientAppActor pid=280105)[0m [93mWARNING [0m:   DEPRECATED FEATURE: `client_fn` now expects a signature `def client_fn(context: Context)`.The provided `client_fn` has signature: {'cid': <Parameter "cid: str">}. You can import the `Context` like this: `from flwr.app import Context`[32m [repeated 14x across cluster][0m
[36m(ClientAppActor pid=280105)[0m             This is a deprecated feature. It will be removed[32m [repeated 14x across cluster][0m
[36m(ClientAppActor pid=280105)[0m             entirely in future versions of Flower.[32m [repeated 14x across cluster][0m
[36m(ClientAppActor pid=280105)[0m 
[36m(ClientAppActor pid=280105)[0m         
[36m(ClientAppActor pid=280105)[0m [Client 7] Training on NVIDIA GeForce RTX 3060[32m [repeated 5x across cluster][0m
[36m(ClientAppActor pid=280105)[0m 
[36m(ClientAppActor pid=280105)[0m         
[36m(ClientAppActor pid=280105)[0m 
[36m(ClientAppActor pid=280105)[0m         
[36m(ClientAppActor pid=280109)[0m 
[36m(ClientAppActor pid=280109)[0m         
[36m(ClientAppActor pid=280105)[0m 
[36m(ClientAppActor pid=280105)[0m         
[36m(ClientAppActor pid=280105)[0m [93mWARNING [0m:   DEPRECATED FEATURE: `client_fn` now expects a signature `def client_fn(context: Context)`.The provided `client_fn` has signature: {'cid': <Parameter "cid: str">}. You can import the `Context` like this: `from flwr.app import Context`[32m [repeated 5x across cluster][0m
[36m(ClientAppActor pid=280105)[0m             This is a deprecated feature. It will be removed[32m [repeated 5x across cluster][0m
[36m(ClientAppActor pid=280105)[0m             entirely in future versions of Flower.[32m [repeated 5x across cluster][0m
[92mINFO [0m:      aggregate_fit: received 10 results and 0 failures
INFO:flwr:aggregate_fit: received 10 results and 0 failures
[CascadeRouter] Round 9: 10 clients, 24578 parameters/client
[92mINFO [0m:      configure_evaluate: strategy sampled 10 clients (out of 10)
INFO:flwr:configure_evaluate: strategy sampled 10 clients (out of 10)
[36m(ClientAppActor pid=280105)[0m 
[36m(ClientAppActor pid=280105)[0m         
[36m(ClientAppActor pid=280109)[0m 
[36m(ClientAppActor pid=280109)[0m         
[36m(ClientAppActor pid=280109)[0m 
[36m(ClientAppActor pid=280109)[0m         
[36m(ClientAppActor pid=280105)[0m 
[36m(ClientAppActor pid=280105)[0m         
[36m(ClientAppActor pid=280109)[0m 
[36m(ClientAppActor pid=280109)[0m         
[36m(ClientAppActor pid=280105)[0m 
[36m(ClientAppActor pid=280105)[0m         
[36m(ClientAppActor pid=280105)[0m 
[36m(ClientAppActor pid=280105)[0m         
[36m(ClientAppActor pid=280109)[0m 
[36m(ClientAppActor pid=280109)[0m         
[36m(ClientAppActor pid=280105)[0m 
[36m(ClientAppActor pid=280105)[0m         
[36m(ClientAppActor pid=280109)[0m 
[36m(ClientAppActor pid=280109)[0m         
[92mINFO [0m:      aggregate_evaluate: received 10 results and 0 failures
INFO:flwr:aggregate_evaluate: received 10 results and 0 failures
[92mINFO [0m:      
INFO:flwr:
[92mINFO [0m:      [ROUND 10]
INFO:flwr:[ROUND 10]
[92mINFO [0m:      configure_fit: strategy sampled 10 clients (out of 10)
INFO:flwr:configure_fit: strategy sampled 10 clients (out of 10)
[36m(ClientAppActor pid=280105)[0m 
[36m(ClientAppActor pid=280105)[0m         
[36m(ClientAppActor pid=280109)[0m 
[36m(ClientAppActor pid=280109)[0m         
[36m(ClientAppActor pid=280105)[0m [Client 5] Training on NVIDIA GeForce RTX 3060[32m [repeated 5x across cluster][0m
[36m(ClientAppActor pid=280109)[0m 
[36m(ClientAppActor pid=280109)[0m         
[36m(ClientAppActor pid=280105)[0m 
[36m(ClientAppActor pid=280105)[0m         
[36m(ClientAppActor pid=280105)[0m [93mWARNING [0m:   DEPRECATED FEATURE: `client_fn` now expects a signature `def client_fn(context: Context)`.The provided `client_fn` has signature: {'cid': <Parameter "cid: str">}. You can import the `Context` like this: `from flwr.app import Context`[32m [repeated 14x across cluster][0m
[36m(ClientAppActor pid=280105)[0m             This is a deprecated feature. It will be removed[32m [repeated 14x across cluster][0m
[36m(ClientAppActor pid=280105)[0m             entirely in future versions of Flower.[32m [repeated 14x across cluster][0m
[36m(ClientAppActor pid=280105)[0m 
[36m(ClientAppActor pid=280105)[0m         
[36m(ClientAppActor pid=280105)[0m 
[36m(ClientAppActor pid=280105)[0m         
[36m(ClientAppActor pid=280105)[0m [Client 8] Training on NVIDIA GeForce RTX 3060[32m [repeated 5x across cluster][0m
[36m(ClientAppActor pid=280105)[0m 
[36m(ClientAppActor pid=280105)[0m         
[36m(ClientAppActor pid=280105)[0m 
[36m(ClientAppActor pid=280105)[0m         
[36m(ClientAppActor pid=280105)[0m 
[36m(ClientAppActor pid=280105)[0m         
[36m(ClientAppActor pid=280109)[0m 
[36m(ClientAppActor pid=280109)[0m         
[36m(ClientAppActor pid=280109)[0m [93mWARNING [0m:   DEPRECATED FEATURE: `client_fn` now expects a signature `def client_fn(context: Context)`.The provided `client_fn` has signature: {'cid': <Parameter "cid: str">}. You can import the `Context` like this: `from flwr.app import Context`[32m [repeated 6x across cluster][0m
[36m(ClientAppActor pid=280109)[0m             This is a deprecated feature. It will be removed[32m [repeated 6x across cluster][0m
[36m(ClientAppActor pid=280109)[0m             entirely in future versions of Flower.[32m [repeated 6x across cluster][0m
[92mINFO [0m:      aggregate_fit: received 10 results and 0 failures
INFO:flwr:aggregate_fit: received 10 results and 0 failures
[CascadeRouter] Round 10: 10 clients, 24578 parameters/client
[92mINFO [0m:      configure_evaluate: strategy sampled 10 clients (out of 10)
INFO:flwr:configure_evaluate: strategy sampled 10 clients (out of 10)
[36m(ClientAppActor pid=280105)[0m 
[36m(ClientAppActor pid=280105)[0m         
[36m(ClientAppActor pid=280109)[0m 
[36m(ClientAppActor pid=280109)[0m         
[36m(ClientAppActor pid=280109)[0m 
[36m(ClientAppActor pid=280109)[0m         
[36m(ClientAppActor pid=280105)[0m 
[36m(ClientAppActor pid=280105)[0m         
[36m(ClientAppActor pid=280109)[0m 
[36m(ClientAppActor pid=280109)[0m         
[36m(ClientAppActor pid=280105)[0m 
[36m(ClientAppActor pid=280105)[0m         
[36m(ClientAppActor pid=280109)[0m 
[36m(ClientAppActor pid=280109)[0m         
[36m(ClientAppActor pid=280105)[0m 
[36m(ClientAppActor pid=280105)[0m         
[36m(ClientAppActor pid=280105)[0m 
[36m(ClientAppActor pid=280105)[0m         
[36m(ClientAppActor pid=280109)[0m 
[36m(ClientAppActor pid=280109)[0m         
[92mINFO [0m:      aggregate_evaluate: received 10 results and 0 failures
INFO:flwr:aggregate_evaluate: received 10 results and 0 failures
[92mINFO [0m:      
INFO:flwr:
[92mINFO [0m:      [ROUND 11]
INFO:flwr:[ROUND 11]
[92mINFO [0m:      configure_fit: strategy sampled 10 clients (out of 10)
INFO:flwr:configure_fit: strategy sampled 10 clients (out of 10)
[36m(ClientAppActor pid=280105)[0m 
[36m(ClientAppActor pid=280105)[0m         
[36m(ClientAppActor pid=280109)[0m 
[36m(ClientAppActor pid=280109)[0m         
[36m(ClientAppActor pid=280105)[0m [Client 6] Training on NVIDIA GeForce RTX 3060[32m [repeated 5x across cluster][0m
[36m(ClientAppActor pid=280105)[0m 
[36m(ClientAppActor pid=280105)[0m         
[36m(ClientAppActor pid=280109)[0m 
[36m(ClientAppActor pid=280109)[0m         
[36m(ClientAppActor pid=280109)[0m [93mWARNING [0m:   DEPRECATED FEATURE: `client_fn` now expects a signature `def client_fn(context: Context)`.The provided `client_fn` has signature: {'cid': <Parameter "cid: str">}. You can import the `Context` like this: `from flwr.app import Context`[32m [repeated 14x across cluster][0m
[36m(ClientAppActor pid=280109)[0m             This is a deprecated feature. It will be removed[32m [repeated 14x across cluster][0m
[36m(ClientAppActor pid=280109)[0m             entirely in future versions of Flower.[32m [repeated 14x across cluster][0m
[36m(ClientAppActor pid=280105)[0m 
[36m(ClientAppActor pid=280105)[0m         
[36m(ClientAppActor pid=280105)[0m 
[36m(ClientAppActor pid=280105)[0m         
[36m(ClientAppActor pid=280105)[0m 
[36m(ClientAppActor pid=280105)[0m         
[36m(ClientAppActor pid=280105)[0m [Client 0] Training on NVIDIA GeForce RTX 3060[32m [repeated 6x across cluster][0m
[36m(ClientAppActor pid=280105)[0m 
[36m(ClientAppActor pid=280105)[0m         
[36m(ClientAppActor pid=280105)[0m [93mWARNING [0m:   DEPRECATED FEATURE: `client_fn` now expects a signature `def client_fn(context: Context)`.The provided `client_fn` has signature: {'cid': <Parameter "cid: str">}. You can import the `Context` like this: `from flwr.app import Context`[32m [repeated 4x across cluster][0m
[36m(ClientAppActor pid=280105)[0m             This is a deprecated feature. It will be removed[32m [repeated 4x across cluster][0m
[36m(ClientAppActor pid=280105)[0m             entirely in future versions of Flower.[32m [repeated 4x across cluster][0m
[36m(ClientAppActor pid=280105)[0m 
[36m(ClientAppActor pid=280105)[0m         
[36m(ClientAppActor pid=280105)[0m 
[36m(ClientAppActor pid=280105)[0m         
[92mINFO [0m:      aggregate_fit: received 10 results and 0 failures
INFO:flwr:aggregate_fit: received 10 results and 0 failures
[CascadeRouter] Round 11: 10 clients, 24578 parameters/client
[92mINFO [0m:      configure_evaluate: strategy sampled 10 clients (out of 10)
INFO:flwr:configure_evaluate: strategy sampled 10 clients (out of 10)
[36m(ClientAppActor pid=280109)[0m 
[36m(ClientAppActor pid=280109)[0m         
[36m(ClientAppActor pid=280105)[0m 
[36m(ClientAppActor pid=280105)[0m         
[36m(ClientAppActor pid=280105)[0m 
[36m(ClientAppActor pid=280105)[0m         
[36m(ClientAppActor pid=280109)[0m 
[36m(ClientAppActor pid=280109)[0m         
[36m(ClientAppActor pid=280109)[0m 
[36m(ClientAppActor pid=280109)[0m         
[36m(ClientAppActor pid=280105)[0m 
[36m(ClientAppActor pid=280105)[0m         
[36m(ClientAppActor pid=280109)[0m 
[36m(ClientAppActor pid=280109)[0m         
[36m(ClientAppActor pid=280105)[0m 
[36m(ClientAppActor pid=280105)[0m         
[36m(ClientAppActor pid=280109)[0m 
[36m(ClientAppActor pid=280109)[0m         
[36m(ClientAppActor pid=280105)[0m 
[36m(ClientAppActor pid=280105)[0m         
[92mINFO [0m:      aggregate_evaluate: received 10 results and 0 failures
INFO:flwr:aggregate_evaluate: received 10 results and 0 failures
[92mINFO [0m:      
INFO:flwr:
[92mINFO [0m:      [ROUND 12]
INFO:flwr:[ROUND 12]
[92mINFO [0m:      configure_fit: strategy sampled 10 clients (out of 10)
INFO:flwr:configure_fit: strategy sampled 10 clients (out of 10)
[36m(ClientAppActor pid=280105)[0m 
[36m(ClientAppActor pid=280105)[0m         
[36m(ClientAppActor pid=280109)[0m 
[36m(ClientAppActor pid=280109)[0m         
[36m(ClientAppActor pid=280105)[0m [Client 7] Training on NVIDIA GeForce RTX 3060[32m [repeated 4x across cluster][0m
[36m(ClientAppActor pid=280105)[0m 
[36m(ClientAppActor pid=280105)[0m         
[36m(ClientAppActor pid=280105)[0m [93mWARNING [0m:   DEPRECATED FEATURE: `client_fn` now expects a signature `def client_fn(context: Context)`.The provided `client_fn` has signature: {'cid': <Parameter "cid: str">}. You can import the `Context` like this: `from flwr.app import Context`[32m [repeated 15x across cluster][0m
[36m(ClientAppActor pid=280105)[0m             This is a deprecated feature. It will be removed[32m [repeated 15x across cluster][0m
[36m(ClientAppActor pid=280105)[0m             entirely in future versions of Flower.[32m [repeated 15x across cluster][0m
[36m(ClientAppActor pid=280109)[0m 
[36m(ClientAppActor pid=280109)[0m         
[36m(ClientAppActor pid=280109)[0m 
[36m(ClientAppActor pid=280109)[0m         
[36m(ClientAppActor pid=280105)[0m 
[36m(ClientAppActor pid=280105)[0m         
[36m(ClientAppActor pid=280109)[0m 
[36m(ClientAppActor pid=280109)[0m         
[36m(ClientAppActor pid=280109)[0m [Client 4] Training on NVIDIA GeForce RTX 3060[32m [repeated 6x across cluster][0m
[36m(ClientAppActor pid=280105)[0m 
[36m(ClientAppActor pid=280105)[0m         
[36m(ClientAppActor pid=280105)[0m [93mWARNING [0m:   DEPRECATED FEATURE: `client_fn` now expects a signature `def client_fn(context: Context)`.The provided `client_fn` has signature: {'cid': <Parameter "cid: str">}. You can import the `Context` like this: `from flwr.app import Context`[32m [repeated 5x across cluster][0m
[36m(ClientAppActor pid=280105)[0m             This is a deprecated feature. It will be removed[32m [repeated 5x across cluster][0m
[36m(ClientAppActor pid=280105)[0m             entirely in future versions of Flower.[32m [repeated 5x across cluster][0m
[36m(ClientAppActor pid=280105)[0m 
[36m(ClientAppActor pid=280105)[0m         
[36m(ClientAppActor pid=280109)[0m 
[36m(ClientAppActor pid=280109)[0m         
[92mINFO [0m:      aggregate_fit: received 10 results and 0 failures
INFO:flwr:aggregate_fit: received 10 results and 0 failures
[CascadeRouter] Round 12: 10 clients, 24578 parameters/client
[92mINFO [0m:      configure_evaluate: strategy sampled 10 clients (out of 10)
INFO:flwr:configure_evaluate: strategy sampled 10 clients (out of 10)
[36m(ClientAppActor pid=280105)[0m 
[36m(ClientAppActor pid=280105)[0m         
[36m(ClientAppActor pid=280105)[0m [93mWARNING [0m:   DEPRECATED FEATURE: `client_fn` now expects a signature `def client_fn(context: Context)`.The provided `client_fn` has signature: {'cid': <Parameter "cid: str">}. You can import the `Context` like this: `from flwr.app import Context`[32m [repeated 3x across cluster][0m
[36m(ClientAppActor pid=280105)[0m             This is a deprecated feature. It will be removed[32m [repeated 3x across cluster][0m
[36m(ClientAppActor pid=280105)[0m             entirely in future versions of Flower.[32m [repeated 3x across cluster][0m
[36m(ClientAppActor pid=280109)[0m 
[36m(ClientAppActor pid=280109)[0m         
[36m(ClientAppActor pid=280105)[0m 
[36m(ClientAppActor pid=280105)[0m         
[36m(ClientAppActor pid=280109)[0m 
[36m(ClientAppActor pid=280109)[0m         
[36m(ClientAppActor pid=280105)[0m 
[36m(ClientAppActor pid=280105)[0m         
[36m(ClientAppActor pid=280109)[0m 
[36m(ClientAppActor pid=280109)[0m         
[36m(ClientAppActor pid=280105)[0m 
[36m(ClientAppActor pid=280105)[0m         
[36m(ClientAppActor pid=280109)[0m 
[36m(ClientAppActor pid=280109)[0m         
[36m(ClientAppActor pid=280105)[0m 
[36m(ClientAppActor pid=280105)[0m         
[36m(ClientAppActor pid=280109)[0m 
[36m(ClientAppActor pid=280109)[0m         
[92mINFO [0m:      aggregate_evaluate: received 10 results and 0 failures
INFO:flwr:aggregate_evaluate: received 10 results and 0 failures
[92mINFO [0m:      
INFO:flwr:
[92mINFO [0m:      [ROUND 13]
INFO:flwr:[ROUND 13]
[92mINFO [0m:      configure_fit: strategy sampled 10 clients (out of 10)
INFO:flwr:configure_fit: strategy sampled 10 clients (out of 10)
[36m(ClientAppActor pid=280105)[0m 
[36m(ClientAppActor pid=280105)[0m         
[36m(ClientAppActor pid=280109)[0m 
[36m(ClientAppActor pid=280109)[0m         
[36m(ClientAppActor pid=280105)[0m [Client 0] Training on NVIDIA GeForce RTX 3060[32m [repeated 4x across cluster][0m
[36m(ClientAppActor pid=280105)[0m 
[36m(ClientAppActor pid=280105)[0m         
[36m(ClientAppActor pid=280109)[0m 
[36m(ClientAppActor pid=280109)[0m         
[36m(ClientAppActor pid=280105)[0m 
[36m(ClientAppActor pid=280105)[0m         
[36m(ClientAppActor pid=280105)[0m 
[36m(ClientAppActor pid=280105)[0m         
[36m(ClientAppActor pid=280105)[0m [93mWARNING [0m:   DEPRECATED FEATURE: `client_fn` now expects a signature `def client_fn(context: Context)`.The provided `client_fn` has signature: {'cid': <Parameter "cid: str">}. You can import the `Context` like this: `from flwr.app import Context`[32m [repeated 15x across cluster][0m
[36m(ClientAppActor pid=280105)[0m             This is a deprecated feature. It will be removed[32m [repeated 15x across cluster][0m
[36m(ClientAppActor pid=280105)[0m             entirely in future versions of Flower.[32m [repeated 15x across cluster][0m
[36m(ClientAppActor pid=280105)[0m 
[36m(ClientAppActor pid=280105)[0m         
[36m(ClientAppActor pid=280105)[0m 
[36m(ClientAppActor pid=280105)[0m         
[36m(ClientAppActor pid=280105)[0m [Client 3] Training on NVIDIA GeForce RTX 3060[32m [repeated 7x across cluster][0m
[36m(ClientAppActor pid=280105)[0m 
[36m(ClientAppActor pid=280105)[0m         
[36m(ClientAppActor pid=280105)[0m [93mWARNING [0m:   DEPRECATED FEATURE: `client_fn` now expects a signature `def client_fn(context: Context)`.The provided `client_fn` has signature: {'cid': <Parameter "cid: str">}. You can import the `Context` like this: `from flwr.app import Context`[32m [repeated 3x across cluster][0m
[36m(ClientAppActor pid=280105)[0m             This is a deprecated feature. It will be removed[32m [repeated 3x across cluster][0m
[36m(ClientAppActor pid=280105)[0m             entirely in future versions of Flower.[32m [repeated 3x across cluster][0m
[36m(ClientAppActor pid=280105)[0m 
[36m(ClientAppActor pid=280105)[0m         
[92mINFO [0m:      aggregate_fit: received 10 results and 0 failures
INFO:flwr:aggregate_fit: received 10 results and 0 failures
[CascadeRouter] Round 13: 10 clients, 24578 parameters/client
[92mINFO [0m:      configure_evaluate: strategy sampled 10 clients (out of 10)
INFO:flwr:configure_evaluate: strategy sampled 10 clients (out of 10)
[36m(ClientAppActor pid=280105)[0m 
[36m(ClientAppActor pid=280105)[0m         
[36m(ClientAppActor pid=280109)[0m 
[36m(ClientAppActor pid=280109)[0m         
[36m(ClientAppActor pid=280105)[0m 
[36m(ClientAppActor pid=280105)[0m         
[36m(ClientAppActor pid=280109)[0m 
[36m(ClientAppActor pid=280109)[0m         
[36m(ClientAppActor pid=280105)[0m 
[36m(ClientAppActor pid=280105)[0m         
[36m(ClientAppActor pid=280109)[0m 
[36m(ClientAppActor pid=280109)[0m         
[36m(ClientAppActor pid=280105)[0m 
[36m(ClientAppActor pid=280105)[0m         
[36m(ClientAppActor pid=280109)[0m 
[36m(ClientAppActor pid=280109)[0m         
[36m(ClientAppActor pid=280105)[0m 
[36m(ClientAppActor pid=280105)[0m         
[36m(ClientAppActor pid=280109)[0m 
[36m(ClientAppActor pid=280109)[0m         
[92mINFO [0m:      aggregate_evaluate: received 10 results and 0 failures
INFO:flwr:aggregate_evaluate: received 10 results and 0 failures
[92mINFO [0m:      
INFO:flwr:
[92mINFO [0m:      [ROUND 14]
INFO:flwr:[ROUND 14]
[92mINFO [0m:      configure_fit: strategy sampled 10 clients (out of 10)
INFO:flwr:configure_fit: strategy sampled 10 clients (out of 10)
[36m(ClientAppActor pid=280109)[0m 
[36m(ClientAppActor pid=280109)[0m         
[36m(ClientAppActor pid=280105)[0m 
[36m(ClientAppActor pid=280105)[0m         
[36m(ClientAppActor pid=280109)[0m 
[36m(ClientAppActor pid=280109)[0m         
[36m(ClientAppActor pid=280109)[0m [Client 0] Training on NVIDIA GeForce RTX 3060[32m [repeated 5x across cluster][0m
[36m(ClientAppActor pid=280109)[0m 
[36m(ClientAppActor pid=280109)[0m         
[36m(ClientAppActor pid=280109)[0m [93mWARNING [0m:   DEPRECATED FEATURE: `client_fn` now expects a signature `def client_fn(context: Context)`.The provided `client_fn` has signature: {'cid': <Parameter "cid: str">}. You can import the `Context` like this: `from flwr.app import Context`[32m [repeated 15x across cluster][0m
[36m(ClientAppActor pid=280109)[0m             This is a deprecated feature. It will be removed[32m [repeated 15x across cluster][0m
[36m(ClientAppActor pid=280109)[0m             entirely in future versions of Flower.[32m [repeated 15x across cluster][0m
[36m(ClientAppActor pid=280109)[0m 
[36m(ClientAppActor pid=280109)[0m         
[36m(ClientAppActor pid=280105)[0m 
[36m(ClientAppActor pid=280105)[0m         
[36m(ClientAppActor pid=280109)[0m 
[36m(ClientAppActor pid=280109)[0m         
[36m(ClientAppActor pid=280105)[0m 
[36m(ClientAppActor pid=280105)[0m         
[36m(ClientAppActor pid=280105)[0m 
[36m(ClientAppActor pid=280105)[0m         
[36m(ClientAppActor pid=280105)[0m 
[36m(ClientAppActor pid=280105)[0m         
[36m(ClientAppActor pid=280105)[0m [Client 8] Training on NVIDIA GeForce RTX 3060[32m [repeated 7x across cluster][0m
[92mINFO [0m:      aggregate_fit: received 10 results and 0 failures
INFO:flwr:aggregate_fit: received 10 results and 0 failures
[CascadeRouter] Round 14: 10 clients, 24578 parameters/client
[92mINFO [0m:      configure_evaluate: strategy sampled 10 clients (out of 10)
INFO:flwr:configure_evaluate: strategy sampled 10 clients (out of 10)
[36m(ClientAppActor pid=280105)[0m 
[36m(ClientAppActor pid=280105)[0m         
[36m(ClientAppActor pid=280105)[0m [93mWARNING [0m:   DEPRECATED FEATURE: `client_fn` now expects a signature `def client_fn(context: Context)`.The provided `client_fn` has signature: {'cid': <Parameter "cid: str">}. You can import the `Context` like this: `from flwr.app import Context`[32m [repeated 7x across cluster][0m
[36m(ClientAppActor pid=280105)[0m             This is a deprecated feature. It will be removed[32m [repeated 7x across cluster][0m
[36m(ClientAppActor pid=280105)[0m             entirely in future versions of Flower.[32m [repeated 7x across cluster][0m
[36m(ClientAppActor pid=280109)[0m 
[36m(ClientAppActor pid=280109)[0m         
[36m(ClientAppActor pid=280109)[0m 
[36m(ClientAppActor pid=280109)[0m         
[36m(ClientAppActor pid=280105)[0m 
[36m(ClientAppActor pid=280105)[0m         
[36m(ClientAppActor pid=280109)[0m 
[36m(ClientAppActor pid=280109)[0m         
[36m(ClientAppActor pid=280105)[0m 
[36m(ClientAppActor pid=280105)[0m         
[36m(ClientAppActor pid=280109)[0m 
[36m(ClientAppActor pid=280109)[0m         
[36m(ClientAppActor pid=280105)[0m 
[36m(ClientAppActor pid=280105)[0m         
[36m(ClientAppActor pid=280105)[0m 
[36m(ClientAppActor pid=280105)[0m         
[36m(ClientAppActor pid=280109)[0m 
[36m(ClientAppActor pid=280109)[0m         
[92mINFO [0m:      aggregate_evaluate: received 10 results and 0 failures
INFO:flwr:aggregate_evaluate: received 10 results and 0 failures
[92mINFO [0m:      
INFO:flwr:
[92mINFO [0m:      [ROUND 15]
INFO:flwr:[ROUND 15]
[92mINFO [0m:      configure_fit: strategy sampled 10 clients (out of 10)
INFO:flwr:configure_fit: strategy sampled 10 clients (out of 10)
[36m(ClientAppActor pid=280105)[0m 
[36m(ClientAppActor pid=280105)[0m         
[36m(ClientAppActor pid=280105)[0m [Client 6] Training on NVIDIA GeForce RTX 3060
[36m(ClientAppActor pid=280109)[0m 
[36m(ClientAppActor pid=280109)[0m         
[36m(ClientAppActor pid=280109)[0m [Client 7] Training on NVIDIA GeForce RTX 3060
[36m(ClientAppActor pid=280105)[0m 
[36m(ClientAppActor pid=280105)[0m         
[36m(ClientAppActor pid=280109)[0m 
[36m(ClientAppActor pid=280109)[0m         
[36m(ClientAppActor pid=280109)[0m 
[36m(ClientAppActor pid=280109)[0m         
[36m(ClientAppActor pid=280105)[0m 
[36m(ClientAppActor pid=280105)[0m         
[36m(ClientAppActor pid=280109)[0m 
[36m(ClientAppActor pid=280109)[0m         
[36m(ClientAppActor pid=280109)[0m [93mWARNING [0m:   DEPRECATED FEATURE: `client_fn` now expects a signature `def client_fn(context: Context)`.The provided `client_fn` has signature: {'cid': <Parameter "cid: str">}. You can import the `Context` like this: `from flwr.app import Context`[32m [repeated 16x across cluster][0m
[36m(ClientAppActor pid=280109)[0m             This is a deprecated feature. It will be removed[32m [repeated 16x across cluster][0m
[36m(ClientAppActor pid=280109)[0m             entirely in future versions of Flower.[32m [repeated 16x across cluster][0m
[36m(ClientAppActor pid=280105)[0m 
[36m(ClientAppActor pid=280105)[0m         
[36m(ClientAppActor pid=280109)[0m 
[36m(ClientAppActor pid=280109)[0m         
[36m(ClientAppActor pid=280109)[0m 
[36m(ClientAppActor pid=280109)[0m         
[36m(ClientAppActor pid=280109)[0m [Client 1] Training on NVIDIA GeForce RTX 3060[32m [repeated 8x across cluster][0m
[92mINFO [0m:      aggregate_fit: received 10 results and 0 failures
INFO:flwr:aggregate_fit: received 10 results and 0 failures
[CascadeRouter] Round 15: 10 clients, 24578 parameters/client
[92mINFO [0m:      configure_evaluate: strategy sampled 10 clients (out of 10)
INFO:flwr:configure_evaluate: strategy sampled 10 clients (out of 10)
[36m(ClientAppActor pid=280105)[0m 
[36m(ClientAppActor pid=280105)[0m         
[36m(ClientAppActor pid=280105)[0m [93mWARNING [0m:   DEPRECATED FEATURE: `client_fn` now expects a signature `def client_fn(context: Context)`.The provided `client_fn` has signature: {'cid': <Parameter "cid: str">}. You can import the `Context` like this: `from flwr.app import Context`[32m [repeated 4x across cluster][0m
[36m(ClientAppActor pid=280105)[0m             This is a deprecated feature. It will be removed[32m [repeated 4x across cluster][0m
[36m(ClientAppActor pid=280105)[0m             entirely in future versions of Flower.[32m [repeated 4x across cluster][0m
[36m(ClientAppActor pid=280109)[0m 
[36m(ClientAppActor pid=280109)[0m         
[36m(ClientAppActor pid=280105)[0m 
[36m(ClientAppActor pid=280105)[0m         
[36m(ClientAppActor pid=280109)[0m 
[36m(ClientAppActor pid=280109)[0m         
[36m(ClientAppActor pid=280109)[0m 
[36m(ClientAppActor pid=280109)[0m         
[36m(ClientAppActor pid=280105)[0m 
[36m(ClientAppActor pid=280105)[0m         
[36m(ClientAppActor pid=280109)[0m 
[36m(ClientAppActor pid=280109)[0m         
[36m(ClientAppActor pid=280105)[0m 
[36m(ClientAppActor pid=280105)[0m         
[36m(ClientAppActor pid=280105)[0m 
[36m(ClientAppActor pid=280105)[0m         
[36m(ClientAppActor pid=280109)[0m 
[36m(ClientAppActor pid=280109)[0m         
[92mINFO [0m:      aggregate_evaluate: received 10 results and 0 failures
INFO:flwr:aggregate_evaluate: received 10 results and 0 failures
[92mINFO [0m:      
INFO:flwr:
[92mINFO [0m:      [ROUND 16]
INFO:flwr:[ROUND 16]
[92mINFO [0m:      configure_fit: strategy sampled 10 clients (out of 10)
INFO:flwr:configure_fit: strategy sampled 10 clients (out of 10)
[36m(ClientAppActor pid=280105)[0m 
[36m(ClientAppActor pid=280105)[0m         
[36m(ClientAppActor pid=280105)[0m [Client 5] Training on NVIDIA GeForce RTX 3060
[36m(ClientAppActor pid=280109)[0m 
[36m(ClientAppActor pid=280109)[0m         
[36m(ClientAppActor pid=280109)[0m [Client 9] Training on NVIDIA GeForce RTX 3060
[36m(ClientAppActor pid=280109)[0m 
[36m(ClientAppActor pid=280109)[0m         
[36m(ClientAppActor pid=280109)[0m [Client 3] Training on NVIDIA GeForce RTX 3060
[36m(ClientAppActor pid=280109)[0m 
[36m(ClientAppActor pid=280109)[0m         
[36m(ClientAppActor pid=280109)[0m [Client 4] Training on NVIDIA GeForce RTX 3060
[36m(ClientAppActor pid=280109)[0m 
[36m(ClientAppActor pid=280109)[0m         
[36m(ClientAppActor pid=280109)[0m [Client 7] Training on NVIDIA GeForce RTX 3060
[36m(ClientAppActor pid=280109)[0m 
[36m(ClientAppActor pid=280109)[0m         
[36m(ClientAppActor pid=280109)[0m [93mWARNING [0m:   DEPRECATED FEATURE: `client_fn` now expects a signature `def client_fn(context: Context)`.The provided `client_fn` has signature: {'cid': <Parameter "cid: str">}. You can import the `Context` like this: `from flwr.app import Context`[32m [repeated 15x across cluster][0m
[36m(ClientAppActor pid=280109)[0m             This is a deprecated feature. It will be removed[32m [repeated 15x across cluster][0m
[36m(ClientAppActor pid=280109)[0m             entirely in future versions of Flower.[32m [repeated 15x across cluster][0m
[36m(ClientAppActor pid=280109)[0m [Client 1] Training on NVIDIA GeForce RTX 3060
[36m(ClientAppActor pid=280105)[0m 
[36m(ClientAppActor pid=280105)[0m         
[36m(ClientAppActor pid=280105)[0m 
[36m(ClientAppActor pid=280105)[0m         
[36m(ClientAppActor pid=280105)[0m 
[36m(ClientAppActor pid=280105)[0m         
[36m(ClientAppActor pid=280105)[0m [Client 2] Training on NVIDIA GeForce RTX 3060[32m [repeated 3x across cluster][0m
[36m(ClientAppActor pid=280105)[0m 
[36m(ClientAppActor pid=280105)[0m         
[92mINFO [0m:      aggregate_fit: received 10 results and 0 failures
INFO:flwr:aggregate_fit: received 10 results and 0 failures
[CascadeRouter] Round 16: 10 clients, 24578 parameters/client
[92mINFO [0m:      configure_evaluate: strategy sampled 10 clients (out of 10)
INFO:flwr:configure_evaluate: strategy sampled 10 clients (out of 10)
[36m(ClientAppActor pid=280105)[0m 
[36m(ClientAppActor pid=280105)[0m         
[36m(ClientAppActor pid=280105)[0m [93mWARNING [0m:   DEPRECATED FEATURE: `client_fn` now expects a signature `def client_fn(context: Context)`.The provided `client_fn` has signature: {'cid': <Parameter "cid: str">}. You can import the `Context` like this: `from flwr.app import Context`[32m [repeated 5x across cluster][0m
[36m(ClientAppActor pid=280105)[0m             This is a deprecated feature. It will be removed[32m [repeated 5x across cluster][0m
[36m(ClientAppActor pid=280105)[0m             entirely in future versions of Flower.[32m [repeated 5x across cluster][0m
[36m(ClientAppActor pid=280109)[0m 
[36m(ClientAppActor pid=280109)[0m         
[36m(ClientAppActor pid=280109)[0m 
[36m(ClientAppActor pid=280109)[0m         
[36m(ClientAppActor pid=280105)[0m 
[36m(ClientAppActor pid=280105)[0m         
[36m(ClientAppActor pid=280109)[0m 
[36m(ClientAppActor pid=280109)[0m         
[36m(ClientAppActor pid=280105)[0m 
[36m(ClientAppActor pid=280105)[0m         
[36m(ClientAppActor pid=280105)[0m 
[36m(ClientAppActor pid=280105)[0m         
[36m(ClientAppActor pid=280109)[0m 
[36m(ClientAppActor pid=280109)[0m         
[36m(ClientAppActor pid=280109)[0m 
[36m(ClientAppActor pid=280109)[0m         
[36m(ClientAppActor pid=280105)[0m 
[36m(ClientAppActor pid=280105)[0m         
[92mINFO [0m:      aggregate_evaluate: received 10 results and 0 failures
INFO:flwr:aggregate_evaluate: received 10 results and 0 failures
[92mINFO [0m:      
INFO:flwr:
[92mINFO [0m:      [ROUND 17]
INFO:flwr:[ROUND 17]
[92mINFO [0m:      configure_fit: strategy sampled 10 clients (out of 10)
INFO:flwr:configure_fit: strategy sampled 10 clients (out of 10)
[36m(ClientAppActor pid=280105)[0m 
[36m(ClientAppActor pid=280105)[0m         
[36m(ClientAppActor pid=280105)[0m [Client 3] Training on NVIDIA GeForce RTX 3060[32m [repeated 2x across cluster][0m
[36m(ClientAppActor pid=280109)[0m 
[36m(ClientAppActor pid=280109)[0m         
[36m(ClientAppActor pid=280105)[0m 
[36m(ClientAppActor pid=280105)[0m         
[36m(ClientAppActor pid=280105)[0m 
[36m(ClientAppActor pid=280105)[0m         
[36m(ClientAppActor pid=280105)[0m 
[36m(ClientAppActor pid=280105)[0m         
[36m(ClientAppActor pid=280105)[0m [93mWARNING [0m:   DEPRECATED FEATURE: `client_fn` now expects a signature `def client_fn(context: Context)`.The provided `client_fn` has signature: {'cid': <Parameter "cid: str">}. You can import the `Context` like this: `from flwr.app import Context`[32m [repeated 14x across cluster][0m
[36m(ClientAppActor pid=280105)[0m             This is a deprecated feature. It will be removed[32m [repeated 14x across cluster][0m
[36m(ClientAppActor pid=280105)[0m             entirely in future versions of Flower.[32m [repeated 14x across cluster][0m
[36m(ClientAppActor pid=280109)[0m 
[36m(ClientAppActor pid=280109)[0m         
[36m(ClientAppActor pid=280105)[0m 
[36m(ClientAppActor pid=280105)[0m         
[36m(ClientAppActor pid=280105)[0m [Client 9] Training on NVIDIA GeForce RTX 3060[32m [repeated 6x across cluster][0m
[36m(ClientAppActor pid=280105)[0m 
[36m(ClientAppActor pid=280105)[0m         
[36m(ClientAppActor pid=280105)[0m 
[36m(ClientAppActor pid=280105)[0m         
[36m(ClientAppActor pid=280105)[0m 
[36m(ClientAppActor pid=280105)[0m         
[92mINFO [0m:      aggregate_fit: received 10 results and 0 failures
INFO:flwr:aggregate_fit: received 10 results and 0 failures
[CascadeRouter] Round 17: 10 clients, 24578 parameters/client
[92mINFO [0m:      configure_evaluate: strategy sampled 10 clients (out of 10)
INFO:flwr:configure_evaluate: strategy sampled 10 clients (out of 10)
[36m(ClientAppActor pid=280105)[0m 
[36m(ClientAppActor pid=280105)[0m         
[36m(ClientAppActor pid=280105)[0m [93mWARNING [0m:   DEPRECATED FEATURE: `client_fn` now expects a signature `def client_fn(context: Context)`.The provided `client_fn` has signature: {'cid': <Parameter "cid: str">}. You can import the `Context` like this: `from flwr.app import Context`[32m [repeated 6x across cluster][0m
[36m(ClientAppActor pid=280105)[0m             This is a deprecated feature. It will be removed[32m [repeated 6x across cluster][0m
[36m(ClientAppActor pid=280105)[0m             entirely in future versions of Flower.[32m [repeated 6x across cluster][0m
[36m(ClientAppActor pid=280109)[0m 
[36m(ClientAppActor pid=280109)[0m         
[36m(ClientAppActor pid=280109)[0m 
[36m(ClientAppActor pid=280109)[0m         
[36m(ClientAppActor pid=280105)[0m 
[36m(ClientAppActor pid=280105)[0m         
[36m(ClientAppActor pid=280105)[0m 
[36m(ClientAppActor pid=280105)[0m         
[36m(ClientAppActor pid=280109)[0m 
[36m(ClientAppActor pid=280109)[0m         
[36m(ClientAppActor pid=280109)[0m 
[36m(ClientAppActor pid=280109)[0m         
[36m(ClientAppActor pid=280105)[0m 
[36m(ClientAppActor pid=280105)[0m         
[36m(ClientAppActor pid=280109)[0m 
[36m(ClientAppActor pid=280109)[0m         
[36m(ClientAppActor pid=280105)[0m 
[36m(ClientAppActor pid=280105)[0m         
[92mINFO [0m:      aggregate_evaluate: received 10 results and 0 failures
INFO:flwr:aggregate_evaluate: received 10 results and 0 failures
[92mINFO [0m:      
INFO:flwr:
[92mINFO [0m:      [ROUND 18]
INFO:flwr:[ROUND 18]
[92mINFO [0m:      configure_fit: strategy sampled 10 clients (out of 10)
INFO:flwr:configure_fit: strategy sampled 10 clients (out of 10)
[36m(ClientAppActor pid=280105)[0m 
[36m(ClientAppActor pid=280105)[0m         
[36m(ClientAppActor pid=280105)[0m [Client 4] Training on NVIDIA GeForce RTX 3060[32m [repeated 4x across cluster][0m
[36m(ClientAppActor pid=280109)[0m 
[36m(ClientAppActor pid=280109)[0m         
[36m(ClientAppActor pid=280109)[0m 
[36m(ClientAppActor pid=280109)[0m         
[36m(ClientAppActor pid=280109)[0m 
[36m(ClientAppActor pid=280109)[0m         
[36m(ClientAppActor pid=280105)[0m 
[36m(ClientAppActor pid=280105)[0m         
[36m(ClientAppActor pid=280105)[0m 
[36m(ClientAppActor pid=280105)[0m         
[36m(ClientAppActor pid=280105)[0m [93mWARNING [0m:   DEPRECATED FEATURE: `client_fn` now expects a signature `def client_fn(context: Context)`.The provided `client_fn` has signature: {'cid': <Parameter "cid: str">}. You can import the `Context` like this: `from flwr.app import Context`[32m [repeated 15x across cluster][0m
[36m(ClientAppActor pid=280105)[0m             This is a deprecated feature. It will be removed[32m [repeated 15x across cluster][0m
[36m(ClientAppActor pid=280105)[0m             entirely in future versions of Flower.[32m [repeated 15x across cluster][0m
[36m(ClientAppActor pid=280105)[0m 
[36m(ClientAppActor pid=280105)[0m         
[36m(ClientAppActor pid=280109)[0m 
[36m(ClientAppActor pid=280109)[0m         
[36m(ClientAppActor pid=280105)[0m [Client 1] Training on NVIDIA GeForce RTX 3060[32m [repeated 6x across cluster][0m
[36m(ClientAppActor pid=280109)[0m 
[36m(ClientAppActor pid=280109)[0m         
[36m(ClientAppActor pid=280109)[0m 
[36m(ClientAppActor pid=280109)[0m         
[92mINFO [0m:      aggregate_fit: received 10 results and 0 failures
INFO:flwr:aggregate_fit: received 10 results and 0 failures
[CascadeRouter] Round 18: 10 clients, 24578 parameters/client
[92mINFO [0m:      configure_evaluate: strategy sampled 10 clients (out of 10)
INFO:flwr:configure_evaluate: strategy sampled 10 clients (out of 10)
[36m(ClientAppActor pid=280105)[0m 
[36m(ClientAppActor pid=280105)[0m         
[36m(ClientAppActor pid=280105)[0m [93mWARNING [0m:   DEPRECATED FEATURE: `client_fn` now expects a signature `def client_fn(context: Context)`.The provided `client_fn` has signature: {'cid': <Parameter "cid: str">}. You can import the `Context` like this: `from flwr.app import Context`[32m [repeated 5x across cluster][0m
[36m(ClientAppActor pid=280105)[0m             This is a deprecated feature. It will be removed[32m [repeated 5x across cluster][0m
[36m(ClientAppActor pid=280105)[0m             entirely in future versions of Flower.[32m [repeated 5x across cluster][0m
[36m(ClientAppActor pid=280109)[0m 
[36m(ClientAppActor pid=280109)[0m         
[36m(ClientAppActor pid=280105)[0m 
[36m(ClientAppActor pid=280105)[0m         
[36m(ClientAppActor pid=280109)[0m 
[36m(ClientAppActor pid=280109)[0m         
[36m(ClientAppActor pid=280105)[0m 
[36m(ClientAppActor pid=280105)[0m         
[36m(ClientAppActor pid=280109)[0m 
[36m(ClientAppActor pid=280109)[0m         
[36m(ClientAppActor pid=280105)[0m 
[36m(ClientAppActor pid=280105)[0m         
[36m(ClientAppActor pid=280109)[0m 
[36m(ClientAppActor pid=280109)[0m         
[36m(ClientAppActor pid=280105)[0m 
[36m(ClientAppActor pid=280105)[0m         
[36m(ClientAppActor pid=280109)[0m 
[36m(ClientAppActor pid=280109)[0m         
[92mINFO [0m:      aggregate_evaluate: received 10 results and 0 failures
INFO:flwr:aggregate_evaluate: received 10 results and 0 failures
[92mINFO [0m:      
INFO:flwr:
[92mINFO [0m:      [ROUND 19]
INFO:flwr:[ROUND 19]
[92mINFO [0m:      configure_fit: strategy sampled 10 clients (out of 10)
INFO:flwr:configure_fit: strategy sampled 10 clients (out of 10)
[36m(ClientAppActor pid=280105)[0m 
[36m(ClientAppActor pid=280105)[0m         
[36m(ClientAppActor pid=280109)[0m 
[36m(ClientAppActor pid=280109)[0m         
[36m(ClientAppActor pid=280105)[0m [Client 0] Training on NVIDIA GeForce RTX 3060[32m [repeated 4x across cluster][0m
[36m(ClientAppActor pid=280105)[0m 
[36m(ClientAppActor pid=280105)[0m         
[36m(ClientAppActor pid=280109)[0m 
[36m(ClientAppActor pid=280109)[0m         
[36m(ClientAppActor pid=280109)[0m 
[36m(ClientAppActor pid=280109)[0m         
[36m(ClientAppActor pid=280105)[0m 
[36m(ClientAppActor pid=280105)[0m         
[36m(ClientAppActor pid=280105)[0m [93mWARNING [0m:   DEPRECATED FEATURE: `client_fn` now expects a signature `def client_fn(context: Context)`.The provided `client_fn` has signature: {'cid': <Parameter "cid: str">}. You can import the `Context` like this: `from flwr.app import Context`[32m [repeated 15x across cluster][0m
[36m(ClientAppActor pid=280105)[0m             This is a deprecated feature. It will be removed[32m [repeated 15x across cluster][0m
[36m(ClientAppActor pid=280105)[0m             entirely in future versions of Flower.[32m [repeated 15x across cluster][0m
[36m(ClientAppActor pid=280105)[0m [Client 8] Training on NVIDIA GeForce RTX 3060[32m [repeated 5x across cluster][0m
[36m(ClientAppActor pid=280105)[0m 
[36m(ClientAppActor pid=280105)[0m         
[36m(ClientAppActor pid=280105)[0m 
[36m(ClientAppActor pid=280105)[0m         
[36m(ClientAppActor pid=280105)[0m 
[36m(ClientAppActor pid=280105)[0m         
[36m(ClientAppActor pid=280105)[0m 
[36m(ClientAppActor pid=280105)[0m         
[92mINFO [0m:      aggregate_fit: received 10 results and 0 failures
INFO:flwr:aggregate_fit: received 10 results and 0 failures
[CascadeRouter] Round 19: 10 clients, 24578 parameters/client
[92mINFO [0m:      configure_evaluate: strategy sampled 10 clients (out of 10)
INFO:flwr:configure_evaluate: strategy sampled 10 clients (out of 10)
[36m(ClientAppActor pid=280105)[0m 
[36m(ClientAppActor pid=280105)[0m         
[36m(ClientAppActor pid=280105)[0m [93mWARNING [0m:   DEPRECATED FEATURE: `client_fn` now expects a signature `def client_fn(context: Context)`.The provided `client_fn` has signature: {'cid': <Parameter "cid: str">}. You can import the `Context` like this: `from flwr.app import Context`[32m [repeated 5x across cluster][0m
[36m(ClientAppActor pid=280105)[0m             This is a deprecated feature. It will be removed[32m [repeated 5x across cluster][0m
[36m(ClientAppActor pid=280105)[0m             entirely in future versions of Flower.[32m [repeated 5x across cluster][0m
[36m(ClientAppActor pid=280109)[0m 
[36m(ClientAppActor pid=280109)[0m         
[36m(ClientAppActor pid=280105)[0m 
[36m(ClientAppActor pid=280105)[0m         
[36m(ClientAppActor pid=280109)[0m 
[36m(ClientAppActor pid=280109)[0m         
[36m(ClientAppActor pid=280105)[0m 
[36m(ClientAppActor pid=280105)[0m         
[36m(ClientAppActor pid=280109)[0m 
[36m(ClientAppActor pid=280109)[0m         
[36m(ClientAppActor pid=280105)[0m 
[36m(ClientAppActor pid=280105)[0m         
[36m(ClientAppActor pid=280109)[0m 
[36m(ClientAppActor pid=280109)[0m         
[36m(ClientAppActor pid=280105)[0m 
[36m(ClientAppActor pid=280105)[0m         
[36m(ClientAppActor pid=280109)[0m 
[36m(ClientAppActor pid=280109)[0m         
[92mINFO [0m:      aggregate_evaluate: received 10 results and 0 failures
INFO:flwr:aggregate_evaluate: received 10 results and 0 failures
[92mINFO [0m:      
INFO:flwr:
[92mINFO [0m:      [ROUND 20]
INFO:flwr:[ROUND 20]
[92mINFO [0m:      configure_fit: strategy sampled 10 clients (out of 10)
INFO:flwr:configure_fit: strategy sampled 10 clients (out of 10)
[36m(ClientAppActor pid=280109)[0m 
[36m(ClientAppActor pid=280109)[0m         
[36m(ClientAppActor pid=280109)[0m [Client 0] Training on NVIDIA GeForce RTX 3060[32m [repeated 5x across cluster][0m
[36m(ClientAppActor pid=280105)[0m 
[36m(ClientAppActor pid=280105)[0m         
[36m(ClientAppActor pid=280109)[0m 
[36m(ClientAppActor pid=280109)[0m         
[36m(ClientAppActor pid=280105)[0m 
[36m(ClientAppActor pid=280105)[0m         
[36m(ClientAppActor pid=280109)[0m 
[36m(ClientAppActor pid=280109)[0m         
[36m(ClientAppActor pid=280109)[0m 
[36m(ClientAppActor pid=280109)[0m         
[36m(ClientAppActor pid=280109)[0m 
[36m(ClientAppActor pid=280109)[0m         
[36m(ClientAppActor pid=280105)[0m 
[36m(ClientAppActor pid=280105)[0m         
[36m(ClientAppActor pid=280109)[0m 
[36m(ClientAppActor pid=280109)[0m         
[36m(ClientAppActor pid=280109)[0m 
[36m(ClientAppActor pid=280109)[0m         
[36m(ClientAppActor pid=280109)[0m [93mWARNING [0m:   DEPRECATED FEATURE: `client_fn` now expects a signature `def client_fn(context: Context)`.The provided `client_fn` has signature: {'cid': <Parameter "cid: str">}. You can import the `Context` like this: `from flwr.app import Context`[32m [repeated 19x across cluster][0m
[36m(ClientAppActor pid=280109)[0m             This is a deprecated feature. It will be removed[32m [repeated 19x across cluster][0m
[36m(ClientAppActor pid=280109)[0m             entirely in future versions of Flower.[32m [repeated 19x across cluster][0m
[36m(ClientAppActor pid=280109)[0m [Client 5] Training on NVIDIA GeForce RTX 3060[32m [repeated 9x across cluster][0m
[92mINFO [0m:      aggregate_fit: received 10 results and 0 failures
INFO:flwr:aggregate_fit: received 10 results and 0 failures
[CascadeRouter] Round 20: 10 clients, 24578 parameters/client
[92mINFO [0m:      configure_evaluate: strategy sampled 10 clients (out of 10)
INFO:flwr:configure_evaluate: strategy sampled 10 clients (out of 10)
[36m(ClientAppActor pid=280105)[0m 
[36m(ClientAppActor pid=280105)[0m         
[36m(ClientAppActor pid=280105)[0m [93mWARNING [0m:   DEPRECATED FEATURE: `client_fn` now expects a signature `def client_fn(context: Context)`.The provided `client_fn` has signature: {'cid': <Parameter "cid: str">}. You can import the `Context` like this: `from flwr.app import Context`
[36m(ClientAppActor pid=280105)[0m             This is a deprecated feature. It will be removed
[36m(ClientAppActor pid=280105)[0m             entirely in future versions of Flower.
[36m(ClientAppActor pid=280109)[0m [93mWARNING [0m:   DEPRECATED FEATURE: `client_fn` now expects a signature `def client_fn(context: Context)`.The provided `client_fn` has signature: {'cid': <Parameter "cid: str">}. You can import the `Context` like this: `from flwr.app import Context`
[36m(ClientAppActor pid=280109)[0m 
[36m(ClientAppActor pid=280109)[0m             This is a deprecated feature. It will be removed
[36m(ClientAppActor pid=280109)[0m             entirely in future versions of Flower.
[36m(ClientAppActor pid=280109)[0m         
[36m(ClientAppActor pid=280105)[0m 
[36m(ClientAppActor pid=280105)[0m         
[36m(ClientAppActor pid=280109)[0m 
[36m(ClientAppActor pid=280109)[0m         
[36m(ClientAppActor pid=280105)[0m 
[36m(ClientAppActor pid=280105)[0m         
[36m(ClientAppActor pid=280109)[0m 
[36m(ClientAppActor pid=280109)[0m         
[36m(ClientAppActor pid=280105)[0m 
[36m(ClientAppActor pid=280105)[0m         
[36m(ClientAppActor pid=280109)[0m 
[36m(ClientAppActor pid=280109)[0m         
[36m(ClientAppActor pid=280105)[0m 
[36m(ClientAppActor pid=280105)[0m         
[36m(ClientAppActor pid=280109)[0m 
[36m(ClientAppActor pid=280109)[0m         
[92mINFO [0m:      aggregate_evaluate: received 10 results and 0 failures
INFO:flwr:aggregate_evaluate: received 10 results and 0 failures
[92mINFO [0m:      
INFO:flwr:
[92mINFO [0m:      [ROUND 21]
INFO:flwr:[ROUND 21]
[92mINFO [0m:      configure_fit: strategy sampled 10 clients (out of 10)
INFO:flwr:configure_fit: strategy sampled 10 clients (out of 10)
[36m(ClientAppActor pid=280105)[0m 
[36m(ClientAppActor pid=280105)[0m         
[36m(ClientAppActor pid=280109)[0m 
[36m(ClientAppActor pid=280109)[0m         
[36m(ClientAppActor pid=280105)[0m [Client 4] Training on NVIDIA GeForce RTX 3060
[36m(ClientAppActor pid=280109)[0m [Client 9] Training on NVIDIA GeForce RTX 3060
[36m(ClientAppActor pid=280109)[0m 
[36m(ClientAppActor pid=280109)[0m         
[36m(ClientAppActor pid=280109)[0m [Client 5] Training on NVIDIA GeForce RTX 3060
[36m(ClientAppActor pid=280105)[0m 
[36m(ClientAppActor pid=280105)[0m         
[36m(ClientAppActor pid=280105)[0m 
[36m(ClientAppActor pid=280105)[0m         
[36m(ClientAppActor pid=280109)[0m 
[36m(ClientAppActor pid=280109)[0m         
[36m(ClientAppActor pid=280109)[0m [93mWARNING [0m:   DEPRECATED FEATURE: `client_fn` now expects a signature `def client_fn(context: Context)`.The provided `client_fn` has signature: {'cid': <Parameter "cid: str">}. You can import the `Context` like this: `from flwr.app import Context`[32m [repeated 14x across cluster][0m
[36m(ClientAppActor pid=280109)[0m             This is a deprecated feature. It will be removed[32m [repeated 14x across cluster][0m
[36m(ClientAppActor pid=280109)[0m             entirely in future versions of Flower.[32m [repeated 14x across cluster][0m
[36m(ClientAppActor pid=280105)[0m 
[36m(ClientAppActor pid=280105)[0m         
[36m(ClientAppActor pid=280105)[0m [Client 3] Training on NVIDIA GeForce RTX 3060[32m [repeated 4x across cluster][0m
[36m(ClientAppActor pid=280105)[0m 
[36m(ClientAppActor pid=280105)[0m         
[36m(ClientAppActor pid=280105)[0m 
[36m(ClientAppActor pid=280105)[0m         
[36m(ClientAppActor pid=280105)[0m 
[36m(ClientAppActor pid=280105)[0m         
[92mINFO [0m:      aggregate_fit: received 10 results and 0 failures
INFO:flwr:aggregate_fit: received 10 results and 0 failures
[CascadeRouter] Round 21: 10 clients, 24578 parameters/client
[92mINFO [0m:      configure_evaluate: strategy sampled 10 clients (out of 10)
INFO:flwr:configure_evaluate: strategy sampled 10 clients (out of 10)
[36m(ClientAppActor pid=280105)[0m 
[36m(ClientAppActor pid=280105)[0m         
[36m(ClientAppActor pid=280105)[0m [93mWARNING [0m:   DEPRECATED FEATURE: `client_fn` now expects a signature `def client_fn(context: Context)`.The provided `client_fn` has signature: {'cid': <Parameter "cid: str">}. You can import the `Context` like this: `from flwr.app import Context`[32m [repeated 5x across cluster][0m
[36m(ClientAppActor pid=280105)[0m             This is a deprecated feature. It will be removed[32m [repeated 5x across cluster][0m
[36m(ClientAppActor pid=280105)[0m             entirely in future versions of Flower.[32m [repeated 5x across cluster][0m
[36m(ClientAppActor pid=280109)[0m 
[36m(ClientAppActor pid=280109)[0m         
[36m(ClientAppActor pid=280109)[0m 
[36m(ClientAppActor pid=280109)[0m         
[36m(ClientAppActor pid=280105)[0m 
[36m(ClientAppActor pid=280105)[0m         
[36m(ClientAppActor pid=280105)[0m 
[36m(ClientAppActor pid=280105)[0m         
[36m(ClientAppActor pid=280109)[0m 
[36m(ClientAppActor pid=280109)[0m         
[36m(ClientAppActor pid=280109)[0m 
[36m(ClientAppActor pid=280109)[0m         
[36m(ClientAppActor pid=280105)[0m 
[36m(ClientAppActor pid=280105)[0m         
[36m(ClientAppActor pid=280105)[0m 
[36m(ClientAppActor pid=280105)[0m         
[36m(ClientAppActor pid=280109)[0m 
[36m(ClientAppActor pid=280109)[0m         
[92mINFO [0m:      aggregate_evaluate: received 10 results and 0 failures
INFO:flwr:aggregate_evaluate: received 10 results and 0 failures
[92mINFO [0m:      
INFO:flwr:
[92mINFO [0m:      [ROUND 22]
INFO:flwr:[ROUND 22]
[92mINFO [0m:      configure_fit: strategy sampled 10 clients (out of 10)
INFO:flwr:configure_fit: strategy sampled 10 clients (out of 10)
[36m(ClientAppActor pid=280105)[0m 
[36m(ClientAppActor pid=280105)[0m         
[36m(ClientAppActor pid=280105)[0m [Client 5] Training on NVIDIA GeForce RTX 3060[32m [repeated 4x across cluster][0m
[36m(ClientAppActor pid=280109)[0m 
[36m(ClientAppActor pid=280109)[0m         
[36m(ClientAppActor pid=280109)[0m 
[36m(ClientAppActor pid=280109)[0m         
[36m(ClientAppActor pid=280109)[0m 
[36m(ClientAppActor pid=280109)[0m         
[36m(ClientAppActor pid=280105)[0m 
[36m(ClientAppActor pid=280105)[0m         
[36m(ClientAppActor pid=280105)[0m [93mWARNING [0m:   DEPRECATED FEATURE: `client_fn` now expects a signature `def client_fn(context: Context)`.The provided `client_fn` has signature: {'cid': <Parameter "cid: str">}. You can import the `Context` like this: `from flwr.app import Context`[32m [repeated 14x across cluster][0m
[36m(ClientAppActor pid=280105)[0m             This is a deprecated feature. It will be removed[32m [repeated 14x across cluster][0m
[36m(ClientAppActor pid=280105)[0m             entirely in future versions of Flower.[32m [repeated 14x across cluster][0m
[36m(ClientAppActor pid=280105)[0m 
[36m(ClientAppActor pid=280105)[0m         
[36m(ClientAppActor pid=280109)[0m 
[36m(ClientAppActor pid=280109)[0m         
[36m(ClientAppActor pid=280109)[0m 
[36m(ClientAppActor pid=280109)[0m         
[36m(ClientAppActor pid=280109)[0m [Client 3] Training on NVIDIA GeForce RTX 3060[32m [repeated 7x across cluster][0m
[36m(ClientAppActor pid=280109)[0m 
[36m(ClientAppActor pid=280109)[0m         
[36m(ClientAppActor pid=280109)[0m 
[36m(ClientAppActor pid=280109)[0m         
[92mINFO [0m:      aggregate_fit: received 10 results and 0 failures
INFO:flwr:aggregate_fit: received 10 results and 0 failures
[CascadeRouter] Round 22: 10 clients, 24578 parameters/client
[92mINFO [0m:      configure_evaluate: strategy sampled 10 clients (out of 10)
INFO:flwr:configure_evaluate: strategy sampled 10 clients (out of 10)
[36m(ClientAppActor pid=280105)[0m 
[36m(ClientAppActor pid=280105)[0m         
[36m(ClientAppActor pid=280105)[0m [93mWARNING [0m:   DEPRECATED FEATURE: `client_fn` now expects a signature `def client_fn(context: Context)`.The provided `client_fn` has signature: {'cid': <Parameter "cid: str">}. You can import the `Context` like this: `from flwr.app import Context`[32m [repeated 6x across cluster][0m
[36m(ClientAppActor pid=280105)[0m             This is a deprecated feature. It will be removed[32m [repeated 6x across cluster][0m
[36m(ClientAppActor pid=280105)[0m             entirely in future versions of Flower.[32m [repeated 6x across cluster][0m
[36m(ClientAppActor pid=280109)[0m 
[36m(ClientAppActor pid=280109)[0m         
[36m(ClientAppActor pid=280105)[0m 
[36m(ClientAppActor pid=280105)[0m         
[36m(ClientAppActor pid=280109)[0m 
[36m(ClientAppActor pid=280109)[0m         
[36m(ClientAppActor pid=280105)[0m 
[36m(ClientAppActor pid=280105)[0m         
[36m(ClientAppActor pid=280109)[0m 
[36m(ClientAppActor pid=280109)[0m         
[36m(ClientAppActor pid=280105)[0m 
[36m(ClientAppActor pid=280105)[0m         
[36m(ClientAppActor pid=280109)[0m 
[36m(ClientAppActor pid=280109)[0m         
[36m(ClientAppActor pid=280105)[0m 
[36m(ClientAppActor pid=280105)[0m         
[36m(ClientAppActor pid=280109)[0m 
[36m(ClientAppActor pid=280109)[0m         
[92mINFO [0m:      aggregate_evaluate: received 10 results and 0 failures
INFO:flwr:aggregate_evaluate: received 10 results and 0 failures
[92mINFO [0m:      
INFO:flwr:
[92mINFO [0m:      [ROUND 23]
INFO:flwr:[ROUND 23]
[92mINFO [0m:      configure_fit: strategy sampled 10 clients (out of 10)
INFO:flwr:configure_fit: strategy sampled 10 clients (out of 10)
[36m(ClientAppActor pid=280109)[0m 
[36m(ClientAppActor pid=280109)[0m         
[36m(ClientAppActor pid=280109)[0m [Client 1] Training on NVIDIA GeForce RTX 3060[32m [repeated 3x across cluster][0m
[36m(ClientAppActor pid=280105)[0m 
[36m(ClientAppActor pid=280105)[0m         
[36m(ClientAppActor pid=280105)[0m 
[36m(ClientAppActor pid=280105)[0m         
[36m(ClientAppActor pid=280105)[0m 
[36m(ClientAppActor pid=280105)[0m         
[36m(ClientAppActor pid=280105)[0m [93mWARNING [0m:   DEPRECATED FEATURE: `client_fn` now expects a signature `def client_fn(context: Context)`.The provided `client_fn` has signature: {'cid': <Parameter "cid: str">}. You can import the `Context` like this: `from flwr.app import Context`[32m [repeated 13x across cluster][0m
[36m(ClientAppActor pid=280105)[0m             This is a deprecated feature. It will be removed[32m [repeated 13x across cluster][0m
[36m(ClientAppActor pid=280105)[0m             entirely in future versions of Flower.[32m [repeated 13x across cluster][0m
[36m(ClientAppActor pid=280105)[0m 
[36m(ClientAppActor pid=280105)[0m         
[36m(ClientAppActor pid=280105)[0m 
[36m(ClientAppActor pid=280105)[0m         
[36m(ClientAppActor pid=280105)[0m [Client 7] Training on NVIDIA GeForce RTX 3060[32m [repeated 5x across cluster][0m
[36m(ClientAppActor pid=280105)[0m 
[36m(ClientAppActor pid=280105)[0m         
[36m(ClientAppActor pid=280105)[0m 
[36m(ClientAppActor pid=280105)[0m         
[36m(ClientAppActor pid=280105)[0m 
[36m(ClientAppActor pid=280105)[0m         
[36m(ClientAppActor pid=280105)[0m [93mWARNING [0m:   DEPRECATED FEATURE: `client_fn` now expects a signature `def client_fn(context: Context)`.The provided `client_fn` has signature: {'cid': <Parameter "cid: str">}. You can import the `Context` like this: `from flwr.app import Context`[32m [repeated 5x across cluster][0m
[36m(ClientAppActor pid=280105)[0m             This is a deprecated feature. It will be removed[32m [repeated 5x across cluster][0m
[36m(ClientAppActor pid=280105)[0m             entirely in future versions of Flower.[32m [repeated 5x across cluster][0m
[36m(ClientAppActor pid=280109)[0m 
[36m(ClientAppActor pid=280109)[0m         
[92mINFO [0m:      aggregate_fit: received 10 results and 0 failures
INFO:flwr:aggregate_fit: received 10 results and 0 failures
[CascadeRouter] Round 23: 10 clients, 24578 parameters/client
[92mINFO [0m:      configure_evaluate: strategy sampled 10 clients (out of 10)
INFO:flwr:configure_evaluate: strategy sampled 10 clients (out of 10)
[36m(ClientAppActor pid=280105)[0m 
[36m(ClientAppActor pid=280105)[0m         
[36m(ClientAppActor pid=280109)[0m 
[36m(ClientAppActor pid=280109)[0m         
[36m(ClientAppActor pid=280105)[0m 
[36m(ClientAppActor pid=280105)[0m         
[36m(ClientAppActor pid=280109)[0m 
[36m(ClientAppActor pid=280109)[0m         
[36m(ClientAppActor pid=280109)[0m 
[36m(ClientAppActor pid=280109)[0m         
[36m(ClientAppActor pid=280105)[0m 
[36m(ClientAppActor pid=280105)[0m         
[36m(ClientAppActor pid=280109)[0m 
[36m(ClientAppActor pid=280109)[0m         
[36m(ClientAppActor pid=280105)[0m 
[36m(ClientAppActor pid=280105)[0m         
[36m(ClientAppActor pid=280109)[0m 
[36m(ClientAppActor pid=280109)[0m         
[36m(ClientAppActor pid=280105)[0m 
[36m(ClientAppActor pid=280105)[0m         
[92mINFO [0m:      aggregate_evaluate: received 10 results and 0 failures
INFO:flwr:aggregate_evaluate: received 10 results and 0 failures
[92mINFO [0m:      
INFO:flwr:
[92mINFO [0m:      [ROUND 24]
INFO:flwr:[ROUND 24]
[92mINFO [0m:      configure_fit: strategy sampled 10 clients (out of 10)
INFO:flwr:configure_fit: strategy sampled 10 clients (out of 10)
[36m(ClientAppActor pid=280105)[0m 
[36m(ClientAppActor pid=280105)[0m         
[36m(ClientAppActor pid=280109)[0m 
[36m(ClientAppActor pid=280109)[0m         
[36m(ClientAppActor pid=280105)[0m [Client 5] Training on NVIDIA GeForce RTX 3060[32m [repeated 5x across cluster][0m
[36m(ClientAppActor pid=280109)[0m 
[36m(ClientAppActor pid=280109)[0m         
[36m(ClientAppActor pid=280109)[0m [93mWARNING [0m:   DEPRECATED FEATURE: `client_fn` now expects a signature `def client_fn(context: Context)`.The provided `client_fn` has signature: {'cid': <Parameter "cid: str">}. You can import the `Context` like this: `from flwr.app import Context`[32m [repeated 14x across cluster][0m
[36m(ClientAppActor pid=280109)[0m             This is a deprecated feature. It will be removed[32m [repeated 14x across cluster][0m
[36m(ClientAppActor pid=280109)[0m             entirely in future versions of Flower.[32m [repeated 14x across cluster][0m
[36m(ClientAppActor pid=280109)[0m 
[36m(ClientAppActor pid=280109)[0m         
[36m(ClientAppActor pid=280109)[0m 
[36m(ClientAppActor pid=280109)[0m         
[36m(ClientAppActor pid=280109)[0m 
[36m(ClientAppActor pid=280109)[0m         
[36m(ClientAppActor pid=280109)[0m 
[36m(ClientAppActor pid=280109)[0m         
[36m(ClientAppActor pid=280105)[0m 
[36m(ClientAppActor pid=280105)[0m         
[36m(ClientAppActor pid=280105)[0m 
[36m(ClientAppActor pid=280105)[0m         
[36m(ClientAppActor pid=280105)[0m [Client 8] Training on NVIDIA GeForce RTX 3060[32m [repeated 8x across cluster][0m
[36m(ClientAppActor pid=280109)[0m 
[36m(ClientAppActor pid=280109)[0m         
[92mINFO [0m:      aggregate_fit: received 10 results and 0 failures
INFO:flwr:aggregate_fit: received 10 results and 0 failures
[CascadeRouter] Round 24: 10 clients, 24578 parameters/client
[92mINFO [0m:      configure_evaluate: strategy sampled 10 clients (out of 10)
INFO:flwr:configure_evaluate: strategy sampled 10 clients (out of 10)
[36m(ClientAppActor pid=280105)[0m 
[36m(ClientAppActor pid=280105)[0m         
[36m(ClientAppActor pid=280105)[0m [93mWARNING [0m:   DEPRECATED FEATURE: `client_fn` now expects a signature `def client_fn(context: Context)`.The provided `client_fn` has signature: {'cid': <Parameter "cid: str">}. You can import the `Context` like this: `from flwr.app import Context`[32m [repeated 8x across cluster][0m
[36m(ClientAppActor pid=280105)[0m             This is a deprecated feature. It will be removed[32m [repeated 8x across cluster][0m
[36m(ClientAppActor pid=280105)[0m             entirely in future versions of Flower.[32m [repeated 8x across cluster][0m
[36m(ClientAppActor pid=280109)[0m 
[36m(ClientAppActor pid=280109)[0m         
[36m(ClientAppActor pid=280109)[0m 
[36m(ClientAppActor pid=280109)[0m         
[36m(ClientAppActor pid=280105)[0m 
[36m(ClientAppActor pid=280105)[0m         
[36m(ClientAppActor pid=280105)[0m 
[36m(ClientAppActor pid=280105)[0m         
[36m(ClientAppActor pid=280109)[0m 
[36m(ClientAppActor pid=280109)[0m         
[36m(ClientAppActor pid=280105)[0m 
[36m(ClientAppActor pid=280105)[0m         
[36m(ClientAppActor pid=280109)[0m 
[36m(ClientAppActor pid=280109)[0m         
[36m(ClientAppActor pid=280105)[0m 
[36m(ClientAppActor pid=280105)[0m         
[36m(ClientAppActor pid=280109)[0m 
[36m(ClientAppActor pid=280109)[0m         
[92mINFO [0m:      aggregate_evaluate: received 10 results and 0 failures
INFO:flwr:aggregate_evaluate: received 10 results and 0 failures
[92mINFO [0m:      
INFO:flwr:
[92mINFO [0m:      [ROUND 25]
INFO:flwr:[ROUND 25]
[92mINFO [0m:      configure_fit: strategy sampled 10 clients (out of 10)
INFO:flwr:configure_fit: strategy sampled 10 clients (out of 10)
[36m(ClientAppActor pid=280105)[0m 
[36m(ClientAppActor pid=280105)[0m         
[36m(ClientAppActor pid=280105)[0m [Client 3] Training on NVIDIA GeForce RTX 3060[32m [repeated 2x across cluster][0m
[36m(ClientAppActor pid=280109)[0m 
[36m(ClientAppActor pid=280109)[0m         
[36m(ClientAppActor pid=280105)[0m 
[36m(ClientAppActor pid=280105)[0m         
[36m(ClientAppActor pid=280105)[0m 
[36m(ClientAppActor pid=280105)[0m         
[36m(ClientAppActor pid=280105)[0m 
[36m(ClientAppActor pid=280105)[0m         
[36m(ClientAppActor pid=280109)[0m 
[36m(ClientAppActor pid=280109)[0m         
[36m(ClientAppActor pid=280105)[0m 
[36m(ClientAppActor pid=280105)[0m         
[36m(ClientAppActor pid=280109)[0m 
[36m(ClientAppActor pid=280109)[0m         
[36m(ClientAppActor pid=280109)[0m [93mWARNING [0m:   DEPRECATED FEATURE: `client_fn` now expects a signature `def client_fn(context: Context)`.The provided `client_fn` has signature: {'cid': <Parameter "cid: str">}. You can import the `Context` like this: `from flwr.app import Context`[32m [repeated 17x across cluster][0m
[36m(ClientAppActor pid=280109)[0m             This is a deprecated feature. It will be removed[32m [repeated 17x across cluster][0m
[36m(ClientAppActor pid=280109)[0m             entirely in future versions of Flower.[32m [repeated 17x across cluster][0m
[36m(ClientAppActor pid=280105)[0m 
[36m(ClientAppActor pid=280105)[0m         
[36m(ClientAppActor pid=280109)[0m 
[36m(ClientAppActor pid=280109)[0m         
[92mINFO [0m:      aggregate_fit: received 10 results and 0 failures
INFO:flwr:aggregate_fit: received 10 results and 0 failures
[CascadeRouter] Round 25: 10 clients, 24578 parameters/client
[92mINFO [0m:      configure_evaluate: strategy sampled 10 clients (out of 10)
INFO:flwr:configure_evaluate: strategy sampled 10 clients (out of 10)
[36m(ClientAppActor pid=280109)[0m 
[36m(ClientAppActor pid=280109)[0m         
[36m(ClientAppActor pid=280109)[0m [93mWARNING [0m:   DEPRECATED FEATURE: `client_fn` now expects a signature `def client_fn(context: Context)`.The provided `client_fn` has signature: {'cid': <Parameter "cid: str">}. You can import the `Context` like this: `from flwr.app import Context`[32m [repeated 3x across cluster][0m
[36m(ClientAppActor pid=280109)[0m             This is a deprecated feature. It will be removed[32m [repeated 3x across cluster][0m
[36m(ClientAppActor pid=280109)[0m             entirely in future versions of Flower.[32m [repeated 3x across cluster][0m
[36m(ClientAppActor pid=280105)[0m 
[36m(ClientAppActor pid=280105)[0m         
[36m(ClientAppActor pid=280109)[0m 
[36m(ClientAppActor pid=280109)[0m         
[36m(ClientAppActor pid=280105)[0m 
[36m(ClientAppActor pid=280105)[0m         
[36m(ClientAppActor pid=280109)[0m 
[36m(ClientAppActor pid=280109)[0m         
[36m(ClientAppActor pid=280105)[0m 
[36m(ClientAppActor pid=280105)[0m         
[36m(ClientAppActor pid=280109)[0m 
[36m(ClientAppActor pid=280109)[0m         
[36m(ClientAppActor pid=280105)[0m 
[36m(ClientAppActor pid=280105)[0m         
[36m(ClientAppActor pid=280105)[0m 
[36m(ClientAppActor pid=280105)[0m         
[36m(ClientAppActor pid=280109)[0m 
[36m(ClientAppActor pid=280109)[0m         
[92mINFO [0m:      aggregate_evaluate: received 10 results and 0 failures
INFO:flwr:aggregate_evaluate: received 10 results and 0 failures
[92mINFO [0m:      
INFO:flwr:
[92mINFO [0m:      [ROUND 26]
INFO:flwr:[ROUND 26]
[92mINFO [0m:      configure_fit: strategy sampled 10 clients (out of 10)
INFO:flwr:configure_fit: strategy sampled 10 clients (out of 10)
[36m(ClientAppActor pid=280105)[0m 
[36m(ClientAppActor pid=280105)[0m         
[36m(ClientAppActor pid=280109)[0m 
[36m(ClientAppActor pid=280109)[0m         
[36m(ClientAppActor pid=280105)[0m [Client 6] Training on NVIDIA GeForce RTX 3060[32m [repeated 10x across cluster][0m
[36m(ClientAppActor pid=280105)[0m 
[36m(ClientAppActor pid=280105)[0m         
[36m(ClientAppActor pid=280105)[0m 
[36m(ClientAppActor pid=280105)[0m         
[36m(ClientAppActor pid=280105)[0m 
[36m(ClientAppActor pid=280105)[0m         
[36m(ClientAppActor pid=280109)[0m 
[36m(ClientAppActor pid=280109)[0m         
[36m(ClientAppActor pid=280109)[0m [93mWARNING [0m:   DEPRECATED FEATURE: `client_fn` now expects a signature `def client_fn(context: Context)`.The provided `client_fn` has signature: {'cid': <Parameter "cid: str">}. You can import the `Context` like this: `from flwr.app import Context`[32m [repeated 15x across cluster][0m
[36m(ClientAppActor pid=280109)[0m             This is a deprecated feature. It will be removed[32m [repeated 15x across cluster][0m
[36m(ClientAppActor pid=280109)[0m             entirely in future versions of Flower.[32m [repeated 15x across cluster][0m
[36m(ClientAppActor pid=280109)[0m 
[36m(ClientAppActor pid=280109)[0m         
[36m(ClientAppActor pid=280109)[0m [Client 0] Training on NVIDIA GeForce RTX 3060[32m [repeated 6x across cluster][0m
[36m(ClientAppActor pid=280109)[0m 
[36m(ClientAppActor pid=280109)[0m         
[36m(ClientAppActor pid=280109)[0m 
[36m(ClientAppActor pid=280109)[0m         
[36m(ClientAppActor pid=280109)[0m 
[36m(ClientAppActor pid=280109)[0m         
[92mINFO [0m:      aggregate_fit: received 10 results and 0 failures
INFO:flwr:aggregate_fit: received 10 results and 0 failures
[CascadeRouter] Round 26: 10 clients, 24578 parameters/client
[92mINFO [0m:      configure_evaluate: strategy sampled 10 clients (out of 10)
INFO:flwr:configure_evaluate: strategy sampled 10 clients (out of 10)
[36m(ClientAppActor pid=280105)[0m 
[36m(ClientAppActor pid=280105)[0m         
[36m(ClientAppActor pid=280105)[0m [93mWARNING [0m:   DEPRECATED FEATURE: `client_fn` now expects a signature `def client_fn(context: Context)`.The provided `client_fn` has signature: {'cid': <Parameter "cid: str">}. You can import the `Context` like this: `from flwr.app import Context`[32m [repeated 5x across cluster][0m
[36m(ClientAppActor pid=280105)[0m             This is a deprecated feature. It will be removed[32m [repeated 5x across cluster][0m
[36m(ClientAppActor pid=280105)[0m             entirely in future versions of Flower.[32m [repeated 5x across cluster][0m
[36m(ClientAppActor pid=280109)[0m 
[36m(ClientAppActor pid=280109)[0m         
[36m(ClientAppActor pid=280105)[0m 
[36m(ClientAppActor pid=280105)[0m         
[36m(ClientAppActor pid=280109)[0m 
[36m(ClientAppActor pid=280109)[0m         
[36m(ClientAppActor pid=280105)[0m 
[36m(ClientAppActor pid=280105)[0m         
[36m(ClientAppActor pid=280109)[0m 
[36m(ClientAppActor pid=280109)[0m         
[36m(ClientAppActor pid=280105)[0m 
[36m(ClientAppActor pid=280105)[0m         
[36m(ClientAppActor pid=280109)[0m 
[36m(ClientAppActor pid=280109)[0m         
[36m(ClientAppActor pid=280105)[0m 
[36m(ClientAppActor pid=280105)[0m         
[36m(ClientAppActor pid=280109)[0m 
[36m(ClientAppActor pid=280109)[0m         
[92mINFO [0m:      aggregate_evaluate: received 10 results and 0 failures
INFO:flwr:aggregate_evaluate: received 10 results and 0 failures
[92mINFO [0m:      
INFO:flwr:
[92mINFO [0m:      [ROUND 27]
INFO:flwr:[ROUND 27]
[92mINFO [0m:      configure_fit: strategy sampled 10 clients (out of 10)
INFO:flwr:configure_fit: strategy sampled 10 clients (out of 10)
[36m(ClientAppActor pid=280109)[0m 
[36m(ClientAppActor pid=280109)[0m         
[36m(ClientAppActor pid=280109)[0m [Client 9] Training on NVIDIA GeForce RTX 3060[32m [repeated 4x across cluster][0m
[36m(ClientAppActor pid=280105)[0m 
[36m(ClientAppActor pid=280105)[0m         
[36m(ClientAppActor pid=280109)[0m 
[36m(ClientAppActor pid=280109)[0m         
[36m(ClientAppActor pid=280109)[0m 
[36m(ClientAppActor pid=280109)[0m         
[36m(ClientAppActor pid=280109)[0m 
[36m(ClientAppActor pid=280109)[0m         
[36m(ClientAppActor pid=280109)[0m 
[36m(ClientAppActor pid=280109)[0m         
[36m(ClientAppActor pid=280109)[0m 
[36m(ClientAppActor pid=280109)[0m         
[36m(ClientAppActor pid=280109)[0m [93mWARNING [0m:   DEPRECATED FEATURE: `client_fn` now expects a signature `def client_fn(context: Context)`.The provided `client_fn` has signature: {'cid': <Parameter "cid: str">}. You can import the `Context` like this: `from flwr.app import Context`[32m [repeated 16x across cluster][0m
[36m(ClientAppActor pid=280109)[0m             This is a deprecated feature. It will be removed[32m [repeated 16x across cluster][0m
[36m(ClientAppActor pid=280109)[0m             entirely in future versions of Flower.[32m [repeated 16x across cluster][0m
[36m(ClientAppActor pid=280109)[0m 
[36m(ClientAppActor pid=280109)[0m         
[36m(ClientAppActor pid=280109)[0m [Client 5] Training on NVIDIA GeForce RTX 3060[32m [repeated 7x across cluster][0m
[36m(ClientAppActor pid=280105)[0m 
[36m(ClientAppActor pid=280105)[0m         
[36m(ClientAppActor pid=280105)[0m 
[36m(ClientAppActor pid=280105)[0m         
[92mINFO [0m:      aggregate_fit: received 10 results and 0 failures
INFO:flwr:aggregate_fit: received 10 results and 0 failures
[CascadeRouter] Round 27: 10 clients, 24578 parameters/client
[92mINFO [0m:      configure_evaluate: strategy sampled 10 clients (out of 10)
INFO:flwr:configure_evaluate: strategy sampled 10 clients (out of 10)
[36m(ClientAppActor pid=280109)[0m 
[36m(ClientAppActor pid=280109)[0m         
[36m(ClientAppActor pid=280109)[0m [93mWARNING [0m:   DEPRECATED FEATURE: `client_fn` now expects a signature `def client_fn(context: Context)`.The provided `client_fn` has signature: {'cid': <Parameter "cid: str">}. You can import the `Context` like this: `from flwr.app import Context`[32m [repeated 4x across cluster][0m
[36m(ClientAppActor pid=280109)[0m             This is a deprecated feature. It will be removed[32m [repeated 4x across cluster][0m
[36m(ClientAppActor pid=280109)[0m             entirely in future versions of Flower.[32m [repeated 4x across cluster][0m
[36m(ClientAppActor pid=280105)[0m 
[36m(ClientAppActor pid=280105)[0m         
[36m(ClientAppActor pid=280109)[0m 
[36m(ClientAppActor pid=280109)[0m         
[36m(ClientAppActor pid=280105)[0m 
[36m(ClientAppActor pid=280105)[0m         
[36m(ClientAppActor pid=280105)[0m 
[36m(ClientAppActor pid=280105)[0m         
[36m(ClientAppActor pid=280109)[0m 
[36m(ClientAppActor pid=280109)[0m         
[36m(ClientAppActor pid=280109)[0m 
[36m(ClientAppActor pid=280109)[0m         
[36m(ClientAppActor pid=280105)[0m 
[36m(ClientAppActor pid=280105)[0m         
[36m(ClientAppActor pid=280109)[0m 
[36m(ClientAppActor pid=280109)[0m         
[36m(ClientAppActor pid=280105)[0m 
[36m(ClientAppActor pid=280105)[0m         
[92mINFO [0m:      aggregate_evaluate: received 10 results and 0 failures
INFO:flwr:aggregate_evaluate: received 10 results and 0 failures
[92mINFO [0m:      
INFO:flwr:
[92mINFO [0m:      [ROUND 28]
INFO:flwr:[ROUND 28]
[92mINFO [0m:      configure_fit: strategy sampled 10 clients (out of 10)
INFO:flwr:configure_fit: strategy sampled 10 clients (out of 10)
[36m(ClientAppActor pid=280105)[0m 
[36m(ClientAppActor pid=280105)[0m         
[36m(ClientAppActor pid=280109)[0m 
[36m(ClientAppActor pid=280109)[0m         
[36m(ClientAppActor pid=280109)[0m [Client 7] Training on NVIDIA GeForce RTX 3060[32m [repeated 4x across cluster][0m
[36m(ClientAppActor pid=280109)[0m 
[36m(ClientAppActor pid=280109)[0m         
[36m(ClientAppActor pid=280105)[0m 
[36m(ClientAppActor pid=280105)[0m         
[36m(ClientAppActor pid=280109)[0m 
[36m(ClientAppActor pid=280109)[0m         
[36m(ClientAppActor pid=280109)[0m 
[36m(ClientAppActor pid=280109)[0m         
[36m(ClientAppActor pid=280109)[0m 
[36m(ClientAppActor pid=280109)[0m         
[36m(ClientAppActor pid=280109)[0m [93mWARNING [0m:   DEPRECATED FEATURE: `client_fn` now expects a signature `def client_fn(context: Context)`.The provided `client_fn` has signature: {'cid': <Parameter "cid: str">}. You can import the `Context` like this: `from flwr.app import Context`[32m [repeated 16x across cluster][0m
[36m(ClientAppActor pid=280109)[0m             This is a deprecated feature. It will be removed[32m [repeated 16x across cluster][0m
[36m(ClientAppActor pid=280109)[0m             entirely in future versions of Flower.[32m [repeated 16x across cluster][0m
[36m(ClientAppActor pid=280109)[0m 
[36m(ClientAppActor pid=280109)[0m         
[36m(ClientAppActor pid=280109)[0m [Client 3] Training on NVIDIA GeForce RTX 3060[32m [repeated 6x across cluster][0m
[36m(ClientAppActor pid=280109)[0m 
[36m(ClientAppActor pid=280109)[0m         
[36m(ClientAppActor pid=280109)[0m [93mWARNING [0m:   DEPRECATED FEATURE: `client_fn` now expects a signature `def client_fn(context: Context)`.The provided `client_fn` has signature: {'cid': <Parameter "cid: str">}. You can import the `Context` like this: `from flwr.app import Context`[32m [repeated 2x across cluster][0m
[36m(ClientAppActor pid=280109)[0m             This is a deprecated feature. It will be removed[32m [repeated 2x across cluster][0m
[36m(ClientAppActor pid=280109)[0m             entirely in future versions of Flower.[32m [repeated 2x across cluster][0m
[36m(ClientAppActor pid=280109)[0m 
[36m(ClientAppActor pid=280109)[0m         
[92mINFO [0m:      aggregate_fit: received 10 results and 0 failures
INFO:flwr:aggregate_fit: received 10 results and 0 failures
[CascadeRouter] Round 28: 10 clients, 24578 parameters/client
[92mINFO [0m:      configure_evaluate: strategy sampled 10 clients (out of 10)
INFO:flwr:configure_evaluate: strategy sampled 10 clients (out of 10)
[36m(ClientAppActor pid=280105)[0m 
[36m(ClientAppActor pid=280105)[0m         
[36m(ClientAppActor pid=280109)[0m 
[36m(ClientAppActor pid=280109)[0m         
[36m(ClientAppActor pid=280109)[0m 
[36m(ClientAppActor pid=280109)[0m         
[36m(ClientAppActor pid=280105)[0m 
[36m(ClientAppActor pid=280105)[0m         
[36m(ClientAppActor pid=280109)[0m 
[36m(ClientAppActor pid=280109)[0m         
[36m(ClientAppActor pid=280105)[0m 
[36m(ClientAppActor pid=280105)[0m         
[36m(ClientAppActor pid=280109)[0m 
[36m(ClientAppActor pid=280109)[0m         
[36m(ClientAppActor pid=280105)[0m 
[36m(ClientAppActor pid=280105)[0m         
[36m(ClientAppActor pid=280105)[0m 
[36m(ClientAppActor pid=280105)[0m         
[36m(ClientAppActor pid=280109)[0m 
[36m(ClientAppActor pid=280109)[0m         
[92mINFO [0m:      aggregate_evaluate: received 10 results and 0 failures
INFO:flwr:aggregate_evaluate: received 10 results and 0 failures
[92mINFO [0m:      
INFO:flwr:
[92mINFO [0m:      [ROUND 29]
INFO:flwr:[ROUND 29]
[92mINFO [0m:      configure_fit: strategy sampled 10 clients (out of 10)
INFO:flwr:configure_fit: strategy sampled 10 clients (out of 10)
[36m(ClientAppActor pid=280105)[0m 
[36m(ClientAppActor pid=280105)[0m         
[36m(ClientAppActor pid=280109)[0m 
[36m(ClientAppActor pid=280109)[0m         
[36m(ClientAppActor pid=280109)[0m 
[36m(ClientAppActor pid=280109)[0m         
[36m(ClientAppActor pid=280109)[0m [Client 4] Training on NVIDIA GeForce RTX 3060[32m [repeated 5x across cluster][0m
[36m(ClientAppActor pid=280105)[0m 
[36m(ClientAppActor pid=280105)[0m         
[36m(ClientAppActor pid=280105)[0m 
[36m(ClientAppActor pid=280105)[0m         
[36m(ClientAppActor pid=280109)[0m 
[36m(ClientAppActor pid=280109)[0m         
[36m(ClientAppActor pid=280109)[0m [93mWARNING [0m:   DEPRECATED FEATURE: `client_fn` now expects a signature `def client_fn(context: Context)`.The provided `client_fn` has signature: {'cid': <Parameter "cid: str">}. You can import the `Context` like this: `from flwr.app import Context`[32m [repeated 17x across cluster][0m
[36m(ClientAppActor pid=280109)[0m             This is a deprecated feature. It will be removed[32m [repeated 17x across cluster][0m
[36m(ClientAppActor pid=280109)[0m             entirely in future versions of Flower.[32m [repeated 17x across cluster][0m
[36m(ClientAppActor pid=280105)[0m 
[36m(ClientAppActor pid=280105)[0m         
[36m(ClientAppActor pid=280105)[0m 
[36m(ClientAppActor pid=280105)[0m         
[36m(ClientAppActor pid=280109)[0m 
[36m(ClientAppActor pid=280109)[0m         
[36m(ClientAppActor pid=280109)[0m [Client 1] Training on NVIDIA GeForce RTX 3060[32m [repeated 6x across cluster][0m
[36m(ClientAppActor pid=280105)[0m 
[36m(ClientAppActor pid=280105)[0m         
[92mINFO [0m:      aggregate_fit: received 10 results and 0 failures
INFO:flwr:aggregate_fit: received 10 results and 0 failures
[CascadeRouter] Round 29: 10 clients, 24578 parameters/client
[92mINFO [0m:      configure_evaluate: strategy sampled 10 clients (out of 10)
INFO:flwr:configure_evaluate: strategy sampled 10 clients (out of 10)
[36m(ClientAppActor pid=280109)[0m 
[36m(ClientAppActor pid=280109)[0m         
[36m(ClientAppActor pid=280109)[0m [93mWARNING [0m:   DEPRECATED FEATURE: `client_fn` now expects a signature `def client_fn(context: Context)`.The provided `client_fn` has signature: {'cid': <Parameter "cid: str">}. You can import the `Context` like this: `from flwr.app import Context`[32m [repeated 5x across cluster][0m
[36m(ClientAppActor pid=280109)[0m             This is a deprecated feature. It will be removed[32m [repeated 5x across cluster][0m
[36m(ClientAppActor pid=280109)[0m             entirely in future versions of Flower.[32m [repeated 5x across cluster][0m
[36m(ClientAppActor pid=280105)[0m 
[36m(ClientAppActor pid=280105)[0m         
[36m(ClientAppActor pid=280109)[0m 
[36m(ClientAppActor pid=280109)[0m         
[36m(ClientAppActor pid=280105)[0m 
[36m(ClientAppActor pid=280105)[0m         
[36m(ClientAppActor pid=280109)[0m 
[36m(ClientAppActor pid=280109)[0m         
[36m(ClientAppActor pid=280105)[0m 
[36m(ClientAppActor pid=280105)[0m         
[36m(ClientAppActor pid=280105)[0m 
[36m(ClientAppActor pid=280105)[0m         
[36m(ClientAppActor pid=280109)[0m 
[36m(ClientAppActor pid=280109)[0m         
[36m(ClientAppActor pid=280109)[0m 
[36m(ClientAppActor pid=280109)[0m         
[36m(ClientAppActor pid=280105)[0m 
[36m(ClientAppActor pid=280105)[0m         
[92mINFO [0m:      aggregate_evaluate: received 10 results and 0 failures
INFO:flwr:aggregate_evaluate: received 10 results and 0 failures
[92mINFO [0m:      
INFO:flwr:
[92mINFO [0m:      [ROUND 30]
INFO:flwr:[ROUND 30]
[92mINFO [0m:      configure_fit: strategy sampled 10 clients (out of 10)
INFO:flwr:configure_fit: strategy sampled 10 clients (out of 10)
[36m(ClientAppActor pid=280105)[0m 
[36m(ClientAppActor pid=280105)[0m         
[36m(ClientAppActor pid=280105)[0m [Client 7] Training on NVIDIA GeForce RTX 3060[32m [repeated 2x across cluster][0m
[36m(ClientAppActor pid=280109)[0m 
[36m(ClientAppActor pid=280109)[0m         
[36m(ClientAppActor pid=280105)[0m 
[36m(ClientAppActor pid=280105)[0m         
[36m(ClientAppActor pid=280105)[0m 
[36m(ClientAppActor pid=280105)[0m         
[36m(ClientAppActor pid=280109)[0m 
[36m(ClientAppActor pid=280109)[0m         
[36m(ClientAppActor pid=280105)[0m 
[36m(ClientAppActor pid=280105)[0m         
[36m(ClientAppActor pid=280109)[0m 
[36m(ClientAppActor pid=280109)[0m         
[36m(ClientAppActor pid=280105)[0m 
[36m(ClientAppActor pid=280105)[0m         
[36m(ClientAppActor pid=280105)[0m [93mWARNING [0m:   DEPRECATED FEATURE: `client_fn` now expects a signature `def client_fn(context: Context)`.The provided `client_fn` has signature: {'cid': <Parameter "cid: str">}. You can import the `Context` like this: `from flwr.app import Context`[32m [repeated 17x across cluster][0m
[36m(ClientAppActor pid=280105)[0m             This is a deprecated feature. It will be removed[32m [repeated 17x across cluster][0m
[36m(ClientAppActor pid=280105)[0m             entirely in future versions of Flower.[32m [repeated 17x across cluster][0m
[36m(ClientAppActor pid=280109)[0m 
[36m(ClientAppActor pid=280109)[0m         
[36m(ClientAppActor pid=280105)[0m 
[36m(ClientAppActor pid=280105)[0m         
[36m(ClientAppActor pid=280105)[0m [Client 5] Training on NVIDIA GeForce RTX 3060[32m [repeated 9x across cluster][0m
[92mINFO [0m:      aggregate_fit: received 10 results and 0 failures
INFO:flwr:aggregate_fit: received 10 results and 0 failures
[CascadeRouter] Round 30: 10 clients, 24578 parameters/client
[92mINFO [0m:      configure_evaluate: strategy sampled 10 clients (out of 10)
INFO:flwr:configure_evaluate: strategy sampled 10 clients (out of 10)
[36m(ClientAppActor pid=280105)[0m 
[36m(ClientAppActor pid=280105)[0m         
[36m(ClientAppActor pid=280105)[0m [93mWARNING [0m:   DEPRECATED FEATURE: `client_fn` now expects a signature `def client_fn(context: Context)`.The provided `client_fn` has signature: {'cid': <Parameter "cid: str">}. You can import the `Context` like this: `from flwr.app import Context`[32m [repeated 3x across cluster][0m
[36m(ClientAppActor pid=280105)[0m             This is a deprecated feature. It will be removed[32m [repeated 3x across cluster][0m
[36m(ClientAppActor pid=280105)[0m             entirely in future versions of Flower.[32m [repeated 3x across cluster][0m
[36m(ClientAppActor pid=280109)[0m 
[36m(ClientAppActor pid=280109)[0m         
[36m(ClientAppActor pid=280105)[0m 
[36m(ClientAppActor pid=280105)[0m         
[36m(ClientAppActor pid=280109)[0m 
[36m(ClientAppActor pid=280109)[0m         
[36m(ClientAppActor pid=280109)[0m 
[36m(ClientAppActor pid=280109)[0m         
[36m(ClientAppActor pid=280105)[0m 
[36m(ClientAppActor pid=280105)[0m         
[36m(ClientAppActor pid=280109)[0m 
[36m(ClientAppActor pid=280109)[0m         
[36m(ClientAppActor pid=280105)[0m 
[36m(ClientAppActor pid=280105)[0m         
[36m(ClientAppActor pid=280109)[0m 
[36m(ClientAppActor pid=280109)[0m         
[36m(ClientAppActor pid=280105)[0m 
[36m(ClientAppActor pid=280105)[0m         
[92mINFO [0m:      aggregate_evaluate: received 10 results and 0 failures
INFO:flwr:aggregate_evaluate: received 10 results and 0 failures
[92mINFO [0m:      
INFO:flwr:
[92mINFO [0m:      [ROUND 31]
INFO:flwr:[ROUND 31]
[92mINFO [0m:      configure_fit: strategy sampled 10 clients (out of 10)
INFO:flwr:configure_fit: strategy sampled 10 clients (out of 10)
[36m(ClientAppActor pid=280105)[0m 
[36m(ClientAppActor pid=280105)[0m         
[36m(ClientAppActor pid=280105)[0m [Client 4] Training on NVIDIA GeForce RTX 3060
[36m(ClientAppActor pid=280109)[0m 
[36m(ClientAppActor pid=280109)[0m         
[36m(ClientAppActor pid=280109)[0m [Client 6] Training on NVIDIA GeForce RTX 3060
[36m(ClientAppActor pid=280109)[0m 
[36m(ClientAppActor pid=280109)[0m         
[36m(ClientAppActor pid=280109)[0m [Client 8] Training on NVIDIA GeForce RTX 3060
[36m(ClientAppActor pid=280105)[0m 
[36m(ClientAppActor pid=280105)[0m         
[36m(ClientAppActor pid=280109)[0m 
[36m(ClientAppActor pid=280109)[0m         
[36m(ClientAppActor pid=280105)[0m 
[36m(ClientAppActor pid=280105)[0m         
[36m(ClientAppActor pid=280109)[0m 
[36m(ClientAppActor pid=280109)[0m         
[36m(ClientAppActor pid=280109)[0m 
[36m(ClientAppActor pid=280109)[0m         
[36m(ClientAppActor pid=280109)[0m [93mWARNING [0m:   DEPRECATED FEATURE: `client_fn` now expects a signature `def client_fn(context: Context)`.The provided `client_fn` has signature: {'cid': <Parameter "cid: str">}. You can import the `Context` like this: `from flwr.app import Context`[32m [repeated 17x across cluster][0m
[36m(ClientAppActor pid=280109)[0m             This is a deprecated feature. It will be removed[32m [repeated 17x across cluster][0m
[36m(ClientAppActor pid=280109)[0m             entirely in future versions of Flower.[32m [repeated 17x across cluster][0m
[36m(ClientAppActor pid=280109)[0m 
[36m(ClientAppActor pid=280109)[0m         
[36m(ClientAppActor pid=280109)[0m 
[36m(ClientAppActor pid=280109)[0m         
[36m(ClientAppActor pid=280109)[0m [Client 5] Training on NVIDIA GeForce RTX 3060[32m [repeated 7x across cluster][0m
[92mINFO [0m:      aggregate_fit: received 10 results and 0 failures
INFO:flwr:aggregate_fit: received 10 results and 0 failures
[CascadeRouter] Round 31: 10 clients, 24578 parameters/client
[92mINFO [0m:      configure_evaluate: strategy sampled 10 clients (out of 10)
INFO:flwr:configure_evaluate: strategy sampled 10 clients (out of 10)
[36m(ClientAppActor pid=280105)[0m 
[36m(ClientAppActor pid=280105)[0m         
[36m(ClientAppActor pid=280105)[0m [93mWARNING [0m:   DEPRECATED FEATURE: `client_fn` now expects a signature `def client_fn(context: Context)`.The provided `client_fn` has signature: {'cid': <Parameter "cid: str">}. You can import the `Context` like this: `from flwr.app import Context`[32m [repeated 3x across cluster][0m
[36m(ClientAppActor pid=280105)[0m             This is a deprecated feature. It will be removed[32m [repeated 3x across cluster][0m
[36m(ClientAppActor pid=280105)[0m             entirely in future versions of Flower.[32m [repeated 3x across cluster][0m
[36m(ClientAppActor pid=280109)[0m 
[36m(ClientAppActor pid=280109)[0m         
[36m(ClientAppActor pid=280105)[0m 
[36m(ClientAppActor pid=280105)[0m         
[36m(ClientAppActor pid=280109)[0m 
[36m(ClientAppActor pid=280109)[0m         
[36m(ClientAppActor pid=280105)[0m 
[36m(ClientAppActor pid=280105)[0m         
[36m(ClientAppActor pid=280109)[0m 
[36m(ClientAppActor pid=280109)[0m         
[36m(ClientAppActor pid=280105)[0m 
[36m(ClientAppActor pid=280105)[0m         
[36m(ClientAppActor pid=280109)[0m 
[36m(ClientAppActor pid=280109)[0m         
[36m(ClientAppActor pid=280105)[0m 
[36m(ClientAppActor pid=280105)[0m         
[36m(ClientAppActor pid=280109)[0m 
[36m(ClientAppActor pid=280109)[0m         
[92mINFO [0m:      aggregate_evaluate: received 10 results and 0 failures
INFO:flwr:aggregate_evaluate: received 10 results and 0 failures
[92mINFO [0m:      
INFO:flwr:
[92mINFO [0m:      [ROUND 32]
INFO:flwr:[ROUND 32]
[92mINFO [0m:      configure_fit: strategy sampled 10 clients (out of 10)
INFO:flwr:configure_fit: strategy sampled 10 clients (out of 10)
[36m(ClientAppActor pid=280109)[0m 
[36m(ClientAppActor pid=280109)[0m         
[36m(ClientAppActor pid=280109)[0m [Client 8] Training on NVIDIA GeForce RTX 3060
[36m(ClientAppActor pid=280105)[0m 
[36m(ClientAppActor pid=280105)[0m         
[36m(ClientAppActor pid=280105)[0m [Client 5] Training on NVIDIA GeForce RTX 3060
[36m(ClientAppActor pid=280109)[0m 
[36m(ClientAppActor pid=280109)[0m         
[36m(ClientAppActor pid=280109)[0m 
[36m(ClientAppActor pid=280109)[0m         
[36m(ClientAppActor pid=280105)[0m 
[36m(ClientAppActor pid=280105)[0m         
[36m(ClientAppActor pid=280105)[0m [93mWARNING [0m:   DEPRECATED FEATURE: `client_fn` now expects a signature `def client_fn(context: Context)`.The provided `client_fn` has signature: {'cid': <Parameter "cid: str">}. You can import the `Context` like this: `from flwr.app import Context`[32m [repeated 14x across cluster][0m
[36m(ClientAppActor pid=280105)[0m             This is a deprecated feature. It will be removed[32m [repeated 14x across cluster][0m
[36m(ClientAppActor pid=280105)[0m             entirely in future versions of Flower.[32m [repeated 14x across cluster][0m
[36m(ClientAppActor pid=280109)[0m 
[36m(ClientAppActor pid=280109)[0m         
[36m(ClientAppActor pid=280109)[0m 
[36m(ClientAppActor pid=280109)[0m         
[36m(ClientAppActor pid=280109)[0m 
[36m(ClientAppActor pid=280109)[0m         
[36m(ClientAppActor pid=280109)[0m [Client 7] Training on NVIDIA GeForce RTX 3060[32m [repeated 6x across cluster][0m
[36m(ClientAppActor pid=280109)[0m 
[36m(ClientAppActor pid=280109)[0m         
[36m(ClientAppActor pid=280109)[0m 
[36m(ClientAppActor pid=280109)[0m         
[92mINFO [0m:      aggregate_fit: received 10 results and 0 failures
INFO:flwr:aggregate_fit: received 10 results and 0 failures
[CascadeRouter] Round 32: 10 clients, 24578 parameters/client
[92mINFO [0m:      configure_evaluate: strategy sampled 10 clients (out of 10)
INFO:flwr:configure_evaluate: strategy sampled 10 clients (out of 10)
[36m(ClientAppActor pid=280105)[0m 
[36m(ClientAppActor pid=280105)[0m         
[36m(ClientAppActor pid=280105)[0m [93mWARNING [0m:   DEPRECATED FEATURE: `client_fn` now expects a signature `def client_fn(context: Context)`.The provided `client_fn` has signature: {'cid': <Parameter "cid: str">}. You can import the `Context` like this: `from flwr.app import Context`[32m [repeated 6x across cluster][0m
[36m(ClientAppActor pid=280105)[0m             This is a deprecated feature. It will be removed[32m [repeated 6x across cluster][0m
[36m(ClientAppActor pid=280105)[0m             entirely in future versions of Flower.[32m [repeated 6x across cluster][0m
[36m(ClientAppActor pid=280109)[0m 
[36m(ClientAppActor pid=280109)[0m         
[36m(ClientAppActor pid=280105)[0m 
[36m(ClientAppActor pid=280105)[0m         
[36m(ClientAppActor pid=280109)[0m 
[36m(ClientAppActor pid=280109)[0m         
[36m(ClientAppActor pid=280105)[0m 
[36m(ClientAppActor pid=280105)[0m         
[36m(ClientAppActor pid=280109)[0m 
[36m(ClientAppActor pid=280109)[0m         
[36m(ClientAppActor pid=280105)[0m 
[36m(ClientAppActor pid=280105)[0m         
[36m(ClientAppActor pid=280109)[0m 
[36m(ClientAppActor pid=280109)[0m         
[36m(ClientAppActor pid=280105)[0m 
[36m(ClientAppActor pid=280105)[0m         
[36m(ClientAppActor pid=280109)[0m 
[36m(ClientAppActor pid=280109)[0m         
[92mINFO [0m:      aggregate_evaluate: received 10 results and 0 failures
INFO:flwr:aggregate_evaluate: received 10 results and 0 failures
[92mINFO [0m:      
INFO:flwr:
[92mINFO [0m:      [ROUND 33]
INFO:flwr:[ROUND 33]
[92mINFO [0m:      configure_fit: strategy sampled 10 clients (out of 10)
INFO:flwr:configure_fit: strategy sampled 10 clients (out of 10)
[36m(ClientAppActor pid=280105)[0m 
[36m(ClientAppActor pid=280105)[0m         
[36m(ClientAppActor pid=280109)[0m 
[36m(ClientAppActor pid=280109)[0m         
[36m(ClientAppActor pid=280105)[0m [Client 1] Training on NVIDIA GeForce RTX 3060[32m [repeated 3x across cluster][0m
[36m(ClientAppActor pid=280109)[0m 
[36m(ClientAppActor pid=280109)[0m         
[36m(ClientAppActor pid=280109)[0m 
[36m(ClientAppActor pid=280109)[0m         
[36m(ClientAppActor pid=280109)[0m [93mWARNING [0m:   DEPRECATED FEATURE: `client_fn` now expects a signature `def client_fn(context: Context)`.The provided `client_fn` has signature: {'cid': <Parameter "cid: str">}. You can import the `Context` like this: `from flwr.app import Context`[32m [repeated 13x across cluster][0m
[36m(ClientAppActor pid=280109)[0m             This is a deprecated feature. It will be removed[32m [repeated 13x across cluster][0m
[36m(ClientAppActor pid=280109)[0m             entirely in future versions of Flower.[32m [repeated 13x across cluster][0m
[36m(ClientAppActor pid=280109)[0m 
[36m(ClientAppActor pid=280109)[0m         
[36m(ClientAppActor pid=280109)[0m [Client 4] Training on NVIDIA GeForce RTX 3060[32m [repeated 4x across cluster][0m
[36m(ClientAppActor pid=280109)[0m 
[36m(ClientAppActor pid=280109)[0m         
[36m(ClientAppActor pid=280109)[0m 
[36m(ClientAppActor pid=280109)[0m         
[36m(ClientAppActor pid=280109)[0m 
[36m(ClientAppActor pid=280109)[0m         
[36m(ClientAppActor pid=280109)[0m 
[36m(ClientAppActor pid=280109)[0m         
[36m(ClientAppActor pid=280105)[0m 
[36m(ClientAppActor pid=280105)[0m         
[92mINFO [0m:      aggregate_fit: received 10 results and 0 failures
INFO:flwr:aggregate_fit: received 10 results and 0 failures
[CascadeRouter] Round 33: 10 clients, 24578 parameters/client
[92mINFO [0m:      configure_evaluate: strategy sampled 10 clients (out of 10)
INFO:flwr:configure_evaluate: strategy sampled 10 clients (out of 10)
[36m(ClientAppActor pid=280105)[0m 
[36m(ClientAppActor pid=280105)[0m         
[36m(ClientAppActor pid=280105)[0m [93mWARNING [0m:   DEPRECATED FEATURE: `client_fn` now expects a signature `def client_fn(context: Context)`.The provided `client_fn` has signature: {'cid': <Parameter "cid: str">}. You can import the `Context` like this: `from flwr.app import Context`[32m [repeated 7x across cluster][0m
[36m(ClientAppActor pid=280105)[0m             This is a deprecated feature. It will be removed[32m [repeated 7x across cluster][0m
[36m(ClientAppActor pid=280105)[0m             entirely in future versions of Flower.[32m [repeated 7x across cluster][0m
[36m(ClientAppActor pid=280109)[0m 
[36m(ClientAppActor pid=280109)[0m         
[36m(ClientAppActor pid=280105)[0m 
[36m(ClientAppActor pid=280105)[0m         
[36m(ClientAppActor pid=280109)[0m 
[36m(ClientAppActor pid=280109)[0m         
[36m(ClientAppActor pid=280105)[0m 
[36m(ClientAppActor pid=280105)[0m         
[36m(ClientAppActor pid=280109)[0m 
[36m(ClientAppActor pid=280109)[0m         
[36m(ClientAppActor pid=280105)[0m 
[36m(ClientAppActor pid=280105)[0m         
[36m(ClientAppActor pid=280109)[0m 
[36m(ClientAppActor pid=280109)[0m         
[36m(ClientAppActor pid=280105)[0m 
[36m(ClientAppActor pid=280105)[0m         
[36m(ClientAppActor pid=280109)[0m 
[36m(ClientAppActor pid=280109)[0m         
[92mINFO [0m:      aggregate_evaluate: received 10 results and 0 failures
INFO:flwr:aggregate_evaluate: received 10 results and 0 failures
[92mINFO [0m:      
INFO:flwr:
[92mINFO [0m:      [ROUND 34]
INFO:flwr:[ROUND 34]
[92mINFO [0m:      configure_fit: strategy sampled 10 clients (out of 10)
INFO:flwr:configure_fit: strategy sampled 10 clients (out of 10)
[36m(ClientAppActor pid=280109)[0m 
[36m(ClientAppActor pid=280109)[0m         
[36m(ClientAppActor pid=280109)[0m [Client 8] Training on NVIDIA GeForce RTX 3060[32m [repeated 6x across cluster][0m
[36m(ClientAppActor pid=280105)[0m 
[36m(ClientAppActor pid=280105)[0m         
[36m(ClientAppActor pid=280105)[0m 
[36m(ClientAppActor pid=280105)[0m         
[36m(ClientAppActor pid=280109)[0m 
[36m(ClientAppActor pid=280109)[0m         
[36m(ClientAppActor pid=280109)[0m 
[36m(ClientAppActor pid=280109)[0m         
[36m(ClientAppActor pid=280109)[0m [93mWARNING [0m:   DEPRECATED FEATURE: `client_fn` now expects a signature `def client_fn(context: Context)`.The provided `client_fn` has signature: {'cid': <Parameter "cid: str">}. You can import the `Context` like this: `from flwr.app import Context`[32m [repeated 14x across cluster][0m
[36m(ClientAppActor pid=280109)[0m             This is a deprecated feature. It will be removed[32m [repeated 14x across cluster][0m
[36m(ClientAppActor pid=280109)[0m             entirely in future versions of Flower.[32m [repeated 14x across cluster][0m
[36m(ClientAppActor pid=280109)[0m 
[36m(ClientAppActor pid=280109)[0m         
[36m(ClientAppActor pid=280109)[0m [Client 9] Training on NVIDIA GeForce RTX 3060[32m [repeated 5x across cluster][0m
[36m(ClientAppActor pid=280109)[0m 
[36m(ClientAppActor pid=280109)[0m         
[36m(ClientAppActor pid=280109)[0m 
[36m(ClientAppActor pid=280109)[0m         
[36m(ClientAppActor pid=280109)[0m [93mWARNING [0m:   DEPRECATED FEATURE: `client_fn` now expects a signature `def client_fn(context: Context)`.The provided `client_fn` has signature: {'cid': <Parameter "cid: str">}. You can import the `Context` like this: `from flwr.app import Context`[32m [repeated 3x across cluster][0m
[36m(ClientAppActor pid=280109)[0m             This is a deprecated feature. It will be removed[32m [repeated 3x across cluster][0m
[36m(ClientAppActor pid=280109)[0m             entirely in future versions of Flower.[32m [repeated 3x across cluster][0m
[36m(ClientAppActor pid=280109)[0m 
[36m(ClientAppActor pid=280109)[0m         
[36m(ClientAppActor pid=280109)[0m 
[36m(ClientAppActor pid=280109)[0m         
[92mINFO [0m:      aggregate_fit: received 10 results and 0 failures
INFO:flwr:aggregate_fit: received 10 results and 0 failures
[CascadeRouter] Round 34: 10 clients, 24578 parameters/client
[92mINFO [0m:      configure_evaluate: strategy sampled 10 clients (out of 10)
INFO:flwr:configure_evaluate: strategy sampled 10 clients (out of 10)
[36m(ClientAppActor pid=280109)[0m 
[36m(ClientAppActor pid=280109)[0m         
[36m(ClientAppActor pid=280105)[0m 
[36m(ClientAppActor pid=280105)[0m         
[36m(ClientAppActor pid=280109)[0m 
[36m(ClientAppActor pid=280109)[0m         
[36m(ClientAppActor pid=280105)[0m 
[36m(ClientAppActor pid=280105)[0m         
[36m(ClientAppActor pid=280105)[0m 
[36m(ClientAppActor pid=280105)[0m         
[36m(ClientAppActor pid=280109)[0m 
[36m(ClientAppActor pid=280109)[0m         
[36m(ClientAppActor pid=280109)[0m 
[36m(ClientAppActor pid=280109)[0m         
[36m(ClientAppActor pid=280105)[0m 
[36m(ClientAppActor pid=280105)[0m         
[36m(ClientAppActor pid=280109)[0m 
[36m(ClientAppActor pid=280109)[0m         
[36m(ClientAppActor pid=280105)[0m 
[36m(ClientAppActor pid=280105)[0m         
[92mINFO [0m:      aggregate_evaluate: received 10 results and 0 failures
INFO:flwr:aggregate_evaluate: received 10 results and 0 failures
[92mINFO [0m:      
INFO:flwr:
[92mINFO [0m:      [ROUND 35]
INFO:flwr:[ROUND 35]
[92mINFO [0m:      configure_fit: strategy sampled 10 clients (out of 10)
INFO:flwr:configure_fit: strategy sampled 10 clients (out of 10)
[36m(ClientAppActor pid=280105)[0m 
[36m(ClientAppActor pid=280105)[0m         
[36m(ClientAppActor pid=280109)[0m 
[36m(ClientAppActor pid=280109)[0m         
[36m(ClientAppActor pid=280105)[0m 
[36m(ClientAppActor pid=280105)[0m         
[36m(ClientAppActor pid=280105)[0m [Client 9] Training on NVIDIA GeForce RTX 3060[32m [repeated 7x across cluster][0m
[36m(ClientAppActor pid=280105)[0m 
[36m(ClientAppActor pid=280105)[0m         
[36m(ClientAppActor pid=280109)[0m 
[36m(ClientAppActor pid=280109)[0m         
[36m(ClientAppActor pid=280109)[0m 
[36m(ClientAppActor pid=280109)[0m         
[36m(ClientAppActor pid=280109)[0m [93mWARNING [0m:   DEPRECATED FEATURE: `client_fn` now expects a signature `def client_fn(context: Context)`.The provided `client_fn` has signature: {'cid': <Parameter "cid: str">}. You can import the `Context` like this: `from flwr.app import Context`[32m [repeated 18x across cluster][0m
[36m(ClientAppActor pid=280109)[0m             This is a deprecated feature. It will be removed[32m [repeated 18x across cluster][0m
[36m(ClientAppActor pid=280109)[0m             entirely in future versions of Flower.[32m [repeated 18x across cluster][0m
[36m(ClientAppActor pid=280105)[0m 
[36m(ClientAppActor pid=280105)[0m         
[36m(ClientAppActor pid=280109)[0m 
[36m(ClientAppActor pid=280109)[0m         
[36m(ClientAppActor pid=280109)[0m 
[36m(ClientAppActor pid=280109)[0m         
[36m(ClientAppActor pid=280109)[0m 
[36m(ClientAppActor pid=280109)[0m         
[36m(ClientAppActor pid=280109)[0m [93mWARNING [0m:   DEPRECATED FEATURE: `client_fn` now expects a signature `def client_fn(context: Context)`.The provided `client_fn` has signature: {'cid': <Parameter "cid: str">}. You can import the `Context` like this: `from flwr.app import Context`[32m [repeated 4x across cluster][0m
[36m(ClientAppActor pid=280109)[0m             This is a deprecated feature. It will be removed[32m [repeated 4x across cluster][0m
[36m(ClientAppActor pid=280109)[0m             entirely in future versions of Flower.[32m [repeated 4x across cluster][0m
[36m(ClientAppActor pid=280109)[0m [Client 8] Training on NVIDIA GeForce RTX 3060[32m [repeated 7x across cluster][0m
[92mINFO [0m:      aggregate_fit: received 10 results and 0 failures
INFO:flwr:aggregate_fit: received 10 results and 0 failures
[CascadeRouter] Round 35: 10 clients, 24578 parameters/client
[92mINFO [0m:      configure_evaluate: strategy sampled 10 clients (out of 10)
INFO:flwr:configure_evaluate: strategy sampled 10 clients (out of 10)
[36m(ClientAppActor pid=280105)[0m 
[36m(ClientAppActor pid=280105)[0m         
[36m(ClientAppActor pid=280109)[0m 
[36m(ClientAppActor pid=280109)[0m         
[36m(ClientAppActor pid=280105)[0m 
[36m(ClientAppActor pid=280105)[0m         
[36m(ClientAppActor pid=280109)[0m 
[36m(ClientAppActor pid=280109)[0m         
[36m(ClientAppActor pid=280105)[0m 
[36m(ClientAppActor pid=280105)[0m         
[36m(ClientAppActor pid=280109)[0m 
[36m(ClientAppActor pid=280109)[0m         
[36m(ClientAppActor pid=280105)[0m 
[36m(ClientAppActor pid=280105)[0m         
[36m(ClientAppActor pid=280109)[0m 
[36m(ClientAppActor pid=280109)[0m         
[36m(ClientAppActor pid=280105)[0m 
[36m(ClientAppActor pid=280105)[0m         
[36m(ClientAppActor pid=280109)[0m 
[36m(ClientAppActor pid=280109)[0m         
[92mINFO [0m:      aggregate_evaluate: received 10 results and 0 failures
INFO:flwr:aggregate_evaluate: received 10 results and 0 failures
[92mINFO [0m:      
INFO:flwr:
[92mINFO [0m:      [ROUND 36]
INFO:flwr:[ROUND 36]
[92mINFO [0m:      configure_fit: strategy sampled 10 clients (out of 10)
INFO:flwr:configure_fit: strategy sampled 10 clients (out of 10)
[36m(ClientAppActor pid=280109)[0m 
[36m(ClientAppActor pid=280109)[0m         
[36m(ClientAppActor pid=280105)[0m 
[36m(ClientAppActor pid=280105)[0m         
[36m(ClientAppActor pid=280109)[0m 
[36m(ClientAppActor pid=280109)[0m         
[36m(ClientAppActor pid=280109)[0m [93mWARNING [0m:   DEPRECATED FEATURE: `client_fn` now expects a signature `def client_fn(context: Context)`.The provided `client_fn` has signature: {'cid': <Parameter "cid: str">}. You can import the `Context` like this: `from flwr.app import Context`[32m [repeated 13x across cluster][0m
[36m(ClientAppActor pid=280109)[0m             This is a deprecated feature. It will be removed[32m [repeated 13x across cluster][0m
[36m(ClientAppActor pid=280109)[0m             entirely in future versions of Flower.[32m [repeated 13x across cluster][0m
[36m(ClientAppActor pid=280109)[0m [Client 2] Training on NVIDIA GeForce RTX 3060[32m [repeated 3x across cluster][0m
[36m(ClientAppActor pid=280109)[0m 
[36m(ClientAppActor pid=280109)[0m         
[36m(ClientAppActor pid=280109)[0m 
[36m(ClientAppActor pid=280109)[0m         
[36m(ClientAppActor pid=280109)[0m 
[36m(ClientAppActor pid=280109)[0m         
[36m(ClientAppActor pid=280109)[0m [93mWARNING [0m:   DEPRECATED FEATURE: `client_fn` now expects a signature `def client_fn(context: Context)`.The provided `client_fn` has signature: {'cid': <Parameter "cid: str">}. You can import the `Context` like this: `from flwr.app import Context`[32m [repeated 3x across cluster][0m
[36m(ClientAppActor pid=280109)[0m             This is a deprecated feature. It will be removed[32m [repeated 3x across cluster][0m
[36m(ClientAppActor pid=280109)[0m             entirely in future versions of Flower.[32m [repeated 3x across cluster][0m
[36m(ClientAppActor pid=280109)[0m [Client 7] Training on NVIDIA GeForce RTX 3060[32m [repeated 3x across cluster][0m
[36m(ClientAppActor pid=280109)[0m 
[36m(ClientAppActor pid=280109)[0m         
[36m(ClientAppActor pid=280109)[0m 
[36m(ClientAppActor pid=280109)[0m         
[36m(ClientAppActor pid=280109)[0m 
[36m(ClientAppActor pid=280109)[0m         
[36m(ClientAppActor pid=280105)[0m 
[36m(ClientAppActor pid=280105)[0m         
[92mINFO [0m:      aggregate_fit: received 10 results and 0 failures
INFO:flwr:aggregate_fit: received 10 results and 0 failures
[CascadeRouter] Round 36: 10 clients, 24578 parameters/client
[92mINFO [0m:      configure_evaluate: strategy sampled 10 clients (out of 10)
INFO:flwr:configure_evaluate: strategy sampled 10 clients (out of 10)
[36m(ClientAppActor pid=280105)[0m 
[36m(ClientAppActor pid=280105)[0m         
[36m(ClientAppActor pid=280109)[0m 
[36m(ClientAppActor pid=280109)[0m         
[36m(ClientAppActor pid=280109)[0m [93mWARNING [0m:   DEPRECATED FEATURE: `client_fn` now expects a signature `def client_fn(context: Context)`.The provided `client_fn` has signature: {'cid': <Parameter "cid: str">}. You can import the `Context` like this: `from flwr.app import Context`[32m [repeated 6x across cluster][0m
[36m(ClientAppActor pid=280109)[0m             This is a deprecated feature. It will be removed[32m [repeated 6x across cluster][0m
[36m(ClientAppActor pid=280109)[0m             entirely in future versions of Flower.[32m [repeated 6x across cluster][0m
[36m(ClientAppActor pid=280105)[0m 
[36m(ClientAppActor pid=280105)[0m         
[36m(ClientAppActor pid=280109)[0m 
[36m(ClientAppActor pid=280109)[0m         
[36m(ClientAppActor pid=280105)[0m 
[36m(ClientAppActor pid=280105)[0m         
[36m(ClientAppActor pid=280105)[0m 
[36m(ClientAppActor pid=280105)[0m         
[36m(ClientAppActor pid=280109)[0m 
[36m(ClientAppActor pid=280109)[0m         
[36m(ClientAppActor pid=280109)[0m 
[36m(ClientAppActor pid=280109)[0m         
[36m(ClientAppActor pid=280105)[0m 
[36m(ClientAppActor pid=280105)[0m         
[36m(ClientAppActor pid=280109)[0m 
[36m(ClientAppActor pid=280109)[0m         
[92mINFO [0m:      aggregate_evaluate: received 10 results and 0 failures
INFO:flwr:aggregate_evaluate: received 10 results and 0 failures
[92mINFO [0m:      
INFO:flwr:
[92mINFO [0m:      [ROUND 37]
INFO:flwr:[ROUND 37]
[92mINFO [0m:      configure_fit: strategy sampled 10 clients (out of 10)
INFO:flwr:configure_fit: strategy sampled 10 clients (out of 10)
[36m(ClientAppActor pid=280105)[0m 
[36m(ClientAppActor pid=280105)[0m         
[36m(ClientAppActor pid=280109)[0m 
[36m(ClientAppActor pid=280109)[0m         
[36m(ClientAppActor pid=280105)[0m [Client 0] Training on NVIDIA GeForce RTX 3060[32m [repeated 5x across cluster][0m
[36m(ClientAppActor pid=280109)[0m 
[36m(ClientAppActor pid=280109)[0m         
[36m(ClientAppActor pid=280105)[0m 
[36m(ClientAppActor pid=280105)[0m         
[36m(ClientAppActor pid=280105)[0m 
[36m(ClientAppActor pid=280105)[0m         
[36m(ClientAppActor pid=280105)[0m [93mWARNING [0m:   DEPRECATED FEATURE: `client_fn` now expects a signature `def client_fn(context: Context)`.The provided `client_fn` has signature: {'cid': <Parameter "cid: str">}. You can import the `Context` like this: `from flwr.app import Context`[32m [repeated 13x across cluster][0m
[36m(ClientAppActor pid=280105)[0m             This is a deprecated feature. It will be removed[32m [repeated 13x across cluster][0m
[36m(ClientAppActor pid=280105)[0m             entirely in future versions of Flower.[32m [repeated 13x across cluster][0m
[36m(ClientAppActor pid=280109)[0m 
[36m(ClientAppActor pid=280109)[0m         
[36m(ClientAppActor pid=280109)[0m [Client 6] Training on NVIDIA GeForce RTX 3060[32m [repeated 5x across cluster][0m
[36m(ClientAppActor pid=280109)[0m 
[36m(ClientAppActor pid=280109)[0m         
[36m(ClientAppActor pid=280105)[0m 
[36m(ClientAppActor pid=280105)[0m         
[36m(ClientAppActor pid=280109)[0m 
[36m(ClientAppActor pid=280109)[0m         
[36m(ClientAppActor pid=280105)[0m 
[36m(ClientAppActor pid=280105)[0m         
[92mINFO [0m:      aggregate_fit: received 10 results and 0 failures
INFO:flwr:aggregate_fit: received 10 results and 0 failures
[CascadeRouter] Round 37: 10 clients, 24578 parameters/client
[92mINFO [0m:      configure_evaluate: strategy sampled 10 clients (out of 10)
INFO:flwr:configure_evaluate: strategy sampled 10 clients (out of 10)
[36m(ClientAppActor pid=280105)[0m 
[36m(ClientAppActor pid=280105)[0m         
[36m(ClientAppActor pid=280105)[0m [93mWARNING [0m:   DEPRECATED FEATURE: `client_fn` now expects a signature `def client_fn(context: Context)`.The provided `client_fn` has signature: {'cid': <Parameter "cid: str">}. You can import the `Context` like this: `from flwr.app import Context`[32m [repeated 6x across cluster][0m
[36m(ClientAppActor pid=280105)[0m             This is a deprecated feature. It will be removed[32m [repeated 6x across cluster][0m
[36m(ClientAppActor pid=280105)[0m             entirely in future versions of Flower.[32m [repeated 6x across cluster][0m
[36m(ClientAppActor pid=280109)[0m 
[36m(ClientAppActor pid=280109)[0m         
[36m(ClientAppActor pid=280105)[0m 
[36m(ClientAppActor pid=280105)[0m         
[36m(ClientAppActor pid=280109)[0m 
[36m(ClientAppActor pid=280109)[0m         
[36m(ClientAppActor pid=280105)[0m 
[36m(ClientAppActor pid=280105)[0m         
[36m(ClientAppActor pid=280109)[0m 
[36m(ClientAppActor pid=280109)[0m         
[36m(ClientAppActor pid=280105)[0m 
[36m(ClientAppActor pid=280105)[0m         
[36m(ClientAppActor pid=280109)[0m 
[36m(ClientAppActor pid=280109)[0m         
[36m(ClientAppActor pid=280105)[0m 
[36m(ClientAppActor pid=280105)[0m         
[36m(ClientAppActor pid=280109)[0m 
[36m(ClientAppActor pid=280109)[0m         
[92mINFO [0m:      aggregate_evaluate: received 10 results and 0 failures
INFO:flwr:aggregate_evaluate: received 10 results and 0 failures
[92mINFO [0m:      
INFO:flwr:
[92mINFO [0m:      [ROUND 38]
INFO:flwr:[ROUND 38]
[92mINFO [0m:      configure_fit: strategy sampled 10 clients (out of 10)
INFO:flwr:configure_fit: strategy sampled 10 clients (out of 10)
[36m(ClientAppActor pid=280105)[0m 
[36m(ClientAppActor pid=280105)[0m         
[36m(ClientAppActor pid=280109)[0m 
[36m(ClientAppActor pid=280109)[0m         
[36m(ClientAppActor pid=280105)[0m [Client 1] Training on NVIDIA GeForce RTX 3060[32m [repeated 5x across cluster][0m
[36m(ClientAppActor pid=280109)[0m 
[36m(ClientAppActor pid=280109)[0m         
[36m(ClientAppActor pid=280109)[0m 
[36m(ClientAppActor pid=280109)[0m         
[36m(ClientAppActor pid=280109)[0m 
[36m(ClientAppActor pid=280109)[0m         
[36m(ClientAppActor pid=280109)[0m 
[36m(ClientAppActor pid=280109)[0m         
[36m(ClientAppActor pid=280109)[0m [93mWARNING [0m:   DEPRECATED FEATURE: `client_fn` now expects a signature `def client_fn(context: Context)`.The provided `client_fn` has signature: {'cid': <Parameter "cid: str">}. You can import the `Context` like this: `from flwr.app import Context`[32m [repeated 15x across cluster][0m
[36m(ClientAppActor pid=280109)[0m             This is a deprecated feature. It will be removed[32m [repeated 15x across cluster][0m
[36m(ClientAppActor pid=280109)[0m             entirely in future versions of Flower.[32m [repeated 15x across cluster][0m
[36m(ClientAppActor pid=280109)[0m 
[36m(ClientAppActor pid=280109)[0m         
[36m(ClientAppActor pid=280109)[0m 
[36m(ClientAppActor pid=280109)[0m         
[36m(ClientAppActor pid=280109)[0m [Client 5] Training on NVIDIA GeForce RTX 3060[32m [repeated 7x across cluster][0m
[36m(ClientAppActor pid=280105)[0m 
[36m(ClientAppActor pid=280105)[0m         
[36m(ClientAppActor pid=280105)[0m [93mWARNING [0m:   DEPRECATED FEATURE: `client_fn` now expects a signature `def client_fn(context: Context)`.The provided `client_fn` has signature: {'cid': <Parameter "cid: str">}. You can import the `Context` like this: `from flwr.app import Context`[32m [repeated 3x across cluster][0m
[36m(ClientAppActor pid=280105)[0m             This is a deprecated feature. It will be removed[32m [repeated 3x across cluster][0m
[36m(ClientAppActor pid=280105)[0m             entirely in future versions of Flower.[32m [repeated 3x across cluster][0m
[36m(ClientAppActor pid=280105)[0m 
[36m(ClientAppActor pid=280105)[0m         
[92mINFO [0m:      aggregate_fit: received 10 results and 0 failures
INFO:flwr:aggregate_fit: received 10 results and 0 failures
[CascadeRouter] Round 38: 10 clients, 24578 parameters/client
[92mINFO [0m:      configure_evaluate: strategy sampled 10 clients (out of 10)
INFO:flwr:configure_evaluate: strategy sampled 10 clients (out of 10)
[36m(ClientAppActor pid=280105)[0m 
[36m(ClientAppActor pid=280105)[0m         
[36m(ClientAppActor pid=280109)[0m 
[36m(ClientAppActor pid=280109)[0m         
[36m(ClientAppActor pid=280105)[0m 
[36m(ClientAppActor pid=280105)[0m         
[36m(ClientAppActor pid=280109)[0m 
[36m(ClientAppActor pid=280109)[0m         
[36m(ClientAppActor pid=280105)[0m 
[36m(ClientAppActor pid=280105)[0m         
[36m(ClientAppActor pid=280109)[0m 
[36m(ClientAppActor pid=280109)[0m         
[36m(ClientAppActor pid=280105)[0m 
[36m(ClientAppActor pid=280105)[0m         
[36m(ClientAppActor pid=280109)[0m 
[36m(ClientAppActor pid=280109)[0m         
[36m(ClientAppActor pid=280105)[0m 
[36m(ClientAppActor pid=280105)[0m         
[36m(ClientAppActor pid=280109)[0m 
[36m(ClientAppActor pid=280109)[0m         
[92mINFO [0m:      aggregate_evaluate: received 10 results and 0 failures
INFO:flwr:aggregate_evaluate: received 10 results and 0 failures
[92mINFO [0m:      
INFO:flwr:
[92mINFO [0m:      [ROUND 39]
INFO:flwr:[ROUND 39]
[92mINFO [0m:      configure_fit: strategy sampled 10 clients (out of 10)
INFO:flwr:configure_fit: strategy sampled 10 clients (out of 10)
[36m(ClientAppActor pid=280109)[0m 
[36m(ClientAppActor pid=280109)[0m         
[36m(ClientAppActor pid=280109)[0m [Client 5] Training on NVIDIA GeForce RTX 3060[32m [repeated 3x across cluster][0m
[36m(ClientAppActor pid=280105)[0m 
[36m(ClientAppActor pid=280105)[0m         
[36m(ClientAppActor pid=280105)[0m 
[36m(ClientAppActor pid=280105)[0m         
[36m(ClientAppActor pid=280105)[0m 
[36m(ClientAppActor pid=280105)[0m         
[36m(ClientAppActor pid=280105)[0m [93mWARNING [0m:   DEPRECATED FEATURE: `client_fn` now expects a signature `def client_fn(context: Context)`.The provided `client_fn` has signature: {'cid': <Parameter "cid: str">}. You can import the `Context` like this: `from flwr.app import Context`[32m [repeated 15x across cluster][0m
[36m(ClientAppActor pid=280105)[0m             This is a deprecated feature. It will be removed[32m [repeated 15x across cluster][0m
[36m(ClientAppActor pid=280105)[0m             entirely in future versions of Flower.[32m [repeated 15x across cluster][0m
[36m(ClientAppActor pid=280105)[0m 
[36m(ClientAppActor pid=280105)[0m         
[36m(ClientAppActor pid=280109)[0m 
[36m(ClientAppActor pid=280109)[0m         
[36m(ClientAppActor pid=280109)[0m 
[36m(ClientAppActor pid=280109)[0m         
[36m(ClientAppActor pid=280109)[0m [Client 2] Training on NVIDIA GeForce RTX 3060[32m [repeated 6x across cluster][0m
[36m(ClientAppActor pid=280109)[0m 
[36m(ClientAppActor pid=280109)[0m         
[36m(ClientAppActor pid=280109)[0m 
[36m(ClientAppActor pid=280109)[0m         
[36m(ClientAppActor pid=280109)[0m [93mWARNING [0m:   DEPRECATED FEATURE: `client_fn` now expects a signature `def client_fn(context: Context)`.The provided `client_fn` has signature: {'cid': <Parameter "cid: str">}. You can import the `Context` like this: `from flwr.app import Context`[32m [repeated 5x across cluster][0m
[36m(ClientAppActor pid=280109)[0m             This is a deprecated feature. It will be removed[32m [repeated 5x across cluster][0m
[36m(ClientAppActor pid=280109)[0m             entirely in future versions of Flower.[32m [repeated 5x across cluster][0m
[36m(ClientAppActor pid=280109)[0m 
[36m(ClientAppActor pid=280109)[0m         
[92mINFO [0m:      aggregate_fit: received 10 results and 0 failures
INFO:flwr:aggregate_fit: received 10 results and 0 failures
[CascadeRouter] Round 39: 10 clients, 24578 parameters/client
[92mINFO [0m:      configure_evaluate: strategy sampled 10 clients (out of 10)
INFO:flwr:configure_evaluate: strategy sampled 10 clients (out of 10)
[36m(ClientAppActor pid=280105)[0m 
[36m(ClientAppActor pid=280105)[0m         
[36m(ClientAppActor pid=280109)[0m 
[36m(ClientAppActor pid=280109)[0m         
[36m(ClientAppActor pid=280105)[0m 
[36m(ClientAppActor pid=280105)[0m         
[36m(ClientAppActor pid=280109)[0m 
[36m(ClientAppActor pid=280109)[0m         
[36m(ClientAppActor pid=280105)[0m 
[36m(ClientAppActor pid=280105)[0m         
[36m(ClientAppActor pid=280109)[0m 
[36m(ClientAppActor pid=280109)[0m         
[36m(ClientAppActor pid=280105)[0m 
[36m(ClientAppActor pid=280105)[0m         
[36m(ClientAppActor pid=280109)[0m 
[36m(ClientAppActor pid=280109)[0m         
[36m(ClientAppActor pid=280105)[0m 
[36m(ClientAppActor pid=280105)[0m         
[36m(ClientAppActor pid=280109)[0m 
[36m(ClientAppActor pid=280109)[0m         
[92mINFO [0m:      aggregate_evaluate: received 10 results and 0 failures
INFO:flwr:aggregate_evaluate: received 10 results and 0 failures
[92mINFO [0m:      
INFO:flwr:
[92mINFO [0m:      [ROUND 40]
INFO:flwr:[ROUND 40]
[92mINFO [0m:      configure_fit: strategy sampled 10 clients (out of 10)
INFO:flwr:configure_fit: strategy sampled 10 clients (out of 10)
[36m(ClientAppActor pid=280105)[0m 
[36m(ClientAppActor pid=280105)[0m         
[36m(ClientAppActor pid=280109)[0m 
[36m(ClientAppActor pid=280109)[0m         
[36m(ClientAppActor pid=280105)[0m [Client 2] Training on NVIDIA GeForce RTX 3060[32m [repeated 4x across cluster][0m
[36m(ClientAppActor pid=280109)[0m 
[36m(ClientAppActor pid=280109)[0m         
[36m(ClientAppActor pid=280109)[0m [93mWARNING [0m:   DEPRECATED FEATURE: `client_fn` now expects a signature `def client_fn(context: Context)`.The provided `client_fn` has signature: {'cid': <Parameter "cid: str">}. You can import the `Context` like this: `from flwr.app import Context`[32m [repeated 14x across cluster][0m
[36m(ClientAppActor pid=280109)[0m             This is a deprecated feature. It will be removed[32m [repeated 14x across cluster][0m
[36m(ClientAppActor pid=280109)[0m             entirely in future versions of Flower.[32m [repeated 14x across cluster][0m
[36m(ClientAppActor pid=280105)[0m 
[36m(ClientAppActor pid=280105)[0m         
[36m(ClientAppActor pid=280105)[0m 
[36m(ClientAppActor pid=280105)[0m         
[36m(ClientAppActor pid=280105)[0m 
[36m(ClientAppActor pid=280105)[0m         
[36m(ClientAppActor pid=280105)[0m 
[36m(ClientAppActor pid=280105)[0m         
[36m(ClientAppActor pid=280105)[0m 
[36m(ClientAppActor pid=280105)[0m         
[36m(ClientAppActor pid=280105)[0m 
[36m(ClientAppActor pid=280105)[0m         
[36m(ClientAppActor pid=280105)[0m [Client 5] Training on NVIDIA GeForce RTX 3060[32m [repeated 8x across cluster][0m
[36m(ClientAppActor pid=280105)[0m 
[36m(ClientAppActor pid=280105)[0m         
[36m(ClientAppActor pid=280105)[0m [93mWARNING [0m:   DEPRECATED FEATURE: `client_fn` now expects a signature `def client_fn(context: Context)`.The provided `client_fn` has signature: {'cid': <Parameter "cid: str">}. You can import the `Context` like this: `from flwr.app import Context`[32m [repeated 7x across cluster][0m
[36m(ClientAppActor pid=280105)[0m             This is a deprecated feature. It will be removed[32m [repeated 7x across cluster][0m
[36m(ClientAppActor pid=280105)[0m             entirely in future versions of Flower.[32m [repeated 7x across cluster][0m
[92mINFO [0m:      aggregate_fit: received 10 results and 0 failures
INFO:flwr:aggregate_fit: received 10 results and 0 failures
[CascadeRouter] Round 40: 10 clients, 24578 parameters/client
[92mINFO [0m:      configure_evaluate: strategy sampled 10 clients (out of 10)
INFO:flwr:configure_evaluate: strategy sampled 10 clients (out of 10)
[36m(ClientAppActor pid=280105)[0m 
[36m(ClientAppActor pid=280105)[0m         
[36m(ClientAppActor pid=280109)[0m 
[36m(ClientAppActor pid=280109)[0m         
[36m(ClientAppActor pid=280105)[0m 
[36m(ClientAppActor pid=280105)[0m         
[36m(ClientAppActor pid=280105)[0m 
[36m(ClientAppActor pid=280105)[0m         
[36m(ClientAppActor pid=280109)[0m 
[36m(ClientAppActor pid=280109)[0m         
[36m(ClientAppActor pid=280109)[0m 
[36m(ClientAppActor pid=280109)[0m         
[36m(ClientAppActor pid=280105)[0m 
[36m(ClientAppActor pid=280105)[0m         
[36m(ClientAppActor pid=280109)[0m 
[36m(ClientAppActor pid=280109)[0m         
[36m(ClientAppActor pid=280105)[0m 
[36m(ClientAppActor pid=280105)[0m         
[36m(ClientAppActor pid=280109)[0m 
[36m(ClientAppActor pid=280109)[0m         
[92mINFO [0m:      aggregate_evaluate: received 10 results and 0 failures
INFO:flwr:aggregate_evaluate: received 10 results and 0 failures
[92mINFO [0m:      
INFO:flwr:
[92mINFO [0m:      [ROUND 41]
INFO:flwr:[ROUND 41]
[92mINFO [0m:      configure_fit: strategy sampled 10 clients (out of 10)
INFO:flwr:configure_fit: strategy sampled 10 clients (out of 10)
[36m(ClientAppActor pid=280109)[0m 
[36m(ClientAppActor pid=280109)[0m         
[36m(ClientAppActor pid=280109)[0m [Client 0] Training on NVIDIA GeForce RTX 3060[32m [repeated 2x across cluster][0m
[36m(ClientAppActor pid=280105)[0m 
[36m(ClientAppActor pid=280105)[0m         
[36m(ClientAppActor pid=280105)[0m 
[36m(ClientAppActor pid=280105)[0m         
[36m(ClientAppActor pid=280109)[0m 
[36m(ClientAppActor pid=280109)[0m         
[36m(ClientAppActor pid=280105)[0m 
[36m(ClientAppActor pid=280105)[0m         
[36m(ClientAppActor pid=280105)[0m [93mWARNING [0m:   DEPRECATED FEATURE: `client_fn` now expects a signature `def client_fn(context: Context)`.The provided `client_fn` has signature: {'cid': <Parameter "cid: str">}. You can import the `Context` like this: `from flwr.app import Context`[32m [repeated 15x across cluster][0m
[36m(ClientAppActor pid=280105)[0m             This is a deprecated feature. It will be removed[32m [repeated 15x across cluster][0m
[36m(ClientAppActor pid=280105)[0m             entirely in future versions of Flower.[32m [repeated 15x across cluster][0m
[36m(ClientAppActor pid=280109)[0m 
[36m(ClientAppActor pid=280109)[0m         
[36m(ClientAppActor pid=280105)[0m 
[36m(ClientAppActor pid=280105)[0m         
[36m(ClientAppActor pid=280109)[0m 
[36m(ClientAppActor pid=280109)[0m         
[36m(ClientAppActor pid=280109)[0m [Client 8] Training on NVIDIA GeForce RTX 3060[32m [repeated 7x across cluster][0m
[36m(ClientAppActor pid=280109)[0m 
[36m(ClientAppActor pid=280109)[0m         
[36m(ClientAppActor pid=280109)[0m [93mWARNING [0m:   DEPRECATED FEATURE: `client_fn` now expects a signature `def client_fn(context: Context)`.The provided `client_fn` has signature: {'cid': <Parameter "cid: str">}. You can import the `Context` like this: `from flwr.app import Context`[32m [repeated 4x across cluster][0m
[36m(ClientAppActor pid=280109)[0m             This is a deprecated feature. It will be removed[32m [repeated 4x across cluster][0m
[36m(ClientAppActor pid=280109)[0m             entirely in future versions of Flower.[32m [repeated 4x across cluster][0m
[36m(ClientAppActor pid=280109)[0m 
[36m(ClientAppActor pid=280109)[0m         
[92mINFO [0m:      aggregate_fit: received 10 results and 0 failures
INFO:flwr:aggregate_fit: received 10 results and 0 failures
[CascadeRouter] Round 41: 10 clients, 24578 parameters/client
[92mINFO [0m:      configure_evaluate: strategy sampled 10 clients (out of 10)
INFO:flwr:configure_evaluate: strategy sampled 10 clients (out of 10)
[36m(ClientAppActor pid=280105)[0m 
[36m(ClientAppActor pid=280105)[0m         
[36m(ClientAppActor pid=280109)[0m 
[36m(ClientAppActor pid=280109)[0m         
[36m(ClientAppActor pid=280105)[0m 
[36m(ClientAppActor pid=280105)[0m         
[36m(ClientAppActor pid=280109)[0m 
[36m(ClientAppActor pid=280109)[0m         
[36m(ClientAppActor pid=280105)[0m 
[36m(ClientAppActor pid=280105)[0m         
[36m(ClientAppActor pid=280109)[0m 
[36m(ClientAppActor pid=280109)[0m         
[36m(ClientAppActor pid=280105)[0m 
[36m(ClientAppActor pid=280105)[0m         
[36m(ClientAppActor pid=280109)[0m 
[36m(ClientAppActor pid=280109)[0m         
[36m(ClientAppActor pid=280105)[0m 
[36m(ClientAppActor pid=280105)[0m         
[36m(ClientAppActor pid=280109)[0m 
[36m(ClientAppActor pid=280109)[0m         
[92mINFO [0m:      aggregate_evaluate: received 10 results and 0 failures
INFO:flwr:aggregate_evaluate: received 10 results and 0 failures
[92mINFO [0m:      
INFO:flwr:
[92mINFO [0m:      [ROUND 42]
INFO:flwr:[ROUND 42]
[92mINFO [0m:      configure_fit: strategy sampled 10 clients (out of 10)
INFO:flwr:configure_fit: strategy sampled 10 clients (out of 10)
[36m(ClientAppActor pid=280109)[0m 
[36m(ClientAppActor pid=280109)[0m         
[36m(ClientAppActor pid=280109)[0m [Client 7] Training on NVIDIA GeForce RTX 3060[32m [repeated 3x across cluster][0m
[36m(ClientAppActor pid=280105)[0m 
[36m(ClientAppActor pid=280105)[0m         
[36m(ClientAppActor pid=280109)[0m 
[36m(ClientAppActor pid=280109)[0m         
[36m(ClientAppActor pid=280105)[0m 
[36m(ClientAppActor pid=280105)[0m         
[36m(ClientAppActor pid=280105)[0m [93mWARNING [0m:   DEPRECATED FEATURE: `client_fn` now expects a signature `def client_fn(context: Context)`.The provided `client_fn` has signature: {'cid': <Parameter "cid: str">}. You can import the `Context` like this: `from flwr.app import Context`[32m [repeated 15x across cluster][0m
[36m(ClientAppActor pid=280105)[0m             This is a deprecated feature. It will be removed[32m [repeated 15x across cluster][0m
[36m(ClientAppActor pid=280105)[0m             entirely in future versions of Flower.[32m [repeated 15x across cluster][0m
[36m(ClientAppActor pid=280105)[0m 
[36m(ClientAppActor pid=280105)[0m         
[36m(ClientAppActor pid=280105)[0m 
[36m(ClientAppActor pid=280105)[0m         
[36m(ClientAppActor pid=280105)[0m [93mWARNING [0m:   DEPRECATED FEATURE: `client_fn` now expects a signature `def client_fn(context: Context)`.The provided `client_fn` has signature: {'cid': <Parameter "cid: str">}. You can import the `Context` like this: `from flwr.app import Context`[32m [repeated 2x across cluster][0m
[36m(ClientAppActor pid=280105)[0m             This is a deprecated feature. It will be removed[32m [repeated 2x across cluster][0m
[36m(ClientAppActor pid=280105)[0m             entirely in future versions of Flower.[32m [repeated 2x across cluster][0m
[36m(ClientAppActor pid=280105)[0m [Client 6] Training on NVIDIA GeForce RTX 3060[32m [repeated 5x across cluster][0m
[36m(ClientAppActor pid=280105)[0m 
[36m(ClientAppActor pid=280105)[0m         
[36m(ClientAppActor pid=280109)[0m 
[36m(ClientAppActor pid=280109)[0m         
[36m(ClientAppActor pid=280105)[0m 
[36m(ClientAppActor pid=280105)[0m         
[36m(ClientAppActor pid=280109)[0m 
[36m(ClientAppActor pid=280109)[0m         
[92mINFO [0m:      aggregate_fit: received 10 results and 0 failures
INFO:flwr:aggregate_fit: received 10 results and 0 failures
[CascadeRouter] Round 42: 10 clients, 24578 parameters/client
[92mINFO [0m:      configure_evaluate: strategy sampled 10 clients (out of 10)
INFO:flwr:configure_evaluate: strategy sampled 10 clients (out of 10)
[36m(ClientAppActor pid=280105)[0m 
[36m(ClientAppActor pid=280105)[0m         
[36m(ClientAppActor pid=280109)[0m 
[36m(ClientAppActor pid=280109)[0m         
[36m(ClientAppActor pid=280105)[0m 
[36m(ClientAppActor pid=280105)[0m         
[36m(ClientAppActor pid=280109)[0m 
[36m(ClientAppActor pid=280109)[0m         
[36m(ClientAppActor pid=280105)[0m 
[36m(ClientAppActor pid=280105)[0m         
[36m(ClientAppActor pid=280109)[0m 
[36m(ClientAppActor pid=280109)[0m         
[36m(ClientAppActor pid=280105)[0m 
[36m(ClientAppActor pid=280105)[0m         
[36m(ClientAppActor pid=280109)[0m 
[36m(ClientAppActor pid=280109)[0m         
[36m(ClientAppActor pid=280105)[0m 
[36m(ClientAppActor pid=280105)[0m         
[36m(ClientAppActor pid=280109)[0m 
[36m(ClientAppActor pid=280109)[0m         
[92mINFO [0m:      aggregate_evaluate: received 10 results and 0 failures
INFO:flwr:aggregate_evaluate: received 10 results and 0 failures
[92mINFO [0m:      
INFO:flwr:
[92mINFO [0m:      [ROUND 43]
INFO:flwr:[ROUND 43]
[92mINFO [0m:      configure_fit: strategy sampled 10 clients (out of 10)
INFO:flwr:configure_fit: strategy sampled 10 clients (out of 10)
[36m(ClientAppActor pid=280109)[0m 
[36m(ClientAppActor pid=280109)[0m         
[36m(ClientAppActor pid=280105)[0m 
[36m(ClientAppActor pid=280105)[0m         
[36m(ClientAppActor pid=280109)[0m 
[36m(ClientAppActor pid=280109)[0m         
[36m(ClientAppActor pid=280109)[0m [93mWARNING [0m:   DEPRECATED FEATURE: `client_fn` now expects a signature `def client_fn(context: Context)`.The provided `client_fn` has signature: {'cid': <Parameter "cid: str">}. You can import the `Context` like this: `from flwr.app import Context`[32m [repeated 17x across cluster][0m
[36m(ClientAppActor pid=280109)[0m             This is a deprecated feature. It will be removed[32m [repeated 17x across cluster][0m
[36m(ClientAppActor pid=280109)[0m             entirely in future versions of Flower.[32m [repeated 17x across cluster][0m
[36m(ClientAppActor pid=280109)[0m [Client 5] Training on NVIDIA GeForce RTX 3060[32m [repeated 7x across cluster][0m
[36m(ClientAppActor pid=280105)[0m 
[36m(ClientAppActor pid=280105)[0m         
[36m(ClientAppActor pid=280105)[0m 
[36m(ClientAppActor pid=280105)[0m         
[36m(ClientAppActor pid=280105)[0m 
[36m(ClientAppActor pid=280105)[0m         
[36m(ClientAppActor pid=280109)[0m 
[36m(ClientAppActor pid=280109)[0m         
[36m(ClientAppActor pid=280109)[0m 
[36m(ClientAppActor pid=280109)[0m         
[36m(ClientAppActor pid=280109)[0m 
[36m(ClientAppActor pid=280109)[0m         
[36m(ClientAppActor pid=280109)[0m [93mWARNING [0m:   DEPRECATED FEATURE: `client_fn` now expects a signature `def client_fn(context: Context)`.The provided `client_fn` has signature: {'cid': <Parameter "cid: str">}. You can import the `Context` like this: `from flwr.app import Context`[32m [repeated 6x across cluster][0m
[36m(ClientAppActor pid=280109)[0m             This is a deprecated feature. It will be removed[32m [repeated 6x across cluster][0m
[36m(ClientAppActor pid=280109)[0m             entirely in future versions of Flower.[32m [repeated 6x across cluster][0m
[36m(ClientAppActor pid=280109)[0m [Client 3] Training on NVIDIA GeForce RTX 3060[32m [repeated 6x across cluster][0m
[36m(ClientAppActor pid=280109)[0m 
[36m(ClientAppActor pid=280109)[0m         
[92mINFO [0m:      aggregate_fit: received 10 results and 0 failures
INFO:flwr:aggregate_fit: received 10 results and 0 failures
[CascadeRouter] Round 43: 10 clients, 24578 parameters/client
[92mINFO [0m:      configure_evaluate: strategy sampled 10 clients (out of 10)
INFO:flwr:configure_evaluate: strategy sampled 10 clients (out of 10)
[36m(ClientAppActor pid=280105)[0m 
[36m(ClientAppActor pid=280105)[0m         
[36m(ClientAppActor pid=280109)[0m 
[36m(ClientAppActor pid=280109)[0m         
[36m(ClientAppActor pid=280105)[0m 
[36m(ClientAppActor pid=280105)[0m         
[36m(ClientAppActor pid=280109)[0m 
[36m(ClientAppActor pid=280109)[0m         
[36m(ClientAppActor pid=280105)[0m 
[36m(ClientAppActor pid=280105)[0m         
[36m(ClientAppActor pid=280109)[0m 
[36m(ClientAppActor pid=280109)[0m         
[36m(ClientAppActor pid=280105)[0m 
[36m(ClientAppActor pid=280105)[0m         
[36m(ClientAppActor pid=280105)[0m [93mWARNING [0m:   DEPRECATED FEATURE: `client_fn` now expects a signature `def client_fn(context: Context)`.The provided `client_fn` has signature: {'cid': <Parameter "cid: str">}. You can import the `Context` like this: `from flwr.app import Context`[32m [repeated 8x across cluster][0m
[36m(ClientAppActor pid=280105)[0m             This is a deprecated feature. It will be removed[32m [repeated 8x across cluster][0m
[36m(ClientAppActor pid=280105)[0m             entirely in future versions of Flower.[32m [repeated 8x across cluster][0m
[36m(ClientAppActor pid=280109)[0m 
[36m(ClientAppActor pid=280109)[0m         
[36m(ClientAppActor pid=280105)[0m 
[36m(ClientAppActor pid=280105)[0m         
[36m(ClientAppActor pid=280109)[0m 
[36m(ClientAppActor pid=280109)[0m         
[92mINFO [0m:      aggregate_evaluate: received 10 results and 0 failures
INFO:flwr:aggregate_evaluate: received 10 results and 0 failures
[92mINFO [0m:      
INFO:flwr:
[92mINFO [0m:      [ROUND 44]
INFO:flwr:[ROUND 44]
[92mINFO [0m:      configure_fit: strategy sampled 10 clients (out of 10)
INFO:flwr:configure_fit: strategy sampled 10 clients (out of 10)
[36m(ClientAppActor pid=280109)[0m 
[36m(ClientAppActor pid=280109)[0m         
[36m(ClientAppActor pid=280109)[0m [Client 3] Training on NVIDIA GeForce RTX 3060[32m [repeated 2x across cluster][0m
[36m(ClientAppActor pid=280105)[0m 
[36m(ClientAppActor pid=280105)[0m         
[36m(ClientAppActor pid=280105)[0m 
[36m(ClientAppActor pid=280105)[0m         
[36m(ClientAppActor pid=280105)[0m 
[36m(ClientAppActor pid=280105)[0m         
[36m(ClientAppActor pid=280109)[0m 
[36m(ClientAppActor pid=280109)[0m         
[36m(ClientAppActor pid=280109)[0m 
[36m(ClientAppActor pid=280109)[0m         
[36m(ClientAppActor pid=280109)[0m 
[36m(ClientAppActor pid=280109)[0m         
[36m(ClientAppActor pid=280105)[0m 
[36m(ClientAppActor pid=280105)[0m         
[36m(ClientAppActor pid=280105)[0m [93mWARNING [0m:   DEPRECATED FEATURE: `client_fn` now expects a signature `def client_fn(context: Context)`.The provided `client_fn` has signature: {'cid': <Parameter "cid: str">}. You can import the `Context` like this: `from flwr.app import Context`[32m [repeated 11x across cluster][0m
[36m(ClientAppActor pid=280105)[0m             This is a deprecated feature. It will be removed[32m [repeated 11x across cluster][0m
[36m(ClientAppActor pid=280105)[0m             entirely in future versions of Flower.[32m [repeated 11x across cluster][0m
[36m(ClientAppActor pid=280105)[0m 
[36m(ClientAppActor pid=280105)[0m         
[36m(ClientAppActor pid=280105)[0m [Client 9] Training on NVIDIA GeForce RTX 3060[32m [repeated 8x across cluster][0m
[36m(ClientAppActor pid=280105)[0m 
[36m(ClientAppActor pid=280105)[0m         
[92mINFO [0m:      aggregate_fit: received 10 results and 0 failures
INFO:flwr:aggregate_fit: received 10 results and 0 failures
[CascadeRouter] Round 44: 10 clients, 24578 parameters/client
[92mINFO [0m:      configure_evaluate: strategy sampled 10 clients (out of 10)
INFO:flwr:configure_evaluate: strategy sampled 10 clients (out of 10)
[36m(ClientAppActor pid=280109)[0m 
[36m(ClientAppActor pid=280109)[0m         
[36m(ClientAppActor pid=280109)[0m [93mWARNING [0m:   DEPRECATED FEATURE: `client_fn` now expects a signature `def client_fn(context: Context)`.The provided `client_fn` has signature: {'cid': <Parameter "cid: str">}. You can import the `Context` like this: `from flwr.app import Context`[32m [repeated 3x across cluster][0m
[36m(ClientAppActor pid=280109)[0m             This is a deprecated feature. It will be removed[32m [repeated 3x across cluster][0m
[36m(ClientAppActor pid=280109)[0m             entirely in future versions of Flower.[32m [repeated 3x across cluster][0m
[36m(ClientAppActor pid=280105)[0m 
[36m(ClientAppActor pid=280105)[0m         
[36m(ClientAppActor pid=280105)[0m 
[36m(ClientAppActor pid=280105)[0m         
[36m(ClientAppActor pid=280109)[0m 
[36m(ClientAppActor pid=280109)[0m         
[36m(ClientAppActor pid=280109)[0m 
[36m(ClientAppActor pid=280109)[0m         
[36m(ClientAppActor pid=280105)[0m 
[36m(ClientAppActor pid=280105)[0m         
[36m(ClientAppActor pid=280109)[0m 
[36m(ClientAppActor pid=280109)[0m         
[36m(ClientAppActor pid=280105)[0m 
[36m(ClientAppActor pid=280105)[0m         
[36m(ClientAppActor pid=280109)[0m 
[36m(ClientAppActor pid=280109)[0m         
[36m(ClientAppActor pid=280105)[0m 
[36m(ClientAppActor pid=280105)[0m         
[92mINFO [0m:      aggregate_evaluate: received 10 results and 0 failures
INFO:flwr:aggregate_evaluate: received 10 results and 0 failures
[92mINFO [0m:      
INFO:flwr:
[92mINFO [0m:      [ROUND 45]
INFO:flwr:[ROUND 45]
[92mINFO [0m:      configure_fit: strategy sampled 10 clients (out of 10)
INFO:flwr:configure_fit: strategy sampled 10 clients (out of 10)
[36m(ClientAppActor pid=280105)[0m 
[36m(ClientAppActor pid=280105)[0m         
[36m(ClientAppActor pid=280105)[0m [Client 1] Training on NVIDIA GeForce RTX 3060[32m [repeated 2x across cluster][0m
[36m(ClientAppActor pid=280109)[0m 
[36m(ClientAppActor pid=280109)[0m         
[36m(ClientAppActor pid=280109)[0m 
[36m(ClientAppActor pid=280109)[0m         
[36m(ClientAppActor pid=280109)[0m 
[36m(ClientAppActor pid=280109)[0m         
[36m(ClientAppActor pid=280109)[0m 
[36m(ClientAppActor pid=280109)[0m         
[36m(ClientAppActor pid=280109)[0m 
[36m(ClientAppActor pid=280109)[0m         
[36m(ClientAppActor pid=280109)[0m 
[36m(ClientAppActor pid=280109)[0m         
[36m(ClientAppActor pid=280109)[0m [93mWARNING [0m:   DEPRECATED FEATURE: `client_fn` now expects a signature `def client_fn(context: Context)`.The provided `client_fn` has signature: {'cid': <Parameter "cid: str">}. You can import the `Context` like this: `from flwr.app import Context`[32m [repeated 16x across cluster][0m
[36m(ClientAppActor pid=280109)[0m             This is a deprecated feature. It will be removed[32m [repeated 16x across cluster][0m
[36m(ClientAppActor pid=280109)[0m             entirely in future versions of Flower.[32m [repeated 16x across cluster][0m
[36m(ClientAppActor pid=280109)[0m [Client 2] Training on NVIDIA GeForce RTX 3060[32m [repeated 6x across cluster][0m
[36m(ClientAppActor pid=280109)[0m 
[36m(ClientAppActor pid=280109)[0m         
[36m(ClientAppActor pid=280105)[0m 
[36m(ClientAppActor pid=280105)[0m         
[36m(ClientAppActor pid=280109)[0m 
[36m(ClientAppActor pid=280109)[0m         
[92mINFO [0m:      aggregate_fit: received 10 results and 0 failures
INFO:flwr:aggregate_fit: received 10 results and 0 failures
[CascadeRouter] Round 45: 10 clients, 24578 parameters/client
[92mINFO [0m:      configure_evaluate: strategy sampled 10 clients (out of 10)
INFO:flwr:configure_evaluate: strategy sampled 10 clients (out of 10)
[36m(ClientAppActor pid=280105)[0m 
[36m(ClientAppActor pid=280105)[0m         
[36m(ClientAppActor pid=280109)[0m 
[36m(ClientAppActor pid=280109)[0m         
[36m(ClientAppActor pid=280105)[0m 
[36m(ClientAppActor pid=280105)[0m         
[36m(ClientAppActor pid=280109)[0m 
[36m(ClientAppActor pid=280109)[0m         
[36m(ClientAppActor pid=280105)[0m 
[36m(ClientAppActor pid=280105)[0m         
[36m(ClientAppActor pid=280109)[0m 
[36m(ClientAppActor pid=280109)[0m         
[36m(ClientAppActor pid=280105)[0m 
[36m(ClientAppActor pid=280105)[0m         
[36m(ClientAppActor pid=280109)[0m 
[36m(ClientAppActor pid=280109)[0m         
[36m(ClientAppActor pid=280105)[0m 
[36m(ClientAppActor pid=280105)[0m         
[36m(ClientAppActor pid=280105)[0m [93mWARNING [0m:   DEPRECATED FEATURE: `client_fn` now expects a signature `def client_fn(context: Context)`.The provided `client_fn` has signature: {'cid': <Parameter "cid: str">}. You can import the `Context` like this: `from flwr.app import Context`[32m [repeated 12x across cluster][0m
[36m(ClientAppActor pid=280105)[0m             This is a deprecated feature. It will be removed[32m [repeated 12x across cluster][0m
[36m(ClientAppActor pid=280105)[0m             entirely in future versions of Flower.[32m [repeated 12x across cluster][0m
[36m(ClientAppActor pid=280109)[0m 
[36m(ClientAppActor pid=280109)[0m         
[92mINFO [0m:      aggregate_evaluate: received 10 results and 0 failures
INFO:flwr:aggregate_evaluate: received 10 results and 0 failures
[92mINFO [0m:      
INFO:flwr:
[92mINFO [0m:      [ROUND 46]
INFO:flwr:[ROUND 46]
[92mINFO [0m:      configure_fit: strategy sampled 10 clients (out of 10)
INFO:flwr:configure_fit: strategy sampled 10 clients (out of 10)
[36m(ClientAppActor pid=280109)[0m 
[36m(ClientAppActor pid=280109)[0m         
[36m(ClientAppActor pid=280109)[0m [Client 6] Training on NVIDIA GeForce RTX 3060[32m [repeated 4x across cluster][0m
[36m(ClientAppActor pid=280105)[0m 
[36m(ClientAppActor pid=280105)[0m         
[36m(ClientAppActor pid=280109)[0m 
[36m(ClientAppActor pid=280109)[0m         
[36m(ClientAppActor pid=280109)[0m 
[36m(ClientAppActor pid=280109)[0m         
[36m(ClientAppActor pid=280109)[0m 
[36m(ClientAppActor pid=280109)[0m         
[36m(ClientAppActor pid=280105)[0m 
[36m(ClientAppActor pid=280105)[0m         
[36m(ClientAppActor pid=280105)[0m 
[36m(ClientAppActor pid=280105)[0m         
[36m(ClientAppActor pid=280105)[0m 
[36m(ClientAppActor pid=280105)[0m         
[36m(ClientAppActor pid=280105)[0m [93mWARNING [0m:   DEPRECATED FEATURE: `client_fn` now expects a signature `def client_fn(context: Context)`.The provided `client_fn` has signature: {'cid': <Parameter "cid: str">}. You can import the `Context` like this: `from flwr.app import Context`[32m [repeated 9x across cluster][0m
[36m(ClientAppActor pid=280105)[0m             This is a deprecated feature. It will be removed[32m [repeated 9x across cluster][0m
[36m(ClientAppActor pid=280105)[0m             entirely in future versions of Flower.[32m [repeated 9x across cluster][0m
[36m(ClientAppActor pid=280105)[0m 
[36m(ClientAppActor pid=280105)[0m         
[36m(ClientAppActor pid=280105)[0m [Client 5] Training on NVIDIA GeForce RTX 3060[32m [repeated 8x across cluster][0m
[36m(ClientAppActor pid=280109)[0m 
[36m(ClientAppActor pid=280109)[0m         
[36m(ClientAppActor pid=280109)[0m [93mWARNING [0m:   DEPRECATED FEATURE: `client_fn` now expects a signature `def client_fn(context: Context)`.The provided `client_fn` has signature: {'cid': <Parameter "cid: str">}. You can import the `Context` like this: `from flwr.app import Context`[32m [repeated 2x across cluster][0m
[36m(ClientAppActor pid=280109)[0m             This is a deprecated feature. It will be removed[32m [repeated 2x across cluster][0m
[36m(ClientAppActor pid=280109)[0m             entirely in future versions of Flower.[32m [repeated 2x across cluster][0m
[92mINFO [0m:      aggregate_fit: received 10 results and 0 failures
INFO:flwr:aggregate_fit: received 10 results and 0 failures
[CascadeRouter] Round 46: 10 clients, 24578 parameters/client
[92mINFO [0m:      configure_evaluate: strategy sampled 10 clients (out of 10)
INFO:flwr:configure_evaluate: strategy sampled 10 clients (out of 10)
[36m(ClientAppActor pid=280105)[0m 
[36m(ClientAppActor pid=280105)[0m         
[36m(ClientAppActor pid=280109)[0m 
[36m(ClientAppActor pid=280109)[0m         
[36m(ClientAppActor pid=280109)[0m 
[36m(ClientAppActor pid=280109)[0m         
[36m(ClientAppActor pid=280105)[0m 
[36m(ClientAppActor pid=280105)[0m         
[36m(ClientAppActor pid=280109)[0m 
[36m(ClientAppActor pid=280109)[0m         
[36m(ClientAppActor pid=280105)[0m 
[36m(ClientAppActor pid=280105)[0m         
[36m(ClientAppActor pid=280105)[0m 
[36m(ClientAppActor pid=280105)[0m         
[36m(ClientAppActor pid=280109)[0m 
[36m(ClientAppActor pid=280109)[0m         
[36m(ClientAppActor pid=280109)[0m 
[36m(ClientAppActor pid=280109)[0m         
[36m(ClientAppActor pid=280105)[0m 
[36m(ClientAppActor pid=280105)[0m         
[92mINFO [0m:      aggregate_evaluate: received 10 results and 0 failures
INFO:flwr:aggregate_evaluate: received 10 results and 0 failures
[92mINFO [0m:      
INFO:flwr:
[92mINFO [0m:      [ROUND 47]
INFO:flwr:[ROUND 47]
[92mINFO [0m:      configure_fit: strategy sampled 10 clients (out of 10)
INFO:flwr:configure_fit: strategy sampled 10 clients (out of 10)
[36m(ClientAppActor pid=280105)[0m 
[36m(ClientAppActor pid=280105)[0m         
[36m(ClientAppActor pid=280105)[0m [Client 7] Training on NVIDIA GeForce RTX 3060[32m [repeated 2x across cluster][0m
[36m(ClientAppActor pid=280109)[0m 
[36m(ClientAppActor pid=280109)[0m         
[36m(ClientAppActor pid=280105)[0m 
[36m(ClientAppActor pid=280105)[0m         
[36m(ClientAppActor pid=280105)[0m 
[36m(ClientAppActor pid=280105)[0m         
[36m(ClientAppActor pid=280109)[0m 
[36m(ClientAppActor pid=280109)[0m         
[36m(ClientAppActor pid=280109)[0m [93mWARNING [0m:   DEPRECATED FEATURE: `client_fn` now expects a signature `def client_fn(context: Context)`.The provided `client_fn` has signature: {'cid': <Parameter "cid: str">}. You can import the `Context` like this: `from flwr.app import Context`[32m [repeated 15x across cluster][0m
[36m(ClientAppActor pid=280109)[0m             This is a deprecated feature. It will be removed[32m [repeated 15x across cluster][0m
[36m(ClientAppActor pid=280109)[0m             entirely in future versions of Flower.[32m [repeated 15x across cluster][0m
[36m(ClientAppActor pid=280109)[0m 
[36m(ClientAppActor pid=280109)[0m         
[36m(ClientAppActor pid=280109)[0m 
[36m(ClientAppActor pid=280109)[0m         
[36m(ClientAppActor pid=280105)[0m 
[36m(ClientAppActor pid=280105)[0m         
[36m(ClientAppActor pid=280105)[0m [Client 2] Training on NVIDIA GeForce RTX 3060[32m [repeated 7x across cluster][0m
[36m(ClientAppActor pid=280105)[0m 
[36m(ClientAppActor pid=280105)[0m         
[36m(ClientAppActor pid=280105)[0m 
[36m(ClientAppActor pid=280105)[0m         
[36m(ClientAppActor pid=280105)[0m [93mWARNING [0m:   DEPRECATED FEATURE: `client_fn` now expects a signature `def client_fn(context: Context)`.The provided `client_fn` has signature: {'cid': <Parameter "cid: str">}. You can import the `Context` like this: `from flwr.app import Context`[32m [repeated 5x across cluster][0m
[36m(ClientAppActor pid=280105)[0m             This is a deprecated feature. It will be removed[32m [repeated 5x across cluster][0m
[36m(ClientAppActor pid=280105)[0m             entirely in future versions of Flower.[32m [repeated 5x across cluster][0m
[92mINFO [0m:      aggregate_fit: received 10 results and 0 failures
INFO:flwr:aggregate_fit: received 10 results and 0 failures
[CascadeRouter] Round 47: 10 clients, 24578 parameters/client
[92mINFO [0m:      configure_evaluate: strategy sampled 10 clients (out of 10)
INFO:flwr:configure_evaluate: strategy sampled 10 clients (out of 10)
[36m(ClientAppActor pid=280109)[0m 
[36m(ClientAppActor pid=280109)[0m         
[36m(ClientAppActor pid=280105)[0m 
[36m(ClientAppActor pid=280105)[0m         
[36m(ClientAppActor pid=280105)[0m 
[36m(ClientAppActor pid=280105)[0m         
[36m(ClientAppActor pid=280109)[0m 
[36m(ClientAppActor pid=280109)[0m         
[36m(ClientAppActor pid=280105)[0m 
[36m(ClientAppActor pid=280105)[0m         
[36m(ClientAppActor pid=280109)[0m 
[36m(ClientAppActor pid=280109)[0m         
[36m(ClientAppActor pid=280109)[0m 
[36m(ClientAppActor pid=280109)[0m         
[36m(ClientAppActor pid=280105)[0m 
[36m(ClientAppActor pid=280105)[0m         
[36m(ClientAppActor pid=280105)[0m 
[36m(ClientAppActor pid=280105)[0m         
[36m(ClientAppActor pid=280109)[0m 
[36m(ClientAppActor pid=280109)[0m         
[92mINFO [0m:      aggregate_evaluate: received 10 results and 0 failures
INFO:flwr:aggregate_evaluate: received 10 results and 0 failures
[92mINFO [0m:      
INFO:flwr:
[92mINFO [0m:      [ROUND 48]
INFO:flwr:[ROUND 48]
[92mINFO [0m:      configure_fit: strategy sampled 10 clients (out of 10)
INFO:flwr:configure_fit: strategy sampled 10 clients (out of 10)
[36m(ClientAppActor pid=280105)[0m 
[36m(ClientAppActor pid=280105)[0m         
[36m(ClientAppActor pid=280109)[0m 
[36m(ClientAppActor pid=280109)[0m         
[36m(ClientAppActor pid=280105)[0m [Client 4] Training on NVIDIA GeForce RTX 3060[32m [repeated 3x across cluster][0m
[36m(ClientAppActor pid=280109)[0m 
[36m(ClientAppActor pid=280109)[0m         
[36m(ClientAppActor pid=280109)[0m [93mWARNING [0m:   DEPRECATED FEATURE: `client_fn` now expects a signature `def client_fn(context: Context)`.The provided `client_fn` has signature: {'cid': <Parameter "cid: str">}. You can import the `Context` like this: `from flwr.app import Context`[32m [repeated 13x across cluster][0m
[36m(ClientAppActor pid=280109)[0m             This is a deprecated feature. It will be removed[32m [repeated 13x across cluster][0m
[36m(ClientAppActor pid=280109)[0m             entirely in future versions of Flower.[32m [repeated 13x across cluster][0m
[36m(ClientAppActor pid=280105)[0m 
[36m(ClientAppActor pid=280105)[0m         
[36m(ClientAppActor pid=280109)[0m 
[36m(ClientAppActor pid=280109)[0m         
[36m(ClientAppActor pid=280105)[0m 
[36m(ClientAppActor pid=280105)[0m         
[36m(ClientAppActor pid=280109)[0m 
[36m(ClientAppActor pid=280109)[0m         
[36m(ClientAppActor pid=280109)[0m [Client 7] Training on NVIDIA GeForce RTX 3060[32m [repeated 6x across cluster][0m
[36m(ClientAppActor pid=280109)[0m 
[36m(ClientAppActor pid=280109)[0m         
[36m(ClientAppActor pid=280109)[0m 
[36m(ClientAppActor pid=280109)[0m         
[36m(ClientAppActor pid=280109)[0m [93mWARNING [0m:   DEPRECATED FEATURE: `client_fn` now expects a signature `def client_fn(context: Context)`.The provided `client_fn` has signature: {'cid': <Parameter "cid: str">}. You can import the `Context` like this: `from flwr.app import Context`[32m [repeated 6x across cluster][0m
[36m(ClientAppActor pid=280109)[0m             This is a deprecated feature. It will be removed[32m [repeated 6x across cluster][0m
[36m(ClientAppActor pid=280109)[0m             entirely in future versions of Flower.[32m [repeated 6x across cluster][0m
[36m(ClientAppActor pid=280109)[0m 
[36m(ClientAppActor pid=280109)[0m         
[92mINFO [0m:      aggregate_fit: received 10 results and 0 failures
INFO:flwr:aggregate_fit: received 10 results and 0 failures
[CascadeRouter] Round 48: 10 clients, 24578 parameters/client
[92mINFO [0m:      configure_evaluate: strategy sampled 10 clients (out of 10)
INFO:flwr:configure_evaluate: strategy sampled 10 clients (out of 10)
[36m(ClientAppActor pid=280105)[0m 
[36m(ClientAppActor pid=280105)[0m         
[36m(ClientAppActor pid=280109)[0m 
[36m(ClientAppActor pid=280109)[0m         
[36m(ClientAppActor pid=280109)[0m 
[36m(ClientAppActor pid=280109)[0m         
[36m(ClientAppActor pid=280105)[0m 
[36m(ClientAppActor pid=280105)[0m         
[36m(ClientAppActor pid=280109)[0m 
[36m(ClientAppActor pid=280109)[0m         
[36m(ClientAppActor pid=280105)[0m 
[36m(ClientAppActor pid=280105)[0m         
[36m(ClientAppActor pid=280109)[0m 
[36m(ClientAppActor pid=280109)[0m         
[36m(ClientAppActor pid=280105)[0m 
[36m(ClientAppActor pid=280105)[0m         
[36m(ClientAppActor pid=280109)[0m 
[36m(ClientAppActor pid=280109)[0m         
[36m(ClientAppActor pid=280105)[0m 
[36m(ClientAppActor pid=280105)[0m         
[92mINFO [0m:      aggregate_evaluate: received 10 results and 0 failures
INFO:flwr:aggregate_evaluate: received 10 results and 0 failures
[92mINFO [0m:      
INFO:flwr:
[92mINFO [0m:      [ROUND 49]
INFO:flwr:[ROUND 49]
[92mINFO [0m:      configure_fit: strategy sampled 10 clients (out of 10)
INFO:flwr:configure_fit: strategy sampled 10 clients (out of 10)
[36m(ClientAppActor pid=280105)[0m 
[36m(ClientAppActor pid=280105)[0m         
[36m(ClientAppActor pid=280109)[0m 
[36m(ClientAppActor pid=280109)[0m         
[36m(ClientAppActor pid=280105)[0m [Client 4] Training on NVIDIA GeForce RTX 3060[32m [repeated 4x across cluster][0m
[36m(ClientAppActor pid=280109)[0m 
[36m(ClientAppActor pid=280109)[0m         
[36m(ClientAppActor pid=280105)[0m 
[36m(ClientAppActor pid=280105)[0m         
[36m(ClientAppActor pid=280105)[0m [93mWARNING [0m:   DEPRECATED FEATURE: `client_fn` now expects a signature `def client_fn(context: Context)`.The provided `client_fn` has signature: {'cid': <Parameter "cid: str">}. You can import the `Context` like this: `from flwr.app import Context`[32m [repeated 15x across cluster][0m
[36m(ClientAppActor pid=280105)[0m             This is a deprecated feature. It will be removed[32m [repeated 15x across cluster][0m
[36m(ClientAppActor pid=280105)[0m             entirely in future versions of Flower.[32m [repeated 15x across cluster][0m
[36m(ClientAppActor pid=280109)[0m 
[36m(ClientAppActor pid=280109)[0m         
[36m(ClientAppActor pid=280109)[0m 
[36m(ClientAppActor pid=280109)[0m         
[36m(ClientAppActor pid=280109)[0m 
[36m(ClientAppActor pid=280109)[0m         
[36m(ClientAppActor pid=280109)[0m 
[36m(ClientAppActor pid=280109)[0m         
[36m(ClientAppActor pid=280109)[0m 
[36m(ClientAppActor pid=280109)[0m         
[36m(ClientAppActor pid=280109)[0m [Client 3] Training on NVIDIA GeForce RTX 3060[32m [repeated 8x across cluster][0m
[36m(ClientAppActor pid=280109)[0m 
[36m(ClientAppActor pid=280109)[0m         
[36m(ClientAppActor pid=280109)[0m [93mWARNING [0m:   DEPRECATED FEATURE: `client_fn` now expects a signature `def client_fn(context: Context)`.The provided `client_fn` has signature: {'cid': <Parameter "cid: str">}. You can import the `Context` like this: `from flwr.app import Context`[32m [repeated 6x across cluster][0m
[36m(ClientAppActor pid=280109)[0m             This is a deprecated feature. It will be removed[32m [repeated 6x across cluster][0m
[36m(ClientAppActor pid=280109)[0m             entirely in future versions of Flower.[32m [repeated 6x across cluster][0m
[92mINFO [0m:      aggregate_fit: received 10 results and 0 failures
INFO:flwr:aggregate_fit: received 10 results and 0 failures
[CascadeRouter] Round 49: 10 clients, 24578 parameters/client
[92mINFO [0m:      configure_evaluate: strategy sampled 10 clients (out of 10)
INFO:flwr:configure_evaluate: strategy sampled 10 clients (out of 10)
[36m(ClientAppActor pid=280105)[0m 
[36m(ClientAppActor pid=280105)[0m         
[36m(ClientAppActor pid=280109)[0m 
[36m(ClientAppActor pid=280109)[0m         
[36m(ClientAppActor pid=280109)[0m 
[36m(ClientAppActor pid=280109)[0m         
[36m(ClientAppActor pid=280105)[0m 
[36m(ClientAppActor pid=280105)[0m         
[36m(ClientAppActor pid=280109)[0m 
[36m(ClientAppActor pid=280109)[0m         
[36m(ClientAppActor pid=280105)[0m 
[36m(ClientAppActor pid=280105)[0m         
[36m(ClientAppActor pid=280105)[0m 
[36m(ClientAppActor pid=280105)[0m         
[36m(ClientAppActor pid=280109)[0m 
[36m(ClientAppActor pid=280109)[0m         
[36m(ClientAppActor pid=280105)[0m 
[36m(ClientAppActor pid=280105)[0m         
[36m(ClientAppActor pid=280109)[0m 
[36m(ClientAppActor pid=280109)[0m         
[92mINFO [0m:      aggregate_evaluate: received 10 results and 0 failures
INFO:flwr:aggregate_evaluate: received 10 results and 0 failures
[92mINFO [0m:      
INFO:flwr:
[92mINFO [0m:      [ROUND 50]
INFO:flwr:[ROUND 50]
[92mINFO [0m:      configure_fit: strategy sampled 10 clients (out of 10)
INFO:flwr:configure_fit: strategy sampled 10 clients (out of 10)
[36m(ClientAppActor pid=280105)[0m 
[36m(ClientAppActor pid=280105)[0m         
[36m(ClientAppActor pid=280105)[0m [93mWARNING [0m:   DEPRECATED FEATURE: `client_fn` now expects a signature `def client_fn(context: Context)`.The provided `client_fn` has signature: {'cid': <Parameter "cid: str">}. You can import the `Context` like this: `from flwr.app import Context`[32m [repeated 11x across cluster][0m
[36m(ClientAppActor pid=280105)[0m             This is a deprecated feature. It will be removed[32m [repeated 11x across cluster][0m
[36m(ClientAppActor pid=280105)[0m             entirely in future versions of Flower.[32m [repeated 11x across cluster][0m
[36m(ClientAppActor pid=280109)[0m 
[36m(ClientAppActor pid=280109)[0m         
[36m(ClientAppActor pid=280105)[0m [Client 8] Training on NVIDIA GeForce RTX 3060[32m [repeated 2x across cluster][0m
[36m(ClientAppActor pid=280109)[0m 
[36m(ClientAppActor pid=280109)[0m         
[36m(ClientAppActor pid=280105)[0m 
[36m(ClientAppActor pid=280105)[0m         
[36m(ClientAppActor pid=280105)[0m 
[36m(ClientAppActor pid=280105)[0m         
[36m(ClientAppActor pid=280105)[0m 
[36m(ClientAppActor pid=280105)[0m         
[36m(ClientAppActor pid=280105)[0m [93mWARNING [0m:   DEPRECATED FEATURE: `client_fn` now expects a signature `def client_fn(context: Context)`.The provided `client_fn` has signature: {'cid': <Parameter "cid: str">}. You can import the `Context` like this: `from flwr.app import Context`[32m [repeated 5x across cluster][0m
[36m(ClientAppActor pid=280105)[0m             This is a deprecated feature. It will be removed[32m [repeated 5x across cluster][0m
[36m(ClientAppActor pid=280105)[0m             entirely in future versions of Flower.[32m [repeated 5x across cluster][0m
[36m(ClientAppActor pid=280105)[0m [Client 5] Training on NVIDIA GeForce RTX 3060[32m [repeated 5x across cluster][0m
[36m(ClientAppActor pid=280105)[0m 
[36m(ClientAppActor pid=280105)[0m         
[36m(ClientAppActor pid=280109)[0m 
[36m(ClientAppActor pid=280109)[0m         
[36m(ClientAppActor pid=280109)[0m 
[36m(ClientAppActor pid=280109)[0m         
[36m(ClientAppActor pid=280109)[0m [93mWARNING [0m:   DEPRECATED FEATURE: `client_fn` now expects a signature `def client_fn(context: Context)`.The provided `client_fn` has signature: {'cid': <Parameter "cid: str">}. You can import the `Context` like this: `from flwr.app import Context`[32m [repeated 3x across cluster][0m
[36m(ClientAppActor pid=280109)[0m             This is a deprecated feature. It will be removed[32m [repeated 3x across cluster][0m
[36m(ClientAppActor pid=280109)[0m             entirely in future versions of Flower.[32m [repeated 3x across cluster][0m
[36m(ClientAppActor pid=280109)[0m [Client 9] Training on NVIDIA GeForce RTX 3060[32m [repeated 3x across cluster][0m
[36m(ClientAppActor pid=280105)[0m 
[36m(ClientAppActor pid=280105)[0m         
[92mINFO [0m:      aggregate_fit: received 10 results and 0 failures
INFO:flwr:aggregate_fit: received 10 results and 0 failures
[CascadeRouter] Round 50: 10 clients, 24578 parameters/client
[92mINFO [0m:      configure_evaluate: strategy sampled 10 clients (out of 10)
INFO:flwr:configure_evaluate: strategy sampled 10 clients (out of 10)
[36m(ClientAppActor pid=280105)[0m 
[36m(ClientAppActor pid=280105)[0m         
[36m(ClientAppActor pid=280109)[0m 
[36m(ClientAppActor pid=280109)[0m         
[36m(ClientAppActor pid=280105)[0m 
[36m(ClientAppActor pid=280105)[0m         
[36m(ClientAppActor pid=280109)[0m 
[36m(ClientAppActor pid=280109)[0m         
[36m(ClientAppActor pid=280105)[0m 
[36m(ClientAppActor pid=280105)[0m         
[36m(ClientAppActor pid=280109)[0m 
[36m(ClientAppActor pid=280109)[0m         
[36m(ClientAppActor pid=280105)[0m 
[36m(ClientAppActor pid=280105)[0m         
[36m(ClientAppActor pid=280109)[0m 
[36m(ClientAppActor pid=280109)[0m         
[36m(ClientAppActor pid=280105)[0m 
[36m(ClientAppActor pid=280105)[0m         
[36m(ClientAppActor pid=280109)[0m 
[36m(ClientAppActor pid=280109)[0m         
[92mINFO [0m:      aggregate_evaluate: received 10 results and 0 failures
INFO:flwr:aggregate_evaluate: received 10 results and 0 failures
[92mINFO [0m:      
INFO:flwr:
[92mINFO [0m:      [SUMMARY]
INFO:flwr:[SUMMARY]
[92mINFO [0m:      Run finished 50 round(s) in 650.87s
INFO:flwr:Run finished 50 round(s) in 650.87s
[92mINFO [0m:      	History (loss, distributed):
INFO:flwr:	History (loss, distributed):
[92mINFO [0m:      		round 1: 0.1543260171731313
INFO:flwr:		round 1: 0.1543260171731313
[92mINFO [0m:      		round 2: 0.12573832099437712
INFO:flwr:		round 2: 0.12573832099437712
[92mINFO [0m:      		round 3: 0.11273895324071248
INFO:flwr:		round 3: 0.11273895324071248
[92mINFO [0m:      		round 4: 0.10970669318040212
INFO:flwr:		round 4: 0.10970669318040212
[92mINFO [0m:      		round 5: 0.1100704720099767
INFO:flwr:		round 5: 0.1100704720099767
[92mINFO [0m:      		round 6: 0.11126040346622466
INFO:flwr:		round 6: 0.11126040346622466
[92mINFO [0m:      		round 7: 0.11091711035569508
INFO:flwr:		round 7: 0.11091711035569508
[92mINFO [0m:      		round 8: 0.11272051697572072
INFO:flwr:		round 8: 0.11272051697572072
[92mINFO [0m:      		round 9: 0.12092241484324137
INFO:flwr:		round 9: 0.12092241484324137
[92mINFO [0m:      		round 10: 0.11778822468121847
INFO:flwr:		round 10: 0.11778822468121847
[92mINFO [0m:      		round 11: 0.12351886234283448
INFO:flwr:		round 11: 0.12351886234283448
[92mINFO [0m:      		round 12: 0.11639218742847443
INFO:flwr:		round 12: 0.11639218742847443
[92mINFO [0m:      		round 13: 0.12967751332918803
INFO:flwr:		round 13: 0.12967751332918803
[92mINFO [0m:      		round 14: 0.12014436817963918
INFO:flwr:		round 14: 0.12014436817963918
[92mINFO [0m:      		round 15: 0.1285714459498723
INFO:flwr:		round 15: 0.1285714459498723
[92mINFO [0m:      		round 16: 0.12498910695711772
INFO:flwr:		round 16: 0.12498910695711772
[92mINFO [0m:      		round 17: 0.12610676602522536
INFO:flwr:		round 17: 0.12610676602522536
[92mINFO [0m:      		round 18: 0.12908032313187917
INFO:flwr:		round 18: 0.12908032313187917
[92mINFO [0m:      		round 19: 0.1397415723959605
INFO:flwr:		round 19: 0.1397415723959605
[92mINFO [0m:      		round 20: 0.13193088430563613
INFO:flwr:		round 20: 0.13193088430563613
[92mINFO [0m:      		round 21: 0.14709863362312317
INFO:flwr:		round 21: 0.14709863362312317
[92mINFO [0m:      		round 22: 0.14598277700742085
INFO:flwr:		round 22: 0.14598277700742085
[92mINFO [0m:      		round 23: 0.1406728396018346
INFO:flwr:		round 23: 0.1406728396018346
[92mINFO [0m:      		round 24: 0.12173111402988433
INFO:flwr:		round 24: 0.12173111402988433
[92mINFO [0m:      		round 25: 0.14965645416577658
INFO:flwr:		round 25: 0.14965645416577658
[92mINFO [0m:      		round 26: 0.13297369531790415
INFO:flwr:		round 26: 0.13297369531790415
[92mINFO [0m:      		round 27: 0.14623717850049336
INFO:flwr:		round 27: 0.14623717850049336
[92mINFO [0m:      		round 28: 0.1359564590771993
INFO:flwr:		round 28: 0.1359564590771993
[92mINFO [0m:      		round 29: 0.14281160895029704
INFO:flwr:		round 29: 0.14281160895029704
[92mINFO [0m:      		round 30: 0.1403551784992218
INFO:flwr:		round 30: 0.1403551784992218
[92mINFO [0m:      		round 31: 0.14410732295513154
INFO:flwr:		round 31: 0.14410732295513154
[92mINFO [0m:      		round 32: 0.14836723079681396
INFO:flwr:		round 32: 0.14836723079681396
[92mINFO [0m:      		round 33: 0.1386683419863383
INFO:flwr:		round 33: 0.1386683419863383
[92mINFO [0m:      		round 34: 0.13896326671441397
INFO:flwr:		round 34: 0.13896326671441397
[92mINFO [0m:      		round 35: 0.1508340072631836
INFO:flwr:		round 35: 0.1508340072631836
[92mINFO [0m:      		round 36: 0.1370136023124059
INFO:flwr:		round 36: 0.1370136023124059
[92mINFO [0m:      		round 37: 0.1559605332930883
INFO:flwr:		round 37: 0.1559605332930883
[92mINFO [0m:      		round 38: 0.15604840456644695
INFO:flwr:		round 38: 0.15604840456644695
[92mINFO [0m:      		round 39: 0.1364770624240239
INFO:flwr:		round 39: 0.1364770624240239
[92mINFO [0m:      		round 40: 0.1399266266345978
INFO:flwr:		round 40: 0.1399266266345978
[92mINFO [0m:      		round 41: 0.13346505861282348
INFO:flwr:		round 41: 0.13346505861282348
[92mINFO [0m:      		round 42: 0.13960530468622842
INFO:flwr:		round 42: 0.13960530468622842
[92mINFO [0m:      		round 43: 0.14761617470582325
INFO:flwr:		round 43: 0.14761617470582325
[92mINFO [0m:      		round 44: 0.15090596466064454
INFO:flwr:		round 44: 0.15090596466064454
[92mINFO [0m:      		round 45: 0.1471085312684377
INFO:flwr:		round 45: 0.1471085312684377
[92mINFO [0m:      		round 46: 0.15361225883165996
INFO:flwr:		round 46: 0.15361225883165996
[92mINFO [0m:      		round 47: 0.15358372093836467
INFO:flwr:		round 47: 0.15358372093836467
[92mINFO [0m:      		round 48: 0.14311200296878815
INFO:flwr:		round 48: 0.14311200296878815
[92mINFO [0m:      		round 49: 0.15282031678358715
INFO:flwr:		round 49: 0.15282031678358715
[92mINFO [0m:      		round 50: 0.15829088843663533
INFO:flwr:		round 50: 0.15829088843663533
[92mINFO [0m:      	History (metrics, distributed, fit):
INFO:flwr:	History (metrics, distributed, fit):
[92mINFO [0m:      	{'layer1_reject_rate_at_threshold': [(1, 0.0),
INFO:flwr:	{'layer1_reject_rate_at_threshold': [(1, 0.0),
[92mINFO [0m:      	                                     (2, 0.0),
INFO:flwr:	                                     (2, 0.0),
[92mINFO [0m:      	                                     (3, 0.0),
INFO:flwr:	                                     (3, 0.0),
[92mINFO [0m:      	                                     (4, 0.0),
INFO:flwr:	                                     (4, 0.0),
[92mINFO [0m:      	                                     (5, 0.0),
INFO:flwr:	                                     (5, 0.0),
[92mINFO [0m:      	                                     (6, 0.0),
INFO:flwr:	                                     (6, 0.0),
[92mINFO [0m:      	                                     (7, 0.0),
INFO:flwr:	                                     (7, 0.0),
[92mINFO [0m:      	                                     (8, 0.0),
INFO:flwr:	                                     (8, 0.0),
[92mINFO [0m:      	                                     (9, 0.0),
INFO:flwr:	                                     (9, 0.0),
[92mINFO [0m:      	                                     (10, 0.0),
INFO:flwr:	                                     (10, 0.0),
[92mINFO [0m:      	                                     (11, 0.0),
INFO:flwr:	                                     (11, 0.0),
[92mINFO [0m:      	                                     (12, 0.0),
INFO:flwr:	                                     (12, 0.0),
[92mINFO [0m:      	                                     (13, 0.0),
INFO:flwr:	                                     (13, 0.0),
[92mINFO [0m:      	                                     (14, 0.0),
INFO:flwr:	                                     (14, 0.0),
[92mINFO [0m:      	                                     (15, 0.0),
INFO:flwr:	                                     (15, 0.0),
[92mINFO [0m:      	                                     (16, 0.0),
INFO:flwr:	                                     (16, 0.0),
[92mINFO [0m:      	                                     (17, 0.0),
INFO:flwr:	                                     (17, 0.0),
[92mINFO [0m:      	                                     (18, 0.0),
INFO:flwr:	                                     (18, 0.0),
[92mINFO [0m:      	                                     (19, 0.0),
INFO:flwr:	                                     (19, 0.0),
[92mINFO [0m:      	                                     (20, 0.0),
INFO:flwr:	                                     (20, 0.0),
[92mINFO [0m:      	                                     (21, 0.0),
INFO:flwr:	                                     (21, 0.0),
[92mINFO [0m:      	                                     (22, 0.0),
INFO:flwr:	                                     (22, 0.0),
[92mINFO [0m:      	                                     (23, 0.0),
INFO:flwr:	                                     (23, 0.0),
[92mINFO [0m:      	                                     (24, 0.0),
INFO:flwr:	                                     (24, 0.0),
[92mINFO [0m:      	                                     (25, 0.0),
INFO:flwr:	                                     (25, 0.0),
[92mINFO [0m:      	                                     (26, 0.0),
INFO:flwr:	                                     (26, 0.0),
[92mINFO [0m:      	                                     (27, 0.0),
INFO:flwr:	                                     (27, 0.0),
[92mINFO [0m:      	                                     (28, 0.0),
INFO:flwr:	                                     (28, 0.0),
[92mINFO [0m:      	                                     (29, 0.0),
INFO:flwr:	                                     (29, 0.0),
[92mINFO [0m:      	                                     (30, 0.0),
INFO:flwr:	                                     (30, 0.0),
[92mINFO [0m:      	                                     (31, 0.0),
INFO:flwr:	                                     (31, 0.0),
[92mINFO [0m:      	                                     (32, 0.0),
INFO:flwr:	                                     (32, 0.0),
[92mINFO [0m:      	                                     (33, 0.0),
INFO:flwr:	                                     (33, 0.0),
[92mINFO [0m:      	                                     (34, 0.0),
INFO:flwr:	                                     (34, 0.0),
[92mINFO [0m:      	                                     (35, 0.0),
INFO:flwr:	                                     (35, 0.0),
[92mINFO [0m:      	                                     (36, 0.0),
INFO:flwr:	                                     (36, 0.0),
[92mINFO [0m:      	                                     (37, 0.0),
INFO:flwr:	                                     (37, 0.0),
[92mINFO [0m:      	                                     (38, 0.0),
INFO:flwr:	                                     (38, 0.0),
[92mINFO [0m:      	                                     (39, 0.0),
INFO:flwr:	                                     (39, 0.0),
[92mINFO [0m:      	                                     (40, 0.0),
INFO:flwr:	                                     (40, 0.0),
[92mINFO [0m:      	                                     (41, 0.0),
INFO:flwr:	                                     (41, 0.0),
[92mINFO [0m:      	                                     (42, 0.0),
INFO:flwr:	                                     (42, 0.0),
[92mINFO [0m:      	                                     (43, 0.0),
INFO:flwr:	                                     (43, 0.0),
[92mINFO [0m:      	                                     (44, 0.0),
INFO:flwr:	                                     (44, 0.0),
[92mINFO [0m:      	                                     (45, 0.0),
INFO:flwr:	                                     (45, 0.0),
[92mINFO [0m:      	                                     (46, 0.0),
INFO:flwr:	                                     (46, 0.0),
[92mINFO [0m:      	                                     (47, 0.0),
INFO:flwr:	                                     (47, 0.0),
[92mINFO [0m:      	                                     (48, 0.0),
INFO:flwr:	                                     (48, 0.0),
[92mINFO [0m:      	                                     (49, 0.0),
INFO:flwr:	                                     (49, 0.0),
[92mINFO [0m:      	                                     (50, 0.0)],
INFO:flwr:	                                     (50, 0.0)],
[92mINFO [0m:      	 'layer1_reject_rate_raw': [(1, 0.0),
INFO:flwr:	 'layer1_reject_rate_raw': [(1, 0.0),
[92mINFO [0m:      	                            (2, 0.0),
INFO:flwr:	                            (2, 0.0),
[92mINFO [0m:      	                            (3, 0.0),
INFO:flwr:	                            (3, 0.0),
[92mINFO [0m:      	                            (4, 0.0),
INFO:flwr:	                            (4, 0.0),
[92mINFO [0m:      	                            (5, 0.0),
INFO:flwr:	                            (5, 0.0),
[92mINFO [0m:      	                            (6, 0.0),
INFO:flwr:	                            (6, 0.0),
[92mINFO [0m:      	                            (7, 0.0),
INFO:flwr:	                            (7, 0.0),
[92mINFO [0m:      	                            (8, 0.0),
INFO:flwr:	                            (8, 0.0),
[92mINFO [0m:      	                            (9, 0.0),
INFO:flwr:	                            (9, 0.0),
[92mINFO [0m:      	                            (10, 0.0),
INFO:flwr:	                            (10, 0.0),
[92mINFO [0m:      	                            (11, 0.0),
INFO:flwr:	                            (11, 0.0),
[92mINFO [0m:      	                            (12, 0.0),
INFO:flwr:	                            (12, 0.0),
[92mINFO [0m:      	                            (13, 0.0),
INFO:flwr:	                            (13, 0.0),
[92mINFO [0m:      	                            (14, 0.0),
INFO:flwr:	                            (14, 0.0),
[92mINFO [0m:      	                            (15, 0.0),
INFO:flwr:	                            (15, 0.0),
[92mINFO [0m:      	                            (16, 0.0),
INFO:flwr:	                            (16, 0.0),
[92mINFO [0m:      	                            (17, 0.0),
INFO:flwr:	                            (17, 0.0),
[92mINFO [0m:      	                            (18, 0.0),
INFO:flwr:	                            (18, 0.0),
[92mINFO [0m:      	                            (19, 0.0),
INFO:flwr:	                            (19, 0.0),
[92mINFO [0m:      	                            (20, 0.0),
INFO:flwr:	                            (20, 0.0),
[92mINFO [0m:      	                            (21, 0.0),
INFO:flwr:	                            (21, 0.0),
[92mINFO [0m:      	                            (22, 0.0),
INFO:flwr:	                            (22, 0.0),
[92mINFO [0m:      	                            (23, 0.0),
INFO:flwr:	                            (23, 0.0),
[92mINFO [0m:      	                            (24, 0.0),
INFO:flwr:	                            (24, 0.0),
[92mINFO [0m:      	                            (25, 0.0),
INFO:flwr:	                            (25, 0.0),
[92mINFO [0m:      	                            (26, 0.0),
INFO:flwr:	                            (26, 0.0),
[92mINFO [0m:      	                            (27, 0.0),
INFO:flwr:	                            (27, 0.0),
[92mINFO [0m:      	                            (28, 0.0),
INFO:flwr:	                            (28, 0.0),
[92mINFO [0m:      	                            (29, 0.0),
INFO:flwr:	                            (29, 0.0),
[92mINFO [0m:      	                            (30, 0.0),
INFO:flwr:	                            (30, 0.0),
[92mINFO [0m:      	                            (31, 0.0),
INFO:flwr:	                            (31, 0.0),
[92mINFO [0m:      	                            (32, 0.0),
INFO:flwr:	                            (32, 0.0),
[92mINFO [0m:      	                            (33, 0.0),
INFO:flwr:	                            (33, 0.0),
[92mINFO [0m:      	                            (34, 0.0),
INFO:flwr:	                            (34, 0.0),
[92mINFO [0m:      	                            (35, 0.0),
INFO:flwr:	                            (35, 0.0),
[92mINFO [0m:      	                            (36, 0.0),
INFO:flwr:	                            (36, 0.0),
[92mINFO [0m:      	                            (37, 0.0),
INFO:flwr:	                            (37, 0.0),
[92mINFO [0m:      	                            (38, 0.0),
INFO:flwr:	                            (38, 0.0),
[92mINFO [0m:      	                            (39, 0.0),
INFO:flwr:	                            (39, 0.0),
[92mINFO [0m:      	                            (40, 0.0),
INFO:flwr:	                            (40, 0.0),
[92mINFO [0m:      	                            (41, 0.0),
INFO:flwr:	                            (41, 0.0),
[92mINFO [0m:      	                            (42, 0.0),
INFO:flwr:	                            (42, 0.0),
[92mINFO [0m:      	                            (43, 0.0),
INFO:flwr:	                            (43, 0.0),
[92mINFO [0m:      	                            (44, 0.0),
INFO:flwr:	                            (44, 0.0),
[92mINFO [0m:      	                            (45, 0.0),
INFO:flwr:	                            (45, 0.0),
[92mINFO [0m:      	                            (46, 0.0),
INFO:flwr:	                            (46, 0.0),
[92mINFO [0m:      	                            (47, 0.0),
INFO:flwr:	                            (47, 0.0),
[92mINFO [0m:      	                            (48, 0.0),
INFO:flwr:	                            (48, 0.0),
[92mINFO [0m:      	                            (49, 0.0),
INFO:flwr:	                            (49, 0.0),
[92mINFO [0m:      	                            (50, 0.0)],
INFO:flwr:	                            (50, 0.0)],
[92mINFO [0m:      	 'layer1_threshold': [(1, 0.5),
INFO:flwr:	 'layer1_threshold': [(1, 0.5),
[92mINFO [0m:      	                      (2, 0.5),
INFO:flwr:	                      (2, 0.5),
[92mINFO [0m:      	                      (3, 0.5),
INFO:flwr:	                      (3, 0.5),
[92mINFO [0m:      	                      (4, 0.5),
INFO:flwr:	                      (4, 0.5),
[92mINFO [0m:      	                      (5, 0.5),
INFO:flwr:	                      (5, 0.5),
[92mINFO [0m:      	                      (6, 0.5),
INFO:flwr:	                      (6, 0.5),
[92mINFO [0m:      	                      (7, 0.5),
INFO:flwr:	                      (7, 0.5),
[92mINFO [0m:      	                      (8, 0.5),
INFO:flwr:	                      (8, 0.5),
[92mINFO [0m:      	                      (9, 0.5),
INFO:flwr:	                      (9, 0.5),
[92mINFO [0m:      	                      (10, 0.5),
INFO:flwr:	                      (10, 0.5),
[92mINFO [0m:      	                      (11, 0.5),
INFO:flwr:	                      (11, 0.5),
[92mINFO [0m:      	                      (12, 0.5),
INFO:flwr:	                      (12, 0.5),
[92mINFO [0m:      	                      (13, 0.5),
INFO:flwr:	                      (13, 0.5),
[92mINFO [0m:      	                      (14, 0.5),
INFO:flwr:	                      (14, 0.5),
[92mINFO [0m:      	                      (15, 0.5),
INFO:flwr:	                      (15, 0.5),
[92mINFO [0m:      	                      (16, 0.5),
INFO:flwr:	                      (16, 0.5),
[92mINFO [0m:      	                      (17, 0.5),
INFO:flwr:	                      (17, 0.5),
[92mINFO [0m:      	                      (18, 0.5),
INFO:flwr:	                      (18, 0.5),
[92mINFO [0m:      	                      (19, 0.5),
INFO:flwr:	                      (19, 0.5),
[92mINFO [0m:      	                      (20, 0.5),
INFO:flwr:	                      (20, 0.5),
[92mINFO [0m:      	                      (21, 0.5),
INFO:flwr:	                      (21, 0.5),
[92mINFO [0m:      	                      (22, 0.5),
INFO:flwr:	                      (22, 0.5),
[92mINFO [0m:      	                      (23, 0.5),
INFO:flwr:	                      (23, 0.5),
[92mINFO [0m:      	                      (24, 0.5),
INFO:flwr:	                      (24, 0.5),
[92mINFO [0m:      	                      (25, 0.5),
INFO:flwr:	                      (25, 0.5),
[92mINFO [0m:      	                      (26, 0.5),
INFO:flwr:	                      (26, 0.5),
[92mINFO [0m:      	                      (27, 0.5),
INFO:flwr:	                      (27, 0.5),
[92mINFO [0m:      	                      (28, 0.5),
INFO:flwr:	                      (28, 0.5),
[92mINFO [0m:      	                      (29, 0.5),
INFO:flwr:	                      (29, 0.5),
[92mINFO [0m:      	                      (30, 0.5),
INFO:flwr:	                      (30, 0.5),
[92mINFO [0m:      	                      (31, 0.5),
INFO:flwr:	                      (31, 0.5),
[92mINFO [0m:      	                      (32, 0.5),
INFO:flwr:	                      (32, 0.5),
[92mINFO [0m:      	                      (33, 0.5),
INFO:flwr:	                      (33, 0.5),
[92mINFO [0m:      	                      (34, 0.5),
INFO:flwr:	                      (34, 0.5),
[92mINFO [0m:      	                      (35, 0.5),
INFO:flwr:	                      (35, 0.5),
[92mINFO [0m:      	                      (36, 0.5),
INFO:flwr:	                      (36, 0.5),
[92mINFO [0m:      	                      (37, 0.5),
INFO:flwr:	                      (37, 0.5),
[92mINFO [0m:      	                      (38, 0.5),
INFO:flwr:	                      (38, 0.5),
[92mINFO [0m:      	                      (39, 0.5),
INFO:flwr:	                      (39, 0.5),
[92mINFO [0m:      	                      (40, 0.5),
INFO:flwr:	                      (40, 0.5),
[92mINFO [0m:      	                      (41, 0.5),
INFO:flwr:	                      (41, 0.5),
[92mINFO [0m:      	                      (42, 0.5),
INFO:flwr:	                      (42, 0.5),
[92mINFO [0m:      	                      (43, 0.5),
INFO:flwr:	                      (43, 0.5),
[92mINFO [0m:      	                      (44, 0.5),
INFO:flwr:	                      (44, 0.5),
[92mINFO [0m:      	                      (45, 0.5),
INFO:flwr:	                      (45, 0.5),
[92mINFO [0m:      	                      (46, 0.5),
INFO:flwr:	                      (46, 0.5),
[92mINFO [0m:      	                      (47, 0.5),
INFO:flwr:	                      (47, 0.5),
[92mINFO [0m:      	                      (48, 0.5),
INFO:flwr:	                      (48, 0.5),
[92mINFO [0m:      	                      (49, 0.5),
INFO:flwr:	                      (49, 0.5),
[92mINFO [0m:      	                      (50, 0.5)],
INFO:flwr:	                      (50, 0.5)],
[92mINFO [0m:      	 'layer2_reject_rate_at_threshold': [(1, 0.30000001192092896),
INFO:flwr:	 'layer2_reject_rate_at_threshold': [(1, 0.30000001192092896),
[92mINFO [0m:      	                                     (2, 0.30000001192092896),
INFO:flwr:	                                     (2, 0.30000001192092896),
[92mINFO [0m:      	                                     (3, 0.30000001192092896),
INFO:flwr:	                                     (3, 0.30000001192092896),
[92mINFO [0m:      	                                     (4, 0.30000001192092896),
INFO:flwr:	                                     (4, 0.30000001192092896),
[92mINFO [0m:      	                                     (5, 0.30000001192092896),
INFO:flwr:	                                     (5, 0.30000001192092896),
[92mINFO [0m:      	                                     (6, 0.30000001192092896),
INFO:flwr:	                                     (6, 0.30000001192092896),
[92mINFO [0m:      	                                     (7, 0.30000001192092896),
INFO:flwr:	                                     (7, 0.30000001192092896),
[92mINFO [0m:      	                                     (8, 0.30000001192092896),
INFO:flwr:	                                     (8, 0.30000001192092896),
[92mINFO [0m:      	                                     (9, 0.4000000059604645),
INFO:flwr:	                                     (9, 0.4000000059604645),
[92mINFO [0m:      	                                     (10, 0.4000000059604645),
INFO:flwr:	                                     (10, 0.4000000059604645),
[92mINFO [0m:      	                                     (11, 0.5),
INFO:flwr:	                                     (11, 0.5),
[92mINFO [0m:      	                                     (12, 0.30000001192092896),
INFO:flwr:	                                     (12, 0.30000001192092896),
[92mINFO [0m:      	                                     (13, 0.4000000059604645),
INFO:flwr:	                                     (13, 0.4000000059604645),
[92mINFO [0m:      	                                     (14, 0.4000000059604645),
INFO:flwr:	                                     (14, 0.4000000059604645),
[92mINFO [0m:      	                                     (15, 0.4000000059604645),
INFO:flwr:	                                     (15, 0.4000000059604645),
[92mINFO [0m:      	                                     (16, 0.4000000059604645),
INFO:flwr:	                                     (16, 0.4000000059604645),
[92mINFO [0m:      	                                     (17, 0.4000000059604645),
INFO:flwr:	                                     (17, 0.4000000059604645),
[92mINFO [0m:      	                                     (18, 0.4000000059604645),
INFO:flwr:	                                     (18, 0.4000000059604645),
[92mINFO [0m:      	                                     (19, 0.4000000059604645),
INFO:flwr:	                                     (19, 0.4000000059604645),
[92mINFO [0m:      	                                     (20, 0.30000001192092896),
INFO:flwr:	                                     (20, 0.30000001192092896),
[92mINFO [0m:      	                                     (21, 0.4000000059604645),
INFO:flwr:	                                     (21, 0.4000000059604645),
[92mINFO [0m:      	                                     (22, 0.4000000059604645),
INFO:flwr:	                                     (22, 0.4000000059604645),
[92mINFO [0m:      	                                     (23, 0.4000000059604645),
INFO:flwr:	                                     (23, 0.4000000059604645),
[92mINFO [0m:      	                                     (24, 0.30000001192092896),
INFO:flwr:	                                     (24, 0.30000001192092896),
[92mINFO [0m:      	                                     (25, 0.4000000059604645),
INFO:flwr:	                                     (25, 0.4000000059604645),
[92mINFO [0m:      	                                     (26, 0.30000001192092896),
INFO:flwr:	                                     (26, 0.30000001192092896),
[92mINFO [0m:      	                                     (27, 0.4000000059604645),
INFO:flwr:	                                     (27, 0.4000000059604645),
[92mINFO [0m:      	                                     (28, 0.30000001192092896),
INFO:flwr:	                                     (28, 0.30000001192092896),
[92mINFO [0m:      	                                     (29, 0.4000000059604645),
INFO:flwr:	                                     (29, 0.4000000059604645),
[92mINFO [0m:      	                                     (30, 0.4000000059604645),
INFO:flwr:	                                     (30, 0.4000000059604645),
[92mINFO [0m:      	                                     (31, 0.30000001192092896),
INFO:flwr:	                                     (31, 0.30000001192092896),
[92mINFO [0m:      	                                     (32, 0.4000000059604645),
INFO:flwr:	                                     (32, 0.4000000059604645),
[92mINFO [0m:      	                                     (33, 0.30000001192092896),
INFO:flwr:	                                     (33, 0.30000001192092896),
[92mINFO [0m:      	                                     (34, 0.30000001192092896),
INFO:flwr:	                                     (34, 0.30000001192092896),
[92mINFO [0m:      	                                     (35, 0.4000000059604645),
INFO:flwr:	                                     (35, 0.4000000059604645),
[92mINFO [0m:      	                                     (36, 0.30000001192092896),
INFO:flwr:	                                     (36, 0.30000001192092896),
[92mINFO [0m:      	                                     (37, 0.4000000059604645),
INFO:flwr:	                                     (37, 0.4000000059604645),
[92mINFO [0m:      	                                     (38, 0.4000000059604645),
INFO:flwr:	                                     (38, 0.4000000059604645),
[92mINFO [0m:      	                                     (39, 0.4000000059604645),
INFO:flwr:	                                     (39, 0.4000000059604645),
[92mINFO [0m:      	                                     (40, 0.30000001192092896),
INFO:flwr:	                                     (40, 0.30000001192092896),
[92mINFO [0m:      	                                     (41, 0.30000001192092896),
INFO:flwr:	                                     (41, 0.30000001192092896),
[92mINFO [0m:      	                                     (42, 0.4000000059604645),
INFO:flwr:	                                     (42, 0.4000000059604645),
[92mINFO [0m:      	                                     (43, 0.4000000059604645),
INFO:flwr:	                                     (43, 0.4000000059604645),
[92mINFO [0m:      	                                     (44, 0.4000000059604645),
INFO:flwr:	                                     (44, 0.4000000059604645),
[92mINFO [0m:      	                                     (45, 0.4000000059604645),
INFO:flwr:	                                     (45, 0.4000000059604645),
[92mINFO [0m:      	                                     (46, 0.4000000059604645),
INFO:flwr:	                                     (46, 0.4000000059604645),
[92mINFO [0m:      	                                     (47, 0.4000000059604645),
INFO:flwr:	                                     (47, 0.4000000059604645),
[92mINFO [0m:      	                                     (48, 0.4000000059604645),
INFO:flwr:	                                     (48, 0.4000000059604645),
[92mINFO [0m:      	                                     (49, 0.4000000059604645),
INFO:flwr:	                                     (49, 0.4000000059604645),
[92mINFO [0m:      	                                     (50, 0.30000001192092896)],
INFO:flwr:	                                     (50, 0.30000001192092896)],
[92mINFO [0m:      	 'layer2_reject_rate_raw': [(1, 0.30000001192092896),
INFO:flwr:	 'layer2_reject_rate_raw': [(1, 0.30000001192092896),
[92mINFO [0m:      	                            (2, 0.30000001192092896),
INFO:flwr:	                            (2, 0.30000001192092896),
[92mINFO [0m:      	                            (3, 0.30000001192092896),
INFO:flwr:	                            (3, 0.30000001192092896),
[92mINFO [0m:      	                            (4, 0.20000000298023224),
INFO:flwr:	                            (4, 0.20000000298023224),
[92mINFO [0m:      	                            (5, 0.30000001192092896),
INFO:flwr:	                            (5, 0.30000001192092896),
[92mINFO [0m:      	                            (6, 0.30000001192092896),
INFO:flwr:	                            (6, 0.30000001192092896),
[92mINFO [0m:      	                            (7, 0.30000001192092896),
INFO:flwr:	                            (7, 0.30000001192092896),
[92mINFO [0m:      	                            (8, 0.30000001192092896),
INFO:flwr:	                            (8, 0.30000001192092896),
[92mINFO [0m:      	                            (9, 0.30000001192092896),
INFO:flwr:	                            (9, 0.30000001192092896),
[92mINFO [0m:      	                            (10, 0.30000001192092896),
INFO:flwr:	                            (10, 0.30000001192092896),
[92mINFO [0m:      	                            (11, 0.4000000059604645),
INFO:flwr:	                            (11, 0.4000000059604645),
[92mINFO [0m:      	                            (12, 0.30000001192092896),
INFO:flwr:	                            (12, 0.30000001192092896),
[92mINFO [0m:      	                            (13, 0.30000001192092896),
INFO:flwr:	                            (13, 0.30000001192092896),
[92mINFO [0m:      	                            (14, 0.30000001192092896),
INFO:flwr:	                            (14, 0.30000001192092896),
[92mINFO [0m:      	                            (15, 0.30000001192092896),
INFO:flwr:	                            (15, 0.30000001192092896),
[92mINFO [0m:      	                            (16, 0.30000001192092896),
INFO:flwr:	                            (16, 0.30000001192092896),
[92mINFO [0m:      	                            (17, 0.30000001192092896),
INFO:flwr:	                            (17, 0.30000001192092896),
[92mINFO [0m:      	                            (18, 0.30000001192092896),
INFO:flwr:	                            (18, 0.30000001192092896),
[92mINFO [0m:      	                            (19, 0.30000001192092896),
INFO:flwr:	                            (19, 0.30000001192092896),
[92mINFO [0m:      	                            (20, 0.30000001192092896),
INFO:flwr:	                            (20, 0.30000001192092896),
[92mINFO [0m:      	                            (21, 0.30000001192092896),
INFO:flwr:	                            (21, 0.30000001192092896),
[92mINFO [0m:      	                            (22, 0.30000001192092896),
INFO:flwr:	                            (22, 0.30000001192092896),
[92mINFO [0m:      	                            (23, 0.30000001192092896),
INFO:flwr:	                            (23, 0.30000001192092896),
[92mINFO [0m:      	                            (24, 0.30000001192092896),
INFO:flwr:	                            (24, 0.30000001192092896),
[92mINFO [0m:      	                            (25, 0.30000001192092896),
INFO:flwr:	                            (25, 0.30000001192092896),
[92mINFO [0m:      	                            (26, 0.30000001192092896),
INFO:flwr:	                            (26, 0.30000001192092896),
[92mINFO [0m:      	                            (27, 0.30000001192092896),
INFO:flwr:	                            (27, 0.30000001192092896),
[92mINFO [0m:      	                            (28, 0.30000001192092896),
INFO:flwr:	                            (28, 0.30000001192092896),
[92mINFO [0m:      	                            (29, 0.30000001192092896),
INFO:flwr:	                            (29, 0.30000001192092896),
[92mINFO [0m:      	                            (30, 0.30000001192092896),
INFO:flwr:	                            (30, 0.30000001192092896),
[92mINFO [0m:      	                            (31, 0.30000001192092896),
INFO:flwr:	                            (31, 0.30000001192092896),
[92mINFO [0m:      	                            (32, 0.30000001192092896),
INFO:flwr:	                            (32, 0.30000001192092896),
[92mINFO [0m:      	                            (33, 0.30000001192092896),
INFO:flwr:	                            (33, 0.30000001192092896),
[92mINFO [0m:      	                            (34, 0.30000001192092896),
INFO:flwr:	                            (34, 0.30000001192092896),
[92mINFO [0m:      	                            (35, 0.4000000059604645),
INFO:flwr:	                            (35, 0.4000000059604645),
[92mINFO [0m:      	                            (36, 0.20000000298023224),
INFO:flwr:	                            (36, 0.20000000298023224),
[92mINFO [0m:      	                            (37, 0.30000001192092896),
INFO:flwr:	                            (37, 0.30000001192092896),
[92mINFO [0m:      	                            (38, 0.30000001192092896),
INFO:flwr:	                            (38, 0.30000001192092896),
[92mINFO [0m:      	                            (39, 0.30000001192092896),
INFO:flwr:	                            (39, 0.30000001192092896),
[92mINFO [0m:      	                            (40, 0.20000000298023224),
INFO:flwr:	                            (40, 0.20000000298023224),
[92mINFO [0m:      	                            (41, 0.20000000298023224),
INFO:flwr:	                            (41, 0.20000000298023224),
[92mINFO [0m:      	                            (42, 0.20000000298023224),
INFO:flwr:	                            (42, 0.20000000298023224),
[92mINFO [0m:      	                            (43, 0.30000001192092896),
INFO:flwr:	                            (43, 0.30000001192092896),
[92mINFO [0m:      	                            (44, 0.20000000298023224),
INFO:flwr:	                            (44, 0.20000000298023224),
[92mINFO [0m:      	                            (45, 0.30000001192092896),
INFO:flwr:	                            (45, 0.30000001192092896),
[92mINFO [0m:      	                            (46, 0.30000001192092896),
INFO:flwr:	                            (46, 0.30000001192092896),
[92mINFO [0m:      	                            (47, 0.30000001192092896),
INFO:flwr:	                            (47, 0.30000001192092896),
[92mINFO [0m:      	                            (48, 0.30000001192092896),
INFO:flwr:	                            (48, 0.30000001192092896),
[92mINFO [0m:      	                            (49, 0.30000001192092896),
INFO:flwr:	                            (49, 0.30000001192092896),
[92mINFO [0m:      	                            (50, 0.20000000298023224)],
INFO:flwr:	                            (50, 0.20000000298023224)],
[92mINFO [0m:      	 'layer2_threshold': [(1, 0.5),
INFO:flwr:	 'layer2_threshold': [(1, 0.5),
[92mINFO [0m:      	                      (2, 0.5),
INFO:flwr:	                      (2, 0.5),
[92mINFO [0m:      	                      (3, 0.5),
INFO:flwr:	                      (3, 0.5),
[92mINFO [0m:      	                      (4, 0.55),
INFO:flwr:	                      (4, 0.55),
[92mINFO [0m:      	                      (5, 0.6000000000000001),
INFO:flwr:	                      (5, 0.6000000000000001),
[92mINFO [0m:      	                      (6, 0.6500000000000001),
INFO:flwr:	                      (6, 0.6500000000000001),
[92mINFO [0m:      	                      (7, 0.7000000000000002),
INFO:flwr:	                      (7, 0.7000000000000002),
[92mINFO [0m:      	                      (8, 0.7500000000000002),
INFO:flwr:	                      (8, 0.7500000000000002),
[92mINFO [0m:      	                      (9, 0.8),
INFO:flwr:	                      (9, 0.8),
[92mINFO [0m:      	                      (10, 0.8),
INFO:flwr:	                      (10, 0.8),
[92mINFO [0m:      	                      (11, 0.8),
INFO:flwr:	                      (11, 0.8),
[92mINFO [0m:      	                      (12, 0.8),
INFO:flwr:	                      (12, 0.8),
[92mINFO [0m:      	                      (13, 0.8),
INFO:flwr:	                      (13, 0.8),
[92mINFO [0m:      	                      (14, 0.8),
INFO:flwr:	                      (14, 0.8),
[92mINFO [0m:      	                      (15, 0.8),
INFO:flwr:	                      (15, 0.8),
[92mINFO [0m:      	                      (16, 0.8),
INFO:flwr:	                      (16, 0.8),
[92mINFO [0m:      	                      (17, 0.8),
INFO:flwr:	                      (17, 0.8),
[92mINFO [0m:      	                      (18, 0.8),
INFO:flwr:	                      (18, 0.8),
[92mINFO [0m:      	                      (19, 0.8),
INFO:flwr:	                      (19, 0.8),
[92mINFO [0m:      	                      (20, 0.8),
INFO:flwr:	                      (20, 0.8),
[92mINFO [0m:      	                      (21, 0.8),
INFO:flwr:	                      (21, 0.8),
[92mINFO [0m:      	                      (22, 0.8),
INFO:flwr:	                      (22, 0.8),
[92mINFO [0m:      	                      (23, 0.8),
INFO:flwr:	                      (23, 0.8),
[92mINFO [0m:      	                      (24, 0.8),
INFO:flwr:	                      (24, 0.8),
[92mINFO [0m:      	                      (25, 0.8),
INFO:flwr:	                      (25, 0.8),
[92mINFO [0m:      	                      (26, 0.8),
INFO:flwr:	                      (26, 0.8),
[92mINFO [0m:      	                      (27, 0.8),
INFO:flwr:	                      (27, 0.8),
[92mINFO [0m:      	                      (28, 0.8),
INFO:flwr:	                      (28, 0.8),
[92mINFO [0m:      	                      (29, 0.8),
INFO:flwr:	                      (29, 0.8),
[92mINFO [0m:      	                      (30, 0.8),
INFO:flwr:	                      (30, 0.8),
[92mINFO [0m:      	                      (31, 0.8),
INFO:flwr:	                      (31, 0.8),
[92mINFO [0m:      	                      (32, 0.8),
INFO:flwr:	                      (32, 0.8),
[92mINFO [0m:      	                      (33, 0.8),
INFO:flwr:	                      (33, 0.8),
[92mINFO [0m:      	                      (34, 0.8),
INFO:flwr:	                      (34, 0.8),
[92mINFO [0m:      	                      (35, 0.8),
INFO:flwr:	                      (35, 0.8),
[92mINFO [0m:      	                      (36, 0.8),
INFO:flwr:	                      (36, 0.8),
[92mINFO [0m:      	                      (37, 0.8),
INFO:flwr:	                      (37, 0.8),
[92mINFO [0m:      	                      (38, 0.8),
INFO:flwr:	                      (38, 0.8),
[92mINFO [0m:      	                      (39, 0.8),
INFO:flwr:	                      (39, 0.8),
[92mINFO [0m:      	                      (40, 0.8),
INFO:flwr:	                      (40, 0.8),
[92mINFO [0m:      	                      (41, 0.8),
INFO:flwr:	                      (41, 0.8),
[92mINFO [0m:      	                      (42, 0.8),
INFO:flwr:	                      (42, 0.8),
[92mINFO [0m:      	                      (43, 0.8),
INFO:flwr:	                      (43, 0.8),
[92mINFO [0m:      	                      (44, 0.8),
INFO:flwr:	                      (44, 0.8),
[92mINFO [0m:      	                      (45, 0.8),
INFO:flwr:	                      (45, 0.8),
[92mINFO [0m:      	                      (46, 0.8),
INFO:flwr:	                      (46, 0.8),
[92mINFO [0m:      	                      (47, 0.8),
INFO:flwr:	                      (47, 0.8),
[92mINFO [0m:      	                      (48, 0.8),
INFO:flwr:	                      (48, 0.8),
[92mINFO [0m:      	                      (49, 0.8),
INFO:flwr:	                      (49, 0.8),
[92mINFO [0m:      	                      (50, 0.8)],
INFO:flwr:	                      (50, 0.8)],
[92mINFO [0m:      	 'layer3_reject_rate_at_threshold': [(1, 0.0),
INFO:flwr:	 'layer3_reject_rate_at_threshold': [(1, 0.0),
[92mINFO [0m:      	                                     (2, 0.0),
INFO:flwr:	                                     (2, 0.0),
[92mINFO [0m:      	                                     (3, 0.0),
INFO:flwr:	                                     (3, 0.0),
[92mINFO [0m:      	                                     (4, 0.0),
INFO:flwr:	                                     (4, 0.0),
[92mINFO [0m:      	                                     (5, 0.0),
INFO:flwr:	                                     (5, 0.0),
[92mINFO [0m:      	                                     (6, 0.0),
INFO:flwr:	                                     (6, 0.0),
[92mINFO [0m:      	                                     (7, 0.0),
INFO:flwr:	                                     (7, 0.0),
[92mINFO [0m:      	                                     (8, 0.0),
INFO:flwr:	                                     (8, 0.0),
[92mINFO [0m:      	                                     (9, 0.0),
INFO:flwr:	                                     (9, 0.0),
[92mINFO [0m:      	                                     (10, 0.0),
INFO:flwr:	                                     (10, 0.0),
[92mINFO [0m:      	                                     (11, 0.0),
INFO:flwr:	                                     (11, 0.0),
[92mINFO [0m:      	                                     (12, 0.0),
INFO:flwr:	                                     (12, 0.0),
[92mINFO [0m:      	                                     (13, 0.0),
INFO:flwr:	                                     (13, 0.0),
[92mINFO [0m:      	                                     (14, 0.0),
INFO:flwr:	                                     (14, 0.0),
[92mINFO [0m:      	                                     (15, 0.0),
INFO:flwr:	                                     (15, 0.0),
[92mINFO [0m:      	                                     (16, 0.0),
INFO:flwr:	                                     (16, 0.0),
[92mINFO [0m:      	                                     (17, 0.0),
INFO:flwr:	                                     (17, 0.0),
[92mINFO [0m:      	                                     (18, 0.0),
INFO:flwr:	                                     (18, 0.0),
[92mINFO [0m:      	                                     (19, 0.0),
INFO:flwr:	                                     (19, 0.0),
[92mINFO [0m:      	                                     (20, 0.0),
INFO:flwr:	                                     (20, 0.0),
[92mINFO [0m:      	                                     (21, 0.0),
INFO:flwr:	                                     (21, 0.0),
[92mINFO [0m:      	                                     (22, 0.0),
INFO:flwr:	                                     (22, 0.0),
[92mINFO [0m:      	                                     (23, 0.0),
INFO:flwr:	                                     (23, 0.0),
[92mINFO [0m:      	                                     (24, 0.0),
INFO:flwr:	                                     (24, 0.0),
[92mINFO [0m:      	                                     (25, 0.0),
INFO:flwr:	                                     (25, 0.0),
[92mINFO [0m:      	                                     (26, 0.0),
INFO:flwr:	                                     (26, 0.0),
[92mINFO [0m:      	                                     (27, 0.0),
INFO:flwr:	                                     (27, 0.0),
[92mINFO [0m:      	                                     (28, 0.0),
INFO:flwr:	                                     (28, 0.0),
[92mINFO [0m:      	                                     (29, 0.0),
INFO:flwr:	                                     (29, 0.0),
[92mINFO [0m:      	                                     (30, 0.0),
INFO:flwr:	                                     (30, 0.0),
[92mINFO [0m:      	                                     (31, 0.0),
INFO:flwr:	                                     (31, 0.0),
[92mINFO [0m:      	                                     (32, 0.0),
INFO:flwr:	                                     (32, 0.0),
[92mINFO [0m:      	                                     (33, 0.0),
INFO:flwr:	                                     (33, 0.0),
[92mINFO [0m:      	                                     (34, 0.0),
INFO:flwr:	                                     (34, 0.0),
[92mINFO [0m:      	                                     (35, 0.0),
INFO:flwr:	                                     (35, 0.0),
[92mINFO [0m:      	                                     (36, 0.0),
INFO:flwr:	                                     (36, 0.0),
[92mINFO [0m:      	                                     (37, 0.0),
INFO:flwr:	                                     (37, 0.0),
[92mINFO [0m:      	                                     (38, 0.0),
INFO:flwr:	                                     (38, 0.0),
[92mINFO [0m:      	                                     (39, 0.0),
INFO:flwr:	                                     (39, 0.0),
[92mINFO [0m:      	                                     (40, 0.0),
INFO:flwr:	                                     (40, 0.0),
[92mINFO [0m:      	                                     (41, 0.0),
INFO:flwr:	                                     (41, 0.0),
[92mINFO [0m:      	                                     (42, 0.0),
INFO:flwr:	                                     (42, 0.0),
[92mINFO [0m:      	                                     (43, 0.0),
INFO:flwr:	                                     (43, 0.0),
[92mINFO [0m:      	                                     (44, 0.0),
INFO:flwr:	                                     (44, 0.0),
[92mINFO [0m:      	                                     (45, 0.0),
INFO:flwr:	                                     (45, 0.0),
[92mINFO [0m:      	                                     (46, 0.0),
INFO:flwr:	                                     (46, 0.0),
[92mINFO [0m:      	                                     (47, 0.0),
INFO:flwr:	                                     (47, 0.0),
[92mINFO [0m:      	                                     (48, 0.0),
INFO:flwr:	                                     (48, 0.0),
[92mINFO [0m:      	                                     (49, 0.0),
INFO:flwr:	                                     (49, 0.0),
[92mINFO [0m:      	                                     (50, 0.0)],
INFO:flwr:	                                     (50, 0.0)],
[92mINFO [0m:      	 'layer3_reject_rate_raw': [(1, 0.0),
INFO:flwr:	 'layer3_reject_rate_raw': [(1, 0.0),
[92mINFO [0m:      	                            (2, 0.0),
INFO:flwr:	                            (2, 0.0),
[92mINFO [0m:      	                            (3, 0.0),
INFO:flwr:	                            (3, 0.0),
[92mINFO [0m:      	                            (4, 0.0),
INFO:flwr:	                            (4, 0.0),
[92mINFO [0m:      	                            (5, 0.0),
INFO:flwr:	                            (5, 0.0),
[92mINFO [0m:      	                            (6, 0.0),
INFO:flwr:	                            (6, 0.0),
[92mINFO [0m:      	                            (7, 0.0),
INFO:flwr:	                            (7, 0.0),
[92mINFO [0m:      	                            (8, 0.0),
INFO:flwr:	                            (8, 0.0),
[92mINFO [0m:      	                            (9, 0.0),
INFO:flwr:	                            (9, 0.0),
[92mINFO [0m:      	                            (10, 0.0),
INFO:flwr:	                            (10, 0.0),
[92mINFO [0m:      	                            (11, 0.0),
INFO:flwr:	                            (11, 0.0),
[92mINFO [0m:      	                            (12, 0.0),
INFO:flwr:	                            (12, 0.0),
[92mINFO [0m:      	                            (13, 0.0),
INFO:flwr:	                            (13, 0.0),
[92mINFO [0m:      	                            (14, 0.0),
INFO:flwr:	                            (14, 0.0),
[92mINFO [0m:      	                            (15, 0.0),
INFO:flwr:	                            (15, 0.0),
[92mINFO [0m:      	                            (16, 0.0),
INFO:flwr:	                            (16, 0.0),
[92mINFO [0m:      	                            (17, 0.0),
INFO:flwr:	                            (17, 0.0),
[92mINFO [0m:      	                            (18, 0.0),
INFO:flwr:	                            (18, 0.0),
[92mINFO [0m:      	                            (19, 0.0),
INFO:flwr:	                            (19, 0.0),
[92mINFO [0m:      	                            (20, 0.0),
INFO:flwr:	                            (20, 0.0),
[92mINFO [0m:      	                            (21, 0.0),
INFO:flwr:	                            (21, 0.0),
[92mINFO [0m:      	                            (22, 0.0),
INFO:flwr:	                            (22, 0.0),
[92mINFO [0m:      	                            (23, 0.0),
INFO:flwr:	                            (23, 0.0),
[92mINFO [0m:      	                            (24, 0.0),
INFO:flwr:	                            (24, 0.0),
[92mINFO [0m:      	                            (25, 0.0),
INFO:flwr:	                            (25, 0.0),
[92mINFO [0m:      	                            (26, 0.0),
INFO:flwr:	                            (26, 0.0),
[92mINFO [0m:      	                            (27, 0.0),
INFO:flwr:	                            (27, 0.0),
[92mINFO [0m:      	                            (28, 0.0),
INFO:flwr:	                            (28, 0.0),
[92mINFO [0m:      	                            (29, 0.0),
INFO:flwr:	                            (29, 0.0),
[92mINFO [0m:      	                            (30, 0.0),
INFO:flwr:	                            (30, 0.0),
[92mINFO [0m:      	                            (31, 0.0),
INFO:flwr:	                            (31, 0.0),
[92mINFO [0m:      	                            (32, 0.0),
INFO:flwr:	                            (32, 0.0),
[92mINFO [0m:      	                            (33, 0.0),
INFO:flwr:	                            (33, 0.0),
[92mINFO [0m:      	                            (34, 0.0),
INFO:flwr:	                            (34, 0.0),
[92mINFO [0m:      	                            (35, 0.0),
INFO:flwr:	                            (35, 0.0),
[92mINFO [0m:      	                            (36, 0.0),
INFO:flwr:	                            (36, 0.0),
[92mINFO [0m:      	                            (37, 0.0),
INFO:flwr:	                            (37, 0.0),
[92mINFO [0m:      	                            (38, 0.0),
INFO:flwr:	                            (38, 0.0),
[92mINFO [0m:      	                            (39, 0.0),
INFO:flwr:	                            (39, 0.0),
[92mINFO [0m:      	                            (40, 0.0),
INFO:flwr:	                            (40, 0.0),
[92mINFO [0m:      	                            (41, 0.0),
INFO:flwr:	                            (41, 0.0),
[92mINFO [0m:      	                            (42, 0.0),
INFO:flwr:	                            (42, 0.0),
[92mINFO [0m:      	                            (43, 0.0),
INFO:flwr:	                            (43, 0.0),
[92mINFO [0m:      	                            (44, 0.0),
INFO:flwr:	                            (44, 0.0),
[92mINFO [0m:      	                            (45, 0.0),
INFO:flwr:	                            (45, 0.0),
[92mINFO [0m:      	                            (46, 0.0),
INFO:flwr:	                            (46, 0.0),
[92mINFO [0m:      	                            (47, 0.0),
INFO:flwr:	                            (47, 0.0),
[92mINFO [0m:      	                            (48, 0.0),
INFO:flwr:	                            (48, 0.0),
[92mINFO [0m:      	                            (49, 0.0),
INFO:flwr:	                            (49, 0.0),
[92mINFO [0m:      	                            (50, 0.0)],
INFO:flwr:	                            (50, 0.0)],
[92mINFO [0m:      	 'layer3_threshold': [(1, 0.5),
INFO:flwr:	 'layer3_threshold': [(1, 0.5),
[92mINFO [0m:      	                      (2, 0.5),
INFO:flwr:	                      (2, 0.5),
[92mINFO [0m:      	                      (3, 0.5),
INFO:flwr:	                      (3, 0.5),
[92mINFO [0m:      	                      (4, 0.5),
INFO:flwr:	                      (4, 0.5),
[92mINFO [0m:      	                      (5, 0.5),
INFO:flwr:	                      (5, 0.5),
[92mINFO [0m:      	                      (6, 0.5),
INFO:flwr:	                      (6, 0.5),
[92mINFO [0m:      	                      (7, 0.5),
INFO:flwr:	                      (7, 0.5),
[92mINFO [0m:      	                      (8, 0.5),
INFO:flwr:	                      (8, 0.5),
[92mINFO [0m:      	                      (9, 0.5),
INFO:flwr:	                      (9, 0.5),
[92mINFO [0m:      	                      (10, 0.5),
INFO:flwr:	                      (10, 0.5),
[92mINFO [0m:      	                      (11, 0.5),
INFO:flwr:	                      (11, 0.5),
[92mINFO [0m:      	                      (12, 0.5),
INFO:flwr:	                      (12, 0.5),
[92mINFO [0m:      	                      (13, 0.5),
INFO:flwr:	                      (13, 0.5),
[92mINFO [0m:      	                      (14, 0.5),
INFO:flwr:	                      (14, 0.5),
[92mINFO [0m:      	                      (15, 0.5),
INFO:flwr:	                      (15, 0.5),
[92mINFO [0m:      	                      (16, 0.5),
INFO:flwr:	                      (16, 0.5),
[92mINFO [0m:      	                      (17, 0.5),
INFO:flwr:	                      (17, 0.5),
[92mINFO [0m:      	                      (18, 0.5),
INFO:flwr:	                      (18, 0.5),
[92mINFO [0m:      	                      (19, 0.5),
INFO:flwr:	                      (19, 0.5),
[92mINFO [0m:      	                      (20, 0.5),
INFO:flwr:	                      (20, 0.5),
[92mINFO [0m:      	                      (21, 0.5),
INFO:flwr:	                      (21, 0.5),
[92mINFO [0m:      	                      (22, 0.5),
INFO:flwr:	                      (22, 0.5),
[92mINFO [0m:      	                      (23, 0.5),
INFO:flwr:	                      (23, 0.5),
[92mINFO [0m:      	                      (24, 0.5),
INFO:flwr:	                      (24, 0.5),
[92mINFO [0m:      	                      (25, 0.5),
INFO:flwr:	                      (25, 0.5),
[92mINFO [0m:      	                      (26, 0.5),
INFO:flwr:	                      (26, 0.5),
[92mINFO [0m:      	                      (27, 0.5),
INFO:flwr:	                      (27, 0.5),
[92mINFO [0m:      	                      (28, 0.5),
INFO:flwr:	                      (28, 0.5),
[92mINFO [0m:      	                      (29, 0.5),
INFO:flwr:	                      (29, 0.5),
[92mINFO [0m:      	                      (30, 0.5),
INFO:flwr:	                      (30, 0.5),
[92mINFO [0m:      	                      (31, 0.5),
INFO:flwr:	                      (31, 0.5),
[92mINFO [0m:      	                      (32, 0.5),
INFO:flwr:	                      (32, 0.5),
[92mINFO [0m:      	                      (33, 0.5),
INFO:flwr:	                      (33, 0.5),
[92mINFO [0m:      	                      (34, 0.5),
INFO:flwr:	                      (34, 0.5),
[92mINFO [0m:      	                      (35, 0.5),
INFO:flwr:	                      (35, 0.5),
[92mINFO [0m:      	                      (36, 0.5),
INFO:flwr:	                      (36, 0.5),
[92mINFO [0m:      	                      (37, 0.5),
INFO:flwr:	                      (37, 0.5),
[92mINFO [0m:      	                      (38, 0.5),
INFO:flwr:	                      (38, 0.5),
[92mINFO [0m:      	                      (39, 0.5),
INFO:flwr:	                      (39, 0.5),
[92mINFO [0m:      	                      (40, 0.5),
INFO:flwr:	                      (40, 0.5),
[92mINFO [0m:      	                      (41, 0.5),
INFO:flwr:	                      (41, 0.5),
[92mINFO [0m:      	                      (42, 0.5),
INFO:flwr:	                      (42, 0.5),
[92mINFO [0m:      	                      (43, 0.5),
INFO:flwr:	                      (43, 0.5),
[92mINFO [0m:      	                      (44, 0.5),
INFO:flwr:	                      (44, 0.5),
[92mINFO [0m:      	                      (45, 0.5),
INFO:flwr:	                      (45, 0.5),
[92mINFO [0m:      	                      (46, 0.5),
INFO:flwr:	                      (46, 0.5),
[92mINFO [0m:      	                      (47, 0.5),
INFO:flwr:	                      (47, 0.5),
[92mINFO [0m:      	                      (48, 0.5),
INFO:flwr:	                      (48, 0.5),
[92mINFO [0m:      	                      (49, 0.5),
INFO:flwr:	                      (49, 0.5),
[92mINFO [0m:      	                      (50, 0.5)],
INFO:flwr:	                      (50, 0.5)],
[92mINFO [0m:      	 'mean_reputation': [(1, 0.9578617215156555),
INFO:flwr:	 'mean_reputation': [(1, 0.9578617215156555),
[92mINFO [0m:      	                     (2, 0.9216104745864868),
INFO:flwr:	                     (2, 0.9216104745864868),
[92mINFO [0m:      	                     (3, 0.8894468545913696),
INFO:flwr:	                     (3, 0.8894468545913696),
[92mINFO [0m:      	                     (4, 0.8608925938606262),
INFO:flwr:	                     (4, 0.8608925938606262),
[92mINFO [0m:      	                     (5, 0.8354056477546692),
INFO:flwr:	                     (5, 0.8354056477546692),
[92mINFO [0m:      	                     (6, 0.812063992023468),
INFO:flwr:	                     (6, 0.812063992023468),
[92mINFO [0m:      	                     (7, 0.7902716994285583),
INFO:flwr:	                     (7, 0.7902716994285583),
[92mINFO [0m:      	                     (8, 0.7716013193130493),
INFO:flwr:	                     (8, 0.7716013193130493),
[92mINFO [0m:      	                     (9, 0.747224748134613),
INFO:flwr:	                     (9, 0.747224748134613),
[92mINFO [0m:      	                     (10, 0.7250097393989563),
INFO:flwr:	                     (10, 0.7250097393989563),
[92mINFO [0m:      	                     (11, 0.6967004537582397),
INFO:flwr:	                     (11, 0.6967004537582397),
[92mINFO [0m:      	                     (12, 0.6903433799743652),
INFO:flwr:	                     (12, 0.6903433799743652),
[92mINFO [0m:      	                     (13, 0.6749091148376465),
INFO:flwr:	                     (13, 0.6749091148376465),
[92mINFO [0m:      	                     (14, 0.6610291600227356),
INFO:flwr:	                     (14, 0.6610291600227356),
[92mINFO [0m:      	                     (15, 0.648546576499939),
INFO:flwr:	                     (15, 0.648546576499939),
[92mINFO [0m:      	                     (16, 0.6373201608657837),
INFO:flwr:	                     (16, 0.6373201608657837),
[92mINFO [0m:      	                     (17, 0.6272231340408325),
INFO:flwr:	                     (17, 0.6272231340408325),
[92mINFO [0m:      	                     (18, 0.6181414723396301),
INFO:flwr:	                     (18, 0.6181414723396301),
[92mINFO [0m:      	                     (19, 0.6099728345870972),
INFO:flwr:	                     (19, 0.6099728345870972),
[92mINFO [0m:      	                     (20, 0.6136605143547058),
INFO:flwr:	                     (20, 0.6136605143547058),
[92mINFO [0m:      	                     (21, 0.6059476137161255),
INFO:flwr:	                     (21, 0.6059476137161255),
[92mINFO [0m:      	                     (22, 0.5990090370178223),
INFO:flwr:	                     (22, 0.5990090370178223),
[92mINFO [0m:      	                     (23, 0.5927668809890747),
INFO:flwr:	                     (23, 0.5927668809890747),
[92mINFO [0m:      	                     (24, 0.5985377430915833),
INFO:flwr:	                     (24, 0.5985377430915833),
[92mINFO [0m:      	                     (25, 0.5923466682434082),
INFO:flwr:	                     (25, 0.5923466682434082),
[92mINFO [0m:      	                     (26, 0.5978425741195679),
INFO:flwr:	                     (26, 0.5978425741195679),
[92mINFO [0m:      	                     (27, 0.5917239189147949),
INFO:flwr:	                     (27, 0.5917239189147949),
[92mINFO [0m:      	                     (28, 0.5973260998725891),
INFO:flwr:	                     (28, 0.5973260998725891),
[92mINFO [0m:      	                     (29, 0.5912612080574036),
INFO:flwr:	                     (29, 0.5912612080574036),
[92mINFO [0m:      	                     (30, 0.5858035087585449),
INFO:flwr:	                     (30, 0.5858035087585449),
[92mINFO [0m:      	                     (31, 0.5918464064598083),
INFO:flwr:	                     (31, 0.5918464064598083),
[92mINFO [0m:      	                     (32, 0.5863315463066101),
INFO:flwr:	                     (32, 0.5863315463066101),
[92mINFO [0m:      	                     (33, 0.5924142599105835),
INFO:flwr:	                     (33, 0.5924142599105835),
[92mINFO [0m:      	                     (34, 0.5975654721260071),
INFO:flwr:	                     (34, 0.5975654721260071),
[92mINFO [0m:      	                     (35, 0.5914799571037292),
INFO:flwr:	                     (35, 0.5914799571037292),
[92mINFO [0m:      	                     (36, 0.596827507019043),
INFO:flwr:	                     (36, 0.596827507019043),
[92mINFO [0m:      	                     (37, 0.5908164381980896),
INFO:flwr:	                     (37, 0.5908164381980896),
[92mINFO [0m:      	                     (38, 0.5854066610336304),
INFO:flwr:	                     (38, 0.5854066610336304),
[92mINFO [0m:      	                     (39, 0.5805379748344421),
INFO:flwr:	                     (39, 0.5805379748344421),
[92mINFO [0m:      	                     (40, 0.5874049663543701),
INFO:flwr:	                     (40, 0.5874049663543701),
[92mINFO [0m:      	                     (41, 0.5926088094711304),
INFO:flwr:	                     (41, 0.5926088094711304),
[92mINFO [0m:      	                     (42, 0.5870202779769897),
INFO:flwr:	                     (42, 0.5870202779769897),
[92mINFO [0m:      	                     (43, 0.5819908380508423),
INFO:flwr:	                     (43, 0.5819908380508423),
[92mINFO [0m:      	                     (44, 0.5774644017219543),
INFO:flwr:	                     (44, 0.5774644017219543),
[92mINFO [0m:      	                     (45, 0.5733906030654907),
INFO:flwr:	                     (45, 0.5733906030654907),
[92mINFO [0m:      	                     (46, 0.5697242617607117),
INFO:flwr:	                     (46, 0.5697242617607117),
[92mINFO [0m:      	                     (47, 0.5664246678352356),
INFO:flwr:	                     (47, 0.5664246678352356),
[92mINFO [0m:      	                     (48, 0.5634551048278809),
INFO:flwr:	                     (48, 0.5634551048278809),
[92mINFO [0m:      	                     (49, 0.5607823729515076),
INFO:flwr:	                     (49, 0.5607823729515076),
[92mINFO [0m:      	                     (50, 0.5699626803398132)],
INFO:flwr:	                     (50, 0.5699626803398132)],
[92mINFO [0m:      	 'min_reputation': [(1, 0.8999999761581421),
INFO:flwr:	 'min_reputation': [(1, 0.8999999761581421),
[92mINFO [0m:      	                    (2, 0.8100000023841858),
INFO:flwr:	                    (2, 0.8100000023841858),
[92mINFO [0m:      	                    (3, 0.7289999723434448),
INFO:flwr:	                    (3, 0.7289999723434448),
[92mINFO [0m:      	                    (4, 0.6560999751091003),
INFO:flwr:	                    (4, 0.6560999751091003),
[92mINFO [0m:      	                    (5, 0.5904899835586548),
INFO:flwr:	                    (5, 0.5904899835586548),
[92mINFO [0m:      	                    (6, 0.5314409732818604),
INFO:flwr:	                    (6, 0.5314409732818604),
[92mINFO [0m:      	                    (7, 0.4782969057559967),
INFO:flwr:	                    (7, 0.4782969057559967),
[92mINFO [0m:      	                    (8, 0.4304672181606293),
INFO:flwr:	                    (8, 0.4304672181606293),
[92mINFO [0m:      	                    (9, 0.3874204754829407),
INFO:flwr:	                    (9, 0.3874204754829407),
[92mINFO [0m:      	                    (10, 0.34867843985557556),
INFO:flwr:	                    (10, 0.34867843985557556),
[92mINFO [0m:      	                    (11, 0.3138105869293213),
INFO:flwr:	                    (11, 0.3138105869293213),
[92mINFO [0m:      	                    (12, 0.2824295461177826),
INFO:flwr:	                    (12, 0.2824295461177826),
[92mINFO [0m:      	                    (13, 0.25418657064437866),
INFO:flwr:	                    (13, 0.25418657064437866),
[92mINFO [0m:      	                    (14, 0.22876793146133423),
INFO:flwr:	                    (14, 0.22876793146133423),
[92mINFO [0m:      	                    (15, 0.20589113235473633),
INFO:flwr:	                    (15, 0.20589113235473633),
[92mINFO [0m:      	                    (16, 0.1853020191192627),
INFO:flwr:	                    (16, 0.1853020191192627),
[92mINFO [0m:      	                    (17, 0.1667718142271042),
INFO:flwr:	                    (17, 0.1667718142271042),
[92mINFO [0m:      	                    (18, 0.1500946283340454),
INFO:flwr:	                    (18, 0.1500946283340454),
[92mINFO [0m:      	                    (19, 0.13508516550064087),
INFO:flwr:	                    (19, 0.13508516550064087),
[92mINFO [0m:      	                    (20, 0.12157665193080902),
INFO:flwr:	                    (20, 0.12157665193080902),
[92mINFO [0m:      	                    (21, 0.10941898822784424),
INFO:flwr:	                    (21, 0.10941898822784424),
[92mINFO [0m:      	                    (22, 0.0984770879149437),
INFO:flwr:	                    (22, 0.0984770879149437),
[92mINFO [0m:      	                    (23, 0.08862937986850739),
INFO:flwr:	                    (23, 0.08862937986850739),
[92mINFO [0m:      	                    (24, 0.07976644486188889),
INFO:flwr:	                    (24, 0.07976644486188889),
[92mINFO [0m:      	                    (25, 0.07178980112075806),
INFO:flwr:	                    (25, 0.07178980112075806),
[92mINFO [0m:      	                    (26, 0.06461081653833389),
INFO:flwr:	                    (26, 0.06461081653833389),
[92mINFO [0m:      	                    (27, 0.05814973637461662),
INFO:flwr:	                    (27, 0.05814973637461662),
[92mINFO [0m:      	                    (28, 0.05233476310968399),
INFO:flwr:	                    (28, 0.05233476310968399),
[92mINFO [0m:      	                    (29, 0.04710128530859947),
INFO:flwr:	                    (29, 0.04710128530859947),
[92mINFO [0m:      	                    (30, 0.042391158640384674),
INFO:flwr:	                    (30, 0.042391158640384674),
[92mINFO [0m:      	                    (31, 0.03815204277634621),
INFO:flwr:	                    (31, 0.03815204277634621),
[92mINFO [0m:      	                    (32, 0.034336838871240616),
INFO:flwr:	                    (32, 0.034336838871240616),
[92mINFO [0m:      	                    (33, 0.030903154984116554),
INFO:flwr:	                    (33, 0.030903154984116554),
[92mINFO [0m:      	                    (34, 0.027812838554382324),
INFO:flwr:	                    (34, 0.027812838554382324),
[92mINFO [0m:      	                    (35, 0.02503155544400215),
INFO:flwr:	                    (35, 0.02503155544400215),
[92mINFO [0m:      	                    (36, 0.022528398782014847),
INFO:flwr:	                    (36, 0.022528398782014847),
[92mINFO [0m:      	                    (37, 0.020275559276342392),
INFO:flwr:	                    (37, 0.020275559276342392),
[92mINFO [0m:      	                    (38, 0.018248002976179123),
INFO:flwr:	                    (38, 0.018248002976179123),
[92mINFO [0m:      	                    (39, 0.01642320305109024),
INFO:flwr:	                    (39, 0.01642320305109024),
[92mINFO [0m:      	                    (40, 0.014780882745981216),
INFO:flwr:	                    (40, 0.014780882745981216),
[92mINFO [0m:      	                    (41, 0.01330279465764761),
INFO:flwr:	                    (41, 0.01330279465764761),
[92mINFO [0m:      	                    (42, 0.011972514912486076),
INFO:flwr:	                    (42, 0.011972514912486076),
[92mINFO [0m:      	                    (43, 0.010775263421237469),
INFO:flwr:	                    (43, 0.010775263421237469),
[92mINFO [0m:      	                    (44, 0.00969773717224598),
INFO:flwr:	                    (44, 0.00969773717224598),
[92mINFO [0m:      	                    (45, 0.008727964013814926),
INFO:flwr:	                    (45, 0.008727964013814926),
[92mINFO [0m:      	                    (46, 0.007855167612433434),
INFO:flwr:	                    (46, 0.007855167612433434),
[92mINFO [0m:      	                    (47, 0.007069650571793318),
INFO:flwr:	                    (47, 0.007069650571793318),
[92mINFO [0m:      	                    (48, 0.006362685468047857),
INFO:flwr:	                    (48, 0.006362685468047857),
[92mINFO [0m:      	                    (49, 0.005726417060941458),
INFO:flwr:	                    (49, 0.005726417060941458),
[92mINFO [0m:      	                    (50, 0.005153775215148926)],
INFO:flwr:	                    (50, 0.005153775215148926)],
[92mINFO [0m:      	 'server_round': [(1, 1),
INFO:flwr:	 'server_round': [(1, 1),
[92mINFO [0m:      	                  (2, 2),
INFO:flwr:	                  (2, 2),
[92mINFO [0m:      	                  (3, 3),
INFO:flwr:	                  (3, 3),
[92mINFO [0m:      	                  (4, 4),
INFO:flwr:	                  (4, 4),
[92mINFO [0m:      	                  (5, 5),
INFO:flwr:	                  (5, 5),
[92mINFO [0m:      	                  (6, 6),
INFO:flwr:	                  (6, 6),
[92mINFO [0m:      	                  (7, 7),
INFO:flwr:	                  (7, 7),
[92mINFO [0m:      	                  (8, 8),
INFO:flwr:	                  (8, 8),
[92mINFO [0m:      	                  (9, 9),
INFO:flwr:	                  (9, 9),
[92mINFO [0m:      	                  (10, 10),
INFO:flwr:	                  (10, 10),
[92mINFO [0m:      	                  (11, 11),
INFO:flwr:	                  (11, 11),
[92mINFO [0m:      	                  (12, 12),
INFO:flwr:	                  (12, 12),
[92mINFO [0m:      	                  (13, 13),
INFO:flwr:	                  (13, 13),
[92mINFO [0m:      	                  (14, 14),
INFO:flwr:	                  (14, 14),
[92mINFO [0m:      	                  (15, 15),
INFO:flwr:	                  (15, 15),
[92mINFO [0m:      	                  (16, 16),
INFO:flwr:	                  (16, 16),
[92mINFO [0m:      	                  (17, 17),
INFO:flwr:	                  (17, 17),
[92mINFO [0m:      	                  (18, 18),
INFO:flwr:	                  (18, 18),
[92mINFO [0m:      	                  (19, 19),
INFO:flwr:	                  (19, 19),
[92mINFO [0m:      	                  (20, 20),
INFO:flwr:	                  (20, 20),
[92mINFO [0m:      	                  (21, 21),
INFO:flwr:	                  (21, 21),
[92mINFO [0m:      	                  (22, 22),
INFO:flwr:	                  (22, 22),
[92mINFO [0m:      	                  (23, 23),
INFO:flwr:	                  (23, 23),
[92mINFO [0m:      	                  (24, 24),
INFO:flwr:	                  (24, 24),
[92mINFO [0m:      	                  (25, 25),
INFO:flwr:	                  (25, 25),
[92mINFO [0m:      	                  (26, 26),
INFO:flwr:	                  (26, 26),
[92mINFO [0m:      	                  (27, 27),
INFO:flwr:	                  (27, 27),
[92mINFO [0m:      	                  (28, 28),
INFO:flwr:	                  (28, 28),
[92mINFO [0m:      	                  (29, 29),
INFO:flwr:	                  (29, 29),
[92mINFO [0m:      	                  (30, 30),
INFO:flwr:	                  (30, 30),
[92mINFO [0m:      	                  (31, 31),
INFO:flwr:	                  (31, 31),
[92mINFO [0m:      	                  (32, 32),
INFO:flwr:	                  (32, 32),
[92mINFO [0m:      	                  (33, 33),
INFO:flwr:	                  (33, 33),
[92mINFO [0m:      	                  (34, 34),
INFO:flwr:	                  (34, 34),
[92mINFO [0m:      	                  (35, 35),
INFO:flwr:	                  (35, 35),
[92mINFO [0m:      	                  (36, 36),
INFO:flwr:	                  (36, 36),
[92mINFO [0m:      	                  (37, 37),
INFO:flwr:	                  (37, 37),
[92mINFO [0m:      	                  (38, 38),
INFO:flwr:	                  (38, 38),
[92mINFO [0m:      	                  (39, 39),
INFO:flwr:	                  (39, 39),
[92mINFO [0m:      	                  (40, 40),
INFO:flwr:	                  (40, 40),
[92mINFO [0m:      	                  (41, 41),
INFO:flwr:	                  (41, 41),
[92mINFO [0m:      	                  (42, 42),
INFO:flwr:	                  (42, 42),
[92mINFO [0m:      	                  (43, 43),
INFO:flwr:	                  (43, 43),
[92mINFO [0m:      	                  (44, 44),
INFO:flwr:	                  (44, 44),
[92mINFO [0m:      	                  (45, 45),
INFO:flwr:	                  (45, 45),
[92mINFO [0m:      	                  (46, 46),
INFO:flwr:	                  (46, 46),
[92mINFO [0m:      	                  (47, 47),
INFO:flwr:	                  (47, 47),
[92mINFO [0m:      	                  (48, 48),
INFO:flwr:	                  (48, 48),
[92mINFO [0m:      	                  (49, 49),
INFO:flwr:	                  (49, 49),
[92mINFO [0m:      	                  (50, 50)]}
INFO:flwr:	                  (50, 50)]}
[92mINFO [0m:      	History (metrics, distributed, evaluate):
INFO:flwr:	History (metrics, distributed, evaluate):
[92mINFO [0m:      	{'accuracy': [(1, 0.9681),
INFO:flwr:	{'accuracy': [(1, 0.9681),
[92mINFO [0m:      	              (2, 0.9656),
INFO:flwr:	              (2, 0.9656),
[92mINFO [0m:      	              (3, 0.9680333333333333),
INFO:flwr:	              (3, 0.9680333333333333),
[92mINFO [0m:      	              (4, 0.9686333333333333),
INFO:flwr:	              (4, 0.9686333333333333),
[92mINFO [0m:      	              (5, 0.9668666666666667),
INFO:flwr:	              (5, 0.9668666666666667),
[92mINFO [0m:      	              (6, 0.9687333333333333),
INFO:flwr:	              (6, 0.9687333333333333),
[92mINFO [0m:      	              (7, 0.9673333333333334),
INFO:flwr:	              (7, 0.9673333333333334),
[92mINFO [0m:      	              (8, 0.9695),
INFO:flwr:	              (8, 0.9695),
[92mINFO [0m:      	              (9, 0.9690666666666666),
INFO:flwr:	              (9, 0.9690666666666666),
[92mINFO [0m:      	              (10, 0.9698333333333333),
INFO:flwr:	              (10, 0.9698333333333333),
[92mINFO [0m:      	              (11, 0.9663333333333334),
INFO:flwr:	              (11, 0.9663333333333334),
[92mINFO [0m:      	              (12, 0.9689666666666666),
INFO:flwr:	              (12, 0.9689666666666666),
[92mINFO [0m:      	              (13, 0.9691666666666666),
INFO:flwr:	              (13, 0.9691666666666666),
[92mINFO [0m:      	              (14, 0.9700333333333333),
INFO:flwr:	              (14, 0.9700333333333333),
[92mINFO [0m:      	              (15, 0.9698666666666667),
INFO:flwr:	              (15, 0.9698666666666667),
[92mINFO [0m:      	              (16, 0.9709),
INFO:flwr:	              (16, 0.9709),
[92mINFO [0m:      	              (17, 0.9711333333333333),
INFO:flwr:	              (17, 0.9711333333333333),
[92mINFO [0m:      	              (18, 0.9705333333333334),
INFO:flwr:	              (18, 0.9705333333333334),
[92mINFO [0m:      	              (19, 0.9715333333333334),
INFO:flwr:	              (19, 0.9715333333333334),
[92mINFO [0m:      	              (20, 0.9712333333333333),
INFO:flwr:	              (20, 0.9712333333333333),
[92mINFO [0m:      	              (21, 0.9704666666666667),
INFO:flwr:	              (21, 0.9704666666666667),
[92mINFO [0m:      	              (22, 0.9706666666666667),
INFO:flwr:	              (22, 0.9706666666666667),
[92mINFO [0m:      	              (23, 0.9707666666666667),
INFO:flwr:	              (23, 0.9707666666666667),
[92mINFO [0m:      	              (24, 0.9711333333333333),
INFO:flwr:	              (24, 0.9711333333333333),
[92mINFO [0m:      	              (25, 0.9707),
INFO:flwr:	              (25, 0.9707),
[92mINFO [0m:      	              (26, 0.9709666666666666),
INFO:flwr:	              (26, 0.9709666666666666),
[92mINFO [0m:      	              (27, 0.9710333333333333),
INFO:flwr:	              (27, 0.9710333333333333),
[92mINFO [0m:      	              (28, 0.9706666666666667),
INFO:flwr:	              (28, 0.9706666666666667),
[92mINFO [0m:      	              (29, 0.9720333333333333),
INFO:flwr:	              (29, 0.9720333333333333),
[92mINFO [0m:      	              (30, 0.9714333333333334),
INFO:flwr:	              (30, 0.9714333333333334),
[92mINFO [0m:      	              (31, 0.9705666666666667),
INFO:flwr:	              (31, 0.9705666666666667),
[92mINFO [0m:      	              (32, 0.9707),
INFO:flwr:	              (32, 0.9707),
[92mINFO [0m:      	              (33, 0.9712333333333333),
INFO:flwr:	              (33, 0.9712333333333333),
[92mINFO [0m:      	              (34, 0.9706666666666667),
INFO:flwr:	              (34, 0.9706666666666667),
[92mINFO [0m:      	              (35, 0.9715333333333334),
INFO:flwr:	              (35, 0.9715333333333334),
[92mINFO [0m:      	              (36, 0.9699),
INFO:flwr:	              (36, 0.9699),
[92mINFO [0m:      	              (37, 0.9713333333333334),
INFO:flwr:	              (37, 0.9713333333333334),
[92mINFO [0m:      	              (38, 0.9713333333333334),
INFO:flwr:	              (38, 0.9713333333333334),
[92mINFO [0m:      	              (39, 0.9720666666666666),
INFO:flwr:	              (39, 0.9720666666666666),
[92mINFO [0m:      	              (40, 0.9711666666666666),
INFO:flwr:	              (40, 0.9711666666666666),
[92mINFO [0m:      	              (41, 0.9715),
INFO:flwr:	              (41, 0.9715),
[92mINFO [0m:      	              (42, 0.9718666666666667),
INFO:flwr:	              (42, 0.9718666666666667),
[92mINFO [0m:      	              (43, 0.971),
INFO:flwr:	              (43, 0.971),
[92mINFO [0m:      	              (44, 0.9713),
INFO:flwr:	              (44, 0.9713),
[92mINFO [0m:      	              (45, 0.9714),
INFO:flwr:	              (45, 0.9714),
[92mINFO [0m:      	              (46, 0.9714),
INFO:flwr:	              (46, 0.9714),
[92mINFO [0m:      	              (47, 0.9716),
INFO:flwr:	              (47, 0.9716),
[92mINFO [0m:      	              (48, 0.9715),
INFO:flwr:	              (48, 0.9715),
[92mINFO [0m:      	              (49, 0.9707666666666667),
INFO:flwr:	              (49, 0.9707666666666667),
[92mINFO [0m:      	              (50, 0.9698333333333333)],
INFO:flwr:	              (50, 0.9698333333333333)],
[92mINFO [0m:      	 'auc': [(1, 0.8724969959106637),
INFO:flwr:	 'auc': [(1, 0.8724969959106637),
[92mINFO [0m:      	         (2, 0.8842216420257941),
INFO:flwr:	         (2, 0.8842216420257941),
[92mINFO [0m:      	         (3, 0.8882066687637624),
INFO:flwr:	         (3, 0.8882066687637624),
[92mINFO [0m:      	         (4, 0.8839792544825416),
INFO:flwr:	         (4, 0.8839792544825416),
[92mINFO [0m:      	         (5, 0.8893516514627242),
INFO:flwr:	         (5, 0.8893516514627242),
[92mINFO [0m:      	         (6, 0.8735854985844604),
INFO:flwr:	         (6, 0.8735854985844604),
[92mINFO [0m:      	         (7, 0.8865259987417426),
INFO:flwr:	         (7, 0.8865259987417426),
[92mINFO [0m:      	         (8, 0.875478703994967),
INFO:flwr:	         (8, 0.875478703994967),
[92mINFO [0m:      	         (9, 0.863796854356716),
INFO:flwr:	         (9, 0.863796854356716),
[92mINFO [0m:      	         (10, 0.869828782636049),
INFO:flwr:	         (10, 0.869828782636049),
[92mINFO [0m:      	         (11, 0.8727436615287825),
INFO:flwr:	         (11, 0.8727436615287825),
[92mINFO [0m:      	         (12, 0.8728804183705569),
INFO:flwr:	         (12, 0.8728804183705569),
[92mINFO [0m:      	         (13, 0.8519271940861908),
INFO:flwr:	         (13, 0.8519271940861908),
[92mINFO [0m:      	         (14, 0.8695802139037432),
INFO:flwr:	         (14, 0.8695802139037432),
[92mINFO [0m:      	         (15, 0.8515506291286569),
INFO:flwr:	         (15, 0.8515506291286569),
[92mINFO [0m:      	         (16, 0.8591959893048128),
INFO:flwr:	         (16, 0.8591959893048128),
[92mINFO [0m:      	         (17, 0.8561659641396666),
INFO:flwr:	         (17, 0.8561659641396666),
[92mINFO [0m:      	         (18, 0.8565223183391004),
INFO:flwr:	         (18, 0.8565223183391004),
[92mINFO [0m:      	         (19, 0.8463411450141554),
INFO:flwr:	         (19, 0.8463411450141554),
[92mINFO [0m:      	         (20, 0.8574311104120794),
INFO:flwr:	         (20, 0.8574311104120794),
[92mINFO [0m:      	         (21, 0.8357373230575653),
INFO:flwr:	         (21, 0.8357373230575653),
[92mINFO [0m:      	         (22, 0.8349608052846806),
INFO:flwr:	         (22, 0.8349608052846806),
[92mINFO [0m:      	         (23, 0.8432515256369928),
INFO:flwr:	         (23, 0.8432515256369928),
[92mINFO [0m:      	         (24, 0.8715015099087764),
INFO:flwr:	         (24, 0.8715015099087764),
[92mINFO [0m:      	         (25, 0.8291098773199119),
INFO:flwr:	         (25, 0.8291098773199119),
[92mINFO [0m:      	         (26, 0.856513321799308),
INFO:flwr:	         (26, 0.856513321799308),
[92mINFO [0m:      	         (27, 0.8373136678200691),
INFO:flwr:	         (27, 0.8373136678200691),
[92mINFO [0m:      	         (28, 0.8583325416797735),
INFO:flwr:	         (28, 0.8583325416797735),
[92mINFO [0m:      	         (29, 0.8429800251651463),
INFO:flwr:	         (29, 0.8429800251651463),
[92mINFO [0m:      	         (30, 0.8556211544510851),
INFO:flwr:	         (30, 0.8556211544510851),
[92mINFO [0m:      	         (31, 0.8511324944951243),
INFO:flwr:	         (31, 0.8511324944951243),
[92mINFO [0m:      	         (32, 0.8382203208556148),
INFO:flwr:	         (32, 0.8382203208556148),
[92mINFO [0m:      	         (33, 0.8531702422145329),
INFO:flwr:	         (33, 0.8531702422145329),
[92mINFO [0m:      	         (34, 0.8469898867568417),
INFO:flwr:	         (34, 0.8469898867568417),
[92mINFO [0m:      	         (35, 0.8284816137150047),
INFO:flwr:	         (35, 0.8284816137150047),
[92mINFO [0m:      	         (36, 0.8498499999999999),
INFO:flwr:	         (36, 0.8498499999999999),
[92mINFO [0m:      	         (37, 0.8249185121107269),
INFO:flwr:	         (37, 0.8249185121107269),
[92mINFO [0m:      	         (38, 0.8355513054419629),
INFO:flwr:	         (38, 0.8355513054419629),
[92mINFO [0m:      	         (39, 0.8564127870399497),
INFO:flwr:	         (39, 0.8564127870399497),
[92mINFO [0m:      	         (40, 0.8508927178357976),
INFO:flwr:	         (40, 0.8508927178357976),
[92mINFO [0m:      	         (41, 0.8579562126454859),
INFO:flwr:	         (41, 0.8579562126454859),
[92mINFO [0m:      	         (42, 0.8458874803397295),
INFO:flwr:	         (42, 0.8458874803397295),
[92mINFO [0m:      	         (43, 0.8374828562441018),
INFO:flwr:	         (43, 0.8374828562441018),
[92mINFO [0m:      	         (44, 0.8344653821956591),
INFO:flwr:	         (44, 0.8344653821956591),
[92mINFO [0m:      	         (45, 0.8378179616231519),
INFO:flwr:	         (45, 0.8378179616231519),
[92mINFO [0m:      	         (46, 0.8341380780119534),
INFO:flwr:	         (46, 0.8341380780119534),
[92mINFO [0m:      	         (47, 0.8316578483799936),
INFO:flwr:	         (47, 0.8316578483799936),
[92mINFO [0m:      	         (48, 0.8441100975149418),
INFO:flwr:	         (48, 0.8441100975149418),
[92mINFO [0m:      	         (49, 0.8276573922617175),
INFO:flwr:	         (49, 0.8276573922617175),
[92mINFO [0m:      	         (50, 0.8228221453287197)],
INFO:flwr:	         (50, 0.8228221453287197)],
[92mINFO [0m:      	 'f1': [(1, 0.5038880248833593),
INFO:flwr:	 'f1': [(1, 0.5038880248833593),
[92mINFO [0m:      	        (2, 0.5186567164179104),
INFO:flwr:	        (2, 0.5186567164179104),
[92mINFO [0m:      	        (3, 0.5301322880940715),
INFO:flwr:	        (3, 0.5301322880940715),
[92mINFO [0m:      	        (4, 0.5283208020050125),
INFO:flwr:	        (4, 0.5283208020050125),
[92mINFO [0m:      	        (5, 0.5221153846153845),
INFO:flwr:	        (5, 0.5221153846153845),
[92mINFO [0m:      	        (6, 0.5124740124740125),
INFO:flwr:	        (6, 0.5124740124740125),
[92mINFO [0m:      	        (7, 0.5265700483091788),
INFO:flwr:	        (7, 0.5265700483091788),
[92mINFO [0m:      	        (8, 0.5151033386327504),
INFO:flwr:	        (8, 0.5151033386327504),
[92mINFO [0m:      	        (9, 0.5032119914346895),
INFO:flwr:	        (9, 0.5032119914346895),
[92mINFO [0m:      	        (10, 0.52938117524701),
INFO:flwr:	        (10, 0.52938117524701),
[92mINFO [0m:      	        (11, 0.5226843100189036),
INFO:flwr:	        (11, 0.5226843100189036),
[92mINFO [0m:      	        (12, 0.5123101100052383),
INFO:flwr:	        (12, 0.5123101100052383),
[92mINFO [0m:      	        (13, 0.4948115783724741),
INFO:flwr:	        (13, 0.4948115783724741),
[92mINFO [0m:      	        (14, 0.5240868184224458),
INFO:flwr:	        (14, 0.5240868184224458),
[92mINFO [0m:      	        (15, 0.5124056094929881),
INFO:flwr:	        (15, 0.5124056094929881),
[92mINFO [0m:      	        (16, 0.5319034852546917),
INFO:flwr:	        (16, 0.5319034852546917),
[92mINFO [0m:      	        (17, 0.5156599552572707),
INFO:flwr:	        (17, 0.5156599552572707),
[92mINFO [0m:      	        (18, 0.515881708652793),
INFO:flwr:	        (18, 0.515881708652793),
[92mINFO [0m:      	        (19, 0.5074971164936563),
INFO:flwr:	        (19, 0.5074971164936563),
[92mINFO [0m:      	        (20, 0.5071387778412336),
INFO:flwr:	        (20, 0.5071387778412336),
[92mINFO [0m:      	        (21, 0.46626506024096387),
INFO:flwr:	        (21, 0.46626506024096387),
[92mINFO [0m:      	        (22, 0.4817432273262662),
INFO:flwr:	        (22, 0.4817432273262662),
[92mINFO [0m:      	        (23, 0.4945244956772334),
INFO:flwr:	        (23, 0.4945244956772334),
[92mINFO [0m:      	        (24, 0.522075055187638),
INFO:flwr:	        (24, 0.522075055187638),
[92mINFO [0m:      	        (25, 0.47016274864376134),
INFO:flwr:	        (25, 0.47016274864376134),
[92mINFO [0m:      	        (26, 0.4879482657260435),
INFO:flwr:	        (26, 0.4879482657260435),
[92mINFO [0m:      	        (27, 0.4605834885164495),
INFO:flwr:	        (27, 0.4605834885164495),
[92mINFO [0m:      	        (28, 0.4865810968494749),
INFO:flwr:	        (28, 0.4865810968494749),
[92mINFO [0m:      	        (29, 0.4830560690080098),
INFO:flwr:	        (29, 0.4830560690080098),
[92mINFO [0m:      	        (30, 0.492599171107164),
INFO:flwr:	        (30, 0.492599171107164),
[92mINFO [0m:      	        (31, 0.4671092335546167),
INFO:flwr:	        (31, 0.4671092335546167),
[92mINFO [0m:      	        (32, 0.4630421502748931),
INFO:flwr:	        (32, 0.4630421502748931),
[92mINFO [0m:      	        (33, 0.47281612706169823),
INFO:flwr:	        (33, 0.47281612706169823),
[92mINFO [0m:      	        (34, 0.4627594627594628),
INFO:flwr:	        (34, 0.4627594627594628),
[92mINFO [0m:      	        (35, 0.4468911917098446),
INFO:flwr:	        (35, 0.4468911917098446),
[92mINFO [0m:      	        (36, 0.4672566371681416),
INFO:flwr:	        (36, 0.4672566371681416),
[92mINFO [0m:      	        (37, 0.44658944658944666),
INFO:flwr:	        (37, 0.44658944658944666),
[92mINFO [0m:      	        (38, 0.44372574385511),
INFO:flwr:	        (38, 0.44372574385511),
[92mINFO [0m:      	        (39, 0.4827160493827161),
INFO:flwr:	        (39, 0.4827160493827161),
[92mINFO [0m:      	        (40, 0.4549464398235665),
INFO:flwr:	        (40, 0.4549464398235665),
[92mINFO [0m:      	        (41, 0.47254780999383095),
INFO:flwr:	        (41, 0.47254780999383095),
[92mINFO [0m:      	        (42, 0.4561855670103093),
INFO:flwr:	        (42, 0.4561855670103093),
[92mINFO [0m:      	        (43, 0.42536327608982827),
INFO:flwr:	        (43, 0.42536327608982827),
[92mINFO [0m:      	        (44, 0.4186360567184335),
INFO:flwr:	        (44, 0.4186360567184335),
[92mINFO [0m:      	        (45, 0.4377457404980341),
INFO:flwr:	        (45, 0.4377457404980341),
[92mINFO [0m:      	        (46, 0.43253968253968256),
INFO:flwr:	        (46, 0.43253968253968256),
[92mINFO [0m:      	        (47, 0.43124165554072097),
INFO:flwr:	        (47, 0.43124165554072097),
[92mINFO [0m:      	        (48, 0.44660194174757284),
INFO:flwr:	        (48, 0.44660194174757284),
[92mINFO [0m:      	        (49, 0.42717178314826915),
INFO:flwr:	        (49, 0.42717178314826915),
[92mINFO [0m:      	        (50, 0.40264026402640263)],
INFO:flwr:	        (50, 0.40264026402640263)],
[92mINFO [0m:      	 'precision': [(1, 0.586248492159228),
INFO:flwr:	 'precision': [(1, 0.586248492159228),
[92mINFO [0m:      	               (2, 0.5325670498084292),
INFO:flwr:	               (2, 0.5325670498084292),
[92mINFO [0m:      	               (3, 0.5749202975557918),
INFO:flwr:	               (3, 0.5749202975557918),
[92mINFO [0m:      	               (4, 0.5888268156424581),
INFO:flwr:	               (4, 0.5888268156424581),
[92mINFO [0m:      	               (5, 0.5540816326530612),
INFO:flwr:	               (5, 0.5540816326530612),
[92mINFO [0m:      	               (6, 0.5983009708737865),
INFO:flwr:	               (6, 0.5983009708737865),
[92mINFO [0m:      	               (7, 0.5618556701030928),
INFO:flwr:	               (7, 0.5618556701030928),
[92mINFO [0m:      	               (8, 0.6175349428208385),
INFO:flwr:	               (8, 0.6175349428208385),
[92mINFO [0m:      	               (9, 0.6119791666666666),
INFO:flwr:	               (9, 0.6119791666666666),
[92mINFO [0m:      	               (10, 0.6184690157958687),
INFO:flwr:	               (10, 0.6184690157958687),
[92mINFO [0m:      	               (11, 0.5442913385826772),
INFO:flwr:	               (11, 0.5442913385826772),
[92mINFO [0m:      	               (12, 0.6044499381953028),
INFO:flwr:	               (12, 0.6044499381953028),
[92mINFO [0m:      	               (13, 0.6196990424076607),
INFO:flwr:	               (13, 0.6196990424076607),
[92mINFO [0m:      	               (14, 0.6273764258555132),
INFO:flwr:	               (14, 0.6273764258555132),
[92mINFO [0m:      	               (15, 0.629973474801061),
INFO:flwr:	               (15, 0.629973474801061),
[92mINFO [0m:      	               (16, 0.6483660130718955),
INFO:flwr:	               (16, 0.6483660130718955),
[92mINFO [0m:      	               (17, 0.6700581395348837),
INFO:flwr:	               (17, 0.6700581395348837),
[92mINFO [0m:      	               (18, 0.6487603305785123),
INFO:flwr:	               (18, 0.6487603305785123),
[92mINFO [0m:      	               (19, 0.6940063091482649),
INFO:flwr:	               (19, 0.6940063091482649),
[92mINFO [0m:      	               (20, 0.6820276497695853),
INFO:flwr:	               (20, 0.6820276497695853),
[92mINFO [0m:      	               (21, 0.6910714285714284),
INFO:flwr:	               (21, 0.6910714285714284),
[92mINFO [0m:      	               (22, 0.6839464882943144),
INFO:flwr:	               (22, 0.6839464882943144),
[92mINFO [0m:      	               (23, 0.6755905511811024),
INFO:flwr:	               (23, 0.6755905511811024),
[92mINFO [0m:      	               (24, 0.6643258426966292),
INFO:flwr:	               (24, 0.6643258426966292),
[92mINFO [0m:      	               (25, 0.6976744186046512),
INFO:flwr:	               (25, 0.6976744186046512),
[92mINFO [0m:      	               (26, 0.6905158069883528),
INFO:flwr:	               (26, 0.6905158069883528),
[92mINFO [0m:      	               (27, 0.726027397260274),
INFO:flwr:	               (27, 0.726027397260274),
[92mINFO [0m:      	               (28, 0.6791530944625407),
INFO:flwr:	               (28, 0.6791530944625407),
[92mINFO [0m:      	               (29, 0.7495219885277247),
INFO:flwr:	               (29, 0.7495219885277247),
[92mINFO [0m:      	               (30, 0.7062818336162988),
INFO:flwr:	               (30, 0.7062818336162988),
[92mINFO [0m:      	               (31, 0.6947935368043088),
INFO:flwr:	               (31, 0.6947935368043088),
[92mINFO [0m:      	               (32, 0.7057728119180633),
INFO:flwr:	               (32, 0.7057728119180633),
[92mINFO [0m:      	               (33, 0.7206703910614525),
INFO:flwr:	               (33, 0.7206703910614525),
[92mINFO [0m:      	               (34, 0.704460966542751),
INFO:flwr:	               (34, 0.704460966542751),
[92mINFO [0m:      	               (35, 0.777027027027027),
INFO:flwr:	               (35, 0.777027027027027),
[92mINFO [0m:      	               (36, 0.6655462184873949),
INFO:flwr:	               (36, 0.6655462184873949),
[92mINFO [0m:      	               (37, 0.76431718061674),
INFO:flwr:	               (37, 0.76431718061674),
[92mINFO [0m:      	               (38, 0.7690582959641256),
INFO:flwr:	               (38, 0.7690582959641256),
[92mINFO [0m:      	               (39, 0.751923076923077),
INFO:flwr:	               (39, 0.751923076923077),
[92mINFO [0m:      	               (40, 0.7412731006160165),
INFO:flwr:	               (40, 0.7412731006160165),
[92mINFO [0m:      	               (41, 0.7351247600767754),
INFO:flwr:	               (41, 0.7351247600767754),
[92mINFO [0m:      	               (42, 0.7831858407079646),
INFO:flwr:	               (42, 0.7831858407079646),
[92mINFO [0m:      	               (43, 0.7777777777777777),
INFO:flwr:	               (43, 0.7777777777777777),
[92mINFO [0m:      	               (44, 0.8136482939632546),
INFO:flwr:	               (44, 0.8136482939632546),
[92mINFO [0m:      	               (45, 0.784037558685446),
INFO:flwr:	               (45, 0.784037558685446),
[92mINFO [0m:      	               (46, 0.7936893203883495),
INFO:flwr:	               (46, 0.7936893203883495),
[92mINFO [0m:      	               (47, 0.8115577889447236),
INFO:flwr:	               (47, 0.8115577889447236),
[92mINFO [0m:      	               (48, 0.7752808988764046),
INFO:flwr:	               (48, 0.7752808988764046),
[92mINFO [0m:      	               (49, 0.7587006960556845),
INFO:flwr:	               (49, 0.7587006960556845),
[92mINFO [0m:      	               (50, 0.7349397590361446)],
INFO:flwr:	               (50, 0.7349397590361446)],
[92mINFO [0m:      	 'recall': [(1, 0.4418181818181819),
INFO:flwr:	 'recall': [(1, 0.4418181818181819),
[92mINFO [0m:      	            (2, 0.5054545454545455),
INFO:flwr:	            (2, 0.5054545454545455),
[92mINFO [0m:      	            (3, 0.49181818181818177),
INFO:flwr:	            (3, 0.49181818181818177),
[92mINFO [0m:      	            (4, 0.479090909090909),
INFO:flwr:	            (4, 0.479090909090909),
[92mINFO [0m:      	            (5, 0.49363636363636365),
INFO:flwr:	            (5, 0.49363636363636365),
[92mINFO [0m:      	            (6, 0.44818181818181824),
INFO:flwr:	            (6, 0.44818181818181824),
[92mINFO [0m:      	            (7, 0.4954545454545455),
INFO:flwr:	            (7, 0.4954545454545455),
[92mINFO [0m:      	            (8, 0.4418181818181819),
INFO:flwr:	            (8, 0.4418181818181819),
[92mINFO [0m:      	            (9, 0.42727272727272725),
INFO:flwr:	            (9, 0.42727272727272725),
[92mINFO [0m:      	            (10, 0.46272727272727276),
INFO:flwr:	            (10, 0.46272727272727276),
[92mINFO [0m:      	            (11, 0.5027272727272727),
INFO:flwr:	            (11, 0.5027272727272727),
[92mINFO [0m:      	            (12, 0.4445454545454545),
INFO:flwr:	            (12, 0.4445454545454545),
[92mINFO [0m:      	            (13, 0.4118181818181818),
INFO:flwr:	            (13, 0.4118181818181818),
[92mINFO [0m:      	            (14, 0.45),
INFO:flwr:	            (14, 0.45),
[92mINFO [0m:      	            (15, 0.4318181818181818),
INFO:flwr:	            (15, 0.4318181818181818),
[92mINFO [0m:      	            (16, 0.450909090909091),
INFO:flwr:	            (16, 0.450909090909091),
[92mINFO [0m:      	            (17, 0.41909090909090907),
INFO:flwr:	            (17, 0.41909090909090907),
[92mINFO [0m:      	            (18, 0.42818181818181816),
INFO:flwr:	            (18, 0.42818181818181816),
[92mINFO [0m:      	            (19, 0.4),
INFO:flwr:	            (19, 0.4),
[92mINFO [0m:      	            (20, 0.4036363636363636),
INFO:flwr:	            (20, 0.4036363636363636),
[92mINFO [0m:      	            (21, 0.3518181818181818),
INFO:flwr:	            (21, 0.3518181818181818),
[92mINFO [0m:      	            (22, 0.3718181818181818),
INFO:flwr:	            (22, 0.3718181818181818),
[92mINFO [0m:      	            (23, 0.39),
INFO:flwr:	            (23, 0.39),
[92mINFO [0m:      	            (24, 0.43),
INFO:flwr:	            (24, 0.43),
[92mINFO [0m:      	            (25, 0.3545454545454545),
INFO:flwr:	            (25, 0.3545454545454545),
[92mINFO [0m:      	            (26, 0.37727272727272726),
INFO:flwr:	            (26, 0.37727272727272726),
[92mINFO [0m:      	            (27, 0.3372727272727273),
INFO:flwr:	            (27, 0.3372727272727273),
[92mINFO [0m:      	            (28, 0.3790909090909091),
INFO:flwr:	            (28, 0.3790909090909091),
[92mINFO [0m:      	            (29, 0.3563636363636364),
INFO:flwr:	            (29, 0.3563636363636364),
[92mINFO [0m:      	            (30, 0.3781818181818182),
INFO:flwr:	            (30, 0.3781818181818182),
[92mINFO [0m:      	            (31, 0.3518181818181818),
INFO:flwr:	            (31, 0.3518181818181818),
[92mINFO [0m:      	            (32, 0.3445454545454545),
INFO:flwr:	            (32, 0.3445454545454545),
[92mINFO [0m:      	            (33, 0.3518181818181818),
INFO:flwr:	            (33, 0.3518181818181818),
[92mINFO [0m:      	            (34, 0.3445454545454545),
INFO:flwr:	            (34, 0.3445454545454545),
[92mINFO [0m:      	            (35, 0.31363636363636366),
INFO:flwr:	            (35, 0.31363636363636366),
[92mINFO [0m:      	            (36, 0.36),
INFO:flwr:	            (36, 0.36),
[92mINFO [0m:      	            (37, 0.3154545454545454),
INFO:flwr:	            (37, 0.3154545454545454),
[92mINFO [0m:      	            (38, 0.3118181818181818),
INFO:flwr:	            (38, 0.3118181818181818),
[92mINFO [0m:      	            (39, 0.35545454545454547),
INFO:flwr:	            (39, 0.35545454545454547),
[92mINFO [0m:      	            (40, 0.3281818181818182),
INFO:flwr:	            (40, 0.3281818181818182),
[92mINFO [0m:      	            (41, 0.3481818181818182),
INFO:flwr:	            (41, 0.3481818181818182),
[92mINFO [0m:      	            (42, 0.32181818181818184),
INFO:flwr:	            (42, 0.32181818181818184),
[92mINFO [0m:      	            (43, 0.2927272727272727),
INFO:flwr:	            (43, 0.2927272727272727),
[92mINFO [0m:      	            (44, 0.2818181818181818),
INFO:flwr:	            (44, 0.2818181818181818),
[92mINFO [0m:      	            (45, 0.30363636363636365),
INFO:flwr:	            (45, 0.30363636363636365),
[92mINFO [0m:      	            (46, 0.29727272727272736),
INFO:flwr:	            (46, 0.29727272727272736),
[92mINFO [0m:      	            (47, 0.2936363636363637),
INFO:flwr:	            (47, 0.2936363636363637),
[92mINFO [0m:      	            (48, 0.31363636363636366),
INFO:flwr:	            (48, 0.31363636363636366),
[92mINFO [0m:      	            (49, 0.29727272727272736),
INFO:flwr:	            (49, 0.29727272727272736),
[92mINFO [0m:      	            (50, 0.2772727272727273)]}
INFO:flwr:	            (50, 0.2772727272727273)]}
[92mINFO [0m:      
INFO:flwr:

Training complete in 658.1s (13.2s/round)

[Ray cleanup] Shutting down Ray...
[36m(ClientAppActor pid=280105)[0m [Client 7] Training on NVIDIA GeForce RTX 3060
[36m(ClientAppActor pid=280109)[0m [93mWARNING [0m:   DEPRECATED FEATURE: `client_fn` now expects a signature `def client_fn(context: Context)`.The provided `client_fn` has signature: {'cid': <Parameter "cid: str">}. You can import the `Context` like this: `from flwr.app import Context`[32m [repeated 11x across cluster][0m
[36m(ClientAppActor pid=280109)[0m             This is a deprecated feature. It will be removed[32m [repeated 11x across cluster][0m
[36m(ClientAppActor pid=280109)[0m             entirely in future versions of Flower.[32m [repeated 11x across cluster][0m
[Ray cleanup] Ray shutdown complete.
Metrics saved to: ./results/seed_53/Attack_SignFlip_10pct.json
Model checkpoint saved to: ./results/seed_53/models/Attack_SignFlip_10pct.pt
