
==============================================================================
EXPERIMENT: Ablation_NoL1_ModelReplace20pct
SEED:       52
STARTED:    2026-09-16T00:06:42+00:00
TIMEOUT:    180.0 min
COMMAND:
/app/.venv/bin/python train.py --num-clients 10 --num-rounds 50 --nrows 150000 --batch-size 512 --epochs-per-round 10 --results-dir ./results/seed_52 --save-model ./results/seed_52/models/Ablation_NoL1_ModelReplace20pct.pt --seed 52 --run-label Ablation_NoL1_ModelReplace20pct --disable-layer1 --num-adversaries 2 --attack-type model_replace
==============================================================================
Device: cuda
  GPU: NVIDIA GeForce RTX 3060
  VRAM: 12.9 GB

Loading data from: ./data/raw
/app/.venv/lib/python3.14/site-packages/numpy/lib/_function_base_impl.py:3036: RuntimeWarning: invalid value encountered in divide
  c /= stddev[:, None]
/app/.venv/lib/python3.14/site-packages/numpy/lib/_function_base_impl.py:3037: RuntimeWarning: invalid value encountered in divide
  c /= stddev[None, :]
/app/data/loader.py:132: PerformanceWarning: DataFrame is highly fragmented.  This is usually the result of calling `frame.insert` many times, which has poor performance.  Consider joining all columns at once using pd.concat(axis=1) instead. To get a de-fragmented frame, use `newframe = frame.copy()`
  X_df["uid_fraud_mean"] = y_series.groupby(by=uid_series).transform("mean").values
/app/data/loader.py:133: PerformanceWarning: DataFrame is highly fragmented.  This is usually the result of calling `frame.insert` many times, which has poor performance.  Consider joining all columns at once using pd.concat(axis=1) instead. To get a de-fragmented frame, use `newframe = frame.copy()`
  X_df["uid_count"]      = uid_series.groupby(by=uid_series).transform("count").astype(np.float32).values
/app/data/loader.py:134: PerformanceWarning: DataFrame is highly fragmented.  This is usually the result of calling `frame.insert` many times, which has poor performance.  Consider joining all columns at once using pd.concat(axis=1) instead. To get a de-fragmented frame, use `newframe = frame.copy()`
  X_df["uid_amt_mean"]   = amt_series.groupby(by=uid_series).transform("mean").astype(np.float32).values
/app/data/loader.py:135: PerformanceWarning: DataFrame is highly fragmented.  This is usually the result of calling `frame.insert` many times, which has poor performance.  Consider joining all columns at once using pd.concat(axis=1) instead. To get a de-fragmented frame, use `newframe = frame.copy()`
  X_df["uid_amt_std"]    = amt_series.groupby(by=uid_series).transform("std").fillna(0).astype(np.float32).values
/app/data/loader.py:142: PerformanceWarning: DataFrame is highly fragmented.  This is usually the result of calling `frame.insert` many times, which has poor performance.  Consider joining all columns at once using pd.concat(axis=1) instead. To get a de-fragmented frame, use `newframe = frame.copy()`
  X_df["log_TransactionAmt"] = np.log1p(
/app/data/loader.py:147: PerformanceWarning: DataFrame is highly fragmented.  This is usually the result of calling `frame.insert` many times, which has poor performance.  Consider joining all columns at once using pd.concat(axis=1) instead. To get a de-fragmented frame, use `newframe = frame.copy()`
  X_df["amt_uid_ratio"] = (
  Train samples: 120000
  Test samples:  30000
  Input dim: 122
Strategy: CascadeRouter

Starting FL simulation:
  Clients:      10
  Rounds:       50
  Adversaries:  2
  Attack:       model_replace
[93mWARNING [0m:   DEPRECATED FEATURE: flwr.simulation.start_simulation() is deprecated.
	Instead, use the `flwr run` CLI command to start a local simulation in your Flower app, as shown for example below:

		$ flwr new  # Create a new Flower app from a template

		$ flwr run  # Run the Flower app in Simulation Mode

	Using `start_simulation()` is deprecated.

            This is a deprecated feature. It will be removed
            entirely in future versions of Flower.
        
[92mINFO [0m:      Starting Flower simulation, config: num_rounds=50, no round_timeout
2026-09-16 00:07:02,193	INFO worker.py:2024 -- Started a local Ray instance.
[92mINFO [0m:      Flower VCE: Ray initialized with resources: {'accelerator_type:GeForce-RTX-3060': 1.0, 'node:__internal_head__': 1.0, 'CPU': 20.0, 'memory': 4787813991.0, 'node:172.18.0.2': 1.0, 'GPU': 1.0, 'object_store_memory': 2051920281.0}
[92mINFO [0m:      Optimize your simulation with Flower VCE: https://flower.ai/docs/framework/how-to-run-simulations.html
[92mINFO [0m:      Flower VCE: Resources for each Virtual Client: {'num_cpus': 10, 'num_gpus': 0.5}
[92mINFO [0m:      Flower VCE: Creating VirtualClientEngineActorPool with 2 actors
[92mINFO [0m:      [INIT]
[92mINFO [0m:      Requesting initial parameters from one random client
[36m(ClientAppActor pid=254107)[0m [93mWARNING [0m:   DEPRECATED FEATURE: `client_fn` now expects a signature `def client_fn(context: Context)`.The provided `client_fn` has signature: {'cid': <Parameter "cid: str">}. You can import the `Context` like this: `from flwr.app import Context`
[36m(ClientAppActor pid=254107)[0m 
[36m(ClientAppActor pid=254107)[0m             This is a deprecated feature. It will be removed
[36m(ClientAppActor pid=254107)[0m             entirely in future versions of Flower.
[36m(ClientAppActor pid=254107)[0m         
[92mINFO [0m:      Received initial parameters from one random client
[92mINFO [0m:      Starting evaluation of initial global parameters
[92mINFO [0m:      Evaluation returned no results (`None`)
[92mINFO [0m:      
[92mINFO [0m:      [ROUND 1]
[92mINFO [0m:      configure_fit: strategy sampled 10 clients (out of 10)
[36m(ClientAppActor pid=254107)[0m [93mWARNING [0m:   DEPRECATED FEATURE: `client_fn` now expects a signature `def client_fn(context: Context)`.The provided `client_fn` has signature: {'cid': <Parameter "cid: str">}. You can import the `Context` like this: `from flwr.app import Context`
[36m(ClientAppActor pid=254107)[0m 
[36m(ClientAppActor pid=254107)[0m             This is a deprecated feature. It will be removed
[36m(ClientAppActor pid=254107)[0m             entirely in future versions of Flower.
[36m(ClientAppActor pid=254107)[0m         
[36m(ClientAppActor pid=254107)[0m [Client 0] Training on NVIDIA GeForce RTX 3060
[36m(ClientAppActor pid=254104)[0m 
[36m(ClientAppActor pid=254104)[0m         
[36m(ClientAppActor pid=254104)[0m 
[36m(ClientAppActor pid=254104)[0m         
[36m(ClientAppActor pid=254104)[0m 
[36m(ClientAppActor pid=254104)[0m         
[36m(ClientAppActor pid=254107)[0m 
[36m(ClientAppActor pid=254107)[0m         
[36m(ClientAppActor pid=254107)[0m [93mWARNING [0m:   DEPRECATED FEATURE: `client_fn` now expects a signature `def client_fn(context: Context)`.The provided `client_fn` has signature: {'cid': <Parameter "cid: str">}. You can import the `Context` like this: `from flwr.app import Context`[32m [repeated 4x across cluster] (Ray deduplicates logs by default. Set RAY_DEDUP_LOGS=0 to disable log deduplication, or see https://docs.ray.io/en/master/ray-observability/user-guides/configure-logging.html#log-deduplication for more options.)[0m
[36m(ClientAppActor pid=254107)[0m             This is a deprecated feature. It will be removed[32m [repeated 4x across cluster][0m
[36m(ClientAppActor pid=254107)[0m             entirely in future versions of Flower.[32m [repeated 4x across cluster][0m
[36m(ClientAppActor pid=254107)[0m [Client 5] Training on NVIDIA GeForce RTX 3060[32m [repeated 4x across cluster][0m
[36m(ClientAppActor pid=254104)[0m 
[36m(ClientAppActor pid=254104)[0m         
[36m(ClientAppActor pid=254104)[0m 
[36m(ClientAppActor pid=254104)[0m         
[36m(ClientAppActor pid=254104)[0m [93mWARNING [0m:   DEPRECATED FEATURE: `client_fn` now expects a signature `def client_fn(context: Context)`.The provided `client_fn` has signature: {'cid': <Parameter "cid: str">}. You can import the `Context` like this: `from flwr.app import Context`[32m [repeated 2x across cluster][0m
[36m(ClientAppActor pid=254104)[0m             This is a deprecated feature. It will be removed[32m [repeated 2x across cluster][0m
[36m(ClientAppActor pid=254104)[0m             entirely in future versions of Flower.[32m [repeated 2x across cluster][0m
[36m(ClientAppActor pid=254104)[0m [Client 8] Training on NVIDIA GeForce RTX 3060[32m [repeated 2x across cluster][0m
[36m(ClientAppActor pid=254107)[0m 
[36m(ClientAppActor pid=254107)[0m         
[36m(ClientAppActor pid=254107)[0m 
[36m(ClientAppActor pid=254107)[0m         
[36m(ClientAppActor pid=254107)[0m 
[36m(ClientAppActor pid=254107)[0m         
[92mINFO [0m:      aggregate_fit: received 10 results and 0 failures
[CascadeRouter] Round 1: 10 clients, 24578 parameters/client
[92mINFO [0m:      configure_evaluate: strategy sampled 10 clients (out of 10)
INFO:flwr:configure_evaluate: strategy sampled 10 clients (out of 10)
[36m(ClientAppActor pid=254107)[0m 
[36m(ClientAppActor pid=254107)[0m         
[36m(ClientAppActor pid=254104)[0m 
[36m(ClientAppActor pid=254104)[0m         
[36m(ClientAppActor pid=254107)[0m 
[36m(ClientAppActor pid=254107)[0m         
[36m(ClientAppActor pid=254104)[0m 
[36m(ClientAppActor pid=254104)[0m         
[36m(ClientAppActor pid=254107)[0m 
[36m(ClientAppActor pid=254107)[0m         
[36m(ClientAppActor pid=254104)[0m 
[36m(ClientAppActor pid=254104)[0m         
[36m(ClientAppActor pid=254107)[0m 
[36m(ClientAppActor pid=254107)[0m         
[36m(ClientAppActor pid=254104)[0m 
[36m(ClientAppActor pid=254104)[0m         
[36m(ClientAppActor pid=254107)[0m 
[36m(ClientAppActor pid=254107)[0m         
[36m(ClientAppActor pid=254104)[0m 
[36m(ClientAppActor pid=254104)[0m         
[92mINFO [0m:      aggregate_evaluate: received 10 results and 0 failures
INFO:flwr:aggregate_evaluate: received 10 results and 0 failures
[92mINFO [0m:      
INFO:flwr:
[92mINFO [0m:      [ROUND 2]
INFO:flwr:[ROUND 2]
[92mINFO [0m:      configure_fit: strategy sampled 10 clients (out of 10)
INFO:flwr:configure_fit: strategy sampled 10 clients (out of 10)
[36m(ClientAppActor pid=254107)[0m 
[36m(ClientAppActor pid=254107)[0m         
[36m(ClientAppActor pid=254107)[0m [93mWARNING [0m:   DEPRECATED FEATURE: `client_fn` now expects a signature `def client_fn(context: Context)`.The provided `client_fn` has signature: {'cid': <Parameter "cid: str">}. You can import the `Context` like this: `from flwr.app import Context`[32m [repeated 14x across cluster][0m
[36m(ClientAppActor pid=254107)[0m             This is a deprecated feature. It will be removed[32m [repeated 14x across cluster][0m
[36m(ClientAppActor pid=254107)[0m             entirely in future versions of Flower.[32m [repeated 14x across cluster][0m
[36m(ClientAppActor pid=254104)[0m 
[36m(ClientAppActor pid=254104)[0m         
[36m(ClientAppActor pid=254104)[0m [Client 7] Training on NVIDIA GeForce RTX 3060[32m [repeated 4x across cluster][0m
[36m(ClientAppActor pid=254104)[0m 
[36m(ClientAppActor pid=254104)[0m         
[36m(ClientAppActor pid=254104)[0m 
[36m(ClientAppActor pid=254104)[0m         
[36m(ClientAppActor pid=254104)[0m 
[36m(ClientAppActor pid=254104)[0m         
[36m(ClientAppActor pid=254104)[0m [93mWARNING [0m:   DEPRECATED FEATURE: `client_fn` now expects a signature `def client_fn(context: Context)`.The provided `client_fn` has signature: {'cid': <Parameter "cid: str">}. You can import the `Context` like this: `from flwr.app import Context`[32m [repeated 4x across cluster][0m
[36m(ClientAppActor pid=254104)[0m             This is a deprecated feature. It will be removed[32m [repeated 4x across cluster][0m
[36m(ClientAppActor pid=254104)[0m             entirely in future versions of Flower.[32m [repeated 4x across cluster][0m
[36m(ClientAppActor pid=254104)[0m [Client 9] Training on NVIDIA GeForce RTX 3060[32m [repeated 4x across cluster][0m
[36m(ClientAppActor pid=254104)[0m 
[36m(ClientAppActor pid=254104)[0m         
[36m(ClientAppActor pid=254104)[0m 
[36m(ClientAppActor pid=254104)[0m         
[36m(ClientAppActor pid=254107)[0m 
[36m(ClientAppActor pid=254107)[0m         
[36m(ClientAppActor pid=254107)[0m 
[36m(ClientAppActor pid=254107)[0m         
[36m(ClientAppActor pid=254104)[0m 
[36m(ClientAppActor pid=254104)[0m         
[92mINFO [0m:      aggregate_fit: received 10 results and 0 failures
INFO:flwr:aggregate_fit: received 10 results and 0 failures
[CascadeRouter] Round 2: 10 clients, 24578 parameters/client
[92mINFO [0m:      configure_evaluate: strategy sampled 10 clients (out of 10)
INFO:flwr:configure_evaluate: strategy sampled 10 clients (out of 10)
[36m(ClientAppActor pid=254104)[0m 
[36m(ClientAppActor pid=254104)[0m         
[36m(ClientAppActor pid=254104)[0m [93mWARNING [0m:   DEPRECATED FEATURE: `client_fn` now expects a signature `def client_fn(context: Context)`.The provided `client_fn` has signature: {'cid': <Parameter "cid: str">}. You can import the `Context` like this: `from flwr.app import Context`[32m [repeated 6x across cluster][0m
[36m(ClientAppActor pid=254104)[0m             This is a deprecated feature. It will be removed[32m [repeated 6x across cluster][0m
[36m(ClientAppActor pid=254104)[0m             entirely in future versions of Flower.[32m [repeated 6x across cluster][0m
[36m(ClientAppActor pid=254107)[0m 
[36m(ClientAppActor pid=254107)[0m         
[36m(ClientAppActor pid=254107)[0m 
[36m(ClientAppActor pid=254107)[0m         
[36m(ClientAppActor pid=254104)[0m 
[36m(ClientAppActor pid=254104)[0m         
[36m(ClientAppActor pid=254104)[0m 
[36m(ClientAppActor pid=254104)[0m         
[36m(ClientAppActor pid=254107)[0m 
[36m(ClientAppActor pid=254107)[0m         
[36m(ClientAppActor pid=254104)[0m 
[36m(ClientAppActor pid=254104)[0m         
[36m(ClientAppActor pid=254107)[0m 
[36m(ClientAppActor pid=254107)[0m         
[36m(ClientAppActor pid=254107)[0m 
[36m(ClientAppActor pid=254107)[0m         
[36m(ClientAppActor pid=254104)[0m 
[36m(ClientAppActor pid=254104)[0m         
[92mINFO [0m:      aggregate_evaluate: received 10 results and 0 failures
INFO:flwr:aggregate_evaluate: received 10 results and 0 failures
[92mINFO [0m:      
INFO:flwr:
[92mINFO [0m:      [ROUND 3]
INFO:flwr:[ROUND 3]
[92mINFO [0m:      configure_fit: strategy sampled 10 clients (out of 10)
INFO:flwr:configure_fit: strategy sampled 10 clients (out of 10)
[36m(ClientAppActor pid=254107)[0m 
[36m(ClientAppActor pid=254107)[0m         
[36m(ClientAppActor pid=254104)[0m 
[36m(ClientAppActor pid=254104)[0m         
[36m(ClientAppActor pid=254107)[0m [Client 9] Training on NVIDIA GeForce RTX 3060[32m [repeated 6x across cluster][0m
[36m(ClientAppActor pid=254107)[0m 
[36m(ClientAppActor pid=254107)[0m         
[36m(ClientAppActor pid=254104)[0m 
[36m(ClientAppActor pid=254104)[0m         
[36m(ClientAppActor pid=254107)[0m 
[36m(ClientAppActor pid=254107)[0m         
[36m(ClientAppActor pid=254107)[0m 
[36m(ClientAppActor pid=254107)[0m         
[36m(ClientAppActor pid=254107)[0m 
[36m(ClientAppActor pid=254107)[0m         
[36m(ClientAppActor pid=254104)[0m 
[36m(ClientAppActor pid=254104)[0m         
[36m(ClientAppActor pid=254104)[0m [93mWARNING [0m:   DEPRECATED FEATURE: `client_fn` now expects a signature `def client_fn(context: Context)`.The provided `client_fn` has signature: {'cid': <Parameter "cid: str">}. You can import the `Context` like this: `from flwr.app import Context`[32m [repeated 17x across cluster][0m
[36m(ClientAppActor pid=254104)[0m             This is a deprecated feature. It will be removed[32m [repeated 17x across cluster][0m
[36m(ClientAppActor pid=254104)[0m             entirely in future versions of Flower.[32m [repeated 17x across cluster][0m
[36m(ClientAppActor pid=254104)[0m 
[36m(ClientAppActor pid=254104)[0m         
[36m(ClientAppActor pid=254104)[0m [Client 5] Training on NVIDIA GeForce RTX 3060[32m [repeated 8x across cluster][0m
[36m(ClientAppActor pid=254107)[0m 
[36m(ClientAppActor pid=254107)[0m         
[92mINFO [0m:      aggregate_fit: received 10 results and 0 failures
INFO:flwr:aggregate_fit: received 10 results and 0 failures
[CascadeRouter] Round 3: 10 clients, 24578 parameters/client
[92mINFO [0m:      configure_evaluate: strategy sampled 10 clients (out of 10)
INFO:flwr:configure_evaluate: strategy sampled 10 clients (out of 10)
[36m(ClientAppActor pid=254104)[0m 
[36m(ClientAppActor pid=254104)[0m         
[36m(ClientAppActor pid=254104)[0m [93mWARNING [0m:   DEPRECATED FEATURE: `client_fn` now expects a signature `def client_fn(context: Context)`.The provided `client_fn` has signature: {'cid': <Parameter "cid: str">}. You can import the `Context` like this: `from flwr.app import Context`[32m [repeated 3x across cluster][0m
[36m(ClientAppActor pid=254104)[0m             This is a deprecated feature. It will be removed[32m [repeated 3x across cluster][0m
[36m(ClientAppActor pid=254104)[0m             entirely in future versions of Flower.[32m [repeated 3x across cluster][0m
[36m(ClientAppActor pid=254107)[0m 
[36m(ClientAppActor pid=254107)[0m         
[36m(ClientAppActor pid=254104)[0m 
[36m(ClientAppActor pid=254104)[0m         
[36m(ClientAppActor pid=254107)[0m 
[36m(ClientAppActor pid=254107)[0m         
[36m(ClientAppActor pid=254107)[0m 
[36m(ClientAppActor pid=254107)[0m         
[36m(ClientAppActor pid=254104)[0m 
[36m(ClientAppActor pid=254104)[0m         
[36m(ClientAppActor pid=254104)[0m 
[36m(ClientAppActor pid=254104)[0m         
[36m(ClientAppActor pid=254107)[0m 
[36m(ClientAppActor pid=254107)[0m         
[36m(ClientAppActor pid=254104)[0m 
[36m(ClientAppActor pid=254104)[0m         
[36m(ClientAppActor pid=254107)[0m 
[36m(ClientAppActor pid=254107)[0m         
[92mINFO [0m:      aggregate_evaluate: received 10 results and 0 failures
INFO:flwr:aggregate_evaluate: received 10 results and 0 failures
[92mINFO [0m:      
INFO:flwr:
[92mINFO [0m:      [ROUND 4]
INFO:flwr:[ROUND 4]
[92mINFO [0m:      configure_fit: strategy sampled 10 clients (out of 10)
INFO:flwr:configure_fit: strategy sampled 10 clients (out of 10)
[36m(ClientAppActor pid=254107)[0m 
[36m(ClientAppActor pid=254107)[0m         
[36m(ClientAppActor pid=254104)[0m 
[36m(ClientAppActor pid=254104)[0m         
[36m(ClientAppActor pid=254107)[0m [Client 2] Training on NVIDIA GeForce RTX 3060[32m [repeated 2x across cluster][0m
[36m(ClientAppActor pid=254104)[0m 
[36m(ClientAppActor pid=254104)[0m         
[36m(ClientAppActor pid=254107)[0m 
[36m(ClientAppActor pid=254107)[0m         
[36m(ClientAppActor pid=254104)[0m 
[36m(ClientAppActor pid=254104)[0m         
[36m(ClientAppActor pid=254104)[0m 
[36m(ClientAppActor pid=254104)[0m         
[36m(ClientAppActor pid=254107)[0m 
[36m(ClientAppActor pid=254107)[0m         
[36m(ClientAppActor pid=254104)[0m 
[36m(ClientAppActor pid=254104)[0m         
[36m(ClientAppActor pid=254107)[0m 
[36m(ClientAppActor pid=254107)[0m         
[36m(ClientAppActor pid=254107)[0m [93mWARNING [0m:   DEPRECATED FEATURE: `client_fn` now expects a signature `def client_fn(context: Context)`.The provided `client_fn` has signature: {'cid': <Parameter "cid: str">}. You can import the `Context` like this: `from flwr.app import Context`[32m [repeated 18x across cluster][0m
[36m(ClientAppActor pid=254107)[0m             This is a deprecated feature. It will be removed[32m [repeated 18x across cluster][0m
[36m(ClientAppActor pid=254107)[0m             entirely in future versions of Flower.[32m [repeated 18x across cluster][0m
[36m(ClientAppActor pid=254107)[0m [Client 3] Training on NVIDIA GeForce RTX 3060[32m [repeated 8x across cluster][0m
[36m(ClientAppActor pid=254104)[0m 
[36m(ClientAppActor pid=254104)[0m         
[92mINFO [0m:      aggregate_fit: received 10 results and 0 failures
INFO:flwr:aggregate_fit: received 10 results and 0 failures
[CascadeRouter] Round 4: 10 clients, 24578 parameters/client
[92mINFO [0m:      configure_evaluate: strategy sampled 10 clients (out of 10)
INFO:flwr:configure_evaluate: strategy sampled 10 clients (out of 10)
[36m(ClientAppActor pid=254107)[0m 
[36m(ClientAppActor pid=254107)[0m         
[36m(ClientAppActor pid=254107)[0m [93mWARNING [0m:   DEPRECATED FEATURE: `client_fn` now expects a signature `def client_fn(context: Context)`.The provided `client_fn` has signature: {'cid': <Parameter "cid: str">}. You can import the `Context` like this: `from flwr.app import Context`[32m [repeated 2x across cluster][0m
[36m(ClientAppActor pid=254107)[0m             This is a deprecated feature. It will be removed[32m [repeated 2x across cluster][0m
[36m(ClientAppActor pid=254107)[0m             entirely in future versions of Flower.[32m [repeated 2x across cluster][0m
[36m(ClientAppActor pid=254104)[0m 
[36m(ClientAppActor pid=254104)[0m         
[36m(ClientAppActor pid=254104)[0m 
[36m(ClientAppActor pid=254104)[0m         
[36m(ClientAppActor pid=254107)[0m 
[36m(ClientAppActor pid=254107)[0m         
[36m(ClientAppActor pid=254104)[0m 
[36m(ClientAppActor pid=254104)[0m         
[36m(ClientAppActor pid=254107)[0m 
[36m(ClientAppActor pid=254107)[0m         
[36m(ClientAppActor pid=254104)[0m 
[36m(ClientAppActor pid=254104)[0m         
[36m(ClientAppActor pid=254107)[0m 
[36m(ClientAppActor pid=254107)[0m         
[36m(ClientAppActor pid=254104)[0m 
[36m(ClientAppActor pid=254104)[0m         
[36m(ClientAppActor pid=254107)[0m 
[36m(ClientAppActor pid=254107)[0m         
[92mINFO [0m:      aggregate_evaluate: received 10 results and 0 failures
INFO:flwr:aggregate_evaluate: received 10 results and 0 failures
[92mINFO [0m:      
INFO:flwr:
[92mINFO [0m:      [ROUND 5]
INFO:flwr:[ROUND 5]
[92mINFO [0m:      configure_fit: strategy sampled 10 clients (out of 10)
INFO:flwr:configure_fit: strategy sampled 10 clients (out of 10)
[36m(ClientAppActor pid=254107)[0m 
[36m(ClientAppActor pid=254107)[0m         
[36m(ClientAppActor pid=254107)[0m [Client 9] Training on NVIDIA GeForce RTX 3060[32m [repeated 2x across cluster][0m
[36m(ClientAppActor pid=254104)[0m 
[36m(ClientAppActor pid=254104)[0m         
[36m(ClientAppActor pid=254107)[0m 
[36m(ClientAppActor pid=254107)[0m         
[36m(ClientAppActor pid=254104)[0m 
[36m(ClientAppActor pid=254104)[0m         
[36m(ClientAppActor pid=254107)[0m 
[36m(ClientAppActor pid=254107)[0m         
[36m(ClientAppActor pid=254104)[0m 
[36m(ClientAppActor pid=254104)[0m         
[36m(ClientAppActor pid=254107)[0m 
[36m(ClientAppActor pid=254107)[0m         
[36m(ClientAppActor pid=254107)[0m [93mWARNING [0m:   DEPRECATED FEATURE: `client_fn` now expects a signature `def client_fn(context: Context)`.The provided `client_fn` has signature: {'cid': <Parameter "cid: str">}. You can import the `Context` like this: `from flwr.app import Context`[32m [repeated 16x across cluster][0m
[36m(ClientAppActor pid=254107)[0m             This is a deprecated feature. It will be removed[32m [repeated 16x across cluster][0m
[36m(ClientAppActor pid=254107)[0m             entirely in future versions of Flower.[32m [repeated 16x across cluster][0m
[36m(ClientAppActor pid=254104)[0m 
[36m(ClientAppActor pid=254104)[0m         
[36m(ClientAppActor pid=254104)[0m [Client 0] Training on NVIDIA GeForce RTX 3060[32m [repeated 7x across cluster][0m
[36m(ClientAppActor pid=254104)[0m 
[36m(ClientAppActor pid=254104)[0m         
[36m(ClientAppActor pid=254107)[0m 
[36m(ClientAppActor pid=254107)[0m         
[36m(ClientAppActor pid=254107)[0m [93mWARNING [0m:   DEPRECATED FEATURE: `client_fn` now expects a signature `def client_fn(context: Context)`.The provided `client_fn` has signature: {'cid': <Parameter "cid: str">}. You can import the `Context` like this: `from flwr.app import Context`[32m [repeated 3x across cluster][0m
[36m(ClientAppActor pid=254107)[0m             This is a deprecated feature. It will be removed[32m [repeated 3x across cluster][0m
[36m(ClientAppActor pid=254107)[0m             entirely in future versions of Flower.[32m [repeated 3x across cluster][0m
[92mINFO [0m:      aggregate_fit: received 10 results and 0 failures
INFO:flwr:aggregate_fit: received 10 results and 0 failures
[CascadeRouter] Round 5: 10 clients, 24578 parameters/client
[92mINFO [0m:      configure_evaluate: strategy sampled 10 clients (out of 10)
INFO:flwr:configure_evaluate: strategy sampled 10 clients (out of 10)
[36m(ClientAppActor pid=254104)[0m 
[36m(ClientAppActor pid=254104)[0m         
[36m(ClientAppActor pid=254107)[0m 
[36m(ClientAppActor pid=254107)[0m         
[36m(ClientAppActor pid=254107)[0m 
[36m(ClientAppActor pid=254107)[0m         
[36m(ClientAppActor pid=254104)[0m 
[36m(ClientAppActor pid=254104)[0m         
[36m(ClientAppActor pid=254107)[0m 
[36m(ClientAppActor pid=254107)[0m         
[36m(ClientAppActor pid=254104)[0m 
[36m(ClientAppActor pid=254104)[0m         
[36m(ClientAppActor pid=254104)[0m 
[36m(ClientAppActor pid=254104)[0m         
[36m(ClientAppActor pid=254107)[0m 
[36m(ClientAppActor pid=254107)[0m         
[36m(ClientAppActor pid=254107)[0m 
[36m(ClientAppActor pid=254107)[0m         
[36m(ClientAppActor pid=254104)[0m 
[36m(ClientAppActor pid=254104)[0m         
[92mINFO [0m:      aggregate_evaluate: received 10 results and 0 failures
INFO:flwr:aggregate_evaluate: received 10 results and 0 failures
[92mINFO [0m:      
INFO:flwr:
[92mINFO [0m:      [ROUND 6]
INFO:flwr:[ROUND 6]
[92mINFO [0m:      configure_fit: strategy sampled 10 clients (out of 10)
INFO:flwr:configure_fit: strategy sampled 10 clients (out of 10)
[36m(ClientAppActor pid=254107)[0m 
[36m(ClientAppActor pid=254107)[0m         
[36m(ClientAppActor pid=254107)[0m [Client 1] Training on NVIDIA GeForce RTX 3060[32m [repeated 3x across cluster][0m
[36m(ClientAppActor pid=254104)[0m 
[36m(ClientAppActor pid=254104)[0m         
[36m(ClientAppActor pid=254104)[0m 
[36m(ClientAppActor pid=254104)[0m         
[36m(ClientAppActor pid=254107)[0m 
[36m(ClientAppActor pid=254107)[0m         
[36m(ClientAppActor pid=254107)[0m [93mWARNING [0m:   DEPRECATED FEATURE: `client_fn` now expects a signature `def client_fn(context: Context)`.The provided `client_fn` has signature: {'cid': <Parameter "cid: str">}. You can import the `Context` like this: `from flwr.app import Context`[32m [repeated 14x across cluster][0m
[36m(ClientAppActor pid=254107)[0m             This is a deprecated feature. It will be removed[32m [repeated 14x across cluster][0m
[36m(ClientAppActor pid=254107)[0m             entirely in future versions of Flower.[32m [repeated 14x across cluster][0m
[36m(ClientAppActor pid=254107)[0m 
[36m(ClientAppActor pid=254107)[0m         
[36m(ClientAppActor pid=254104)[0m 
[36m(ClientAppActor pid=254104)[0m         
[36m(ClientAppActor pid=254104)[0m [Client 0] Training on NVIDIA GeForce RTX 3060[32m [repeated 5x across cluster][0m
[36m(ClientAppActor pid=254107)[0m 
[36m(ClientAppActor pid=254107)[0m         
[36m(ClientAppActor pid=254107)[0m 
[36m(ClientAppActor pid=254107)[0m         
[36m(ClientAppActor pid=254104)[0m 
[36m(ClientAppActor pid=254104)[0m         
[36m(ClientAppActor pid=254104)[0m 
[36m(ClientAppActor pid=254104)[0m         
[92mINFO [0m:      aggregate_fit: received 10 results and 0 failures
INFO:flwr:aggregate_fit: received 10 results and 0 failures
[CascadeRouter] Round 6: 10 clients, 24578 parameters/client
[92mINFO [0m:      configure_evaluate: strategy sampled 10 clients (out of 10)
INFO:flwr:configure_evaluate: strategy sampled 10 clients (out of 10)
[36m(ClientAppActor pid=254104)[0m 
[36m(ClientAppActor pid=254104)[0m         
[36m(ClientAppActor pid=254104)[0m [93mWARNING [0m:   DEPRECATED FEATURE: `client_fn` now expects a signature `def client_fn(context: Context)`.The provided `client_fn` has signature: {'cid': <Parameter "cid: str">}. You can import the `Context` like this: `from flwr.app import Context`[32m [repeated 7x across cluster][0m
[36m(ClientAppActor pid=254104)[0m             This is a deprecated feature. It will be removed[32m [repeated 7x across cluster][0m
[36m(ClientAppActor pid=254104)[0m             entirely in future versions of Flower.[32m [repeated 7x across cluster][0m
[36m(ClientAppActor pid=254107)[0m 
[36m(ClientAppActor pid=254107)[0m         
[36m(ClientAppActor pid=254107)[0m 
[36m(ClientAppActor pid=254107)[0m         
[36m(ClientAppActor pid=254104)[0m 
[36m(ClientAppActor pid=254104)[0m         
[36m(ClientAppActor pid=254104)[0m 
[36m(ClientAppActor pid=254104)[0m         
[36m(ClientAppActor pid=254107)[0m 
[36m(ClientAppActor pid=254107)[0m         
[36m(ClientAppActor pid=254104)[0m 
[36m(ClientAppActor pid=254104)[0m         
[36m(ClientAppActor pid=254107)[0m 
[36m(ClientAppActor pid=254107)[0m         
[36m(ClientAppActor pid=254104)[0m 
[36m(ClientAppActor pid=254104)[0m         
[36m(ClientAppActor pid=254107)[0m 
[36m(ClientAppActor pid=254107)[0m         
[92mINFO [0m:      aggregate_evaluate: received 10 results and 0 failures
INFO:flwr:aggregate_evaluate: received 10 results and 0 failures
[92mINFO [0m:      
INFO:flwr:
[92mINFO [0m:      [ROUND 7]
INFO:flwr:[ROUND 7]
[92mINFO [0m:      configure_fit: strategy sampled 10 clients (out of 10)
INFO:flwr:configure_fit: strategy sampled 10 clients (out of 10)
[36m(ClientAppActor pid=254107)[0m 
[36m(ClientAppActor pid=254107)[0m         
[36m(ClientAppActor pid=254107)[0m [Client 0] Training on NVIDIA GeForce RTX 3060[32m [repeated 5x across cluster][0m
[36m(ClientAppActor pid=254104)[0m 
[36m(ClientAppActor pid=254104)[0m         
[36m(ClientAppActor pid=254104)[0m 
[36m(ClientAppActor pid=254104)[0m         
[36m(ClientAppActor pid=254104)[0m 
[36m(ClientAppActor pid=254104)[0m         
[36m(ClientAppActor pid=254107)[0m 
[36m(ClientAppActor pid=254107)[0m         
[36m(ClientAppActor pid=254107)[0m 
[36m(ClientAppActor pid=254107)[0m         
[36m(ClientAppActor pid=254104)[0m 
[36m(ClientAppActor pid=254104)[0m         
[36m(ClientAppActor pid=254107)[0m 
[36m(ClientAppActor pid=254107)[0m         
[36m(ClientAppActor pid=254107)[0m [93mWARNING [0m:   DEPRECATED FEATURE: `client_fn` now expects a signature `def client_fn(context: Context)`.The provided `client_fn` has signature: {'cid': <Parameter "cid: str">}. You can import the `Context` like this: `from flwr.app import Context`[32m [repeated 17x across cluster][0m
[36m(ClientAppActor pid=254107)[0m             This is a deprecated feature. It will be removed[32m [repeated 17x across cluster][0m
[36m(ClientAppActor pid=254107)[0m             entirely in future versions of Flower.[32m [repeated 17x across cluster][0m
[36m(ClientAppActor pid=254107)[0m [Client 5] Training on NVIDIA GeForce RTX 3060[32m [repeated 7x across cluster][0m
[36m(ClientAppActor pid=254104)[0m 
[36m(ClientAppActor pid=254104)[0m         
[36m(ClientAppActor pid=254104)[0m 
[36m(ClientAppActor pid=254104)[0m         
[92mINFO [0m:      aggregate_fit: received 10 results and 0 failures
INFO:flwr:aggregate_fit: received 10 results and 0 failures
[CascadeRouter] Round 7: 10 clients, 24578 parameters/client
[92mINFO [0m:      configure_evaluate: strategy sampled 10 clients (out of 10)
INFO:flwr:configure_evaluate: strategy sampled 10 clients (out of 10)
[36m(ClientAppActor pid=254107)[0m 
[36m(ClientAppActor pid=254107)[0m         
[36m(ClientAppActor pid=254107)[0m [93mWARNING [0m:   DEPRECATED FEATURE: `client_fn` now expects a signature `def client_fn(context: Context)`.The provided `client_fn` has signature: {'cid': <Parameter "cid: str">}. You can import the `Context` like this: `from flwr.app import Context`[32m [repeated 3x across cluster][0m
[36m(ClientAppActor pid=254107)[0m             This is a deprecated feature. It will be removed[32m [repeated 3x across cluster][0m
[36m(ClientAppActor pid=254107)[0m             entirely in future versions of Flower.[32m [repeated 3x across cluster][0m
[36m(ClientAppActor pid=254104)[0m 
[36m(ClientAppActor pid=254104)[0m         
[36m(ClientAppActor pid=254107)[0m 
[36m(ClientAppActor pid=254107)[0m         
[36m(ClientAppActor pid=254104)[0m 
[36m(ClientAppActor pid=254104)[0m         
[36m(ClientAppActor pid=254107)[0m 
[36m(ClientAppActor pid=254107)[0m         
[36m(ClientAppActor pid=254104)[0m 
[36m(ClientAppActor pid=254104)[0m         
[36m(ClientAppActor pid=254107)[0m 
[36m(ClientAppActor pid=254107)[0m         
[36m(ClientAppActor pid=254104)[0m 
[36m(ClientAppActor pid=254104)[0m         
[36m(ClientAppActor pid=254107)[0m 
[36m(ClientAppActor pid=254107)[0m         
[36m(ClientAppActor pid=254104)[0m 
[36m(ClientAppActor pid=254104)[0m         
[92mINFO [0m:      aggregate_evaluate: received 10 results and 0 failures
INFO:flwr:aggregate_evaluate: received 10 results and 0 failures
[92mINFO [0m:      
INFO:flwr:
[92mINFO [0m:      [ROUND 8]
INFO:flwr:[ROUND 8]
[92mINFO [0m:      configure_fit: strategy sampled 10 clients (out of 10)
INFO:flwr:configure_fit: strategy sampled 10 clients (out of 10)
[36m(ClientAppActor pid=254107)[0m 
[36m(ClientAppActor pid=254107)[0m         
[36m(ClientAppActor pid=254104)[0m 
[36m(ClientAppActor pid=254104)[0m         
[36m(ClientAppActor pid=254107)[0m [Client 6] Training on NVIDIA GeForce RTX 3060[32m [repeated 3x across cluster][0m
[36m(ClientAppActor pid=254104)[0m 
[36m(ClientAppActor pid=254104)[0m         
[36m(ClientAppActor pid=254107)[0m 
[36m(ClientAppActor pid=254107)[0m         
[36m(ClientAppActor pid=254104)[0m 
[36m(ClientAppActor pid=254104)[0m         
[36m(ClientAppActor pid=254104)[0m 
[36m(ClientAppActor pid=254104)[0m         
[36m(ClientAppActor pid=254104)[0m [93mWARNING [0m:   DEPRECATED FEATURE: `client_fn` now expects a signature `def client_fn(context: Context)`.The provided `client_fn` has signature: {'cid': <Parameter "cid: str">}. You can import the `Context` like this: `from flwr.app import Context`[32m [repeated 15x across cluster][0m
[36m(ClientAppActor pid=254104)[0m             This is a deprecated feature. It will be removed[32m [repeated 15x across cluster][0m
[36m(ClientAppActor pid=254104)[0m             entirely in future versions of Flower.[32m [repeated 15x across cluster][0m
[36m(ClientAppActor pid=254104)[0m [Client 0] Training on NVIDIA GeForce RTX 3060[32m [repeated 5x across cluster][0m
[36m(ClientAppActor pid=254107)[0m 
[36m(ClientAppActor pid=254107)[0m         
[36m(ClientAppActor pid=254104)[0m 
[36m(ClientAppActor pid=254104)[0m         
[36m(ClientAppActor pid=254107)[0m 
[36m(ClientAppActor pid=254107)[0m         
[36m(ClientAppActor pid=254104)[0m 
[36m(ClientAppActor pid=254104)[0m         
[92mINFO [0m:      aggregate_fit: received 10 results and 0 failures
INFO:flwr:aggregate_fit: received 10 results and 0 failures
[CascadeRouter] Round 8: 10 clients, 24578 parameters/client
[92mINFO [0m:      configure_evaluate: strategy sampled 10 clients (out of 10)
INFO:flwr:configure_evaluate: strategy sampled 10 clients (out of 10)
[36m(ClientAppActor pid=254107)[0m 
[36m(ClientAppActor pid=254107)[0m         
[36m(ClientAppActor pid=254107)[0m [93mWARNING [0m:   DEPRECATED FEATURE: `client_fn` now expects a signature `def client_fn(context: Context)`.The provided `client_fn` has signature: {'cid': <Parameter "cid: str">}. You can import the `Context` like this: `from flwr.app import Context`[32m [repeated 5x across cluster][0m
[36m(ClientAppActor pid=254107)[0m             This is a deprecated feature. It will be removed[32m [repeated 5x across cluster][0m
[36m(ClientAppActor pid=254107)[0m             entirely in future versions of Flower.[32m [repeated 5x across cluster][0m
[36m(ClientAppActor pid=254104)[0m 
[36m(ClientAppActor pid=254104)[0m         
[36m(ClientAppActor pid=254104)[0m 
[36m(ClientAppActor pid=254104)[0m         
[36m(ClientAppActor pid=254107)[0m 
[36m(ClientAppActor pid=254107)[0m         
[36m(ClientAppActor pid=254107)[0m 
[36m(ClientAppActor pid=254107)[0m         
[36m(ClientAppActor pid=254104)[0m 
[36m(ClientAppActor pid=254104)[0m         
[36m(ClientAppActor pid=254104)[0m 
[36m(ClientAppActor pid=254104)[0m         
[36m(ClientAppActor pid=254107)[0m 
[36m(ClientAppActor pid=254107)[0m         
[36m(ClientAppActor pid=254104)[0m 
[36m(ClientAppActor pid=254104)[0m         
[36m(ClientAppActor pid=254107)[0m 
[36m(ClientAppActor pid=254107)[0m         
[92mINFO [0m:      aggregate_evaluate: received 10 results and 0 failures
INFO:flwr:aggregate_evaluate: received 10 results and 0 failures
[92mINFO [0m:      
INFO:flwr:
[92mINFO [0m:      [ROUND 9]
INFO:flwr:[ROUND 9]
[92mINFO [0m:      configure_fit: strategy sampled 10 clients (out of 10)
INFO:flwr:configure_fit: strategy sampled 10 clients (out of 10)
[36m(ClientAppActor pid=254107)[0m 
[36m(ClientAppActor pid=254107)[0m         
[36m(ClientAppActor pid=254107)[0m [Client 6] Training on NVIDIA GeForce RTX 3060[32m [repeated 5x across cluster][0m
[36m(ClientAppActor pid=254104)[0m 
[36m(ClientAppActor pid=254104)[0m         
[36m(ClientAppActor pid=254107)[0m 
[36m(ClientAppActor pid=254107)[0m         
[36m(ClientAppActor pid=254107)[0m 
[36m(ClientAppActor pid=254107)[0m         
[36m(ClientAppActor pid=254104)[0m 
[36m(ClientAppActor pid=254104)[0m         
[36m(ClientAppActor pid=254107)[0m 
[36m(ClientAppActor pid=254107)[0m         
[36m(ClientAppActor pid=254104)[0m 
[36m(ClientAppActor pid=254104)[0m         
[36m(ClientAppActor pid=254104)[0m 
[36m(ClientAppActor pid=254104)[0m         
[36m(ClientAppActor pid=254104)[0m [93mWARNING [0m:   DEPRECATED FEATURE: `client_fn` now expects a signature `def client_fn(context: Context)`.The provided `client_fn` has signature: {'cid': <Parameter "cid: str">}. You can import the `Context` like this: `from flwr.app import Context`[32m [repeated 17x across cluster][0m
[36m(ClientAppActor pid=254104)[0m             This is a deprecated feature. It will be removed[32m [repeated 17x across cluster][0m
[36m(ClientAppActor pid=254104)[0m             entirely in future versions of Flower.[32m [repeated 17x across cluster][0m
[36m(ClientAppActor pid=254104)[0m [Client 7] Training on NVIDIA GeForce RTX 3060[32m [repeated 7x across cluster][0m
[36m(ClientAppActor pid=254104)[0m 
[36m(ClientAppActor pid=254104)[0m         
[36m(ClientAppActor pid=254104)[0m 
[36m(ClientAppActor pid=254104)[0m         
[92mINFO [0m:      aggregate_fit: received 10 results and 0 failures
INFO:flwr:aggregate_fit: received 10 results and 0 failures
[CascadeRouter] Round 9: 10 clients, 24578 parameters/client
[92mINFO [0m:      configure_evaluate: strategy sampled 10 clients (out of 10)
INFO:flwr:configure_evaluate: strategy sampled 10 clients (out of 10)
[36m(ClientAppActor pid=254107)[0m 
[36m(ClientAppActor pid=254107)[0m         
[36m(ClientAppActor pid=254107)[0m [93mWARNING [0m:   DEPRECATED FEATURE: `client_fn` now expects a signature `def client_fn(context: Context)`.The provided `client_fn` has signature: {'cid': <Parameter "cid: str">}. You can import the `Context` like this: `from flwr.app import Context`[32m [repeated 3x across cluster][0m
[36m(ClientAppActor pid=254107)[0m             This is a deprecated feature. It will be removed[32m [repeated 3x across cluster][0m
[36m(ClientAppActor pid=254107)[0m             entirely in future versions of Flower.[32m [repeated 3x across cluster][0m
[36m(ClientAppActor pid=254104)[0m 
[36m(ClientAppActor pid=254104)[0m         
[36m(ClientAppActor pid=254104)[0m 
[36m(ClientAppActor pid=254104)[0m         
[36m(ClientAppActor pid=254107)[0m 
[36m(ClientAppActor pid=254107)[0m         
[36m(ClientAppActor pid=254104)[0m 
[36m(ClientAppActor pid=254104)[0m         
[36m(ClientAppActor pid=254107)[0m 
[36m(ClientAppActor pid=254107)[0m         
[36m(ClientAppActor pid=254104)[0m 
[36m(ClientAppActor pid=254104)[0m         
[36m(ClientAppActor pid=254107)[0m 
[36m(ClientAppActor pid=254107)[0m         
[36m(ClientAppActor pid=254104)[0m 
[36m(ClientAppActor pid=254104)[0m         
[36m(ClientAppActor pid=254107)[0m 
[36m(ClientAppActor pid=254107)[0m         
[92mINFO [0m:      aggregate_evaluate: received 10 results and 0 failures
INFO:flwr:aggregate_evaluate: received 10 results and 0 failures
[92mINFO [0m:      
INFO:flwr:
[92mINFO [0m:      [ROUND 10]
INFO:flwr:[ROUND 10]
[92mINFO [0m:      configure_fit: strategy sampled 10 clients (out of 10)
INFO:flwr:configure_fit: strategy sampled 10 clients (out of 10)
[36m(ClientAppActor pid=254107)[0m 
[36m(ClientAppActor pid=254107)[0m         
[36m(ClientAppActor pid=254107)[0m [Client 3] Training on NVIDIA GeForce RTX 3060[32m [repeated 3x across cluster][0m
[36m(ClientAppActor pid=254104)[0m 
[36m(ClientAppActor pid=254104)[0m         
[36m(ClientAppActor pid=254107)[0m 
[36m(ClientAppActor pid=254107)[0m         
[36m(ClientAppActor pid=254107)[0m [93mWARNING [0m:   DEPRECATED FEATURE: `client_fn` now expects a signature `def client_fn(context: Context)`.The provided `client_fn` has signature: {'cid': <Parameter "cid: str">}. You can import the `Context` like this: `from flwr.app import Context`[32m [repeated 12x across cluster][0m
[36m(ClientAppActor pid=254107)[0m             This is a deprecated feature. It will be removed[32m [repeated 12x across cluster][0m
[36m(ClientAppActor pid=254107)[0m             entirely in future versions of Flower.[32m [repeated 12x across cluster][0m
[36m(ClientAppActor pid=254104)[0m 
[36m(ClientAppActor pid=254104)[0m         
[36m(ClientAppActor pid=254104)[0m [Client 4] Training on NVIDIA GeForce RTX 3060[32m [repeated 3x across cluster][0m
[36m(ClientAppActor pid=254107)[0m 
[36m(ClientAppActor pid=254107)[0m         
[36m(ClientAppActor pid=254107)[0m 
[36m(ClientAppActor pid=254107)[0m         
[36m(ClientAppActor pid=254107)[0m 
[36m(ClientAppActor pid=254107)[0m         
[36m(ClientAppActor pid=254104)[0m 
[36m(ClientAppActor pid=254104)[0m         
[36m(ClientAppActor pid=254104)[0m [93mWARNING [0m:   DEPRECATED FEATURE: `client_fn` now expects a signature `def client_fn(context: Context)`.The provided `client_fn` has signature: {'cid': <Parameter "cid: str">}. You can import the `Context` like this: `from flwr.app import Context`[32m [repeated 5x across cluster][0m
[36m(ClientAppActor pid=254104)[0m             This is a deprecated feature. It will be removed[32m [repeated 5x across cluster][0m
[36m(ClientAppActor pid=254104)[0m             entirely in future versions of Flower.[32m [repeated 5x across cluster][0m
[36m(ClientAppActor pid=254104)[0m 
[36m(ClientAppActor pid=254104)[0m         
[92mINFO [0m:      aggregate_fit: received 10 results and 0 failures
INFO:flwr:aggregate_fit: received 10 results and 0 failures
[CascadeRouter] Round 10: 10 clients, 24578 parameters/client
[92mINFO [0m:      configure_evaluate: strategy sampled 10 clients (out of 10)
INFO:flwr:configure_evaluate: strategy sampled 10 clients (out of 10)
[36m(ClientAppActor pid=254107)[0m 
[36m(ClientAppActor pid=254107)[0m         
[36m(ClientAppActor pid=254107)[0m 
[36m(ClientAppActor pid=254107)[0m         
[36m(ClientAppActor pid=254104)[0m 
[36m(ClientAppActor pid=254104)[0m         
[36m(ClientAppActor pid=254107)[0m 
[36m(ClientAppActor pid=254107)[0m         
[36m(ClientAppActor pid=254104)[0m 
[36m(ClientAppActor pid=254104)[0m         
[36m(ClientAppActor pid=254107)[0m 
[36m(ClientAppActor pid=254107)[0m         
[36m(ClientAppActor pid=254104)[0m 
[36m(ClientAppActor pid=254104)[0m         
[36m(ClientAppActor pid=254107)[0m 
[36m(ClientAppActor pid=254107)[0m         
[36m(ClientAppActor pid=254104)[0m 
[36m(ClientAppActor pid=254104)[0m         
[36m(ClientAppActor pid=254107)[0m 
[36m(ClientAppActor pid=254107)[0m         
[36m(ClientAppActor pid=254104)[0m 
[36m(ClientAppActor pid=254104)[0m         
[92mINFO [0m:      aggregate_evaluate: received 10 results and 0 failures
INFO:flwr:aggregate_evaluate: received 10 results and 0 failures
[92mINFO [0m:      
INFO:flwr:
[92mINFO [0m:      [ROUND 11]
INFO:flwr:[ROUND 11]
[92mINFO [0m:      configure_fit: strategy sampled 10 clients (out of 10)
INFO:flwr:configure_fit: strategy sampled 10 clients (out of 10)
[36m(ClientAppActor pid=254104)[0m 
[36m(ClientAppActor pid=254104)[0m         
[36m(ClientAppActor pid=254104)[0m [Client 0] Training on NVIDIA GeForce RTX 3060[32m [repeated 7x across cluster][0m
[36m(ClientAppActor pid=254107)[0m 
[36m(ClientAppActor pid=254107)[0m         
[36m(ClientAppActor pid=254107)[0m 
[36m(ClientAppActor pid=254107)[0m         
[36m(ClientAppActor pid=254104)[0m 
[36m(ClientAppActor pid=254104)[0m         
[36m(ClientAppActor pid=254104)[0m [93mWARNING [0m:   DEPRECATED FEATURE: `client_fn` now expects a signature `def client_fn(context: Context)`.The provided `client_fn` has signature: {'cid': <Parameter "cid: str">}. You can import the `Context` like this: `from flwr.app import Context`[32m [repeated 16x across cluster][0m
[36m(ClientAppActor pid=254104)[0m             This is a deprecated feature. It will be removed[32m [repeated 16x across cluster][0m
[36m(ClientAppActor pid=254104)[0m             entirely in future versions of Flower.[32m [repeated 16x across cluster][0m
[36m(ClientAppActor pid=254104)[0m 
[36m(ClientAppActor pid=254104)[0m         
[36m(ClientAppActor pid=254107)[0m 
[36m(ClientAppActor pid=254107)[0m         
[36m(ClientAppActor pid=254104)[0m 
[36m(ClientAppActor pid=254104)[0m         
[36m(ClientAppActor pid=254104)[0m 
[36m(ClientAppActor pid=254104)[0m         
[36m(ClientAppActor pid=254104)[0m [93mWARNING [0m:   DEPRECATED FEATURE: `client_fn` now expects a signature `def client_fn(context: Context)`.The provided `client_fn` has signature: {'cid': <Parameter "cid: str">}. You can import the `Context` like this: `from flwr.app import Context`[32m [repeated 4x across cluster][0m
[36m(ClientAppActor pid=254104)[0m             This is a deprecated feature. It will be removed[32m [repeated 4x across cluster][0m
[36m(ClientAppActor pid=254104)[0m             entirely in future versions of Flower.[32m [repeated 4x across cluster][0m
[36m(ClientAppActor pid=254104)[0m [Client 5] Training on NVIDIA GeForce RTX 3060[32m [repeated 7x across cluster][0m
[36m(ClientAppActor pid=254107)[0m 
[36m(ClientAppActor pid=254107)[0m         
[36m(ClientAppActor pid=254107)[0m 
[36m(ClientAppActor pid=254107)[0m         
[92mINFO [0m:      aggregate_fit: received 10 results and 0 failures
INFO:flwr:aggregate_fit: received 10 results and 0 failures
[CascadeRouter] Round 11: 10 clients, 24578 parameters/client
[92mINFO [0m:      configure_evaluate: strategy sampled 10 clients (out of 10)
INFO:flwr:configure_evaluate: strategy sampled 10 clients (out of 10)
[36m(ClientAppActor pid=254107)[0m 
[36m(ClientAppActor pid=254107)[0m         
[36m(ClientAppActor pid=254104)[0m 
[36m(ClientAppActor pid=254104)[0m         
[36m(ClientAppActor pid=254104)[0m 
[36m(ClientAppActor pid=254104)[0m         
[36m(ClientAppActor pid=254107)[0m 
[36m(ClientAppActor pid=254107)[0m         
[36m(ClientAppActor pid=254104)[0m 
[36m(ClientAppActor pid=254104)[0m         
[36m(ClientAppActor pid=254107)[0m 
[36m(ClientAppActor pid=254107)[0m         
[36m(ClientAppActor pid=254104)[0m 
[36m(ClientAppActor pid=254104)[0m         
[36m(ClientAppActor pid=254107)[0m 
[36m(ClientAppActor pid=254107)[0m         
[36m(ClientAppActor pid=254107)[0m 
[36m(ClientAppActor pid=254107)[0m         
[36m(ClientAppActor pid=254107)[0m [93mWARNING [0m:   DEPRECATED FEATURE: `client_fn` now expects a signature `def client_fn(context: Context)`.The provided `client_fn` has signature: {'cid': <Parameter "cid: str">}. You can import the `Context` like this: `from flwr.app import Context`[32m [repeated 11x across cluster][0m
[36m(ClientAppActor pid=254107)[0m             This is a deprecated feature. It will be removed[32m [repeated 11x across cluster][0m
[36m(ClientAppActor pid=254107)[0m             entirely in future versions of Flower.[32m [repeated 11x across cluster][0m
[36m(ClientAppActor pid=254104)[0m 
[36m(ClientAppActor pid=254104)[0m         
[92mINFO [0m:      aggregate_evaluate: received 10 results and 0 failures
INFO:flwr:aggregate_evaluate: received 10 results and 0 failures
[92mINFO [0m:      
INFO:flwr:
[92mINFO [0m:      [ROUND 12]
INFO:flwr:[ROUND 12]
[92mINFO [0m:      configure_fit: strategy sampled 10 clients (out of 10)
INFO:flwr:configure_fit: strategy sampled 10 clients (out of 10)
[36m(ClientAppActor pid=254107)[0m 
[36m(ClientAppActor pid=254107)[0m         
[36m(ClientAppActor pid=254107)[0m [Client 1] Training on NVIDIA GeForce RTX 3060[32m [repeated 3x across cluster][0m
[36m(ClientAppActor pid=254104)[0m 
[36m(ClientAppActor pid=254104)[0m         
[36m(ClientAppActor pid=254104)[0m 
[36m(ClientAppActor pid=254104)[0m         
[36m(ClientAppActor pid=254104)[0m 
[36m(ClientAppActor pid=254104)[0m         
[36m(ClientAppActor pid=254107)[0m 
[36m(ClientAppActor pid=254107)[0m         
[36m(ClientAppActor pid=254104)[0m 
[36m(ClientAppActor pid=254104)[0m         
[36m(ClientAppActor pid=254104)[0m 
[36m(ClientAppActor pid=254104)[0m         
[36m(ClientAppActor pid=254104)[0m [93mWARNING [0m:   DEPRECATED FEATURE: `client_fn` now expects a signature `def client_fn(context: Context)`.The provided `client_fn` has signature: {'cid': <Parameter "cid: str">}. You can import the `Context` like this: `from flwr.app import Context`[32m [repeated 8x across cluster][0m
[36m(ClientAppActor pid=254104)[0m             This is a deprecated feature. It will be removed[32m [repeated 8x across cluster][0m
[36m(ClientAppActor pid=254104)[0m             entirely in future versions of Flower.[32m [repeated 8x across cluster][0m
[36m(ClientAppActor pid=254104)[0m [Client 3] Training on NVIDIA GeForce RTX 3060[32m [repeated 6x across cluster][0m
[36m(ClientAppActor pid=254107)[0m 
[36m(ClientAppActor pid=254107)[0m         
[36m(ClientAppActor pid=254104)[0m 
[36m(ClientAppActor pid=254104)[0m         
[36m(ClientAppActor pid=254104)[0m 
[36m(ClientAppActor pid=254104)[0m         
[92mINFO [0m:      aggregate_fit: received 10 results and 0 failures
INFO:flwr:aggregate_fit: received 10 results and 0 failures
[CascadeRouter] Round 12: 10 clients, 24578 parameters/client
[92mINFO [0m:      configure_evaluate: strategy sampled 10 clients (out of 10)
INFO:flwr:configure_evaluate: strategy sampled 10 clients (out of 10)
[36m(ClientAppActor pid=254104)[0m 
[36m(ClientAppActor pid=254104)[0m         
[36m(ClientAppActor pid=254107)[0m 
[36m(ClientAppActor pid=254107)[0m         
[36m(ClientAppActor pid=254104)[0m 
[36m(ClientAppActor pid=254104)[0m         
[36m(ClientAppActor pid=254107)[0m 
[36m(ClientAppActor pid=254107)[0m         
[36m(ClientAppActor pid=254104)[0m 
[36m(ClientAppActor pid=254104)[0m         
[36m(ClientAppActor pid=254107)[0m 
[36m(ClientAppActor pid=254107)[0m         
[36m(ClientAppActor pid=254107)[0m 
[36m(ClientAppActor pid=254107)[0m         
[36m(ClientAppActor pid=254107)[0m [93mWARNING [0m:   DEPRECATED FEATURE: `client_fn` now expects a signature `def client_fn(context: Context)`.The provided `client_fn` has signature: {'cid': <Parameter "cid: str">}. You can import the `Context` like this: `from flwr.app import Context`[32m [repeated 10x across cluster][0m
[36m(ClientAppActor pid=254107)[0m             This is a deprecated feature. It will be removed[32m [repeated 10x across cluster][0m
[36m(ClientAppActor pid=254107)[0m             entirely in future versions of Flower.[32m [repeated 10x across cluster][0m
[36m(ClientAppActor pid=254104)[0m 
[36m(ClientAppActor pid=254104)[0m         
[36m(ClientAppActor pid=254104)[0m 
[36m(ClientAppActor pid=254104)[0m         
[36m(ClientAppActor pid=254107)[0m 
[36m(ClientAppActor pid=254107)[0m         
[92mINFO [0m:      aggregate_evaluate: received 10 results and 0 failures
INFO:flwr:aggregate_evaluate: received 10 results and 0 failures
[92mINFO [0m:      
INFO:flwr:
[92mINFO [0m:      [ROUND 13]
INFO:flwr:[ROUND 13]
[92mINFO [0m:      configure_fit: strategy sampled 10 clients (out of 10)
INFO:flwr:configure_fit: strategy sampled 10 clients (out of 10)
[36m(ClientAppActor pid=254107)[0m 
[36m(ClientAppActor pid=254107)[0m         
[36m(ClientAppActor pid=254107)[0m [Client 8] Training on NVIDIA GeForce RTX 3060[32m [repeated 4x across cluster][0m
[36m(ClientAppActor pid=254104)[0m 
[36m(ClientAppActor pid=254104)[0m         
[36m(ClientAppActor pid=254107)[0m 
[36m(ClientAppActor pid=254107)[0m         
[36m(ClientAppActor pid=254107)[0m 
[36m(ClientAppActor pid=254107)[0m         
[36m(ClientAppActor pid=254107)[0m [93mWARNING [0m:   DEPRECATED FEATURE: `client_fn` now expects a signature `def client_fn(context: Context)`.The provided `client_fn` has signature: {'cid': <Parameter "cid: str">}. You can import the `Context` like this: `from flwr.app import Context`[32m [repeated 7x across cluster][0m
[36m(ClientAppActor pid=254107)[0m             This is a deprecated feature. It will be removed[32m [repeated 7x across cluster][0m
[36m(ClientAppActor pid=254107)[0m             entirely in future versions of Flower.[32m [repeated 7x across cluster][0m
[36m(ClientAppActor pid=254107)[0m [Client 4] Training on NVIDIA GeForce RTX 3060[32m [repeated 3x across cluster][0m
[36m(ClientAppActor pid=254104)[0m 
[36m(ClientAppActor pid=254104)[0m         
[36m(ClientAppActor pid=254104)[0m 
[36m(ClientAppActor pid=254104)[0m         
[36m(ClientAppActor pid=254104)[0m 
[36m(ClientAppActor pid=254104)[0m         
[36m(ClientAppActor pid=254104)[0m 
[36m(ClientAppActor pid=254104)[0m         
[36m(ClientAppActor pid=254107)[0m 
[36m(ClientAppActor pid=254107)[0m         
[36m(ClientAppActor pid=254107)[0m 
[36m(ClientAppActor pid=254107)[0m         
[92mINFO [0m:      aggregate_fit: received 10 results and 0 failures
INFO:flwr:aggregate_fit: received 10 results and 0 failures
[CascadeRouter] Round 13: 10 clients, 24578 parameters/client
[92mINFO [0m:      configure_evaluate: strategy sampled 10 clients (out of 10)
INFO:flwr:configure_evaluate: strategy sampled 10 clients (out of 10)
[36m(ClientAppActor pid=254107)[0m 
[36m(ClientAppActor pid=254107)[0m         
[36m(ClientAppActor pid=254104)[0m 
[36m(ClientAppActor pid=254104)[0m         
[36m(ClientAppActor pid=254104)[0m 
[36m(ClientAppActor pid=254104)[0m         
[36m(ClientAppActor pid=254107)[0m 
[36m(ClientAppActor pid=254107)[0m         
[36m(ClientAppActor pid=254104)[0m 
[36m(ClientAppActor pid=254104)[0m         
[36m(ClientAppActor pid=254104)[0m [93mWARNING [0m:   DEPRECATED FEATURE: `client_fn` now expects a signature `def client_fn(context: Context)`.The provided `client_fn` has signature: {'cid': <Parameter "cid: str">}. You can import the `Context` like this: `from flwr.app import Context`[32m [repeated 11x across cluster][0m
[36m(ClientAppActor pid=254104)[0m             This is a deprecated feature. It will be removed[32m [repeated 11x across cluster][0m
[36m(ClientAppActor pid=254104)[0m             entirely in future versions of Flower.[32m [repeated 11x across cluster][0m
[36m(ClientAppActor pid=254107)[0m 
[36m(ClientAppActor pid=254107)[0m         
[36m(ClientAppActor pid=254104)[0m 
[36m(ClientAppActor pid=254104)[0m         
[36m(ClientAppActor pid=254107)[0m 
[36m(ClientAppActor pid=254107)[0m         
[36m(ClientAppActor pid=254107)[0m 
[36m(ClientAppActor pid=254107)[0m         
[36m(ClientAppActor pid=254104)[0m 
[36m(ClientAppActor pid=254104)[0m         
[92mINFO [0m:      aggregate_evaluate: received 10 results and 0 failures
INFO:flwr:aggregate_evaluate: received 10 results and 0 failures
[92mINFO [0m:      
INFO:flwr:
[92mINFO [0m:      [ROUND 14]
INFO:flwr:[ROUND 14]
[92mINFO [0m:      configure_fit: strategy sampled 10 clients (out of 10)
INFO:flwr:configure_fit: strategy sampled 10 clients (out of 10)
[36m(ClientAppActor pid=254107)[0m 
[36m(ClientAppActor pid=254107)[0m         
[36m(ClientAppActor pid=254104)[0m 
[36m(ClientAppActor pid=254104)[0m         
[36m(ClientAppActor pid=254107)[0m [Client 2] Training on NVIDIA GeForce RTX 3060[32m [repeated 7x across cluster][0m
[36m(ClientAppActor pid=254107)[0m 
[36m(ClientAppActor pid=254107)[0m         
[36m(ClientAppActor pid=254104)[0m 
[36m(ClientAppActor pid=254104)[0m         
[36m(ClientAppActor pid=254107)[0m 
[36m(ClientAppActor pid=254107)[0m         
[36m(ClientAppActor pid=254104)[0m 
[36m(ClientAppActor pid=254104)[0m         
[36m(ClientAppActor pid=254104)[0m [93mWARNING [0m:   DEPRECATED FEATURE: `client_fn` now expects a signature `def client_fn(context: Context)`.The provided `client_fn` has signature: {'cid': <Parameter "cid: str">}. You can import the `Context` like this: `from flwr.app import Context`[32m [repeated 11x across cluster][0m
[36m(ClientAppActor pid=254104)[0m             This is a deprecated feature. It will be removed[32m [repeated 11x across cluster][0m
[36m(ClientAppActor pid=254104)[0m             entirely in future versions of Flower.[32m [repeated 11x across cluster][0m
[36m(ClientAppActor pid=254104)[0m [Client 7] Training on NVIDIA GeForce RTX 3060[32m [repeated 5x across cluster][0m
[36m(ClientAppActor pid=254104)[0m 
[36m(ClientAppActor pid=254104)[0m         
[36m(ClientAppActor pid=254104)[0m 
[36m(ClientAppActor pid=254104)[0m         
[36m(ClientAppActor pid=254107)[0m 
[36m(ClientAppActor pid=254107)[0m         
[36m(ClientAppActor pid=254107)[0m 
[36m(ClientAppActor pid=254107)[0m         
[92mINFO [0m:      aggregate_fit: received 10 results and 0 failures
INFO:flwr:aggregate_fit: received 10 results and 0 failures
[CascadeRouter] Round 14: 10 clients, 24578 parameters/client
[92mINFO [0m:      configure_evaluate: strategy sampled 10 clients (out of 10)
INFO:flwr:configure_evaluate: strategy sampled 10 clients (out of 10)
[36m(ClientAppActor pid=254107)[0m 
[36m(ClientAppActor pid=254107)[0m         
[36m(ClientAppActor pid=254107)[0m [93mWARNING [0m:   DEPRECATED FEATURE: `client_fn` now expects a signature `def client_fn(context: Context)`.The provided `client_fn` has signature: {'cid': <Parameter "cid: str">}. You can import the `Context` like this: `from flwr.app import Context`[32m [repeated 5x across cluster][0m
[36m(ClientAppActor pid=254107)[0m             This is a deprecated feature. It will be removed[32m [repeated 5x across cluster][0m
[36m(ClientAppActor pid=254107)[0m             entirely in future versions of Flower.[32m [repeated 5x across cluster][0m
[36m(ClientAppActor pid=254104)[0m 
[36m(ClientAppActor pid=254104)[0m         
[36m(ClientAppActor pid=254107)[0m 
[36m(ClientAppActor pid=254107)[0m         
[36m(ClientAppActor pid=254104)[0m 
[36m(ClientAppActor pid=254104)[0m         
[36m(ClientAppActor pid=254107)[0m 
[36m(ClientAppActor pid=254107)[0m         
[36m(ClientAppActor pid=254104)[0m 
[36m(ClientAppActor pid=254104)[0m         
[36m(ClientAppActor pid=254107)[0m 
[36m(ClientAppActor pid=254107)[0m         
[36m(ClientAppActor pid=254104)[0m 
[36m(ClientAppActor pid=254104)[0m         
[36m(ClientAppActor pid=254107)[0m 
[36m(ClientAppActor pid=254107)[0m         
[36m(ClientAppActor pid=254104)[0m 
[36m(ClientAppActor pid=254104)[0m         
[92mINFO [0m:      aggregate_evaluate: received 10 results and 0 failures
INFO:flwr:aggregate_evaluate: received 10 results and 0 failures
[92mINFO [0m:      
INFO:flwr:
[92mINFO [0m:      [ROUND 15]
INFO:flwr:[ROUND 15]
[92mINFO [0m:      configure_fit: strategy sampled 10 clients (out of 10)
INFO:flwr:configure_fit: strategy sampled 10 clients (out of 10)
[36m(ClientAppActor pid=254104)[0m 
[36m(ClientAppActor pid=254104)[0m         
[36m(ClientAppActor pid=254104)[0m [Client 4] Training on NVIDIA GeForce RTX 3060[32m [repeated 5x across cluster][0m
[36m(ClientAppActor pid=254107)[0m 
[36m(ClientAppActor pid=254107)[0m         
[36m(ClientAppActor pid=254107)[0m 
[36m(ClientAppActor pid=254107)[0m         
[36m(ClientAppActor pid=254104)[0m 
[36m(ClientAppActor pid=254104)[0m         
[36m(ClientAppActor pid=254107)[0m 
[36m(ClientAppActor pid=254107)[0m         
[36m(ClientAppActor pid=254107)[0m [93mWARNING [0m:   DEPRECATED FEATURE: `client_fn` now expects a signature `def client_fn(context: Context)`.The provided `client_fn` has signature: {'cid': <Parameter "cid: str">}. You can import the `Context` like this: `from flwr.app import Context`[32m [repeated 14x across cluster][0m
[36m(ClientAppActor pid=254107)[0m             This is a deprecated feature. It will be removed[32m [repeated 14x across cluster][0m
[36m(ClientAppActor pid=254107)[0m             entirely in future versions of Flower.[32m [repeated 14x across cluster][0m
[36m(ClientAppActor pid=254104)[0m 
[36m(ClientAppActor pid=254104)[0m         
[36m(ClientAppActor pid=254104)[0m [Client 7] Training on NVIDIA GeForce RTX 3060[32m [repeated 5x across cluster][0m
[36m(ClientAppActor pid=254104)[0m 
[36m(ClientAppActor pid=254104)[0m         
[36m(ClientAppActor pid=254107)[0m 
[36m(ClientAppActor pid=254107)[0m         
[36m(ClientAppActor pid=254104)[0m 
[36m(ClientAppActor pid=254104)[0m         
[36m(ClientAppActor pid=254104)[0m 
[36m(ClientAppActor pid=254104)[0m         
[92mINFO [0m:      aggregate_fit: received 10 results and 0 failures
INFO:flwr:aggregate_fit: received 10 results and 0 failures
[CascadeRouter] Round 15: 10 clients, 24578 parameters/client
[92mINFO [0m:      configure_evaluate: strategy sampled 10 clients (out of 10)
INFO:flwr:configure_evaluate: strategy sampled 10 clients (out of 10)
[36m(ClientAppActor pid=254107)[0m 
[36m(ClientAppActor pid=254107)[0m         
[36m(ClientAppActor pid=254107)[0m [93mWARNING [0m:   DEPRECATED FEATURE: `client_fn` now expects a signature `def client_fn(context: Context)`.The provided `client_fn` has signature: {'cid': <Parameter "cid: str">}. You can import the `Context` like this: `from flwr.app import Context`[32m [repeated 6x across cluster][0m
[36m(ClientAppActor pid=254107)[0m             This is a deprecated feature. It will be removed[32m [repeated 6x across cluster][0m
[36m(ClientAppActor pid=254107)[0m             entirely in future versions of Flower.[32m [repeated 6x across cluster][0m
[36m(ClientAppActor pid=254104)[0m 
[36m(ClientAppActor pid=254104)[0m         
[36m(ClientAppActor pid=254104)[0m 
[36m(ClientAppActor pid=254104)[0m         
[36m(ClientAppActor pid=254107)[0m 
[36m(ClientAppActor pid=254107)[0m         
[36m(ClientAppActor pid=254107)[0m 
[36m(ClientAppActor pid=254107)[0m         
[36m(ClientAppActor pid=254104)[0m 
[36m(ClientAppActor pid=254104)[0m         
[36m(ClientAppActor pid=254107)[0m 
[36m(ClientAppActor pid=254107)[0m         
[36m(ClientAppActor pid=254104)[0m 
[36m(ClientAppActor pid=254104)[0m         
[36m(ClientAppActor pid=254107)[0m 
[36m(ClientAppActor pid=254107)[0m         
[36m(ClientAppActor pid=254104)[0m 
[36m(ClientAppActor pid=254104)[0m         
[92mINFO [0m:      aggregate_evaluate: received 10 results and 0 failures
INFO:flwr:aggregate_evaluate: received 10 results and 0 failures
[92mINFO [0m:      
INFO:flwr:
[92mINFO [0m:      [ROUND 16]
INFO:flwr:[ROUND 16]
[92mINFO [0m:      configure_fit: strategy sampled 10 clients (out of 10)
INFO:flwr:configure_fit: strategy sampled 10 clients (out of 10)
[36m(ClientAppActor pid=254107)[0m 
[36m(ClientAppActor pid=254107)[0m         
[36m(ClientAppActor pid=254107)[0m [Client 3] Training on NVIDIA GeForce RTX 3060[32m [repeated 5x across cluster][0m
[36m(ClientAppActor pid=254104)[0m 
[36m(ClientAppActor pid=254104)[0m         
[36m(ClientAppActor pid=254104)[0m 
[36m(ClientAppActor pid=254104)[0m         
[36m(ClientAppActor pid=254104)[0m 
[36m(ClientAppActor pid=254104)[0m         
[36m(ClientAppActor pid=254107)[0m 
[36m(ClientAppActor pid=254107)[0m         
[36m(ClientAppActor pid=254107)[0m [93mWARNING [0m:   DEPRECATED FEATURE: `client_fn` now expects a signature `def client_fn(context: Context)`.The provided `client_fn` has signature: {'cid': <Parameter "cid: str">}. You can import the `Context` like this: `from flwr.app import Context`[32m [repeated 14x across cluster][0m
[36m(ClientAppActor pid=254107)[0m             This is a deprecated feature. It will be removed[32m [repeated 14x across cluster][0m
[36m(ClientAppActor pid=254107)[0m             entirely in future versions of Flower.[32m [repeated 14x across cluster][0m
[36m(ClientAppActor pid=254107)[0m 
[36m(ClientAppActor pid=254107)[0m         
[36m(ClientAppActor pid=254104)[0m 
[36m(ClientAppActor pid=254104)[0m         
[36m(ClientAppActor pid=254104)[0m 
[36m(ClientAppActor pid=254104)[0m         
[36m(ClientAppActor pid=254104)[0m [Client 9] Training on NVIDIA GeForce RTX 3060[32m [repeated 7x across cluster][0m
[36m(ClientAppActor pid=254104)[0m 
[36m(ClientAppActor pid=254104)[0m         
[36m(ClientAppActor pid=254107)[0m 
[36m(ClientAppActor pid=254107)[0m         
[92mINFO [0m:      aggregate_fit: received 10 results and 0 failures
INFO:flwr:aggregate_fit: received 10 results and 0 failures
[CascadeRouter] Round 16: 10 clients, 24578 parameters/client
[92mINFO [0m:      configure_evaluate: strategy sampled 10 clients (out of 10)
INFO:flwr:configure_evaluate: strategy sampled 10 clients (out of 10)
[36m(ClientAppActor pid=254107)[0m 
[36m(ClientAppActor pid=254107)[0m         
[36m(ClientAppActor pid=254107)[0m [93mWARNING [0m:   DEPRECATED FEATURE: `client_fn` now expects a signature `def client_fn(context: Context)`.The provided `client_fn` has signature: {'cid': <Parameter "cid: str">}. You can import the `Context` like this: `from flwr.app import Context`[32m [repeated 6x across cluster][0m
[36m(ClientAppActor pid=254107)[0m             This is a deprecated feature. It will be removed[32m [repeated 6x across cluster][0m
[36m(ClientAppActor pid=254107)[0m             entirely in future versions of Flower.[32m [repeated 6x across cluster][0m
[36m(ClientAppActor pid=254104)[0m 
[36m(ClientAppActor pid=254104)[0m         
[36m(ClientAppActor pid=254107)[0m 
[36m(ClientAppActor pid=254107)[0m         
[36m(ClientAppActor pid=254104)[0m 
[36m(ClientAppActor pid=254104)[0m         
[36m(ClientAppActor pid=254107)[0m 
[36m(ClientAppActor pid=254107)[0m         
[36m(ClientAppActor pid=254104)[0m 
[36m(ClientAppActor pid=254104)[0m         
[36m(ClientAppActor pid=254107)[0m 
[36m(ClientAppActor pid=254107)[0m         
[36m(ClientAppActor pid=254104)[0m 
[36m(ClientAppActor pid=254104)[0m         
[36m(ClientAppActor pid=254107)[0m 
[36m(ClientAppActor pid=254107)[0m         
[36m(ClientAppActor pid=254104)[0m 
[36m(ClientAppActor pid=254104)[0m         
[92mINFO [0m:      aggregate_evaluate: received 10 results and 0 failures
INFO:flwr:aggregate_evaluate: received 10 results and 0 failures
[92mINFO [0m:      
INFO:flwr:
[92mINFO [0m:      [ROUND 17]
INFO:flwr:[ROUND 17]
[92mINFO [0m:      configure_fit: strategy sampled 10 clients (out of 10)
INFO:flwr:configure_fit: strategy sampled 10 clients (out of 10)
[36m(ClientAppActor pid=254104)[0m 
[36m(ClientAppActor pid=254104)[0m         
[36m(ClientAppActor pid=254104)[0m [Client 5] Training on NVIDIA GeForce RTX 3060[32m [repeated 3x across cluster][0m
[36m(ClientAppActor pid=254107)[0m 
[36m(ClientAppActor pid=254107)[0m         
[36m(ClientAppActor pid=254107)[0m 
[36m(ClientAppActor pid=254107)[0m         
[36m(ClientAppActor pid=254107)[0m [93mWARNING [0m:   DEPRECATED FEATURE: `client_fn` now expects a signature `def client_fn(context: Context)`.The provided `client_fn` has signature: {'cid': <Parameter "cid: str">}. You can import the `Context` like this: `from flwr.app import Context`[32m [repeated 12x across cluster][0m
[36m(ClientAppActor pid=254107)[0m             This is a deprecated feature. It will be removed[32m [repeated 12x across cluster][0m
[36m(ClientAppActor pid=254107)[0m             entirely in future versions of Flower.[32m [repeated 12x across cluster][0m
[36m(ClientAppActor pid=254104)[0m 
[36m(ClientAppActor pid=254104)[0m         
[36m(ClientAppActor pid=254104)[0m [Client 6] Training on NVIDIA GeForce RTX 3060[32m [repeated 3x across cluster][0m
[36m(ClientAppActor pid=254107)[0m 
[36m(ClientAppActor pid=254107)[0m         
[36m(ClientAppActor pid=254104)[0m 
[36m(ClientAppActor pid=254104)[0m         
[36m(ClientAppActor pid=254107)[0m 
[36m(ClientAppActor pid=254107)[0m         
[36m(ClientAppActor pid=254107)[0m 
[36m(ClientAppActor pid=254107)[0m         
[36m(ClientAppActor pid=254104)[0m 
[36m(ClientAppActor pid=254104)[0m         
[36m(ClientAppActor pid=254104)[0m 
[36m(ClientAppActor pid=254104)[0m         
[36m(ClientAppActor pid=254104)[0m [93mWARNING [0m:   DEPRECATED FEATURE: `client_fn` now expects a signature `def client_fn(context: Context)`.The provided `client_fn` has signature: {'cid': <Parameter "cid: str">}. You can import the `Context` like this: `from flwr.app import Context`[32m [repeated 7x across cluster][0m
[36m(ClientAppActor pid=254104)[0m             This is a deprecated feature. It will be removed[32m [repeated 7x across cluster][0m
[36m(ClientAppActor pid=254104)[0m             entirely in future versions of Flower.[32m [repeated 7x across cluster][0m
[92mINFO [0m:      aggregate_fit: received 10 results and 0 failures
INFO:flwr:aggregate_fit: received 10 results and 0 failures
[CascadeRouter] Round 17: 10 clients, 24578 parameters/client
[92mINFO [0m:      configure_evaluate: strategy sampled 10 clients (out of 10)
INFO:flwr:configure_evaluate: strategy sampled 10 clients (out of 10)
[36m(ClientAppActor pid=254107)[0m 
[36m(ClientAppActor pid=254107)[0m         
[36m(ClientAppActor pid=254104)[0m 
[36m(ClientAppActor pid=254104)[0m         
[36m(ClientAppActor pid=254104)[0m 
[36m(ClientAppActor pid=254104)[0m         
[36m(ClientAppActor pid=254107)[0m 
[36m(ClientAppActor pid=254107)[0m         
[36m(ClientAppActor pid=254104)[0m 
[36m(ClientAppActor pid=254104)[0m         
[36m(ClientAppActor pid=254107)[0m 
[36m(ClientAppActor pid=254107)[0m         
[36m(ClientAppActor pid=254107)[0m 
[36m(ClientAppActor pid=254107)[0m         
[36m(ClientAppActor pid=254104)[0m 
[36m(ClientAppActor pid=254104)[0m         
[36m(ClientAppActor pid=254104)[0m 
[36m(ClientAppActor pid=254104)[0m         
[36m(ClientAppActor pid=254107)[0m 
[36m(ClientAppActor pid=254107)[0m         
[92mINFO [0m:      aggregate_evaluate: received 10 results and 0 failures
INFO:flwr:aggregate_evaluate: received 10 results and 0 failures
[92mINFO [0m:      
INFO:flwr:
[92mINFO [0m:      [ROUND 18]
INFO:flwr:[ROUND 18]
[92mINFO [0m:      configure_fit: strategy sampled 10 clients (out of 10)
INFO:flwr:configure_fit: strategy sampled 10 clients (out of 10)
[36m(ClientAppActor pid=254107)[0m 
[36m(ClientAppActor pid=254107)[0m         
[36m(ClientAppActor pid=254107)[0m [Client 0] Training on NVIDIA GeForce RTX 3060[32m [repeated 7x across cluster][0m
[36m(ClientAppActor pid=254104)[0m 
[36m(ClientAppActor pid=254104)[0m         
[36m(ClientAppActor pid=254104)[0m 
[36m(ClientAppActor pid=254104)[0m         
[36m(ClientAppActor pid=254104)[0m 
[36m(ClientAppActor pid=254104)[0m         
[36m(ClientAppActor pid=254104)[0m 
[36m(ClientAppActor pid=254104)[0m         
[36m(ClientAppActor pid=254104)[0m [93mWARNING [0m:   DEPRECATED FEATURE: `client_fn` now expects a signature `def client_fn(context: Context)`.The provided `client_fn` has signature: {'cid': <Parameter "cid: str">}. You can import the `Context` like this: `from flwr.app import Context`[32m [repeated 15x across cluster][0m
[36m(ClientAppActor pid=254104)[0m             This is a deprecated feature. It will be removed[32m [repeated 15x across cluster][0m
[36m(ClientAppActor pid=254104)[0m             entirely in future versions of Flower.[32m [repeated 15x across cluster][0m
[36m(ClientAppActor pid=254107)[0m 
[36m(ClientAppActor pid=254107)[0m         
[36m(ClientAppActor pid=254104)[0m 
[36m(ClientAppActor pid=254104)[0m         
[36m(ClientAppActor pid=254107)[0m 
[36m(ClientAppActor pid=254107)[0m         
[36m(ClientAppActor pid=254107)[0m [Client 1] Training on NVIDIA GeForce RTX 3060[32m [repeated 7x across cluster][0m
[36m(ClientAppActor pid=254107)[0m 
[36m(ClientAppActor pid=254107)[0m         
[36m(ClientAppActor pid=254107)[0m [93mWARNING [0m:   DEPRECATED FEATURE: `client_fn` now expects a signature `def client_fn(context: Context)`.The provided `client_fn` has signature: {'cid': <Parameter "cid: str">}. You can import the `Context` like this: `from flwr.app import Context`[32m [repeated 4x across cluster][0m
[36m(ClientAppActor pid=254107)[0m             This is a deprecated feature. It will be removed[32m [repeated 4x across cluster][0m
[36m(ClientAppActor pid=254107)[0m             entirely in future versions of Flower.[32m [repeated 4x across cluster][0m
[36m(ClientAppActor pid=254107)[0m 
[36m(ClientAppActor pid=254107)[0m         
[36m(ClientAppActor pid=254107)[0m [Client 9] Training on NVIDIA GeForce RTX 3060[32m [repeated 2x across cluster][0m
[92mINFO [0m:      aggregate_fit: received 10 results and 0 failures
INFO:flwr:aggregate_fit: received 10 results and 0 failures
[CascadeRouter] Round 18: 10 clients, 24578 parameters/client
[92mINFO [0m:      configure_evaluate: strategy sampled 10 clients (out of 10)
INFO:flwr:configure_evaluate: strategy sampled 10 clients (out of 10)
[36m(ClientAppActor pid=254107)[0m 
[36m(ClientAppActor pid=254107)[0m         
[36m(ClientAppActor pid=254104)[0m 
[36m(ClientAppActor pid=254104)[0m         
[36m(ClientAppActor pid=254104)[0m 
[36m(ClientAppActor pid=254104)[0m         
[36m(ClientAppActor pid=254107)[0m 
[36m(ClientAppActor pid=254107)[0m         
[36m(ClientAppActor pid=254104)[0m 
[36m(ClientAppActor pid=254104)[0m         
[36m(ClientAppActor pid=254107)[0m 
[36m(ClientAppActor pid=254107)[0m         
[36m(ClientAppActor pid=254104)[0m 
[36m(ClientAppActor pid=254104)[0m         
[36m(ClientAppActor pid=254107)[0m 
[36m(ClientAppActor pid=254107)[0m         
[36m(ClientAppActor pid=254107)[0m 
[36m(ClientAppActor pid=254107)[0m         
[36m(ClientAppActor pid=254104)[0m 
[36m(ClientAppActor pid=254104)[0m         
[92mINFO [0m:      aggregate_evaluate: received 10 results and 0 failures
INFO:flwr:aggregate_evaluate: received 10 results and 0 failures
[92mINFO [0m:      
INFO:flwr:
[92mINFO [0m:      [ROUND 19]
INFO:flwr:[ROUND 19]
[92mINFO [0m:      configure_fit: strategy sampled 10 clients (out of 10)
INFO:flwr:configure_fit: strategy sampled 10 clients (out of 10)
[36m(ClientAppActor pid=254107)[0m 
[36m(ClientAppActor pid=254107)[0m         
[36m(ClientAppActor pid=254104)[0m 
[36m(ClientAppActor pid=254104)[0m         
[36m(ClientAppActor pid=254104)[0m 
[36m(ClientAppActor pid=254104)[0m         
[36m(ClientAppActor pid=254107)[0m 
[36m(ClientAppActor pid=254107)[0m         
[36m(ClientAppActor pid=254107)[0m [93mWARNING [0m:   DEPRECATED FEATURE: `client_fn` now expects a signature `def client_fn(context: Context)`.The provided `client_fn` has signature: {'cid': <Parameter "cid: str">}. You can import the `Context` like this: `from flwr.app import Context`[32m [repeated 15x across cluster][0m
[36m(ClientAppActor pid=254107)[0m             This is a deprecated feature. It will be removed[32m [repeated 15x across cluster][0m
[36m(ClientAppActor pid=254107)[0m             entirely in future versions of Flower.[32m [repeated 15x across cluster][0m
[36m(ClientAppActor pid=254104)[0m 
[36m(ClientAppActor pid=254104)[0m         
[36m(ClientAppActor pid=254104)[0m [Client 3] Training on NVIDIA GeForce RTX 3060[32m [repeated 5x across cluster][0m
[36m(ClientAppActor pid=254104)[0m 
[36m(ClientAppActor pid=254104)[0m         
[36m(ClientAppActor pid=254104)[0m [93mWARNING [0m:   DEPRECATED FEATURE: `client_fn` now expects a signature `def client_fn(context: Context)`.The provided `client_fn` has signature: {'cid': <Parameter "cid: str">}. You can import the `Context` like this: `from flwr.app import Context`[32m [repeated 2x across cluster][0m
[36m(ClientAppActor pid=254104)[0m             This is a deprecated feature. It will be removed[32m [repeated 2x across cluster][0m
[36m(ClientAppActor pid=254104)[0m             entirely in future versions of Flower.[32m [repeated 2x across cluster][0m
[36m(ClientAppActor pid=254104)[0m 
[36m(ClientAppActor pid=254104)[0m         
[36m(ClientAppActor pid=254104)[0m 
[36m(ClientAppActor pid=254104)[0m         
[36m(ClientAppActor pid=254107)[0m 
[36m(ClientAppActor pid=254107)[0m         
[36m(ClientAppActor pid=254107)[0m 
[36m(ClientAppActor pid=254107)[0m         
[36m(ClientAppActor pid=254107)[0m [Client 4] Training on NVIDIA GeForce RTX 3060[32m [repeated 5x across cluster][0m
[92mINFO [0m:      aggregate_fit: received 10 results and 0 failures
INFO:flwr:aggregate_fit: received 10 results and 0 failures
[CascadeRouter] Round 19: 10 clients, 24578 parameters/client
[92mINFO [0m:      configure_evaluate: strategy sampled 10 clients (out of 10)
INFO:flwr:configure_evaluate: strategy sampled 10 clients (out of 10)
[36m(ClientAppActor pid=254107)[0m 
[36m(ClientAppActor pid=254107)[0m         
[36m(ClientAppActor pid=254104)[0m 
[36m(ClientAppActor pid=254104)[0m         
[36m(ClientAppActor pid=254104)[0m 
[36m(ClientAppActor pid=254104)[0m         
[36m(ClientAppActor pid=254107)[0m 
[36m(ClientAppActor pid=254107)[0m         
[36m(ClientAppActor pid=254104)[0m 
[36m(ClientAppActor pid=254104)[0m         
[36m(ClientAppActor pid=254107)[0m 
[36m(ClientAppActor pid=254107)[0m         
[36m(ClientAppActor pid=254107)[0m 
[36m(ClientAppActor pid=254107)[0m         
[36m(ClientAppActor pid=254104)[0m 
[36m(ClientAppActor pid=254104)[0m         
[36m(ClientAppActor pid=254107)[0m 
[36m(ClientAppActor pid=254107)[0m         
[36m(ClientAppActor pid=254107)[0m [93mWARNING [0m:   DEPRECATED FEATURE: `client_fn` now expects a signature `def client_fn(context: Context)`.The provided `client_fn` has signature: {'cid': <Parameter "cid: str">}. You can import the `Context` like this: `from flwr.app import Context`[32m [repeated 13x across cluster][0m
[36m(ClientAppActor pid=254107)[0m             This is a deprecated feature. It will be removed[32m [repeated 13x across cluster][0m
[36m(ClientAppActor pid=254107)[0m             entirely in future versions of Flower.[32m [repeated 13x across cluster][0m
[36m(ClientAppActor pid=254104)[0m 
[36m(ClientAppActor pid=254104)[0m         
[92mINFO [0m:      aggregate_evaluate: received 10 results and 0 failures
INFO:flwr:aggregate_evaluate: received 10 results and 0 failures
[92mINFO [0m:      
INFO:flwr:
[92mINFO [0m:      [ROUND 20]
INFO:flwr:[ROUND 20]
[92mINFO [0m:      configure_fit: strategy sampled 10 clients (out of 10)
INFO:flwr:configure_fit: strategy sampled 10 clients (out of 10)
[36m(ClientAppActor pid=254107)[0m 
[36m(ClientAppActor pid=254107)[0m         
[36m(ClientAppActor pid=254104)[0m 
[36m(ClientAppActor pid=254104)[0m         
[36m(ClientAppActor pid=254104)[0m 
[36m(ClientAppActor pid=254104)[0m         
[36m(ClientAppActor pid=254104)[0m [Client 9] Training on NVIDIA GeForce RTX 3060[32m [repeated 3x across cluster][0m
[36m(ClientAppActor pid=254104)[0m 
[36m(ClientAppActor pid=254104)[0m         
[36m(ClientAppActor pid=254107)[0m 
[36m(ClientAppActor pid=254107)[0m         
[36m(ClientAppActor pid=254104)[0m 
[36m(ClientAppActor pid=254104)[0m         
[36m(ClientAppActor pid=254104)[0m 
[36m(ClientAppActor pid=254104)[0m         
[36m(ClientAppActor pid=254107)[0m 
[36m(ClientAppActor pid=254107)[0m         
[36m(ClientAppActor pid=254107)[0m [93mWARNING [0m:   DEPRECATED FEATURE: `client_fn` now expects a signature `def client_fn(context: Context)`.The provided `client_fn` has signature: {'cid': <Parameter "cid: str">}. You can import the `Context` like this: `from flwr.app import Context`[32m [repeated 9x across cluster][0m
[36m(ClientAppActor pid=254107)[0m             This is a deprecated feature. It will be removed[32m [repeated 9x across cluster][0m
[36m(ClientAppActor pid=254107)[0m             entirely in future versions of Flower.[32m [repeated 9x across cluster][0m
[36m(ClientAppActor pid=254107)[0m 
[36m(ClientAppActor pid=254107)[0m         
[36m(ClientAppActor pid=254107)[0m 
[36m(ClientAppActor pid=254107)[0m         
[36m(ClientAppActor pid=254107)[0m [Client 4] Training on NVIDIA GeForce RTX 3060[32m [repeated 7x across cluster][0m
[92mINFO [0m:      aggregate_fit: received 10 results and 0 failures
INFO:flwr:aggregate_fit: received 10 results and 0 failures
[CascadeRouter] Round 20: 10 clients, 24578 parameters/client
[92mINFO [0m:      configure_evaluate: strategy sampled 10 clients (out of 10)
INFO:flwr:configure_evaluate: strategy sampled 10 clients (out of 10)
[36m(ClientAppActor pid=254107)[0m 
[36m(ClientAppActor pid=254107)[0m         
[36m(ClientAppActor pid=254104)[0m 
[36m(ClientAppActor pid=254104)[0m         
[36m(ClientAppActor pid=254107)[0m 
[36m(ClientAppActor pid=254107)[0m         
[36m(ClientAppActor pid=254104)[0m 
[36m(ClientAppActor pid=254104)[0m         
[36m(ClientAppActor pid=254107)[0m 
[36m(ClientAppActor pid=254107)[0m         
[36m(ClientAppActor pid=254104)[0m 
[36m(ClientAppActor pid=254104)[0m         
[36m(ClientAppActor pid=254107)[0m 
[36m(ClientAppActor pid=254107)[0m         
[36m(ClientAppActor pid=254104)[0m 
[36m(ClientAppActor pid=254104)[0m         
[36m(ClientAppActor pid=254107)[0m 
[36m(ClientAppActor pid=254107)[0m         
[36m(ClientAppActor pid=254107)[0m [93mWARNING [0m:   DEPRECATED FEATURE: `client_fn` now expects a signature `def client_fn(context: Context)`.The provided `client_fn` has signature: {'cid': <Parameter "cid: str">}. You can import the `Context` like this: `from flwr.app import Context`[32m [repeated 11x across cluster][0m
[36m(ClientAppActor pid=254107)[0m             This is a deprecated feature. It will be removed[32m [repeated 11x across cluster][0m
[36m(ClientAppActor pid=254107)[0m             entirely in future versions of Flower.[32m [repeated 11x across cluster][0m
[36m(ClientAppActor pid=254104)[0m 
[36m(ClientAppActor pid=254104)[0m         
[92mINFO [0m:      aggregate_evaluate: received 10 results and 0 failures
INFO:flwr:aggregate_evaluate: received 10 results and 0 failures
[92mINFO [0m:      
INFO:flwr:
[92mINFO [0m:      [ROUND 21]
INFO:flwr:[ROUND 21]
[92mINFO [0m:      configure_fit: strategy sampled 10 clients (out of 10)
INFO:flwr:configure_fit: strategy sampled 10 clients (out of 10)
[36m(ClientAppActor pid=254104)[0m 
[36m(ClientAppActor pid=254104)[0m         
[36m(ClientAppActor pid=254107)[0m 
[36m(ClientAppActor pid=254107)[0m         
[36m(ClientAppActor pid=254107)[0m 
[36m(ClientAppActor pid=254107)[0m         
[36m(ClientAppActor pid=254107)[0m 
[36m(ClientAppActor pid=254107)[0m         
[36m(ClientAppActor pid=254107)[0m [Client 2] Training on NVIDIA GeForce RTX 3060[32m [repeated 4x across cluster][0m
[36m(ClientAppActor pid=254107)[0m 
[36m(ClientAppActor pid=254107)[0m         
[36m(ClientAppActor pid=254104)[0m 
[36m(ClientAppActor pid=254104)[0m         
[36m(ClientAppActor pid=254104)[0m 
[36m(ClientAppActor pid=254104)[0m         
[36m(ClientAppActor pid=254104)[0m [93mWARNING [0m:   DEPRECATED FEATURE: `client_fn` now expects a signature `def client_fn(context: Context)`.The provided `client_fn` has signature: {'cid': <Parameter "cid: str">}. You can import the `Context` like this: `from flwr.app import Context`[32m [repeated 8x across cluster][0m
[36m(ClientAppActor pid=254104)[0m             This is a deprecated feature. It will be removed[32m [repeated 8x across cluster][0m
[36m(ClientAppActor pid=254104)[0m             entirely in future versions of Flower.[32m [repeated 8x across cluster][0m
[36m(ClientAppActor pid=254104)[0m 
[36m(ClientAppActor pid=254104)[0m         
[36m(ClientAppActor pid=254104)[0m 
[36m(ClientAppActor pid=254104)[0m         
[36m(ClientAppActor pid=254104)[0m [Client 3] Training on NVIDIA GeForce RTX 3060[32m [repeated 5x across cluster][0m
[36m(ClientAppActor pid=254107)[0m 
[36m(ClientAppActor pid=254107)[0m         
[92mINFO [0m:      aggregate_fit: received 10 results and 0 failures
INFO:flwr:aggregate_fit: received 10 results and 0 failures
[CascadeRouter] Round 21: 10 clients, 24578 parameters/client
[92mINFO [0m:      configure_evaluate: strategy sampled 10 clients (out of 10)
INFO:flwr:configure_evaluate: strategy sampled 10 clients (out of 10)
[36m(ClientAppActor pid=254104)[0m 
[36m(ClientAppActor pid=254104)[0m         
[36m(ClientAppActor pid=254107)[0m 
[36m(ClientAppActor pid=254107)[0m         
[36m(ClientAppActor pid=254104)[0m 
[36m(ClientAppActor pid=254104)[0m         
[36m(ClientAppActor pid=254104)[0m [93mWARNING [0m:   DEPRECATED FEATURE: `client_fn` now expects a signature `def client_fn(context: Context)`.The provided `client_fn` has signature: {'cid': <Parameter "cid: str">}. You can import the `Context` like this: `from flwr.app import Context`[32m [repeated 6x across cluster][0m
[36m(ClientAppActor pid=254104)[0m             This is a deprecated feature. It will be removed[32m [repeated 6x across cluster][0m
[36m(ClientAppActor pid=254104)[0m             entirely in future versions of Flower.[32m [repeated 6x across cluster][0m
[36m(ClientAppActor pid=254107)[0m 
[36m(ClientAppActor pid=254107)[0m         
[36m(ClientAppActor pid=254104)[0m 
[36m(ClientAppActor pid=254104)[0m         
[36m(ClientAppActor pid=254107)[0m 
[36m(ClientAppActor pid=254107)[0m         
[36m(ClientAppActor pid=254107)[0m 
[36m(ClientAppActor pid=254107)[0m         
[36m(ClientAppActor pid=254104)[0m 
[36m(ClientAppActor pid=254104)[0m         
[36m(ClientAppActor pid=254107)[0m 
[36m(ClientAppActor pid=254107)[0m         
[36m(ClientAppActor pid=254104)[0m 
[36m(ClientAppActor pid=254104)[0m         
[92mINFO [0m:      aggregate_evaluate: received 10 results and 0 failures
INFO:flwr:aggregate_evaluate: received 10 results and 0 failures
[92mINFO [0m:      
INFO:flwr:
[92mINFO [0m:      [ROUND 22]
INFO:flwr:[ROUND 22]
[92mINFO [0m:      configure_fit: strategy sampled 10 clients (out of 10)
INFO:flwr:configure_fit: strategy sampled 10 clients (out of 10)
[36m(ClientAppActor pid=254107)[0m 
[36m(ClientAppActor pid=254107)[0m         
[36m(ClientAppActor pid=254104)[0m 
[36m(ClientAppActor pid=254104)[0m         
[36m(ClientAppActor pid=254107)[0m 
[36m(ClientAppActor pid=254107)[0m         
[36m(ClientAppActor pid=254107)[0m 
[36m(ClientAppActor pid=254107)[0m         
[36m(ClientAppActor pid=254107)[0m [93mWARNING [0m:   DEPRECATED FEATURE: `client_fn` now expects a signature `def client_fn(context: Context)`.The provided `client_fn` has signature: {'cid': <Parameter "cid: str">}. You can import the `Context` like this: `from flwr.app import Context`[32m [repeated 11x across cluster][0m
[36m(ClientAppActor pid=254107)[0m             This is a deprecated feature. It will be removed[32m [repeated 11x across cluster][0m
[36m(ClientAppActor pid=254107)[0m             entirely in future versions of Flower.[32m [repeated 11x across cluster][0m
[36m(ClientAppActor pid=254107)[0m [Client 9] Training on NVIDIA GeForce RTX 3060[32m [repeated 5x across cluster][0m
[36m(ClientAppActor pid=254107)[0m 
[36m(ClientAppActor pid=254107)[0m         
[36m(ClientAppActor pid=254107)[0m 
[36m(ClientAppActor pid=254107)[0m         
[36m(ClientAppActor pid=254104)[0m 
[36m(ClientAppActor pid=254104)[0m         
[36m(ClientAppActor pid=254107)[0m 
[36m(ClientAppActor pid=254107)[0m         
[36m(ClientAppActor pid=254104)[0m 
[36m(ClientAppActor pid=254104)[0m         
[36m(ClientAppActor pid=254104)[0m 
[36m(ClientAppActor pid=254104)[0m         
[92mINFO [0m:      aggregate_fit: received 10 results and 0 failures
INFO:flwr:aggregate_fit: received 10 results and 0 failures
[CascadeRouter] Round 22: 10 clients, 24578 parameters/client
[92mINFO [0m:      configure_evaluate: strategy sampled 10 clients (out of 10)
INFO:flwr:configure_evaluate: strategy sampled 10 clients (out of 10)
[36m(ClientAppActor pid=254104)[0m 
[36m(ClientAppActor pid=254104)[0m         
[36m(ClientAppActor pid=254104)[0m [93mWARNING [0m:   DEPRECATED FEATURE: `client_fn` now expects a signature `def client_fn(context: Context)`.The provided `client_fn` has signature: {'cid': <Parameter "cid: str">}. You can import the `Context` like this: `from flwr.app import Context`[32m [repeated 7x across cluster][0m
[36m(ClientAppActor pid=254104)[0m             This is a deprecated feature. It will be removed[32m [repeated 7x across cluster][0m
[36m(ClientAppActor pid=254104)[0m             entirely in future versions of Flower.[32m [repeated 7x across cluster][0m
[36m(ClientAppActor pid=254107)[0m 
[36m(ClientAppActor pid=254107)[0m         
[36m(ClientAppActor pid=254104)[0m 
[36m(ClientAppActor pid=254104)[0m         
[36m(ClientAppActor pid=254107)[0m 
[36m(ClientAppActor pid=254107)[0m         
[36m(ClientAppActor pid=254104)[0m 
[36m(ClientAppActor pid=254104)[0m         
[36m(ClientAppActor pid=254107)[0m 
[36m(ClientAppActor pid=254107)[0m         
[36m(ClientAppActor pid=254107)[0m 
[36m(ClientAppActor pid=254107)[0m         
[36m(ClientAppActor pid=254104)[0m 
[36m(ClientAppActor pid=254104)[0m         
[36m(ClientAppActor pid=254104)[0m 
[36m(ClientAppActor pid=254104)[0m         
[36m(ClientAppActor pid=254107)[0m 
[36m(ClientAppActor pid=254107)[0m         
[92mINFO [0m:      aggregate_evaluate: received 10 results and 0 failures
INFO:flwr:aggregate_evaluate: received 10 results and 0 failures
[92mINFO [0m:      
INFO:flwr:
[92mINFO [0m:      [ROUND 23]
INFO:flwr:[ROUND 23]
[92mINFO [0m:      configure_fit: strategy sampled 10 clients (out of 10)
INFO:flwr:configure_fit: strategy sampled 10 clients (out of 10)
[36m(ClientAppActor pid=254107)[0m 
[36m(ClientAppActor pid=254107)[0m         
[36m(ClientAppActor pid=254107)[0m [Client 1] Training on NVIDIA GeForce RTX 3060[32m [repeated 7x across cluster][0m
[36m(ClientAppActor pid=254104)[0m 
[36m(ClientAppActor pid=254104)[0m         
[36m(ClientAppActor pid=254104)[0m 
[36m(ClientAppActor pid=254104)[0m         
[36m(ClientAppActor pid=254104)[0m 
[36m(ClientAppActor pid=254104)[0m         
[36m(ClientAppActor pid=254107)[0m 
[36m(ClientAppActor pid=254107)[0m         
[36m(ClientAppActor pid=254104)[0m 
[36m(ClientAppActor pid=254104)[0m         
[36m(ClientAppActor pid=254107)[0m 
[36m(ClientAppActor pid=254107)[0m         
[36m(ClientAppActor pid=254107)[0m [93mWARNING [0m:   DEPRECATED FEATURE: `client_fn` now expects a signature `def client_fn(context: Context)`.The provided `client_fn` has signature: {'cid': <Parameter "cid: str">}. You can import the `Context` like this: `from flwr.app import Context`[32m [repeated 16x across cluster][0m
[36m(ClientAppActor pid=254107)[0m             This is a deprecated feature. It will be removed[32m [repeated 16x across cluster][0m
[36m(ClientAppActor pid=254107)[0m             entirely in future versions of Flower.[32m [repeated 16x across cluster][0m
[36m(ClientAppActor pid=254104)[0m 
[36m(ClientAppActor pid=254104)[0m         
[36m(ClientAppActor pid=254104)[0m [Client 7] Training on NVIDIA GeForce RTX 3060[32m [repeated 7x across cluster][0m
[36m(ClientAppActor pid=254104)[0m 
[36m(ClientAppActor pid=254104)[0m         
[36m(ClientAppActor pid=254104)[0m 
[36m(ClientAppActor pid=254104)[0m         
[36m(ClientAppActor pid=254104)[0m [93mWARNING [0m:   DEPRECATED FEATURE: `client_fn` now expects a signature `def client_fn(context: Context)`.The provided `client_fn` has signature: {'cid': <Parameter "cid: str">}. You can import the `Context` like this: `from flwr.app import Context`[32m [repeated 3x across cluster][0m
[36m(ClientAppActor pid=254104)[0m             This is a deprecated feature. It will be removed[32m [repeated 3x across cluster][0m
[36m(ClientAppActor pid=254104)[0m             entirely in future versions of Flower.[32m [repeated 3x across cluster][0m
[92mINFO [0m:      aggregate_fit: received 10 results and 0 failures
INFO:flwr:aggregate_fit: received 10 results and 0 failures
[CascadeRouter] Round 23: 10 clients, 24578 parameters/client
[92mINFO [0m:      configure_evaluate: strategy sampled 10 clients (out of 10)
INFO:flwr:configure_evaluate: strategy sampled 10 clients (out of 10)
[36m(ClientAppActor pid=254107)[0m 
[36m(ClientAppActor pid=254107)[0m         
[36m(ClientAppActor pid=254104)[0m 
[36m(ClientAppActor pid=254104)[0m         
[36m(ClientAppActor pid=254107)[0m 
[36m(ClientAppActor pid=254107)[0m         
[36m(ClientAppActor pid=254104)[0m 
[36m(ClientAppActor pid=254104)[0m         
[36m(ClientAppActor pid=254107)[0m 
[36m(ClientAppActor pid=254107)[0m         
[36m(ClientAppActor pid=254104)[0m 
[36m(ClientAppActor pid=254104)[0m         
[36m(ClientAppActor pid=254107)[0m 
[36m(ClientAppActor pid=254107)[0m         
[36m(ClientAppActor pid=254104)[0m 
[36m(ClientAppActor pid=254104)[0m         
[36m(ClientAppActor pid=254107)[0m 
[36m(ClientAppActor pid=254107)[0m         
[36m(ClientAppActor pid=254104)[0m 
[36m(ClientAppActor pid=254104)[0m         
[92mINFO [0m:      aggregate_evaluate: received 10 results and 0 failures
INFO:flwr:aggregate_evaluate: received 10 results and 0 failures
[92mINFO [0m:      
INFO:flwr:
[92mINFO [0m:      [ROUND 24]
INFO:flwr:[ROUND 24]
[92mINFO [0m:      configure_fit: strategy sampled 10 clients (out of 10)
INFO:flwr:configure_fit: strategy sampled 10 clients (out of 10)
[36m(ClientAppActor pid=254104)[0m 
[36m(ClientAppActor pid=254104)[0m         
[36m(ClientAppActor pid=254104)[0m [Client 6] Training on NVIDIA GeForce RTX 3060[32m [repeated 3x across cluster][0m
[36m(ClientAppActor pid=254107)[0m 
[36m(ClientAppActor pid=254107)[0m         
[36m(ClientAppActor pid=254104)[0m 
[36m(ClientAppActor pid=254104)[0m         
[36m(ClientAppActor pid=254107)[0m 
[36m(ClientAppActor pid=254107)[0m         
[36m(ClientAppActor pid=254107)[0m [93mWARNING [0m:   DEPRECATED FEATURE: `client_fn` now expects a signature `def client_fn(context: Context)`.The provided `client_fn` has signature: {'cid': <Parameter "cid: str">}. You can import the `Context` like this: `from flwr.app import Context`[32m [repeated 14x across cluster][0m
[36m(ClientAppActor pid=254107)[0m             This is a deprecated feature. It will be removed[32m [repeated 14x across cluster][0m
[36m(ClientAppActor pid=254107)[0m             entirely in future versions of Flower.[32m [repeated 14x across cluster][0m
[36m(ClientAppActor pid=254104)[0m 
[36m(ClientAppActor pid=254104)[0m         
[36m(ClientAppActor pid=254107)[0m 
[36m(ClientAppActor pid=254107)[0m         
[36m(ClientAppActor pid=254104)[0m 
[36m(ClientAppActor pid=254104)[0m         
[36m(ClientAppActor pid=254107)[0m 
[36m(ClientAppActor pid=254107)[0m         
[36m(ClientAppActor pid=254107)[0m 
[36m(ClientAppActor pid=254107)[0m         
[36m(ClientAppActor pid=254107)[0m [Client 5] Training on NVIDIA GeForce RTX 3060[32m [repeated 8x across cluster][0m
[36m(ClientAppActor pid=254104)[0m 
[36m(ClientAppActor pid=254104)[0m         
[92mINFO [0m:      aggregate_fit: received 10 results and 0 failures
INFO:flwr:aggregate_fit: received 10 results and 0 failures
[CascadeRouter] Round 24: 10 clients, 24578 parameters/client
[92mINFO [0m:      configure_evaluate: strategy sampled 10 clients (out of 10)
INFO:flwr:configure_evaluate: strategy sampled 10 clients (out of 10)
[36m(ClientAppActor pid=254107)[0m 
[36m(ClientAppActor pid=254107)[0m         
[36m(ClientAppActor pid=254107)[0m [93mWARNING [0m:   DEPRECATED FEATURE: `client_fn` now expects a signature `def client_fn(context: Context)`.The provided `client_fn` has signature: {'cid': <Parameter "cid: str">}. You can import the `Context` like this: `from flwr.app import Context`[32m [repeated 7x across cluster][0m
[36m(ClientAppActor pid=254107)[0m             This is a deprecated feature. It will be removed[32m [repeated 7x across cluster][0m
[36m(ClientAppActor pid=254107)[0m             entirely in future versions of Flower.[32m [repeated 7x across cluster][0m
[36m(ClientAppActor pid=254104)[0m 
[36m(ClientAppActor pid=254104)[0m         
[36m(ClientAppActor pid=254107)[0m 
[36m(ClientAppActor pid=254107)[0m         
[36m(ClientAppActor pid=254104)[0m 
[36m(ClientAppActor pid=254104)[0m         
[36m(ClientAppActor pid=254107)[0m 
[36m(ClientAppActor pid=254107)[0m         
[36m(ClientAppActor pid=254104)[0m 
[36m(ClientAppActor pid=254104)[0m         
[36m(ClientAppActor pid=254107)[0m 
[36m(ClientAppActor pid=254107)[0m         
[36m(ClientAppActor pid=254104)[0m 
[36m(ClientAppActor pid=254104)[0m         
[36m(ClientAppActor pid=254107)[0m 
[36m(ClientAppActor pid=254107)[0m         
[36m(ClientAppActor pid=254104)[0m 
[36m(ClientAppActor pid=254104)[0m         
[92mINFO [0m:      aggregate_evaluate: received 10 results and 0 failures
INFO:flwr:aggregate_evaluate: received 10 results and 0 failures
[92mINFO [0m:      
INFO:flwr:
[92mINFO [0m:      [ROUND 25]
INFO:flwr:[ROUND 25]
[92mINFO [0m:      configure_fit: strategy sampled 10 clients (out of 10)
INFO:flwr:configure_fit: strategy sampled 10 clients (out of 10)
[36m(ClientAppActor pid=254107)[0m 
[36m(ClientAppActor pid=254107)[0m         
[36m(ClientAppActor pid=254104)[0m 
[36m(ClientAppActor pid=254104)[0m         
[36m(ClientAppActor pid=254107)[0m [Client 5] Training on NVIDIA GeForce RTX 3060[32m [repeated 2x across cluster][0m
[36m(ClientAppActor pid=254104)[0m 
[36m(ClientAppActor pid=254104)[0m         
[36m(ClientAppActor pid=254104)[0m 
[36m(ClientAppActor pid=254104)[0m         
[36m(ClientAppActor pid=254104)[0m [93mWARNING [0m:   DEPRECATED FEATURE: `client_fn` now expects a signature `def client_fn(context: Context)`.The provided `client_fn` has signature: {'cid': <Parameter "cid: str">}. You can import the `Context` like this: `from flwr.app import Context`[32m [repeated 13x across cluster][0m
[36m(ClientAppActor pid=254104)[0m             This is a deprecated feature. It will be removed[32m [repeated 13x across cluster][0m
[36m(ClientAppActor pid=254104)[0m             entirely in future versions of Flower.[32m [repeated 13x across cluster][0m
[36m(ClientAppActor pid=254104)[0m [Client 7] Training on NVIDIA GeForce RTX 3060[32m [repeated 3x across cluster][0m
[36m(ClientAppActor pid=254107)[0m 
[36m(ClientAppActor pid=254107)[0m         
[36m(ClientAppActor pid=254104)[0m 
[36m(ClientAppActor pid=254104)[0m         
[36m(ClientAppActor pid=254104)[0m 
[36m(ClientAppActor pid=254104)[0m         
[36m(ClientAppActor pid=254104)[0m 
[36m(ClientAppActor pid=254104)[0m         
[36m(ClientAppActor pid=254107)[0m 
[36m(ClientAppActor pid=254107)[0m         
[36m(ClientAppActor pid=254104)[0m 
[36m(ClientAppActor pid=254104)[0m         
[92mINFO [0m:      aggregate_fit: received 10 results and 0 failures
INFO:flwr:aggregate_fit: received 10 results and 0 failures
[CascadeRouter] Round 25: 10 clients, 24578 parameters/client
[92mINFO [0m:      configure_evaluate: strategy sampled 10 clients (out of 10)
INFO:flwr:configure_evaluate: strategy sampled 10 clients (out of 10)
[36m(ClientAppActor pid=254107)[0m 
[36m(ClientAppActor pid=254107)[0m         
[36m(ClientAppActor pid=254104)[0m 
[36m(ClientAppActor pid=254104)[0m         
[36m(ClientAppActor pid=254107)[0m 
[36m(ClientAppActor pid=254107)[0m         
[36m(ClientAppActor pid=254104)[0m 
[36m(ClientAppActor pid=254104)[0m         
[36m(ClientAppActor pid=254107)[0m 
[36m(ClientAppActor pid=254107)[0m         
[36m(ClientAppActor pid=254107)[0m [93mWARNING [0m:   DEPRECATED FEATURE: `client_fn` now expects a signature `def client_fn(context: Context)`.The provided `client_fn` has signature: {'cid': <Parameter "cid: str">}. You can import the `Context` like this: `from flwr.app import Context`[32m [repeated 11x across cluster][0m
[36m(ClientAppActor pid=254107)[0m             This is a deprecated feature. It will be removed[32m [repeated 11x across cluster][0m
[36m(ClientAppActor pid=254107)[0m             entirely in future versions of Flower.[32m [repeated 11x across cluster][0m
[36m(ClientAppActor pid=254104)[0m 
[36m(ClientAppActor pid=254104)[0m         
[36m(ClientAppActor pid=254107)[0m 
[36m(ClientAppActor pid=254107)[0m         
[36m(ClientAppActor pid=254104)[0m 
[36m(ClientAppActor pid=254104)[0m         
[36m(ClientAppActor pid=254107)[0m 
[36m(ClientAppActor pid=254107)[0m         
[36m(ClientAppActor pid=254104)[0m 
[36m(ClientAppActor pid=254104)[0m         
[92mINFO [0m:      aggregate_evaluate: received 10 results and 0 failures
INFO:flwr:aggregate_evaluate: received 10 results and 0 failures
[92mINFO [0m:      
INFO:flwr:
[92mINFO [0m:      [ROUND 26]
INFO:flwr:[ROUND 26]
[92mINFO [0m:      configure_fit: strategy sampled 10 clients (out of 10)
INFO:flwr:configure_fit: strategy sampled 10 clients (out of 10)
[36m(ClientAppActor pid=254107)[0m 
[36m(ClientAppActor pid=254107)[0m         
[36m(ClientAppActor pid=254104)[0m 
[36m(ClientAppActor pid=254104)[0m         
[36m(ClientAppActor pid=254107)[0m [Client 5] Training on NVIDIA GeForce RTX 3060[32m [repeated 7x across cluster][0m
[36m(ClientAppActor pid=254104)[0m 
[36m(ClientAppActor pid=254104)[0m         
[36m(ClientAppActor pid=254104)[0m 
[36m(ClientAppActor pid=254104)[0m         
[36m(ClientAppActor pid=254104)[0m [93mWARNING [0m:   DEPRECATED FEATURE: `client_fn` now expects a signature `def client_fn(context: Context)`.The provided `client_fn` has signature: {'cid': <Parameter "cid: str">}. You can import the `Context` like this: `from flwr.app import Context`[32m [repeated 9x across cluster][0m
[36m(ClientAppActor pid=254104)[0m             This is a deprecated feature. It will be removed[32m [repeated 9x across cluster][0m
[36m(ClientAppActor pid=254104)[0m             entirely in future versions of Flower.[32m [repeated 9x across cluster][0m
[36m(ClientAppActor pid=254104)[0m [Client 0] Training on NVIDIA GeForce RTX 3060[32m [repeated 3x across cluster][0m
[36m(ClientAppActor pid=254107)[0m 
[36m(ClientAppActor pid=254107)[0m         
[36m(ClientAppActor pid=254107)[0m 
[36m(ClientAppActor pid=254107)[0m         
[36m(ClientAppActor pid=254104)[0m 
[36m(ClientAppActor pid=254104)[0m         
[36m(ClientAppActor pid=254107)[0m 
[36m(ClientAppActor pid=254107)[0m         
[36m(ClientAppActor pid=254104)[0m 
[36m(ClientAppActor pid=254104)[0m         
[36m(ClientAppActor pid=254104)[0m 
[36m(ClientAppActor pid=254104)[0m         
[92mINFO [0m:      aggregate_fit: received 10 results and 0 failures
INFO:flwr:aggregate_fit: received 10 results and 0 failures
[CascadeRouter] Round 26: 10 clients, 24578 parameters/client
[92mINFO [0m:      configure_evaluate: strategy sampled 10 clients (out of 10)
INFO:flwr:configure_evaluate: strategy sampled 10 clients (out of 10)
[36m(ClientAppActor pid=254104)[0m 
[36m(ClientAppActor pid=254104)[0m         
[36m(ClientAppActor pid=254104)[0m [93mWARNING [0m:   DEPRECATED FEATURE: `client_fn` now expects a signature `def client_fn(context: Context)`.The provided `client_fn` has signature: {'cid': <Parameter "cid: str">}. You can import the `Context` like this: `from flwr.app import Context`[32m [repeated 7x across cluster][0m
[36m(ClientAppActor pid=254104)[0m             This is a deprecated feature. It will be removed[32m [repeated 7x across cluster][0m
[36m(ClientAppActor pid=254104)[0m             entirely in future versions of Flower.[32m [repeated 7x across cluster][0m
[36m(ClientAppActor pid=254107)[0m 
[36m(ClientAppActor pid=254107)[0m         
[36m(ClientAppActor pid=254107)[0m 
[36m(ClientAppActor pid=254107)[0m         
[36m(ClientAppActor pid=254104)[0m 
[36m(ClientAppActor pid=254104)[0m         
[36m(ClientAppActor pid=254104)[0m 
[36m(ClientAppActor pid=254104)[0m         
[36m(ClientAppActor pid=254107)[0m 
[36m(ClientAppActor pid=254107)[0m         
[36m(ClientAppActor pid=254104)[0m 
[36m(ClientAppActor pid=254104)[0m         
[36m(ClientAppActor pid=254107)[0m 
[36m(ClientAppActor pid=254107)[0m         
[36m(ClientAppActor pid=254107)[0m 
[36m(ClientAppActor pid=254107)[0m         
[36m(ClientAppActor pid=254104)[0m 
[36m(ClientAppActor pid=254104)[0m         
[92mINFO [0m:      aggregate_evaluate: received 10 results and 0 failures
INFO:flwr:aggregate_evaluate: received 10 results and 0 failures
[92mINFO [0m:      
INFO:flwr:
[92mINFO [0m:      [ROUND 27]
INFO:flwr:[ROUND 27]
[92mINFO [0m:      configure_fit: strategy sampled 10 clients (out of 10)
INFO:flwr:configure_fit: strategy sampled 10 clients (out of 10)
[36m(ClientAppActor pid=254107)[0m 
[36m(ClientAppActor pid=254107)[0m         
[36m(ClientAppActor pid=254104)[0m 
[36m(ClientAppActor pid=254104)[0m         
[36m(ClientAppActor pid=254107)[0m [Client 3] Training on NVIDIA GeForce RTX 3060[32m [repeated 7x across cluster][0m
[36m(ClientAppActor pid=254104)[0m 
[36m(ClientAppActor pid=254104)[0m         
[36m(ClientAppActor pid=254104)[0m 
[36m(ClientAppActor pid=254104)[0m         
[36m(ClientAppActor pid=254104)[0m 
[36m(ClientAppActor pid=254104)[0m         
[36m(ClientAppActor pid=254107)[0m 
[36m(ClientAppActor pid=254107)[0m         
[36m(ClientAppActor pid=254104)[0m 
[36m(ClientAppActor pid=254104)[0m         
[36m(ClientAppActor pid=254104)[0m 
[36m(ClientAppActor pid=254104)[0m         
[36m(ClientAppActor pid=254104)[0m [93mWARNING [0m:   DEPRECATED FEATURE: `client_fn` now expects a signature `def client_fn(context: Context)`.The provided `client_fn` has signature: {'cid': <Parameter "cid: str">}. You can import the `Context` like this: `from flwr.app import Context`[32m [repeated 17x across cluster][0m
[36m(ClientAppActor pid=254104)[0m             This is a deprecated feature. It will be removed[32m [repeated 17x across cluster][0m
[36m(ClientAppActor pid=254104)[0m             entirely in future versions of Flower.[32m [repeated 17x across cluster][0m
[36m(ClientAppActor pid=254104)[0m [Client 8] Training on NVIDIA GeForce RTX 3060[32m [repeated 7x across cluster][0m
[36m(ClientAppActor pid=254107)[0m 
[36m(ClientAppActor pid=254107)[0m         
[36m(ClientAppActor pid=254104)[0m 
[36m(ClientAppActor pid=254104)[0m         
[92mINFO [0m:      aggregate_fit: received 10 results and 0 failures
INFO:flwr:aggregate_fit: received 10 results and 0 failures
[CascadeRouter] Round 27: 10 clients, 24578 parameters/client
[92mINFO [0m:      configure_evaluate: strategy sampled 10 clients (out of 10)
INFO:flwr:configure_evaluate: strategy sampled 10 clients (out of 10)
[36m(ClientAppActor pid=254107)[0m 
[36m(ClientAppActor pid=254107)[0m         
[36m(ClientAppActor pid=254104)[0m 
[36m(ClientAppActor pid=254104)[0m         
[36m(ClientAppActor pid=254104)[0m 
[36m(ClientAppActor pid=254104)[0m         
[36m(ClientAppActor pid=254107)[0m 
[36m(ClientAppActor pid=254107)[0m         
[36m(ClientAppActor pid=254107)[0m [93mWARNING [0m:   DEPRECATED FEATURE: `client_fn` now expects a signature `def client_fn(context: Context)`.The provided `client_fn` has signature: {'cid': <Parameter "cid: str">}. You can import the `Context` like this: `from flwr.app import Context`[32m [repeated 6x across cluster][0m
[36m(ClientAppActor pid=254107)[0m             This is a deprecated feature. It will be removed[32m [repeated 6x across cluster][0m
[36m(ClientAppActor pid=254107)[0m             entirely in future versions of Flower.[32m [repeated 6x across cluster][0m
[36m(ClientAppActor pid=254104)[0m 
[36m(ClientAppActor pid=254104)[0m         
[36m(ClientAppActor pid=254107)[0m 
[36m(ClientAppActor pid=254107)[0m         
[36m(ClientAppActor pid=254104)[0m 
[36m(ClientAppActor pid=254104)[0m         
[36m(ClientAppActor pid=254107)[0m 
[36m(ClientAppActor pid=254107)[0m         
[36m(ClientAppActor pid=254107)[0m 
[36m(ClientAppActor pid=254107)[0m         
[36m(ClientAppActor pid=254104)[0m 
[36m(ClientAppActor pid=254104)[0m         
[92mINFO [0m:      aggregate_evaluate: received 10 results and 0 failures
INFO:flwr:aggregate_evaluate: received 10 results and 0 failures
[92mINFO [0m:      
INFO:flwr:
[92mINFO [0m:      [ROUND 28]
INFO:flwr:[ROUND 28]
[92mINFO [0m:      configure_fit: strategy sampled 10 clients (out of 10)
INFO:flwr:configure_fit: strategy sampled 10 clients (out of 10)
[36m(ClientAppActor pid=254107)[0m 
[36m(ClientAppActor pid=254107)[0m         
[36m(ClientAppActor pid=254107)[0m [Client 6] Training on NVIDIA GeForce RTX 3060[32m [repeated 3x across cluster][0m
[36m(ClientAppActor pid=254104)[0m 
[36m(ClientAppActor pid=254104)[0m         
[36m(ClientAppActor pid=254107)[0m 
[36m(ClientAppActor pid=254107)[0m         
[36m(ClientAppActor pid=254107)[0m 
[36m(ClientAppActor pid=254107)[0m         
[36m(ClientAppActor pid=254107)[0m 
[36m(ClientAppActor pid=254107)[0m         
[36m(ClientAppActor pid=254104)[0m 
[36m(ClientAppActor pid=254104)[0m         
[36m(ClientAppActor pid=254107)[0m 
[36m(ClientAppActor pid=254107)[0m         
[36m(ClientAppActor pid=254107)[0m [93mWARNING [0m:   DEPRECATED FEATURE: `client_fn` now expects a signature `def client_fn(context: Context)`.The provided `client_fn` has signature: {'cid': <Parameter "cid: str">}. You can import the `Context` like this: `from flwr.app import Context`[32m [repeated 13x across cluster][0m
[36m(ClientAppActor pid=254107)[0m             This is a deprecated feature. It will be removed[32m [repeated 13x across cluster][0m
[36m(ClientAppActor pid=254107)[0m             entirely in future versions of Flower.[32m [repeated 13x across cluster][0m
[36m(ClientAppActor pid=254107)[0m 
[36m(ClientAppActor pid=254107)[0m         
[36m(ClientAppActor pid=254107)[0m [Client 5] Training on NVIDIA GeForce RTX 3060[32m [repeated 7x across cluster][0m
[36m(ClientAppActor pid=254104)[0m 
[36m(ClientAppActor pid=254104)[0m         
[36m(ClientAppActor pid=254104)[0m 
[36m(ClientAppActor pid=254104)[0m         
[92mINFO [0m:      aggregate_fit: received 10 results and 0 failures
INFO:flwr:aggregate_fit: received 10 results and 0 failures
[CascadeRouter] Round 28: 10 clients, 24578 parameters/client
[92mINFO [0m:      configure_evaluate: strategy sampled 10 clients (out of 10)
INFO:flwr:configure_evaluate: strategy sampled 10 clients (out of 10)
[36m(ClientAppActor pid=254107)[0m 
[36m(ClientAppActor pid=254107)[0m         
[36m(ClientAppActor pid=254107)[0m [93mWARNING [0m:   DEPRECATED FEATURE: `client_fn` now expects a signature `def client_fn(context: Context)`.The provided `client_fn` has signature: {'cid': <Parameter "cid: str">}. You can import the `Context` like this: `from flwr.app import Context`[32m [repeated 4x across cluster][0m
[36m(ClientAppActor pid=254107)[0m             This is a deprecated feature. It will be removed[32m [repeated 4x across cluster][0m
[36m(ClientAppActor pid=254107)[0m             entirely in future versions of Flower.[32m [repeated 4x across cluster][0m
[36m(ClientAppActor pid=254104)[0m 
[36m(ClientAppActor pid=254104)[0m         
[36m(ClientAppActor pid=254107)[0m 
[36m(ClientAppActor pid=254107)[0m         
[36m(ClientAppActor pid=254104)[0m 
[36m(ClientAppActor pid=254104)[0m         
[36m(ClientAppActor pid=254107)[0m 
[36m(ClientAppActor pid=254107)[0m         
[36m(ClientAppActor pid=254104)[0m 
[36m(ClientAppActor pid=254104)[0m         
[36m(ClientAppActor pid=254107)[0m 
[36m(ClientAppActor pid=254107)[0m         
[36m(ClientAppActor pid=254104)[0m 
[36m(ClientAppActor pid=254104)[0m         
[36m(ClientAppActor pid=254107)[0m 
[36m(ClientAppActor pid=254107)[0m         
[36m(ClientAppActor pid=254104)[0m 
[36m(ClientAppActor pid=254104)[0m         
[92mINFO [0m:      aggregate_evaluate: received 10 results and 0 failures
INFO:flwr:aggregate_evaluate: received 10 results and 0 failures
[92mINFO [0m:      
INFO:flwr:
[92mINFO [0m:      [ROUND 29]
INFO:flwr:[ROUND 29]
[92mINFO [0m:      configure_fit: strategy sampled 10 clients (out of 10)
INFO:flwr:configure_fit: strategy sampled 10 clients (out of 10)
[36m(ClientAppActor pid=254104)[0m 
[36m(ClientAppActor pid=254104)[0m         
[36m(ClientAppActor pid=254104)[0m [Client 9] Training on NVIDIA GeForce RTX 3060[32m [repeated 3x across cluster][0m
[36m(ClientAppActor pid=254107)[0m 
[36m(ClientAppActor pid=254107)[0m         
[36m(ClientAppActor pid=254104)[0m 
[36m(ClientAppActor pid=254104)[0m         
[36m(ClientAppActor pid=254104)[0m 
[36m(ClientAppActor pid=254104)[0m         
[36m(ClientAppActor pid=254104)[0m 
[36m(ClientAppActor pid=254104)[0m         
[36m(ClientAppActor pid=254104)[0m [93mWARNING [0m:   DEPRECATED FEATURE: `client_fn` now expects a signature `def client_fn(context: Context)`.The provided `client_fn` has signature: {'cid': <Parameter "cid: str">}. You can import the `Context` like this: `from flwr.app import Context`[32m [repeated 14x across cluster][0m
[36m(ClientAppActor pid=254104)[0m             This is a deprecated feature. It will be removed[32m [repeated 14x across cluster][0m
[36m(ClientAppActor pid=254104)[0m             entirely in future versions of Flower.[32m [repeated 14x across cluster][0m
[36m(ClientAppActor pid=254104)[0m 
[36m(ClientAppActor pid=254104)[0m         
[36m(ClientAppActor pid=254104)[0m 
[36m(ClientAppActor pid=254104)[0m         
[36m(ClientAppActor pid=254104)[0m [Client 8] Training on NVIDIA GeForce RTX 3060[32m [repeated 6x across cluster][0m
[36m(ClientAppActor pid=254107)[0m 
[36m(ClientAppActor pid=254107)[0m         
[36m(ClientAppActor pid=254107)[0m 
[36m(ClientAppActor pid=254107)[0m         
[36m(ClientAppActor pid=254104)[0m 
[36m(ClientAppActor pid=254104)[0m         
[36m(ClientAppActor pid=254104)[0m [93mWARNING [0m:   DEPRECATED FEATURE: `client_fn` now expects a signature `def client_fn(context: Context)`.The provided `client_fn` has signature: {'cid': <Parameter "cid: str">}. You can import the `Context` like this: `from flwr.app import Context`[32m [repeated 5x across cluster][0m
[36m(ClientAppActor pid=254104)[0m             This is a deprecated feature. It will be removed[32m [repeated 5x across cluster][0m
[36m(ClientAppActor pid=254104)[0m             entirely in future versions of Flower.[32m [repeated 5x across cluster][0m
[92mINFO [0m:      aggregate_fit: received 10 results and 0 failures
INFO:flwr:aggregate_fit: received 10 results and 0 failures
[CascadeRouter] Round 29: 10 clients, 24578 parameters/client
[92mINFO [0m:      configure_evaluate: strategy sampled 10 clients (out of 10)
INFO:flwr:configure_evaluate: strategy sampled 10 clients (out of 10)
[36m(ClientAppActor pid=254107)[0m 
[36m(ClientAppActor pid=254107)[0m         
[36m(ClientAppActor pid=254104)[0m 
[36m(ClientAppActor pid=254104)[0m         
[36m(ClientAppActor pid=254104)[0m 
[36m(ClientAppActor pid=254104)[0m         
[36m(ClientAppActor pid=254107)[0m 
[36m(ClientAppActor pid=254107)[0m         
[36m(ClientAppActor pid=254107)[0m 
[36m(ClientAppActor pid=254107)[0m         
[36m(ClientAppActor pid=254104)[0m 
[36m(ClientAppActor pid=254104)[0m         
[36m(ClientAppActor pid=254107)[0m 
[36m(ClientAppActor pid=254107)[0m         
[36m(ClientAppActor pid=254104)[0m 
[36m(ClientAppActor pid=254104)[0m         
[36m(ClientAppActor pid=254104)[0m 
[36m(ClientAppActor pid=254104)[0m         
[36m(ClientAppActor pid=254107)[0m 
[36m(ClientAppActor pid=254107)[0m         
[92mINFO [0m:      aggregate_evaluate: received 10 results and 0 failures
INFO:flwr:aggregate_evaluate: received 10 results and 0 failures
[92mINFO [0m:      
INFO:flwr:
[92mINFO [0m:      [ROUND 30]
INFO:flwr:[ROUND 30]
[92mINFO [0m:      configure_fit: strategy sampled 10 clients (out of 10)
INFO:flwr:configure_fit: strategy sampled 10 clients (out of 10)
[36m(ClientAppActor pid=254107)[0m 
[36m(ClientAppActor pid=254107)[0m         
[36m(ClientAppActor pid=254104)[0m 
[36m(ClientAppActor pid=254104)[0m         
[36m(ClientAppActor pid=254107)[0m [Client 5] Training on NVIDIA GeForce RTX 3060[32m [repeated 4x across cluster][0m
[36m(ClientAppActor pid=254104)[0m 
[36m(ClientAppActor pid=254104)[0m         
[36m(ClientAppActor pid=254104)[0m 
[36m(ClientAppActor pid=254104)[0m         
[36m(ClientAppActor pid=254104)[0m [93mWARNING [0m:   DEPRECATED FEATURE: `client_fn` now expects a signature `def client_fn(context: Context)`.The provided `client_fn` has signature: {'cid': <Parameter "cid: str">}. You can import the `Context` like this: `from flwr.app import Context`[32m [repeated 14x across cluster][0m
[36m(ClientAppActor pid=254104)[0m             This is a deprecated feature. It will be removed[32m [repeated 14x across cluster][0m
[36m(ClientAppActor pid=254104)[0m             entirely in future versions of Flower.[32m [repeated 14x across cluster][0m
[36m(ClientAppActor pid=254104)[0m 
[36m(ClientAppActor pid=254104)[0m         
[36m(ClientAppActor pid=254104)[0m 
[36m(ClientAppActor pid=254104)[0m         
[36m(ClientAppActor pid=254107)[0m 
[36m(ClientAppActor pid=254107)[0m         
[36m(ClientAppActor pid=254107)[0m [Client 0] Training on NVIDIA GeForce RTX 3060[32m [repeated 6x across cluster][0m
[36m(ClientAppActor pid=254104)[0m 
[36m(ClientAppActor pid=254104)[0m         
[36m(ClientAppActor pid=254107)[0m 
[36m(ClientAppActor pid=254107)[0m         
[36m(ClientAppActor pid=254104)[0m 
[36m(ClientAppActor pid=254104)[0m         
[92mINFO [0m:      aggregate_fit: received 10 results and 0 failures
INFO:flwr:aggregate_fit: received 10 results and 0 failures
[CascadeRouter] Round 30: 10 clients, 24578 parameters/client
[92mINFO [0m:      configure_evaluate: strategy sampled 10 clients (out of 10)
INFO:flwr:configure_evaluate: strategy sampled 10 clients (out of 10)
[36m(ClientAppActor pid=254104)[0m 
[36m(ClientAppActor pid=254104)[0m         
[36m(ClientAppActor pid=254104)[0m [93mWARNING [0m:   DEPRECATED FEATURE: `client_fn` now expects a signature `def client_fn(context: Context)`.The provided `client_fn` has signature: {'cid': <Parameter "cid: str">}. You can import the `Context` like this: `from flwr.app import Context`[32m [repeated 7x across cluster][0m
[36m(ClientAppActor pid=254104)[0m             This is a deprecated feature. It will be removed[32m [repeated 7x across cluster][0m
[36m(ClientAppActor pid=254104)[0m             entirely in future versions of Flower.[32m [repeated 7x across cluster][0m
[36m(ClientAppActor pid=254107)[0m 
[36m(ClientAppActor pid=254107)[0m         
[36m(ClientAppActor pid=254107)[0m 
[36m(ClientAppActor pid=254107)[0m         
[36m(ClientAppActor pid=254104)[0m 
[36m(ClientAppActor pid=254104)[0m         
[36m(ClientAppActor pid=254104)[0m 
[36m(ClientAppActor pid=254104)[0m         
[36m(ClientAppActor pid=254107)[0m 
[36m(ClientAppActor pid=254107)[0m         
[36m(ClientAppActor pid=254104)[0m 
[36m(ClientAppActor pid=254104)[0m         
[36m(ClientAppActor pid=254107)[0m 
[36m(ClientAppActor pid=254107)[0m         
[36m(ClientAppActor pid=254107)[0m 
[36m(ClientAppActor pid=254107)[0m         
[36m(ClientAppActor pid=254104)[0m 
[36m(ClientAppActor pid=254104)[0m         
[92mINFO [0m:      aggregate_evaluate: received 10 results and 0 failures
INFO:flwr:aggregate_evaluate: received 10 results and 0 failures
[92mINFO [0m:      
INFO:flwr:
[92mINFO [0m:      [ROUND 31]
INFO:flwr:[ROUND 31]
[92mINFO [0m:      configure_fit: strategy sampled 10 clients (out of 10)
INFO:flwr:configure_fit: strategy sampled 10 clients (out of 10)
[36m(ClientAppActor pid=254107)[0m 
[36m(ClientAppActor pid=254107)[0m         
[36m(ClientAppActor pid=254107)[0m [Client 0] Training on NVIDIA GeForce RTX 3060[32m [repeated 4x across cluster][0m
[36m(ClientAppActor pid=254104)[0m 
[36m(ClientAppActor pid=254104)[0m         
[36m(ClientAppActor pid=254107)[0m 
[36m(ClientAppActor pid=254107)[0m         
[36m(ClientAppActor pid=254104)[0m 
[36m(ClientAppActor pid=254104)[0m         
[36m(ClientAppActor pid=254104)[0m 
[36m(ClientAppActor pid=254104)[0m         
[36m(ClientAppActor pid=254107)[0m 
[36m(ClientAppActor pid=254107)[0m         
[36m(ClientAppActor pid=254107)[0m [93mWARNING [0m:   DEPRECATED FEATURE: `client_fn` now expects a signature `def client_fn(context: Context)`.The provided `client_fn` has signature: {'cid': <Parameter "cid: str">}. You can import the `Context` like this: `from flwr.app import Context`[32m [repeated 15x across cluster][0m
[36m(ClientAppActor pid=254107)[0m             This is a deprecated feature. It will be removed[32m [repeated 15x across cluster][0m
[36m(ClientAppActor pid=254107)[0m             entirely in future versions of Flower.[32m [repeated 15x across cluster][0m
[36m(ClientAppActor pid=254104)[0m 
[36m(ClientAppActor pid=254104)[0m         
[36m(ClientAppActor pid=254104)[0m [Client 8] Training on NVIDIA GeForce RTX 3060[32m [repeated 6x across cluster][0m
[36m(ClientAppActor pid=254104)[0m 
[36m(ClientAppActor pid=254104)[0m         
[36m(ClientAppActor pid=254104)[0m [93mWARNING [0m:   DEPRECATED FEATURE: `client_fn` now expects a signature `def client_fn(context: Context)`.The provided `client_fn` has signature: {'cid': <Parameter "cid: str">}. You can import the `Context` like this: `from flwr.app import Context`[32m [repeated 2x across cluster][0m
[36m(ClientAppActor pid=254104)[0m             This is a deprecated feature. It will be removed[32m [repeated 2x across cluster][0m
[36m(ClientAppActor pid=254104)[0m             entirely in future versions of Flower.[32m [repeated 2x across cluster][0m
[36m(ClientAppActor pid=254107)[0m 
[36m(ClientAppActor pid=254107)[0m         
[36m(ClientAppActor pid=254104)[0m 
[36m(ClientAppActor pid=254104)[0m         
[92mINFO [0m:      aggregate_fit: received 10 results and 0 failures
INFO:flwr:aggregate_fit: received 10 results and 0 failures
[CascadeRouter] Round 31: 10 clients, 24578 parameters/client
[92mINFO [0m:      configure_evaluate: strategy sampled 10 clients (out of 10)
INFO:flwr:configure_evaluate: strategy sampled 10 clients (out of 10)
[36m(ClientAppActor pid=254104)[0m 
[36m(ClientAppActor pid=254104)[0m         
[36m(ClientAppActor pid=254107)[0m 
[36m(ClientAppActor pid=254107)[0m         
[36m(ClientAppActor pid=254107)[0m 
[36m(ClientAppActor pid=254107)[0m         
[36m(ClientAppActor pid=254104)[0m 
[36m(ClientAppActor pid=254104)[0m         
[36m(ClientAppActor pid=254104)[0m 
[36m(ClientAppActor pid=254104)[0m         
[36m(ClientAppActor pid=254107)[0m 
[36m(ClientAppActor pid=254107)[0m         
[36m(ClientAppActor pid=254104)[0m 
[36m(ClientAppActor pid=254104)[0m         
[36m(ClientAppActor pid=254107)[0m 
[36m(ClientAppActor pid=254107)[0m         
[36m(ClientAppActor pid=254107)[0m 
[36m(ClientAppActor pid=254107)[0m         
[36m(ClientAppActor pid=254104)[0m 
[36m(ClientAppActor pid=254104)[0m         
[92mINFO [0m:      aggregate_evaluate: received 10 results and 0 failures
INFO:flwr:aggregate_evaluate: received 10 results and 0 failures
[92mINFO [0m:      
INFO:flwr:
[92mINFO [0m:      [ROUND 32]
INFO:flwr:[ROUND 32]
[92mINFO [0m:      configure_fit: strategy sampled 10 clients (out of 10)
INFO:flwr:configure_fit: strategy sampled 10 clients (out of 10)
[36m(ClientAppActor pid=254107)[0m 
[36m(ClientAppActor pid=254107)[0m         
[36m(ClientAppActor pid=254107)[0m [Client 7] Training on NVIDIA GeForce RTX 3060[32m [repeated 4x across cluster][0m
[36m(ClientAppActor pid=254104)[0m 
[36m(ClientAppActor pid=254104)[0m         
[36m(ClientAppActor pid=254107)[0m 
[36m(ClientAppActor pid=254107)[0m         
[36m(ClientAppActor pid=254104)[0m 
[36m(ClientAppActor pid=254104)[0m         
[36m(ClientAppActor pid=254104)[0m 
[36m(ClientAppActor pid=254104)[0m         
[36m(ClientAppActor pid=254104)[0m 
[36m(ClientAppActor pid=254104)[0m         
[36m(ClientAppActor pid=254104)[0m 
[36m(ClientAppActor pid=254104)[0m         
[36m(ClientAppActor pid=254104)[0m [93mWARNING [0m:   DEPRECATED FEATURE: `client_fn` now expects a signature `def client_fn(context: Context)`.The provided `client_fn` has signature: {'cid': <Parameter "cid: str">}. You can import the `Context` like this: `from flwr.app import Context`[32m [repeated 19x across cluster][0m
[36m(ClientAppActor pid=254104)[0m             This is a deprecated feature. It will be removed[32m [repeated 19x across cluster][0m
[36m(ClientAppActor pid=254104)[0m             entirely in future versions of Flower.[32m [repeated 19x across cluster][0m
[36m(ClientAppActor pid=254104)[0m [Client 4] Training on NVIDIA GeForce RTX 3060[32m [repeated 6x across cluster][0m
[36m(ClientAppActor pid=254107)[0m 
[36m(ClientAppActor pid=254107)[0m         
[36m(ClientAppActor pid=254107)[0m 
[36m(ClientAppActor pid=254107)[0m         
[36m(ClientAppActor pid=254104)[0m 
[36m(ClientAppActor pid=254104)[0m         
[92mINFO [0m:      aggregate_fit: received 10 results and 0 failures
INFO:flwr:aggregate_fit: received 10 results and 0 failures
[CascadeRouter] Round 32: 10 clients, 24578 parameters/client
[92mINFO [0m:      configure_evaluate: strategy sampled 10 clients (out of 10)
INFO:flwr:configure_evaluate: strategy sampled 10 clients (out of 10)
[36m(ClientAppActor pid=254104)[0m 
[36m(ClientAppActor pid=254104)[0m         
[36m(ClientAppActor pid=254107)[0m 
[36m(ClientAppActor pid=254107)[0m         
[36m(ClientAppActor pid=254107)[0m 
[36m(ClientAppActor pid=254107)[0m         
[36m(ClientAppActor pid=254107)[0m [93mWARNING [0m:   DEPRECATED FEATURE: `client_fn` now expects a signature `def client_fn(context: Context)`.The provided `client_fn` has signature: {'cid': <Parameter "cid: str">}. You can import the `Context` like this: `from flwr.app import Context`[32m [repeated 6x across cluster][0m
[36m(ClientAppActor pid=254107)[0m             This is a deprecated feature. It will be removed[32m [repeated 6x across cluster][0m
[36m(ClientAppActor pid=254107)[0m             entirely in future versions of Flower.[32m [repeated 6x across cluster][0m
[36m(ClientAppActor pid=254104)[0m 
[36m(ClientAppActor pid=254104)[0m         
[36m(ClientAppActor pid=254104)[0m 
[36m(ClientAppActor pid=254104)[0m         
[36m(ClientAppActor pid=254107)[0m 
[36m(ClientAppActor pid=254107)[0m         
[36m(ClientAppActor pid=254107)[0m 
[36m(ClientAppActor pid=254107)[0m         
[36m(ClientAppActor pid=254104)[0m 
[36m(ClientAppActor pid=254104)[0m         
[36m(ClientAppActor pid=254104)[0m 
[36m(ClientAppActor pid=254104)[0m         
[36m(ClientAppActor pid=254107)[0m 
[36m(ClientAppActor pid=254107)[0m         
[92mINFO [0m:      aggregate_evaluate: received 10 results and 0 failures
INFO:flwr:aggregate_evaluate: received 10 results and 0 failures
[92mINFO [0m:      
INFO:flwr:
[92mINFO [0m:      [ROUND 33]
INFO:flwr:[ROUND 33]
[92mINFO [0m:      configure_fit: strategy sampled 10 clients (out of 10)
INFO:flwr:configure_fit: strategy sampled 10 clients (out of 10)
[36m(ClientAppActor pid=254107)[0m 
[36m(ClientAppActor pid=254107)[0m         
[36m(ClientAppActor pid=254107)[0m [Client 4] Training on NVIDIA GeForce RTX 3060[32m [repeated 4x across cluster][0m
[36m(ClientAppActor pid=254104)[0m 
[36m(ClientAppActor pid=254104)[0m         
[36m(ClientAppActor pid=254104)[0m 
[36m(ClientAppActor pid=254104)[0m         
[36m(ClientAppActor pid=254107)[0m 
[36m(ClientAppActor pid=254107)[0m         
[36m(ClientAppActor pid=254104)[0m 
[36m(ClientAppActor pid=254104)[0m         
[36m(ClientAppActor pid=254104)[0m [93mWARNING [0m:   DEPRECATED FEATURE: `client_fn` now expects a signature `def client_fn(context: Context)`.The provided `client_fn` has signature: {'cid': <Parameter "cid: str">}. You can import the `Context` like this: `from flwr.app import Context`[32m [repeated 12x across cluster][0m
[36m(ClientAppActor pid=254104)[0m             This is a deprecated feature. It will be removed[32m [repeated 12x across cluster][0m
[36m(ClientAppActor pid=254104)[0m             entirely in future versions of Flower.[32m [repeated 12x across cluster][0m
[36m(ClientAppActor pid=254107)[0m 
[36m(ClientAppActor pid=254107)[0m         
[36m(ClientAppActor pid=254107)[0m 
[36m(ClientAppActor pid=254107)[0m         
[36m(ClientAppActor pid=254107)[0m 
[36m(ClientAppActor pid=254107)[0m         
[36m(ClientAppActor pid=254107)[0m [Client 2] Training on NVIDIA GeForce RTX 3060[32m [repeated 7x across cluster][0m
[36m(ClientAppActor pid=254107)[0m 
[36m(ClientAppActor pid=254107)[0m         
[36m(ClientAppActor pid=254107)[0m 
[36m(ClientAppActor pid=254107)[0m         
[92mINFO [0m:      aggregate_fit: received 10 results and 0 failures
INFO:flwr:aggregate_fit: received 10 results and 0 failures
[CascadeRouter] Round 33: 10 clients, 24578 parameters/client
[92mINFO [0m:      configure_evaluate: strategy sampled 10 clients (out of 10)
INFO:flwr:configure_evaluate: strategy sampled 10 clients (out of 10)
[36m(ClientAppActor pid=254107)[0m 
[36m(ClientAppActor pid=254107)[0m         
[36m(ClientAppActor pid=254107)[0m [93mWARNING [0m:   DEPRECATED FEATURE: `client_fn` now expects a signature `def client_fn(context: Context)`.The provided `client_fn` has signature: {'cid': <Parameter "cid: str">}. You can import the `Context` like this: `from flwr.app import Context`[32m [repeated 6x across cluster][0m
[36m(ClientAppActor pid=254107)[0m             This is a deprecated feature. It will be removed[32m [repeated 6x across cluster][0m
[36m(ClientAppActor pid=254107)[0m             entirely in future versions of Flower.[32m [repeated 6x across cluster][0m
[36m(ClientAppActor pid=254104)[0m 
[36m(ClientAppActor pid=254104)[0m         
[36m(ClientAppActor pid=254107)[0m 
[36m(ClientAppActor pid=254107)[0m         
[36m(ClientAppActor pid=254104)[0m 
[36m(ClientAppActor pid=254104)[0m         
[36m(ClientAppActor pid=254107)[0m 
[36m(ClientAppActor pid=254107)[0m         
[36m(ClientAppActor pid=254104)[0m 
[36m(ClientAppActor pid=254104)[0m         
[36m(ClientAppActor pid=254107)[0m 
[36m(ClientAppActor pid=254107)[0m         
[36m(ClientAppActor pid=254104)[0m 
[36m(ClientAppActor pid=254104)[0m         
[36m(ClientAppActor pid=254107)[0m 
[36m(ClientAppActor pid=254107)[0m         
[36m(ClientAppActor pid=254104)[0m 
[36m(ClientAppActor pid=254104)[0m         
[92mINFO [0m:      aggregate_evaluate: received 10 results and 0 failures
INFO:flwr:aggregate_evaluate: received 10 results and 0 failures
[92mINFO [0m:      
INFO:flwr:
[92mINFO [0m:      [ROUND 34]
INFO:flwr:[ROUND 34]
[92mINFO [0m:      configure_fit: strategy sampled 10 clients (out of 10)
INFO:flwr:configure_fit: strategy sampled 10 clients (out of 10)
[36m(ClientAppActor pid=254104)[0m 
[36m(ClientAppActor pid=254104)[0m         
[36m(ClientAppActor pid=254104)[0m [Client 0] Training on NVIDIA GeForce RTX 3060[32m [repeated 3x across cluster][0m
[36m(ClientAppActor pid=254107)[0m 
[36m(ClientAppActor pid=254107)[0m         
[36m(ClientAppActor pid=254104)[0m 
[36m(ClientAppActor pid=254104)[0m         
[36m(ClientAppActor pid=254104)[0m 
[36m(ClientAppActor pid=254104)[0m         
[36m(ClientAppActor pid=254104)[0m 
[36m(ClientAppActor pid=254104)[0m         
[36m(ClientAppActor pid=254104)[0m 
[36m(ClientAppActor pid=254104)[0m         
[36m(ClientAppActor pid=254107)[0m 
[36m(ClientAppActor pid=254107)[0m         
[36m(ClientAppActor pid=254107)[0m [93mWARNING [0m:   DEPRECATED FEATURE: `client_fn` now expects a signature `def client_fn(context: Context)`.The provided `client_fn` has signature: {'cid': <Parameter "cid: str">}. You can import the `Context` like this: `from flwr.app import Context`[32m [repeated 16x across cluster][0m
[36m(ClientAppActor pid=254107)[0m             This is a deprecated feature. It will be removed[32m [repeated 16x across cluster][0m
[36m(ClientAppActor pid=254107)[0m             entirely in future versions of Flower.[32m [repeated 16x across cluster][0m
[36m(ClientAppActor pid=254104)[0m 
[36m(ClientAppActor pid=254104)[0m         
[36m(ClientAppActor pid=254107)[0m [Client 4] Training on NVIDIA GeForce RTX 3060[32m [repeated 6x across cluster][0m
[36m(ClientAppActor pid=254107)[0m 
[36m(ClientAppActor pid=254107)[0m         
[36m(ClientAppActor pid=254107)[0m 
[36m(ClientAppActor pid=254107)[0m         
[92mINFO [0m:      aggregate_fit: received 10 results and 0 failures
INFO:flwr:aggregate_fit: received 10 results and 0 failures
[CascadeRouter] Round 34: 10 clients, 24578 parameters/client
[92mINFO [0m:      configure_evaluate: strategy sampled 10 clients (out of 10)
INFO:flwr:configure_evaluate: strategy sampled 10 clients (out of 10)
[36m(ClientAppActor pid=254107)[0m 
[36m(ClientAppActor pid=254107)[0m         
[36m(ClientAppActor pid=254104)[0m 
[36m(ClientAppActor pid=254104)[0m         
[36m(ClientAppActor pid=254107)[0m 
[36m(ClientAppActor pid=254107)[0m         
[36m(ClientAppActor pid=254104)[0m 
[36m(ClientAppActor pid=254104)[0m         
[36m(ClientAppActor pid=254107)[0m 
[36m(ClientAppActor pid=254107)[0m         
[36m(ClientAppActor pid=254107)[0m [93mWARNING [0m:   DEPRECATED FEATURE: `client_fn` now expects a signature `def client_fn(context: Context)`.The provided `client_fn` has signature: {'cid': <Parameter "cid: str">}. You can import the `Context` like this: `from flwr.app import Context`[32m [repeated 8x across cluster][0m
[36m(ClientAppActor pid=254107)[0m             This is a deprecated feature. It will be removed[32m [repeated 8x across cluster][0m
[36m(ClientAppActor pid=254107)[0m             entirely in future versions of Flower.[32m [repeated 8x across cluster][0m
[36m(ClientAppActor pid=254104)[0m 
[36m(ClientAppActor pid=254104)[0m         
[36m(ClientAppActor pid=254107)[0m 
[36m(ClientAppActor pid=254107)[0m         
[36m(ClientAppActor pid=254104)[0m 
[36m(ClientAppActor pid=254104)[0m         
[36m(ClientAppActor pid=254107)[0m 
[36m(ClientAppActor pid=254107)[0m         
[36m(ClientAppActor pid=254104)[0m 
[36m(ClientAppActor pid=254104)[0m         
[92mINFO [0m:      aggregate_evaluate: received 10 results and 0 failures
INFO:flwr:aggregate_evaluate: received 10 results and 0 failures
[92mINFO [0m:      
INFO:flwr:
[92mINFO [0m:      [ROUND 35]
INFO:flwr:[ROUND 35]
[92mINFO [0m:      configure_fit: strategy sampled 10 clients (out of 10)
INFO:flwr:configure_fit: strategy sampled 10 clients (out of 10)
[36m(ClientAppActor pid=254104)[0m 
[36m(ClientAppActor pid=254104)[0m         
[36m(ClientAppActor pid=254104)[0m [Client 7] Training on NVIDIA GeForce RTX 3060[32m [repeated 4x across cluster][0m
[36m(ClientAppActor pid=254107)[0m 
[36m(ClientAppActor pid=254107)[0m         
[36m(ClientAppActor pid=254104)[0m 
[36m(ClientAppActor pid=254104)[0m         
[36m(ClientAppActor pid=254104)[0m 
[36m(ClientAppActor pid=254104)[0m         
[36m(ClientAppActor pid=254104)[0m 
[36m(ClientAppActor pid=254104)[0m         
[36m(ClientAppActor pid=254104)[0m 
[36m(ClientAppActor pid=254104)[0m         
[36m(ClientAppActor pid=254107)[0m 
[36m(ClientAppActor pid=254107)[0m         
[36m(ClientAppActor pid=254107)[0m 
[36m(ClientAppActor pid=254107)[0m         
[36m(ClientAppActor pid=254107)[0m [93mWARNING [0m:   DEPRECATED FEATURE: `client_fn` now expects a signature `def client_fn(context: Context)`.The provided `client_fn` has signature: {'cid': <Parameter "cid: str">}. You can import the `Context` like this: `from flwr.app import Context`[32m [repeated 13x across cluster][0m
[36m(ClientAppActor pid=254107)[0m             This is a deprecated feature. It will be removed[32m [repeated 13x across cluster][0m
[36m(ClientAppActor pid=254107)[0m             entirely in future versions of Flower.[32m [repeated 13x across cluster][0m
[36m(ClientAppActor pid=254104)[0m 
[36m(ClientAppActor pid=254104)[0m         
[36m(ClientAppActor pid=254107)[0m [Client 6] Training on NVIDIA GeForce RTX 3060[32m [repeated 7x across cluster][0m
[36m(ClientAppActor pid=254107)[0m 
[36m(ClientAppActor pid=254107)[0m         
[92mINFO [0m:      aggregate_fit: received 10 results and 0 failures
INFO:flwr:aggregate_fit: received 10 results and 0 failures
[CascadeRouter] Round 35: 10 clients, 24578 parameters/client
[92mINFO [0m:      configure_evaluate: strategy sampled 10 clients (out of 10)
INFO:flwr:configure_evaluate: strategy sampled 10 clients (out of 10)
[36m(ClientAppActor pid=254107)[0m 
[36m(ClientAppActor pid=254107)[0m         
[36m(ClientAppActor pid=254107)[0m [93mWARNING [0m:   DEPRECATED FEATURE: `client_fn` now expects a signature `def client_fn(context: Context)`.The provided `client_fn` has signature: {'cid': <Parameter "cid: str">}. You can import the `Context` like this: `from flwr.app import Context`[32m [repeated 3x across cluster][0m
[36m(ClientAppActor pid=254107)[0m             This is a deprecated feature. It will be removed[32m [repeated 3x across cluster][0m
[36m(ClientAppActor pid=254107)[0m             entirely in future versions of Flower.[32m [repeated 3x across cluster][0m
[36m(ClientAppActor pid=254104)[0m 
[36m(ClientAppActor pid=254104)[0m         
[36m(ClientAppActor pid=254107)[0m 
[36m(ClientAppActor pid=254107)[0m         
[36m(ClientAppActor pid=254104)[0m 
[36m(ClientAppActor pid=254104)[0m         
[36m(ClientAppActor pid=254107)[0m 
[36m(ClientAppActor pid=254107)[0m         
[36m(ClientAppActor pid=254104)[0m 
[36m(ClientAppActor pid=254104)[0m         
[36m(ClientAppActor pid=254107)[0m 
[36m(ClientAppActor pid=254107)[0m         
[36m(ClientAppActor pid=254104)[0m 
[36m(ClientAppActor pid=254104)[0m         
[36m(ClientAppActor pid=254107)[0m 
[36m(ClientAppActor pid=254107)[0m         
[36m(ClientAppActor pid=254104)[0m 
[36m(ClientAppActor pid=254104)[0m         
[92mINFO [0m:      aggregate_evaluate: received 10 results and 0 failures
INFO:flwr:aggregate_evaluate: received 10 results and 0 failures
[92mINFO [0m:      
INFO:flwr:
[92mINFO [0m:      [ROUND 36]
INFO:flwr:[ROUND 36]
[92mINFO [0m:      configure_fit: strategy sampled 10 clients (out of 10)
INFO:flwr:configure_fit: strategy sampled 10 clients (out of 10)
[36m(ClientAppActor pid=254107)[0m 
[36m(ClientAppActor pid=254107)[0m         
[36m(ClientAppActor pid=254104)[0m 
[36m(ClientAppActor pid=254104)[0m         
[36m(ClientAppActor pid=254107)[0m [Client 3] Training on NVIDIA GeForce RTX 3060[32m [repeated 3x across cluster][0m
[36m(ClientAppActor pid=254104)[0m 
[36m(ClientAppActor pid=254104)[0m         
[36m(ClientAppActor pid=254107)[0m 
[36m(ClientAppActor pid=254107)[0m         
[36m(ClientAppActor pid=254107)[0m [93mWARNING [0m:   DEPRECATED FEATURE: `client_fn` now expects a signature `def client_fn(context: Context)`.The provided `client_fn` has signature: {'cid': <Parameter "cid: str">}. You can import the `Context` like this: `from flwr.app import Context`[32m [repeated 13x across cluster][0m
[36m(ClientAppActor pid=254107)[0m             This is a deprecated feature. It will be removed[32m [repeated 13x across cluster][0m
[36m(ClientAppActor pid=254107)[0m             entirely in future versions of Flower.[32m [repeated 13x across cluster][0m
[36m(ClientAppActor pid=254107)[0m 
[36m(ClientAppActor pid=254107)[0m         
[36m(ClientAppActor pid=254104)[0m 
[36m(ClientAppActor pid=254104)[0m         
[36m(ClientAppActor pid=254107)[0m 
[36m(ClientAppActor pid=254107)[0m         
[36m(ClientAppActor pid=254107)[0m 
[36m(ClientAppActor pid=254107)[0m         
[36m(ClientAppActor pid=254107)[0m 
[36m(ClientAppActor pid=254107)[0m         
[36m(ClientAppActor pid=254104)[0m 
[36m(ClientAppActor pid=254104)[0m         
[36m(ClientAppActor pid=254107)[0m [Client 0] Training on NVIDIA GeForce RTX 3060[32m [repeated 8x across cluster][0m
[92mINFO [0m:      aggregate_fit: received 10 results and 0 failures
INFO:flwr:aggregate_fit: received 10 results and 0 failures
[CascadeRouter] Round 36: 10 clients, 24578 parameters/client
[92mINFO [0m:      configure_evaluate: strategy sampled 10 clients (out of 10)
INFO:flwr:configure_evaluate: strategy sampled 10 clients (out of 10)
[36m(ClientAppActor pid=254107)[0m 
[36m(ClientAppActor pid=254107)[0m         
[36m(ClientAppActor pid=254107)[0m [93mWARNING [0m:   DEPRECATED FEATURE: `client_fn` now expects a signature `def client_fn(context: Context)`.The provided `client_fn` has signature: {'cid': <Parameter "cid: str">}. You can import the `Context` like this: `from flwr.app import Context`[32m [repeated 7x across cluster][0m
[36m(ClientAppActor pid=254107)[0m             This is a deprecated feature. It will be removed[32m [repeated 7x across cluster][0m
[36m(ClientAppActor pid=254107)[0m             entirely in future versions of Flower.[32m [repeated 7x across cluster][0m
[36m(ClientAppActor pid=254104)[0m 
[36m(ClientAppActor pid=254104)[0m         
[36m(ClientAppActor pid=254104)[0m 
[36m(ClientAppActor pid=254104)[0m         
[36m(ClientAppActor pid=254107)[0m 
[36m(ClientAppActor pid=254107)[0m         
[36m(ClientAppActor pid=254107)[0m 
[36m(ClientAppActor pid=254107)[0m         
[36m(ClientAppActor pid=254104)[0m 
[36m(ClientAppActor pid=254104)[0m         
[36m(ClientAppActor pid=254107)[0m 
[36m(ClientAppActor pid=254107)[0m         
[36m(ClientAppActor pid=254104)[0m 
[36m(ClientAppActor pid=254104)[0m         
[36m(ClientAppActor pid=254104)[0m 
[36m(ClientAppActor pid=254104)[0m         
[36m(ClientAppActor pid=254107)[0m 
[36m(ClientAppActor pid=254107)[0m         
[92mINFO [0m:      aggregate_evaluate: received 10 results and 0 failures
INFO:flwr:aggregate_evaluate: received 10 results and 0 failures
[92mINFO [0m:      
INFO:flwr:
[92mINFO [0m:      [ROUND 37]
INFO:flwr:[ROUND 37]
[92mINFO [0m:      configure_fit: strategy sampled 10 clients (out of 10)
INFO:flwr:configure_fit: strategy sampled 10 clients (out of 10)
[36m(ClientAppActor pid=254107)[0m 
[36m(ClientAppActor pid=254107)[0m         
[36m(ClientAppActor pid=254104)[0m 
[36m(ClientAppActor pid=254104)[0m         
[36m(ClientAppActor pid=254107)[0m [Client 3] Training on NVIDIA GeForce RTX 3060[32m [repeated 2x across cluster][0m
[36m(ClientAppActor pid=254104)[0m 
[36m(ClientAppActor pid=254104)[0m         
[36m(ClientAppActor pid=254104)[0m 
[36m(ClientAppActor pid=254104)[0m         
[36m(ClientAppActor pid=254104)[0m 
[36m(ClientAppActor pid=254104)[0m         
[36m(ClientAppActor pid=254104)[0m 
[36m(ClientAppActor pid=254104)[0m         
[36m(ClientAppActor pid=254107)[0m 
[36m(ClientAppActor pid=254107)[0m         
[36m(ClientAppActor pid=254107)[0m [93mWARNING [0m:   DEPRECATED FEATURE: `client_fn` now expects a signature `def client_fn(context: Context)`.The provided `client_fn` has signature: {'cid': <Parameter "cid: str">}. You can import the `Context` like this: `from flwr.app import Context`[32m [repeated 16x across cluster][0m
[36m(ClientAppActor pid=254107)[0m             This is a deprecated feature. It will be removed[32m [repeated 16x across cluster][0m
[36m(ClientAppActor pid=254107)[0m             entirely in future versions of Flower.[32m [repeated 16x across cluster][0m
[36m(ClientAppActor pid=254107)[0m 
[36m(ClientAppActor pid=254107)[0m         
[36m(ClientAppActor pid=254104)[0m 
[36m(ClientAppActor pid=254104)[0m         
[36m(ClientAppActor pid=254104)[0m [Client 5] Training on NVIDIA GeForce RTX 3060[32m [repeated 8x across cluster][0m
[36m(ClientAppActor pid=254107)[0m 
[36m(ClientAppActor pid=254107)[0m         
[92mINFO [0m:      aggregate_fit: received 10 results and 0 failures
INFO:flwr:aggregate_fit: received 10 results and 0 failures
[CascadeRouter] Round 37: 10 clients, 24578 parameters/client
[92mINFO [0m:      configure_evaluate: strategy sampled 10 clients (out of 10)
INFO:flwr:configure_evaluate: strategy sampled 10 clients (out of 10)
[36m(ClientAppActor pid=254107)[0m 
[36m(ClientAppActor pid=254107)[0m         
[36m(ClientAppActor pid=254107)[0m [93mWARNING [0m:   DEPRECATED FEATURE: `client_fn` now expects a signature `def client_fn(context: Context)`.The provided `client_fn` has signature: {'cid': <Parameter "cid: str">}. You can import the `Context` like this: `from flwr.app import Context`[32m [repeated 4x across cluster][0m
[36m(ClientAppActor pid=254107)[0m             This is a deprecated feature. It will be removed[32m [repeated 4x across cluster][0m
[36m(ClientAppActor pid=254107)[0m             entirely in future versions of Flower.[32m [repeated 4x across cluster][0m
[36m(ClientAppActor pid=254104)[0m 
[36m(ClientAppActor pid=254104)[0m         
[36m(ClientAppActor pid=254104)[0m 
[36m(ClientAppActor pid=254104)[0m         
[36m(ClientAppActor pid=254107)[0m 
[36m(ClientAppActor pid=254107)[0m         
[36m(ClientAppActor pid=254104)[0m 
[36m(ClientAppActor pid=254104)[0m         
[36m(ClientAppActor pid=254107)[0m 
[36m(ClientAppActor pid=254107)[0m         
[36m(ClientAppActor pid=254104)[0m 
[36m(ClientAppActor pid=254104)[0m         
[36m(ClientAppActor pid=254107)[0m 
[36m(ClientAppActor pid=254107)[0m         
[36m(ClientAppActor pid=254107)[0m 
[36m(ClientAppActor pid=254107)[0m         
[36m(ClientAppActor pid=254104)[0m 
[36m(ClientAppActor pid=254104)[0m         
[92mINFO [0m:      aggregate_evaluate: received 10 results and 0 failures
INFO:flwr:aggregate_evaluate: received 10 results and 0 failures
[92mINFO [0m:      
INFO:flwr:
[92mINFO [0m:      [ROUND 38]
INFO:flwr:[ROUND 38]
[92mINFO [0m:      configure_fit: strategy sampled 10 clients (out of 10)
INFO:flwr:configure_fit: strategy sampled 10 clients (out of 10)
[36m(ClientAppActor pid=254107)[0m 
[36m(ClientAppActor pid=254107)[0m         
[36m(ClientAppActor pid=254107)[0m [Client 2] Training on NVIDIA GeForce RTX 3060[32m [repeated 2x across cluster][0m
[36m(ClientAppActor pid=254104)[0m 
[36m(ClientAppActor pid=254104)[0m         
[36m(ClientAppActor pid=254107)[0m 
[36m(ClientAppActor pid=254107)[0m         
[36m(ClientAppActor pid=254104)[0m 
[36m(ClientAppActor pid=254104)[0m         
[36m(ClientAppActor pid=254104)[0m 
[36m(ClientAppActor pid=254104)[0m         
[36m(ClientAppActor pid=254104)[0m 
[36m(ClientAppActor pid=254104)[0m         
[36m(ClientAppActor pid=254107)[0m 
[36m(ClientAppActor pid=254107)[0m         
[36m(ClientAppActor pid=254107)[0m [93mWARNING [0m:   DEPRECATED FEATURE: `client_fn` now expects a signature `def client_fn(context: Context)`.The provided `client_fn` has signature: {'cid': <Parameter "cid: str">}. You can import the `Context` like this: `from flwr.app import Context`[32m [repeated 16x across cluster][0m
[36m(ClientAppActor pid=254107)[0m             This is a deprecated feature. It will be removed[32m [repeated 16x across cluster][0m
[36m(ClientAppActor pid=254107)[0m             entirely in future versions of Flower.[32m [repeated 16x across cluster][0m
[36m(ClientAppActor pid=254107)[0m 
[36m(ClientAppActor pid=254107)[0m         
[36m(ClientAppActor pid=254107)[0m [Client 5] Training on NVIDIA GeForce RTX 3060[32m [repeated 7x across cluster][0m
[36m(ClientAppActor pid=254104)[0m 
[36m(ClientAppActor pid=254104)[0m         
[36m(ClientAppActor pid=254104)[0m 
[36m(ClientAppActor pid=254104)[0m         
[36m(ClientAppActor pid=254104)[0m [93mWARNING [0m:   DEPRECATED FEATURE: `client_fn` now expects a signature `def client_fn(context: Context)`.The provided `client_fn` has signature: {'cid': <Parameter "cid: str">}. You can import the `Context` like this: `from flwr.app import Context`[32m [repeated 3x across cluster][0m
[36m(ClientAppActor pid=254104)[0m             This is a deprecated feature. It will be removed[32m [repeated 3x across cluster][0m
[36m(ClientAppActor pid=254104)[0m             entirely in future versions of Flower.[32m [repeated 3x across cluster][0m
[92mINFO [0m:      aggregate_fit: received 10 results and 0 failures
INFO:flwr:aggregate_fit: received 10 results and 0 failures
[CascadeRouter] Round 38: 10 clients, 24578 parameters/client
[92mINFO [0m:      configure_evaluate: strategy sampled 10 clients (out of 10)
INFO:flwr:configure_evaluate: strategy sampled 10 clients (out of 10)
[36m(ClientAppActor pid=254107)[0m 
[36m(ClientAppActor pid=254107)[0m         
[36m(ClientAppActor pid=254104)[0m 
[36m(ClientAppActor pid=254104)[0m         
[36m(ClientAppActor pid=254107)[0m 
[36m(ClientAppActor pid=254107)[0m         
[36m(ClientAppActor pid=254104)[0m 
[36m(ClientAppActor pid=254104)[0m         
[36m(ClientAppActor pid=254107)[0m 
[36m(ClientAppActor pid=254107)[0m         
[36m(ClientAppActor pid=254104)[0m 
[36m(ClientAppActor pid=254104)[0m         
[36m(ClientAppActor pid=254107)[0m 
[36m(ClientAppActor pid=254107)[0m         
[36m(ClientAppActor pid=254104)[0m 
[36m(ClientAppActor pid=254104)[0m         
[36m(ClientAppActor pid=254107)[0m 
[36m(ClientAppActor pid=254107)[0m         
[36m(ClientAppActor pid=254104)[0m 
[36m(ClientAppActor pid=254104)[0m         
[92mINFO [0m:      aggregate_evaluate: received 10 results and 0 failures
INFO:flwr:aggregate_evaluate: received 10 results and 0 failures
[92mINFO [0m:      
INFO:flwr:
[92mINFO [0m:      [ROUND 39]
INFO:flwr:[ROUND 39]
[92mINFO [0m:      configure_fit: strategy sampled 10 clients (out of 10)
INFO:flwr:configure_fit: strategy sampled 10 clients (out of 10)
[36m(ClientAppActor pid=254107)[0m 
[36m(ClientAppActor pid=254107)[0m         
[36m(ClientAppActor pid=254104)[0m 
[36m(ClientAppActor pid=254104)[0m         
[36m(ClientAppActor pid=254107)[0m [Client 6] Training on NVIDIA GeForce RTX 3060[32m [repeated 3x across cluster][0m
[36m(ClientAppActor pid=254104)[0m 
[36m(ClientAppActor pid=254104)[0m         
[36m(ClientAppActor pid=254107)[0m 
[36m(ClientAppActor pid=254107)[0m         
[36m(ClientAppActor pid=254104)[0m 
[36m(ClientAppActor pid=254104)[0m         
[36m(ClientAppActor pid=254104)[0m [93mWARNING [0m:   DEPRECATED FEATURE: `client_fn` now expects a signature `def client_fn(context: Context)`.The provided `client_fn` has signature: {'cid': <Parameter "cid: str">}. You can import the `Context` like this: `from flwr.app import Context`[32m [repeated 15x across cluster][0m
[36m(ClientAppActor pid=254104)[0m             This is a deprecated feature. It will be removed[32m [repeated 15x across cluster][0m
[36m(ClientAppActor pid=254104)[0m             entirely in future versions of Flower.[32m [repeated 15x across cluster][0m
[36m(ClientAppActor pid=254104)[0m 
[36m(ClientAppActor pid=254104)[0m         
[36m(ClientAppActor pid=254107)[0m 
[36m(ClientAppActor pid=254107)[0m         
[36m(ClientAppActor pid=254104)[0m 
[36m(ClientAppActor pid=254104)[0m         
[36m(ClientAppActor pid=254104)[0m 
[36m(ClientAppActor pid=254104)[0m         
[36m(ClientAppActor pid=254104)[0m [Client 3] Training on NVIDIA GeForce RTX 3060[32m [repeated 8x across cluster][0m
[36m(ClientAppActor pid=254107)[0m 
[36m(ClientAppActor pid=254107)[0m         
[36m(ClientAppActor pid=254107)[0m [93mWARNING [0m:   DEPRECATED FEATURE: `client_fn` now expects a signature `def client_fn(context: Context)`.The provided `client_fn` has signature: {'cid': <Parameter "cid: str">}. You can import the `Context` like this: `from flwr.app import Context`[32m [repeated 5x across cluster][0m
[36m(ClientAppActor pid=254107)[0m             This is a deprecated feature. It will be removed[32m [repeated 5x across cluster][0m
[36m(ClientAppActor pid=254107)[0m             entirely in future versions of Flower.[32m [repeated 5x across cluster][0m
[92mINFO [0m:      aggregate_fit: received 10 results and 0 failures
INFO:flwr:aggregate_fit: received 10 results and 0 failures
[CascadeRouter] Round 39: 10 clients, 24578 parameters/client
[92mINFO [0m:      configure_evaluate: strategy sampled 10 clients (out of 10)
INFO:flwr:configure_evaluate: strategy sampled 10 clients (out of 10)
[36m(ClientAppActor pid=254107)[0m 
[36m(ClientAppActor pid=254107)[0m         
[36m(ClientAppActor pid=254104)[0m 
[36m(ClientAppActor pid=254104)[0m         
[36m(ClientAppActor pid=254107)[0m 
[36m(ClientAppActor pid=254107)[0m         
[36m(ClientAppActor pid=254104)[0m 
[36m(ClientAppActor pid=254104)[0m         
[36m(ClientAppActor pid=254107)[0m 
[36m(ClientAppActor pid=254107)[0m         
[36m(ClientAppActor pid=254104)[0m 
[36m(ClientAppActor pid=254104)[0m         
[36m(ClientAppActor pid=254107)[0m 
[36m(ClientAppActor pid=254107)[0m         
[36m(ClientAppActor pid=254104)[0m 
[36m(ClientAppActor pid=254104)[0m         
[36m(ClientAppActor pid=254107)[0m 
[36m(ClientAppActor pid=254107)[0m         
[36m(ClientAppActor pid=254104)[0m 
[36m(ClientAppActor pid=254104)[0m         
[92mINFO [0m:      aggregate_evaluate: received 10 results and 0 failures
INFO:flwr:aggregate_evaluate: received 10 results and 0 failures
[92mINFO [0m:      
INFO:flwr:
[92mINFO [0m:      [ROUND 40]
INFO:flwr:[ROUND 40]
[92mINFO [0m:      configure_fit: strategy sampled 10 clients (out of 10)
INFO:flwr:configure_fit: strategy sampled 10 clients (out of 10)
[36m(ClientAppActor pid=254104)[0m 
[36m(ClientAppActor pid=254104)[0m         
[36m(ClientAppActor pid=254104)[0m [Client 4] Training on NVIDIA GeForce RTX 3060[32m [repeated 2x across cluster][0m
[36m(ClientAppActor pid=254107)[0m 
[36m(ClientAppActor pid=254107)[0m         
[36m(ClientAppActor pid=254104)[0m 
[36m(ClientAppActor pid=254104)[0m         
[36m(ClientAppActor pid=254104)[0m [93mWARNING [0m:   DEPRECATED FEATURE: `client_fn` now expects a signature `def client_fn(context: Context)`.The provided `client_fn` has signature: {'cid': <Parameter "cid: str">}. You can import the `Context` like this: `from flwr.app import Context`[32m [repeated 13x across cluster][0m
[36m(ClientAppActor pid=254104)[0m             This is a deprecated feature. It will be removed[32m [repeated 13x across cluster][0m
[36m(ClientAppActor pid=254104)[0m             entirely in future versions of Flower.[32m [repeated 13x across cluster][0m
[36m(ClientAppActor pid=254104)[0m 
[36m(ClientAppActor pid=254104)[0m         
[36m(ClientAppActor pid=254107)[0m 
[36m(ClientAppActor pid=254107)[0m         
[36m(ClientAppActor pid=254107)[0m 
[36m(ClientAppActor pid=254107)[0m         
[36m(ClientAppActor pid=254107)[0m [Client 2] Training on NVIDIA GeForce RTX 3060[32m [repeated 5x across cluster][0m
[36m(ClientAppActor pid=254107)[0m 
[36m(ClientAppActor pid=254107)[0m         
[36m(ClientAppActor pid=254107)[0m 
[36m(ClientAppActor pid=254107)[0m         
[36m(ClientAppActor pid=254107)[0m [93mWARNING [0m:   DEPRECATED FEATURE: `client_fn` now expects a signature `def client_fn(context: Context)`.The provided `client_fn` has signature: {'cid': <Parameter "cid: str">}. You can import the `Context` like this: `from flwr.app import Context`[32m [repeated 5x across cluster][0m
[36m(ClientAppActor pid=254107)[0m             This is a deprecated feature. It will be removed[32m [repeated 5x across cluster][0m
[36m(ClientAppActor pid=254107)[0m             entirely in future versions of Flower.[32m [repeated 5x across cluster][0m
[36m(ClientAppActor pid=254104)[0m 
[36m(ClientAppActor pid=254104)[0m         
[36m(ClientAppActor pid=254107)[0m 
[36m(ClientAppActor pid=254107)[0m         
[92mINFO [0m:      aggregate_fit: received 10 results and 0 failures
INFO:flwr:aggregate_fit: received 10 results and 0 failures
[CascadeRouter] Round 40: 10 clients, 24578 parameters/client
[92mINFO [0m:      configure_evaluate: strategy sampled 10 clients (out of 10)
INFO:flwr:configure_evaluate: strategy sampled 10 clients (out of 10)
[36m(ClientAppActor pid=254104)[0m 
[36m(ClientAppActor pid=254104)[0m         
[36m(ClientAppActor pid=254107)[0m 
[36m(ClientAppActor pid=254107)[0m         
[36m(ClientAppActor pid=254107)[0m 
[36m(ClientAppActor pid=254107)[0m         
[36m(ClientAppActor pid=254104)[0m 
[36m(ClientAppActor pid=254104)[0m         
[36m(ClientAppActor pid=254107)[0m 
[36m(ClientAppActor pid=254107)[0m         
[36m(ClientAppActor pid=254104)[0m 
[36m(ClientAppActor pid=254104)[0m         
[36m(ClientAppActor pid=254104)[0m 
[36m(ClientAppActor pid=254104)[0m         
[36m(ClientAppActor pid=254107)[0m 
[36m(ClientAppActor pid=254107)[0m         
[36m(ClientAppActor pid=254104)[0m 
[36m(ClientAppActor pid=254104)[0m         
[36m(ClientAppActor pid=254107)[0m 
[36m(ClientAppActor pid=254107)[0m         
[92mINFO [0m:      aggregate_evaluate: received 10 results and 0 failures
INFO:flwr:aggregate_evaluate: received 10 results and 0 failures
[92mINFO [0m:      
INFO:flwr:
[92mINFO [0m:      [ROUND 41]
INFO:flwr:[ROUND 41]
[92mINFO [0m:      configure_fit: strategy sampled 10 clients (out of 10)
INFO:flwr:configure_fit: strategy sampled 10 clients (out of 10)
[36m(ClientAppActor pid=254107)[0m 
[36m(ClientAppActor pid=254107)[0m         
[36m(ClientAppActor pid=254104)[0m 
[36m(ClientAppActor pid=254104)[0m         
[36m(ClientAppActor pid=254107)[0m [Client 1] Training on NVIDIA GeForce RTX 3060[32m [repeated 5x across cluster][0m
[36m(ClientAppActor pid=254104)[0m 
[36m(ClientAppActor pid=254104)[0m         
[36m(ClientAppActor pid=254104)[0m [93mWARNING [0m:   DEPRECATED FEATURE: `client_fn` now expects a signature `def client_fn(context: Context)`.The provided `client_fn` has signature: {'cid': <Parameter "cid: str">}. You can import the `Context` like this: `from flwr.app import Context`[32m [repeated 15x across cluster][0m
[36m(ClientAppActor pid=254104)[0m             This is a deprecated feature. It will be removed[32m [repeated 15x across cluster][0m
[36m(ClientAppActor pid=254104)[0m             entirely in future versions of Flower.[32m [repeated 15x across cluster][0m
[36m(ClientAppActor pid=254107)[0m 
[36m(ClientAppActor pid=254107)[0m         
[36m(ClientAppActor pid=254107)[0m 
[36m(ClientAppActor pid=254107)[0m         
[36m(ClientAppActor pid=254104)[0m 
[36m(ClientAppActor pid=254104)[0m         
[36m(ClientAppActor pid=254104)[0m 
[36m(ClientAppActor pid=254104)[0m         
[36m(ClientAppActor pid=254104)[0m [93mWARNING [0m:   DEPRECATED FEATURE: `client_fn` now expects a signature `def client_fn(context: Context)`.The provided `client_fn` has signature: {'cid': <Parameter "cid: str">}. You can import the `Context` like this: `from flwr.app import Context`[32m [repeated 4x across cluster][0m
[36m(ClientAppActor pid=254104)[0m             This is a deprecated feature. It will be removed[32m [repeated 4x across cluster][0m
[36m(ClientAppActor pid=254104)[0m             entirely in future versions of Flower.[32m [repeated 4x across cluster][0m
[36m(ClientAppActor pid=254104)[0m [Client 9] Training on NVIDIA GeForce RTX 3060[32m [repeated 6x across cluster][0m
[36m(ClientAppActor pid=254104)[0m 
[36m(ClientAppActor pid=254104)[0m         
[36m(ClientAppActor pid=254104)[0m 
[36m(ClientAppActor pid=254104)[0m         
[36m(ClientAppActor pid=254104)[0m 
[36m(ClientAppActor pid=254104)[0m         
[92mINFO [0m:      aggregate_fit: received 10 results and 0 failures
INFO:flwr:aggregate_fit: received 10 results and 0 failures
[CascadeRouter] Round 41: 10 clients, 24578 parameters/client
[92mINFO [0m:      configure_evaluate: strategy sampled 10 clients (out of 10)
INFO:flwr:configure_evaluate: strategy sampled 10 clients (out of 10)
[36m(ClientAppActor pid=254107)[0m 
[36m(ClientAppActor pid=254107)[0m         
[36m(ClientAppActor pid=254104)[0m 
[36m(ClientAppActor pid=254104)[0m         
[36m(ClientAppActor pid=254104)[0m 
[36m(ClientAppActor pid=254104)[0m         
[36m(ClientAppActor pid=254107)[0m 
[36m(ClientAppActor pid=254107)[0m         
[36m(ClientAppActor pid=254104)[0m 
[36m(ClientAppActor pid=254104)[0m         
[36m(ClientAppActor pid=254107)[0m 
[36m(ClientAppActor pid=254107)[0m         
[36m(ClientAppActor pid=254104)[0m 
[36m(ClientAppActor pid=254104)[0m         
[36m(ClientAppActor pid=254107)[0m 
[36m(ClientAppActor pid=254107)[0m         
[36m(ClientAppActor pid=254104)[0m 
[36m(ClientAppActor pid=254104)[0m         
[36m(ClientAppActor pid=254107)[0m 
[36m(ClientAppActor pid=254107)[0m         
[92mINFO [0m:      aggregate_evaluate: received 10 results and 0 failures
INFO:flwr:aggregate_evaluate: received 10 results and 0 failures
[92mINFO [0m:      
INFO:flwr:
[92mINFO [0m:      [ROUND 42]
INFO:flwr:[ROUND 42]
[92mINFO [0m:      configure_fit: strategy sampled 10 clients (out of 10)
INFO:flwr:configure_fit: strategy sampled 10 clients (out of 10)
[36m(ClientAppActor pid=254107)[0m 
[36m(ClientAppActor pid=254107)[0m         
[36m(ClientAppActor pid=254104)[0m 
[36m(ClientAppActor pid=254104)[0m         
[36m(ClientAppActor pid=254107)[0m 
[36m(ClientAppActor pid=254107)[0m         
[36m(ClientAppActor pid=254107)[0m [93mWARNING [0m:   DEPRECATED FEATURE: `client_fn` now expects a signature `def client_fn(context: Context)`.The provided `client_fn` has signature: {'cid': <Parameter "cid: str">}. You can import the `Context` like this: `from flwr.app import Context`[32m [repeated 16x across cluster][0m
[36m(ClientAppActor pid=254107)[0m             This is a deprecated feature. It will be removed[32m [repeated 16x across cluster][0m
[36m(ClientAppActor pid=254107)[0m             entirely in future versions of Flower.[32m [repeated 16x across cluster][0m
[36m(ClientAppActor pid=254107)[0m [Client 3] Training on NVIDIA GeForce RTX 3060[32m [repeated 6x across cluster][0m
[36m(ClientAppActor pid=254104)[0m 
[36m(ClientAppActor pid=254104)[0m         
[36m(ClientAppActor pid=254107)[0m 
[36m(ClientAppActor pid=254107)[0m         
[36m(ClientAppActor pid=254104)[0m 
[36m(ClientAppActor pid=254104)[0m         
[36m(ClientAppActor pid=254104)[0m 
[36m(ClientAppActor pid=254104)[0m         
[36m(ClientAppActor pid=254104)[0m [93mWARNING [0m:   DEPRECATED FEATURE: `client_fn` now expects a signature `def client_fn(context: Context)`.The provided `client_fn` has signature: {'cid': <Parameter "cid: str">}. You can import the `Context` like this: `from flwr.app import Context`[32m [repeated 4x across cluster][0m
[36m(ClientAppActor pid=254104)[0m             This is a deprecated feature. It will be removed[32m [repeated 4x across cluster][0m
[36m(ClientAppActor pid=254104)[0m             entirely in future versions of Flower.[32m [repeated 4x across cluster][0m
[36m(ClientAppActor pid=254104)[0m [Client 6] Training on NVIDIA GeForce RTX 3060[32m [repeated 4x across cluster][0m
[36m(ClientAppActor pid=254104)[0m 
[36m(ClientAppActor pid=254104)[0m         
[36m(ClientAppActor pid=254104)[0m 
[36m(ClientAppActor pid=254104)[0m         
[36m(ClientAppActor pid=254107)[0m 
[36m(ClientAppActor pid=254107)[0m         
[92mINFO [0m:      aggregate_fit: received 10 results and 0 failures
INFO:flwr:aggregate_fit: received 10 results and 0 failures
[CascadeRouter] Round 42: 10 clients, 24578 parameters/client
[92mINFO [0m:      configure_evaluate: strategy sampled 10 clients (out of 10)
INFO:flwr:configure_evaluate: strategy sampled 10 clients (out of 10)
[36m(ClientAppActor pid=254104)[0m 
[36m(ClientAppActor pid=254104)[0m         
[36m(ClientAppActor pid=254104)[0m [93mWARNING [0m:   DEPRECATED FEATURE: `client_fn` now expects a signature `def client_fn(context: Context)`.The provided `client_fn` has signature: {'cid': <Parameter "cid: str">}. You can import the `Context` like this: `from flwr.app import Context`[32m [repeated 4x across cluster][0m
[36m(ClientAppActor pid=254104)[0m             This is a deprecated feature. It will be removed[32m [repeated 4x across cluster][0m
[36m(ClientAppActor pid=254104)[0m             entirely in future versions of Flower.[32m [repeated 4x across cluster][0m
[36m(ClientAppActor pid=254107)[0m 
[36m(ClientAppActor pid=254107)[0m         
[36m(ClientAppActor pid=254107)[0m 
[36m(ClientAppActor pid=254107)[0m         
[36m(ClientAppActor pid=254104)[0m 
[36m(ClientAppActor pid=254104)[0m         
[36m(ClientAppActor pid=254104)[0m 
[36m(ClientAppActor pid=254104)[0m         
[36m(ClientAppActor pid=254107)[0m 
[36m(ClientAppActor pid=254107)[0m         
[36m(ClientAppActor pid=254104)[0m 
[36m(ClientAppActor pid=254104)[0m         
[36m(ClientAppActor pid=254107)[0m 
[36m(ClientAppActor pid=254107)[0m         
[36m(ClientAppActor pid=254104)[0m 
[36m(ClientAppActor pid=254104)[0m         
[36m(ClientAppActor pid=254107)[0m 
[36m(ClientAppActor pid=254107)[0m         
[92mINFO [0m:      aggregate_evaluate: received 10 results and 0 failures
INFO:flwr:aggregate_evaluate: received 10 results and 0 failures
[92mINFO [0m:      
INFO:flwr:
[92mINFO [0m:      [ROUND 43]
INFO:flwr:[ROUND 43]
[92mINFO [0m:      configure_fit: strategy sampled 10 clients (out of 10)
INFO:flwr:configure_fit: strategy sampled 10 clients (out of 10)
[36m(ClientAppActor pid=254107)[0m 
[36m(ClientAppActor pid=254107)[0m         
[36m(ClientAppActor pid=254107)[0m [Client 1] Training on NVIDIA GeForce RTX 3060[32m [repeated 4x across cluster][0m
[36m(ClientAppActor pid=254104)[0m 
[36m(ClientAppActor pid=254104)[0m         
[36m(ClientAppActor pid=254104)[0m 
[36m(ClientAppActor pid=254104)[0m         
[36m(ClientAppActor pid=254104)[0m 
[36m(ClientAppActor pid=254104)[0m         
[36m(ClientAppActor pid=254107)[0m 
[36m(ClientAppActor pid=254107)[0m         
[36m(ClientAppActor pid=254107)[0m 
[36m(ClientAppActor pid=254107)[0m         
[36m(ClientAppActor pid=254104)[0m 
[36m(ClientAppActor pid=254104)[0m         
[36m(ClientAppActor pid=254104)[0m [93mWARNING [0m:   DEPRECATED FEATURE: `client_fn` now expects a signature `def client_fn(context: Context)`.The provided `client_fn` has signature: {'cid': <Parameter "cid: str">}. You can import the `Context` like this: `from flwr.app import Context`[32m [repeated 16x across cluster][0m
[36m(ClientAppActor pid=254104)[0m             This is a deprecated feature. It will be removed[32m [repeated 16x across cluster][0m
[36m(ClientAppActor pid=254104)[0m             entirely in future versions of Flower.[32m [repeated 16x across cluster][0m
[36m(ClientAppActor pid=254104)[0m 
[36m(ClientAppActor pid=254104)[0m         
[36m(ClientAppActor pid=254107)[0m 
[36m(ClientAppActor pid=254107)[0m         
[36m(ClientAppActor pid=254107)[0m [Client 4] Training on NVIDIA GeForce RTX 3060[32m [repeated 8x across cluster][0m
[36m(ClientAppActor pid=254107)[0m 
[36m(ClientAppActor pid=254107)[0m         
[92mINFO [0m:      aggregate_fit: received 10 results and 0 failures
INFO:flwr:aggregate_fit: received 10 results and 0 failures
[CascadeRouter] Round 43: 10 clients, 24578 parameters/client
[92mINFO [0m:      configure_evaluate: strategy sampled 10 clients (out of 10)
INFO:flwr:configure_evaluate: strategy sampled 10 clients (out of 10)
[36m(ClientAppActor pid=254107)[0m 
[36m(ClientAppActor pid=254107)[0m         
[36m(ClientAppActor pid=254107)[0m [93mWARNING [0m:   DEPRECATED FEATURE: `client_fn` now expects a signature `def client_fn(context: Context)`.The provided `client_fn` has signature: {'cid': <Parameter "cid: str">}. You can import the `Context` like this: `from flwr.app import Context`[32m [repeated 4x across cluster][0m
[36m(ClientAppActor pid=254107)[0m             This is a deprecated feature. It will be removed[32m [repeated 4x across cluster][0m
[36m(ClientAppActor pid=254107)[0m             entirely in future versions of Flower.[32m [repeated 4x across cluster][0m
[36m(ClientAppActor pid=254104)[0m 
[36m(ClientAppActor pid=254104)[0m         
[36m(ClientAppActor pid=254107)[0m 
[36m(ClientAppActor pid=254107)[0m         
[36m(ClientAppActor pid=254104)[0m 
[36m(ClientAppActor pid=254104)[0m         
[36m(ClientAppActor pid=254104)[0m 
[36m(ClientAppActor pid=254104)[0m         
[36m(ClientAppActor pid=254107)[0m 
[36m(ClientAppActor pid=254107)[0m         
[36m(ClientAppActor pid=254104)[0m 
[36m(ClientAppActor pid=254104)[0m         
[36m(ClientAppActor pid=254107)[0m 
[36m(ClientAppActor pid=254107)[0m         
[36m(ClientAppActor pid=254107)[0m 
[36m(ClientAppActor pid=254107)[0m         
[36m(ClientAppActor pid=254104)[0m 
[36m(ClientAppActor pid=254104)[0m         
[92mINFO [0m:      aggregate_evaluate: received 10 results and 0 failures
INFO:flwr:aggregate_evaluate: received 10 results and 0 failures
[92mINFO [0m:      
INFO:flwr:
[92mINFO [0m:      [ROUND 44]
INFO:flwr:[ROUND 44]
[92mINFO [0m:      configure_fit: strategy sampled 10 clients (out of 10)
INFO:flwr:configure_fit: strategy sampled 10 clients (out of 10)
[36m(ClientAppActor pid=254107)[0m 
[36m(ClientAppActor pid=254107)[0m         
[36m(ClientAppActor pid=254104)[0m 
[36m(ClientAppActor pid=254104)[0m         
[36m(ClientAppActor pid=254107)[0m [Client 3] Training on NVIDIA GeForce RTX 3060[32m [repeated 2x across cluster][0m
[36m(ClientAppActor pid=254104)[0m 
[36m(ClientAppActor pid=254104)[0m         
[36m(ClientAppActor pid=254107)[0m 
[36m(ClientAppActor pid=254107)[0m         
[36m(ClientAppActor pid=254107)[0m 
[36m(ClientAppActor pid=254107)[0m         
[36m(ClientAppActor pid=254107)[0m [93mWARNING [0m:   DEPRECATED FEATURE: `client_fn` now expects a signature `def client_fn(context: Context)`.The provided `client_fn` has signature: {'cid': <Parameter "cid: str">}. You can import the `Context` like this: `from flwr.app import Context`[32m [repeated 14x across cluster][0m
[36m(ClientAppActor pid=254107)[0m             This is a deprecated feature. It will be removed[32m [repeated 14x across cluster][0m
[36m(ClientAppActor pid=254107)[0m             entirely in future versions of Flower.[32m [repeated 14x across cluster][0m
[36m(ClientAppActor pid=254107)[0m [Client 9] Training on NVIDIA GeForce RTX 3060[32m [repeated 4x across cluster][0m
[36m(ClientAppActor pid=254107)[0m 
[36m(ClientAppActor pid=254107)[0m         
[36m(ClientAppActor pid=254104)[0m 
[36m(ClientAppActor pid=254104)[0m         
[36m(ClientAppActor pid=254104)[0m 
[36m(ClientAppActor pid=254104)[0m         
[36m(ClientAppActor pid=254107)[0m 
[36m(ClientAppActor pid=254107)[0m         
[36m(ClientAppActor pid=254104)[0m 
[36m(ClientAppActor pid=254104)[0m         
[92mINFO [0m:      aggregate_fit: received 10 results and 0 failures
INFO:flwr:aggregate_fit: received 10 results and 0 failures
[CascadeRouter] Round 44: 10 clients, 24578 parameters/client
[92mINFO [0m:      configure_evaluate: strategy sampled 10 clients (out of 10)
INFO:flwr:configure_evaluate: strategy sampled 10 clients (out of 10)
[36m(ClientAppActor pid=254107)[0m 
[36m(ClientAppActor pid=254107)[0m         
[36m(ClientAppActor pid=254104)[0m 
[36m(ClientAppActor pid=254104)[0m         
[36m(ClientAppActor pid=254107)[0m 
[36m(ClientAppActor pid=254107)[0m         
[36m(ClientAppActor pid=254107)[0m [93mWARNING [0m:   DEPRECATED FEATURE: `client_fn` now expects a signature `def client_fn(context: Context)`.The provided `client_fn` has signature: {'cid': <Parameter "cid: str">}. You can import the `Context` like this: `from flwr.app import Context`[32m [repeated 8x across cluster][0m
[36m(ClientAppActor pid=254107)[0m             This is a deprecated feature. It will be removed[32m [repeated 8x across cluster][0m
[36m(ClientAppActor pid=254107)[0m             entirely in future versions of Flower.[32m [repeated 8x across cluster][0m
[36m(ClientAppActor pid=254104)[0m 
[36m(ClientAppActor pid=254104)[0m         
[36m(ClientAppActor pid=254107)[0m 
[36m(ClientAppActor pid=254107)[0m         
[36m(ClientAppActor pid=254104)[0m 
[36m(ClientAppActor pid=254104)[0m         
[36m(ClientAppActor pid=254107)[0m 
[36m(ClientAppActor pid=254107)[0m         
[36m(ClientAppActor pid=254104)[0m 
[36m(ClientAppActor pid=254104)[0m         
[36m(ClientAppActor pid=254104)[0m 
[36m(ClientAppActor pid=254104)[0m         
[36m(ClientAppActor pid=254107)[0m 
[36m(ClientAppActor pid=254107)[0m         
[92mINFO [0m:      aggregate_evaluate: received 10 results and 0 failures
INFO:flwr:aggregate_evaluate: received 10 results and 0 failures
[92mINFO [0m:      
INFO:flwr:
[92mINFO [0m:      [ROUND 45]
INFO:flwr:[ROUND 45]
[92mINFO [0m:      configure_fit: strategy sampled 10 clients (out of 10)
INFO:flwr:configure_fit: strategy sampled 10 clients (out of 10)
[36m(ClientAppActor pid=254107)[0m 
[36m(ClientAppActor pid=254107)[0m         
[36m(ClientAppActor pid=254107)[0m [Client 4] Training on NVIDIA GeForce RTX 3060[32m [repeated 6x across cluster][0m
[36m(ClientAppActor pid=254104)[0m 
[36m(ClientAppActor pid=254104)[0m         
[36m(ClientAppActor pid=254107)[0m 
[36m(ClientAppActor pid=254107)[0m         
[36m(ClientAppActor pid=254104)[0m 
[36m(ClientAppActor pid=254104)[0m         
[36m(ClientAppActor pid=254104)[0m 
[36m(ClientAppActor pid=254104)[0m         
[36m(ClientAppActor pid=254104)[0m [93mWARNING [0m:   DEPRECATED FEATURE: `client_fn` now expects a signature `def client_fn(context: Context)`.The provided `client_fn` has signature: {'cid': <Parameter "cid: str">}. You can import the `Context` like this: `from flwr.app import Context`[32m [repeated 12x across cluster][0m
[36m(ClientAppActor pid=254104)[0m             This is a deprecated feature. It will be removed[32m [repeated 12x across cluster][0m
[36m(ClientAppActor pid=254104)[0m             entirely in future versions of Flower.[32m [repeated 12x across cluster][0m
[36m(ClientAppActor pid=254107)[0m 
[36m(ClientAppActor pid=254107)[0m         
[36m(ClientAppActor pid=254104)[0m 
[36m(ClientAppActor pid=254104)[0m         
[36m(ClientAppActor pid=254104)[0m 
[36m(ClientAppActor pid=254104)[0m         
[36m(ClientAppActor pid=254104)[0m 
[36m(ClientAppActor pid=254104)[0m         
[36m(ClientAppActor pid=254107)[0m 
[36m(ClientAppActor pid=254107)[0m         
[36m(ClientAppActor pid=254107)[0m [Client 8] Training on NVIDIA GeForce RTX 3060[32m [repeated 9x across cluster][0m
[92mINFO [0m:      aggregate_fit: received 10 results and 0 failures
INFO:flwr:aggregate_fit: received 10 results and 0 failures
[CascadeRouter] Round 45: 10 clients, 24578 parameters/client
[92mINFO [0m:      configure_evaluate: strategy sampled 10 clients (out of 10)
INFO:flwr:configure_evaluate: strategy sampled 10 clients (out of 10)
[36m(ClientAppActor pid=254107)[0m 
[36m(ClientAppActor pid=254107)[0m         
[36m(ClientAppActor pid=254107)[0m [93mWARNING [0m:   DEPRECATED FEATURE: `client_fn` now expects a signature `def client_fn(context: Context)`.The provided `client_fn` has signature: {'cid': <Parameter "cid: str">}. You can import the `Context` like this: `from flwr.app import Context`[32m [repeated 6x across cluster][0m
[36m(ClientAppActor pid=254107)[0m             This is a deprecated feature. It will be removed[32m [repeated 6x across cluster][0m
[36m(ClientAppActor pid=254107)[0m             entirely in future versions of Flower.[32m [repeated 6x across cluster][0m
[36m(ClientAppActor pid=254104)[0m 
[36m(ClientAppActor pid=254104)[0m         
[36m(ClientAppActor pid=254104)[0m 
[36m(ClientAppActor pid=254104)[0m         
[36m(ClientAppActor pid=254107)[0m 
[36m(ClientAppActor pid=254107)[0m         
[36m(ClientAppActor pid=254104)[0m 
[36m(ClientAppActor pid=254104)[0m         
[36m(ClientAppActor pid=254107)[0m 
[36m(ClientAppActor pid=254107)[0m         
[36m(ClientAppActor pid=254104)[0m 
[36m(ClientAppActor pid=254104)[0m         
[36m(ClientAppActor pid=254107)[0m 
[36m(ClientAppActor pid=254107)[0m         
[36m(ClientAppActor pid=254107)[0m 
[36m(ClientAppActor pid=254107)[0m         
[36m(ClientAppActor pid=254104)[0m 
[36m(ClientAppActor pid=254104)[0m         
[92mINFO [0m:      aggregate_evaluate: received 10 results and 0 failures
INFO:flwr:aggregate_evaluate: received 10 results and 0 failures
[92mINFO [0m:      
INFO:flwr:
[92mINFO [0m:      [ROUND 46]
INFO:flwr:[ROUND 46]
[92mINFO [0m:      configure_fit: strategy sampled 10 clients (out of 10)
INFO:flwr:configure_fit: strategy sampled 10 clients (out of 10)
[36m(ClientAppActor pid=254107)[0m 
[36m(ClientAppActor pid=254107)[0m         
[36m(ClientAppActor pid=254104)[0m 
[36m(ClientAppActor pid=254104)[0m         
[36m(ClientAppActor pid=254107)[0m [Client 8] Training on NVIDIA GeForce RTX 3060
[36m(ClientAppActor pid=254104)[0m [Client 5] Training on NVIDIA GeForce RTX 3060
[36m(ClientAppActor pid=254107)[0m 
[36m(ClientAppActor pid=254107)[0m         
[36m(ClientAppActor pid=254107)[0m 
[36m(ClientAppActor pid=254107)[0m         
[36m(ClientAppActor pid=254107)[0m [93mWARNING [0m:   DEPRECATED FEATURE: `client_fn` now expects a signature `def client_fn(context: Context)`.The provided `client_fn` has signature: {'cid': <Parameter "cid: str">}. You can import the `Context` like this: `from flwr.app import Context`[32m [repeated 13x across cluster][0m
[36m(ClientAppActor pid=254107)[0m             This is a deprecated feature. It will be removed[32m [repeated 13x across cluster][0m
[36m(ClientAppActor pid=254107)[0m             entirely in future versions of Flower.[32m [repeated 13x across cluster][0m
[36m(ClientAppActor pid=254107)[0m [Client 3] Training on NVIDIA GeForce RTX 3060[32m [repeated 2x across cluster][0m
[36m(ClientAppActor pid=254104)[0m 
[36m(ClientAppActor pid=254104)[0m         
[36m(ClientAppActor pid=254104)[0m 
[36m(ClientAppActor pid=254104)[0m         
[36m(ClientAppActor pid=254107)[0m 
[36m(ClientAppActor pid=254107)[0m         
[36m(ClientAppActor pid=254107)[0m 
[36m(ClientAppActor pid=254107)[0m         
[36m(ClientAppActor pid=254104)[0m 
[36m(ClientAppActor pid=254104)[0m         
[36m(ClientAppActor pid=254107)[0m 
[36m(ClientAppActor pid=254107)[0m         
[92mINFO [0m:      aggregate_fit: received 10 results and 0 failures
INFO:flwr:aggregate_fit: received 10 results and 0 failures
[CascadeRouter] Round 46: 10 clients, 24578 parameters/client
[92mINFO [0m:      configure_evaluate: strategy sampled 10 clients (out of 10)
INFO:flwr:configure_evaluate: strategy sampled 10 clients (out of 10)
[36m(ClientAppActor pid=254104)[0m 
[36m(ClientAppActor pid=254104)[0m         
[36m(ClientAppActor pid=254104)[0m [93mWARNING [0m:   DEPRECATED FEATURE: `client_fn` now expects a signature `def client_fn(context: Context)`.The provided `client_fn` has signature: {'cid': <Parameter "cid: str">}. You can import the `Context` like this: `from flwr.app import Context`[32m [repeated 7x across cluster][0m
[36m(ClientAppActor pid=254104)[0m             This is a deprecated feature. It will be removed[32m [repeated 7x across cluster][0m
[36m(ClientAppActor pid=254104)[0m             entirely in future versions of Flower.[32m [repeated 7x across cluster][0m
[36m(ClientAppActor pid=254107)[0m 
[36m(ClientAppActor pid=254107)[0m         
[36m(ClientAppActor pid=254107)[0m 
[36m(ClientAppActor pid=254107)[0m         
[36m(ClientAppActor pid=254104)[0m 
[36m(ClientAppActor pid=254104)[0m         
[36m(ClientAppActor pid=254104)[0m 
[36m(ClientAppActor pid=254104)[0m         
[36m(ClientAppActor pid=254107)[0m 
[36m(ClientAppActor pid=254107)[0m         
[36m(ClientAppActor pid=254107)[0m 
[36m(ClientAppActor pid=254107)[0m         
[36m(ClientAppActor pid=254104)[0m 
[36m(ClientAppActor pid=254104)[0m         
[36m(ClientAppActor pid=254104)[0m 
[36m(ClientAppActor pid=254104)[0m         
[36m(ClientAppActor pid=254107)[0m 
[36m(ClientAppActor pid=254107)[0m         
[92mINFO [0m:      aggregate_evaluate: received 10 results and 0 failures
INFO:flwr:aggregate_evaluate: received 10 results and 0 failures
[92mINFO [0m:      
INFO:flwr:
[92mINFO [0m:      [ROUND 47]
INFO:flwr:[ROUND 47]
[92mINFO [0m:      configure_fit: strategy sampled 10 clients (out of 10)
INFO:flwr:configure_fit: strategy sampled 10 clients (out of 10)
[36m(ClientAppActor pid=254107)[0m 
[36m(ClientAppActor pid=254107)[0m         
[36m(ClientAppActor pid=254107)[0m [Client 2] Training on NVIDIA GeForce RTX 3060[32m [repeated 7x across cluster][0m
[36m(ClientAppActor pid=254104)[0m 
[36m(ClientAppActor pid=254104)[0m         
[36m(ClientAppActor pid=254107)[0m 
[36m(ClientAppActor pid=254107)[0m         
[36m(ClientAppActor pid=254107)[0m 
[36m(ClientAppActor pid=254107)[0m         
[36m(ClientAppActor pid=254107)[0m 
[36m(ClientAppActor pid=254107)[0m         
[36m(ClientAppActor pid=254107)[0m [93mWARNING [0m:   DEPRECATED FEATURE: `client_fn` now expects a signature `def client_fn(context: Context)`.The provided `client_fn` has signature: {'cid': <Parameter "cid: str">}. You can import the `Context` like this: `from flwr.app import Context`[32m [repeated 14x across cluster][0m
[36m(ClientAppActor pid=254107)[0m             This is a deprecated feature. It will be removed[32m [repeated 14x across cluster][0m
[36m(ClientAppActor pid=254107)[0m             entirely in future versions of Flower.[32m [repeated 14x across cluster][0m
[36m(ClientAppActor pid=254104)[0m 
[36m(ClientAppActor pid=254104)[0m         
[36m(ClientAppActor pid=254104)[0m [Client 7] Training on NVIDIA GeForce RTX 3060[32m [repeated 5x across cluster][0m
[36m(ClientAppActor pid=254104)[0m 
[36m(ClientAppActor pid=254104)[0m         
[36m(ClientAppActor pid=254107)[0m 
[36m(ClientAppActor pid=254107)[0m         
[36m(ClientAppActor pid=254107)[0m 
[36m(ClientAppActor pid=254107)[0m         
[36m(ClientAppActor pid=254104)[0m 
[36m(ClientAppActor pid=254104)[0m         
[92mINFO [0m:      aggregate_fit: received 10 results and 0 failures
INFO:flwr:aggregate_fit: received 10 results and 0 failures
[CascadeRouter] Round 47: 10 clients, 24578 parameters/client
[92mINFO [0m:      configure_evaluate: strategy sampled 10 clients (out of 10)
INFO:flwr:configure_evaluate: strategy sampled 10 clients (out of 10)
[36m(ClientAppActor pid=254107)[0m 
[36m(ClientAppActor pid=254107)[0m         
[36m(ClientAppActor pid=254107)[0m [93mWARNING [0m:   DEPRECATED FEATURE: `client_fn` now expects a signature `def client_fn(context: Context)`.The provided `client_fn` has signature: {'cid': <Parameter "cid: str">}. You can import the `Context` like this: `from flwr.app import Context`[32m [repeated 6x across cluster][0m
[36m(ClientAppActor pid=254107)[0m             This is a deprecated feature. It will be removed[32m [repeated 6x across cluster][0m
[36m(ClientAppActor pid=254107)[0m             entirely in future versions of Flower.[32m [repeated 6x across cluster][0m
[36m(ClientAppActor pid=254104)[0m 
[36m(ClientAppActor pid=254104)[0m         
[36m(ClientAppActor pid=254107)[0m 
[36m(ClientAppActor pid=254107)[0m         
[36m(ClientAppActor pid=254104)[0m 
[36m(ClientAppActor pid=254104)[0m         
[36m(ClientAppActor pid=254107)[0m 
[36m(ClientAppActor pid=254107)[0m         
[36m(ClientAppActor pid=254104)[0m 
[36m(ClientAppActor pid=254104)[0m         
[36m(ClientAppActor pid=254107)[0m 
[36m(ClientAppActor pid=254107)[0m         
[36m(ClientAppActor pid=254104)[0m 
[36m(ClientAppActor pid=254104)[0m         
[36m(ClientAppActor pid=254107)[0m 
[36m(ClientAppActor pid=254107)[0m         
[36m(ClientAppActor pid=254104)[0m 
[36m(ClientAppActor pid=254104)[0m         
[92mINFO [0m:      aggregate_evaluate: received 10 results and 0 failures
INFO:flwr:aggregate_evaluate: received 10 results and 0 failures
[92mINFO [0m:      
INFO:flwr:
[92mINFO [0m:      [ROUND 48]
INFO:flwr:[ROUND 48]
[92mINFO [0m:      configure_fit: strategy sampled 10 clients (out of 10)
INFO:flwr:configure_fit: strategy sampled 10 clients (out of 10)
[36m(ClientAppActor pid=254104)[0m 
[36m(ClientAppActor pid=254104)[0m         
[36m(ClientAppActor pid=254104)[0m [Client 6] Training on NVIDIA GeForce RTX 3060[32m [repeated 5x across cluster][0m
[36m(ClientAppActor pid=254107)[0m 
[36m(ClientAppActor pid=254107)[0m         
[36m(ClientAppActor pid=254104)[0m 
[36m(ClientAppActor pid=254104)[0m         
[36m(ClientAppActor pid=254104)[0m 
[36m(ClientAppActor pid=254104)[0m         
[36m(ClientAppActor pid=254104)[0m 
[36m(ClientAppActor pid=254104)[0m         
[36m(ClientAppActor pid=254104)[0m 
[36m(ClientAppActor pid=254104)[0m         
[36m(ClientAppActor pid=254104)[0m [93mWARNING [0m:   DEPRECATED FEATURE: `client_fn` now expects a signature `def client_fn(context: Context)`.The provided `client_fn` has signature: {'cid': <Parameter "cid: str">}. You can import the `Context` like this: `from flwr.app import Context`[32m [repeated 15x across cluster][0m
[36m(ClientAppActor pid=254104)[0m             This is a deprecated feature. It will be removed[32m [repeated 15x across cluster][0m
[36m(ClientAppActor pid=254104)[0m             entirely in future versions of Flower.[32m [repeated 15x across cluster][0m
[36m(ClientAppActor pid=254107)[0m 
[36m(ClientAppActor pid=254107)[0m         
[36m(ClientAppActor pid=254107)[0m [Client 0] Training on NVIDIA GeForce RTX 3060[32m [repeated 6x across cluster][0m
[36m(ClientAppActor pid=254104)[0m 
[36m(ClientAppActor pid=254104)[0m         
[36m(ClientAppActor pid=254107)[0m 
[36m(ClientAppActor pid=254107)[0m         
[36m(ClientAppActor pid=254107)[0m 
[36m(ClientAppActor pid=254107)[0m         
[36m(ClientAppActor pid=254107)[0m [93mWARNING [0m:   DEPRECATED FEATURE: `client_fn` now expects a signature `def client_fn(context: Context)`.The provided `client_fn` has signature: {'cid': <Parameter "cid: str">}. You can import the `Context` like this: `from flwr.app import Context`[32m [repeated 4x across cluster][0m
[36m(ClientAppActor pid=254107)[0m             This is a deprecated feature. It will be removed[32m [repeated 4x across cluster][0m
[36m(ClientAppActor pid=254107)[0m             entirely in future versions of Flower.[32m [repeated 4x across cluster][0m
[92mINFO [0m:      aggregate_fit: received 10 results and 0 failures
INFO:flwr:aggregate_fit: received 10 results and 0 failures
[CascadeRouter] Round 48: 10 clients, 24578 parameters/client
[92mINFO [0m:      configure_evaluate: strategy sampled 10 clients (out of 10)
INFO:flwr:configure_evaluate: strategy sampled 10 clients (out of 10)
[36m(ClientAppActor pid=254104)[0m 
[36m(ClientAppActor pid=254104)[0m         
[36m(ClientAppActor pid=254107)[0m 
[36m(ClientAppActor pid=254107)[0m         
[36m(ClientAppActor pid=254104)[0m 
[36m(ClientAppActor pid=254104)[0m         
[36m(ClientAppActor pid=254107)[0m 
[36m(ClientAppActor pid=254107)[0m         
[36m(ClientAppActor pid=254104)[0m 
[36m(ClientAppActor pid=254104)[0m         
[36m(ClientAppActor pid=254107)[0m 
[36m(ClientAppActor pid=254107)[0m         
[36m(ClientAppActor pid=254104)[0m 
[36m(ClientAppActor pid=254104)[0m         
[36m(ClientAppActor pid=254107)[0m 
[36m(ClientAppActor pid=254107)[0m         
[36m(ClientAppActor pid=254104)[0m 
[36m(ClientAppActor pid=254104)[0m         
[36m(ClientAppActor pid=254107)[0m 
[36m(ClientAppActor pid=254107)[0m         
[92mINFO [0m:      aggregate_evaluate: received 10 results and 0 failures
INFO:flwr:aggregate_evaluate: received 10 results and 0 failures
[92mINFO [0m:      
INFO:flwr:
[92mINFO [0m:      [ROUND 49]
INFO:flwr:[ROUND 49]
[92mINFO [0m:      configure_fit: strategy sampled 10 clients (out of 10)
INFO:flwr:configure_fit: strategy sampled 10 clients (out of 10)
[36m(ClientAppActor pid=254107)[0m 
[36m(ClientAppActor pid=254107)[0m         
[36m(ClientAppActor pid=254107)[0m [Client 4] Training on NVIDIA GeForce RTX 3060[32m [repeated 4x across cluster][0m
[36m(ClientAppActor pid=254104)[0m 
[36m(ClientAppActor pid=254104)[0m         
[36m(ClientAppActor pid=254107)[0m 
[36m(ClientAppActor pid=254107)[0m         
[36m(ClientAppActor pid=254107)[0m 
[36m(ClientAppActor pid=254107)[0m         
[36m(ClientAppActor pid=254107)[0m [93mWARNING [0m:   DEPRECATED FEATURE: `client_fn` now expects a signature `def client_fn(context: Context)`.The provided `client_fn` has signature: {'cid': <Parameter "cid: str">}. You can import the `Context` like this: `from flwr.app import Context`[32m [repeated 14x across cluster][0m
[36m(ClientAppActor pid=254107)[0m             This is a deprecated feature. It will be removed[32m [repeated 14x across cluster][0m
[36m(ClientAppActor pid=254107)[0m             entirely in future versions of Flower.[32m [repeated 14x across cluster][0m
[36m(ClientAppActor pid=254104)[0m 
[36m(ClientAppActor pid=254104)[0m         
[36m(ClientAppActor pid=254104)[0m 
[36m(ClientAppActor pid=254104)[0m         
[36m(ClientAppActor pid=254104)[0m 
[36m(ClientAppActor pid=254104)[0m         
[36m(ClientAppActor pid=254104)[0m 
[36m(ClientAppActor pid=254104)[0m         
[36m(ClientAppActor pid=254104)[0m [Client 1] Training on NVIDIA GeForce RTX 3060[32m [repeated 7x across cluster][0m
[36m(ClientAppActor pid=254107)[0m 
[36m(ClientAppActor pid=254107)[0m         
[36m(ClientAppActor pid=254107)[0m [93mWARNING [0m:   DEPRECATED FEATURE: `client_fn` now expects a signature `def client_fn(context: Context)`.The provided `client_fn` has signature: {'cid': <Parameter "cid: str">}. You can import the `Context` like this: `from flwr.app import Context`[32m [repeated 5x across cluster][0m
[36m(ClientAppActor pid=254107)[0m             This is a deprecated feature. It will be removed[32m [repeated 5x across cluster][0m
[36m(ClientAppActor pid=254107)[0m             entirely in future versions of Flower.[32m [repeated 5x across cluster][0m
[36m(ClientAppActor pid=254104)[0m 
[36m(ClientAppActor pid=254104)[0m         
[92mINFO [0m:      aggregate_fit: received 10 results and 0 failures
INFO:flwr:aggregate_fit: received 10 results and 0 failures
[CascadeRouter] Round 49: 10 clients, 24578 parameters/client
[92mINFO [0m:      configure_evaluate: strategy sampled 10 clients (out of 10)
INFO:flwr:configure_evaluate: strategy sampled 10 clients (out of 10)
[36m(ClientAppActor pid=254107)[0m 
[36m(ClientAppActor pid=254107)[0m         
[36m(ClientAppActor pid=254104)[0m 
[36m(ClientAppActor pid=254104)[0m         
[36m(ClientAppActor pid=254107)[0m 
[36m(ClientAppActor pid=254107)[0m         
[36m(ClientAppActor pid=254104)[0m 
[36m(ClientAppActor pid=254104)[0m         
[36m(ClientAppActor pid=254107)[0m 
[36m(ClientAppActor pid=254107)[0m         
[36m(ClientAppActor pid=254104)[0m 
[36m(ClientAppActor pid=254104)[0m         
[36m(ClientAppActor pid=254107)[0m 
[36m(ClientAppActor pid=254107)[0m         
[36m(ClientAppActor pid=254104)[0m 
[36m(ClientAppActor pid=254104)[0m         
[36m(ClientAppActor pid=254107)[0m 
[36m(ClientAppActor pid=254107)[0m         
[36m(ClientAppActor pid=254104)[0m 
[36m(ClientAppActor pid=254104)[0m         
[92mINFO [0m:      aggregate_evaluate: received 10 results and 0 failures
INFO:flwr:aggregate_evaluate: received 10 results and 0 failures
[92mINFO [0m:      
INFO:flwr:
[92mINFO [0m:      [ROUND 50]
INFO:flwr:[ROUND 50]
[92mINFO [0m:      configure_fit: strategy sampled 10 clients (out of 10)
INFO:flwr:configure_fit: strategy sampled 10 clients (out of 10)
[36m(ClientAppActor pid=254104)[0m 
[36m(ClientAppActor pid=254104)[0m         
[36m(ClientAppActor pid=254107)[0m 
[36m(ClientAppActor pid=254107)[0m         
[36m(ClientAppActor pid=254107)[0m 
[36m(ClientAppActor pid=254107)[0m         
[36m(ClientAppActor pid=254107)[0m [Client 0] Training on NVIDIA GeForce RTX 3060[32m [repeated 5x across cluster][0m
[36m(ClientAppActor pid=254107)[0m 
[36m(ClientAppActor pid=254107)[0m         
[36m(ClientAppActor pid=254107)[0m [93mWARNING [0m:   DEPRECATED FEATURE: `client_fn` now expects a signature `def client_fn(context: Context)`.The provided `client_fn` has signature: {'cid': <Parameter "cid: str">}. You can import the `Context` like this: `from flwr.app import Context`[32m [repeated 15x across cluster][0m
[36m(ClientAppActor pid=254107)[0m             This is a deprecated feature. It will be removed[32m [repeated 15x across cluster][0m
[36m(ClientAppActor pid=254107)[0m             entirely in future versions of Flower.[32m [repeated 15x across cluster][0m
[36m(ClientAppActor pid=254104)[0m 
[36m(ClientAppActor pid=254104)[0m         
[36m(ClientAppActor pid=254104)[0m 
[36m(ClientAppActor pid=254104)[0m         
[36m(ClientAppActor pid=254107)[0m 
[36m(ClientAppActor pid=254107)[0m         
[36m(ClientAppActor pid=254107)[0m 
[36m(ClientAppActor pid=254107)[0m         
[36m(ClientAppActor pid=254107)[0m [Client 3] Training on NVIDIA GeForce RTX 3060[32m [repeated 5x across cluster][0m
[36m(ClientAppActor pid=254107)[0m 
[36m(ClientAppActor pid=254107)[0m         
[36m(ClientAppActor pid=254107)[0m [93mWARNING [0m:   DEPRECATED FEATURE: `client_fn` now expects a signature `def client_fn(context: Context)`.The provided `client_fn` has signature: {'cid': <Parameter "cid: str">}. You can import the `Context` like this: `from flwr.app import Context`[32m [repeated 5x across cluster][0m
[36m(ClientAppActor pid=254107)[0m             This is a deprecated feature. It will be removed[32m [repeated 5x across cluster][0m
[36m(ClientAppActor pid=254107)[0m             entirely in future versions of Flower.[32m [repeated 5x across cluster][0m
[36m(ClientAppActor pid=254107)[0m 
[36m(ClientAppActor pid=254107)[0m         
[92mINFO [0m:      aggregate_fit: received 10 results and 0 failures
INFO:flwr:aggregate_fit: received 10 results and 0 failures
[CascadeRouter] Round 50: 10 clients, 24578 parameters/client
[92mINFO [0m:      configure_evaluate: strategy sampled 10 clients (out of 10)
INFO:flwr:configure_evaluate: strategy sampled 10 clients (out of 10)
[36m(ClientAppActor pid=254107)[0m 
[36m(ClientAppActor pid=254107)[0m         
[36m(ClientAppActor pid=254104)[0m 
[36m(ClientAppActor pid=254104)[0m         
[36m(ClientAppActor pid=254107)[0m 
[36m(ClientAppActor pid=254107)[0m         
[36m(ClientAppActor pid=254104)[0m 
[36m(ClientAppActor pid=254104)[0m         
[36m(ClientAppActor pid=254107)[0m 
[36m(ClientAppActor pid=254107)[0m         
[36m(ClientAppActor pid=254104)[0m 
[36m(ClientAppActor pid=254104)[0m         
[36m(ClientAppActor pid=254107)[0m 
[36m(ClientAppActor pid=254107)[0m         
[36m(ClientAppActor pid=254104)[0m 
[36m(ClientAppActor pid=254104)[0m         
[36m(ClientAppActor pid=254107)[0m 
[36m(ClientAppActor pid=254107)[0m         
[36m(ClientAppActor pid=254104)[0m 
[36m(ClientAppActor pid=254104)[0m         
[92mINFO [0m:      aggregate_evaluate: received 10 results and 0 failures
INFO:flwr:aggregate_evaluate: received 10 results and 0 failures
[92mINFO [0m:      
INFO:flwr:
[92mINFO [0m:      [SUMMARY]
INFO:flwr:[SUMMARY]
[92mINFO [0m:      Run finished 50 round(s) in 634.40s
INFO:flwr:Run finished 50 round(s) in 634.40s
[92mINFO [0m:      	History (loss, distributed):
INFO:flwr:	History (loss, distributed):
[92mINFO [0m:      		round 1: 0.18191389486789702
INFO:flwr:		round 1: 0.18191389486789702
[92mINFO [0m:      		round 2: 0.12541842477321624
INFO:flwr:		round 2: 0.12541842477321624
[92mINFO [0m:      		round 3: 0.1242376519203186
INFO:flwr:		round 3: 0.1242376519203186
[92mINFO [0m:      		round 4: 0.1297142863194148
INFO:flwr:		round 4: 0.1297142863194148
[92mINFO [0m:      		round 5: 0.13125488798618318
INFO:flwr:		round 5: 0.13125488798618318
[92mINFO [0m:      		round 6: 0.12740300734043125
INFO:flwr:		round 6: 0.12740300734043125
[92mINFO [0m:      		round 7: 0.1266987208922704
INFO:flwr:		round 7: 0.1266987208922704
[92mINFO [0m:      		round 8: 0.12664765503406525
INFO:flwr:		round 8: 0.12664765503406525
[92mINFO [0m:      		round 9: 0.13001805549462636
INFO:flwr:		round 9: 0.13001805549462636
[92mINFO [0m:      		round 10: 0.13073903884092966
INFO:flwr:		round 10: 0.13073903884092966
[92mINFO [0m:      		round 11: 0.17504824425379434
INFO:flwr:		round 11: 0.17504824425379434
[92mINFO [0m:      		round 12: 0.13337408624490102
INFO:flwr:		round 12: 0.13337408624490102
[92mINFO [0m:      		round 13: 0.16784066598415376
INFO:flwr:		round 13: 0.16784066598415376
[92mINFO [0m:      		round 14: 0.1645656035900116
INFO:flwr:		round 14: 0.1645656035900116
[92mINFO [0m:      		round 15: 0.13242331717809042
INFO:flwr:		round 15: 0.13242331717809042
[92mINFO [0m:      		round 16: 0.12534974555174513
INFO:flwr:		round 16: 0.12534974555174513
[92mINFO [0m:      		round 17: 0.12805860370794933
INFO:flwr:		round 17: 0.12805860370794933
[92mINFO [0m:      		round 18: 0.1335489863236745
INFO:flwr:		round 18: 0.1335489863236745
[92mINFO [0m:      		round 19: 0.12852087820370992
INFO:flwr:		round 19: 0.12852087820370992
[92mINFO [0m:      		round 20: 0.1329002701361974
INFO:flwr:		round 20: 0.1329002701361974
[92mINFO [0m:      		round 21: 0.13002849373817443
INFO:flwr:		round 21: 0.13002849373817443
[92mINFO [0m:      		round 22: 0.13392814435958864
INFO:flwr:		round 22: 0.13392814435958864
[92mINFO [0m:      		round 23: 0.12741944626172383
INFO:flwr:		round 23: 0.12741944626172383
[92mINFO [0m:      		round 24: 0.1366666893720627
INFO:flwr:		round 24: 0.1366666893720627
[92mINFO [0m:      		round 25: 0.1352665982882182
INFO:flwr:		round 25: 0.1352665982882182
[92mINFO [0m:      		round 26: 0.1333155156612396
INFO:flwr:		round 26: 0.1333155156612396
[92mINFO [0m:      		round 27: 0.13689608024756114
INFO:flwr:		round 27: 0.13689608024756114
[92mINFO [0m:      		round 28: 0.13141091845830283
INFO:flwr:		round 28: 0.13141091845830283
[92mINFO [0m:      		round 29: 0.12925490113894145
INFO:flwr:		round 29: 0.12925490113894145
[92mINFO [0m:      		round 30: 0.14128170080184937
INFO:flwr:		round 30: 0.14128170080184937
[92mINFO [0m:      		round 31: 0.12568897254467007
INFO:flwr:		round 31: 0.12568897254467007
[92mINFO [0m:      		round 32: 0.14471256573200225
INFO:flwr:		round 32: 0.14471256573200225
[92mINFO [0m:      		round 33: 0.1308056058645248
INFO:flwr:		round 33: 0.1308056058645248
[92mINFO [0m:      		round 34: 0.13312763239542644
INFO:flwr:		round 34: 0.13312763239542644
[92mINFO [0m:      		round 35: 0.12942431763807932
INFO:flwr:		round 35: 0.12942431763807932
[92mINFO [0m:      		round 36: 0.12969284510612492
INFO:flwr:		round 36: 0.12969284510612492
[92mINFO [0m:      		round 37: 0.13001482948462165
INFO:flwr:		round 37: 0.13001482948462165
[92mINFO [0m:      		round 38: 0.12942362464269003
INFO:flwr:		round 38: 0.12942362464269003
[92mINFO [0m:      		round 39: 0.138221045478185
INFO:flwr:		round 39: 0.138221045478185
[92mINFO [0m:      		round 40: 0.1360621872663498
INFO:flwr:		round 40: 0.1360621872663498
[92mINFO [0m:      		round 41: 0.1357411369721095
INFO:flwr:		round 41: 0.1357411369721095
[92mINFO [0m:      		round 42: 0.13703988417784374
INFO:flwr:		round 42: 0.13703988417784374
[92mINFO [0m:      		round 43: 0.12660893079439803
INFO:flwr:		round 43: 0.12660893079439803
[92mINFO [0m:      		round 44: 0.13457735560735068
INFO:flwr:		round 44: 0.13457735560735068
[92mINFO [0m:      		round 45: 0.14179253522555033
INFO:flwr:		round 45: 0.14179253522555033
[92mINFO [0m:      		round 46: 0.14009497148990632
INFO:flwr:		round 46: 0.14009497148990632
[92mINFO [0m:      		round 47: 0.13662657295068106
INFO:flwr:		round 47: 0.13662657295068106
[92mINFO [0m:      		round 48: 0.13983564273516338
INFO:flwr:		round 48: 0.13983564273516338
[92mINFO [0m:      		round 49: 0.13693354746500652
INFO:flwr:		round 49: 0.13693354746500652
[92mINFO [0m:      		round 50: 0.1390310248931249
INFO:flwr:		round 50: 0.1390310248931249
[92mINFO [0m:      	History (metrics, distributed, fit):
INFO:flwr:	History (metrics, distributed, fit):
[92mINFO [0m:      	{'layer1_reject_rate_at_threshold': [(1, 0.0),
INFO:flwr:	{'layer1_reject_rate_at_threshold': [(1, 0.0),
[92mINFO [0m:      	                                     (2, 0.0),
INFO:flwr:	                                     (2, 0.0),
[92mINFO [0m:      	                                     (3, 0.0),
INFO:flwr:	                                     (3, 0.0),
[92mINFO [0m:      	                                     (4, 0.0),
INFO:flwr:	                                     (4, 0.0),
[92mINFO [0m:      	                                     (5, 0.0),
INFO:flwr:	                                     (5, 0.0),
[92mINFO [0m:      	                                     (6, 0.0),
INFO:flwr:	                                     (6, 0.0),
[92mINFO [0m:      	                                     (7, 0.0),
INFO:flwr:	                                     (7, 0.0),
[92mINFO [0m:      	                                     (8, 0.0),
INFO:flwr:	                                     (8, 0.0),
[92mINFO [0m:      	                                     (9, 0.0),
INFO:flwr:	                                     (9, 0.0),
[92mINFO [0m:      	                                     (10, 0.0),
INFO:flwr:	                                     (10, 0.0),
[92mINFO [0m:      	                                     (11, 0.0),
INFO:flwr:	                                     (11, 0.0),
[92mINFO [0m:      	                                     (12, 0.0),
INFO:flwr:	                                     (12, 0.0),
[92mINFO [0m:      	                                     (13, 0.0),
INFO:flwr:	                                     (13, 0.0),
[92mINFO [0m:      	                                     (14, 0.0),
INFO:flwr:	                                     (14, 0.0),
[92mINFO [0m:      	                                     (15, 0.0),
INFO:flwr:	                                     (15, 0.0),
[92mINFO [0m:      	                                     (16, 0.0),
INFO:flwr:	                                     (16, 0.0),
[92mINFO [0m:      	                                     (17, 0.0),
INFO:flwr:	                                     (17, 0.0),
[92mINFO [0m:      	                                     (18, 0.0),
INFO:flwr:	                                     (18, 0.0),
[92mINFO [0m:      	                                     (19, 0.0),
INFO:flwr:	                                     (19, 0.0),
[92mINFO [0m:      	                                     (20, 0.0),
INFO:flwr:	                                     (20, 0.0),
[92mINFO [0m:      	                                     (21, 0.0),
INFO:flwr:	                                     (21, 0.0),
[92mINFO [0m:      	                                     (22, 0.0),
INFO:flwr:	                                     (22, 0.0),
[92mINFO [0m:      	                                     (23, 0.0),
INFO:flwr:	                                     (23, 0.0),
[92mINFO [0m:      	                                     (24, 0.0),
INFO:flwr:	                                     (24, 0.0),
[92mINFO [0m:      	                                     (25, 0.0),
INFO:flwr:	                                     (25, 0.0),
[92mINFO [0m:      	                                     (26, 0.0),
INFO:flwr:	                                     (26, 0.0),
[92mINFO [0m:      	                                     (27, 0.0),
INFO:flwr:	                                     (27, 0.0),
[92mINFO [0m:      	                                     (28, 0.0),
INFO:flwr:	                                     (28, 0.0),
[92mINFO [0m:      	                                     (29, 0.0),
INFO:flwr:	                                     (29, 0.0),
[92mINFO [0m:      	                                     (30, 0.0),
INFO:flwr:	                                     (30, 0.0),
[92mINFO [0m:      	                                     (31, 0.0),
INFO:flwr:	                                     (31, 0.0),
[92mINFO [0m:      	                                     (32, 0.0),
INFO:flwr:	                                     (32, 0.0),
[92mINFO [0m:      	                                     (33, 0.0),
INFO:flwr:	                                     (33, 0.0),
[92mINFO [0m:      	                                     (34, 0.0),
INFO:flwr:	                                     (34, 0.0),
[92mINFO [0m:      	                                     (35, 0.0),
INFO:flwr:	                                     (35, 0.0),
[92mINFO [0m:      	                                     (36, 0.0),
INFO:flwr:	                                     (36, 0.0),
[92mINFO [0m:      	                                     (37, 0.0),
INFO:flwr:	                                     (37, 0.0),
[92mINFO [0m:      	                                     (38, 0.0),
INFO:flwr:	                                     (38, 0.0),
[92mINFO [0m:      	                                     (39, 0.0),
INFO:flwr:	                                     (39, 0.0),
[92mINFO [0m:      	                                     (40, 0.0),
INFO:flwr:	                                     (40, 0.0),
[92mINFO [0m:      	                                     (41, 0.0),
INFO:flwr:	                                     (41, 0.0),
[92mINFO [0m:      	                                     (42, 0.0),
INFO:flwr:	                                     (42, 0.0),
[92mINFO [0m:      	                                     (43, 0.0),
INFO:flwr:	                                     (43, 0.0),
[92mINFO [0m:      	                                     (44, 0.0),
INFO:flwr:	                                     (44, 0.0),
[92mINFO [0m:      	                                     (45, 0.0),
INFO:flwr:	                                     (45, 0.0),
[92mINFO [0m:      	                                     (46, 0.0),
INFO:flwr:	                                     (46, 0.0),
[92mINFO [0m:      	                                     (47, 0.0),
INFO:flwr:	                                     (47, 0.0),
[92mINFO [0m:      	                                     (48, 0.0),
INFO:flwr:	                                     (48, 0.0),
[92mINFO [0m:      	                                     (49, 0.0),
INFO:flwr:	                                     (49, 0.0),
[92mINFO [0m:      	                                     (50, 0.0)],
INFO:flwr:	                                     (50, 0.0)],
[92mINFO [0m:      	 'layer1_reject_rate_raw': [(1, 0.0),
INFO:flwr:	 'layer1_reject_rate_raw': [(1, 0.0),
[92mINFO [0m:      	                            (2, 0.0),
INFO:flwr:	                            (2, 0.0),
[92mINFO [0m:      	                            (3, 0.0),
INFO:flwr:	                            (3, 0.0),
[92mINFO [0m:      	                            (4, 0.0),
INFO:flwr:	                            (4, 0.0),
[92mINFO [0m:      	                            (5, 0.0),
INFO:flwr:	                            (5, 0.0),
[92mINFO [0m:      	                            (6, 0.0),
INFO:flwr:	                            (6, 0.0),
[92mINFO [0m:      	                            (7, 0.0),
INFO:flwr:	                            (7, 0.0),
[92mINFO [0m:      	                            (8, 0.0),
INFO:flwr:	                            (8, 0.0),
[92mINFO [0m:      	                            (9, 0.0),
INFO:flwr:	                            (9, 0.0),
[92mINFO [0m:      	                            (10, 0.0),
INFO:flwr:	                            (10, 0.0),
[92mINFO [0m:      	                            (11, 0.0),
INFO:flwr:	                            (11, 0.0),
[92mINFO [0m:      	                            (12, 0.0),
INFO:flwr:	                            (12, 0.0),
[92mINFO [0m:      	                            (13, 0.0),
INFO:flwr:	                            (13, 0.0),
[92mINFO [0m:      	                            (14, 0.0),
INFO:flwr:	                            (14, 0.0),
[92mINFO [0m:      	                            (15, 0.0),
INFO:flwr:	                            (15, 0.0),
[92mINFO [0m:      	                            (16, 0.0),
INFO:flwr:	                            (16, 0.0),
[92mINFO [0m:      	                            (17, 0.0),
INFO:flwr:	                            (17, 0.0),
[92mINFO [0m:      	                            (18, 0.0),
INFO:flwr:	                            (18, 0.0),
[92mINFO [0m:      	                            (19, 0.0),
INFO:flwr:	                            (19, 0.0),
[92mINFO [0m:      	                            (20, 0.0),
INFO:flwr:	                            (20, 0.0),
[92mINFO [0m:      	                            (21, 0.0),
INFO:flwr:	                            (21, 0.0),
[92mINFO [0m:      	                            (22, 0.0),
INFO:flwr:	                            (22, 0.0),
[92mINFO [0m:      	                            (23, 0.0),
INFO:flwr:	                            (23, 0.0),
[92mINFO [0m:      	                            (24, 0.0),
INFO:flwr:	                            (24, 0.0),
[92mINFO [0m:      	                            (25, 0.0),
INFO:flwr:	                            (25, 0.0),
[92mINFO [0m:      	                            (26, 0.0),
INFO:flwr:	                            (26, 0.0),
[92mINFO [0m:      	                            (27, 0.0),
INFO:flwr:	                            (27, 0.0),
[92mINFO [0m:      	                            (28, 0.0),
INFO:flwr:	                            (28, 0.0),
[92mINFO [0m:      	                            (29, 0.0),
INFO:flwr:	                            (29, 0.0),
[92mINFO [0m:      	                            (30, 0.0),
INFO:flwr:	                            (30, 0.0),
[92mINFO [0m:      	                            (31, 0.0),
INFO:flwr:	                            (31, 0.0),
[92mINFO [0m:      	                            (32, 0.0),
INFO:flwr:	                            (32, 0.0),
[92mINFO [0m:      	                            (33, 0.0),
INFO:flwr:	                            (33, 0.0),
[92mINFO [0m:      	                            (34, 0.0),
INFO:flwr:	                            (34, 0.0),
[92mINFO [0m:      	                            (35, 0.0),
INFO:flwr:	                            (35, 0.0),
[92mINFO [0m:      	                            (36, 0.0),
INFO:flwr:	                            (36, 0.0),
[92mINFO [0m:      	                            (37, 0.0),
INFO:flwr:	                            (37, 0.0),
[92mINFO [0m:      	                            (38, 0.0),
INFO:flwr:	                            (38, 0.0),
[92mINFO [0m:      	                            (39, 0.0),
INFO:flwr:	                            (39, 0.0),
[92mINFO [0m:      	                            (40, 0.0),
INFO:flwr:	                            (40, 0.0),
[92mINFO [0m:      	                            (41, 0.0),
INFO:flwr:	                            (41, 0.0),
[92mINFO [0m:      	                            (42, 0.0),
INFO:flwr:	                            (42, 0.0),
[92mINFO [0m:      	                            (43, 0.0),
INFO:flwr:	                            (43, 0.0),
[92mINFO [0m:      	                            (44, 0.0),
INFO:flwr:	                            (44, 0.0),
[92mINFO [0m:      	                            (45, 0.0),
INFO:flwr:	                            (45, 0.0),
[92mINFO [0m:      	                            (46, 0.0),
INFO:flwr:	                            (46, 0.0),
[92mINFO [0m:      	                            (47, 0.0),
INFO:flwr:	                            (47, 0.0),
[92mINFO [0m:      	                            (48, 0.0),
INFO:flwr:	                            (48, 0.0),
[92mINFO [0m:      	                            (49, 0.0),
INFO:flwr:	                            (49, 0.0),
[92mINFO [0m:      	                            (50, 0.0)],
INFO:flwr:	                            (50, 0.0)],
[92mINFO [0m:      	 'layer1_threshold': [(1, 0.5),
INFO:flwr:	 'layer1_threshold': [(1, 0.5),
[92mINFO [0m:      	                      (2, 0.5),
INFO:flwr:	                      (2, 0.5),
[92mINFO [0m:      	                      (3, 0.5),
INFO:flwr:	                      (3, 0.5),
[92mINFO [0m:      	                      (4, 0.5),
INFO:flwr:	                      (4, 0.5),
[92mINFO [0m:      	                      (5, 0.5),
INFO:flwr:	                      (5, 0.5),
[92mINFO [0m:      	                      (6, 0.5),
INFO:flwr:	                      (6, 0.5),
[92mINFO [0m:      	                      (7, 0.5),
INFO:flwr:	                      (7, 0.5),
[92mINFO [0m:      	                      (8, 0.5),
INFO:flwr:	                      (8, 0.5),
[92mINFO [0m:      	                      (9, 0.5),
INFO:flwr:	                      (9, 0.5),
[92mINFO [0m:      	                      (10, 0.5),
INFO:flwr:	                      (10, 0.5),
[92mINFO [0m:      	                      (11, 0.5),
INFO:flwr:	                      (11, 0.5),
[92mINFO [0m:      	                      (12, 0.5),
INFO:flwr:	                      (12, 0.5),
[92mINFO [0m:      	                      (13, 0.5),
INFO:flwr:	                      (13, 0.5),
[92mINFO [0m:      	                      (14, 0.5),
INFO:flwr:	                      (14, 0.5),
[92mINFO [0m:      	                      (15, 0.5),
INFO:flwr:	                      (15, 0.5),
[92mINFO [0m:      	                      (16, 0.5),
INFO:flwr:	                      (16, 0.5),
[92mINFO [0m:      	                      (17, 0.5),
INFO:flwr:	                      (17, 0.5),
[92mINFO [0m:      	                      (18, 0.5),
INFO:flwr:	                      (18, 0.5),
[92mINFO [0m:      	                      (19, 0.5),
INFO:flwr:	                      (19, 0.5),
[92mINFO [0m:      	                      (20, 0.5),
INFO:flwr:	                      (20, 0.5),
[92mINFO [0m:      	                      (21, 0.5),
INFO:flwr:	                      (21, 0.5),
[92mINFO [0m:      	                      (22, 0.5),
INFO:flwr:	                      (22, 0.5),
[92mINFO [0m:      	                      (23, 0.5),
INFO:flwr:	                      (23, 0.5),
[92mINFO [0m:      	                      (24, 0.5),
INFO:flwr:	                      (24, 0.5),
[92mINFO [0m:      	                      (25, 0.5),
INFO:flwr:	                      (25, 0.5),
[92mINFO [0m:      	                      (26, 0.5),
INFO:flwr:	                      (26, 0.5),
[92mINFO [0m:      	                      (27, 0.5),
INFO:flwr:	                      (27, 0.5),
[92mINFO [0m:      	                      (28, 0.5),
INFO:flwr:	                      (28, 0.5),
[92mINFO [0m:      	                      (29, 0.5),
INFO:flwr:	                      (29, 0.5),
[92mINFO [0m:      	                      (30, 0.5),
INFO:flwr:	                      (30, 0.5),
[92mINFO [0m:      	                      (31, 0.5),
INFO:flwr:	                      (31, 0.5),
[92mINFO [0m:      	                      (32, 0.5),
INFO:flwr:	                      (32, 0.5),
[92mINFO [0m:      	                      (33, 0.5),
INFO:flwr:	                      (33, 0.5),
[92mINFO [0m:      	                      (34, 0.5),
INFO:flwr:	                      (34, 0.5),
[92mINFO [0m:      	                      (35, 0.5),
INFO:flwr:	                      (35, 0.5),
[92mINFO [0m:      	                      (36, 0.5),
INFO:flwr:	                      (36, 0.5),
[92mINFO [0m:      	                      (37, 0.5),
INFO:flwr:	                      (37, 0.5),
[92mINFO [0m:      	                      (38, 0.5),
INFO:flwr:	                      (38, 0.5),
[92mINFO [0m:      	                      (39, 0.5),
INFO:flwr:	                      (39, 0.5),
[92mINFO [0m:      	                      (40, 0.5),
INFO:flwr:	                      (40, 0.5),
[92mINFO [0m:      	                      (41, 0.5),
INFO:flwr:	                      (41, 0.5),
[92mINFO [0m:      	                      (42, 0.5),
INFO:flwr:	                      (42, 0.5),
[92mINFO [0m:      	                      (43, 0.5),
INFO:flwr:	                      (43, 0.5),
[92mINFO [0m:      	                      (44, 0.5),
INFO:flwr:	                      (44, 0.5),
[92mINFO [0m:      	                      (45, 0.5),
INFO:flwr:	                      (45, 0.5),
[92mINFO [0m:      	                      (46, 0.5),
INFO:flwr:	                      (46, 0.5),
[92mINFO [0m:      	                      (47, 0.5),
INFO:flwr:	                      (47, 0.5),
[92mINFO [0m:      	                      (48, 0.5),
INFO:flwr:	                      (48, 0.5),
[92mINFO [0m:      	                      (49, 0.5),
INFO:flwr:	                      (49, 0.5),
[92mINFO [0m:      	                      (50, 0.5)],
INFO:flwr:	                      (50, 0.5)],
[92mINFO [0m:      	 'layer2_reject_rate_at_threshold': [(1, 0.20000000298023224),
INFO:flwr:	 'layer2_reject_rate_at_threshold': [(1, 0.20000000298023224),
[92mINFO [0m:      	                                     (2, 0.30000001192092896),
INFO:flwr:	                                     (2, 0.30000001192092896),
[92mINFO [0m:      	                                     (3, 0.30000001192092896),
INFO:flwr:	                                     (3, 0.30000001192092896),
[92mINFO [0m:      	                                     (4, 0.30000001192092896),
INFO:flwr:	                                     (4, 0.30000001192092896),
[92mINFO [0m:      	                                     (5, 0.30000001192092896),
INFO:flwr:	                                     (5, 0.30000001192092896),
[92mINFO [0m:      	                                     (6, 0.30000001192092896),
INFO:flwr:	                                     (6, 0.30000001192092896),
[92mINFO [0m:      	                                     (7, 0.20000000298023224),
INFO:flwr:	                                     (7, 0.20000000298023224),
[92mINFO [0m:      	                                     (8, 0.30000001192092896),
INFO:flwr:	                                     (8, 0.30000001192092896),
[92mINFO [0m:      	                                     (9, 0.30000001192092896),
INFO:flwr:	                                     (9, 0.30000001192092896),
[92mINFO [0m:      	                                     (10, 0.30000001192092896),
INFO:flwr:	                                     (10, 0.30000001192092896),
[92mINFO [0m:      	                                     (11, 0.4000000059604645),
INFO:flwr:	                                     (11, 0.4000000059604645),
[92mINFO [0m:      	                                     (12, 0.30000001192092896),
INFO:flwr:	                                     (12, 0.30000001192092896),
[92mINFO [0m:      	                                     (13, 0.5),
INFO:flwr:	                                     (13, 0.5),
[92mINFO [0m:      	                                     (14, 0.5),
INFO:flwr:	                                     (14, 0.5),
[92mINFO [0m:      	                                     (15, 0.30000001192092896),
INFO:flwr:	                                     (15, 0.30000001192092896),
[92mINFO [0m:      	                                     (16, 0.20000000298023224),
INFO:flwr:	                                     (16, 0.20000000298023224),
[92mINFO [0m:      	                                     (17, 0.30000001192092896),
INFO:flwr:	                                     (17, 0.30000001192092896),
[92mINFO [0m:      	                                     (18, 0.30000001192092896),
INFO:flwr:	                                     (18, 0.30000001192092896),
[92mINFO [0m:      	                                     (19, 0.20000000298023224),
INFO:flwr:	                                     (19, 0.20000000298023224),
[92mINFO [0m:      	                                     (20, 0.30000001192092896),
INFO:flwr:	                                     (20, 0.30000001192092896),
[92mINFO [0m:      	                                     (21, 0.4000000059604645),
INFO:flwr:	                                     (21, 0.4000000059604645),
[92mINFO [0m:      	                                     (22, 0.30000001192092896),
INFO:flwr:	                                     (22, 0.30000001192092896),
[92mINFO [0m:      	                                     (23, 0.4000000059604645),
INFO:flwr:	                                     (23, 0.4000000059604645),
[92mINFO [0m:      	                                     (24, 0.30000001192092896),
INFO:flwr:	                                     (24, 0.30000001192092896),
[92mINFO [0m:      	                                     (25, 0.30000001192092896),
INFO:flwr:	                                     (25, 0.30000001192092896),
[92mINFO [0m:      	                                     (26, 0.20000000298023224),
INFO:flwr:	                                     (26, 0.20000000298023224),
[92mINFO [0m:      	                                     (27, 0.30000001192092896),
INFO:flwr:	                                     (27, 0.30000001192092896),
[92mINFO [0m:      	                                     (28, 0.20000000298023224),
INFO:flwr:	                                     (28, 0.20000000298023224),
[92mINFO [0m:      	                                     (29, 0.20000000298023224),
INFO:flwr:	                                     (29, 0.20000000298023224),
[92mINFO [0m:      	                                     (30, 0.5),
INFO:flwr:	                                     (30, 0.5),
[92mINFO [0m:      	                                     (31, 0.4000000059604645),
INFO:flwr:	                                     (31, 0.4000000059604645),
[92mINFO [0m:      	                                     (32, 0.5),
INFO:flwr:	                                     (32, 0.5),
[92mINFO [0m:      	                                     (33, 0.30000001192092896),
INFO:flwr:	                                     (33, 0.30000001192092896),
[92mINFO [0m:      	                                     (34, 0.30000001192092896),
INFO:flwr:	                                     (34, 0.30000001192092896),
[92mINFO [0m:      	                                     (35, 0.4000000059604645),
INFO:flwr:	                                     (35, 0.4000000059604645),
[92mINFO [0m:      	                                     (36, 0.20000000298023224),
INFO:flwr:	                                     (36, 0.20000000298023224),
[92mINFO [0m:      	                                     (37, 0.20000000298023224),
INFO:flwr:	                                     (37, 0.20000000298023224),
[92mINFO [0m:      	                                     (38, 0.20000000298023224),
INFO:flwr:	                                     (38, 0.20000000298023224),
[92mINFO [0m:      	                                     (39, 0.30000001192092896),
INFO:flwr:	                                     (39, 0.30000001192092896),
[92mINFO [0m:      	                                     (40, 0.30000001192092896),
INFO:flwr:	                                     (40, 0.30000001192092896),
[92mINFO [0m:      	                                     (41, 0.30000001192092896),
INFO:flwr:	                                     (41, 0.30000001192092896),
[92mINFO [0m:      	                                     (42, 0.30000001192092896),
INFO:flwr:	                                     (42, 0.30000001192092896),
[92mINFO [0m:      	                                     (43, 0.4000000059604645),
INFO:flwr:	                                     (43, 0.4000000059604645),
[92mINFO [0m:      	                                     (44, 0.4000000059604645),
INFO:flwr:	                                     (44, 0.4000000059604645),
[92mINFO [0m:      	                                     (45, 0.30000001192092896),
INFO:flwr:	                                     (45, 0.30000001192092896),
[92mINFO [0m:      	                                     (46, 0.20000000298023224),
INFO:flwr:	                                     (46, 0.20000000298023224),
[92mINFO [0m:      	                                     (47, 0.30000001192092896),
INFO:flwr:	                                     (47, 0.30000001192092896),
[92mINFO [0m:      	                                     (48, 0.4000000059604645),
INFO:flwr:	                                     (48, 0.4000000059604645),
[92mINFO [0m:      	                                     (49, 0.20000000298023224),
INFO:flwr:	                                     (49, 0.20000000298023224),
[92mINFO [0m:      	                                     (50, 0.20000000298023224)],
INFO:flwr:	                                     (50, 0.20000000298023224)],
[92mINFO [0m:      	 'layer2_reject_rate_raw': [(1, 0.20000000298023224),
INFO:flwr:	 'layer2_reject_rate_raw': [(1, 0.20000000298023224),
[92mINFO [0m:      	                            (2, 0.30000001192092896),
INFO:flwr:	                            (2, 0.30000001192092896),
[92mINFO [0m:      	                            (3, 0.30000001192092896),
INFO:flwr:	                            (3, 0.30000001192092896),
[92mINFO [0m:      	                            (4, 0.30000001192092896),
INFO:flwr:	                            (4, 0.30000001192092896),
[92mINFO [0m:      	                            (5, 0.20000000298023224),
INFO:flwr:	                            (5, 0.20000000298023224),
[92mINFO [0m:      	                            (6, 0.30000001192092896),
INFO:flwr:	                            (6, 0.30000001192092896),
[92mINFO [0m:      	                            (7, 0.20000000298023224),
INFO:flwr:	                            (7, 0.20000000298023224),
[92mINFO [0m:      	                            (8, 0.20000000298023224),
INFO:flwr:	                            (8, 0.20000000298023224),
[92mINFO [0m:      	                            (9, 0.20000000298023224),
INFO:flwr:	                            (9, 0.20000000298023224),
[92mINFO [0m:      	                            (10, 0.30000001192092896),
INFO:flwr:	                            (10, 0.30000001192092896),
[92mINFO [0m:      	                            (11, 0.30000001192092896),
INFO:flwr:	                            (11, 0.30000001192092896),
[92mINFO [0m:      	                            (12, 0.30000001192092896),
INFO:flwr:	                            (12, 0.30000001192092896),
[92mINFO [0m:      	                            (13, 0.30000001192092896),
INFO:flwr:	                            (13, 0.30000001192092896),
[92mINFO [0m:      	                            (14, 0.30000001192092896),
INFO:flwr:	                            (14, 0.30000001192092896),
[92mINFO [0m:      	                            (15, 0.20000000298023224),
INFO:flwr:	                            (15, 0.20000000298023224),
[92mINFO [0m:      	                            (16, 0.20000000298023224),
INFO:flwr:	                            (16, 0.20000000298023224),
[92mINFO [0m:      	                            (17, 0.20000000298023224),
INFO:flwr:	                            (17, 0.20000000298023224),
[92mINFO [0m:      	                            (18, 0.30000001192092896),
INFO:flwr:	                            (18, 0.30000001192092896),
[92mINFO [0m:      	                            (19, 0.20000000298023224),
INFO:flwr:	                            (19, 0.20000000298023224),
[92mINFO [0m:      	                            (20, 0.20000000298023224),
INFO:flwr:	                            (20, 0.20000000298023224),
[92mINFO [0m:      	                            (21, 0.30000001192092896),
INFO:flwr:	                            (21, 0.30000001192092896),
[92mINFO [0m:      	                            (22, 0.20000000298023224),
INFO:flwr:	                            (22, 0.20000000298023224),
[92mINFO [0m:      	                            (23, 0.30000001192092896),
INFO:flwr:	                            (23, 0.30000001192092896),
[92mINFO [0m:      	                            (24, 0.20000000298023224),
INFO:flwr:	                            (24, 0.20000000298023224),
[92mINFO [0m:      	                            (25, 0.20000000298023224),
INFO:flwr:	                            (25, 0.20000000298023224),
[92mINFO [0m:      	                            (26, 0.20000000298023224),
INFO:flwr:	                            (26, 0.20000000298023224),
[92mINFO [0m:      	                            (27, 0.20000000298023224),
INFO:flwr:	                            (27, 0.20000000298023224),
[92mINFO [0m:      	                            (28, 0.20000000298023224),
INFO:flwr:	                            (28, 0.20000000298023224),
[92mINFO [0m:      	                            (29, 0.20000000298023224),
INFO:flwr:	                            (29, 0.20000000298023224),
[92mINFO [0m:      	                            (30, 0.5),
INFO:flwr:	                            (30, 0.5),
[92mINFO [0m:      	                            (31, 0.20000000298023224),
INFO:flwr:	                            (31, 0.20000000298023224),
[92mINFO [0m:      	                            (32, 0.30000001192092896),
INFO:flwr:	                            (32, 0.30000001192092896),
[92mINFO [0m:      	                            (33, 0.20000000298023224),
INFO:flwr:	                            (33, 0.20000000298023224),
[92mINFO [0m:      	                            (34, 0.30000001192092896),
INFO:flwr:	                            (34, 0.30000001192092896),
[92mINFO [0m:      	                            (35, 0.20000000298023224),
INFO:flwr:	                            (35, 0.20000000298023224),
[92mINFO [0m:      	                            (36, 0.20000000298023224),
INFO:flwr:	                            (36, 0.20000000298023224),
[92mINFO [0m:      	                            (37, 0.20000000298023224),
INFO:flwr:	                            (37, 0.20000000298023224),
[92mINFO [0m:      	                            (38, 0.20000000298023224),
INFO:flwr:	                            (38, 0.20000000298023224),
[92mINFO [0m:      	                            (39, 0.30000001192092896),
INFO:flwr:	                            (39, 0.30000001192092896),
[92mINFO [0m:      	                            (40, 0.20000000298023224),
INFO:flwr:	                            (40, 0.20000000298023224),
[92mINFO [0m:      	                            (41, 0.20000000298023224),
INFO:flwr:	                            (41, 0.20000000298023224),
[92mINFO [0m:      	                            (42, 0.20000000298023224),
INFO:flwr:	                            (42, 0.20000000298023224),
[92mINFO [0m:      	                            (43, 0.20000000298023224),
INFO:flwr:	                            (43, 0.20000000298023224),
[92mINFO [0m:      	                            (44, 0.30000001192092896),
INFO:flwr:	                            (44, 0.30000001192092896),
[92mINFO [0m:      	                            (45, 0.20000000298023224),
INFO:flwr:	                            (45, 0.20000000298023224),
[92mINFO [0m:      	                            (46, 0.20000000298023224),
INFO:flwr:	                            (46, 0.20000000298023224),
[92mINFO [0m:      	                            (47, 0.20000000298023224),
INFO:flwr:	                            (47, 0.20000000298023224),
[92mINFO [0m:      	                            (48, 0.30000001192092896),
INFO:flwr:	                            (48, 0.30000001192092896),
[92mINFO [0m:      	                            (49, 0.20000000298023224),
INFO:flwr:	                            (49, 0.20000000298023224),
[92mINFO [0m:      	                            (50, 0.20000000298023224)],
INFO:flwr:	                            (50, 0.20000000298023224)],
[92mINFO [0m:      	 'layer2_threshold': [(1, 0.5),
INFO:flwr:	 'layer2_threshold': [(1, 0.5),
[92mINFO [0m:      	                      (2, 0.5),
INFO:flwr:	                      (2, 0.5),
[92mINFO [0m:      	                      (3, 0.5),
INFO:flwr:	                      (3, 0.5),
[92mINFO [0m:      	                      (4, 0.55),
INFO:flwr:	                      (4, 0.55),
[92mINFO [0m:      	                      (5, 0.6000000000000001),
INFO:flwr:	                      (5, 0.6000000000000001),
[92mINFO [0m:      	                      (6, 0.6500000000000001),
INFO:flwr:	                      (6, 0.6500000000000001),
[92mINFO [0m:      	                      (7, 0.7000000000000002),
INFO:flwr:	                      (7, 0.7000000000000002),
[92mINFO [0m:      	                      (8, 0.7500000000000002),
INFO:flwr:	                      (8, 0.7500000000000002),
[92mINFO [0m:      	                      (9, 0.8),
INFO:flwr:	                      (9, 0.8),
[92mINFO [0m:      	                      (10, 0.8),
INFO:flwr:	                      (10, 0.8),
[92mINFO [0m:      	                      (11, 0.8),
INFO:flwr:	                      (11, 0.8),
[92mINFO [0m:      	                      (12, 0.8),
INFO:flwr:	                      (12, 0.8),
[92mINFO [0m:      	                      (13, 0.8),
INFO:flwr:	                      (13, 0.8),
[92mINFO [0m:      	                      (14, 0.8),
INFO:flwr:	                      (14, 0.8),
[92mINFO [0m:      	                      (15, 0.8),
INFO:flwr:	                      (15, 0.8),
[92mINFO [0m:      	                      (16, 0.8),
INFO:flwr:	                      (16, 0.8),
[92mINFO [0m:      	                      (17, 0.8),
INFO:flwr:	                      (17, 0.8),
[92mINFO [0m:      	                      (18, 0.8),
INFO:flwr:	                      (18, 0.8),
[92mINFO [0m:      	                      (19, 0.8),
INFO:flwr:	                      (19, 0.8),
[92mINFO [0m:      	                      (20, 0.8),
INFO:flwr:	                      (20, 0.8),
[92mINFO [0m:      	                      (21, 0.8),
INFO:flwr:	                      (21, 0.8),
[92mINFO [0m:      	                      (22, 0.8),
INFO:flwr:	                      (22, 0.8),
[92mINFO [0m:      	                      (23, 0.8),
INFO:flwr:	                      (23, 0.8),
[92mINFO [0m:      	                      (24, 0.8),
INFO:flwr:	                      (24, 0.8),
[92mINFO [0m:      	                      (25, 0.8),
INFO:flwr:	                      (25, 0.8),
[92mINFO [0m:      	                      (26, 0.8),
INFO:flwr:	                      (26, 0.8),
[92mINFO [0m:      	                      (27, 0.8),
INFO:flwr:	                      (27, 0.8),
[92mINFO [0m:      	                      (28, 0.8),
INFO:flwr:	                      (28, 0.8),
[92mINFO [0m:      	                      (29, 0.8),
INFO:flwr:	                      (29, 0.8),
[92mINFO [0m:      	                      (30, 0.8),
INFO:flwr:	                      (30, 0.8),
[92mINFO [0m:      	                      (31, 0.8),
INFO:flwr:	                      (31, 0.8),
[92mINFO [0m:      	                      (32, 0.8),
INFO:flwr:	                      (32, 0.8),
[92mINFO [0m:      	                      (33, 0.8),
INFO:flwr:	                      (33, 0.8),
[92mINFO [0m:      	                      (34, 0.8),
INFO:flwr:	                      (34, 0.8),
[92mINFO [0m:      	                      (35, 0.8),
INFO:flwr:	                      (35, 0.8),
[92mINFO [0m:      	                      (36, 0.8),
INFO:flwr:	                      (36, 0.8),
[92mINFO [0m:      	                      (37, 0.8),
INFO:flwr:	                      (37, 0.8),
[92mINFO [0m:      	                      (38, 0.8),
INFO:flwr:	                      (38, 0.8),
[92mINFO [0m:      	                      (39, 0.8),
INFO:flwr:	                      (39, 0.8),
[92mINFO [0m:      	                      (40, 0.8),
INFO:flwr:	                      (40, 0.8),
[92mINFO [0m:      	                      (41, 0.8),
INFO:flwr:	                      (41, 0.8),
[92mINFO [0m:      	                      (42, 0.8),
INFO:flwr:	                      (42, 0.8),
[92mINFO [0m:      	                      (43, 0.8),
INFO:flwr:	                      (43, 0.8),
[92mINFO [0m:      	                      (44, 0.8),
INFO:flwr:	                      (44, 0.8),
[92mINFO [0m:      	                      (45, 0.8),
INFO:flwr:	                      (45, 0.8),
[92mINFO [0m:      	                      (46, 0.8),
INFO:flwr:	                      (46, 0.8),
[92mINFO [0m:      	                      (47, 0.8),
INFO:flwr:	                      (47, 0.8),
[92mINFO [0m:      	                      (48, 0.8),
INFO:flwr:	                      (48, 0.8),
[92mINFO [0m:      	                      (49, 0.8),
INFO:flwr:	                      (49, 0.8),
[92mINFO [0m:      	                      (50, 0.8)],
INFO:flwr:	                      (50, 0.8)],
[92mINFO [0m:      	 'layer3_reject_rate_at_threshold': [(1, 0.0),
INFO:flwr:	 'layer3_reject_rate_at_threshold': [(1, 0.0),
[92mINFO [0m:      	                                     (2, 0.0),
INFO:flwr:	                                     (2, 0.0),
[92mINFO [0m:      	                                     (3, 0.0),
INFO:flwr:	                                     (3, 0.0),
[92mINFO [0m:      	                                     (4, 0.0),
INFO:flwr:	                                     (4, 0.0),
[92mINFO [0m:      	                                     (5, 0.0),
INFO:flwr:	                                     (5, 0.0),
[92mINFO [0m:      	                                     (6, 0.0),
INFO:flwr:	                                     (6, 0.0),
[92mINFO [0m:      	                                     (7, 0.0),
INFO:flwr:	                                     (7, 0.0),
[92mINFO [0m:      	                                     (8, 0.0),
INFO:flwr:	                                     (8, 0.0),
[92mINFO [0m:      	                                     (9, 0.0),
INFO:flwr:	                                     (9, 0.0),
[92mINFO [0m:      	                                     (10, 0.0),
INFO:flwr:	                                     (10, 0.0),
[92mINFO [0m:      	                                     (11, 0.0),
INFO:flwr:	                                     (11, 0.0),
[92mINFO [0m:      	                                     (12, 0.0),
INFO:flwr:	                                     (12, 0.0),
[92mINFO [0m:      	                                     (13, 0.0),
INFO:flwr:	                                     (13, 0.0),
[92mINFO [0m:      	                                     (14, 0.0),
INFO:flwr:	                                     (14, 0.0),
[92mINFO [0m:      	                                     (15, 0.0),
INFO:flwr:	                                     (15, 0.0),
[92mINFO [0m:      	                                     (16, 0.0),
INFO:flwr:	                                     (16, 0.0),
[92mINFO [0m:      	                                     (17, 0.0),
INFO:flwr:	                                     (17, 0.0),
[92mINFO [0m:      	                                     (18, 0.0),
INFO:flwr:	                                     (18, 0.0),
[92mINFO [0m:      	                                     (19, 0.0),
INFO:flwr:	                                     (19, 0.0),
[92mINFO [0m:      	                                     (20, 0.0),
INFO:flwr:	                                     (20, 0.0),
[92mINFO [0m:      	                                     (21, 0.0),
INFO:flwr:	                                     (21, 0.0),
[92mINFO [0m:      	                                     (22, 0.0),
INFO:flwr:	                                     (22, 0.0),
[92mINFO [0m:      	                                     (23, 0.0),
INFO:flwr:	                                     (23, 0.0),
[92mINFO [0m:      	                                     (24, 0.0),
INFO:flwr:	                                     (24, 0.0),
[92mINFO [0m:      	                                     (25, 0.0),
INFO:flwr:	                                     (25, 0.0),
[92mINFO [0m:      	                                     (26, 0.0),
INFO:flwr:	                                     (26, 0.0),
[92mINFO [0m:      	                                     (27, 0.0),
INFO:flwr:	                                     (27, 0.0),
[92mINFO [0m:      	                                     (28, 0.0),
INFO:flwr:	                                     (28, 0.0),
[92mINFO [0m:      	                                     (29, 0.0),
INFO:flwr:	                                     (29, 0.0),
[92mINFO [0m:      	                                     (30, 0.0),
INFO:flwr:	                                     (30, 0.0),
[92mINFO [0m:      	                                     (31, 0.0),
INFO:flwr:	                                     (31, 0.0),
[92mINFO [0m:      	                                     (32, 0.0),
INFO:flwr:	                                     (32, 0.0),
[92mINFO [0m:      	                                     (33, 0.0),
INFO:flwr:	                                     (33, 0.0),
[92mINFO [0m:      	                                     (34, 0.0),
INFO:flwr:	                                     (34, 0.0),
[92mINFO [0m:      	                                     (35, 0.0),
INFO:flwr:	                                     (35, 0.0),
[92mINFO [0m:      	                                     (36, 0.0),
INFO:flwr:	                                     (36, 0.0),
[92mINFO [0m:      	                                     (37, 0.0),
INFO:flwr:	                                     (37, 0.0),
[92mINFO [0m:      	                                     (38, 0.0),
INFO:flwr:	                                     (38, 0.0),
[92mINFO [0m:      	                                     (39, 0.0),
INFO:flwr:	                                     (39, 0.0),
[92mINFO [0m:      	                                     (40, 0.0),
INFO:flwr:	                                     (40, 0.0),
[92mINFO [0m:      	                                     (41, 0.0),
INFO:flwr:	                                     (41, 0.0),
[92mINFO [0m:      	                                     (42, 0.0),
INFO:flwr:	                                     (42, 0.0),
[92mINFO [0m:      	                                     (43, 0.0),
INFO:flwr:	                                     (43, 0.0),
[92mINFO [0m:      	                                     (44, 0.0),
INFO:flwr:	                                     (44, 0.0),
[92mINFO [0m:      	                                     (45, 0.0),
INFO:flwr:	                                     (45, 0.0),
[92mINFO [0m:      	                                     (46, 0.0),
INFO:flwr:	                                     (46, 0.0),
[92mINFO [0m:      	                                     (47, 0.0),
INFO:flwr:	                                     (47, 0.0),
[92mINFO [0m:      	                                     (48, 0.0),
INFO:flwr:	                                     (48, 0.0),
[92mINFO [0m:      	                                     (49, 0.0),
INFO:flwr:	                                     (49, 0.0),
[92mINFO [0m:      	                                     (50, 0.0)],
INFO:flwr:	                                     (50, 0.0)],
[92mINFO [0m:      	 'layer3_reject_rate_raw': [(1, 0.0),
INFO:flwr:	 'layer3_reject_rate_raw': [(1, 0.0),
[92mINFO [0m:      	                            (2, 0.0),
INFO:flwr:	                            (2, 0.0),
[92mINFO [0m:      	                            (3, 0.0),
INFO:flwr:	                            (3, 0.0),
[92mINFO [0m:      	                            (4, 0.0),
INFO:flwr:	                            (4, 0.0),
[92mINFO [0m:      	                            (5, 0.0),
INFO:flwr:	                            (5, 0.0),
[92mINFO [0m:      	                            (6, 0.0),
INFO:flwr:	                            (6, 0.0),
[92mINFO [0m:      	                            (7, 0.0),
INFO:flwr:	                            (7, 0.0),
[92mINFO [0m:      	                            (8, 0.0),
INFO:flwr:	                            (8, 0.0),
[92mINFO [0m:      	                            (9, 0.0),
INFO:flwr:	                            (9, 0.0),
[92mINFO [0m:      	                            (10, 0.0),
INFO:flwr:	                            (10, 0.0),
[92mINFO [0m:      	                            (11, 0.0),
INFO:flwr:	                            (11, 0.0),
[92mINFO [0m:      	                            (12, 0.0),
INFO:flwr:	                            (12, 0.0),
[92mINFO [0m:      	                            (13, 0.0),
INFO:flwr:	                            (13, 0.0),
[92mINFO [0m:      	                            (14, 0.0),
INFO:flwr:	                            (14, 0.0),
[92mINFO [0m:      	                            (15, 0.0),
INFO:flwr:	                            (15, 0.0),
[92mINFO [0m:      	                            (16, 0.0),
INFO:flwr:	                            (16, 0.0),
[92mINFO [0m:      	                            (17, 0.0),
INFO:flwr:	                            (17, 0.0),
[92mINFO [0m:      	                            (18, 0.0),
INFO:flwr:	                            (18, 0.0),
[92mINFO [0m:      	                            (19, 0.0),
INFO:flwr:	                            (19, 0.0),
[92mINFO [0m:      	                            (20, 0.0),
INFO:flwr:	                            (20, 0.0),
[92mINFO [0m:      	                            (21, 0.0),
INFO:flwr:	                            (21, 0.0),
[92mINFO [0m:      	                            (22, 0.0),
INFO:flwr:	                            (22, 0.0),
[92mINFO [0m:      	                            (23, 0.0),
INFO:flwr:	                            (23, 0.0),
[92mINFO [0m:      	                            (24, 0.0),
INFO:flwr:	                            (24, 0.0),
[92mINFO [0m:      	                            (25, 0.0),
INFO:flwr:	                            (25, 0.0),
[92mINFO [0m:      	                            (26, 0.0),
INFO:flwr:	                            (26, 0.0),
[92mINFO [0m:      	                            (27, 0.0),
INFO:flwr:	                            (27, 0.0),
[92mINFO [0m:      	                            (28, 0.0),
INFO:flwr:	                            (28, 0.0),
[92mINFO [0m:      	                            (29, 0.0),
INFO:flwr:	                            (29, 0.0),
[92mINFO [0m:      	                            (30, 0.0),
INFO:flwr:	                            (30, 0.0),
[92mINFO [0m:      	                            (31, 0.0),
INFO:flwr:	                            (31, 0.0),
[92mINFO [0m:      	                            (32, 0.0),
INFO:flwr:	                            (32, 0.0),
[92mINFO [0m:      	                            (33, 0.0),
INFO:flwr:	                            (33, 0.0),
[92mINFO [0m:      	                            (34, 0.0),
INFO:flwr:	                            (34, 0.0),
[92mINFO [0m:      	                            (35, 0.0),
INFO:flwr:	                            (35, 0.0),
[92mINFO [0m:      	                            (36, 0.0),
INFO:flwr:	                            (36, 0.0),
[92mINFO [0m:      	                            (37, 0.0),
INFO:flwr:	                            (37, 0.0),
[92mINFO [0m:      	                            (38, 0.0),
INFO:flwr:	                            (38, 0.0),
[92mINFO [0m:      	                            (39, 0.0),
INFO:flwr:	                            (39, 0.0),
[92mINFO [0m:      	                            (40, 0.0),
INFO:flwr:	                            (40, 0.0),
[92mINFO [0m:      	                            (41, 0.0),
INFO:flwr:	                            (41, 0.0),
[92mINFO [0m:      	                            (42, 0.0),
INFO:flwr:	                            (42, 0.0),
[92mINFO [0m:      	                            (43, 0.0),
INFO:flwr:	                            (43, 0.0),
[92mINFO [0m:      	                            (44, 0.0),
INFO:flwr:	                            (44, 0.0),
[92mINFO [0m:      	                            (45, 0.0),
INFO:flwr:	                            (45, 0.0),
[92mINFO [0m:      	                            (46, 0.0),
INFO:flwr:	                            (46, 0.0),
[92mINFO [0m:      	                            (47, 0.0),
INFO:flwr:	                            (47, 0.0),
[92mINFO [0m:      	                            (48, 0.0),
INFO:flwr:	                            (48, 0.0),
[92mINFO [0m:      	                            (49, 0.0),
INFO:flwr:	                            (49, 0.0),
[92mINFO [0m:      	                            (50, 0.0)],
INFO:flwr:	                            (50, 0.0)],
[92mINFO [0m:      	 'layer3_threshold': [(1, 0.5),
INFO:flwr:	 'layer3_threshold': [(1, 0.5),
[92mINFO [0m:      	                      (2, 0.5),
INFO:flwr:	                      (2, 0.5),
[92mINFO [0m:      	                      (3, 0.5),
INFO:flwr:	                      (3, 0.5),
[92mINFO [0m:      	                      (4, 0.5),
INFO:flwr:	                      (4, 0.5),
[92mINFO [0m:      	                      (5, 0.5),
INFO:flwr:	                      (5, 0.5),
[92mINFO [0m:      	                      (6, 0.5),
INFO:flwr:	                      (6, 0.5),
[92mINFO [0m:      	                      (7, 0.5),
INFO:flwr:	                      (7, 0.5),
[92mINFO [0m:      	                      (8, 0.5),
INFO:flwr:	                      (8, 0.5),
[92mINFO [0m:      	                      (9, 0.5),
INFO:flwr:	                      (9, 0.5),
[92mINFO [0m:      	                      (10, 0.5),
INFO:flwr:	                      (10, 0.5),
[92mINFO [0m:      	                      (11, 0.5),
INFO:flwr:	                      (11, 0.5),
[92mINFO [0m:      	                      (12, 0.5),
INFO:flwr:	                      (12, 0.5),
[92mINFO [0m:      	                      (13, 0.5),
INFO:flwr:	                      (13, 0.5),
[92mINFO [0m:      	                      (14, 0.5),
INFO:flwr:	                      (14, 0.5),
[92mINFO [0m:      	                      (15, 0.5),
INFO:flwr:	                      (15, 0.5),
[92mINFO [0m:      	                      (16, 0.5),
INFO:flwr:	                      (16, 0.5),
[92mINFO [0m:      	                      (17, 0.5),
INFO:flwr:	                      (17, 0.5),
[92mINFO [0m:      	                      (18, 0.5),
INFO:flwr:	                      (18, 0.5),
[92mINFO [0m:      	                      (19, 0.5),
INFO:flwr:	                      (19, 0.5),
[92mINFO [0m:      	                      (20, 0.5),
INFO:flwr:	                      (20, 0.5),
[92mINFO [0m:      	                      (21, 0.5),
INFO:flwr:	                      (21, 0.5),
[92mINFO [0m:      	                      (22, 0.5),
INFO:flwr:	                      (22, 0.5),
[92mINFO [0m:      	                      (23, 0.5),
INFO:flwr:	                      (23, 0.5),
[92mINFO [0m:      	                      (24, 0.5),
INFO:flwr:	                      (24, 0.5),
[92mINFO [0m:      	                      (25, 0.5),
INFO:flwr:	                      (25, 0.5),
[92mINFO [0m:      	                      (26, 0.5),
INFO:flwr:	                      (26, 0.5),
[92mINFO [0m:      	                      (27, 0.5),
INFO:flwr:	                      (27, 0.5),
[92mINFO [0m:      	                      (28, 0.5),
INFO:flwr:	                      (28, 0.5),
[92mINFO [0m:      	                      (29, 0.5),
INFO:flwr:	                      (29, 0.5),
[92mINFO [0m:      	                      (30, 0.5),
INFO:flwr:	                      (30, 0.5),
[92mINFO [0m:      	                      (31, 0.5),
INFO:flwr:	                      (31, 0.5),
[92mINFO [0m:      	                      (32, 0.5),
INFO:flwr:	                      (32, 0.5),
[92mINFO [0m:      	                      (33, 0.5),
INFO:flwr:	                      (33, 0.5),
[92mINFO [0m:      	                      (34, 0.5),
INFO:flwr:	                      (34, 0.5),
[92mINFO [0m:      	                      (35, 0.5),
INFO:flwr:	                      (35, 0.5),
[92mINFO [0m:      	                      (36, 0.5),
INFO:flwr:	                      (36, 0.5),
[92mINFO [0m:      	                      (37, 0.5),
INFO:flwr:	                      (37, 0.5),
[92mINFO [0m:      	                      (38, 0.5),
INFO:flwr:	                      (38, 0.5),
[92mINFO [0m:      	                      (39, 0.5),
INFO:flwr:	                      (39, 0.5),
[92mINFO [0m:      	                      (40, 0.5),
INFO:flwr:	                      (40, 0.5),
[92mINFO [0m:      	                      (41, 0.5),
INFO:flwr:	                      (41, 0.5),
[92mINFO [0m:      	                      (42, 0.5),
INFO:flwr:	                      (42, 0.5),
[92mINFO [0m:      	                      (43, 0.5),
INFO:flwr:	                      (43, 0.5),
[92mINFO [0m:      	                      (44, 0.5),
INFO:flwr:	                      (44, 0.5),
[92mINFO [0m:      	                      (45, 0.5),
INFO:flwr:	                      (45, 0.5),
[92mINFO [0m:      	                      (46, 0.5),
INFO:flwr:	                      (46, 0.5),
[92mINFO [0m:      	                      (47, 0.5),
INFO:flwr:	                      (47, 0.5),
[92mINFO [0m:      	                      (48, 0.5),
INFO:flwr:	                      (48, 0.5),
[92mINFO [0m:      	                      (49, 0.5),
INFO:flwr:	                      (49, 0.5),
[92mINFO [0m:      	                      (50, 0.5)],
INFO:flwr:	                      (50, 0.5)],
[92mINFO [0m:      	 'mean_reputation': [(1, 0.9681561589241028),
INFO:flwr:	 'mean_reputation': [(1, 0.9681561589241028),
[92mINFO [0m:      	                     (2, 0.9304383993148804),
INFO:flwr:	                     (2, 0.9304383993148804),
[92mINFO [0m:      	                     (3, 0.8972007036209106),
INFO:flwr:	                     (3, 0.8972007036209106),
[92mINFO [0m:      	                     (4, 0.8673081398010254),
INFO:flwr:	                     (4, 0.8673081398010254),
[92mINFO [0m:      	                     (5, 0.8411838412284851),
INFO:flwr:	                     (5, 0.8411838412284851),
[92mINFO [0m:      	                     (6, 0.8179739117622375),
INFO:flwr:	                     (6, 0.8179739117622375),
[92mINFO [0m:      	                     (7, 0.805877685546875),
INFO:flwr:	                     (7, 0.805877685546875),
[92mINFO [0m:      	                     (8, 0.7864199280738831),
INFO:flwr:	                     (8, 0.7864199280738831),
[92mINFO [0m:      	                     (9, 0.7693588733673096),
INFO:flwr:	                     (9, 0.7693588733673096),
[92mINFO [0m:      	                     (10, 0.7541596293449402),
INFO:flwr:	                     (10, 0.7541596293449402),
[92mINFO [0m:      	                     (11, 0.7309170961380005),
INFO:flwr:	                     (11, 0.7309170961380005),
[92mINFO [0m:      	                     (12, 0.7196385264396667),
INFO:flwr:	                     (12, 0.7196385264396667),
[92mINFO [0m:      	                     (13, 0.6920008659362793),
INFO:flwr:	                     (13, 0.6920008659362793),
[92mINFO [0m:      	                     (14, 0.6671870946884155),
INFO:flwr:	                     (14, 0.6671870946884155),
[92mINFO [0m:      	                     (15, 0.664743185043335),
INFO:flwr:	                     (15, 0.664743185043335),
[92mINFO [0m:      	                     (16, 0.6740314960479736),
INFO:flwr:	                     (16, 0.6740314960479736),
[92mINFO [0m:      	                     (17, 0.6704638004302979),
INFO:flwr:	                     (17, 0.6704638004302979),
[92mINFO [0m:      	                     (18, 0.6665494441986084),
INFO:flwr:	                     (18, 0.6665494441986084),
[92mINFO [0m:      	                     (19, 0.6747947931289673),
INFO:flwr:	                     (19, 0.6747947931289673),
[92mINFO [0m:      	                     (20, 0.6706067323684692),
INFO:flwr:	                     (20, 0.6706067323684692),
[92mINFO [0m:      	                     (21, 0.6569459438323975),
INFO:flwr:	                     (21, 0.6569459438323975),
[92mINFO [0m:      	                     (22, 0.653579831123352),
INFO:flwr:	                     (22, 0.653579831123352),
[92mINFO [0m:      	                     (23, 0.6417524814605713),
INFO:flwr:	                     (23, 0.6417524814605713),
[92mINFO [0m:      	                     (24, 0.6415169835090637),
INFO:flwr:	                     (24, 0.6415169835090637),
[92mINFO [0m:      	                     (25, 0.6411068439483643),
INFO:flwr:	                     (25, 0.6411068439483643),
[92mINFO [0m:      	                     (26, 0.6526105403900146),
INFO:flwr:	                     (26, 0.6526105403900146),
[92mINFO [0m:      	                     (27, 0.6507794260978699),
INFO:flwr:	                     (27, 0.6507794260978699),
[92mINFO [0m:      	                     (28, 0.6605152487754822),
INFO:flwr:	                     (28, 0.6605152487754822),
[92mINFO [0m:      	                     (29, 0.6678677201271057),
INFO:flwr:	                     (29, 0.6678677201271057),
[92mINFO [0m:      	                     (30, 0.6457831263542175),
INFO:flwr:	                     (30, 0.6457831263542175),
[92mINFO [0m:      	                     (31, 0.6347824335098267),
INFO:flwr:	                     (31, 0.6347824335098267),
[92mINFO [0m:      	                     (32, 0.6160134673118591),
INFO:flwr:	                     (32, 0.6160134673118591),
[92mINFO [0m:      	                     (33, 0.619443953037262),
INFO:flwr:	                     (33, 0.619443953037262),
[92mINFO [0m:      	                     (34, 0.6212604641914368),
INFO:flwr:	                     (34, 0.6212604641914368),
[92mINFO [0m:      	                     (35, 0.613451361656189),
INFO:flwr:	                     (35, 0.613451361656189),
[92mINFO [0m:      	                     (36, 0.6290300488471985),
INFO:flwr:	                     (36, 0.6290300488471985),
[92mINFO [0m:      	                     (37, 0.6422470808029175),
INFO:flwr:	                     (37, 0.6422470808029175),
[92mINFO [0m:      	                     (38, 0.6529837846755981),
INFO:flwr:	                     (38, 0.6529837846755981),
[92mINFO [0m:      	                     (39, 0.6509593725204468),
INFO:flwr:	                     (39, 0.6509593725204468),
[92mINFO [0m:      	                     (40, 0.6491454243659973),
INFO:flwr:	                     (40, 0.6491454243659973),
[92mINFO [0m:      	                     (41, 0.6477800607681274),
INFO:flwr:	                     (41, 0.6477800607681274),
[92mINFO [0m:      	                     (42, 0.6453083157539368),
INFO:flwr:	                     (42, 0.6453083157539368),
[92mINFO [0m:      	                     (43, 0.634626030921936),
INFO:flwr:	                     (43, 0.634626030921936),
[92mINFO [0m:      	                     (44, 0.6249855756759644),
INFO:flwr:	                     (44, 0.6249855756759644),
[92mINFO [0m:      	                     (45, 0.6258637309074402),
INFO:flwr:	                     (45, 0.6258637309074402),
[92mINFO [0m:      	                     (46, 0.6385610699653625),
INFO:flwr:	                     (46, 0.6385610699653625),
[92mINFO [0m:      	                     (47, 0.6376920938491821),
INFO:flwr:	                     (47, 0.6376920938491821),
[92mINFO [0m:      	                     (48, 0.6268221139907837),
INFO:flwr:	                     (48, 0.6268221139907837),
[92mINFO [0m:      	                     (49, 0.6400221586227417),
INFO:flwr:	                     (49, 0.6400221586227417),
[92mINFO [0m:      	                     (50, 0.6503047943115234)],
INFO:flwr:	                     (50, 0.6503047943115234)],
[92mINFO [0m:      	 'min_reputation': [(1, 0.8999999761581421),
INFO:flwr:	 'min_reputation': [(1, 0.8999999761581421),
[92mINFO [0m:      	                    (2, 0.8100000023841858),
INFO:flwr:	                    (2, 0.8100000023841858),
[92mINFO [0m:      	                    (3, 0.7289999723434448),
INFO:flwr:	                    (3, 0.7289999723434448),
[92mINFO [0m:      	                    (4, 0.6560999751091003),
INFO:flwr:	                    (4, 0.6560999751091003),
[92mINFO [0m:      	                    (5, 0.5904899835586548),
INFO:flwr:	                    (5, 0.5904899835586548),
[92mINFO [0m:      	                    (6, 0.5314409732818604),
INFO:flwr:	                    (6, 0.5314409732818604),
[92mINFO [0m:      	                    (7, 0.4782969057559967),
INFO:flwr:	                    (7, 0.4782969057559967),
[92mINFO [0m:      	                    (8, 0.4304672181606293),
INFO:flwr:	                    (8, 0.4304672181606293),
[92mINFO [0m:      	                    (9, 0.3874204754829407),
INFO:flwr:	                    (9, 0.3874204754829407),
[92mINFO [0m:      	                    (10, 0.34867843985557556),
INFO:flwr:	                    (10, 0.34867843985557556),
[92mINFO [0m:      	                    (11, 0.3138105869293213),
INFO:flwr:	                    (11, 0.3138105869293213),
[92mINFO [0m:      	                    (12, 0.2824295461177826),
INFO:flwr:	                    (12, 0.2824295461177826),
[92mINFO [0m:      	                    (13, 0.25418657064437866),
INFO:flwr:	                    (13, 0.25418657064437866),
[92mINFO [0m:      	                    (14, 0.22876793146133423),
INFO:flwr:	                    (14, 0.22876793146133423),
[92mINFO [0m:      	                    (15, 0.20589113235473633),
INFO:flwr:	                    (15, 0.20589113235473633),
[92mINFO [0m:      	                    (16, 0.1853020191192627),
INFO:flwr:	                    (16, 0.1853020191192627),
[92mINFO [0m:      	                    (17, 0.1667718142271042),
INFO:flwr:	                    (17, 0.1667718142271042),
[92mINFO [0m:      	                    (18, 0.1500946283340454),
INFO:flwr:	                    (18, 0.1500946283340454),
[92mINFO [0m:      	                    (19, 0.13508516550064087),
INFO:flwr:	                    (19, 0.13508516550064087),
[92mINFO [0m:      	                    (20, 0.12157665193080902),
INFO:flwr:	                    (20, 0.12157665193080902),
[92mINFO [0m:      	                    (21, 0.10941898822784424),
INFO:flwr:	                    (21, 0.10941898822784424),
[92mINFO [0m:      	                    (22, 0.0984770879149437),
INFO:flwr:	                    (22, 0.0984770879149437),
[92mINFO [0m:      	                    (23, 0.08862937986850739),
INFO:flwr:	                    (23, 0.08862937986850739),
[92mINFO [0m:      	                    (24, 0.07976644486188889),
INFO:flwr:	                    (24, 0.07976644486188889),
[92mINFO [0m:      	                    (25, 0.07178980112075806),
INFO:flwr:	                    (25, 0.07178980112075806),
[92mINFO [0m:      	                    (26, 0.06461081653833389),
INFO:flwr:	                    (26, 0.06461081653833389),
[92mINFO [0m:      	                    (27, 0.05814973637461662),
INFO:flwr:	                    (27, 0.05814973637461662),
[92mINFO [0m:      	                    (28, 0.05233476310968399),
INFO:flwr:	                    (28, 0.05233476310968399),
[92mINFO [0m:      	                    (29, 0.04710128530859947),
INFO:flwr:	                    (29, 0.04710128530859947),
[92mINFO [0m:      	                    (30, 0.042391158640384674),
INFO:flwr:	                    (30, 0.042391158640384674),
[92mINFO [0m:      	                    (31, 0.03815204277634621),
INFO:flwr:	                    (31, 0.03815204277634621),
[92mINFO [0m:      	                    (32, 0.034336838871240616),
INFO:flwr:	                    (32, 0.034336838871240616),
[92mINFO [0m:      	                    (33, 0.030903154984116554),
INFO:flwr:	                    (33, 0.030903154984116554),
[92mINFO [0m:      	                    (34, 0.027812838554382324),
INFO:flwr:	                    (34, 0.027812838554382324),
[92mINFO [0m:      	                    (35, 0.02503155544400215),
INFO:flwr:	                    (35, 0.02503155544400215),
[92mINFO [0m:      	                    (36, 0.022528398782014847),
INFO:flwr:	                    (36, 0.022528398782014847),
[92mINFO [0m:      	                    (37, 0.020275559276342392),
INFO:flwr:	                    (37, 0.020275559276342392),
[92mINFO [0m:      	                    (38, 0.018248002976179123),
INFO:flwr:	                    (38, 0.018248002976179123),
[92mINFO [0m:      	                    (39, 0.01642320305109024),
INFO:flwr:	                    (39, 0.01642320305109024),
[92mINFO [0m:      	                    (40, 0.014780882745981216),
INFO:flwr:	                    (40, 0.014780882745981216),
[92mINFO [0m:      	                    (41, 0.01330279465764761),
INFO:flwr:	                    (41, 0.01330279465764761),
[92mINFO [0m:      	                    (42, 0.011972514912486076),
INFO:flwr:	                    (42, 0.011972514912486076),
[92mINFO [0m:      	                    (43, 0.010775263421237469),
INFO:flwr:	                    (43, 0.010775263421237469),
[92mINFO [0m:      	                    (44, 0.00969773717224598),
INFO:flwr:	                    (44, 0.00969773717224598),
[92mINFO [0m:      	                    (45, 0.008727964013814926),
INFO:flwr:	                    (45, 0.008727964013814926),
[92mINFO [0m:      	                    (46, 0.007855167612433434),
INFO:flwr:	                    (46, 0.007855167612433434),
[92mINFO [0m:      	                    (47, 0.007069650571793318),
INFO:flwr:	                    (47, 0.007069650571793318),
[92mINFO [0m:      	                    (48, 0.006362685468047857),
INFO:flwr:	                    (48, 0.006362685468047857),
[92mINFO [0m:      	                    (49, 0.005726417060941458),
INFO:flwr:	                    (49, 0.005726417060941458),
[92mINFO [0m:      	                    (50, 0.005153775215148926)],
INFO:flwr:	                    (50, 0.005153775215148926)],
[92mINFO [0m:      	 'server_round': [(1, 1),
INFO:flwr:	 'server_round': [(1, 1),
[92mINFO [0m:      	                  (2, 2),
INFO:flwr:	                  (2, 2),
[92mINFO [0m:      	                  (3, 3),
INFO:flwr:	                  (3, 3),
[92mINFO [0m:      	                  (4, 4),
INFO:flwr:	                  (4, 4),
[92mINFO [0m:      	                  (5, 5),
INFO:flwr:	                  (5, 5),
[92mINFO [0m:      	                  (6, 6),
INFO:flwr:	                  (6, 6),
[92mINFO [0m:      	                  (7, 7),
INFO:flwr:	                  (7, 7),
[92mINFO [0m:      	                  (8, 8),
INFO:flwr:	                  (8, 8),
[92mINFO [0m:      	                  (9, 9),
INFO:flwr:	                  (9, 9),
[92mINFO [0m:      	                  (10, 10),
INFO:flwr:	                  (10, 10),
[92mINFO [0m:      	                  (11, 11),
INFO:flwr:	                  (11, 11),
[92mINFO [0m:      	                  (12, 12),
INFO:flwr:	                  (12, 12),
[92mINFO [0m:      	                  (13, 13),
INFO:flwr:	                  (13, 13),
[92mINFO [0m:      	                  (14, 14),
INFO:flwr:	                  (14, 14),
[92mINFO [0m:      	                  (15, 15),
INFO:flwr:	                  (15, 15),
[92mINFO [0m:      	                  (16, 16),
INFO:flwr:	                  (16, 16),
[92mINFO [0m:      	                  (17, 17),
INFO:flwr:	                  (17, 17),
[92mINFO [0m:      	                  (18, 18),
INFO:flwr:	                  (18, 18),
[92mINFO [0m:      	                  (19, 19),
INFO:flwr:	                  (19, 19),
[92mINFO [0m:      	                  (20, 20),
INFO:flwr:	                  (20, 20),
[92mINFO [0m:      	                  (21, 21),
INFO:flwr:	                  (21, 21),
[92mINFO [0m:      	                  (22, 22),
INFO:flwr:	                  (22, 22),
[92mINFO [0m:      	                  (23, 23),
INFO:flwr:	                  (23, 23),
[92mINFO [0m:      	                  (24, 24),
INFO:flwr:	                  (24, 24),
[92mINFO [0m:      	                  (25, 25),
INFO:flwr:	                  (25, 25),
[92mINFO [0m:      	                  (26, 26),
INFO:flwr:	                  (26, 26),
[92mINFO [0m:      	                  (27, 27),
INFO:flwr:	                  (27, 27),
[92mINFO [0m:      	                  (28, 28),
INFO:flwr:	                  (28, 28),
[92mINFO [0m:      	                  (29, 29),
INFO:flwr:	                  (29, 29),
[92mINFO [0m:      	                  (30, 30),
INFO:flwr:	                  (30, 30),
[92mINFO [0m:      	                  (31, 31),
INFO:flwr:	                  (31, 31),
[92mINFO [0m:      	                  (32, 32),
INFO:flwr:	                  (32, 32),
[92mINFO [0m:      	                  (33, 33),
INFO:flwr:	                  (33, 33),
[92mINFO [0m:      	                  (34, 34),
INFO:flwr:	                  (34, 34),
[92mINFO [0m:      	                  (35, 35),
INFO:flwr:	                  (35, 35),
[92mINFO [0m:      	                  (36, 36),
INFO:flwr:	                  (36, 36),
[92mINFO [0m:      	                  (37, 37),
INFO:flwr:	                  (37, 37),
[92mINFO [0m:      	                  (38, 38),
INFO:flwr:	                  (38, 38),
[92mINFO [0m:      	                  (39, 39),
INFO:flwr:	                  (39, 39),
[92mINFO [0m:      	                  (40, 40),
INFO:flwr:	                  (40, 40),
[92mINFO [0m:      	                  (41, 41),
INFO:flwr:	                  (41, 41),
[92mINFO [0m:      	                  (42, 42),
INFO:flwr:	                  (42, 42),
[92mINFO [0m:      	                  (43, 43),
INFO:flwr:	                  (43, 43),
[92mINFO [0m:      	                  (44, 44),
INFO:flwr:	                  (44, 44),
[92mINFO [0m:      	                  (45, 45),
INFO:flwr:	                  (45, 45),
[92mINFO [0m:      	                  (46, 46),
INFO:flwr:	                  (46, 46),
[92mINFO [0m:      	                  (47, 47),
INFO:flwr:	                  (47, 47),
[92mINFO [0m:      	                  (48, 48),
INFO:flwr:	                  (48, 48),
[92mINFO [0m:      	                  (49, 49),
INFO:flwr:	                  (49, 49),
[92mINFO [0m:      	                  (50, 50)]}
INFO:flwr:	                  (50, 50)]}
[92mINFO [0m:      	History (metrics, distributed, evaluate):
INFO:flwr:	History (metrics, distributed, evaluate):
[92mINFO [0m:      	{'accuracy': [(1, 0.9674666666666667),
INFO:flwr:	{'accuracy': [(1, 0.9674666666666667),
[92mINFO [0m:      	              (2, 0.9646666666666667),
INFO:flwr:	              (2, 0.9646666666666667),
[92mINFO [0m:      	              (3, 0.9601333333333333),
INFO:flwr:	              (3, 0.9601333333333333),
[92mINFO [0m:      	              (4, 0.9543666666666667),
INFO:flwr:	              (4, 0.9543666666666667),
[92mINFO [0m:      	              (5, 0.9531),
INFO:flwr:	              (5, 0.9531),
[92mINFO [0m:      	              (6, 0.9555333333333333),
INFO:flwr:	              (6, 0.9555333333333333),
[92mINFO [0m:      	              (7, 0.9548),
INFO:flwr:	              (7, 0.9548),
[92mINFO [0m:      	              (8, 0.9564666666666667),
INFO:flwr:	              (8, 0.9564666666666667),
[92mINFO [0m:      	              (9, 0.9552666666666667),
INFO:flwr:	              (9, 0.9552666666666667),
[92mINFO [0m:      	              (10, 0.9549666666666666),
INFO:flwr:	              (10, 0.9549666666666666),
[92mINFO [0m:      	              (11, 0.9307666666666666),
INFO:flwr:	              (11, 0.9307666666666666),
[92mINFO [0m:      	              (12, 0.954),
INFO:flwr:	              (12, 0.954),
[92mINFO [0m:      	              (13, 0.9346666666666666),
INFO:flwr:	              (13, 0.9346666666666666),
[92mINFO [0m:      	              (14, 0.9363333333333334),
INFO:flwr:	              (14, 0.9363333333333334),
[92mINFO [0m:      	              (15, 0.9553),
INFO:flwr:	              (15, 0.9553),
[92mINFO [0m:      	              (16, 0.9605666666666667),
INFO:flwr:	              (16, 0.9605666666666667),
[92mINFO [0m:      	              (17, 0.9591666666666666),
INFO:flwr:	              (17, 0.9591666666666666),
[92mINFO [0m:      	              (18, 0.9576),
INFO:flwr:	              (18, 0.9576),
[92mINFO [0m:      	              (19, 0.9619),
INFO:flwr:	              (19, 0.9619),
[92mINFO [0m:      	              (20, 0.9599),
INFO:flwr:	              (20, 0.9599),
[92mINFO [0m:      	              (21, 0.962),
INFO:flwr:	              (21, 0.962),
[92mINFO [0m:      	              (22, 0.9622333333333334),
INFO:flwr:	              (22, 0.9622333333333334),
[92mINFO [0m:      	              (23, 0.9651333333333333),
INFO:flwr:	              (23, 0.9651333333333333),
[92mINFO [0m:      	              (24, 0.9635666666666667),
INFO:flwr:	              (24, 0.9635666666666667),
[92mINFO [0m:      	              (25, 0.9647666666666667),
INFO:flwr:	              (25, 0.9647666666666667),
[92mINFO [0m:      	              (26, 0.9647),
INFO:flwr:	              (26, 0.9647),
[92mINFO [0m:      	              (27, 0.9633),
INFO:flwr:	              (27, 0.9633),
[92mINFO [0m:      	              (28, 0.9635333333333334),
INFO:flwr:	              (28, 0.9635333333333334),
[92mINFO [0m:      	              (29, 0.9651333333333333),
INFO:flwr:	              (29, 0.9651333333333333),
[92mINFO [0m:      	              (30, 0.9516),
INFO:flwr:	              (30, 0.9516),
[92mINFO [0m:      	              (31, 0.967),
INFO:flwr:	              (31, 0.967),
[92mINFO [0m:      	              (32, 0.9488666666666666),
INFO:flwr:	              (32, 0.9488666666666666),
[92mINFO [0m:      	              (33, 0.9648333333333333),
INFO:flwr:	              (33, 0.9648333333333333),
[92mINFO [0m:      	              (34, 0.9658333333333333),
INFO:flwr:	              (34, 0.9658333333333333),
[92mINFO [0m:      	              (35, 0.9675333333333334),
INFO:flwr:	              (35, 0.9675333333333334),
[92mINFO [0m:      	              (36, 0.9664666666666667),
INFO:flwr:	              (36, 0.9664666666666667),
[92mINFO [0m:      	              (37, 0.9678333333333333),
INFO:flwr:	              (37, 0.9678333333333333),
[92mINFO [0m:      	              (38, 0.9695666666666667),
INFO:flwr:	              (38, 0.9695666666666667),
[92mINFO [0m:      	              (39, 0.9688666666666667),
INFO:flwr:	              (39, 0.9688666666666667),
[92mINFO [0m:      	              (40, 0.9690666666666666),
INFO:flwr:	              (40, 0.9690666666666666),
[92mINFO [0m:      	              (41, 0.9683666666666667),
INFO:flwr:	              (41, 0.9683666666666667),
[92mINFO [0m:      	              (42, 0.9682),
INFO:flwr:	              (42, 0.9682),
[92mINFO [0m:      	              (43, 0.9714666666666667),
INFO:flwr:	              (43, 0.9714666666666667),
[92mINFO [0m:      	              (44, 0.9698),
INFO:flwr:	              (44, 0.9698),
[92mINFO [0m:      	              (45, 0.9693),
INFO:flwr:	              (45, 0.9693),
[92mINFO [0m:      	              (46, 0.9707666666666667),
INFO:flwr:	              (46, 0.9707666666666667),
[92mINFO [0m:      	              (47, 0.9691333333333333),
INFO:flwr:	              (47, 0.9691333333333333),
[92mINFO [0m:      	              (48, 0.9715666666666667),
INFO:flwr:	              (48, 0.9715666666666667),
[92mINFO [0m:      	              (49, 0.9719666666666666),
INFO:flwr:	              (49, 0.9719666666666666),
[92mINFO [0m:      	              (50, 0.971)],
INFO:flwr:	              (50, 0.971)],
[92mINFO [0m:      	 'auc': [(1, 0.9045353255740798),
INFO:flwr:	 'auc': [(1, 0.9045353255740798),
[92mINFO [0m:      	         (2, 0.9183155080213904),
INFO:flwr:	         (2, 0.9183155080213904),
[92mINFO [0m:      	         (3, 0.9226085561497327),
INFO:flwr:	         (3, 0.9226085561497327),
[92mINFO [0m:      	         (4, 0.9212016986473733),
INFO:flwr:	         (4, 0.9212016986473733),
[92mINFO [0m:      	         (5, 0.9196602862535388),
INFO:flwr:	         (5, 0.9196602862535388),
[92mINFO [0m:      	         (6, 0.917132195659012),
INFO:flwr:	         (6, 0.917132195659012),
[92mINFO [0m:      	         (7, 0.92340681031771),
INFO:flwr:	         (7, 0.92340681031771),
[92mINFO [0m:      	         (8, 0.9189801824473105),
INFO:flwr:	         (8, 0.9189801824473105),
[92mINFO [0m:      	         (9, 0.9177296476879522),
INFO:flwr:	         (9, 0.9177296476879522),
[92mINFO [0m:      	         (10, 0.9184208398867569),
INFO:flwr:	         (10, 0.9184208398867569),
[92mINFO [0m:      	         (11, 0.9251276030198174),
INFO:flwr:	         (11, 0.9251276030198174),
[92mINFO [0m:      	         (12, 0.9184063384712173),
INFO:flwr:	         (12, 0.9184063384712173),
[92mINFO [0m:      	         (13, 0.9258891947153193),
INFO:flwr:	         (13, 0.9258891947153193),
[92mINFO [0m:      	         (14, 0.9265795690468702),
INFO:flwr:	         (14, 0.9265795690468702),
[92mINFO [0m:      	         (15, 0.9223708084303242),
INFO:flwr:	         (15, 0.9223708084303242),
[92mINFO [0m:      	         (16, 0.9184662472475623),
INFO:flwr:	         (16, 0.9184662472475623),
[92mINFO [0m:      	         (17, 0.9201990563070147),
INFO:flwr:	         (17, 0.9201990563070147),
[92mINFO [0m:      	         (18, 0.9174157911292862),
INFO:flwr:	         (18, 0.9174157911292862),
[92mINFO [0m:      	         (19, 0.9144233092167349),
INFO:flwr:	         (19, 0.9144233092167349),
[92mINFO [0m:      	         (20, 0.9159302610883926),
INFO:flwr:	         (20, 0.9159302610883926),
[92mINFO [0m:      	         (21, 0.9080823843976092),
INFO:flwr:	         (21, 0.9080823843976092),
[92mINFO [0m:      	         (22, 0.9111687323057565),
INFO:flwr:	         (22, 0.9111687323057565),
[92mINFO [0m:      	         (23, 0.9102271311733249),
INFO:flwr:	         (23, 0.9102271311733249),
[92mINFO [0m:      	         (24, 0.9083778861277131),
INFO:flwr:	         (24, 0.9083778861277131),
[92mINFO [0m:      	         (25, 0.9074540106951873),
INFO:flwr:	         (25, 0.9074540106951873),
[92mINFO [0m:      	         (26, 0.9081559609940235),
INFO:flwr:	         (26, 0.9081559609940235),
[92mINFO [0m:      	         (27, 0.9049594212016359),
INFO:flwr:	         (27, 0.9049594212016359),
[92mINFO [0m:      	         (28, 0.9138088392576282),
INFO:flwr:	         (28, 0.9138088392576282),
[92mINFO [0m:      	         (29, 0.9138935199748348),
INFO:flwr:	         (29, 0.9138935199748348),
[92mINFO [0m:      	         (30, 0.9218209185278391),
INFO:flwr:	         (30, 0.9218209185278391),
[92mINFO [0m:      	         (31, 0.9148075023592326),
INFO:flwr:	         (31, 0.9148075023592326),
[92mINFO [0m:      	         (32, 0.9242224441648317),
INFO:flwr:	         (32, 0.9242224441648317),
[92mINFO [0m:      	         (33, 0.9187334067316767),
INFO:flwr:	         (33, 0.9187334067316767),
[92mINFO [0m:      	         (34, 0.9118605850896508),
INFO:flwr:	         (34, 0.9118605850896508),
[92mINFO [0m:      	         (35, 0.9091492293173956),
INFO:flwr:	         (35, 0.9091492293173956),
[92mINFO [0m:      	         (36, 0.9156483642654925),
INFO:flwr:	         (36, 0.9156483642654925),
[92mINFO [0m:      	         (37, 0.9138105379050016),
INFO:flwr:	         (37, 0.9138105379050016),
[92mINFO [0m:      	         (38, 0.9119531613715005),
INFO:flwr:	         (38, 0.9119531613715005),
[92mINFO [0m:      	         (39, 0.9077408933626928),
INFO:flwr:	         (39, 0.9077408933626928),
[92mINFO [0m:      	         (40, 0.9087000629128658),
INFO:flwr:	         (40, 0.9087000629128658),
[92mINFO [0m:      	         (41, 0.9102949669707454),
INFO:flwr:	         (41, 0.9102949669707454),
[92mINFO [0m:      	         (42, 0.9118413337527524),
INFO:flwr:	         (42, 0.9118413337527524),
[92mINFO [0m:      	         (43, 0.9138481440704624),
INFO:flwr:	         (43, 0.9138481440704624),
[92mINFO [0m:      	         (44, 0.9025296476879522),
INFO:flwr:	         (44, 0.9025296476879522),
[92mINFO [0m:      	         (45, 0.9067351997483487),
INFO:flwr:	         (45, 0.9067351997483487),
[92mINFO [0m:      	         (46, 0.9051533343818811),
INFO:flwr:	         (46, 0.9051533343818811),
[92mINFO [0m:      	         (47, 0.9114441648317082),
INFO:flwr:	         (47, 0.9114441648317082),
[92mINFO [0m:      	         (48, 0.8999973576596412),
INFO:flwr:	         (48, 0.8999973576596412),
[92mINFO [0m:      	         (49, 0.9073904215162001),
INFO:flwr:	         (49, 0.9073904215162001),
[92mINFO [0m:      	         (50, 0.9042082415854045)],
INFO:flwr:	         (50, 0.9042082415854045)],
[92mINFO [0m:      	 'f1': [(1, 0.5506445672191529),
INFO:flwr:	 'f1': [(1, 0.5506445672191529),
[92mINFO [0m:      	        (2, 0.5450643776824035),
INFO:flwr:	        (2, 0.5450643776824035),
[92mINFO [0m:      	        (3, 0.5346303501945524),
INFO:flwr:	        (3, 0.5346303501945524),
[92mINFO [0m:      	        (4, 0.5041651575516117),
INFO:flwr:	        (4, 0.5041651575516117),
[92mINFO [0m:      	        (5, 0.49624060150375937),
INFO:flwr:	        (5, 0.49624060150375937),
[92mINFO [0m:      	        (6, 0.505192878338279),
INFO:flwr:	        (6, 0.505192878338279),
[92mINFO [0m:      	        (7, 0.5143266475644699),
INFO:flwr:	        (7, 0.5143266475644699),
[92mINFO [0m:      	        (8, 0.5123226288274833),
INFO:flwr:	        (8, 0.5123226288274833),
[92mINFO [0m:      	        (9, 0.5066176470588235),
INFO:flwr:	        (9, 0.5066176470588235),
[92mINFO [0m:      	        (10, 0.5060329067641683),
INFO:flwr:	        (10, 0.5060329067641683),
[92mINFO [0m:      	        (11, 0.4351373402230079),
INFO:flwr:	        (11, 0.4351373402230079),
[92mINFO [0m:      	        (12, 0.5035971223021583),
INFO:flwr:	        (12, 0.5035971223021583),
[92mINFO [0m:      	        (13, 0.4519015659955257),
INFO:flwr:	        (13, 0.4519015659955257),
[92mINFO [0m:      	        (14, 0.455219623502567),
INFO:flwr:	        (14, 0.455219623502567),
[92mINFO [0m:      	        (15, 0.5164082221420844),
INFO:flwr:	        (15, 0.5164082221420844),
[92mINFO [0m:      	        (16, 0.5299960270162893),
INFO:flwr:	        (16, 0.5299960270162893),
[92mINFO [0m:      	        (17, 0.5290272971933871),
INFO:flwr:	        (17, 0.5290272971933871),
[92mINFO [0m:      	        (18, 0.5207234363225319),
INFO:flwr:	        (18, 0.5207234363225319),
[92mINFO [0m:      	        (19, 0.5344195519348269),
INFO:flwr:	        (19, 0.5344195519348269),
[92mINFO [0m:      	        (20, 0.5291585127201566),
INFO:flwr:	        (20, 0.5291585127201566),
[92mINFO [0m:      	        (21, 0.5289256198347108),
INFO:flwr:	        (21, 0.5289256198347108),
[92mINFO [0m:      	        (22, 0.5323978539001238),
INFO:flwr:	        (22, 0.5323978539001238),
[92mINFO [0m:      	        (23, 0.5448215839860748),
INFO:flwr:	        (23, 0.5448215839860748),
[92mINFO [0m:      	        (24, 0.5335040546308152),
INFO:flwr:	        (24, 0.5335040546308152),
[92mINFO [0m:      	        (25, 0.5320938468348828),
INFO:flwr:	        (25, 0.5320938468348828),
[92mINFO [0m:      	        (26, 0.5357299430074529),
INFO:flwr:	        (26, 0.5357299430074529),
[92mINFO [0m:      	        (27, 0.5272649205667669),
INFO:flwr:	        (27, 0.5272649205667669),
[92mINFO [0m:      	        (28, 0.5328778821520069),
INFO:flwr:	        (28, 0.5328778821520069),
[92mINFO [0m:      	        (29, 0.5346975088967971),
INFO:flwr:	        (29, 0.5346975088967971),
[92mINFO [0m:      	        (30, 0.5034199726402189),
INFO:flwr:	        (30, 0.5034199726402189),
[92mINFO [0m:      	        (31, 0.5564516129032258),
INFO:flwr:	        (31, 0.5564516129032258),
[92mINFO [0m:      	        (32, 0.4986928104575163),
INFO:flwr:	        (32, 0.4986928104575163),
[92mINFO [0m:      	        (33, 0.546236559139785),
INFO:flwr:	        (33, 0.546236559139785),
[92mINFO [0m:      	        (34, 0.5422063421170166),
INFO:flwr:	        (34, 0.5422063421170166),
[92mINFO [0m:      	        (35, 0.5503231763619576),
INFO:flwr:	        (35, 0.5503231763619576),
[92mINFO [0m:      	        (36, 0.5532859680284192),
INFO:flwr:	        (36, 0.5532859680284192),
[92mINFO [0m:      	        (37, 0.5571363010555301),
INFO:flwr:	        (37, 0.5571363010555301),
[92mINFO [0m:      	        (38, 0.5621103117505996),
INFO:flwr:	        (38, 0.5621103117505996),
[92mINFO [0m:      	        (39, 0.5577651515151515),
INFO:flwr:	        (39, 0.5577651515151515),
[92mINFO [0m:      	        (40, 0.556829035339064),
INFO:flwr:	        (40, 0.556829035339064),
[92mINFO [0m:      	        (41, 0.5571628558096127),
INFO:flwr:	        (41, 0.5571628558096127),
[92mINFO [0m:      	        (42, 0.5575139146567718),
INFO:flwr:	        (42, 0.5575139146567718),
[92mINFO [0m:      	        (43, 0.5749751737835154),
INFO:flwr:	        (43, 0.5749751737835154),
[92mINFO [0m:      	        (44, 0.5589094449853943),
INFO:flwr:	        (44, 0.5589094449853943),
[92mINFO [0m:      	        (45, 0.5645390070921986),
INFO:flwr:	        (45, 0.5645390070921986),
[92mINFO [0m:      	        (46, 0.5621567648527208),
INFO:flwr:	        (46, 0.5621567648527208),
[92mINFO [0m:      	        (47, 0.5573613766730402),
INFO:flwr:	        (47, 0.5573613766730402),
[92mINFO [0m:      	        (48, 0.5627883136852896),
INFO:flwr:	        (48, 0.5627883136852896),
[92mINFO [0m:      	        (49, 0.5693804403481821),
INFO:flwr:	        (49, 0.5693804403481821),
[92mINFO [0m:      	        (50, 0.5606060606060606)],
INFO:flwr:	        (50, 0.5606060606060606)],
[92mINFO [0m:      	 'precision': [(1, 0.5578358208955225),
INFO:flwr:	 'precision': [(1, 0.5578358208955225),
[92mINFO [0m:      	               (2, 0.516260162601626),
INFO:flwr:	               (2, 0.516260162601626),
[92mINFO [0m:      	               (3, 0.46734693877551026),
INFO:flwr:	               (3, 0.46734693877551026),
[92mINFO [0m:      	               (4, 0.4190246839253462),
INFO:flwr:	               (4, 0.4190246839253462),
[92mINFO [0m:      	               (5, 0.40933254577672773),
INFO:flwr:	               (5, 0.40933254577672773),
[92mINFO [0m:      	               (6, 0.4266917293233083),
INFO:flwr:	               (6, 0.4266917293233083),
[92mINFO [0m:      	               (7, 0.42434988179669025),
INFO:flwr:	               (7, 0.42434988179669025),
[92mINFO [0m:      	               (8, 0.4347275031685678),
INFO:flwr:	               (8, 0.4347275031685678),
[92mINFO [0m:      	               (9, 0.4253086419753086),
INFO:flwr:	               (9, 0.4253086419753086),
[92mINFO [0m:      	               (10, 0.42324159021406726),
INFO:flwr:	               (10, 0.42324159021406726),
[92mINFO [0m:      	               (11, 0.3104384943733023),
INFO:flwr:	               (11, 0.3104384943733023),
[92mINFO [0m:      	               (12, 0.4166666666666667),
INFO:flwr:	               (12, 0.4166666666666667),
[92mINFO [0m:      	               (13, 0.32633279483037164),
INFO:flwr:	               (13, 0.32633279483037164),
[92mINFO [0m:      	               (14, 0.33167082294264344),
INFO:flwr:	               (14, 0.33167082294264344),
[92mINFO [0m:      	               (15, 0.42797369994022716),
INFO:flwr:	               (15, 0.42797369994022716),
[92mINFO [0m:      	               (16, 0.47071277346506707),
INFO:flwr:	               (16, 0.47071277346506707),
[92mINFO [0m:      	               (17, 0.45836109260492996),
INFO:flwr:	               (17, 0.45836109260492996),
[92mINFO [0m:      	               (18, 0.4446589446589447),
INFO:flwr:	               (18, 0.4446589446589447),
[92mINFO [0m:      	               (19, 0.4841328413284132),
INFO:flwr:	               (19, 0.4841328413284132),
[92mINFO [0m:      	               (20, 0.4646048109965636),
INFO:flwr:	               (20, 0.4646048109965636),
[92mINFO [0m:      	               (21, 0.4848484848484849),
INFO:flwr:	               (21, 0.4848484848484849),
[92mINFO [0m:      	               (22, 0.48752834467120176),
INFO:flwr:	               (22, 0.48752834467120176),
[92mINFO [0m:      	               (23, 0.5225375626043406),
INFO:flwr:	               (23, 0.5225375626043406),
[92mINFO [0m:      	               (24, 0.502815768302494),
INFO:flwr:	               (24, 0.502815768302494),
[92mINFO [0m:      	               (25, 0.5185504745470233),
INFO:flwr:	               (25, 0.5185504745470233),
[92mINFO [0m:      	               (26, 0.5173581710414903),
INFO:flwr:	               (26, 0.5173581710414903),
[92mINFO [0m:      	               (27, 0.499593165174939),
INFO:flwr:	               (27, 0.499593165174939),
[92mINFO [0m:      	               (28, 0.5024154589371981),
INFO:flwr:	               (28, 0.5024154589371981),
[92mINFO [0m:      	               (29, 0.5235191637630662),
INFO:flwr:	               (29, 0.5235191637630662),
[92mINFO [0m:      	               (30, 0.40350877192982454),
INFO:flwr:	               (30, 0.40350877192982454),
[92mINFO [0m:      	               (31, 0.5485865724381626),
INFO:flwr:	               (31, 0.5485865724381626),
[92mINFO [0m:      	               (32, 0.3892857142857143),
INFO:flwr:	               (32, 0.3892857142857143),
[92mINFO [0m:      	               (33, 0.5183673469387755),
INFO:flwr:	               (33, 0.5183673469387755),
[92mINFO [0m:      	               (34, 0.5329236172080772),
INFO:flwr:	               (34, 0.5329236172080772),
[92mINFO [0m:      	               (35, 0.5590994371482176),
INFO:flwr:	               (35, 0.5590994371482176),
[92mINFO [0m:      	               (36, 0.5407986111111112),
INFO:flwr:	               (36, 0.5407986111111112),
[92mINFO [0m:      	               (37, 0.5625579240037071),
INFO:flwr:	               (37, 0.5625579240037071),
[92mINFO [0m:      	               (38, 0.5949238578680204),
INFO:flwr:	               (38, 0.5949238578680204),
[92mINFO [0m:      	               (39, 0.5820158102766799),
INFO:flwr:	               (39, 0.5820158102766799),
[92mINFO [0m:      	               (40, 0.5865191146881289),
INFO:flwr:	               (40, 0.5865191146881289),
[92mINFO [0m:      	               (41, 0.5723873441994247),
INFO:flwr:	               (41, 0.5723873441994247),
[92mINFO [0m:      	               (42, 0.5691287878787878),
INFO:flwr:	               (42, 0.5691287878787878),
[92mINFO [0m:      	               (43, 0.6334792122538293),
INFO:flwr:	               (43, 0.6334792122538293),
[92mINFO [0m:      	               (44, 0.6016771488469602),
INFO:flwr:	               (44, 0.6016771488469602),
[92mINFO [0m:      	               (45, 0.5881773399014778),
INFO:flwr:	               (45, 0.5881773399014778),
[92mINFO [0m:      	               (46, 0.6234772978959024),
INFO:flwr:	               (46, 0.6234772978959024),
[92mINFO [0m:      	               (47, 0.5877016129032258),
INFO:flwr:	               (47, 0.5877016129032258),
[92mINFO [0m:      	               (48, 0.645123384253819),
INFO:flwr:	               (48, 0.645123384253819),
[92mINFO [0m:      	               (49, 0.6518171160609613),
INFO:flwr:	               (49, 0.6518171160609613),
[92mINFO [0m:      	               (50, 0.6306818181818182)],
INFO:flwr:	               (50, 0.6306818181818182)],
[92mINFO [0m:      	 'recall': [(1, 0.5436363636363636),
INFO:flwr:	 'recall': [(1, 0.5436363636363636),
[92mINFO [0m:      	            (2, 0.5772727272727274),
INFO:flwr:	            (2, 0.5772727272727274),
[92mINFO [0m:      	            (3, 0.6245454545454545),
INFO:flwr:	            (3, 0.6245454545454545),
[92mINFO [0m:      	            (4, 0.6327272727272727),
INFO:flwr:	            (4, 0.6327272727272727),
[92mINFO [0m:      	            (5, 0.63),
INFO:flwr:	            (5, 0.63),
[92mINFO [0m:      	            (6, 0.6190909090909092),
INFO:flwr:	            (6, 0.6190909090909092),
[92mINFO [0m:      	            (7, 0.6527272727272726),
INFO:flwr:	            (7, 0.6527272727272726),
[92mINFO [0m:      	            (8, 0.6236363636363637),
INFO:flwr:	            (8, 0.6236363636363637),
[92mINFO [0m:      	            (9, 0.6263636363636363),
INFO:flwr:	            (9, 0.6263636363636363),
[92mINFO [0m:      	            (10, 0.6290909090909093),
INFO:flwr:	            (10, 0.6290909090909093),
[92mINFO [0m:      	            (11, 0.7272727272727274),
INFO:flwr:	            (11, 0.7272727272727274),
[92mINFO [0m:      	            (12, 0.6363636363636364),
INFO:flwr:	            (12, 0.6363636363636364),
[92mINFO [0m:      	            (13, 0.7345454545454545),
INFO:flwr:	            (13, 0.7345454545454545),
[92mINFO [0m:      	            (14, 0.7254545454545455),
INFO:flwr:	            (14, 0.7254545454545455),
[92mINFO [0m:      	            (15, 0.650909090909091),
INFO:flwr:	            (15, 0.650909090909091),
[92mINFO [0m:      	            (16, 0.6063636363636363),
INFO:flwr:	            (16, 0.6063636363636363),
[92mINFO [0m:      	            (17, 0.6254545454545455),
INFO:flwr:	            (17, 0.6254545454545455),
[92mINFO [0m:      	            (18, 0.6281818181818182),
INFO:flwr:	            (18, 0.6281818181818182),
[92mINFO [0m:      	            (19, 0.5963636363636363),
INFO:flwr:	            (19, 0.5963636363636363),
[92mINFO [0m:      	            (20, 0.6145454545454545),
INFO:flwr:	            (20, 0.6145454545454545),
[92mINFO [0m:      	            (21, 0.5818181818181818),
INFO:flwr:	            (21, 0.5818181818181818),
[92mINFO [0m:      	            (22, 0.5863636363636363),
INFO:flwr:	            (22, 0.5863636363636363),
[92mINFO [0m:      	            (23, 0.569090909090909),
INFO:flwr:	            (23, 0.569090909090909),
[92mINFO [0m:      	            (24, 0.5681818181818182),
INFO:flwr:	            (24, 0.5681818181818182),
[92mINFO [0m:      	            (25, 0.5463636363636364),
INFO:flwr:	            (25, 0.5463636363636364),
[92mINFO [0m:      	            (26, 0.5554545454545455),
INFO:flwr:	            (26, 0.5554545454545455),
[92mINFO [0m:      	            (27, 0.5581818181818182),
INFO:flwr:	            (27, 0.5581818181818182),
[92mINFO [0m:      	            (28, 0.5672727272727273),
INFO:flwr:	            (28, 0.5672727272727273),
[92mINFO [0m:      	            (29, 0.5463636363636364),
INFO:flwr:	            (29, 0.5463636363636364),
[92mINFO [0m:      	            (30, 0.6690909090909091),
INFO:flwr:	            (30, 0.6690909090909091),
[92mINFO [0m:      	            (31, 0.5645454545454545),
INFO:flwr:	            (31, 0.5645454545454545),
[92mINFO [0m:      	            (32, 0.6936363636363636),
INFO:flwr:	            (32, 0.6936363636363636),
[92mINFO [0m:      	            (33, 0.5772727272727274),
INFO:flwr:	            (33, 0.5772727272727274),
[92mINFO [0m:      	            (34, 0.5518181818181818),
INFO:flwr:	            (34, 0.5518181818181818),
[92mINFO [0m:      	            (35, 0.5418181818181819),
INFO:flwr:	            (35, 0.5418181818181819),
[92mINFO [0m:      	            (36, 0.5663636363636364),
INFO:flwr:	            (36, 0.5663636363636364),
[92mINFO [0m:      	            (37, 0.5518181818181818),
INFO:flwr:	            (37, 0.5518181818181818),
[92mINFO [0m:      	            (38, 0.5327272727272727),
INFO:flwr:	            (38, 0.5327272727272727),
[92mINFO [0m:      	            (39, 0.5354545454545454),
INFO:flwr:	            (39, 0.5354545454545454),
[92mINFO [0m:      	            (40, 0.53),
INFO:flwr:	            (40, 0.53),
[92mINFO [0m:      	            (41, 0.5427272727272727),
INFO:flwr:	            (41, 0.5427272727272727),
[92mINFO [0m:      	            (42, 0.5463636363636364),
INFO:flwr:	            (42, 0.5463636363636364),
[92mINFO [0m:      	            (43, 0.5263636363636364),
INFO:flwr:	            (43, 0.5263636363636364),
[92mINFO [0m:      	            (44, 0.5218181818181818),
INFO:flwr:	            (44, 0.5218181818181818),
[92mINFO [0m:      	            (45, 0.5427272727272727),
INFO:flwr:	            (45, 0.5427272727272727),
[92mINFO [0m:      	            (46, 0.5118181818181818),
INFO:flwr:	            (46, 0.5118181818181818),
[92mINFO [0m:      	            (47, 0.53),
INFO:flwr:	            (47, 0.53),
[92mINFO [0m:      	            (48, 0.49909090909090903),
INFO:flwr:	            (48, 0.49909090909090903),
[92mINFO [0m:      	            (49, 0.5054545454545455),
INFO:flwr:	            (49, 0.5054545454545455),
[92mINFO [0m:      	            (50, 0.5045454545454545)]}
INFO:flwr:	            (50, 0.5045454545454545)]}
[92mINFO [0m:      
INFO:flwr:

Training complete in 641.6s (12.8s/round)

[Ray cleanup] Shutting down Ray...
[36m(ClientAppActor pid=254107)[0m [Client 4] Training on NVIDIA GeForce RTX 3060[32m [repeated 2x across cluster][0m
[36m(ClientAppActor pid=254104)[0m [93mWARNING [0m:   DEPRECATED FEATURE: `client_fn` now expects a signature `def client_fn(context: Context)`.The provided `client_fn` has signature: {'cid': <Parameter "cid: str">}. You can import the `Context` like this: `from flwr.app import Context`[32m [repeated 11x across cluster][0m
[36m(ClientAppActor pid=254104)[0m             This is a deprecated feature. It will be removed[32m [repeated 11x across cluster][0m
[36m(ClientAppActor pid=254104)[0m             entirely in future versions of Flower.[32m [repeated 11x across cluster][0m
[Ray cleanup] Ray shutdown complete.
Metrics saved to: ./results/seed_52/Ablation_NoL1_ModelReplace20pct.json
Model checkpoint saved to: ./results/seed_52/models/Ablation_NoL1_ModelReplace20pct.pt
