
==============================================================================
EXPERIMENT: Ablation_NoL3_SignFlip20pct
SEED:       55
STARTED:    2026-09-16T12:52:21+00:00
TIMEOUT:    180.0 min
COMMAND:
/app/.venv/bin/python train.py --num-clients 10 --num-rounds 50 --nrows 150000 --batch-size 512 --epochs-per-round 10 --results-dir ./results/seed_55 --save-model ./results/seed_55/models/Ablation_NoL3_SignFlip20pct.pt --seed 55 --run-label Ablation_NoL3_SignFlip20pct --disable-layer3 --num-adversaries 2 --attack-type sign_flip
==============================================================================
Device: cuda
  GPU: NVIDIA GeForce RTX 3060
  VRAM: 12.9 GB

Loading data from: ./data/raw
/app/.venv/lib/python3.14/site-packages/numpy/lib/_function_base_impl.py:3036: RuntimeWarning: invalid value encountered in divide
  c /= stddev[:, None]
/app/.venv/lib/python3.14/site-packages/numpy/lib/_function_base_impl.py:3037: RuntimeWarning: invalid value encountered in divide
  c /= stddev[None, :]
/app/data/loader.py:132: PerformanceWarning: DataFrame is highly fragmented.  This is usually the result of calling `frame.insert` many times, which has poor performance.  Consider joining all columns at once using pd.concat(axis=1) instead. To get a de-fragmented frame, use `newframe = frame.copy()`
  X_df["uid_fraud_mean"] = y_series.groupby(by=uid_series).transform("mean").values
/app/data/loader.py:133: PerformanceWarning: DataFrame is highly fragmented.  This is usually the result of calling `frame.insert` many times, which has poor performance.  Consider joining all columns at once using pd.concat(axis=1) instead. To get a de-fragmented frame, use `newframe = frame.copy()`
  X_df["uid_count"]      = uid_series.groupby(by=uid_series).transform("count").astype(np.float32).values
/app/data/loader.py:134: PerformanceWarning: DataFrame is highly fragmented.  This is usually the result of calling `frame.insert` many times, which has poor performance.  Consider joining all columns at once using pd.concat(axis=1) instead. To get a de-fragmented frame, use `newframe = frame.copy()`
  X_df["uid_amt_mean"]   = amt_series.groupby(by=uid_series).transform("mean").astype(np.float32).values
/app/data/loader.py:135: PerformanceWarning: DataFrame is highly fragmented.  This is usually the result of calling `frame.insert` many times, which has poor performance.  Consider joining all columns at once using pd.concat(axis=1) instead. To get a de-fragmented frame, use `newframe = frame.copy()`
  X_df["uid_amt_std"]    = amt_series.groupby(by=uid_series).transform("std").fillna(0).astype(np.float32).values
/app/data/loader.py:142: PerformanceWarning: DataFrame is highly fragmented.  This is usually the result of calling `frame.insert` many times, which has poor performance.  Consider joining all columns at once using pd.concat(axis=1) instead. To get a de-fragmented frame, use `newframe = frame.copy()`
  X_df["log_TransactionAmt"] = np.log1p(
/app/data/loader.py:147: PerformanceWarning: DataFrame is highly fragmented.  This is usually the result of calling `frame.insert` many times, which has poor performance.  Consider joining all columns at once using pd.concat(axis=1) instead. To get a de-fragmented frame, use `newframe = frame.copy()`
  X_df["amt_uid_ratio"] = (
  Train samples: 120000
  Test samples:  30000
  Input dim: 122
Strategy: CascadeRouter

Starting FL simulation:
  Clients:      10
  Rounds:       50
  Adversaries:  2
  Attack:       sign_flip
[93mWARNING [0m:   DEPRECATED FEATURE: flwr.simulation.start_simulation() is deprecated.
	Instead, use the `flwr run` CLI command to start a local simulation in your Flower app, as shown for example below:

		$ flwr new  # Create a new Flower app from a template

		$ flwr run  # Run the Flower app in Simulation Mode

	Using `start_simulation()` is deprecated.

            This is a deprecated feature. It will be removed
            entirely in future versions of Flower.
        
[92mINFO [0m:      Starting Flower simulation, config: num_rounds=50, no round_timeout
2026-09-16 12:52:40,792	INFO worker.py:2024 -- Started a local Ray instance.
[92mINFO [0m:      Flower VCE: Ray initialized with resources: {'memory': 4788049101.0, 'node:172.18.0.2': 1.0, 'object_store_memory': 2052021043.0, 'node:__internal_head__': 1.0, 'CPU': 20.0, 'accelerator_type:GeForce-RTX-3060': 1.0, 'GPU': 1.0}
[92mINFO [0m:      Optimize your simulation with Flower VCE: https://flower.ai/docs/framework/how-to-run-simulations.html
[92mINFO [0m:      Flower VCE: Resources for each Virtual Client: {'num_cpus': 10, 'num_gpus': 0.5}
[92mINFO [0m:      Flower VCE: Creating VirtualClientEngineActorPool with 2 actors
[92mINFO [0m:      [INIT]
[92mINFO [0m:      Requesting initial parameters from one random client
[36m(ClientAppActor pid=443951)[0m [93mWARNING [0m:   DEPRECATED FEATURE: `client_fn` now expects a signature `def client_fn(context: Context)`.The provided `client_fn` has signature: {'cid': <Parameter "cid: str">}. You can import the `Context` like this: `from flwr.app import Context`
[36m(ClientAppActor pid=443951)[0m 
[36m(ClientAppActor pid=443951)[0m             This is a deprecated feature. It will be removed
[36m(ClientAppActor pid=443951)[0m             entirely in future versions of Flower.
[36m(ClientAppActor pid=443951)[0m         
[92mINFO [0m:      Received initial parameters from one random client
[92mINFO [0m:      Starting evaluation of initial global parameters
[92mINFO [0m:      Evaluation returned no results (`None`)
[92mINFO [0m:      
[92mINFO [0m:      [ROUND 1]
[92mINFO [0m:      configure_fit: strategy sampled 10 clients (out of 10)
[36m(ClientAppActor pid=443951)[0m [93mWARNING [0m:   DEPRECATED FEATURE: `client_fn` now expects a signature `def client_fn(context: Context)`.The provided `client_fn` has signature: {'cid': <Parameter "cid: str">}. You can import the `Context` like this: `from flwr.app import Context`
[36m(ClientAppActor pid=443951)[0m 
[36m(ClientAppActor pid=443951)[0m             This is a deprecated feature. It will be removed
[36m(ClientAppActor pid=443951)[0m             entirely in future versions of Flower.
[36m(ClientAppActor pid=443951)[0m         
[36m(ClientAppActor pid=443951)[0m [Client 4] Training on NVIDIA GeForce RTX 3060
[36m(ClientAppActor pid=443955)[0m 
[36m(ClientAppActor pid=443955)[0m         
[36m(ClientAppActor pid=443951)[0m 
[36m(ClientAppActor pid=443951)[0m         
[36m(ClientAppActor pid=443951)[0m 
[36m(ClientAppActor pid=443951)[0m         
[36m(ClientAppActor pid=443951)[0m [93mWARNING [0m:   DEPRECATED FEATURE: `client_fn` now expects a signature `def client_fn(context: Context)`.The provided `client_fn` has signature: {'cid': <Parameter "cid: str">}. You can import the `Context` like this: `from flwr.app import Context`[32m [repeated 3x across cluster] (Ray deduplicates logs by default. Set RAY_DEDUP_LOGS=0 to disable log deduplication, or see https://docs.ray.io/en/master/ray-observability/user-guides/configure-logging.html#log-deduplication for more options.)[0m
[36m(ClientAppActor pid=443951)[0m             This is a deprecated feature. It will be removed[32m [repeated 3x across cluster][0m
[36m(ClientAppActor pid=443951)[0m             entirely in future versions of Flower.[32m [repeated 3x across cluster][0m
[36m(ClientAppActor pid=443951)[0m [Client 3] Training on NVIDIA GeForce RTX 3060[32m [repeated 3x across cluster][0m
[36m(ClientAppActor pid=443951)[0m 
[36m(ClientAppActor pid=443951)[0m         
[36m(ClientAppActor pid=443955)[0m 
[36m(ClientAppActor pid=443955)[0m         
[36m(ClientAppActor pid=443955)[0m 
[36m(ClientAppActor pid=443955)[0m         
[36m(ClientAppActor pid=443955)[0m 
[36m(ClientAppActor pid=443955)[0m         
[36m(ClientAppActor pid=443955)[0m 
[36m(ClientAppActor pid=443955)[0m         
[36m(ClientAppActor pid=443955)[0m 
[36m(ClientAppActor pid=443955)[0m         
[92mINFO [0m:      aggregate_fit: received 10 results and 0 failures
[CascadeRouter] Round 1: 10 clients, 24578 parameters/client
[92mINFO [0m:      configure_evaluate: strategy sampled 10 clients (out of 10)
INFO:flwr:configure_evaluate: strategy sampled 10 clients (out of 10)
[36m(ClientAppActor pid=443951)[0m 
[36m(ClientAppActor pid=443951)[0m         
[36m(ClientAppActor pid=443951)[0m [93mWARNING [0m:   DEPRECATED FEATURE: `client_fn` now expects a signature `def client_fn(context: Context)`.The provided `client_fn` has signature: {'cid': <Parameter "cid: str">}. You can import the `Context` like this: `from flwr.app import Context`[32m [repeated 7x across cluster][0m
[36m(ClientAppActor pid=443951)[0m             This is a deprecated feature. It will be removed[32m [repeated 7x across cluster][0m
[36m(ClientAppActor pid=443951)[0m             entirely in future versions of Flower.[32m [repeated 7x across cluster][0m
[36m(ClientAppActor pid=443955)[0m 
[36m(ClientAppActor pid=443955)[0m         
[36m(ClientAppActor pid=443951)[0m 
[36m(ClientAppActor pid=443951)[0m         
[36m(ClientAppActor pid=443955)[0m 
[36m(ClientAppActor pid=443955)[0m         
[36m(ClientAppActor pid=443951)[0m 
[36m(ClientAppActor pid=443951)[0m         
[36m(ClientAppActor pid=443955)[0m 
[36m(ClientAppActor pid=443955)[0m         
[36m(ClientAppActor pid=443951)[0m 
[36m(ClientAppActor pid=443951)[0m         
[36m(ClientAppActor pid=443955)[0m 
[36m(ClientAppActor pid=443955)[0m         
[36m(ClientAppActor pid=443951)[0m 
[36m(ClientAppActor pid=443951)[0m         
[36m(ClientAppActor pid=443955)[0m 
[36m(ClientAppActor pid=443955)[0m         
[92mINFO [0m:      aggregate_evaluate: received 10 results and 0 failures
INFO:flwr:aggregate_evaluate: received 10 results and 0 failures
[92mINFO [0m:      
INFO:flwr:
[92mINFO [0m:      [ROUND 2]
INFO:flwr:[ROUND 2]
[92mINFO [0m:      configure_fit: strategy sampled 10 clients (out of 10)
INFO:flwr:configure_fit: strategy sampled 10 clients (out of 10)
[36m(ClientAppActor pid=443955)[0m [Client 3] Training on NVIDIA GeForce RTX 3060[32m [repeated 7x across cluster][0m
[36m(ClientAppActor pid=443955)[0m 
[36m(ClientAppActor pid=443955)[0m         
[36m(ClientAppActor pid=443951)[0m 
[36m(ClientAppActor pid=443951)[0m         
[36m(ClientAppActor pid=443955)[0m 
[36m(ClientAppActor pid=443955)[0m         
[36m(ClientAppActor pid=443951)[0m 
[36m(ClientAppActor pid=443951)[0m         
[36m(ClientAppActor pid=443951)[0m 
[36m(ClientAppActor pid=443951)[0m         
[36m(ClientAppActor pid=443955)[0m 
[36m(ClientAppActor pid=443955)[0m         
[36m(ClientAppActor pid=443955)[0m 
[36m(ClientAppActor pid=443955)[0m         
[36m(ClientAppActor pid=443955)[0m [93mWARNING [0m:   DEPRECATED FEATURE: `client_fn` now expects a signature `def client_fn(context: Context)`.The provided `client_fn` has signature: {'cid': <Parameter "cid: str">}. You can import the `Context` like this: `from flwr.app import Context`[32m [repeated 16x across cluster][0m
[36m(ClientAppActor pid=443955)[0m             This is a deprecated feature. It will be removed[32m [repeated 16x across cluster][0m
[36m(ClientAppActor pid=443955)[0m             entirely in future versions of Flower.[32m [repeated 16x across cluster][0m
[36m(ClientAppActor pid=443955)[0m 
[36m(ClientAppActor pid=443955)[0m         
[36m(ClientAppActor pid=443955)[0m 
[36m(ClientAppActor pid=443955)[0m         
[36m(ClientAppActor pid=443955)[0m 
[36m(ClientAppActor pid=443955)[0m         
[92mINFO [0m:      aggregate_fit: received 10 results and 0 failures
INFO:flwr:aggregate_fit: received 10 results and 0 failures
[CascadeRouter] Round 2: 10 clients, 24578 parameters/client
[92mINFO [0m:      configure_evaluate: strategy sampled 10 clients (out of 10)
INFO:flwr:configure_evaluate: strategy sampled 10 clients (out of 10)
[36m(ClientAppActor pid=443951)[0m 
[36m(ClientAppActor pid=443951)[0m         
[36m(ClientAppActor pid=443951)[0m [93mWARNING [0m:   DEPRECATED FEATURE: `client_fn` now expects a signature `def client_fn(context: Context)`.The provided `client_fn` has signature: {'cid': <Parameter "cid: str">}. You can import the `Context` like this: `from flwr.app import Context`[32m [repeated 4x across cluster][0m
[36m(ClientAppActor pid=443951)[0m             This is a deprecated feature. It will be removed[32m [repeated 4x across cluster][0m
[36m(ClientAppActor pid=443951)[0m             entirely in future versions of Flower.[32m [repeated 4x across cluster][0m
[36m(ClientAppActor pid=443955)[0m 
[36m(ClientAppActor pid=443955)[0m         
[36m(ClientAppActor pid=443951)[0m 
[36m(ClientAppActor pid=443951)[0m         
[36m(ClientAppActor pid=443955)[0m 
[36m(ClientAppActor pid=443955)[0m         
[36m(ClientAppActor pid=443951)[0m 
[36m(ClientAppActor pid=443951)[0m         
[36m(ClientAppActor pid=443955)[0m 
[36m(ClientAppActor pid=443955)[0m         
[36m(ClientAppActor pid=443951)[0m 
[36m(ClientAppActor pid=443951)[0m         
[36m(ClientAppActor pid=443955)[0m 
[36m(ClientAppActor pid=443955)[0m         
[36m(ClientAppActor pid=443951)[0m 
[36m(ClientAppActor pid=443951)[0m         
[36m(ClientAppActor pid=443955)[0m 
[36m(ClientAppActor pid=443955)[0m         
[92mINFO [0m:      aggregate_evaluate: received 10 results and 0 failures
INFO:flwr:aggregate_evaluate: received 10 results and 0 failures
[92mINFO [0m:      
INFO:flwr:
[92mINFO [0m:      [ROUND 3]
INFO:flwr:[ROUND 3]
[92mINFO [0m:      configure_fit: strategy sampled 10 clients (out of 10)
INFO:flwr:configure_fit: strategy sampled 10 clients (out of 10)
[36m(ClientAppActor pid=443955)[0m [Client 8] Training on NVIDIA GeForce RTX 3060[32m [repeated 10x across cluster][0m
[36m(ClientAppActor pid=443955)[0m 
[36m(ClientAppActor pid=443955)[0m         
[36m(ClientAppActor pid=443951)[0m 
[36m(ClientAppActor pid=443951)[0m         
[36m(ClientAppActor pid=443951)[0m 
[36m(ClientAppActor pid=443951)[0m         
[36m(ClientAppActor pid=443951)[0m 
[36m(ClientAppActor pid=443951)[0m         
[36m(ClientAppActor pid=443955)[0m 
[36m(ClientAppActor pid=443955)[0m         
[36m(ClientAppActor pid=443955)[0m 
[36m(ClientAppActor pid=443955)[0m         
[36m(ClientAppActor pid=443951)[0m 
[36m(ClientAppActor pid=443951)[0m         
[36m(ClientAppActor pid=443955)[0m 
[36m(ClientAppActor pid=443955)[0m         
[36m(ClientAppActor pid=443951)[0m 
[36m(ClientAppActor pid=443951)[0m         
[36m(ClientAppActor pid=443951)[0m [93mWARNING [0m:   DEPRECATED FEATURE: `client_fn` now expects a signature `def client_fn(context: Context)`.The provided `client_fn` has signature: {'cid': <Parameter "cid: str">}. You can import the `Context` like this: `from flwr.app import Context`[32m [repeated 18x across cluster][0m
[36m(ClientAppActor pid=443951)[0m             This is a deprecated feature. It will be removed[32m [repeated 18x across cluster][0m
[36m(ClientAppActor pid=443951)[0m             entirely in future versions of Flower.[32m [repeated 18x across cluster][0m
[36m(ClientAppActor pid=443955)[0m 
[36m(ClientAppActor pid=443955)[0m         
[92mINFO [0m:      aggregate_fit: received 10 results and 0 failures
INFO:flwr:aggregate_fit: received 10 results and 0 failures
[CascadeRouter] Round 3: 10 clients, 24578 parameters/client
[92mINFO [0m:      configure_evaluate: strategy sampled 10 clients (out of 10)
INFO:flwr:configure_evaluate: strategy sampled 10 clients (out of 10)
[36m(ClientAppActor pid=443951)[0m 
[36m(ClientAppActor pid=443951)[0m         
[36m(ClientAppActor pid=443951)[0m [93mWARNING [0m:   DEPRECATED FEATURE: `client_fn` now expects a signature `def client_fn(context: Context)`.The provided `client_fn` has signature: {'cid': <Parameter "cid: str">}. You can import the `Context` like this: `from flwr.app import Context`[32m [repeated 2x across cluster][0m
[36m(ClientAppActor pid=443951)[0m             This is a deprecated feature. It will be removed[32m [repeated 2x across cluster][0m
[36m(ClientAppActor pid=443951)[0m             entirely in future versions of Flower.[32m [repeated 2x across cluster][0m
[36m(ClientAppActor pid=443955)[0m 
[36m(ClientAppActor pid=443955)[0m         
[36m(ClientAppActor pid=443951)[0m 
[36m(ClientAppActor pid=443951)[0m         
[36m(ClientAppActor pid=443955)[0m 
[36m(ClientAppActor pid=443955)[0m         
[36m(ClientAppActor pid=443951)[0m 
[36m(ClientAppActor pid=443951)[0m         
[36m(ClientAppActor pid=443955)[0m 
[36m(ClientAppActor pid=443955)[0m         
[36m(ClientAppActor pid=443951)[0m 
[36m(ClientAppActor pid=443951)[0m         
[36m(ClientAppActor pid=443955)[0m 
[36m(ClientAppActor pid=443955)[0m         
[36m(ClientAppActor pid=443951)[0m 
[36m(ClientAppActor pid=443951)[0m         
[36m(ClientAppActor pid=443955)[0m 
[36m(ClientAppActor pid=443955)[0m         
[92mINFO [0m:      aggregate_evaluate: received 10 results and 0 failures
INFO:flwr:aggregate_evaluate: received 10 results and 0 failures
[92mINFO [0m:      
INFO:flwr:
[92mINFO [0m:      [ROUND 4]
INFO:flwr:[ROUND 4]
[92mINFO [0m:      configure_fit: strategy sampled 10 clients (out of 10)
INFO:flwr:configure_fit: strategy sampled 10 clients (out of 10)
[36m(ClientAppActor pid=443955)[0m [Client 1] Training on NVIDIA GeForce RTX 3060[32m [repeated 10x across cluster][0m
[36m(ClientAppActor pid=443955)[0m 
[36m(ClientAppActor pid=443955)[0m         
[36m(ClientAppActor pid=443951)[0m 
[36m(ClientAppActor pid=443951)[0m         
[36m(ClientAppActor pid=443955)[0m 
[36m(ClientAppActor pid=443955)[0m         
[36m(ClientAppActor pid=443955)[0m 
[36m(ClientAppActor pid=443955)[0m         
[36m(ClientAppActor pid=443951)[0m 
[36m(ClientAppActor pid=443951)[0m         
[36m(ClientAppActor pid=443951)[0m 
[36m(ClientAppActor pid=443951)[0m         
[36m(ClientAppActor pid=443951)[0m 
[36m(ClientAppActor pid=443951)[0m         
[36m(ClientAppActor pid=443951)[0m [93mWARNING [0m:   DEPRECATED FEATURE: `client_fn` now expects a signature `def client_fn(context: Context)`.The provided `client_fn` has signature: {'cid': <Parameter "cid: str">}. You can import the `Context` like this: `from flwr.app import Context`[32m [repeated 16x across cluster][0m
[36m(ClientAppActor pid=443951)[0m             This is a deprecated feature. It will be removed[32m [repeated 16x across cluster][0m
[36m(ClientAppActor pid=443951)[0m             entirely in future versions of Flower.[32m [repeated 16x across cluster][0m
[36m(ClientAppActor pid=443951)[0m 
[36m(ClientAppActor pid=443951)[0m         
[36m(ClientAppActor pid=443951)[0m 
[36m(ClientAppActor pid=443951)[0m         
[36m(ClientAppActor pid=443951)[0m 
[36m(ClientAppActor pid=443951)[0m         
[36m(ClientAppActor pid=443951)[0m [Client 4] Training on NVIDIA GeForce RTX 3060[32m [repeated 9x across cluster][0m
[92mINFO [0m:      aggregate_fit: received 10 results and 0 failures
INFO:flwr:aggregate_fit: received 10 results and 0 failures
[CascadeRouter] Round 4: 10 clients, 24578 parameters/client
[92mINFO [0m:      configure_evaluate: strategy sampled 10 clients (out of 10)
INFO:flwr:configure_evaluate: strategy sampled 10 clients (out of 10)
[36m(ClientAppActor pid=443951)[0m 
[36m(ClientAppActor pid=443951)[0m         
[36m(ClientAppActor pid=443951)[0m [93mWARNING [0m:   DEPRECATED FEATURE: `client_fn` now expects a signature `def client_fn(context: Context)`.The provided `client_fn` has signature: {'cid': <Parameter "cid: str">}. You can import the `Context` like this: `from flwr.app import Context`[32m [repeated 4x across cluster][0m
[36m(ClientAppActor pid=443951)[0m             This is a deprecated feature. It will be removed[32m [repeated 4x across cluster][0m
[36m(ClientAppActor pid=443951)[0m             entirely in future versions of Flower.[32m [repeated 4x across cluster][0m
[36m(ClientAppActor pid=443955)[0m 
[36m(ClientAppActor pid=443955)[0m         
[36m(ClientAppActor pid=443955)[0m 
[36m(ClientAppActor pid=443955)[0m         
[36m(ClientAppActor pid=443951)[0m 
[36m(ClientAppActor pid=443951)[0m         
[36m(ClientAppActor pid=443955)[0m 
[36m(ClientAppActor pid=443955)[0m         
[36m(ClientAppActor pid=443951)[0m 
[36m(ClientAppActor pid=443951)[0m         
[36m(ClientAppActor pid=443955)[0m 
[36m(ClientAppActor pid=443955)[0m         
[36m(ClientAppActor pid=443951)[0m 
[36m(ClientAppActor pid=443951)[0m         
[36m(ClientAppActor pid=443955)[0m 
[36m(ClientAppActor pid=443955)[0m         
[36m(ClientAppActor pid=443951)[0m 
[36m(ClientAppActor pid=443951)[0m         
[92mINFO [0m:      aggregate_evaluate: received 10 results and 0 failures
INFO:flwr:aggregate_evaluate: received 10 results and 0 failures
[92mINFO [0m:      
INFO:flwr:
[92mINFO [0m:      [ROUND 5]
INFO:flwr:[ROUND 5]
[92mINFO [0m:      configure_fit: strategy sampled 10 clients (out of 10)
INFO:flwr:configure_fit: strategy sampled 10 clients (out of 10)
[36m(ClientAppActor pid=443951)[0m 
[36m(ClientAppActor pid=443951)[0m         
[36m(ClientAppActor pid=443951)[0m [Client 8] Training on NVIDIA GeForce RTX 3060
[36m(ClientAppActor pid=443955)[0m [Client 2] Training on NVIDIA GeForce RTX 3060
[36m(ClientAppActor pid=443955)[0m 
[36m(ClientAppActor pid=443955)[0m         
[36m(ClientAppActor pid=443955)[0m [Client 0] Training on NVIDIA GeForce RTX 3060
[36m(ClientAppActor pid=443955)[0m 
[36m(ClientAppActor pid=443955)[0m         
[36m(ClientAppActor pid=443951)[0m 
[36m(ClientAppActor pid=443951)[0m         
[36m(ClientAppActor pid=443955)[0m 
[36m(ClientAppActor pid=443955)[0m         
[36m(ClientAppActor pid=443951)[0m 
[36m(ClientAppActor pid=443951)[0m         
[36m(ClientAppActor pid=443955)[0m 
[36m(ClientAppActor pid=443955)[0m         
[36m(ClientAppActor pid=443955)[0m [93mWARNING [0m:   DEPRECATED FEATURE: `client_fn` now expects a signature `def client_fn(context: Context)`.The provided `client_fn` has signature: {'cid': <Parameter "cid: str">}. You can import the `Context` like this: `from flwr.app import Context`[32m [repeated 16x across cluster][0m
[36m(ClientAppActor pid=443955)[0m             This is a deprecated feature. It will be removed[32m [repeated 16x across cluster][0m
[36m(ClientAppActor pid=443955)[0m             entirely in future versions of Flower.[32m [repeated 16x across cluster][0m
[36m(ClientAppActor pid=443955)[0m 
[36m(ClientAppActor pid=443955)[0m         
[36m(ClientAppActor pid=443955)[0m 
[36m(ClientAppActor pid=443955)[0m         
[36m(ClientAppActor pid=443955)[0m 
[36m(ClientAppActor pid=443955)[0m         
[92mINFO [0m:      aggregate_fit: received 10 results and 0 failures
INFO:flwr:aggregate_fit: received 10 results and 0 failures
[CascadeRouter] Round 5: 10 clients, 24578 parameters/client
[92mINFO [0m:      configure_evaluate: strategy sampled 10 clients (out of 10)
INFO:flwr:configure_evaluate: strategy sampled 10 clients (out of 10)
[36m(ClientAppActor pid=443951)[0m 
[36m(ClientAppActor pid=443951)[0m         
[36m(ClientAppActor pid=443951)[0m [93mWARNING [0m:   DEPRECATED FEATURE: `client_fn` now expects a signature `def client_fn(context: Context)`.The provided `client_fn` has signature: {'cid': <Parameter "cid: str">}. You can import the `Context` like this: `from flwr.app import Context`[32m [repeated 4x across cluster][0m
[36m(ClientAppActor pid=443951)[0m             This is a deprecated feature. It will be removed[32m [repeated 4x across cluster][0m
[36m(ClientAppActor pid=443951)[0m             entirely in future versions of Flower.[32m [repeated 4x across cluster][0m
[36m(ClientAppActor pid=443955)[0m 
[36m(ClientAppActor pid=443955)[0m         
[36m(ClientAppActor pid=443951)[0m 
[36m(ClientAppActor pid=443951)[0m         
[36m(ClientAppActor pid=443955)[0m 
[36m(ClientAppActor pid=443955)[0m         
[36m(ClientAppActor pid=443951)[0m 
[36m(ClientAppActor pid=443951)[0m         
[36m(ClientAppActor pid=443955)[0m 
[36m(ClientAppActor pid=443955)[0m         
[36m(ClientAppActor pid=443951)[0m 
[36m(ClientAppActor pid=443951)[0m         
[36m(ClientAppActor pid=443955)[0m 
[36m(ClientAppActor pid=443955)[0m         
[36m(ClientAppActor pid=443951)[0m 
[36m(ClientAppActor pid=443951)[0m         
[36m(ClientAppActor pid=443955)[0m 
[36m(ClientAppActor pid=443955)[0m         
[92mINFO [0m:      aggregate_evaluate: received 10 results and 0 failures
INFO:flwr:aggregate_evaluate: received 10 results and 0 failures
[92mINFO [0m:      
INFO:flwr:
[92mINFO [0m:      [ROUND 6]
INFO:flwr:[ROUND 6]
[92mINFO [0m:      configure_fit: strategy sampled 10 clients (out of 10)
INFO:flwr:configure_fit: strategy sampled 10 clients (out of 10)
[36m(ClientAppActor pid=443955)[0m [Client 3] Training on NVIDIA GeForce RTX 3060[32m [repeated 8x across cluster][0m
[36m(ClientAppActor pid=443955)[0m 
[36m(ClientAppActor pid=443955)[0m         
[36m(ClientAppActor pid=443951)[0m 
[36m(ClientAppActor pid=443951)[0m         
[36m(ClientAppActor pid=443955)[0m 
[36m(ClientAppActor pid=443955)[0m         
[36m(ClientAppActor pid=443955)[0m 
[36m(ClientAppActor pid=443955)[0m         
[36m(ClientAppActor pid=443951)[0m 
[36m(ClientAppActor pid=443951)[0m         
[36m(ClientAppActor pid=443951)[0m 
[36m(ClientAppActor pid=443951)[0m         
[36m(ClientAppActor pid=443951)[0m 
[36m(ClientAppActor pid=443951)[0m         
[36m(ClientAppActor pid=443955)[0m 
[36m(ClientAppActor pid=443955)[0m         
[36m(ClientAppActor pid=443955)[0m 
[36m(ClientAppActor pid=443955)[0m         
[36m(ClientAppActor pid=443955)[0m 
[36m(ClientAppActor pid=443955)[0m         
[36m(ClientAppActor pid=443955)[0m [93mWARNING [0m:   DEPRECATED FEATURE: `client_fn` now expects a signature `def client_fn(context: Context)`.The provided `client_fn` has signature: {'cid': <Parameter "cid: str">}. You can import the `Context` like this: `from flwr.app import Context`[32m [repeated 19x across cluster][0m
[36m(ClientAppActor pid=443955)[0m             This is a deprecated feature. It will be removed[32m [repeated 19x across cluster][0m
[36m(ClientAppActor pid=443955)[0m             entirely in future versions of Flower.[32m [repeated 19x across cluster][0m
[92mINFO [0m:      aggregate_fit: received 10 results and 0 failures
INFO:flwr:aggregate_fit: received 10 results and 0 failures
[CascadeRouter] Round 6: 10 clients, 24578 parameters/client
[92mINFO [0m:      configure_evaluate: strategy sampled 10 clients (out of 10)
INFO:flwr:configure_evaluate: strategy sampled 10 clients (out of 10)
[36m(ClientAppActor pid=443951)[0m 
[36m(ClientAppActor pid=443951)[0m         
[36m(ClientAppActor pid=443951)[0m [93mWARNING [0m:   DEPRECATED FEATURE: `client_fn` now expects a signature `def client_fn(context: Context)`.The provided `client_fn` has signature: {'cid': <Parameter "cid: str">}. You can import the `Context` like this: `from flwr.app import Context`
[36m(ClientAppActor pid=443951)[0m             This is a deprecated feature. It will be removed
[36m(ClientAppActor pid=443951)[0m             entirely in future versions of Flower.
[36m(ClientAppActor pid=443955)[0m [93mWARNING [0m:   DEPRECATED FEATURE: `client_fn` now expects a signature `def client_fn(context: Context)`.The provided `client_fn` has signature: {'cid': <Parameter "cid: str">}. You can import the `Context` like this: `from flwr.app import Context`
[36m(ClientAppActor pid=443955)[0m 
[36m(ClientAppActor pid=443955)[0m             This is a deprecated feature. It will be removed
[36m(ClientAppActor pid=443955)[0m             entirely in future versions of Flower.
[36m(ClientAppActor pid=443955)[0m         
[36m(ClientAppActor pid=443951)[0m 
[36m(ClientAppActor pid=443951)[0m         
[36m(ClientAppActor pid=443955)[0m 
[36m(ClientAppActor pid=443955)[0m         
[36m(ClientAppActor pid=443951)[0m 
[36m(ClientAppActor pid=443951)[0m         
[36m(ClientAppActor pid=443955)[0m 
[36m(ClientAppActor pid=443955)[0m         
[36m(ClientAppActor pid=443951)[0m 
[36m(ClientAppActor pid=443951)[0m         
[36m(ClientAppActor pid=443955)[0m 
[36m(ClientAppActor pid=443955)[0m         
[36m(ClientAppActor pid=443951)[0m 
[36m(ClientAppActor pid=443951)[0m         
[36m(ClientAppActor pid=443955)[0m 
[36m(ClientAppActor pid=443955)[0m         
[92mINFO [0m:      aggregate_evaluate: received 10 results and 0 failures
INFO:flwr:aggregate_evaluate: received 10 results and 0 failures
[92mINFO [0m:      
INFO:flwr:
[92mINFO [0m:      [ROUND 7]
INFO:flwr:[ROUND 7]
[92mINFO [0m:      configure_fit: strategy sampled 10 clients (out of 10)
INFO:flwr:configure_fit: strategy sampled 10 clients (out of 10)
[36m(ClientAppActor pid=443951)[0m 
[36m(ClientAppActor pid=443951)[0m         
[36m(ClientAppActor pid=443955)[0m [Client 3] Training on NVIDIA GeForce RTX 3060[32m [repeated 10x across cluster][0m
[36m(ClientAppActor pid=443955)[0m 
[36m(ClientAppActor pid=443955)[0m         
[36m(ClientAppActor pid=443955)[0m 
[36m(ClientAppActor pid=443955)[0m         
[36m(ClientAppActor pid=443955)[0m 
[36m(ClientAppActor pid=443955)[0m         
[36m(ClientAppActor pid=443955)[0m 
[36m(ClientAppActor pid=443955)[0m         
[36m(ClientAppActor pid=443955)[0m 
[36m(ClientAppActor pid=443955)[0m         
[36m(ClientAppActor pid=443955)[0m [93mWARNING [0m:   DEPRECATED FEATURE: `client_fn` now expects a signature `def client_fn(context: Context)`.The provided `client_fn` has signature: {'cid': <Parameter "cid: str">}. You can import the `Context` like this: `from flwr.app import Context`[32m [repeated 14x across cluster][0m
[36m(ClientAppActor pid=443955)[0m             This is a deprecated feature. It will be removed[32m [repeated 14x across cluster][0m
[36m(ClientAppActor pid=443955)[0m             entirely in future versions of Flower.[32m [repeated 14x across cluster][0m
[36m(ClientAppActor pid=443955)[0m [Client 4] Training on NVIDIA GeForce RTX 3060[32m [repeated 6x across cluster][0m
[36m(ClientAppActor pid=443955)[0m 
[36m(ClientAppActor pid=443955)[0m         
[36m(ClientAppActor pid=443955)[0m 
[36m(ClientAppActor pid=443955)[0m         
[36m(ClientAppActor pid=443955)[0m 
[36m(ClientAppActor pid=443955)[0m         
[36m(ClientAppActor pid=443955)[0m 
[36m(ClientAppActor pid=443955)[0m         
[92mINFO [0m:      aggregate_fit: received 10 results and 0 failures
INFO:flwr:aggregate_fit: received 10 results and 0 failures
[CascadeRouter] Round 7: 10 clients, 24578 parameters/client
[92mINFO [0m:      configure_evaluate: strategy sampled 10 clients (out of 10)
INFO:flwr:configure_evaluate: strategy sampled 10 clients (out of 10)
[36m(ClientAppActor pid=443951)[0m 
[36m(ClientAppActor pid=443951)[0m         
[36m(ClientAppActor pid=443951)[0m [93mWARNING [0m:   DEPRECATED FEATURE: `client_fn` now expects a signature `def client_fn(context: Context)`.The provided `client_fn` has signature: {'cid': <Parameter "cid: str">}. You can import the `Context` like this: `from flwr.app import Context`[32m [repeated 5x across cluster][0m
[36m(ClientAppActor pid=443951)[0m             This is a deprecated feature. It will be removed[32m [repeated 5x across cluster][0m
[36m(ClientAppActor pid=443951)[0m             entirely in future versions of Flower.[32m [repeated 5x across cluster][0m
[36m(ClientAppActor pid=443955)[0m 
[36m(ClientAppActor pid=443955)[0m         
[36m(ClientAppActor pid=443951)[0m 
[36m(ClientAppActor pid=443951)[0m         
[36m(ClientAppActor pid=443955)[0m 
[36m(ClientAppActor pid=443955)[0m         
[36m(ClientAppActor pid=443951)[0m 
[36m(ClientAppActor pid=443951)[0m         
[36m(ClientAppActor pid=443955)[0m 
[36m(ClientAppActor pid=443955)[0m         
[36m(ClientAppActor pid=443951)[0m 
[36m(ClientAppActor pid=443951)[0m         
[36m(ClientAppActor pid=443955)[0m 
[36m(ClientAppActor pid=443955)[0m         
[36m(ClientAppActor pid=443951)[0m 
[36m(ClientAppActor pid=443951)[0m         
[36m(ClientAppActor pid=443955)[0m 
[36m(ClientAppActor pid=443955)[0m         
[92mINFO [0m:      aggregate_evaluate: received 10 results and 0 failures
INFO:flwr:aggregate_evaluate: received 10 results and 0 failures
[92mINFO [0m:      
INFO:flwr:
[92mINFO [0m:      [ROUND 8]
INFO:flwr:[ROUND 8]
[92mINFO [0m:      configure_fit: strategy sampled 10 clients (out of 10)
INFO:flwr:configure_fit: strategy sampled 10 clients (out of 10)
[36m(ClientAppActor pid=443955)[0m [Client 9] Training on NVIDIA GeForce RTX 3060[32m [repeated 4x across cluster][0m
[36m(ClientAppActor pid=443955)[0m 
[36m(ClientAppActor pid=443955)[0m         
[36m(ClientAppActor pid=443951)[0m 
[36m(ClientAppActor pid=443951)[0m         
[36m(ClientAppActor pid=443955)[0m 
[36m(ClientAppActor pid=443955)[0m         
[36m(ClientAppActor pid=443951)[0m 
[36m(ClientAppActor pid=443951)[0m         
[36m(ClientAppActor pid=443951)[0m 
[36m(ClientAppActor pid=443951)[0m         
[36m(ClientAppActor pid=443955)[0m 
[36m(ClientAppActor pid=443955)[0m         
[36m(ClientAppActor pid=443955)[0m 
[36m(ClientAppActor pid=443955)[0m         
[36m(ClientAppActor pid=443955)[0m 
[36m(ClientAppActor pid=443955)[0m         
[36m(ClientAppActor pid=443955)[0m 
[36m(ClientAppActor pid=443955)[0m         
[36m(ClientAppActor pid=443955)[0m [93mWARNING [0m:   DEPRECATED FEATURE: `client_fn` now expects a signature `def client_fn(context: Context)`.The provided `client_fn` has signature: {'cid': <Parameter "cid: str">}. You can import the `Context` like this: `from flwr.app import Context`[32m [repeated 18x across cluster][0m
[36m(ClientAppActor pid=443955)[0m             This is a deprecated feature. It will be removed[32m [repeated 18x across cluster][0m
[36m(ClientAppActor pid=443955)[0m             entirely in future versions of Flower.[32m [repeated 18x across cluster][0m
[36m(ClientAppActor pid=443955)[0m 
[36m(ClientAppActor pid=443955)[0m         
[92mINFO [0m:      aggregate_fit: received 10 results and 0 failures
INFO:flwr:aggregate_fit: received 10 results and 0 failures
[CascadeRouter] Round 8: 10 clients, 24578 parameters/client
[92mINFO [0m:      configure_evaluate: strategy sampled 10 clients (out of 10)
INFO:flwr:configure_evaluate: strategy sampled 10 clients (out of 10)
[36m(ClientAppActor pid=443951)[0m 
[36m(ClientAppActor pid=443951)[0m         
[36m(ClientAppActor pid=443951)[0m [93mWARNING [0m:   DEPRECATED FEATURE: `client_fn` now expects a signature `def client_fn(context: Context)`.The provided `client_fn` has signature: {'cid': <Parameter "cid: str">}. You can import the `Context` like this: `from flwr.app import Context`[32m [repeated 2x across cluster][0m
[36m(ClientAppActor pid=443951)[0m             This is a deprecated feature. It will be removed[32m [repeated 2x across cluster][0m
[36m(ClientAppActor pid=443951)[0m             entirely in future versions of Flower.[32m [repeated 2x across cluster][0m
[36m(ClientAppActor pid=443955)[0m 
[36m(ClientAppActor pid=443955)[0m         
[36m(ClientAppActor pid=443951)[0m 
[36m(ClientAppActor pid=443951)[0m         
[36m(ClientAppActor pid=443955)[0m 
[36m(ClientAppActor pid=443955)[0m         
[36m(ClientAppActor pid=443951)[0m 
[36m(ClientAppActor pid=443951)[0m         
[36m(ClientAppActor pid=443955)[0m 
[36m(ClientAppActor pid=443955)[0m         
[36m(ClientAppActor pid=443951)[0m 
[36m(ClientAppActor pid=443951)[0m         
[36m(ClientAppActor pid=443955)[0m 
[36m(ClientAppActor pid=443955)[0m         
[36m(ClientAppActor pid=443951)[0m 
[36m(ClientAppActor pid=443951)[0m         
[36m(ClientAppActor pid=443955)[0m 
[36m(ClientAppActor pid=443955)[0m         
[92mINFO [0m:      aggregate_evaluate: received 10 results and 0 failures
INFO:flwr:aggregate_evaluate: received 10 results and 0 failures
[92mINFO [0m:      
INFO:flwr:
[92mINFO [0m:      [ROUND 9]
INFO:flwr:[ROUND 9]
[92mINFO [0m:      configure_fit: strategy sampled 10 clients (out of 10)
INFO:flwr:configure_fit: strategy sampled 10 clients (out of 10)
[36m(ClientAppActor pid=443951)[0m 
[36m(ClientAppActor pid=443951)[0m         
[36m(ClientAppActor pid=443955)[0m [Client 8] Training on NVIDIA GeForce RTX 3060[32m [repeated 10x across cluster][0m
[36m(ClientAppActor pid=443955)[0m 
[36m(ClientAppActor pid=443955)[0m         
[36m(ClientAppActor pid=443955)[0m 
[36m(ClientAppActor pid=443955)[0m         
[36m(ClientAppActor pid=443955)[0m 
[36m(ClientAppActor pid=443955)[0m         
[36m(ClientAppActor pid=443955)[0m 
[36m(ClientAppActor pid=443955)[0m         
[36m(ClientAppActor pid=443955)[0m 
[36m(ClientAppActor pid=443955)[0m         
[36m(ClientAppActor pid=443955)[0m [93mWARNING [0m:   DEPRECATED FEATURE: `client_fn` now expects a signature `def client_fn(context: Context)`.The provided `client_fn` has signature: {'cid': <Parameter "cid: str">}. You can import the `Context` like this: `from flwr.app import Context`[32m [repeated 15x across cluster][0m
[36m(ClientAppActor pid=443955)[0m             This is a deprecated feature. It will be removed[32m [repeated 15x across cluster][0m
[36m(ClientAppActor pid=443955)[0m             entirely in future versions of Flower.[32m [repeated 15x across cluster][0m
[36m(ClientAppActor pid=443955)[0m 
[36m(ClientAppActor pid=443955)[0m         
[36m(ClientAppActor pid=443955)[0m 
[36m(ClientAppActor pid=443955)[0m         
[36m(ClientAppActor pid=443955)[0m [Client 4] Training on NVIDIA GeForce RTX 3060[32m [repeated 7x across cluster][0m
[36m(ClientAppActor pid=443955)[0m 
[36m(ClientAppActor pid=443955)[0m         
[36m(ClientAppActor pid=443955)[0m 
[36m(ClientAppActor pid=443955)[0m         
[92mINFO [0m:      aggregate_fit: received 10 results and 0 failures
INFO:flwr:aggregate_fit: received 10 results and 0 failures
[CascadeRouter] Round 9: 10 clients, 24578 parameters/client
[92mINFO [0m:      configure_evaluate: strategy sampled 10 clients (out of 10)
INFO:flwr:configure_evaluate: strategy sampled 10 clients (out of 10)
[36m(ClientAppActor pid=443951)[0m 
[36m(ClientAppActor pid=443951)[0m         
[36m(ClientAppActor pid=443951)[0m [93mWARNING [0m:   DEPRECATED FEATURE: `client_fn` now expects a signature `def client_fn(context: Context)`.The provided `client_fn` has signature: {'cid': <Parameter "cid: str">}. You can import the `Context` like this: `from flwr.app import Context`[32m [repeated 5x across cluster][0m
[36m(ClientAppActor pid=443951)[0m             This is a deprecated feature. It will be removed[32m [repeated 5x across cluster][0m
[36m(ClientAppActor pid=443951)[0m             entirely in future versions of Flower.[32m [repeated 5x across cluster][0m
[36m(ClientAppActor pid=443955)[0m 
[36m(ClientAppActor pid=443955)[0m         
[36m(ClientAppActor pid=443951)[0m 
[36m(ClientAppActor pid=443951)[0m         
[36m(ClientAppActor pid=443955)[0m 
[36m(ClientAppActor pid=443955)[0m         
[36m(ClientAppActor pid=443951)[0m 
[36m(ClientAppActor pid=443951)[0m         
[36m(ClientAppActor pid=443955)[0m 
[36m(ClientAppActor pid=443955)[0m         
[36m(ClientAppActor pid=443951)[0m 
[36m(ClientAppActor pid=443951)[0m         
[36m(ClientAppActor pid=443955)[0m 
[36m(ClientAppActor pid=443955)[0m         
[36m(ClientAppActor pid=443951)[0m 
[36m(ClientAppActor pid=443951)[0m         
[36m(ClientAppActor pid=443955)[0m 
[36m(ClientAppActor pid=443955)[0m         
[92mINFO [0m:      aggregate_evaluate: received 10 results and 0 failures
INFO:flwr:aggregate_evaluate: received 10 results and 0 failures
[92mINFO [0m:      
INFO:flwr:
[92mINFO [0m:      [ROUND 10]
INFO:flwr:[ROUND 10]
[92mINFO [0m:      configure_fit: strategy sampled 10 clients (out of 10)
INFO:flwr:configure_fit: strategy sampled 10 clients (out of 10)
[36m(ClientAppActor pid=443955)[0m [Client 2] Training on NVIDIA GeForce RTX 3060[32m [repeated 3x across cluster][0m
[36m(ClientAppActor pid=443955)[0m 
[36m(ClientAppActor pid=443955)[0m         
[36m(ClientAppActor pid=443951)[0m 
[36m(ClientAppActor pid=443951)[0m         
[36m(ClientAppActor pid=443955)[0m 
[36m(ClientAppActor pid=443955)[0m         
[36m(ClientAppActor pid=443955)[0m 
[36m(ClientAppActor pid=443955)[0m         
[36m(ClientAppActor pid=443951)[0m 
[36m(ClientAppActor pid=443951)[0m         
[36m(ClientAppActor pid=443951)[0m 
[36m(ClientAppActor pid=443951)[0m         
[36m(ClientAppActor pid=443955)[0m 
[36m(ClientAppActor pid=443955)[0m         
[36m(ClientAppActor pid=443951)[0m 
[36m(ClientAppActor pid=443951)[0m         
[36m(ClientAppActor pid=443951)[0m [93mWARNING [0m:   DEPRECATED FEATURE: `client_fn` now expects a signature `def client_fn(context: Context)`.The provided `client_fn` has signature: {'cid': <Parameter "cid: str">}. You can import the `Context` like this: `from flwr.app import Context`[32m [repeated 17x across cluster][0m
[36m(ClientAppActor pid=443951)[0m             This is a deprecated feature. It will be removed[32m [repeated 17x across cluster][0m
[36m(ClientAppActor pid=443951)[0m             entirely in future versions of Flower.[32m [repeated 17x across cluster][0m
[36m(ClientAppActor pid=443951)[0m 
[36m(ClientAppActor pid=443951)[0m         
[36m(ClientAppActor pid=443951)[0m 
[36m(ClientAppActor pid=443951)[0m         
[36m(ClientAppActor pid=443951)[0m [Client 1] Training on NVIDIA GeForce RTX 3060[32m [repeated 9x across cluster][0m
[92mINFO [0m:      aggregate_fit: received 10 results and 0 failures
INFO:flwr:aggregate_fit: received 10 results and 0 failures
[CascadeRouter] Round 10: 10 clients, 24578 parameters/client
[92mINFO [0m:      configure_evaluate: strategy sampled 10 clients (out of 10)
INFO:flwr:configure_evaluate: strategy sampled 10 clients (out of 10)
[36m(ClientAppActor pid=443951)[0m 
[36m(ClientAppActor pid=443951)[0m         
[36m(ClientAppActor pid=443951)[0m [93mWARNING [0m:   DEPRECATED FEATURE: `client_fn` now expects a signature `def client_fn(context: Context)`.The provided `client_fn` has signature: {'cid': <Parameter "cid: str">}. You can import the `Context` like this: `from flwr.app import Context`[32m [repeated 3x across cluster][0m
[36m(ClientAppActor pid=443951)[0m             This is a deprecated feature. It will be removed[32m [repeated 3x across cluster][0m
[36m(ClientAppActor pid=443951)[0m             entirely in future versions of Flower.[32m [repeated 3x across cluster][0m
[36m(ClientAppActor pid=443955)[0m 
[36m(ClientAppActor pid=443955)[0m         
[36m(ClientAppActor pid=443951)[0m 
[36m(ClientAppActor pid=443951)[0m         
[36m(ClientAppActor pid=443955)[0m 
[36m(ClientAppActor pid=443955)[0m         
[36m(ClientAppActor pid=443951)[0m 
[36m(ClientAppActor pid=443951)[0m         
[36m(ClientAppActor pid=443955)[0m 
[36m(ClientAppActor pid=443955)[0m         
[36m(ClientAppActor pid=443955)[0m 
[36m(ClientAppActor pid=443955)[0m         
[36m(ClientAppActor pid=443951)[0m 
[36m(ClientAppActor pid=443951)[0m         
[36m(ClientAppActor pid=443955)[0m 
[36m(ClientAppActor pid=443955)[0m         
[36m(ClientAppActor pid=443951)[0m 
[36m(ClientAppActor pid=443951)[0m         
[92mINFO [0m:      aggregate_evaluate: received 10 results and 0 failures
INFO:flwr:aggregate_evaluate: received 10 results and 0 failures
[92mINFO [0m:      
INFO:flwr:
[92mINFO [0m:      [ROUND 11]
INFO:flwr:[ROUND 11]
[92mINFO [0m:      configure_fit: strategy sampled 10 clients (out of 10)
INFO:flwr:configure_fit: strategy sampled 10 clients (out of 10)
[36m(ClientAppActor pid=443951)[0m 
[36m(ClientAppActor pid=443951)[0m         
[36m(ClientAppActor pid=443951)[0m [Client 3] Training on NVIDIA GeForce RTX 3060
[36m(ClientAppActor pid=443955)[0m [Client 6] Training on NVIDIA GeForce RTX 3060
[36m(ClientAppActor pid=443955)[0m 
[36m(ClientAppActor pid=443955)[0m         
[36m(ClientAppActor pid=443951)[0m 
[36m(ClientAppActor pid=443951)[0m         
[36m(ClientAppActor pid=443951)[0m 
[36m(ClientAppActor pid=443951)[0m         
[36m(ClientAppActor pid=443955)[0m 
[36m(ClientAppActor pid=443955)[0m         
[36m(ClientAppActor pid=443955)[0m 
[36m(ClientAppActor pid=443955)[0m         
[36m(ClientAppActor pid=443955)[0m 
[36m(ClientAppActor pid=443955)[0m         
[36m(ClientAppActor pid=443955)[0m 
[36m(ClientAppActor pid=443955)[0m         
[36m(ClientAppActor pid=443955)[0m 
[36m(ClientAppActor pid=443955)[0m         
[36m(ClientAppActor pid=443955)[0m [93mWARNING [0m:   DEPRECATED FEATURE: `client_fn` now expects a signature `def client_fn(context: Context)`.The provided `client_fn` has signature: {'cid': <Parameter "cid: str">}. You can import the `Context` like this: `from flwr.app import Context`[32m [repeated 18x across cluster][0m
[36m(ClientAppActor pid=443955)[0m             This is a deprecated feature. It will be removed[32m [repeated 18x across cluster][0m
[36m(ClientAppActor pid=443955)[0m             entirely in future versions of Flower.[32m [repeated 18x across cluster][0m
[36m(ClientAppActor pid=443955)[0m [Client 9] Training on NVIDIA GeForce RTX 3060[32m [repeated 8x across cluster][0m
[36m(ClientAppActor pid=443955)[0m 
[36m(ClientAppActor pid=443955)[0m         
[92mINFO [0m:      aggregate_fit: received 10 results and 0 failures
INFO:flwr:aggregate_fit: received 10 results and 0 failures
[CascadeRouter] Round 11: 10 clients, 24578 parameters/client
[92mINFO [0m:      configure_evaluate: strategy sampled 10 clients (out of 10)
INFO:flwr:configure_evaluate: strategy sampled 10 clients (out of 10)
[36m(ClientAppActor pid=443951)[0m 
[36m(ClientAppActor pid=443951)[0m         
[36m(ClientAppActor pid=443951)[0m [93mWARNING [0m:   DEPRECATED FEATURE: `client_fn` now expects a signature `def client_fn(context: Context)`.The provided `client_fn` has signature: {'cid': <Parameter "cid: str">}. You can import the `Context` like this: `from flwr.app import Context`[32m [repeated 2x across cluster][0m
[36m(ClientAppActor pid=443951)[0m             This is a deprecated feature. It will be removed[32m [repeated 2x across cluster][0m
[36m(ClientAppActor pid=443951)[0m             entirely in future versions of Flower.[32m [repeated 2x across cluster][0m
[36m(ClientAppActor pid=443955)[0m 
[36m(ClientAppActor pid=443955)[0m         
[36m(ClientAppActor pid=443951)[0m 
[36m(ClientAppActor pid=443951)[0m         
[36m(ClientAppActor pid=443955)[0m 
[36m(ClientAppActor pid=443955)[0m         
[36m(ClientAppActor pid=443951)[0m 
[36m(ClientAppActor pid=443951)[0m         
[36m(ClientAppActor pid=443955)[0m 
[36m(ClientAppActor pid=443955)[0m         
[36m(ClientAppActor pid=443951)[0m 
[36m(ClientAppActor pid=443951)[0m         
[36m(ClientAppActor pid=443955)[0m 
[36m(ClientAppActor pid=443955)[0m         
[36m(ClientAppActor pid=443951)[0m 
[36m(ClientAppActor pid=443951)[0m         
[36m(ClientAppActor pid=443955)[0m 
[36m(ClientAppActor pid=443955)[0m         
[92mINFO [0m:      aggregate_evaluate: received 10 results and 0 failures
INFO:flwr:aggregate_evaluate: received 10 results and 0 failures
[92mINFO [0m:      
INFO:flwr:
[92mINFO [0m:      [ROUND 12]
INFO:flwr:[ROUND 12]
[92mINFO [0m:      configure_fit: strategy sampled 10 clients (out of 10)
INFO:flwr:configure_fit: strategy sampled 10 clients (out of 10)
[36m(ClientAppActor pid=443955)[0m [Client 8] Training on NVIDIA GeForce RTX 3060
[36m(ClientAppActor pid=443955)[0m 
[36m(ClientAppActor pid=443955)[0m         
[36m(ClientAppActor pid=443951)[0m 
[36m(ClientAppActor pid=443951)[0m         
[36m(ClientAppActor pid=443951)[0m [Client 1] Training on NVIDIA GeForce RTX 3060
[36m(ClientAppActor pid=443951)[0m 
[36m(ClientAppActor pid=443951)[0m         
[36m(ClientAppActor pid=443951)[0m [Client 4] Training on NVIDIA GeForce RTX 3060
[36m(ClientAppActor pid=443951)[0m 
[36m(ClientAppActor pid=443951)[0m         
[36m(ClientAppActor pid=443951)[0m [Client 7] Training on NVIDIA GeForce RTX 3060
[36m(ClientAppActor pid=443955)[0m 
[36m(ClientAppActor pid=443955)[0m         
[36m(ClientAppActor pid=443955)[0m 
[36m(ClientAppActor pid=443955)[0m         
[36m(ClientAppActor pid=443955)[0m 
[36m(ClientAppActor pid=443955)[0m         
[36m(ClientAppActor pid=443955)[0m 
[36m(ClientAppActor pid=443955)[0m         
[36m(ClientAppActor pid=443955)[0m 
[36m(ClientAppActor pid=443955)[0m         
[36m(ClientAppActor pid=443955)[0m 
[36m(ClientAppActor pid=443955)[0m         
[36m(ClientAppActor pid=443955)[0m [93mWARNING [0m:   DEPRECATED FEATURE: `client_fn` now expects a signature `def client_fn(context: Context)`.The provided `client_fn` has signature: {'cid': <Parameter "cid: str">}. You can import the `Context` like this: `from flwr.app import Context`[32m [repeated 19x across cluster][0m
[36m(ClientAppActor pid=443955)[0m             This is a deprecated feature. It will be removed[32m [repeated 19x across cluster][0m
[36m(ClientAppActor pid=443955)[0m             entirely in future versions of Flower.[32m [repeated 19x across cluster][0m
[92mINFO [0m:      aggregate_fit: received 10 results and 0 failures
INFO:flwr:aggregate_fit: received 10 results and 0 failures
[CascadeRouter] Round 12: 10 clients, 24578 parameters/client
[92mINFO [0m:      configure_evaluate: strategy sampled 10 clients (out of 10)
INFO:flwr:configure_evaluate: strategy sampled 10 clients (out of 10)
[36m(ClientAppActor pid=443951)[0m 
[36m(ClientAppActor pid=443951)[0m         
[36m(ClientAppActor pid=443951)[0m [93mWARNING [0m:   DEPRECATED FEATURE: `client_fn` now expects a signature `def client_fn(context: Context)`.The provided `client_fn` has signature: {'cid': <Parameter "cid: str">}. You can import the `Context` like this: `from flwr.app import Context`
[36m(ClientAppActor pid=443951)[0m             This is a deprecated feature. It will be removed
[36m(ClientAppActor pid=443951)[0m             entirely in future versions of Flower.
[36m(ClientAppActor pid=443955)[0m [93mWARNING [0m:   DEPRECATED FEATURE: `client_fn` now expects a signature `def client_fn(context: Context)`.The provided `client_fn` has signature: {'cid': <Parameter "cid: str">}. You can import the `Context` like this: `from flwr.app import Context`
[36m(ClientAppActor pid=443955)[0m 
[36m(ClientAppActor pid=443955)[0m             This is a deprecated feature. It will be removed
[36m(ClientAppActor pid=443955)[0m             entirely in future versions of Flower.
[36m(ClientAppActor pid=443955)[0m         
[36m(ClientAppActor pid=443951)[0m 
[36m(ClientAppActor pid=443951)[0m         
[36m(ClientAppActor pid=443955)[0m 
[36m(ClientAppActor pid=443955)[0m         
[36m(ClientAppActor pid=443951)[0m 
[36m(ClientAppActor pid=443951)[0m         
[36m(ClientAppActor pid=443955)[0m 
[36m(ClientAppActor pid=443955)[0m         
[36m(ClientAppActor pid=443951)[0m 
[36m(ClientAppActor pid=443951)[0m         
[36m(ClientAppActor pid=443951)[0m 
[36m(ClientAppActor pid=443951)[0m         
[36m(ClientAppActor pid=443955)[0m 
[36m(ClientAppActor pid=443955)[0m         
[36m(ClientAppActor pid=443955)[0m 
[36m(ClientAppActor pid=443955)[0m         
[92mINFO [0m:      aggregate_evaluate: received 10 results and 0 failures
INFO:flwr:aggregate_evaluate: received 10 results and 0 failures
[92mINFO [0m:      
INFO:flwr:
[92mINFO [0m:      [ROUND 13]
INFO:flwr:[ROUND 13]
[92mINFO [0m:      configure_fit: strategy sampled 10 clients (out of 10)
INFO:flwr:configure_fit: strategy sampled 10 clients (out of 10)
[36m(ClientAppActor pid=443955)[0m [Client 5] Training on NVIDIA GeForce RTX 3060[32m [repeated 7x across cluster][0m
[36m(ClientAppActor pid=443955)[0m 
[36m(ClientAppActor pid=443955)[0m         
[36m(ClientAppActor pid=443951)[0m 
[36m(ClientAppActor pid=443951)[0m         
[36m(ClientAppActor pid=443951)[0m 
[36m(ClientAppActor pid=443951)[0m         
[36m(ClientAppActor pid=443955)[0m 
[36m(ClientAppActor pid=443955)[0m         
[36m(ClientAppActor pid=443955)[0m 
[36m(ClientAppActor pid=443955)[0m         
[36m(ClientAppActor pid=443951)[0m 
[36m(ClientAppActor pid=443951)[0m         
[36m(ClientAppActor pid=443955)[0m 
[36m(ClientAppActor pid=443955)[0m         
[36m(ClientAppActor pid=443951)[0m 
[36m(ClientAppActor pid=443951)[0m         
[36m(ClientAppActor pid=443951)[0m [93mWARNING [0m:   DEPRECATED FEATURE: `client_fn` now expects a signature `def client_fn(context: Context)`.The provided `client_fn` has signature: {'cid': <Parameter "cid: str">}. You can import the `Context` like this: `from flwr.app import Context`[32m [repeated 16x across cluster][0m
[36m(ClientAppActor pid=443951)[0m             This is a deprecated feature. It will be removed[32m [repeated 16x across cluster][0m
[36m(ClientAppActor pid=443951)[0m             entirely in future versions of Flower.[32m [repeated 16x across cluster][0m
[36m(ClientAppActor pid=443951)[0m 
[36m(ClientAppActor pid=443951)[0m         
[36m(ClientAppActor pid=443951)[0m 
[36m(ClientAppActor pid=443951)[0m         
[92mINFO [0m:      aggregate_fit: received 10 results and 0 failures
INFO:flwr:aggregate_fit: received 10 results and 0 failures
[CascadeRouter] Round 13: 10 clients, 24578 parameters/client
[92mINFO [0m:      configure_evaluate: strategy sampled 10 clients (out of 10)
INFO:flwr:configure_evaluate: strategy sampled 10 clients (out of 10)
[36m(ClientAppActor pid=443955)[0m 
[36m(ClientAppActor pid=443955)[0m         
[36m(ClientAppActor pid=443955)[0m [93mWARNING [0m:   DEPRECATED FEATURE: `client_fn` now expects a signature `def client_fn(context: Context)`.The provided `client_fn` has signature: {'cid': <Parameter "cid: str">}. You can import the `Context` like this: `from flwr.app import Context`[32m [repeated 3x across cluster][0m
[36m(ClientAppActor pid=443955)[0m             This is a deprecated feature. It will be removed[32m [repeated 3x across cluster][0m
[36m(ClientAppActor pid=443955)[0m             entirely in future versions of Flower.[32m [repeated 3x across cluster][0m
[36m(ClientAppActor pid=443951)[0m 
[36m(ClientAppActor pid=443951)[0m         
[36m(ClientAppActor pid=443955)[0m 
[36m(ClientAppActor pid=443955)[0m         
[36m(ClientAppActor pid=443951)[0m 
[36m(ClientAppActor pid=443951)[0m         
[36m(ClientAppActor pid=443951)[0m 
[36m(ClientAppActor pid=443951)[0m         
[36m(ClientAppActor pid=443955)[0m 
[36m(ClientAppActor pid=443955)[0m         
[36m(ClientAppActor pid=443951)[0m 
[36m(ClientAppActor pid=443951)[0m         
[36m(ClientAppActor pid=443955)[0m 
[36m(ClientAppActor pid=443955)[0m         
[36m(ClientAppActor pid=443951)[0m 
[36m(ClientAppActor pid=443951)[0m         
[36m(ClientAppActor pid=443955)[0m 
[36m(ClientAppActor pid=443955)[0m         
[92mINFO [0m:      aggregate_evaluate: received 10 results and 0 failures
INFO:flwr:aggregate_evaluate: received 10 results and 0 failures
[92mINFO [0m:      
INFO:flwr:
[92mINFO [0m:      [ROUND 14]
INFO:flwr:[ROUND 14]
[92mINFO [0m:      configure_fit: strategy sampled 10 clients (out of 10)
INFO:flwr:configure_fit: strategy sampled 10 clients (out of 10)
[36m(ClientAppActor pid=443951)[0m 
[36m(ClientAppActor pid=443951)[0m         
[36m(ClientAppActor pid=443955)[0m 
[36m(ClientAppActor pid=443955)[0m         
[36m(ClientAppActor pid=443951)[0m [Client 4] Training on NVIDIA GeForce RTX 3060[32m [repeated 10x across cluster][0m
[36m(ClientAppActor pid=443951)[0m 
[36m(ClientAppActor pid=443951)[0m         
[36m(ClientAppActor pid=443951)[0m 
[36m(ClientAppActor pid=443951)[0m         
[36m(ClientAppActor pid=443955)[0m 
[36m(ClientAppActor pid=443955)[0m         
[36m(ClientAppActor pid=443951)[0m 
[36m(ClientAppActor pid=443951)[0m         
[36m(ClientAppActor pid=443951)[0m 
[36m(ClientAppActor pid=443951)[0m         
[36m(ClientAppActor pid=443951)[0m 
[36m(ClientAppActor pid=443951)[0m         
[36m(ClientAppActor pid=443955)[0m 
[36m(ClientAppActor pid=443955)[0m         
[36m(ClientAppActor pid=443951)[0m 
[36m(ClientAppActor pid=443951)[0m         
[36m(ClientAppActor pid=443951)[0m [93mWARNING [0m:   DEPRECATED FEATURE: `client_fn` now expects a signature `def client_fn(context: Context)`.The provided `client_fn` has signature: {'cid': <Parameter "cid: str">}. You can import the `Context` like this: `from flwr.app import Context`[32m [repeated 19x across cluster][0m
[36m(ClientAppActor pid=443951)[0m             This is a deprecated feature. It will be removed[32m [repeated 19x across cluster][0m
[36m(ClientAppActor pid=443951)[0m             entirely in future versions of Flower.[32m [repeated 19x across cluster][0m
[92mINFO [0m:      aggregate_fit: received 10 results and 0 failures
INFO:flwr:aggregate_fit: received 10 results and 0 failures
[CascadeRouter] Round 14: 10 clients, 24578 parameters/client
[92mINFO [0m:      configure_evaluate: strategy sampled 10 clients (out of 10)
INFO:flwr:configure_evaluate: strategy sampled 10 clients (out of 10)
[36m(ClientAppActor pid=443951)[0m 
[36m(ClientAppActor pid=443951)[0m         
[36m(ClientAppActor pid=443951)[0m [93mWARNING [0m:   DEPRECATED FEATURE: `client_fn` now expects a signature `def client_fn(context: Context)`.The provided `client_fn` has signature: {'cid': <Parameter "cid: str">}. You can import the `Context` like this: `from flwr.app import Context`
[36m(ClientAppActor pid=443951)[0m             This is a deprecated feature. It will be removed
[36m(ClientAppActor pid=443951)[0m             entirely in future versions of Flower.
[36m(ClientAppActor pid=443955)[0m [93mWARNING [0m:   DEPRECATED FEATURE: `client_fn` now expects a signature `def client_fn(context: Context)`.The provided `client_fn` has signature: {'cid': <Parameter "cid: str">}. You can import the `Context` like this: `from flwr.app import Context`
[36m(ClientAppActor pid=443955)[0m 
[36m(ClientAppActor pid=443955)[0m             This is a deprecated feature. It will be removed
[36m(ClientAppActor pid=443955)[0m             entirely in future versions of Flower.
[36m(ClientAppActor pid=443955)[0m         
[36m(ClientAppActor pid=443951)[0m 
[36m(ClientAppActor pid=443951)[0m         
[36m(ClientAppActor pid=443955)[0m 
[36m(ClientAppActor pid=443955)[0m         
[36m(ClientAppActor pid=443951)[0m 
[36m(ClientAppActor pid=443951)[0m         
[36m(ClientAppActor pid=443955)[0m 
[36m(ClientAppActor pid=443955)[0m         
[36m(ClientAppActor pid=443951)[0m 
[36m(ClientAppActor pid=443951)[0m         
[36m(ClientAppActor pid=443955)[0m 
[36m(ClientAppActor pid=443955)[0m         
[36m(ClientAppActor pid=443951)[0m 
[36m(ClientAppActor pid=443951)[0m         
[36m(ClientAppActor pid=443955)[0m 
[36m(ClientAppActor pid=443955)[0m         
[92mINFO [0m:      aggregate_evaluate: received 10 results and 0 failures
INFO:flwr:aggregate_evaluate: received 10 results and 0 failures
[92mINFO [0m:      
INFO:flwr:
[92mINFO [0m:      [ROUND 15]
INFO:flwr:[ROUND 15]
[92mINFO [0m:      configure_fit: strategy sampled 10 clients (out of 10)
INFO:flwr:configure_fit: strategy sampled 10 clients (out of 10)
[36m(ClientAppActor pid=443955)[0m [Client 8] Training on NVIDIA GeForce RTX 3060[32m [repeated 10x across cluster][0m
[36m(ClientAppActor pid=443955)[0m 
[36m(ClientAppActor pid=443955)[0m         
[36m(ClientAppActor pid=443951)[0m 
[36m(ClientAppActor pid=443951)[0m         
[36m(ClientAppActor pid=443951)[0m 
[36m(ClientAppActor pid=443951)[0m         
[36m(ClientAppActor pid=443951)[0m 
[36m(ClientAppActor pid=443951)[0m         
[36m(ClientAppActor pid=443955)[0m 
[36m(ClientAppActor pid=443955)[0m         
[36m(ClientAppActor pid=443951)[0m 
[36m(ClientAppActor pid=443951)[0m         
[36m(ClientAppActor pid=443951)[0m 
[36m(ClientAppActor pid=443951)[0m         
[36m(ClientAppActor pid=443955)[0m 
[36m(ClientAppActor pid=443955)[0m         
[36m(ClientAppActor pid=443955)[0m 
[36m(ClientAppActor pid=443955)[0m         
[36m(ClientAppActor pid=443951)[0m 
[36m(ClientAppActor pid=443951)[0m         
[92mINFO [0m:      aggregate_fit: received 10 results and 0 failures
INFO:flwr:aggregate_fit: received 10 results and 0 failures
[CascadeRouter] Round 15: 10 clients, 24578 parameters/client
[92mINFO [0m:      configure_evaluate: strategy sampled 10 clients (out of 10)
INFO:flwr:configure_evaluate: strategy sampled 10 clients (out of 10)
[36m(ClientAppActor pid=443951)[0m 
[36m(ClientAppActor pid=443951)[0m         
[36m(ClientAppActor pid=443951)[0m [93mWARNING [0m:   DEPRECATED FEATURE: `client_fn` now expects a signature `def client_fn(context: Context)`.The provided `client_fn` has signature: {'cid': <Parameter "cid: str">}. You can import the `Context` like this: `from flwr.app import Context`[32m [repeated 19x across cluster][0m
[36m(ClientAppActor pid=443951)[0m             This is a deprecated feature. It will be removed[32m [repeated 19x across cluster][0m
[36m(ClientAppActor pid=443951)[0m             entirely in future versions of Flower.[32m [repeated 19x across cluster][0m
[36m(ClientAppActor pid=443955)[0m 
[36m(ClientAppActor pid=443955)[0m         
[36m(ClientAppActor pid=443951)[0m 
[36m(ClientAppActor pid=443951)[0m         
[36m(ClientAppActor pid=443955)[0m 
[36m(ClientAppActor pid=443955)[0m         
[36m(ClientAppActor pid=443951)[0m 
[36m(ClientAppActor pid=443951)[0m         
[36m(ClientAppActor pid=443955)[0m 
[36m(ClientAppActor pid=443955)[0m         
[36m(ClientAppActor pid=443951)[0m 
[36m(ClientAppActor pid=443951)[0m         
[36m(ClientAppActor pid=443955)[0m 
[36m(ClientAppActor pid=443955)[0m         
[36m(ClientAppActor pid=443951)[0m 
[36m(ClientAppActor pid=443951)[0m         
[36m(ClientAppActor pid=443955)[0m 
[36m(ClientAppActor pid=443955)[0m         
[92mINFO [0m:      aggregate_evaluate: received 10 results and 0 failures
INFO:flwr:aggregate_evaluate: received 10 results and 0 failures
[92mINFO [0m:      
INFO:flwr:
[92mINFO [0m:      [ROUND 16]
INFO:flwr:[ROUND 16]
[92mINFO [0m:      configure_fit: strategy sampled 10 clients (out of 10)
INFO:flwr:configure_fit: strategy sampled 10 clients (out of 10)
[36m(ClientAppActor pid=443955)[0m [Client 7] Training on NVIDIA GeForce RTX 3060[32m [repeated 10x across cluster][0m
[36m(ClientAppActor pid=443955)[0m 
[36m(ClientAppActor pid=443955)[0m         
[36m(ClientAppActor pid=443951)[0m 
[36m(ClientAppActor pid=443951)[0m         
[36m(ClientAppActor pid=443951)[0m 
[36m(ClientAppActor pid=443951)[0m         
[36m(ClientAppActor pid=443951)[0m 
[36m(ClientAppActor pid=443951)[0m         
[36m(ClientAppActor pid=443951)[0m 
[36m(ClientAppActor pid=443951)[0m         
[36m(ClientAppActor pid=443951)[0m 
[36m(ClientAppActor pid=443951)[0m         
[36m(ClientAppActor pid=443951)[0m [93mWARNING [0m:   DEPRECATED FEATURE: `client_fn` now expects a signature `def client_fn(context: Context)`.The provided `client_fn` has signature: {'cid': <Parameter "cid: str">}. You can import the `Context` like this: `from flwr.app import Context`[32m [repeated 15x across cluster][0m
[36m(ClientAppActor pid=443951)[0m             This is a deprecated feature. It will be removed[32m [repeated 15x across cluster][0m
[36m(ClientAppActor pid=443951)[0m             entirely in future versions of Flower.[32m [repeated 15x across cluster][0m
[36m(ClientAppActor pid=443951)[0m 
[36m(ClientAppActor pid=443951)[0m         
[36m(ClientAppActor pid=443951)[0m 
[36m(ClientAppActor pid=443951)[0m         
[36m(ClientAppActor pid=443951)[0m [Client 0] Training on NVIDIA GeForce RTX 3060[32m [repeated 7x across cluster][0m
[36m(ClientAppActor pid=443951)[0m 
[36m(ClientAppActor pid=443951)[0m         
[36m(ClientAppActor pid=443951)[0m 
[36m(ClientAppActor pid=443951)[0m         
[92mINFO [0m:      aggregate_fit: received 10 results and 0 failures
INFO:flwr:aggregate_fit: received 10 results and 0 failures
[CascadeRouter] Round 16: 10 clients, 24578 parameters/client
[92mINFO [0m:      configure_evaluate: strategy sampled 10 clients (out of 10)
INFO:flwr:configure_evaluate: strategy sampled 10 clients (out of 10)
[36m(ClientAppActor pid=443951)[0m 
[36m(ClientAppActor pid=443951)[0m         
[36m(ClientAppActor pid=443951)[0m [93mWARNING [0m:   DEPRECATED FEATURE: `client_fn` now expects a signature `def client_fn(context: Context)`.The provided `client_fn` has signature: {'cid': <Parameter "cid: str">}. You can import the `Context` like this: `from flwr.app import Context`[32m [repeated 5x across cluster][0m
[36m(ClientAppActor pid=443951)[0m             This is a deprecated feature. It will be removed[32m [repeated 5x across cluster][0m
[36m(ClientAppActor pid=443951)[0m             entirely in future versions of Flower.[32m [repeated 5x across cluster][0m
[36m(ClientAppActor pid=443955)[0m 
[36m(ClientAppActor pid=443955)[0m         
[36m(ClientAppActor pid=443951)[0m 
[36m(ClientAppActor pid=443951)[0m         
[36m(ClientAppActor pid=443955)[0m 
[36m(ClientAppActor pid=443955)[0m         
[36m(ClientAppActor pid=443951)[0m 
[36m(ClientAppActor pid=443951)[0m         
[36m(ClientAppActor pid=443955)[0m 
[36m(ClientAppActor pid=443955)[0m         
[36m(ClientAppActor pid=443955)[0m 
[36m(ClientAppActor pid=443955)[0m         
[36m(ClientAppActor pid=443951)[0m 
[36m(ClientAppActor pid=443951)[0m         
[36m(ClientAppActor pid=443955)[0m 
[36m(ClientAppActor pid=443955)[0m         
[36m(ClientAppActor pid=443951)[0m 
[36m(ClientAppActor pid=443951)[0m         
[92mINFO [0m:      aggregate_evaluate: received 10 results and 0 failures
INFO:flwr:aggregate_evaluate: received 10 results and 0 failures
[92mINFO [0m:      
INFO:flwr:
[92mINFO [0m:      [ROUND 17]
INFO:flwr:[ROUND 17]
[92mINFO [0m:      configure_fit: strategy sampled 10 clients (out of 10)
INFO:flwr:configure_fit: strategy sampled 10 clients (out of 10)
[36m(ClientAppActor pid=443951)[0m 
[36m(ClientAppActor pid=443951)[0m         
[36m(ClientAppActor pid=443951)[0m [Client 8] Training on NVIDIA GeForce RTX 3060[32m [repeated 3x across cluster][0m
[36m(ClientAppActor pid=443955)[0m 
[36m(ClientAppActor pid=443955)[0m         
[36m(ClientAppActor pid=443955)[0m 
[36m(ClientAppActor pid=443955)[0m         
[36m(ClientAppActor pid=443951)[0m 
[36m(ClientAppActor pid=443951)[0m         
[36m(ClientAppActor pid=443955)[0m 
[36m(ClientAppActor pid=443955)[0m         
[36m(ClientAppActor pid=443951)[0m 
[36m(ClientAppActor pid=443951)[0m         
[36m(ClientAppActor pid=443951)[0m 
[36m(ClientAppActor pid=443951)[0m         
[36m(ClientAppActor pid=443955)[0m 
[36m(ClientAppActor pid=443955)[0m         
[36m(ClientAppActor pid=443951)[0m 
[36m(ClientAppActor pid=443951)[0m         
[36m(ClientAppActor pid=443951)[0m 
[36m(ClientAppActor pid=443951)[0m         
[92mINFO [0m:      aggregate_fit: received 10 results and 0 failures
INFO:flwr:aggregate_fit: received 10 results and 0 failures
[CascadeRouter] Round 17: 10 clients, 24578 parameters/client
[92mINFO [0m:      configure_evaluate: strategy sampled 10 clients (out of 10)
INFO:flwr:configure_evaluate: strategy sampled 10 clients (out of 10)
[36m(ClientAppActor pid=443955)[0m 
[36m(ClientAppActor pid=443955)[0m         
[36m(ClientAppActor pid=443955)[0m [93mWARNING [0m:   DEPRECATED FEATURE: `client_fn` now expects a signature `def client_fn(context: Context)`.The provided `client_fn` has signature: {'cid': <Parameter "cid: str">}. You can import the `Context` like this: `from flwr.app import Context`[32m [repeated 20x across cluster][0m
[36m(ClientAppActor pid=443955)[0m             This is a deprecated feature. It will be removed[32m [repeated 20x across cluster][0m
[36m(ClientAppActor pid=443955)[0m             entirely in future versions of Flower.[32m [repeated 20x across cluster][0m
[36m(ClientAppActor pid=443951)[0m 
[36m(ClientAppActor pid=443951)[0m         
[36m(ClientAppActor pid=443955)[0m 
[36m(ClientAppActor pid=443955)[0m         
[36m(ClientAppActor pid=443951)[0m 
[36m(ClientAppActor pid=443951)[0m         
[36m(ClientAppActor pid=443955)[0m 
[36m(ClientAppActor pid=443955)[0m         
[36m(ClientAppActor pid=443951)[0m 
[36m(ClientAppActor pid=443951)[0m         
[36m(ClientAppActor pid=443955)[0m 
[36m(ClientAppActor pid=443955)[0m         
[36m(ClientAppActor pid=443951)[0m 
[36m(ClientAppActor pid=443951)[0m         
[36m(ClientAppActor pid=443955)[0m 
[36m(ClientAppActor pid=443955)[0m         
[36m(ClientAppActor pid=443951)[0m 
[36m(ClientAppActor pid=443951)[0m         
[92mINFO [0m:      aggregate_evaluate: received 10 results and 0 failures
INFO:flwr:aggregate_evaluate: received 10 results and 0 failures
[92mINFO [0m:      
INFO:flwr:
[92mINFO [0m:      [ROUND 18]
INFO:flwr:[ROUND 18]
[92mINFO [0m:      configure_fit: strategy sampled 10 clients (out of 10)
INFO:flwr:configure_fit: strategy sampled 10 clients (out of 10)
[36m(ClientAppActor pid=443951)[0m 
[36m(ClientAppActor pid=443951)[0m         
[36m(ClientAppActor pid=443951)[0m [Client 0] Training on NVIDIA GeForce RTX 3060[32m [repeated 10x across cluster][0m
[36m(ClientAppActor pid=443955)[0m 
[36m(ClientAppActor pid=443955)[0m         
[36m(ClientAppActor pid=443955)[0m 
[36m(ClientAppActor pid=443955)[0m         
[36m(ClientAppActor pid=443951)[0m 
[36m(ClientAppActor pid=443951)[0m         
[36m(ClientAppActor pid=443951)[0m 
[36m(ClientAppActor pid=443951)[0m         
[36m(ClientAppActor pid=443951)[0m 
[36m(ClientAppActor pid=443951)[0m         
[36m(ClientAppActor pid=443951)[0m 
[36m(ClientAppActor pid=443951)[0m         
[36m(ClientAppActor pid=443955)[0m 
[36m(ClientAppActor pid=443955)[0m         
[36m(ClientAppActor pid=443955)[0m 
[36m(ClientAppActor pid=443955)[0m         
[36m(ClientAppActor pid=443951)[0m 
[36m(ClientAppActor pid=443951)[0m         
[92mINFO [0m:      aggregate_fit: received 10 results and 0 failures
INFO:flwr:aggregate_fit: received 10 results and 0 failures
[CascadeRouter] Round 18: 10 clients, 24578 parameters/client
[92mINFO [0m:      configure_evaluate: strategy sampled 10 clients (out of 10)
INFO:flwr:configure_evaluate: strategy sampled 10 clients (out of 10)
[36m(ClientAppActor pid=443951)[0m 
[36m(ClientAppActor pid=443951)[0m         
[36m(ClientAppActor pid=443951)[0m [93mWARNING [0m:   DEPRECATED FEATURE: `client_fn` now expects a signature `def client_fn(context: Context)`.The provided `client_fn` has signature: {'cid': <Parameter "cid: str">}. You can import the `Context` like this: `from flwr.app import Context`[32m [repeated 20x across cluster][0m
[36m(ClientAppActor pid=443951)[0m             This is a deprecated feature. It will be removed[32m [repeated 20x across cluster][0m
[36m(ClientAppActor pid=443951)[0m             entirely in future versions of Flower.[32m [repeated 20x across cluster][0m
[36m(ClientAppActor pid=443955)[0m 
[36m(ClientAppActor pid=443955)[0m         
[36m(ClientAppActor pid=443951)[0m 
[36m(ClientAppActor pid=443951)[0m         
[36m(ClientAppActor pid=443955)[0m 
[36m(ClientAppActor pid=443955)[0m         
[36m(ClientAppActor pid=443955)[0m 
[36m(ClientAppActor pid=443955)[0m         
[36m(ClientAppActor pid=443951)[0m 
[36m(ClientAppActor pid=443951)[0m         
[36m(ClientAppActor pid=443955)[0m 
[36m(ClientAppActor pid=443955)[0m         
[36m(ClientAppActor pid=443951)[0m 
[36m(ClientAppActor pid=443951)[0m         
[36m(ClientAppActor pid=443951)[0m 
[36m(ClientAppActor pid=443951)[0m         
[36m(ClientAppActor pid=443955)[0m 
[36m(ClientAppActor pid=443955)[0m         
[92mINFO [0m:      aggregate_evaluate: received 10 results and 0 failures
INFO:flwr:aggregate_evaluate: received 10 results and 0 failures
[92mINFO [0m:      
INFO:flwr:
[92mINFO [0m:      [ROUND 19]
INFO:flwr:[ROUND 19]
[92mINFO [0m:      configure_fit: strategy sampled 10 clients (out of 10)
INFO:flwr:configure_fit: strategy sampled 10 clients (out of 10)
[36m(ClientAppActor pid=443951)[0m 
[36m(ClientAppActor pid=443951)[0m         
[36m(ClientAppActor pid=443951)[0m [Client 0] Training on NVIDIA GeForce RTX 3060[32m [repeated 10x across cluster][0m
[36m(ClientAppActor pid=443955)[0m 
[36m(ClientAppActor pid=443955)[0m         
[36m(ClientAppActor pid=443955)[0m 
[36m(ClientAppActor pid=443955)[0m         
[36m(ClientAppActor pid=443955)[0m 
[36m(ClientAppActor pid=443955)[0m         
[36m(ClientAppActor pid=443955)[0m 
[36m(ClientAppActor pid=443955)[0m         
[36m(ClientAppActor pid=443951)[0m 
[36m(ClientAppActor pid=443951)[0m         
[36m(ClientAppActor pid=443955)[0m 
[36m(ClientAppActor pid=443955)[0m         
[36m(ClientAppActor pid=443955)[0m 
[36m(ClientAppActor pid=443955)[0m         
[36m(ClientAppActor pid=443951)[0m 
[36m(ClientAppActor pid=443951)[0m         
[36m(ClientAppActor pid=443955)[0m 
[36m(ClientAppActor pid=443955)[0m         
[92mINFO [0m:      aggregate_fit: received 10 results and 0 failures
INFO:flwr:aggregate_fit: received 10 results and 0 failures
[CascadeRouter] Round 19: 10 clients, 24578 parameters/client
[92mINFO [0m:      configure_evaluate: strategy sampled 10 clients (out of 10)
INFO:flwr:configure_evaluate: strategy sampled 10 clients (out of 10)
[36m(ClientAppActor pid=443951)[0m 
[36m(ClientAppActor pid=443951)[0m         
[36m(ClientAppActor pid=443951)[0m [93mWARNING [0m:   DEPRECATED FEATURE: `client_fn` now expects a signature `def client_fn(context: Context)`.The provided `client_fn` has signature: {'cid': <Parameter "cid: str">}. You can import the `Context` like this: `from flwr.app import Context`[32m [repeated 20x across cluster][0m
[36m(ClientAppActor pid=443951)[0m             This is a deprecated feature. It will be removed[32m [repeated 20x across cluster][0m
[36m(ClientAppActor pid=443951)[0m             entirely in future versions of Flower.[32m [repeated 20x across cluster][0m
[36m(ClientAppActor pid=443955)[0m 
[36m(ClientAppActor pid=443955)[0m         
[36m(ClientAppActor pid=443951)[0m 
[36m(ClientAppActor pid=443951)[0m         
[36m(ClientAppActor pid=443955)[0m 
[36m(ClientAppActor pid=443955)[0m         
[36m(ClientAppActor pid=443951)[0m 
[36m(ClientAppActor pid=443951)[0m         
[36m(ClientAppActor pid=443955)[0m 
[36m(ClientAppActor pid=443955)[0m         
[36m(ClientAppActor pid=443951)[0m 
[36m(ClientAppActor pid=443951)[0m         
[36m(ClientAppActor pid=443955)[0m 
[36m(ClientAppActor pid=443955)[0m         
[36m(ClientAppActor pid=443951)[0m 
[36m(ClientAppActor pid=443951)[0m         
[36m(ClientAppActor pid=443955)[0m 
[36m(ClientAppActor pid=443955)[0m         
[92mINFO [0m:      aggregate_evaluate: received 10 results and 0 failures
INFO:flwr:aggregate_evaluate: received 10 results and 0 failures
[92mINFO [0m:      
INFO:flwr:
[92mINFO [0m:      [ROUND 20]
INFO:flwr:[ROUND 20]
[92mINFO [0m:      configure_fit: strategy sampled 10 clients (out of 10)
INFO:flwr:configure_fit: strategy sampled 10 clients (out of 10)
[36m(ClientAppActor pid=443955)[0m [Client 0] Training on NVIDIA GeForce RTX 3060[32m [repeated 10x across cluster][0m
[36m(ClientAppActor pid=443955)[0m 
[36m(ClientAppActor pid=443955)[0m         
[36m(ClientAppActor pid=443951)[0m 
[36m(ClientAppActor pid=443951)[0m         
[36m(ClientAppActor pid=443955)[0m 
[36m(ClientAppActor pid=443955)[0m         
[36m(ClientAppActor pid=443951)[0m 
[36m(ClientAppActor pid=443951)[0m         
[36m(ClientAppActor pid=443955)[0m 
[36m(ClientAppActor pid=443955)[0m         
[36m(ClientAppActor pid=443951)[0m 
[36m(ClientAppActor pid=443951)[0m         
[36m(ClientAppActor pid=443951)[0m 
[36m(ClientAppActor pid=443951)[0m         
[36m(ClientAppActor pid=443951)[0m 
[36m(ClientAppActor pid=443951)[0m         
[36m(ClientAppActor pid=443951)[0m 
[36m(ClientAppActor pid=443951)[0m         
[36m(ClientAppActor pid=443951)[0m 
[36m(ClientAppActor pid=443951)[0m         
[36m(ClientAppActor pid=443951)[0m [93mWARNING [0m:   DEPRECATED FEATURE: `client_fn` now expects a signature `def client_fn(context: Context)`.The provided `client_fn` has signature: {'cid': <Parameter "cid: str">}. You can import the `Context` like this: `from flwr.app import Context`[32m [repeated 19x across cluster][0m
[36m(ClientAppActor pid=443951)[0m             This is a deprecated feature. It will be removed[32m [repeated 19x across cluster][0m
[36m(ClientAppActor pid=443951)[0m             entirely in future versions of Flower.[32m [repeated 19x across cluster][0m
[92mINFO [0m:      aggregate_fit: received 10 results and 0 failures
INFO:flwr:aggregate_fit: received 10 results and 0 failures
[CascadeRouter] Round 20: 10 clients, 24578 parameters/client
[92mINFO [0m:      configure_evaluate: strategy sampled 10 clients (out of 10)
INFO:flwr:configure_evaluate: strategy sampled 10 clients (out of 10)
[36m(ClientAppActor pid=443951)[0m 
[36m(ClientAppActor pid=443951)[0m         
[36m(ClientAppActor pid=443951)[0m [93mWARNING [0m:   DEPRECATED FEATURE: `client_fn` now expects a signature `def client_fn(context: Context)`.The provided `client_fn` has signature: {'cid': <Parameter "cid: str">}. You can import the `Context` like this: `from flwr.app import Context`
[36m(ClientAppActor pid=443951)[0m             This is a deprecated feature. It will be removed
[36m(ClientAppActor pid=443951)[0m             entirely in future versions of Flower.
[36m(ClientAppActor pid=443955)[0m [93mWARNING [0m:   DEPRECATED FEATURE: `client_fn` now expects a signature `def client_fn(context: Context)`.The provided `client_fn` has signature: {'cid': <Parameter "cid: str">}. You can import the `Context` like this: `from flwr.app import Context`
[36m(ClientAppActor pid=443955)[0m 
[36m(ClientAppActor pid=443955)[0m             This is a deprecated feature. It will be removed
[36m(ClientAppActor pid=443955)[0m             entirely in future versions of Flower.
[36m(ClientAppActor pid=443955)[0m         
[36m(ClientAppActor pid=443951)[0m 
[36m(ClientAppActor pid=443951)[0m         
[36m(ClientAppActor pid=443955)[0m 
[36m(ClientAppActor pid=443955)[0m         
[36m(ClientAppActor pid=443955)[0m 
[36m(ClientAppActor pid=443955)[0m         
[36m(ClientAppActor pid=443951)[0m 
[36m(ClientAppActor pid=443951)[0m         
[36m(ClientAppActor pid=443951)[0m 
[36m(ClientAppActor pid=443951)[0m         
[36m(ClientAppActor pid=443955)[0m 
[36m(ClientAppActor pid=443955)[0m         
[36m(ClientAppActor pid=443951)[0m 
[36m(ClientAppActor pid=443951)[0m         
[36m(ClientAppActor pid=443955)[0m 
[36m(ClientAppActor pid=443955)[0m         
[92mINFO [0m:      aggregate_evaluate: received 10 results and 0 failures
INFO:flwr:aggregate_evaluate: received 10 results and 0 failures
[92mINFO [0m:      
INFO:flwr:
[92mINFO [0m:      [ROUND 21]
INFO:flwr:[ROUND 21]
[92mINFO [0m:      configure_fit: strategy sampled 10 clients (out of 10)
INFO:flwr:configure_fit: strategy sampled 10 clients (out of 10)
[36m(ClientAppActor pid=443951)[0m 
[36m(ClientAppActor pid=443951)[0m         
[36m(ClientAppActor pid=443951)[0m [Client 4] Training on NVIDIA GeForce RTX 3060[32m [repeated 10x across cluster][0m
[36m(ClientAppActor pid=443955)[0m 
[36m(ClientAppActor pid=443955)[0m         
[36m(ClientAppActor pid=443955)[0m 
[36m(ClientAppActor pid=443955)[0m         
[36m(ClientAppActor pid=443951)[0m 
[36m(ClientAppActor pid=443951)[0m         
[36m(ClientAppActor pid=443955)[0m 
[36m(ClientAppActor pid=443955)[0m         
[36m(ClientAppActor pid=443955)[0m 
[36m(ClientAppActor pid=443955)[0m         
[36m(ClientAppActor pid=443955)[0m 
[36m(ClientAppActor pid=443955)[0m         
[36m(ClientAppActor pid=443955)[0m 
[36m(ClientAppActor pid=443955)[0m         
[36m(ClientAppActor pid=443955)[0m [Client 0] Training on NVIDIA GeForce RTX 3060[32m [repeated 8x across cluster][0m
[36m(ClientAppActor pid=443955)[0m 
[36m(ClientAppActor pid=443955)[0m         
[36m(ClientAppActor pid=443955)[0m [93mWARNING [0m:   DEPRECATED FEATURE: `client_fn` now expects a signature `def client_fn(context: Context)`.The provided `client_fn` has signature: {'cid': <Parameter "cid: str">}. You can import the `Context` like this: `from flwr.app import Context`[32m [repeated 17x across cluster][0m
[36m(ClientAppActor pid=443955)[0m             This is a deprecated feature. It will be removed[32m [repeated 17x across cluster][0m
[36m(ClientAppActor pid=443955)[0m             entirely in future versions of Flower.[32m [repeated 17x across cluster][0m
[36m(ClientAppActor pid=443955)[0m 
[36m(ClientAppActor pid=443955)[0m         
[92mINFO [0m:      aggregate_fit: received 10 results and 0 failures
INFO:flwr:aggregate_fit: received 10 results and 0 failures
[CascadeRouter] Round 21: 10 clients, 24578 parameters/client
[92mINFO [0m:      configure_evaluate: strategy sampled 10 clients (out of 10)
INFO:flwr:configure_evaluate: strategy sampled 10 clients (out of 10)
[36m(ClientAppActor pid=443951)[0m 
[36m(ClientAppActor pid=443951)[0m         
[36m(ClientAppActor pid=443951)[0m [93mWARNING [0m:   DEPRECATED FEATURE: `client_fn` now expects a signature `def client_fn(context: Context)`.The provided `client_fn` has signature: {'cid': <Parameter "cid: str">}. You can import the `Context` like this: `from flwr.app import Context`[32m [repeated 2x across cluster][0m
[36m(ClientAppActor pid=443951)[0m             This is a deprecated feature. It will be removed[32m [repeated 2x across cluster][0m
[36m(ClientAppActor pid=443951)[0m             entirely in future versions of Flower.[32m [repeated 2x across cluster][0m
[36m(ClientAppActor pid=443955)[0m 
[36m(ClientAppActor pid=443955)[0m         
[36m(ClientAppActor pid=443951)[0m 
[36m(ClientAppActor pid=443951)[0m         
[36m(ClientAppActor pid=443955)[0m 
[36m(ClientAppActor pid=443955)[0m         
[36m(ClientAppActor pid=443951)[0m 
[36m(ClientAppActor pid=443951)[0m         
[36m(ClientAppActor pid=443955)[0m 
[36m(ClientAppActor pid=443955)[0m         
[36m(ClientAppActor pid=443951)[0m 
[36m(ClientAppActor pid=443951)[0m         
[36m(ClientAppActor pid=443955)[0m 
[36m(ClientAppActor pid=443955)[0m         
[36m(ClientAppActor pid=443951)[0m 
[36m(ClientAppActor pid=443951)[0m         
[36m(ClientAppActor pid=443955)[0m 
[36m(ClientAppActor pid=443955)[0m         
[92mINFO [0m:      aggregate_evaluate: received 10 results and 0 failures
INFO:flwr:aggregate_evaluate: received 10 results and 0 failures
[92mINFO [0m:      
INFO:flwr:
[92mINFO [0m:      [ROUND 22]
INFO:flwr:[ROUND 22]
[92mINFO [0m:      configure_fit: strategy sampled 10 clients (out of 10)
INFO:flwr:configure_fit: strategy sampled 10 clients (out of 10)
[36m(ClientAppActor pid=443951)[0m 
[36m(ClientAppActor pid=443951)[0m         
[36m(ClientAppActor pid=443955)[0m [Client 3] Training on NVIDIA GeForce RTX 3060[32m [repeated 2x across cluster][0m
[36m(ClientAppActor pid=443955)[0m 
[36m(ClientAppActor pid=443955)[0m         
[36m(ClientAppActor pid=443955)[0m 
[36m(ClientAppActor pid=443955)[0m         
[36m(ClientAppActor pid=443955)[0m 
[36m(ClientAppActor pid=443955)[0m         
[36m(ClientAppActor pid=443955)[0m 
[36m(ClientAppActor pid=443955)[0m         
[36m(ClientAppActor pid=443955)[0m 
[36m(ClientAppActor pid=443955)[0m         
[36m(ClientAppActor pid=443955)[0m 
[36m(ClientAppActor pid=443955)[0m         
[36m(ClientAppActor pid=443955)[0m 
[36m(ClientAppActor pid=443955)[0m         
[36m(ClientAppActor pid=443955)[0m [93mWARNING [0m:   DEPRECATED FEATURE: `client_fn` now expects a signature `def client_fn(context: Context)`.The provided `client_fn` has signature: {'cid': <Parameter "cid: str">}. You can import the `Context` like this: `from flwr.app import Context`[32m [repeated 17x across cluster][0m
[36m(ClientAppActor pid=443955)[0m             This is a deprecated feature. It will be removed[32m [repeated 17x across cluster][0m
[36m(ClientAppActor pid=443955)[0m             entirely in future versions of Flower.[32m [repeated 17x across cluster][0m
[36m(ClientAppActor pid=443955)[0m 
[36m(ClientAppActor pid=443955)[0m         
[36m(ClientAppActor pid=443955)[0m [Client 6] Training on NVIDIA GeForce RTX 3060[32m [repeated 9x across cluster][0m
[36m(ClientAppActor pid=443955)[0m 
[36m(ClientAppActor pid=443955)[0m         
[92mINFO [0m:      aggregate_fit: received 10 results and 0 failures
INFO:flwr:aggregate_fit: received 10 results and 0 failures
[CascadeRouter] Round 22: 10 clients, 24578 parameters/client
[92mINFO [0m:      configure_evaluate: strategy sampled 10 clients (out of 10)
INFO:flwr:configure_evaluate: strategy sampled 10 clients (out of 10)
[36m(ClientAppActor pid=443951)[0m 
[36m(ClientAppActor pid=443951)[0m         
[36m(ClientAppActor pid=443951)[0m [93mWARNING [0m:   DEPRECATED FEATURE: `client_fn` now expects a signature `def client_fn(context: Context)`.The provided `client_fn` has signature: {'cid': <Parameter "cid: str">}. You can import the `Context` like this: `from flwr.app import Context`[32m [repeated 3x across cluster][0m
[36m(ClientAppActor pid=443951)[0m             This is a deprecated feature. It will be removed[32m [repeated 3x across cluster][0m
[36m(ClientAppActor pid=443951)[0m             entirely in future versions of Flower.[32m [repeated 3x across cluster][0m
[36m(ClientAppActor pid=443955)[0m 
[36m(ClientAppActor pid=443955)[0m         
[36m(ClientAppActor pid=443951)[0m 
[36m(ClientAppActor pid=443951)[0m         
[36m(ClientAppActor pid=443955)[0m 
[36m(ClientAppActor pid=443955)[0m         
[36m(ClientAppActor pid=443951)[0m 
[36m(ClientAppActor pid=443951)[0m         
[36m(ClientAppActor pid=443955)[0m 
[36m(ClientAppActor pid=443955)[0m         
[36m(ClientAppActor pid=443951)[0m 
[36m(ClientAppActor pid=443951)[0m         
[36m(ClientAppActor pid=443955)[0m 
[36m(ClientAppActor pid=443955)[0m         
[36m(ClientAppActor pid=443951)[0m 
[36m(ClientAppActor pid=443951)[0m         
[36m(ClientAppActor pid=443955)[0m 
[36m(ClientAppActor pid=443955)[0m         
[92mINFO [0m:      aggregate_evaluate: received 10 results and 0 failures
INFO:flwr:aggregate_evaluate: received 10 results and 0 failures
[92mINFO [0m:      
INFO:flwr:
[92mINFO [0m:      [ROUND 23]
INFO:flwr:[ROUND 23]
[92mINFO [0m:      configure_fit: strategy sampled 10 clients (out of 10)
INFO:flwr:configure_fit: strategy sampled 10 clients (out of 10)
[36m(ClientAppActor pid=443955)[0m [Client 2] Training on NVIDIA GeForce RTX 3060
[36m(ClientAppActor pid=443955)[0m 
[36m(ClientAppActor pid=443955)[0m         
[36m(ClientAppActor pid=443951)[0m 
[36m(ClientAppActor pid=443951)[0m         
[36m(ClientAppActor pid=443951)[0m [Client 6] Training on NVIDIA GeForce RTX 3060
[36m(ClientAppActor pid=443955)[0m 
[36m(ClientAppActor pid=443955)[0m         
[36m(ClientAppActor pid=443955)[0m 
[36m(ClientAppActor pid=443955)[0m         
[36m(ClientAppActor pid=443951)[0m 
[36m(ClientAppActor pid=443951)[0m         
[36m(ClientAppActor pid=443951)[0m 
[36m(ClientAppActor pid=443951)[0m         
[36m(ClientAppActor pid=443951)[0m 
[36m(ClientAppActor pid=443951)[0m         
[36m(ClientAppActor pid=443951)[0m 
[36m(ClientAppActor pid=443951)[0m         
[36m(ClientAppActor pid=443951)[0m 
[36m(ClientAppActor pid=443951)[0m         
[36m(ClientAppActor pid=443951)[0m [93mWARNING [0m:   DEPRECATED FEATURE: `client_fn` now expects a signature `def client_fn(context: Context)`.The provided `client_fn` has signature: {'cid': <Parameter "cid: str">}. You can import the `Context` like this: `from flwr.app import Context`[32m [repeated 18x across cluster][0m
[36m(ClientAppActor pid=443951)[0m             This is a deprecated feature. It will be removed[32m [repeated 18x across cluster][0m
[36m(ClientAppActor pid=443951)[0m             entirely in future versions of Flower.[32m [repeated 18x across cluster][0m
[36m(ClientAppActor pid=443951)[0m 
[36m(ClientAppActor pid=443951)[0m         
[92mINFO [0m:      aggregate_fit: received 10 results and 0 failures
INFO:flwr:aggregate_fit: received 10 results and 0 failures
[CascadeRouter] Round 23: 10 clients, 24578 parameters/client
[92mINFO [0m:      configure_evaluate: strategy sampled 10 clients (out of 10)
INFO:flwr:configure_evaluate: strategy sampled 10 clients (out of 10)
[36m(ClientAppActor pid=443955)[0m 
[36m(ClientAppActor pid=443955)[0m         
[36m(ClientAppActor pid=443955)[0m [93mWARNING [0m:   DEPRECATED FEATURE: `client_fn` now expects a signature `def client_fn(context: Context)`.The provided `client_fn` has signature: {'cid': <Parameter "cid: str">}. You can import the `Context` like this: `from flwr.app import Context`[32m [repeated 2x across cluster][0m
[36m(ClientAppActor pid=443955)[0m             This is a deprecated feature. It will be removed[32m [repeated 2x across cluster][0m
[36m(ClientAppActor pid=443955)[0m             entirely in future versions of Flower.[32m [repeated 2x across cluster][0m
[36m(ClientAppActor pid=443951)[0m 
[36m(ClientAppActor pid=443951)[0m         
[36m(ClientAppActor pid=443951)[0m 
[36m(ClientAppActor pid=443951)[0m         
[36m(ClientAppActor pid=443955)[0m 
[36m(ClientAppActor pid=443955)[0m         
[36m(ClientAppActor pid=443951)[0m 
[36m(ClientAppActor pid=443951)[0m         
[36m(ClientAppActor pid=443955)[0m 
[36m(ClientAppActor pid=443955)[0m         
[36m(ClientAppActor pid=443955)[0m 
[36m(ClientAppActor pid=443955)[0m         
[36m(ClientAppActor pid=443951)[0m 
[36m(ClientAppActor pid=443951)[0m         
[36m(ClientAppActor pid=443955)[0m 
[36m(ClientAppActor pid=443955)[0m         
[36m(ClientAppActor pid=443951)[0m 
[36m(ClientAppActor pid=443951)[0m         
[92mINFO [0m:      aggregate_evaluate: received 10 results and 0 failures
INFO:flwr:aggregate_evaluate: received 10 results and 0 failures
[92mINFO [0m:      
INFO:flwr:
[92mINFO [0m:      [ROUND 24]
INFO:flwr:[ROUND 24]
[92mINFO [0m:      configure_fit: strategy sampled 10 clients (out of 10)
INFO:flwr:configure_fit: strategy sampled 10 clients (out of 10)
[36m(ClientAppActor pid=443951)[0m 
[36m(ClientAppActor pid=443951)[0m         
[36m(ClientAppActor pid=443951)[0m [Client 3] Training on NVIDIA GeForce RTX 3060[32m [repeated 9x across cluster][0m
[36m(ClientAppActor pid=443951)[0m 
[36m(ClientAppActor pid=443951)[0m         
[36m(ClientAppActor pid=443955)[0m 
[36m(ClientAppActor pid=443955)[0m         
[36m(ClientAppActor pid=443955)[0m 
[36m(ClientAppActor pid=443955)[0m         
[36m(ClientAppActor pid=443951)[0m 
[36m(ClientAppActor pid=443951)[0m         
[36m(ClientAppActor pid=443951)[0m 
[36m(ClientAppActor pid=443951)[0m         
[36m(ClientAppActor pid=443951)[0m 
[36m(ClientAppActor pid=443951)[0m         
[36m(ClientAppActor pid=443951)[0m 
[36m(ClientAppActor pid=443951)[0m         
[36m(ClientAppActor pid=443951)[0m [93mWARNING [0m:   DEPRECATED FEATURE: `client_fn` now expects a signature `def client_fn(context: Context)`.The provided `client_fn` has signature: {'cid': <Parameter "cid: str">}. You can import the `Context` like this: `from flwr.app import Context`[32m [repeated 17x across cluster][0m
[36m(ClientAppActor pid=443951)[0m             This is a deprecated feature. It will be removed[32m [repeated 17x across cluster][0m
[36m(ClientAppActor pid=443951)[0m             entirely in future versions of Flower.[32m [repeated 17x across cluster][0m
[36m(ClientAppActor pid=443951)[0m 
[36m(ClientAppActor pid=443951)[0m         
[36m(ClientAppActor pid=443951)[0m 
[36m(ClientAppActor pid=443951)[0m         
[36m(ClientAppActor pid=443951)[0m [Client 6] Training on NVIDIA GeForce RTX 3060[32m [repeated 9x across cluster][0m
[92mINFO [0m:      aggregate_fit: received 10 results and 0 failures
INFO:flwr:aggregate_fit: received 10 results and 0 failures
[CascadeRouter] Round 24: 10 clients, 24578 parameters/client
[92mINFO [0m:      configure_evaluate: strategy sampled 10 clients (out of 10)
INFO:flwr:configure_evaluate: strategy sampled 10 clients (out of 10)
[36m(ClientAppActor pid=443955)[0m 
[36m(ClientAppActor pid=443955)[0m         
[36m(ClientAppActor pid=443955)[0m [93mWARNING [0m:   DEPRECATED FEATURE: `client_fn` now expects a signature `def client_fn(context: Context)`.The provided `client_fn` has signature: {'cid': <Parameter "cid: str">}. You can import the `Context` like this: `from flwr.app import Context`[32m [repeated 3x across cluster][0m
[36m(ClientAppActor pid=443955)[0m             This is a deprecated feature. It will be removed[32m [repeated 3x across cluster][0m
[36m(ClientAppActor pid=443955)[0m             entirely in future versions of Flower.[32m [repeated 3x across cluster][0m
[36m(ClientAppActor pid=443951)[0m 
[36m(ClientAppActor pid=443951)[0m         
[36m(ClientAppActor pid=443955)[0m 
[36m(ClientAppActor pid=443955)[0m         
[36m(ClientAppActor pid=443951)[0m 
[36m(ClientAppActor pid=443951)[0m         
[36m(ClientAppActor pid=443955)[0m 
[36m(ClientAppActor pid=443955)[0m         
[36m(ClientAppActor pid=443951)[0m 
[36m(ClientAppActor pid=443951)[0m         
[36m(ClientAppActor pid=443955)[0m 
[36m(ClientAppActor pid=443955)[0m         
[36m(ClientAppActor pid=443951)[0m 
[36m(ClientAppActor pid=443951)[0m         
[36m(ClientAppActor pid=443955)[0m 
[36m(ClientAppActor pid=443955)[0m         
[36m(ClientAppActor pid=443951)[0m 
[36m(ClientAppActor pid=443951)[0m         
[92mINFO [0m:      aggregate_evaluate: received 10 results and 0 failures
INFO:flwr:aggregate_evaluate: received 10 results and 0 failures
[92mINFO [0m:      
INFO:flwr:
[92mINFO [0m:      [ROUND 25]
INFO:flwr:[ROUND 25]
[92mINFO [0m:      configure_fit: strategy sampled 10 clients (out of 10)
INFO:flwr:configure_fit: strategy sampled 10 clients (out of 10)
[36m(ClientAppActor pid=443951)[0m 
[36m(ClientAppActor pid=443951)[0m         
[36m(ClientAppActor pid=443951)[0m [Client 3] Training on NVIDIA GeForce RTX 3060
[36m(ClientAppActor pid=443951)[0m 
[36m(ClientAppActor pid=443951)[0m         
[36m(ClientAppActor pid=443955)[0m [Client 6] Training on NVIDIA GeForce RTX 3060
[36m(ClientAppActor pid=443955)[0m 
[36m(ClientAppActor pid=443955)[0m         
[36m(ClientAppActor pid=443951)[0m 
[36m(ClientAppActor pid=443951)[0m         
[36m(ClientAppActor pid=443955)[0m 
[36m(ClientAppActor pid=443955)[0m         
[36m(ClientAppActor pid=443955)[0m 
[36m(ClientAppActor pid=443955)[0m         
[36m(ClientAppActor pid=443955)[0m 
[36m(ClientAppActor pid=443955)[0m         
[36m(ClientAppActor pid=443955)[0m 
[36m(ClientAppActor pid=443955)[0m         
[36m(ClientAppActor pid=443955)[0m 
[36m(ClientAppActor pid=443955)[0m         
[36m(ClientAppActor pid=443955)[0m [93mWARNING [0m:   DEPRECATED FEATURE: `client_fn` now expects a signature `def client_fn(context: Context)`.The provided `client_fn` has signature: {'cid': <Parameter "cid: str">}. You can import the `Context` like this: `from flwr.app import Context`[32m [repeated 18x across cluster][0m
[36m(ClientAppActor pid=443955)[0m             This is a deprecated feature. It will be removed[32m [repeated 18x across cluster][0m
[36m(ClientAppActor pid=443955)[0m             entirely in future versions of Flower.[32m [repeated 18x across cluster][0m
[36m(ClientAppActor pid=443955)[0m [Client 4] Training on NVIDIA GeForce RTX 3060[32m [repeated 8x across cluster][0m
[36m(ClientAppActor pid=443955)[0m 
[36m(ClientAppActor pid=443955)[0m         
[92mINFO [0m:      aggregate_fit: received 10 results and 0 failures
INFO:flwr:aggregate_fit: received 10 results and 0 failures
[CascadeRouter] Round 25: 10 clients, 24578 parameters/client
[92mINFO [0m:      configure_evaluate: strategy sampled 10 clients (out of 10)
INFO:flwr:configure_evaluate: strategy sampled 10 clients (out of 10)
[36m(ClientAppActor pid=443951)[0m 
[36m(ClientAppActor pid=443951)[0m         
[36m(ClientAppActor pid=443951)[0m [93mWARNING [0m:   DEPRECATED FEATURE: `client_fn` now expects a signature `def client_fn(context: Context)`.The provided `client_fn` has signature: {'cid': <Parameter "cid: str">}. You can import the `Context` like this: `from flwr.app import Context`[32m [repeated 2x across cluster][0m
[36m(ClientAppActor pid=443951)[0m             This is a deprecated feature. It will be removed[32m [repeated 2x across cluster][0m
[36m(ClientAppActor pid=443951)[0m             entirely in future versions of Flower.[32m [repeated 2x across cluster][0m
[36m(ClientAppActor pid=443955)[0m 
[36m(ClientAppActor pid=443955)[0m         
[36m(ClientAppActor pid=443951)[0m 
[36m(ClientAppActor pid=443951)[0m         
[36m(ClientAppActor pid=443955)[0m 
[36m(ClientAppActor pid=443955)[0m         
[36m(ClientAppActor pid=443951)[0m 
[36m(ClientAppActor pid=443951)[0m         
[36m(ClientAppActor pid=443955)[0m 
[36m(ClientAppActor pid=443955)[0m         
[36m(ClientAppActor pid=443951)[0m 
[36m(ClientAppActor pid=443951)[0m         
[36m(ClientAppActor pid=443955)[0m 
[36m(ClientAppActor pid=443955)[0m         
[36m(ClientAppActor pid=443951)[0m 
[36m(ClientAppActor pid=443951)[0m         
[36m(ClientAppActor pid=443955)[0m 
[36m(ClientAppActor pid=443955)[0m         
[92mINFO [0m:      aggregate_evaluate: received 10 results and 0 failures
INFO:flwr:aggregate_evaluate: received 10 results and 0 failures
[92mINFO [0m:      
INFO:flwr:
[92mINFO [0m:      [ROUND 26]
INFO:flwr:[ROUND 26]
[92mINFO [0m:      configure_fit: strategy sampled 10 clients (out of 10)
INFO:flwr:configure_fit: strategy sampled 10 clients (out of 10)
[36m(ClientAppActor pid=443951)[0m 
[36m(ClientAppActor pid=443951)[0m         
[36m(ClientAppActor pid=443955)[0m [Client 2] Training on NVIDIA GeForce RTX 3060
[36m(ClientAppActor pid=443955)[0m 
[36m(ClientAppActor pid=443955)[0m         
[36m(ClientAppActor pid=443951)[0m [Client 5] Training on NVIDIA GeForce RTX 3060
[36m(ClientAppActor pid=443951)[0m 
[36m(ClientAppActor pid=443951)[0m         
[36m(ClientAppActor pid=443951)[0m [Client 6] Training on NVIDIA GeForce RTX 3060
[36m(ClientAppActor pid=443955)[0m 
[36m(ClientAppActor pid=443955)[0m         
[36m(ClientAppActor pid=443955)[0m 
[36m(ClientAppActor pid=443955)[0m         
[36m(ClientAppActor pid=443951)[0m 
[36m(ClientAppActor pid=443951)[0m         
[36m(ClientAppActor pid=443955)[0m 
[36m(ClientAppActor pid=443955)[0m         
[36m(ClientAppActor pid=443955)[0m 
[36m(ClientAppActor pid=443955)[0m         
[36m(ClientAppActor pid=443955)[0m [93mWARNING [0m:   DEPRECATED FEATURE: `client_fn` now expects a signature `def client_fn(context: Context)`.The provided `client_fn` has signature: {'cid': <Parameter "cid: str">}. You can import the `Context` like this: `from flwr.app import Context`[32m [repeated 17x across cluster][0m
[36m(ClientAppActor pid=443955)[0m             This is a deprecated feature. It will be removed[32m [repeated 17x across cluster][0m
[36m(ClientAppActor pid=443955)[0m             entirely in future versions of Flower.[32m [repeated 17x across cluster][0m
[36m(ClientAppActor pid=443955)[0m 
[36m(ClientAppActor pid=443955)[0m         
[36m(ClientAppActor pid=443955)[0m [Client 9] Training on NVIDIA GeForce RTX 3060[32m [repeated 7x across cluster][0m
[36m(ClientAppActor pid=443955)[0m 
[36m(ClientAppActor pid=443955)[0m         
[92mINFO [0m:      aggregate_fit: received 10 results and 0 failures
INFO:flwr:aggregate_fit: received 10 results and 0 failures
[CascadeRouter] Round 26: 10 clients, 24578 parameters/client
[92mINFO [0m:      configure_evaluate: strategy sampled 10 clients (out of 10)
INFO:flwr:configure_evaluate: strategy sampled 10 clients (out of 10)
[36m(ClientAppActor pid=443951)[0m 
[36m(ClientAppActor pid=443951)[0m         
[36m(ClientAppActor pid=443951)[0m [93mWARNING [0m:   DEPRECATED FEATURE: `client_fn` now expects a signature `def client_fn(context: Context)`.The provided `client_fn` has signature: {'cid': <Parameter "cid: str">}. You can import the `Context` like this: `from flwr.app import Context`[32m [repeated 3x across cluster][0m
[36m(ClientAppActor pid=443951)[0m             This is a deprecated feature. It will be removed[32m [repeated 3x across cluster][0m
[36m(ClientAppActor pid=443951)[0m             entirely in future versions of Flower.[32m [repeated 3x across cluster][0m
[36m(ClientAppActor pid=443955)[0m 
[36m(ClientAppActor pid=443955)[0m         
[36m(ClientAppActor pid=443951)[0m 
[36m(ClientAppActor pid=443951)[0m         
[36m(ClientAppActor pid=443955)[0m 
[36m(ClientAppActor pid=443955)[0m         
[36m(ClientAppActor pid=443951)[0m 
[36m(ClientAppActor pid=443951)[0m         
[36m(ClientAppActor pid=443955)[0m 
[36m(ClientAppActor pid=443955)[0m         
[36m(ClientAppActor pid=443951)[0m 
[36m(ClientAppActor pid=443951)[0m         
[36m(ClientAppActor pid=443955)[0m 
[36m(ClientAppActor pid=443955)[0m         
[36m(ClientAppActor pid=443951)[0m 
[36m(ClientAppActor pid=443951)[0m         
[36m(ClientAppActor pid=443955)[0m 
[36m(ClientAppActor pid=443955)[0m         
[92mINFO [0m:      aggregate_evaluate: received 10 results and 0 failures
INFO:flwr:aggregate_evaluate: received 10 results and 0 failures
[92mINFO [0m:      
INFO:flwr:
[92mINFO [0m:      [ROUND 27]
INFO:flwr:[ROUND 27]
[92mINFO [0m:      configure_fit: strategy sampled 10 clients (out of 10)
INFO:flwr:configure_fit: strategy sampled 10 clients (out of 10)
[36m(ClientAppActor pid=443955)[0m [Client 7] Training on NVIDIA GeForce RTX 3060
[36m(ClientAppActor pid=443955)[0m 
[36m(ClientAppActor pid=443955)[0m         
[36m(ClientAppActor pid=443951)[0m 
[36m(ClientAppActor pid=443951)[0m         
[36m(ClientAppActor pid=443951)[0m [Client 1] Training on NVIDIA GeForce RTX 3060
[36m(ClientAppActor pid=443951)[0m 
[36m(ClientAppActor pid=443951)[0m         
[36m(ClientAppActor pid=443951)[0m [Client 4] Training on NVIDIA GeForce RTX 3060
[36m(ClientAppActor pid=443951)[0m 
[36m(ClientAppActor pid=443951)[0m         
[36m(ClientAppActor pid=443951)[0m [Client 5] Training on NVIDIA GeForce RTX 3060
[36m(ClientAppActor pid=443951)[0m 
[36m(ClientAppActor pid=443951)[0m         
[36m(ClientAppActor pid=443951)[0m [Client 8] Training on NVIDIA GeForce RTX 3060
[36m(ClientAppActor pid=443951)[0m 
[36m(ClientAppActor pid=443951)[0m         
[36m(ClientAppActor pid=443951)[0m [93mWARNING [0m:   DEPRECATED FEATURE: `client_fn` now expects a signature `def client_fn(context: Context)`.The provided `client_fn` has signature: {'cid': <Parameter "cid: str">}. You can import the `Context` like this: `from flwr.app import Context`[32m [repeated 15x across cluster][0m
[36m(ClientAppActor pid=443951)[0m             This is a deprecated feature. It will be removed[32m [repeated 15x across cluster][0m
[36m(ClientAppActor pid=443951)[0m             entirely in future versions of Flower.[32m [repeated 15x across cluster][0m
[36m(ClientAppActor pid=443951)[0m [Client 2] Training on NVIDIA GeForce RTX 3060
[36m(ClientAppActor pid=443951)[0m 
[36m(ClientAppActor pid=443951)[0m         
[36m(ClientAppActor pid=443951)[0m [Client 9] Training on NVIDIA GeForce RTX 3060
[36m(ClientAppActor pid=443951)[0m 
[36m(ClientAppActor pid=443951)[0m         
[36m(ClientAppActor pid=443951)[0m [Client 0] Training on NVIDIA GeForce RTX 3060
[36m(ClientAppActor pid=443951)[0m 
[36m(ClientAppActor pid=443951)[0m         
[36m(ClientAppActor pid=443951)[0m [Client 3] Training on NVIDIA GeForce RTX 3060
[36m(ClientAppActor pid=443951)[0m 
[36m(ClientAppActor pid=443951)[0m         
[36m(ClientAppActor pid=443951)[0m [Client 6] Training on NVIDIA GeForce RTX 3060
[92mINFO [0m:      aggregate_fit: received 10 results and 0 failures
INFO:flwr:aggregate_fit: received 10 results and 0 failures
[CascadeRouter] Round 27: 10 clients, 24578 parameters/client
[92mINFO [0m:      configure_evaluate: strategy sampled 10 clients (out of 10)
INFO:flwr:configure_evaluate: strategy sampled 10 clients (out of 10)
[36m(ClientAppActor pid=443955)[0m 
[36m(ClientAppActor pid=443955)[0m         
[36m(ClientAppActor pid=443955)[0m [93mWARNING [0m:   DEPRECATED FEATURE: `client_fn` now expects a signature `def client_fn(context: Context)`.The provided `client_fn` has signature: {'cid': <Parameter "cid: str">}. You can import the `Context` like this: `from flwr.app import Context`[32m [repeated 5x across cluster][0m
[36m(ClientAppActor pid=443955)[0m             This is a deprecated feature. It will be removed[32m [repeated 5x across cluster][0m
[36m(ClientAppActor pid=443955)[0m             entirely in future versions of Flower.[32m [repeated 5x across cluster][0m
[36m(ClientAppActor pid=443951)[0m 
[36m(ClientAppActor pid=443951)[0m         
[36m(ClientAppActor pid=443951)[0m 
[36m(ClientAppActor pid=443951)[0m         
[36m(ClientAppActor pid=443955)[0m 
[36m(ClientAppActor pid=443955)[0m         
[36m(ClientAppActor pid=443955)[0m 
[36m(ClientAppActor pid=443955)[0m         
[36m(ClientAppActor pid=443951)[0m 
[36m(ClientAppActor pid=443951)[0m         
[36m(ClientAppActor pid=443955)[0m 
[36m(ClientAppActor pid=443955)[0m         
[36m(ClientAppActor pid=443951)[0m 
[36m(ClientAppActor pid=443951)[0m         
[36m(ClientAppActor pid=443955)[0m 
[36m(ClientAppActor pid=443955)[0m         
[36m(ClientAppActor pid=443951)[0m 
[36m(ClientAppActor pid=443951)[0m         
[92mINFO [0m:      aggregate_evaluate: received 10 results and 0 failures
INFO:flwr:aggregate_evaluate: received 10 results and 0 failures
[92mINFO [0m:      
INFO:flwr:
[92mINFO [0m:      [ROUND 28]
INFO:flwr:[ROUND 28]
[92mINFO [0m:      configure_fit: strategy sampled 10 clients (out of 10)
INFO:flwr:configure_fit: strategy sampled 10 clients (out of 10)
[36m(ClientAppActor pid=443951)[0m 
[36m(ClientAppActor pid=443951)[0m         
[36m(ClientAppActor pid=443955)[0m [Client 2] Training on NVIDIA GeForce RTX 3060
[36m(ClientAppActor pid=443955)[0m 
[36m(ClientAppActor pid=443955)[0m         
[36m(ClientAppActor pid=443951)[0m [Client 6] Training on NVIDIA GeForce RTX 3060
[36m(ClientAppActor pid=443955)[0m 
[36m(ClientAppActor pid=443955)[0m         
[36m(ClientAppActor pid=443951)[0m 
[36m(ClientAppActor pid=443951)[0m         
[36m(ClientAppActor pid=443951)[0m 
[36m(ClientAppActor pid=443951)[0m         
[36m(ClientAppActor pid=443951)[0m 
[36m(ClientAppActor pid=443951)[0m         
[36m(ClientAppActor pid=443951)[0m 
[36m(ClientAppActor pid=443951)[0m         
[36m(ClientAppActor pid=443951)[0m 
[36m(ClientAppActor pid=443951)[0m         
[36m(ClientAppActor pid=443951)[0m [93mWARNING [0m:   DEPRECATED FEATURE: `client_fn` now expects a signature `def client_fn(context: Context)`.The provided `client_fn` has signature: {'cid': <Parameter "cid: str">}. You can import the `Context` like this: `from flwr.app import Context`[32m [repeated 17x across cluster][0m
[36m(ClientAppActor pid=443951)[0m             This is a deprecated feature. It will be removed[32m [repeated 17x across cluster][0m
[36m(ClientAppActor pid=443951)[0m             entirely in future versions of Flower.[32m [repeated 17x across cluster][0m
[36m(ClientAppActor pid=443951)[0m 
[36m(ClientAppActor pid=443951)[0m         
[36m(ClientAppActor pid=443951)[0m 
[36m(ClientAppActor pid=443951)[0m         
[36m(ClientAppActor pid=443951)[0m [Client 5] Training on NVIDIA GeForce RTX 3060[32m [repeated 8x across cluster][0m
[92mINFO [0m:      aggregate_fit: received 10 results and 0 failures
INFO:flwr:aggregate_fit: received 10 results and 0 failures
[CascadeRouter] Round 28: 10 clients, 24578 parameters/client
[92mINFO [0m:      configure_evaluate: strategy sampled 10 clients (out of 10)
INFO:flwr:configure_evaluate: strategy sampled 10 clients (out of 10)
[36m(ClientAppActor pid=443955)[0m 
[36m(ClientAppActor pid=443955)[0m         
[36m(ClientAppActor pid=443955)[0m [93mWARNING [0m:   DEPRECATED FEATURE: `client_fn` now expects a signature `def client_fn(context: Context)`.The provided `client_fn` has signature: {'cid': <Parameter "cid: str">}. You can import the `Context` like this: `from flwr.app import Context`[32m [repeated 3x across cluster][0m
[36m(ClientAppActor pid=443955)[0m             This is a deprecated feature. It will be removed[32m [repeated 3x across cluster][0m
[36m(ClientAppActor pid=443955)[0m             entirely in future versions of Flower.[32m [repeated 3x across cluster][0m
[36m(ClientAppActor pid=443951)[0m 
[36m(ClientAppActor pid=443951)[0m         
[36m(ClientAppActor pid=443955)[0m 
[36m(ClientAppActor pid=443955)[0m         
[36m(ClientAppActor pid=443951)[0m 
[36m(ClientAppActor pid=443951)[0m         
[36m(ClientAppActor pid=443955)[0m 
[36m(ClientAppActor pid=443955)[0m         
[36m(ClientAppActor pid=443951)[0m 
[36m(ClientAppActor pid=443951)[0m         
[36m(ClientAppActor pid=443951)[0m 
[36m(ClientAppActor pid=443951)[0m         
[36m(ClientAppActor pid=443955)[0m 
[36m(ClientAppActor pid=443955)[0m         
[36m(ClientAppActor pid=443951)[0m 
[36m(ClientAppActor pid=443951)[0m         
[36m(ClientAppActor pid=443955)[0m 
[36m(ClientAppActor pid=443955)[0m         
[92mINFO [0m:      aggregate_evaluate: received 10 results and 0 failures
INFO:flwr:aggregate_evaluate: received 10 results and 0 failures
[92mINFO [0m:      
INFO:flwr:
[92mINFO [0m:      [ROUND 29]
INFO:flwr:[ROUND 29]
[92mINFO [0m:      configure_fit: strategy sampled 10 clients (out of 10)
INFO:flwr:configure_fit: strategy sampled 10 clients (out of 10)
[36m(ClientAppActor pid=443951)[0m 
[36m(ClientAppActor pid=443951)[0m         
[36m(ClientAppActor pid=443951)[0m [Client 2] Training on NVIDIA GeForce RTX 3060
[36m(ClientAppActor pid=443955)[0m [Client 1] Training on NVIDIA GeForce RTX 3060
[36m(ClientAppActor pid=443955)[0m 
[36m(ClientAppActor pid=443955)[0m         
[36m(ClientAppActor pid=443955)[0m [Client 8] Training on NVIDIA GeForce RTX 3060
[36m(ClientAppActor pid=443955)[0m 
[36m(ClientAppActor pid=443955)[0m         
[36m(ClientAppActor pid=443951)[0m 
[36m(ClientAppActor pid=443951)[0m         
[36m(ClientAppActor pid=443951)[0m 
[36m(ClientAppActor pid=443951)[0m         
[36m(ClientAppActor pid=443955)[0m 
[36m(ClientAppActor pid=443955)[0m         
[36m(ClientAppActor pid=443955)[0m 
[36m(ClientAppActor pid=443955)[0m         
[36m(ClientAppActor pid=443955)[0m [93mWARNING [0m:   DEPRECATED FEATURE: `client_fn` now expects a signature `def client_fn(context: Context)`.The provided `client_fn` has signature: {'cid': <Parameter "cid: str">}. You can import the `Context` like this: `from flwr.app import Context`[32m [repeated 16x across cluster][0m
[36m(ClientAppActor pid=443955)[0m             This is a deprecated feature. It will be removed[32m [repeated 16x across cluster][0m
[36m(ClientAppActor pid=443955)[0m             entirely in future versions of Flower.[32m [repeated 16x across cluster][0m
[36m(ClientAppActor pid=443955)[0m 
[36m(ClientAppActor pid=443955)[0m         
[36m(ClientAppActor pid=443955)[0m [Client 4] Training on NVIDIA GeForce RTX 3060[32m [repeated 6x across cluster][0m
[36m(ClientAppActor pid=443955)[0m 
[36m(ClientAppActor pid=443955)[0m         
[36m(ClientAppActor pid=443955)[0m 
[36m(ClientAppActor pid=443955)[0m         
[92mINFO [0m:      aggregate_fit: received 10 results and 0 failures
INFO:flwr:aggregate_fit: received 10 results and 0 failures
[CascadeRouter] Round 29: 10 clients, 24578 parameters/client
[92mINFO [0m:      configure_evaluate: strategy sampled 10 clients (out of 10)
INFO:flwr:configure_evaluate: strategy sampled 10 clients (out of 10)
[36m(ClientAppActor pid=443951)[0m 
[36m(ClientAppActor pid=443951)[0m         
[36m(ClientAppActor pid=443951)[0m [93mWARNING [0m:   DEPRECATED FEATURE: `client_fn` now expects a signature `def client_fn(context: Context)`.The provided `client_fn` has signature: {'cid': <Parameter "cid: str">}. You can import the `Context` like this: `from flwr.app import Context`[32m [repeated 4x across cluster][0m
[36m(ClientAppActor pid=443951)[0m             This is a deprecated feature. It will be removed[32m [repeated 4x across cluster][0m
[36m(ClientAppActor pid=443951)[0m             entirely in future versions of Flower.[32m [repeated 4x across cluster][0m
[36m(ClientAppActor pid=443955)[0m 
[36m(ClientAppActor pid=443955)[0m         
[36m(ClientAppActor pid=443951)[0m 
[36m(ClientAppActor pid=443951)[0m         
[36m(ClientAppActor pid=443955)[0m 
[36m(ClientAppActor pid=443955)[0m         
[36m(ClientAppActor pid=443951)[0m 
[36m(ClientAppActor pid=443951)[0m         
[36m(ClientAppActor pid=443955)[0m 
[36m(ClientAppActor pid=443955)[0m         
[36m(ClientAppActor pid=443951)[0m 
[36m(ClientAppActor pid=443951)[0m         
[36m(ClientAppActor pid=443955)[0m 
[36m(ClientAppActor pid=443955)[0m         
[36m(ClientAppActor pid=443951)[0m 
[36m(ClientAppActor pid=443951)[0m         
[36m(ClientAppActor pid=443955)[0m 
[36m(ClientAppActor pid=443955)[0m         
[92mINFO [0m:      aggregate_evaluate: received 10 results and 0 failures
INFO:flwr:aggregate_evaluate: received 10 results and 0 failures
[92mINFO [0m:      
INFO:flwr:
[92mINFO [0m:      [ROUND 30]
INFO:flwr:[ROUND 30]
[92mINFO [0m:      configure_fit: strategy sampled 10 clients (out of 10)
INFO:flwr:configure_fit: strategy sampled 10 clients (out of 10)
[36m(ClientAppActor pid=443955)[0m [Client 6] Training on NVIDIA GeForce RTX 3060[32m [repeated 2x across cluster][0m
[36m(ClientAppActor pid=443955)[0m 
[36m(ClientAppActor pid=443955)[0m         
[36m(ClientAppActor pid=443951)[0m 
[36m(ClientAppActor pid=443951)[0m         
[36m(ClientAppActor pid=443951)[0m 
[36m(ClientAppActor pid=443951)[0m         
[36m(ClientAppActor pid=443951)[0m 
[36m(ClientAppActor pid=443951)[0m         
[36m(ClientAppActor pid=443955)[0m 
[36m(ClientAppActor pid=443955)[0m         
[36m(ClientAppActor pid=443955)[0m 
[36m(ClientAppActor pid=443955)[0m         
[36m(ClientAppActor pid=443955)[0m 
[36m(ClientAppActor pid=443955)[0m         
[36m(ClientAppActor pid=443951)[0m 
[36m(ClientAppActor pid=443951)[0m         
[36m(ClientAppActor pid=443955)[0m 
[36m(ClientAppActor pid=443955)[0m         
[36m(ClientAppActor pid=443951)[0m 
[36m(ClientAppActor pid=443951)[0m         
[36m(ClientAppActor pid=443951)[0m [93mWARNING [0m:   DEPRECATED FEATURE: `client_fn` now expects a signature `def client_fn(context: Context)`.The provided `client_fn` has signature: {'cid': <Parameter "cid: str">}. You can import the `Context` like this: `from flwr.app import Context`[32m [repeated 19x across cluster][0m
[36m(ClientAppActor pid=443951)[0m             This is a deprecated feature. It will be removed[32m [repeated 19x across cluster][0m
[36m(ClientAppActor pid=443951)[0m             entirely in future versions of Flower.[32m [repeated 19x across cluster][0m
[92mINFO [0m:      aggregate_fit: received 10 results and 0 failures
INFO:flwr:aggregate_fit: received 10 results and 0 failures
[CascadeRouter] Round 30: 10 clients, 24578 parameters/client
[92mINFO [0m:      configure_evaluate: strategy sampled 10 clients (out of 10)
INFO:flwr:configure_evaluate: strategy sampled 10 clients (out of 10)
[36m(ClientAppActor pid=443955)[0m 
[36m(ClientAppActor pid=443955)[0m         
[36m(ClientAppActor pid=443955)[0m [93mWARNING [0m:   DEPRECATED FEATURE: `client_fn` now expects a signature `def client_fn(context: Context)`.The provided `client_fn` has signature: {'cid': <Parameter "cid: str">}. You can import the `Context` like this: `from flwr.app import Context`
[36m(ClientAppActor pid=443955)[0m             This is a deprecated feature. It will be removed
[36m(ClientAppActor pid=443955)[0m             entirely in future versions of Flower.
[36m(ClientAppActor pid=443951)[0m [93mWARNING [0m:   DEPRECATED FEATURE: `client_fn` now expects a signature `def client_fn(context: Context)`.The provided `client_fn` has signature: {'cid': <Parameter "cid: str">}. You can import the `Context` like this: `from flwr.app import Context`
[36m(ClientAppActor pid=443951)[0m 
[36m(ClientAppActor pid=443951)[0m             This is a deprecated feature. It will be removed
[36m(ClientAppActor pid=443951)[0m             entirely in future versions of Flower.
[36m(ClientAppActor pid=443951)[0m         
[36m(ClientAppActor pid=443955)[0m 
[36m(ClientAppActor pid=443955)[0m         
[36m(ClientAppActor pid=443951)[0m 
[36m(ClientAppActor pid=443951)[0m         
[36m(ClientAppActor pid=443951)[0m 
[36m(ClientAppActor pid=443951)[0m         
[36m(ClientAppActor pid=443955)[0m 
[36m(ClientAppActor pid=443955)[0m         
[36m(ClientAppActor pid=443951)[0m 
[36m(ClientAppActor pid=443951)[0m         
[36m(ClientAppActor pid=443955)[0m 
[36m(ClientAppActor pid=443955)[0m         
[36m(ClientAppActor pid=443951)[0m 
[36m(ClientAppActor pid=443951)[0m         
[36m(ClientAppActor pid=443955)[0m 
[36m(ClientAppActor pid=443955)[0m         
[92mINFO [0m:      aggregate_evaluate: received 10 results and 0 failures
INFO:flwr:aggregate_evaluate: received 10 results and 0 failures
[92mINFO [0m:      
INFO:flwr:
[92mINFO [0m:      [ROUND 31]
INFO:flwr:[ROUND 31]
[92mINFO [0m:      configure_fit: strategy sampled 10 clients (out of 10)
INFO:flwr:configure_fit: strategy sampled 10 clients (out of 10)
[36m(ClientAppActor pid=443951)[0m 
[36m(ClientAppActor pid=443951)[0m         
[36m(ClientAppActor pid=443951)[0m [Client 4] Training on NVIDIA GeForce RTX 3060[32m [repeated 10x across cluster][0m
[36m(ClientAppActor pid=443955)[0m 
[36m(ClientAppActor pid=443955)[0m         
[36m(ClientAppActor pid=443951)[0m 
[36m(ClientAppActor pid=443951)[0m         
[36m(ClientAppActor pid=443951)[0m 
[36m(ClientAppActor pid=443951)[0m         
[36m(ClientAppActor pid=443951)[0m 
[36m(ClientAppActor pid=443951)[0m         
[36m(ClientAppActor pid=443951)[0m 
[36m(ClientAppActor pid=443951)[0m         
[36m(ClientAppActor pid=443951)[0m 
[36m(ClientAppActor pid=443951)[0m         
[36m(ClientAppActor pid=443951)[0m [93mWARNING [0m:   DEPRECATED FEATURE: `client_fn` now expects a signature `def client_fn(context: Context)`.The provided `client_fn` has signature: {'cid': <Parameter "cid: str">}. You can import the `Context` like this: `from flwr.app import Context`[32m [repeated 15x across cluster][0m
[36m(ClientAppActor pid=443951)[0m             This is a deprecated feature. It will be removed[32m [repeated 15x across cluster][0m
[36m(ClientAppActor pid=443951)[0m             entirely in future versions of Flower.[32m [repeated 15x across cluster][0m
[36m(ClientAppActor pid=443951)[0m 
[36m(ClientAppActor pid=443951)[0m         
[36m(ClientAppActor pid=443951)[0m [Client 9] Training on NVIDIA GeForce RTX 3060[32m [repeated 7x across cluster][0m
[36m(ClientAppActor pid=443951)[0m 
[36m(ClientAppActor pid=443951)[0m         
[36m(ClientAppActor pid=443951)[0m 
[36m(ClientAppActor pid=443951)[0m         
[92mINFO [0m:      aggregate_fit: received 10 results and 0 failures
INFO:flwr:aggregate_fit: received 10 results and 0 failures
[CascadeRouter] Round 31: 10 clients, 24578 parameters/client
[92mINFO [0m:      configure_evaluate: strategy sampled 10 clients (out of 10)
INFO:flwr:configure_evaluate: strategy sampled 10 clients (out of 10)
[36m(ClientAppActor pid=443951)[0m 
[36m(ClientAppActor pid=443951)[0m         
[36m(ClientAppActor pid=443951)[0m [93mWARNING [0m:   DEPRECATED FEATURE: `client_fn` now expects a signature `def client_fn(context: Context)`.The provided `client_fn` has signature: {'cid': <Parameter "cid: str">}. You can import the `Context` like this: `from flwr.app import Context`[32m [repeated 4x across cluster][0m
[36m(ClientAppActor pid=443951)[0m             This is a deprecated feature. It will be removed[32m [repeated 4x across cluster][0m
[36m(ClientAppActor pid=443951)[0m             entirely in future versions of Flower.[32m [repeated 4x across cluster][0m
[36m(ClientAppActor pid=443955)[0m 
[36m(ClientAppActor pid=443955)[0m         
[36m(ClientAppActor pid=443955)[0m 
[36m(ClientAppActor pid=443955)[0m         
[36m(ClientAppActor pid=443951)[0m 
[36m(ClientAppActor pid=443951)[0m         
[36m(ClientAppActor pid=443955)[0m 
[36m(ClientAppActor pid=443955)[0m         
[36m(ClientAppActor pid=443951)[0m 
[36m(ClientAppActor pid=443951)[0m         
[36m(ClientAppActor pid=443951)[0m 
[36m(ClientAppActor pid=443951)[0m         
[36m(ClientAppActor pid=443955)[0m 
[36m(ClientAppActor pid=443955)[0m         
[36m(ClientAppActor pid=443955)[0m 
[36m(ClientAppActor pid=443955)[0m         
[36m(ClientAppActor pid=443951)[0m 
[36m(ClientAppActor pid=443951)[0m         
[92mINFO [0m:      aggregate_evaluate: received 10 results and 0 failures
INFO:flwr:aggregate_evaluate: received 10 results and 0 failures
[92mINFO [0m:      
INFO:flwr:
[92mINFO [0m:      [ROUND 32]
INFO:flwr:[ROUND 32]
[92mINFO [0m:      configure_fit: strategy sampled 10 clients (out of 10)
INFO:flwr:configure_fit: strategy sampled 10 clients (out of 10)
[36m(ClientAppActor pid=443951)[0m 
[36m(ClientAppActor pid=443951)[0m         
[36m(ClientAppActor pid=443951)[0m [Client 4] Training on NVIDIA GeForce RTX 3060[32m [repeated 3x across cluster][0m
[36m(ClientAppActor pid=443955)[0m 
[36m(ClientAppActor pid=443955)[0m         
[36m(ClientAppActor pid=443951)[0m 
[36m(ClientAppActor pid=443951)[0m         
[36m(ClientAppActor pid=443951)[0m 
[36m(ClientAppActor pid=443951)[0m         
[36m(ClientAppActor pid=443955)[0m 
[36m(ClientAppActor pid=443955)[0m         
[36m(ClientAppActor pid=443951)[0m 
[36m(ClientAppActor pid=443951)[0m         
[36m(ClientAppActor pid=443951)[0m 
[36m(ClientAppActor pid=443951)[0m         
[36m(ClientAppActor pid=443955)[0m 
[36m(ClientAppActor pid=443955)[0m         
[36m(ClientAppActor pid=443955)[0m 
[36m(ClientAppActor pid=443955)[0m         
[36m(ClientAppActor pid=443955)[0m [93mWARNING [0m:   DEPRECATED FEATURE: `client_fn` now expects a signature `def client_fn(context: Context)`.The provided `client_fn` has signature: {'cid': <Parameter "cid: str">}. You can import the `Context` like this: `from flwr.app import Context`[32m [repeated 18x across cluster][0m
[36m(ClientAppActor pid=443955)[0m             This is a deprecated feature. It will be removed[32m [repeated 18x across cluster][0m
[36m(ClientAppActor pid=443955)[0m             entirely in future versions of Flower.[32m [repeated 18x across cluster][0m
[36m(ClientAppActor pid=443955)[0m 
[36m(ClientAppActor pid=443955)[0m         
[92mINFO [0m:      aggregate_fit: received 10 results and 0 failures
INFO:flwr:aggregate_fit: received 10 results and 0 failures
[CascadeRouter] Round 32: 10 clients, 24578 parameters/client
[92mINFO [0m:      configure_evaluate: strategy sampled 10 clients (out of 10)
INFO:flwr:configure_evaluate: strategy sampled 10 clients (out of 10)
[36m(ClientAppActor pid=443951)[0m 
[36m(ClientAppActor pid=443951)[0m         
[36m(ClientAppActor pid=443951)[0m [93mWARNING [0m:   DEPRECATED FEATURE: `client_fn` now expects a signature `def client_fn(context: Context)`.The provided `client_fn` has signature: {'cid': <Parameter "cid: str">}. You can import the `Context` like this: `from flwr.app import Context`[32m [repeated 2x across cluster][0m
[36m(ClientAppActor pid=443951)[0m             This is a deprecated feature. It will be removed[32m [repeated 2x across cluster][0m
[36m(ClientAppActor pid=443951)[0m             entirely in future versions of Flower.[32m [repeated 2x across cluster][0m
[36m(ClientAppActor pid=443955)[0m 
[36m(ClientAppActor pid=443955)[0m         
[36m(ClientAppActor pid=443951)[0m 
[36m(ClientAppActor pid=443951)[0m         
[36m(ClientAppActor pid=443955)[0m 
[36m(ClientAppActor pid=443955)[0m         
[36m(ClientAppActor pid=443951)[0m 
[36m(ClientAppActor pid=443951)[0m         
[36m(ClientAppActor pid=443955)[0m 
[36m(ClientAppActor pid=443955)[0m         
[36m(ClientAppActor pid=443951)[0m 
[36m(ClientAppActor pid=443951)[0m         
[36m(ClientAppActor pid=443955)[0m 
[36m(ClientAppActor pid=443955)[0m         
[36m(ClientAppActor pid=443951)[0m 
[36m(ClientAppActor pid=443951)[0m         
[36m(ClientAppActor pid=443955)[0m 
[36m(ClientAppActor pid=443955)[0m         
[92mINFO [0m:      aggregate_evaluate: received 10 results and 0 failures
INFO:flwr:aggregate_evaluate: received 10 results and 0 failures
[92mINFO [0m:      
INFO:flwr:
[92mINFO [0m:      [ROUND 33]
INFO:flwr:[ROUND 33]
[92mINFO [0m:      configure_fit: strategy sampled 10 clients (out of 10)
INFO:flwr:configure_fit: strategy sampled 10 clients (out of 10)
[36m(ClientAppActor pid=443951)[0m 
[36m(ClientAppActor pid=443951)[0m         
[36m(ClientAppActor pid=443955)[0m [Client 5] Training on NVIDIA GeForce RTX 3060[32m [repeated 10x across cluster][0m
[36m(ClientAppActor pid=443955)[0m 
[36m(ClientAppActor pid=443955)[0m         
[36m(ClientAppActor pid=443955)[0m 
[36m(ClientAppActor pid=443955)[0m         
[36m(ClientAppActor pid=443951)[0m 
[36m(ClientAppActor pid=443951)[0m         
[36m(ClientAppActor pid=443955)[0m 
[36m(ClientAppActor pid=443955)[0m         
[36m(ClientAppActor pid=443951)[0m 
[36m(ClientAppActor pid=443951)[0m         
[36m(ClientAppActor pid=443955)[0m 
[36m(ClientAppActor pid=443955)[0m         
[36m(ClientAppActor pid=443955)[0m 
[36m(ClientAppActor pid=443955)[0m         
[36m(ClientAppActor pid=443951)[0m 
[36m(ClientAppActor pid=443951)[0m         
[36m(ClientAppActor pid=443951)[0m [93mWARNING [0m:   DEPRECATED FEATURE: `client_fn` now expects a signature `def client_fn(context: Context)`.The provided `client_fn` has signature: {'cid': <Parameter "cid: str">}. You can import the `Context` like this: `from flwr.app import Context`[32m [repeated 18x across cluster][0m
[36m(ClientAppActor pid=443951)[0m             This is a deprecated feature. It will be removed[32m [repeated 18x across cluster][0m
[36m(ClientAppActor pid=443951)[0m             entirely in future versions of Flower.[32m [repeated 18x across cluster][0m
[36m(ClientAppActor pid=443951)[0m 
[36m(ClientAppActor pid=443951)[0m         
[92mINFO [0m:      aggregate_fit: received 10 results and 0 failures
INFO:flwr:aggregate_fit: received 10 results and 0 failures
[CascadeRouter] Round 33: 10 clients, 24578 parameters/client
[92mINFO [0m:      configure_evaluate: strategy sampled 10 clients (out of 10)
INFO:flwr:configure_evaluate: strategy sampled 10 clients (out of 10)
[36m(ClientAppActor pid=443955)[0m 
[36m(ClientAppActor pid=443955)[0m         
[36m(ClientAppActor pid=443955)[0m [93mWARNING [0m:   DEPRECATED FEATURE: `client_fn` now expects a signature `def client_fn(context: Context)`.The provided `client_fn` has signature: {'cid': <Parameter "cid: str">}. You can import the `Context` like this: `from flwr.app import Context`[32m [repeated 2x across cluster][0m
[36m(ClientAppActor pid=443955)[0m             This is a deprecated feature. It will be removed[32m [repeated 2x across cluster][0m
[36m(ClientAppActor pid=443955)[0m             entirely in future versions of Flower.[32m [repeated 2x across cluster][0m
[36m(ClientAppActor pid=443951)[0m 
[36m(ClientAppActor pid=443951)[0m         
[36m(ClientAppActor pid=443951)[0m 
[36m(ClientAppActor pid=443951)[0m         
[36m(ClientAppActor pid=443955)[0m 
[36m(ClientAppActor pid=443955)[0m         
[36m(ClientAppActor pid=443951)[0m 
[36m(ClientAppActor pid=443951)[0m         
[36m(ClientAppActor pid=443955)[0m 
[36m(ClientAppActor pid=443955)[0m         
[36m(ClientAppActor pid=443955)[0m 
[36m(ClientAppActor pid=443955)[0m         
[36m(ClientAppActor pid=443951)[0m 
[36m(ClientAppActor pid=443951)[0m         
[36m(ClientAppActor pid=443955)[0m 
[36m(ClientAppActor pid=443955)[0m         
[36m(ClientAppActor pid=443951)[0m 
[36m(ClientAppActor pid=443951)[0m         
[92mINFO [0m:      aggregate_evaluate: received 10 results and 0 failures
INFO:flwr:aggregate_evaluate: received 10 results and 0 failures
[92mINFO [0m:      
INFO:flwr:
[92mINFO [0m:      [ROUND 34]
INFO:flwr:[ROUND 34]
[92mINFO [0m:      configure_fit: strategy sampled 10 clients (out of 10)
INFO:flwr:configure_fit: strategy sampled 10 clients (out of 10)
[36m(ClientAppActor pid=443951)[0m 
[36m(ClientAppActor pid=443951)[0m         
[36m(ClientAppActor pid=443951)[0m [Client 1] Training on NVIDIA GeForce RTX 3060[32m [repeated 10x across cluster][0m
[36m(ClientAppActor pid=443955)[0m 
[36m(ClientAppActor pid=443955)[0m         
[36m(ClientAppActor pid=443951)[0m 
[36m(ClientAppActor pid=443951)[0m         
[36m(ClientAppActor pid=443951)[0m 
[36m(ClientAppActor pid=443951)[0m         
[36m(ClientAppActor pid=443955)[0m 
[36m(ClientAppActor pid=443955)[0m         
[36m(ClientAppActor pid=443955)[0m 
[36m(ClientAppActor pid=443955)[0m         
[36m(ClientAppActor pid=443955)[0m 
[36m(ClientAppActor pid=443955)[0m         
[36m(ClientAppActor pid=443951)[0m 
[36m(ClientAppActor pid=443951)[0m         
[36m(ClientAppActor pid=443955)[0m 
[36m(ClientAppActor pid=443955)[0m         
[36m(ClientAppActor pid=443955)[0m 
[36m(ClientAppActor pid=443955)[0m         
[92mINFO [0m:      aggregate_fit: received 10 results and 0 failures
INFO:flwr:aggregate_fit: received 10 results and 0 failures
[CascadeRouter] Round 34: 10 clients, 24578 parameters/client
[92mINFO [0m:      configure_evaluate: strategy sampled 10 clients (out of 10)
INFO:flwr:configure_evaluate: strategy sampled 10 clients (out of 10)
[36m(ClientAppActor pid=443951)[0m 
[36m(ClientAppActor pid=443951)[0m         
[36m(ClientAppActor pid=443951)[0m [93mWARNING [0m:   DEPRECATED FEATURE: `client_fn` now expects a signature `def client_fn(context: Context)`.The provided `client_fn` has signature: {'cid': <Parameter "cid: str">}. You can import the `Context` like this: `from flwr.app import Context`[32m [repeated 20x across cluster][0m
[36m(ClientAppActor pid=443951)[0m             This is a deprecated feature. It will be removed[32m [repeated 20x across cluster][0m
[36m(ClientAppActor pid=443951)[0m             entirely in future versions of Flower.[32m [repeated 20x across cluster][0m
[36m(ClientAppActor pid=443955)[0m 
[36m(ClientAppActor pid=443955)[0m         
[36m(ClientAppActor pid=443951)[0m 
[36m(ClientAppActor pid=443951)[0m         
[36m(ClientAppActor pid=443955)[0m 
[36m(ClientAppActor pid=443955)[0m         
[36m(ClientAppActor pid=443951)[0m 
[36m(ClientAppActor pid=443951)[0m         
[36m(ClientAppActor pid=443955)[0m 
[36m(ClientAppActor pid=443955)[0m         
[36m(ClientAppActor pid=443951)[0m 
[36m(ClientAppActor pid=443951)[0m         
[36m(ClientAppActor pid=443955)[0m 
[36m(ClientAppActor pid=443955)[0m         
[36m(ClientAppActor pid=443951)[0m 
[36m(ClientAppActor pid=443951)[0m         
[36m(ClientAppActor pid=443955)[0m 
[36m(ClientAppActor pid=443955)[0m         
[92mINFO [0m:      aggregate_evaluate: received 10 results and 0 failures
INFO:flwr:aggregate_evaluate: received 10 results and 0 failures
[92mINFO [0m:      
INFO:flwr:
[92mINFO [0m:      [ROUND 35]
INFO:flwr:[ROUND 35]
[92mINFO [0m:      configure_fit: strategy sampled 10 clients (out of 10)
INFO:flwr:configure_fit: strategy sampled 10 clients (out of 10)
[36m(ClientAppActor pid=443951)[0m 
[36m(ClientAppActor pid=443951)[0m         
[36m(ClientAppActor pid=443955)[0m [Client 0] Training on NVIDIA GeForce RTX 3060[32m [repeated 10x across cluster][0m
[36m(ClientAppActor pid=443955)[0m 
[36m(ClientAppActor pid=443955)[0m         
[36m(ClientAppActor pid=443951)[0m 
[36m(ClientAppActor pid=443951)[0m         
[36m(ClientAppActor pid=443951)[0m 
[36m(ClientAppActor pid=443951)[0m         
[36m(ClientAppActor pid=443955)[0m 
[36m(ClientAppActor pid=443955)[0m         
[36m(ClientAppActor pid=443955)[0m 
[36m(ClientAppActor pid=443955)[0m         
[36m(ClientAppActor pid=443951)[0m 
[36m(ClientAppActor pid=443951)[0m         
[36m(ClientAppActor pid=443951)[0m 
[36m(ClientAppActor pid=443951)[0m         
[36m(ClientAppActor pid=443951)[0m [93mWARNING [0m:   DEPRECATED FEATURE: `client_fn` now expects a signature `def client_fn(context: Context)`.The provided `client_fn` has signature: {'cid': <Parameter "cid: str">}. You can import the `Context` like this: `from flwr.app import Context`[32m [repeated 17x across cluster][0m
[36m(ClientAppActor pid=443951)[0m             This is a deprecated feature. It will be removed[32m [repeated 17x across cluster][0m
[36m(ClientAppActor pid=443951)[0m             entirely in future versions of Flower.[32m [repeated 17x across cluster][0m
[36m(ClientAppActor pid=443951)[0m 
[36m(ClientAppActor pid=443951)[0m         
[36m(ClientAppActor pid=443951)[0m 
[36m(ClientAppActor pid=443951)[0m         
[92mINFO [0m:      aggregate_fit: received 10 results and 0 failures
INFO:flwr:aggregate_fit: received 10 results and 0 failures
[CascadeRouter] Round 35: 10 clients, 24578 parameters/client
[92mINFO [0m:      configure_evaluate: strategy sampled 10 clients (out of 10)
INFO:flwr:configure_evaluate: strategy sampled 10 clients (out of 10)
[36m(ClientAppActor pid=443951)[0m 
[36m(ClientAppActor pid=443951)[0m         
[36m(ClientAppActor pid=443951)[0m [93mWARNING [0m:   DEPRECATED FEATURE: `client_fn` now expects a signature `def client_fn(context: Context)`.The provided `client_fn` has signature: {'cid': <Parameter "cid: str">}. You can import the `Context` like this: `from flwr.app import Context`[32m [repeated 3x across cluster][0m
[36m(ClientAppActor pid=443951)[0m             This is a deprecated feature. It will be removed[32m [repeated 3x across cluster][0m
[36m(ClientAppActor pid=443951)[0m             entirely in future versions of Flower.[32m [repeated 3x across cluster][0m
[36m(ClientAppActor pid=443955)[0m 
[36m(ClientAppActor pid=443955)[0m         
[36m(ClientAppActor pid=443955)[0m 
[36m(ClientAppActor pid=443955)[0m         
[36m(ClientAppActor pid=443951)[0m 
[36m(ClientAppActor pid=443951)[0m         
[36m(ClientAppActor pid=443955)[0m 
[36m(ClientAppActor pid=443955)[0m         
[36m(ClientAppActor pid=443951)[0m 
[36m(ClientAppActor pid=443951)[0m         
[36m(ClientAppActor pid=443951)[0m 
[36m(ClientAppActor pid=443951)[0m         
[36m(ClientAppActor pid=443955)[0m 
[36m(ClientAppActor pid=443955)[0m         
[36m(ClientAppActor pid=443951)[0m 
[36m(ClientAppActor pid=443951)[0m         
[36m(ClientAppActor pid=443955)[0m 
[36m(ClientAppActor pid=443955)[0m         
[92mINFO [0m:      aggregate_evaluate: received 10 results and 0 failures
INFO:flwr:aggregate_evaluate: received 10 results and 0 failures
[92mINFO [0m:      
INFO:flwr:
[92mINFO [0m:      [ROUND 36]
INFO:flwr:[ROUND 36]
[92mINFO [0m:      configure_fit: strategy sampled 10 clients (out of 10)
INFO:flwr:configure_fit: strategy sampled 10 clients (out of 10)
[36m(ClientAppActor pid=443951)[0m 
[36m(ClientAppActor pid=443951)[0m         
[36m(ClientAppActor pid=443955)[0m [Client 2] Training on NVIDIA GeForce RTX 3060[32m [repeated 10x across cluster][0m
[36m(ClientAppActor pid=443955)[0m 
[36m(ClientAppActor pid=443955)[0m         
[36m(ClientAppActor pid=443951)[0m 
[36m(ClientAppActor pid=443951)[0m         
[36m(ClientAppActor pid=443955)[0m 
[36m(ClientAppActor pid=443955)[0m         
[36m(ClientAppActor pid=443955)[0m 
[36m(ClientAppActor pid=443955)[0m         
[36m(ClientAppActor pid=443955)[0m 
[36m(ClientAppActor pid=443955)[0m         
[36m(ClientAppActor pid=443955)[0m 
[36m(ClientAppActor pid=443955)[0m         
[36m(ClientAppActor pid=443951)[0m 
[36m(ClientAppActor pid=443951)[0m         
[36m(ClientAppActor pid=443955)[0m 
[36m(ClientAppActor pid=443955)[0m         
[36m(ClientAppActor pid=443955)[0m 
[36m(ClientAppActor pid=443955)[0m         
[92mINFO [0m:      aggregate_fit: received 10 results and 0 failures
INFO:flwr:aggregate_fit: received 10 results and 0 failures
[CascadeRouter] Round 36: 10 clients, 24578 parameters/client
[92mINFO [0m:      configure_evaluate: strategy sampled 10 clients (out of 10)
INFO:flwr:configure_evaluate: strategy sampled 10 clients (out of 10)
[36m(ClientAppActor pid=443951)[0m 
[36m(ClientAppActor pid=443951)[0m         
[36m(ClientAppActor pid=443951)[0m [93mWARNING [0m:   DEPRECATED FEATURE: `client_fn` now expects a signature `def client_fn(context: Context)`.The provided `client_fn` has signature: {'cid': <Parameter "cid: str">}. You can import the `Context` like this: `from flwr.app import Context`[32m [repeated 20x across cluster][0m
[36m(ClientAppActor pid=443951)[0m             This is a deprecated feature. It will be removed[32m [repeated 20x across cluster][0m
[36m(ClientAppActor pid=443951)[0m             entirely in future versions of Flower.[32m [repeated 20x across cluster][0m
[36m(ClientAppActor pid=443955)[0m 
[36m(ClientAppActor pid=443955)[0m         
[36m(ClientAppActor pid=443951)[0m 
[36m(ClientAppActor pid=443951)[0m         
[36m(ClientAppActor pid=443955)[0m 
[36m(ClientAppActor pid=443955)[0m         
[36m(ClientAppActor pid=443951)[0m 
[36m(ClientAppActor pid=443951)[0m         
[36m(ClientAppActor pid=443955)[0m 
[36m(ClientAppActor pid=443955)[0m         
[36m(ClientAppActor pid=443951)[0m 
[36m(ClientAppActor pid=443951)[0m         
[36m(ClientAppActor pid=443955)[0m 
[36m(ClientAppActor pid=443955)[0m         
[36m(ClientAppActor pid=443951)[0m 
[36m(ClientAppActor pid=443951)[0m         
[36m(ClientAppActor pid=443955)[0m 
[36m(ClientAppActor pid=443955)[0m         
[92mINFO [0m:      aggregate_evaluate: received 10 results and 0 failures
INFO:flwr:aggregate_evaluate: received 10 results and 0 failures
[92mINFO [0m:      
INFO:flwr:
[92mINFO [0m:      [ROUND 37]
INFO:flwr:[ROUND 37]
[92mINFO [0m:      configure_fit: strategy sampled 10 clients (out of 10)
INFO:flwr:configure_fit: strategy sampled 10 clients (out of 10)
[36m(ClientAppActor pid=443951)[0m 
[36m(ClientAppActor pid=443951)[0m         
[36m(ClientAppActor pid=443955)[0m [Client 7] Training on NVIDIA GeForce RTX 3060[32m [repeated 10x across cluster][0m
[36m(ClientAppActor pid=443955)[0m 
[36m(ClientAppActor pid=443955)[0m         
[36m(ClientAppActor pid=443951)[0m 
[36m(ClientAppActor pid=443951)[0m         
[36m(ClientAppActor pid=443951)[0m 
[36m(ClientAppActor pid=443951)[0m         
[36m(ClientAppActor pid=443951)[0m 
[36m(ClientAppActor pid=443951)[0m         
[36m(ClientAppActor pid=443951)[0m 
[36m(ClientAppActor pid=443951)[0m         
[36m(ClientAppActor pid=443951)[0m 
[36m(ClientAppActor pid=443951)[0m         
[36m(ClientAppActor pid=443951)[0m 
[36m(ClientAppActor pid=443951)[0m         
[36m(ClientAppActor pid=443951)[0m [93mWARNING [0m:   DEPRECATED FEATURE: `client_fn` now expects a signature `def client_fn(context: Context)`.The provided `client_fn` has signature: {'cid': <Parameter "cid: str">}. You can import the `Context` like this: `from flwr.app import Context`[32m [repeated 17x across cluster][0m
[36m(ClientAppActor pid=443951)[0m             This is a deprecated feature. It will be removed[32m [repeated 17x across cluster][0m
[36m(ClientAppActor pid=443951)[0m             entirely in future versions of Flower.[32m [repeated 17x across cluster][0m
[36m(ClientAppActor pid=443951)[0m 
[36m(ClientAppActor pid=443951)[0m         
[36m(ClientAppActor pid=443951)[0m 
[36m(ClientAppActor pid=443951)[0m         
[36m(ClientAppActor pid=443951)[0m [Client 2] Training on NVIDIA GeForce RTX 3060[32m [repeated 9x across cluster][0m
[92mINFO [0m:      aggregate_fit: received 10 results and 0 failures
INFO:flwr:aggregate_fit: received 10 results and 0 failures
[CascadeRouter] Round 37: 10 clients, 24578 parameters/client
[92mINFO [0m:      configure_evaluate: strategy sampled 10 clients (out of 10)
INFO:flwr:configure_evaluate: strategy sampled 10 clients (out of 10)
[36m(ClientAppActor pid=443955)[0m 
[36m(ClientAppActor pid=443955)[0m         
[36m(ClientAppActor pid=443955)[0m [93mWARNING [0m:   DEPRECATED FEATURE: `client_fn` now expects a signature `def client_fn(context: Context)`.The provided `client_fn` has signature: {'cid': <Parameter "cid: str">}. You can import the `Context` like this: `from flwr.app import Context`[32m [repeated 3x across cluster][0m
[36m(ClientAppActor pid=443955)[0m             This is a deprecated feature. It will be removed[32m [repeated 3x across cluster][0m
[36m(ClientAppActor pid=443955)[0m             entirely in future versions of Flower.[32m [repeated 3x across cluster][0m
[36m(ClientAppActor pid=443951)[0m 
[36m(ClientAppActor pid=443951)[0m         
[36m(ClientAppActor pid=443955)[0m 
[36m(ClientAppActor pid=443955)[0m         
[36m(ClientAppActor pid=443951)[0m 
[36m(ClientAppActor pid=443951)[0m         
[36m(ClientAppActor pid=443951)[0m 
[36m(ClientAppActor pid=443951)[0m         
[36m(ClientAppActor pid=443955)[0m 
[36m(ClientAppActor pid=443955)[0m         
[36m(ClientAppActor pid=443955)[0m 
[36m(ClientAppActor pid=443955)[0m         
[36m(ClientAppActor pid=443951)[0m 
[36m(ClientAppActor pid=443951)[0m         
[36m(ClientAppActor pid=443955)[0m 
[36m(ClientAppActor pid=443955)[0m         
[36m(ClientAppActor pid=443951)[0m 
[36m(ClientAppActor pid=443951)[0m         
[92mINFO [0m:      aggregate_evaluate: received 10 results and 0 failures
INFO:flwr:aggregate_evaluate: received 10 results and 0 failures
[92mINFO [0m:      
INFO:flwr:
[92mINFO [0m:      [ROUND 38]
INFO:flwr:[ROUND 38]
[92mINFO [0m:      configure_fit: strategy sampled 10 clients (out of 10)
INFO:flwr:configure_fit: strategy sampled 10 clients (out of 10)
[36m(ClientAppActor pid=443951)[0m 
[36m(ClientAppActor pid=443951)[0m         
[36m(ClientAppActor pid=443951)[0m [Client 4] Training on NVIDIA GeForce RTX 3060
[36m(ClientAppActor pid=443955)[0m [Client 1] Training on NVIDIA GeForce RTX 3060
[36m(ClientAppActor pid=443955)[0m 
[36m(ClientAppActor pid=443955)[0m         
[36m(ClientAppActor pid=443955)[0m [Client 6] Training on NVIDIA GeForce RTX 3060
[36m(ClientAppActor pid=443955)[0m 
[36m(ClientAppActor pid=443955)[0m         
[36m(ClientAppActor pid=443951)[0m 
[36m(ClientAppActor pid=443951)[0m         
[36m(ClientAppActor pid=443955)[0m 
[36m(ClientAppActor pid=443955)[0m         
[36m(ClientAppActor pid=443951)[0m 
[36m(ClientAppActor pid=443951)[0m         
[36m(ClientAppActor pid=443955)[0m 
[36m(ClientAppActor pid=443955)[0m         
[36m(ClientAppActor pid=443955)[0m 
[36m(ClientAppActor pid=443955)[0m         
[36m(ClientAppActor pid=443955)[0m [93mWARNING [0m:   DEPRECATED FEATURE: `client_fn` now expects a signature `def client_fn(context: Context)`.The provided `client_fn` has signature: {'cid': <Parameter "cid: str">}. You can import the `Context` like this: `from flwr.app import Context`[32m [repeated 17x across cluster][0m
[36m(ClientAppActor pid=443955)[0m             This is a deprecated feature. It will be removed[32m [repeated 17x across cluster][0m
[36m(ClientAppActor pid=443955)[0m             entirely in future versions of Flower.[32m [repeated 17x across cluster][0m
[36m(ClientAppActor pid=443951)[0m 
[36m(ClientAppActor pid=443951)[0m         
[36m(ClientAppActor pid=443955)[0m 
[36m(ClientAppActor pid=443955)[0m         
[92mINFO [0m:      aggregate_fit: received 10 results and 0 failures
INFO:flwr:aggregate_fit: received 10 results and 0 failures
[CascadeRouter] Round 38: 10 clients, 24578 parameters/client
[92mINFO [0m:      configure_evaluate: strategy sampled 10 clients (out of 10)
INFO:flwr:configure_evaluate: strategy sampled 10 clients (out of 10)
[36m(ClientAppActor pid=443955)[0m 
[36m(ClientAppActor pid=443955)[0m         
[36m(ClientAppActor pid=443955)[0m [93mWARNING [0m:   DEPRECATED FEATURE: `client_fn` now expects a signature `def client_fn(context: Context)`.The provided `client_fn` has signature: {'cid': <Parameter "cid: str">}. You can import the `Context` like this: `from flwr.app import Context`[32m [repeated 3x across cluster][0m
[36m(ClientAppActor pid=443955)[0m             This is a deprecated feature. It will be removed[32m [repeated 3x across cluster][0m
[36m(ClientAppActor pid=443955)[0m             entirely in future versions of Flower.[32m [repeated 3x across cluster][0m
[36m(ClientAppActor pid=443951)[0m 
[36m(ClientAppActor pid=443951)[0m         
[36m(ClientAppActor pid=443955)[0m 
[36m(ClientAppActor pid=443955)[0m         
[36m(ClientAppActor pid=443951)[0m 
[36m(ClientAppActor pid=443951)[0m         
[36m(ClientAppActor pid=443951)[0m 
[36m(ClientAppActor pid=443951)[0m         
[36m(ClientAppActor pid=443955)[0m 
[36m(ClientAppActor pid=443955)[0m         
[36m(ClientAppActor pid=443951)[0m 
[36m(ClientAppActor pid=443951)[0m         
[36m(ClientAppActor pid=443955)[0m 
[36m(ClientAppActor pid=443955)[0m         
[36m(ClientAppActor pid=443955)[0m 
[36m(ClientAppActor pid=443955)[0m         
[36m(ClientAppActor pid=443951)[0m 
[36m(ClientAppActor pid=443951)[0m         
[92mINFO [0m:      aggregate_evaluate: received 10 results and 0 failures
INFO:flwr:aggregate_evaluate: received 10 results and 0 failures
[92mINFO [0m:      
INFO:flwr:
[92mINFO [0m:      [ROUND 39]
INFO:flwr:[ROUND 39]
[92mINFO [0m:      configure_fit: strategy sampled 10 clients (out of 10)
INFO:flwr:configure_fit: strategy sampled 10 clients (out of 10)
[36m(ClientAppActor pid=443951)[0m 
[36m(ClientAppActor pid=443951)[0m         
[36m(ClientAppActor pid=443951)[0m [Client 8] Training on NVIDIA GeForce RTX 3060[32m [repeated 8x across cluster][0m
[36m(ClientAppActor pid=443955)[0m 
[36m(ClientAppActor pid=443955)[0m         
[36m(ClientAppActor pid=443955)[0m 
[36m(ClientAppActor pid=443955)[0m         
[36m(ClientAppActor pid=443955)[0m 
[36m(ClientAppActor pid=443955)[0m         
[36m(ClientAppActor pid=443951)[0m 
[36m(ClientAppActor pid=443951)[0m         
[36m(ClientAppActor pid=443951)[0m 
[36m(ClientAppActor pid=443951)[0m         
[36m(ClientAppActor pid=443951)[0m 
[36m(ClientAppActor pid=443951)[0m         
[36m(ClientAppActor pid=443951)[0m [93mWARNING [0m:   DEPRECATED FEATURE: `client_fn` now expects a signature `def client_fn(context: Context)`.The provided `client_fn` has signature: {'cid': <Parameter "cid: str">}. You can import the `Context` like this: `from flwr.app import Context`[32m [repeated 16x across cluster][0m
[36m(ClientAppActor pid=443951)[0m             This is a deprecated feature. It will be removed[32m [repeated 16x across cluster][0m
[36m(ClientAppActor pid=443951)[0m             entirely in future versions of Flower.[32m [repeated 16x across cluster][0m
[36m(ClientAppActor pid=443951)[0m 
[36m(ClientAppActor pid=443951)[0m         
[36m(ClientAppActor pid=443951)[0m 
[36m(ClientAppActor pid=443951)[0m         
[36m(ClientAppActor pid=443951)[0m 
[36m(ClientAppActor pid=443951)[0m         
[92mINFO [0m:      aggregate_fit: received 10 results and 0 failures
INFO:flwr:aggregate_fit: received 10 results and 0 failures
[CascadeRouter] Round 39: 10 clients, 24578 parameters/client
[92mINFO [0m:      configure_evaluate: strategy sampled 10 clients (out of 10)
INFO:flwr:configure_evaluate: strategy sampled 10 clients (out of 10)
[36m(ClientAppActor pid=443955)[0m 
[36m(ClientAppActor pid=443955)[0m         
[36m(ClientAppActor pid=443955)[0m [93mWARNING [0m:   DEPRECATED FEATURE: `client_fn` now expects a signature `def client_fn(context: Context)`.The provided `client_fn` has signature: {'cid': <Parameter "cid: str">}. You can import the `Context` like this: `from flwr.app import Context`[32m [repeated 4x across cluster][0m
[36m(ClientAppActor pid=443955)[0m             This is a deprecated feature. It will be removed[32m [repeated 4x across cluster][0m
[36m(ClientAppActor pid=443955)[0m             entirely in future versions of Flower.[32m [repeated 4x across cluster][0m
[36m(ClientAppActor pid=443951)[0m 
[36m(ClientAppActor pid=443951)[0m         
[36m(ClientAppActor pid=443955)[0m 
[36m(ClientAppActor pid=443955)[0m         
[36m(ClientAppActor pid=443951)[0m 
[36m(ClientAppActor pid=443951)[0m         
[36m(ClientAppActor pid=443951)[0m 
[36m(ClientAppActor pid=443951)[0m         
[36m(ClientAppActor pid=443955)[0m 
[36m(ClientAppActor pid=443955)[0m         
[36m(ClientAppActor pid=443951)[0m 
[36m(ClientAppActor pid=443951)[0m         
[36m(ClientAppActor pid=443955)[0m 
[36m(ClientAppActor pid=443955)[0m         
[36m(ClientAppActor pid=443955)[0m 
[36m(ClientAppActor pid=443955)[0m         
[36m(ClientAppActor pid=443951)[0m 
[36m(ClientAppActor pid=443951)[0m         
[92mINFO [0m:      aggregate_evaluate: received 10 results and 0 failures
INFO:flwr:aggregate_evaluate: received 10 results and 0 failures
[92mINFO [0m:      
INFO:flwr:
[92mINFO [0m:      [ROUND 40]
INFO:flwr:[ROUND 40]
[92mINFO [0m:      configure_fit: strategy sampled 10 clients (out of 10)
INFO:flwr:configure_fit: strategy sampled 10 clients (out of 10)
[36m(ClientAppActor pid=443951)[0m 
[36m(ClientAppActor pid=443951)[0m         
[36m(ClientAppActor pid=443955)[0m [Client 7] Training on NVIDIA GeForce RTX 3060[32m [repeated 10x across cluster][0m
[36m(ClientAppActor pid=443955)[0m 
[36m(ClientAppActor pid=443955)[0m         
[36m(ClientAppActor pid=443951)[0m 
[36m(ClientAppActor pid=443951)[0m         
[36m(ClientAppActor pid=443951)[0m 
[36m(ClientAppActor pid=443951)[0m         
[36m(ClientAppActor pid=443951)[0m 
[36m(ClientAppActor pid=443951)[0m         
[36m(ClientAppActor pid=443951)[0m 
[36m(ClientAppActor pid=443951)[0m         
[36m(ClientAppActor pid=443951)[0m 
[36m(ClientAppActor pid=443951)[0m         
[36m(ClientAppActor pid=443951)[0m [93mWARNING [0m:   DEPRECATED FEATURE: `client_fn` now expects a signature `def client_fn(context: Context)`.The provided `client_fn` has signature: {'cid': <Parameter "cid: str">}. You can import the `Context` like this: `from flwr.app import Context`[32m [repeated 16x across cluster][0m
[36m(ClientAppActor pid=443951)[0m             This is a deprecated feature. It will be removed[32m [repeated 16x across cluster][0m
[36m(ClientAppActor pid=443951)[0m             entirely in future versions of Flower.[32m [repeated 16x across cluster][0m
[36m(ClientAppActor pid=443951)[0m 
[36m(ClientAppActor pid=443951)[0m         
[36m(ClientAppActor pid=443951)[0m [Client 0] Training on NVIDIA GeForce RTX 3060[32m [repeated 7x across cluster][0m
[36m(ClientAppActor pid=443951)[0m 
[36m(ClientAppActor pid=443951)[0m         
[36m(ClientAppActor pid=443951)[0m 
[36m(ClientAppActor pid=443951)[0m         
[92mINFO [0m:      aggregate_fit: received 10 results and 0 failures
INFO:flwr:aggregate_fit: received 10 results and 0 failures
[CascadeRouter] Round 40: 10 clients, 24578 parameters/client
[92mINFO [0m:      configure_evaluate: strategy sampled 10 clients (out of 10)
INFO:flwr:configure_evaluate: strategy sampled 10 clients (out of 10)
[36m(ClientAppActor pid=443951)[0m 
[36m(ClientAppActor pid=443951)[0m         
[36m(ClientAppActor pid=443951)[0m [93mWARNING [0m:   DEPRECATED FEATURE: `client_fn` now expects a signature `def client_fn(context: Context)`.The provided `client_fn` has signature: {'cid': <Parameter "cid: str">}. You can import the `Context` like this: `from flwr.app import Context`[32m [repeated 4x across cluster][0m
[36m(ClientAppActor pid=443951)[0m             This is a deprecated feature. It will be removed[32m [repeated 4x across cluster][0m
[36m(ClientAppActor pid=443951)[0m             entirely in future versions of Flower.[32m [repeated 4x across cluster][0m
[36m(ClientAppActor pid=443955)[0m 
[36m(ClientAppActor pid=443955)[0m         
[36m(ClientAppActor pid=443955)[0m 
[36m(ClientAppActor pid=443955)[0m         
[36m(ClientAppActor pid=443951)[0m 
[36m(ClientAppActor pid=443951)[0m         
[36m(ClientAppActor pid=443951)[0m 
[36m(ClientAppActor pid=443951)[0m         
[36m(ClientAppActor pid=443955)[0m 
[36m(ClientAppActor pid=443955)[0m         
[36m(ClientAppActor pid=443955)[0m 
[36m(ClientAppActor pid=443955)[0m         
[36m(ClientAppActor pid=443951)[0m 
[36m(ClientAppActor pid=443951)[0m         
[36m(ClientAppActor pid=443951)[0m 
[36m(ClientAppActor pid=443951)[0m         
[36m(ClientAppActor pid=443955)[0m 
[36m(ClientAppActor pid=443955)[0m         
[92mINFO [0m:      aggregate_evaluate: received 10 results and 0 failures
INFO:flwr:aggregate_evaluate: received 10 results and 0 failures
[92mINFO [0m:      
INFO:flwr:
[92mINFO [0m:      [ROUND 41]
INFO:flwr:[ROUND 41]
[92mINFO [0m:      configure_fit: strategy sampled 10 clients (out of 10)
INFO:flwr:configure_fit: strategy sampled 10 clients (out of 10)
[36m(ClientAppActor pid=443951)[0m 
[36m(ClientAppActor pid=443951)[0m         
[36m(ClientAppActor pid=443955)[0m [Client 1] Training on NVIDIA GeForce RTX 3060[32m [repeated 3x across cluster][0m
[36m(ClientAppActor pid=443955)[0m 
[36m(ClientAppActor pid=443955)[0m         
[36m(ClientAppActor pid=443955)[0m 
[36m(ClientAppActor pid=443955)[0m         
[36m(ClientAppActor pid=443955)[0m 
[36m(ClientAppActor pid=443955)[0m         
[36m(ClientAppActor pid=443955)[0m 
[36m(ClientAppActor pid=443955)[0m         
[36m(ClientAppActor pid=443955)[0m 
[36m(ClientAppActor pid=443955)[0m         
[36m(ClientAppActor pid=443955)[0m 
[36m(ClientAppActor pid=443955)[0m         
[36m(ClientAppActor pid=443955)[0m [93mWARNING [0m:   DEPRECATED FEATURE: `client_fn` now expects a signature `def client_fn(context: Context)`.The provided `client_fn` has signature: {'cid': <Parameter "cid: str">}. You can import the `Context` like this: `from flwr.app import Context`[32m [repeated 16x across cluster][0m
[36m(ClientAppActor pid=443955)[0m             This is a deprecated feature. It will be removed[32m [repeated 16x across cluster][0m
[36m(ClientAppActor pid=443955)[0m             entirely in future versions of Flower.[32m [repeated 16x across cluster][0m
[36m(ClientAppActor pid=443955)[0m 
[36m(ClientAppActor pid=443955)[0m         
[36m(ClientAppActor pid=443955)[0m [Client 9] Training on NVIDIA GeForce RTX 3060[32m [repeated 8x across cluster][0m
[36m(ClientAppActor pid=443955)[0m 
[36m(ClientAppActor pid=443955)[0m         
[36m(ClientAppActor pid=443955)[0m 
[36m(ClientAppActor pid=443955)[0m         
[92mINFO [0m:      aggregate_fit: received 10 results and 0 failures
INFO:flwr:aggregate_fit: received 10 results and 0 failures
[CascadeRouter] Round 41: 10 clients, 24578 parameters/client
[92mINFO [0m:      configure_evaluate: strategy sampled 10 clients (out of 10)
INFO:flwr:configure_evaluate: strategy sampled 10 clients (out of 10)
[36m(ClientAppActor pid=443951)[0m 
[36m(ClientAppActor pid=443951)[0m         
[36m(ClientAppActor pid=443951)[0m [93mWARNING [0m:   DEPRECATED FEATURE: `client_fn` now expects a signature `def client_fn(context: Context)`.The provided `client_fn` has signature: {'cid': <Parameter "cid: str">}. You can import the `Context` like this: `from flwr.app import Context`[32m [repeated 4x across cluster][0m
[36m(ClientAppActor pid=443951)[0m             This is a deprecated feature. It will be removed[32m [repeated 4x across cluster][0m
[36m(ClientAppActor pid=443951)[0m             entirely in future versions of Flower.[32m [repeated 4x across cluster][0m
[36m(ClientAppActor pid=443955)[0m 
[36m(ClientAppActor pid=443955)[0m         
[36m(ClientAppActor pid=443951)[0m 
[36m(ClientAppActor pid=443951)[0m         
[36m(ClientAppActor pid=443955)[0m 
[36m(ClientAppActor pid=443955)[0m         
[36m(ClientAppActor pid=443951)[0m 
[36m(ClientAppActor pid=443951)[0m         
[36m(ClientAppActor pid=443955)[0m 
[36m(ClientAppActor pid=443955)[0m         
[36m(ClientAppActor pid=443951)[0m 
[36m(ClientAppActor pid=443951)[0m         
[36m(ClientAppActor pid=443955)[0m 
[36m(ClientAppActor pid=443955)[0m         
[36m(ClientAppActor pid=443951)[0m 
[36m(ClientAppActor pid=443951)[0m         
[36m(ClientAppActor pid=443955)[0m 
[36m(ClientAppActor pid=443955)[0m         
[92mINFO [0m:      aggregate_evaluate: received 10 results and 0 failures
INFO:flwr:aggregate_evaluate: received 10 results and 0 failures
[92mINFO [0m:      
INFO:flwr:
[92mINFO [0m:      [ROUND 42]
INFO:flwr:[ROUND 42]
[92mINFO [0m:      configure_fit: strategy sampled 10 clients (out of 10)
INFO:flwr:configure_fit: strategy sampled 10 clients (out of 10)
[36m(ClientAppActor pid=443955)[0m 
[36m(ClientAppActor pid=443955)[0m         
[36m(ClientAppActor pid=443955)[0m [Client 3] Training on NVIDIA GeForce RTX 3060[32m [repeated 2x across cluster][0m
[36m(ClientAppActor pid=443951)[0m 
[36m(ClientAppActor pid=443951)[0m         
[36m(ClientAppActor pid=443955)[0m 
[36m(ClientAppActor pid=443955)[0m         
[36m(ClientAppActor pid=443951)[0m 
[36m(ClientAppActor pid=443951)[0m         
[36m(ClientAppActor pid=443951)[0m 
[36m(ClientAppActor pid=443951)[0m         
[36m(ClientAppActor pid=443955)[0m 
[36m(ClientAppActor pid=443955)[0m         
[36m(ClientAppActor pid=443955)[0m 
[36m(ClientAppActor pid=443955)[0m         
[36m(ClientAppActor pid=443951)[0m 
[36m(ClientAppActor pid=443951)[0m         
[36m(ClientAppActor pid=443955)[0m 
[36m(ClientAppActor pid=443955)[0m         
[36m(ClientAppActor pid=443955)[0m 
[36m(ClientAppActor pid=443955)[0m         
[92mINFO [0m:      aggregate_fit: received 10 results and 0 failures
INFO:flwr:aggregate_fit: received 10 results and 0 failures
[CascadeRouter] Round 42: 10 clients, 24578 parameters/client
[92mINFO [0m:      configure_evaluate: strategy sampled 10 clients (out of 10)
INFO:flwr:configure_evaluate: strategy sampled 10 clients (out of 10)
[36m(ClientAppActor pid=443951)[0m 
[36m(ClientAppActor pid=443951)[0m         
[36m(ClientAppActor pid=443951)[0m [93mWARNING [0m:   DEPRECATED FEATURE: `client_fn` now expects a signature `def client_fn(context: Context)`.The provided `client_fn` has signature: {'cid': <Parameter "cid: str">}. You can import the `Context` like this: `from flwr.app import Context`[32m [repeated 20x across cluster][0m
[36m(ClientAppActor pid=443951)[0m             This is a deprecated feature. It will be removed[32m [repeated 20x across cluster][0m
[36m(ClientAppActor pid=443951)[0m             entirely in future versions of Flower.[32m [repeated 20x across cluster][0m
[36m(ClientAppActor pid=443955)[0m 
[36m(ClientAppActor pid=443955)[0m         
[36m(ClientAppActor pid=443951)[0m 
[36m(ClientAppActor pid=443951)[0m         
[36m(ClientAppActor pid=443955)[0m 
[36m(ClientAppActor pid=443955)[0m         
[36m(ClientAppActor pid=443951)[0m 
[36m(ClientAppActor pid=443951)[0m         
[36m(ClientAppActor pid=443955)[0m 
[36m(ClientAppActor pid=443955)[0m         
[36m(ClientAppActor pid=443951)[0m 
[36m(ClientAppActor pid=443951)[0m         
[36m(ClientAppActor pid=443955)[0m 
[36m(ClientAppActor pid=443955)[0m         
[36m(ClientAppActor pid=443951)[0m 
[36m(ClientAppActor pid=443951)[0m         
[36m(ClientAppActor pid=443955)[0m 
[36m(ClientAppActor pid=443955)[0m         
[92mINFO [0m:      aggregate_evaluate: received 10 results and 0 failures
INFO:flwr:aggregate_evaluate: received 10 results and 0 failures
[92mINFO [0m:      
INFO:flwr:
[92mINFO [0m:      [ROUND 43]
INFO:flwr:[ROUND 43]
[92mINFO [0m:      configure_fit: strategy sampled 10 clients (out of 10)
INFO:flwr:configure_fit: strategy sampled 10 clients (out of 10)
[36m(ClientAppActor pid=443955)[0m [Client 1] Training on NVIDIA GeForce RTX 3060[32m [repeated 10x across cluster][0m
[36m(ClientAppActor pid=443955)[0m 
[36m(ClientAppActor pid=443955)[0m         
[36m(ClientAppActor pid=443951)[0m 
[36m(ClientAppActor pid=443951)[0m         
[36m(ClientAppActor pid=443955)[0m 
[36m(ClientAppActor pid=443955)[0m         
[36m(ClientAppActor pid=443951)[0m 
[36m(ClientAppActor pid=443951)[0m         
[36m(ClientAppActor pid=443955)[0m 
[36m(ClientAppActor pid=443955)[0m         
[36m(ClientAppActor pid=443955)[0m 
[36m(ClientAppActor pid=443955)[0m         
[36m(ClientAppActor pid=443951)[0m 
[36m(ClientAppActor pid=443951)[0m         
[36m(ClientAppActor pid=443951)[0m 
[36m(ClientAppActor pid=443951)[0m         
[36m(ClientAppActor pid=443951)[0m 
[36m(ClientAppActor pid=443951)[0m         
[36m(ClientAppActor pid=443951)[0m [93mWARNING [0m:   DEPRECATED FEATURE: `client_fn` now expects a signature `def client_fn(context: Context)`.The provided `client_fn` has signature: {'cid': <Parameter "cid: str">}. You can import the `Context` like this: `from flwr.app import Context`[32m [repeated 18x across cluster][0m
[36m(ClientAppActor pid=443951)[0m             This is a deprecated feature. It will be removed[32m [repeated 18x across cluster][0m
[36m(ClientAppActor pid=443951)[0m             entirely in future versions of Flower.[32m [repeated 18x across cluster][0m
[36m(ClientAppActor pid=443951)[0m 
[36m(ClientAppActor pid=443951)[0m         
[92mINFO [0m:      aggregate_fit: received 10 results and 0 failures
INFO:flwr:aggregate_fit: received 10 results and 0 failures
[CascadeRouter] Round 43: 10 clients, 24578 parameters/client
[92mINFO [0m:      configure_evaluate: strategy sampled 10 clients (out of 10)
INFO:flwr:configure_evaluate: strategy sampled 10 clients (out of 10)
[36m(ClientAppActor pid=443955)[0m 
[36m(ClientAppActor pid=443955)[0m         
[36m(ClientAppActor pid=443955)[0m [93mWARNING [0m:   DEPRECATED FEATURE: `client_fn` now expects a signature `def client_fn(context: Context)`.The provided `client_fn` has signature: {'cid': <Parameter "cid: str">}. You can import the `Context` like this: `from flwr.app import Context`[32m [repeated 2x across cluster][0m
[36m(ClientAppActor pid=443955)[0m             This is a deprecated feature. It will be removed[32m [repeated 2x across cluster][0m
[36m(ClientAppActor pid=443955)[0m             entirely in future versions of Flower.[32m [repeated 2x across cluster][0m
[36m(ClientAppActor pid=443951)[0m 
[36m(ClientAppActor pid=443951)[0m         
[36m(ClientAppActor pid=443955)[0m 
[36m(ClientAppActor pid=443955)[0m         
[36m(ClientAppActor pid=443951)[0m 
[36m(ClientAppActor pid=443951)[0m         
[36m(ClientAppActor pid=443951)[0m 
[36m(ClientAppActor pid=443951)[0m         
[36m(ClientAppActor pid=443955)[0m 
[36m(ClientAppActor pid=443955)[0m         
[36m(ClientAppActor pid=443955)[0m 
[36m(ClientAppActor pid=443955)[0m         
[36m(ClientAppActor pid=443951)[0m 
[36m(ClientAppActor pid=443951)[0m         
[36m(ClientAppActor pid=443955)[0m 
[36m(ClientAppActor pid=443955)[0m         
[36m(ClientAppActor pid=443951)[0m 
[36m(ClientAppActor pid=443951)[0m         
[92mINFO [0m:      aggregate_evaluate: received 10 results and 0 failures
INFO:flwr:aggregate_evaluate: received 10 results and 0 failures
[92mINFO [0m:      
INFO:flwr:
[92mINFO [0m:      [ROUND 44]
INFO:flwr:[ROUND 44]
[92mINFO [0m:      configure_fit: strategy sampled 10 clients (out of 10)
INFO:flwr:configure_fit: strategy sampled 10 clients (out of 10)
[36m(ClientAppActor pid=443951)[0m 
[36m(ClientAppActor pid=443951)[0m         
[36m(ClientAppActor pid=443951)[0m [Client 3] Training on NVIDIA GeForce RTX 3060[32m [repeated 10x across cluster][0m
[36m(ClientAppActor pid=443955)[0m 
[36m(ClientAppActor pid=443955)[0m         
[36m(ClientAppActor pid=443951)[0m 
[36m(ClientAppActor pid=443951)[0m         
[36m(ClientAppActor pid=443951)[0m 
[36m(ClientAppActor pid=443951)[0m         
[36m(ClientAppActor pid=443951)[0m 
[36m(ClientAppActor pid=443951)[0m         
[36m(ClientAppActor pid=443951)[0m 
[36m(ClientAppActor pid=443951)[0m         
[36m(ClientAppActor pid=443951)[0m 
[36m(ClientAppActor pid=443951)[0m         
[36m(ClientAppActor pid=443951)[0m [93mWARNING [0m:   DEPRECATED FEATURE: `client_fn` now expects a signature `def client_fn(context: Context)`.The provided `client_fn` has signature: {'cid': <Parameter "cid: str">}. You can import the `Context` like this: `from flwr.app import Context`[32m [repeated 16x across cluster][0m
[36m(ClientAppActor pid=443951)[0m             This is a deprecated feature. It will be removed[32m [repeated 16x across cluster][0m
[36m(ClientAppActor pid=443951)[0m             entirely in future versions of Flower.[32m [repeated 16x across cluster][0m
[36m(ClientAppActor pid=443951)[0m 
[36m(ClientAppActor pid=443951)[0m         
[36m(ClientAppActor pid=443951)[0m 
[36m(ClientAppActor pid=443951)[0m         
[36m(ClientAppActor pid=443951)[0m [Client 4] Training on NVIDIA GeForce RTX 3060[32m [repeated 8x across cluster][0m
[36m(ClientAppActor pid=443951)[0m 
[36m(ClientAppActor pid=443951)[0m         
[92mINFO [0m:      aggregate_fit: received 10 results and 0 failures
INFO:flwr:aggregate_fit: received 10 results and 0 failures
[CascadeRouter] Round 44: 10 clients, 24578 parameters/client
[92mINFO [0m:      configure_evaluate: strategy sampled 10 clients (out of 10)
INFO:flwr:configure_evaluate: strategy sampled 10 clients (out of 10)
[36m(ClientAppActor pid=443955)[0m 
[36m(ClientAppActor pid=443955)[0m         
[36m(ClientAppActor pid=443955)[0m [93mWARNING [0m:   DEPRECATED FEATURE: `client_fn` now expects a signature `def client_fn(context: Context)`.The provided `client_fn` has signature: {'cid': <Parameter "cid: str">}. You can import the `Context` like this: `from flwr.app import Context`[32m [repeated 4x across cluster][0m
[36m(ClientAppActor pid=443955)[0m             This is a deprecated feature. It will be removed[32m [repeated 4x across cluster][0m
[36m(ClientAppActor pid=443955)[0m             entirely in future versions of Flower.[32m [repeated 4x across cluster][0m
[36m(ClientAppActor pid=443951)[0m 
[36m(ClientAppActor pid=443951)[0m         
[36m(ClientAppActor pid=443955)[0m 
[36m(ClientAppActor pid=443955)[0m         
[36m(ClientAppActor pid=443951)[0m 
[36m(ClientAppActor pid=443951)[0m         
[36m(ClientAppActor pid=443955)[0m 
[36m(ClientAppActor pid=443955)[0m         
[36m(ClientAppActor pid=443951)[0m 
[36m(ClientAppActor pid=443951)[0m         
[36m(ClientAppActor pid=443955)[0m 
[36m(ClientAppActor pid=443955)[0m         
[36m(ClientAppActor pid=443951)[0m 
[36m(ClientAppActor pid=443951)[0m         
[36m(ClientAppActor pid=443951)[0m 
[36m(ClientAppActor pid=443951)[0m         
[36m(ClientAppActor pid=443955)[0m 
[36m(ClientAppActor pid=443955)[0m         
[92mINFO [0m:      aggregate_evaluate: received 10 results and 0 failures
INFO:flwr:aggregate_evaluate: received 10 results and 0 failures
[92mINFO [0m:      
INFO:flwr:
[92mINFO [0m:      [ROUND 45]
INFO:flwr:[ROUND 45]
[92mINFO [0m:      configure_fit: strategy sampled 10 clients (out of 10)
INFO:flwr:configure_fit: strategy sampled 10 clients (out of 10)
[36m(ClientAppActor pid=443951)[0m 
[36m(ClientAppActor pid=443951)[0m         
[36m(ClientAppActor pid=443951)[0m [Client 8] Training on NVIDIA GeForce RTX 3060[32m [repeated 2x across cluster][0m
[36m(ClientAppActor pid=443955)[0m 
[36m(ClientAppActor pid=443955)[0m         
[36m(ClientAppActor pid=443955)[0m 
[36m(ClientAppActor pid=443955)[0m         
[36m(ClientAppActor pid=443951)[0m 
[36m(ClientAppActor pid=443951)[0m         
[36m(ClientAppActor pid=443955)[0m 
[36m(ClientAppActor pid=443955)[0m         
[36m(ClientAppActor pid=443951)[0m 
[36m(ClientAppActor pid=443951)[0m         
[36m(ClientAppActor pid=443955)[0m 
[36m(ClientAppActor pid=443955)[0m         
[36m(ClientAppActor pid=443955)[0m 
[36m(ClientAppActor pid=443955)[0m         
[36m(ClientAppActor pid=443955)[0m 
[36m(ClientAppActor pid=443955)[0m         
[36m(ClientAppActor pid=443955)[0m [93mWARNING [0m:   DEPRECATED FEATURE: `client_fn` now expects a signature `def client_fn(context: Context)`.The provided `client_fn` has signature: {'cid': <Parameter "cid: str">}. You can import the `Context` like this: `from flwr.app import Context`[32m [repeated 18x across cluster][0m
[36m(ClientAppActor pid=443955)[0m             This is a deprecated feature. It will be removed[32m [repeated 18x across cluster][0m
[36m(ClientAppActor pid=443955)[0m             entirely in future versions of Flower.[32m [repeated 18x across cluster][0m
[36m(ClientAppActor pid=443955)[0m 
[36m(ClientAppActor pid=443955)[0m         
[92mINFO [0m:      aggregate_fit: received 10 results and 0 failures
INFO:flwr:aggregate_fit: received 10 results and 0 failures
[CascadeRouter] Round 45: 10 clients, 24578 parameters/client
[92mINFO [0m:      configure_evaluate: strategy sampled 10 clients (out of 10)
INFO:flwr:configure_evaluate: strategy sampled 10 clients (out of 10)
[36m(ClientAppActor pid=443951)[0m 
[36m(ClientAppActor pid=443951)[0m         
[36m(ClientAppActor pid=443951)[0m [93mWARNING [0m:   DEPRECATED FEATURE: `client_fn` now expects a signature `def client_fn(context: Context)`.The provided `client_fn` has signature: {'cid': <Parameter "cid: str">}. You can import the `Context` like this: `from flwr.app import Context`[32m [repeated 2x across cluster][0m
[36m(ClientAppActor pid=443951)[0m             This is a deprecated feature. It will be removed[32m [repeated 2x across cluster][0m
[36m(ClientAppActor pid=443951)[0m             entirely in future versions of Flower.[32m [repeated 2x across cluster][0m
[36m(ClientAppActor pid=443955)[0m 
[36m(ClientAppActor pid=443955)[0m         
[36m(ClientAppActor pid=443951)[0m 
[36m(ClientAppActor pid=443951)[0m         
[36m(ClientAppActor pid=443955)[0m 
[36m(ClientAppActor pid=443955)[0m         
[36m(ClientAppActor pid=443951)[0m 
[36m(ClientAppActor pid=443951)[0m         
[36m(ClientAppActor pid=443955)[0m 
[36m(ClientAppActor pid=443955)[0m         
[36m(ClientAppActor pid=443951)[0m 
[36m(ClientAppActor pid=443951)[0m         
[36m(ClientAppActor pid=443955)[0m 
[36m(ClientAppActor pid=443955)[0m         
[36m(ClientAppActor pid=443951)[0m 
[36m(ClientAppActor pid=443951)[0m         
[36m(ClientAppActor pid=443955)[0m 
[36m(ClientAppActor pid=443955)[0m         
[92mINFO [0m:      aggregate_evaluate: received 10 results and 0 failures
INFO:flwr:aggregate_evaluate: received 10 results and 0 failures
[92mINFO [0m:      
INFO:flwr:
[92mINFO [0m:      [ROUND 46]
INFO:flwr:[ROUND 46]
[92mINFO [0m:      configure_fit: strategy sampled 10 clients (out of 10)
INFO:flwr:configure_fit: strategy sampled 10 clients (out of 10)
[36m(ClientAppActor pid=443955)[0m 
[36m(ClientAppActor pid=443955)[0m         
[36m(ClientAppActor pid=443951)[0m 
[36m(ClientAppActor pid=443951)[0m         
[36m(ClientAppActor pid=443955)[0m [Client 8] Training on NVIDIA GeForce RTX 3060[32m [repeated 10x across cluster][0m
[36m(ClientAppActor pid=443951)[0m 
[36m(ClientAppActor pid=443951)[0m         
[36m(ClientAppActor pid=443955)[0m 
[36m(ClientAppActor pid=443955)[0m         
[36m(ClientAppActor pid=443955)[0m 
[36m(ClientAppActor pid=443955)[0m         
[36m(ClientAppActor pid=443955)[0m 
[36m(ClientAppActor pid=443955)[0m         
[36m(ClientAppActor pid=443955)[0m 
[36m(ClientAppActor pid=443955)[0m         
[36m(ClientAppActor pid=443955)[0m 
[36m(ClientAppActor pid=443955)[0m         
[36m(ClientAppActor pid=443955)[0m [93mWARNING [0m:   DEPRECATED FEATURE: `client_fn` now expects a signature `def client_fn(context: Context)`.The provided `client_fn` has signature: {'cid': <Parameter "cid: str">}. You can import the `Context` like this: `from flwr.app import Context`[32m [repeated 17x across cluster][0m
[36m(ClientAppActor pid=443955)[0m             This is a deprecated feature. It will be removed[32m [repeated 17x across cluster][0m
[36m(ClientAppActor pid=443955)[0m             entirely in future versions of Flower.[32m [repeated 17x across cluster][0m
[36m(ClientAppActor pid=443955)[0m [Client 9] Training on NVIDIA GeForce RTX 3060[32m [repeated 8x across cluster][0m
[36m(ClientAppActor pid=443955)[0m 
[36m(ClientAppActor pid=443955)[0m         
[36m(ClientAppActor pid=443955)[0m 
[36m(ClientAppActor pid=443955)[0m         
[92mINFO [0m:      aggregate_fit: received 10 results and 0 failures
INFO:flwr:aggregate_fit: received 10 results and 0 failures
[CascadeRouter] Round 46: 10 clients, 24578 parameters/client
[92mINFO [0m:      configure_evaluate: strategy sampled 10 clients (out of 10)
INFO:flwr:configure_evaluate: strategy sampled 10 clients (out of 10)
[36m(ClientAppActor pid=443951)[0m 
[36m(ClientAppActor pid=443951)[0m         
[36m(ClientAppActor pid=443951)[0m [93mWARNING [0m:   DEPRECATED FEATURE: `client_fn` now expects a signature `def client_fn(context: Context)`.The provided `client_fn` has signature: {'cid': <Parameter "cid: str">}. You can import the `Context` like this: `from flwr.app import Context`[32m [repeated 3x across cluster][0m
[36m(ClientAppActor pid=443951)[0m             This is a deprecated feature. It will be removed[32m [repeated 3x across cluster][0m
[36m(ClientAppActor pid=443951)[0m             entirely in future versions of Flower.[32m [repeated 3x across cluster][0m
[36m(ClientAppActor pid=443955)[0m 
[36m(ClientAppActor pid=443955)[0m         
[36m(ClientAppActor pid=443951)[0m 
[36m(ClientAppActor pid=443951)[0m         
[36m(ClientAppActor pid=443955)[0m 
[36m(ClientAppActor pid=443955)[0m         
[36m(ClientAppActor pid=443951)[0m 
[36m(ClientAppActor pid=443951)[0m         
[36m(ClientAppActor pid=443955)[0m 
[36m(ClientAppActor pid=443955)[0m         
[36m(ClientAppActor pid=443951)[0m 
[36m(ClientAppActor pid=443951)[0m         
[36m(ClientAppActor pid=443955)[0m 
[36m(ClientAppActor pid=443955)[0m         
[36m(ClientAppActor pid=443951)[0m 
[36m(ClientAppActor pid=443951)[0m         
[36m(ClientAppActor pid=443955)[0m 
[36m(ClientAppActor pid=443955)[0m         
[92mINFO [0m:      aggregate_evaluate: received 10 results and 0 failures
INFO:flwr:aggregate_evaluate: received 10 results and 0 failures
[92mINFO [0m:      
INFO:flwr:
[92mINFO [0m:      [ROUND 47]
INFO:flwr:[ROUND 47]
[92mINFO [0m:      configure_fit: strategy sampled 10 clients (out of 10)
INFO:flwr:configure_fit: strategy sampled 10 clients (out of 10)
[36m(ClientAppActor pid=443951)[0m 
[36m(ClientAppActor pid=443951)[0m         
[36m(ClientAppActor pid=443955)[0m [Client 9] Training on NVIDIA GeForce RTX 3060[32m [repeated 2x across cluster][0m
[36m(ClientAppActor pid=443955)[0m 
[36m(ClientAppActor pid=443955)[0m         
[36m(ClientAppActor pid=443955)[0m 
[36m(ClientAppActor pid=443955)[0m         
[36m(ClientAppActor pid=443951)[0m 
[36m(ClientAppActor pid=443951)[0m         
[36m(ClientAppActor pid=443951)[0m 
[36m(ClientAppActor pid=443951)[0m         
[36m(ClientAppActor pid=443951)[0m 
[36m(ClientAppActor pid=443951)[0m         
[36m(ClientAppActor pid=443955)[0m 
[36m(ClientAppActor pid=443955)[0m         
[36m(ClientAppActor pid=443951)[0m 
[36m(ClientAppActor pid=443951)[0m         
[36m(ClientAppActor pid=443955)[0m 
[36m(ClientAppActor pid=443955)[0m         
[36m(ClientAppActor pid=443951)[0m 
[36m(ClientAppActor pid=443951)[0m         
[92mINFO [0m:      aggregate_fit: received 10 results and 0 failures
INFO:flwr:aggregate_fit: received 10 results and 0 failures
[CascadeRouter] Round 47: 10 clients, 24578 parameters/client
[92mINFO [0m:      configure_evaluate: strategy sampled 10 clients (out of 10)
INFO:flwr:configure_evaluate: strategy sampled 10 clients (out of 10)
[36m(ClientAppActor pid=443951)[0m 
[36m(ClientAppActor pid=443951)[0m         
[36m(ClientAppActor pid=443951)[0m [93mWARNING [0m:   DEPRECATED FEATURE: `client_fn` now expects a signature `def client_fn(context: Context)`.The provided `client_fn` has signature: {'cid': <Parameter "cid: str">}. You can import the `Context` like this: `from flwr.app import Context`[32m [repeated 20x across cluster][0m
[36m(ClientAppActor pid=443951)[0m             This is a deprecated feature. It will be removed[32m [repeated 20x across cluster][0m
[36m(ClientAppActor pid=443951)[0m             entirely in future versions of Flower.[32m [repeated 20x across cluster][0m
[36m(ClientAppActor pid=443955)[0m 
[36m(ClientAppActor pid=443955)[0m         
[36m(ClientAppActor pid=443955)[0m 
[36m(ClientAppActor pid=443955)[0m         
[36m(ClientAppActor pid=443951)[0m 
[36m(ClientAppActor pid=443951)[0m         
[36m(ClientAppActor pid=443951)[0m 
[36m(ClientAppActor pid=443951)[0m         
[36m(ClientAppActor pid=443955)[0m 
[36m(ClientAppActor pid=443955)[0m         
[36m(ClientAppActor pid=443951)[0m 
[36m(ClientAppActor pid=443951)[0m         
[36m(ClientAppActor pid=443955)[0m 
[36m(ClientAppActor pid=443955)[0m         
[36m(ClientAppActor pid=443951)[0m 
[36m(ClientAppActor pid=443951)[0m         
[36m(ClientAppActor pid=443955)[0m 
[36m(ClientAppActor pid=443955)[0m         
[92mINFO [0m:      aggregate_evaluate: received 10 results and 0 failures
INFO:flwr:aggregate_evaluate: received 10 results and 0 failures
[92mINFO [0m:      
INFO:flwr:
[92mINFO [0m:      [ROUND 48]
INFO:flwr:[ROUND 48]
[92mINFO [0m:      configure_fit: strategy sampled 10 clients (out of 10)
INFO:flwr:configure_fit: strategy sampled 10 clients (out of 10)
[36m(ClientAppActor pid=443951)[0m 
[36m(ClientAppActor pid=443951)[0m         
[36m(ClientAppActor pid=443955)[0m [Client 4] Training on NVIDIA GeForce RTX 3060[32m [repeated 10x across cluster][0m
[36m(ClientAppActor pid=443955)[0m 
[36m(ClientAppActor pid=443955)[0m         
[36m(ClientAppActor pid=443951)[0m 
[36m(ClientAppActor pid=443951)[0m         
[36m(ClientAppActor pid=443955)[0m 
[36m(ClientAppActor pid=443955)[0m         
[36m(ClientAppActor pid=443951)[0m 
[36m(ClientAppActor pid=443951)[0m         
[36m(ClientAppActor pid=443955)[0m 
[36m(ClientAppActor pid=443955)[0m         
[36m(ClientAppActor pid=443951)[0m 
[36m(ClientAppActor pid=443951)[0m         
[36m(ClientAppActor pid=443955)[0m 
[36m(ClientAppActor pid=443955)[0m         
[36m(ClientAppActor pid=443951)[0m 
[36m(ClientAppActor pid=443951)[0m         
[36m(ClientAppActor pid=443951)[0m 
[36m(ClientAppActor pid=443951)[0m         
[92mINFO [0m:      aggregate_fit: received 10 results and 0 failures
INFO:flwr:aggregate_fit: received 10 results and 0 failures
[CascadeRouter] Round 48: 10 clients, 24578 parameters/client
[92mINFO [0m:      configure_evaluate: strategy sampled 10 clients (out of 10)
INFO:flwr:configure_evaluate: strategy sampled 10 clients (out of 10)
[36m(ClientAppActor pid=443951)[0m 
[36m(ClientAppActor pid=443951)[0m         
[36m(ClientAppActor pid=443951)[0m [93mWARNING [0m:   DEPRECATED FEATURE: `client_fn` now expects a signature `def client_fn(context: Context)`.The provided `client_fn` has signature: {'cid': <Parameter "cid: str">}. You can import the `Context` like this: `from flwr.app import Context`[32m [repeated 20x across cluster][0m
[36m(ClientAppActor pid=443951)[0m             This is a deprecated feature. It will be removed[32m [repeated 20x across cluster][0m
[36m(ClientAppActor pid=443951)[0m             entirely in future versions of Flower.[32m [repeated 20x across cluster][0m
[36m(ClientAppActor pid=443955)[0m 
[36m(ClientAppActor pid=443955)[0m         
[36m(ClientAppActor pid=443951)[0m 
[36m(ClientAppActor pid=443951)[0m         
[36m(ClientAppActor pid=443955)[0m 
[36m(ClientAppActor pid=443955)[0m         
[36m(ClientAppActor pid=443951)[0m 
[36m(ClientAppActor pid=443951)[0m         
[36m(ClientAppActor pid=443955)[0m 
[36m(ClientAppActor pid=443955)[0m         
[36m(ClientAppActor pid=443951)[0m 
[36m(ClientAppActor pid=443951)[0m         
[36m(ClientAppActor pid=443955)[0m 
[36m(ClientAppActor pid=443955)[0m         
[36m(ClientAppActor pid=443951)[0m 
[36m(ClientAppActor pid=443951)[0m         
[36m(ClientAppActor pid=443955)[0m 
[36m(ClientAppActor pid=443955)[0m         
[92mINFO [0m:      aggregate_evaluate: received 10 results and 0 failures
INFO:flwr:aggregate_evaluate: received 10 results and 0 failures
[92mINFO [0m:      
INFO:flwr:
[92mINFO [0m:      [ROUND 49]
INFO:flwr:[ROUND 49]
[92mINFO [0m:      configure_fit: strategy sampled 10 clients (out of 10)
INFO:flwr:configure_fit: strategy sampled 10 clients (out of 10)
[36m(ClientAppActor pid=443951)[0m 
[36m(ClientAppActor pid=443951)[0m         
[36m(ClientAppActor pid=443955)[0m [Client 1] Training on NVIDIA GeForce RTX 3060[32m [repeated 10x across cluster][0m
[36m(ClientAppActor pid=443955)[0m 
[36m(ClientAppActor pid=443955)[0m         
[36m(ClientAppActor pid=443955)[0m 
[36m(ClientAppActor pid=443955)[0m         
[36m(ClientAppActor pid=443951)[0m 
[36m(ClientAppActor pid=443951)[0m         
[36m(ClientAppActor pid=443951)[0m 
[36m(ClientAppActor pid=443951)[0m         
[36m(ClientAppActor pid=443951)[0m 
[36m(ClientAppActor pid=443951)[0m         
[36m(ClientAppActor pid=443951)[0m 
[36m(ClientAppActor pid=443951)[0m         
[36m(ClientAppActor pid=443951)[0m 
[36m(ClientAppActor pid=443951)[0m         
[36m(ClientAppActor pid=443951)[0m [93mWARNING [0m:   DEPRECATED FEATURE: `client_fn` now expects a signature `def client_fn(context: Context)`.The provided `client_fn` has signature: {'cid': <Parameter "cid: str">}. You can import the `Context` like this: `from flwr.app import Context`[32m [repeated 17x across cluster][0m
[36m(ClientAppActor pid=443951)[0m             This is a deprecated feature. It will be removed[32m [repeated 17x across cluster][0m
[36m(ClientAppActor pid=443951)[0m             entirely in future versions of Flower.[32m [repeated 17x across cluster][0m
[36m(ClientAppActor pid=443951)[0m 
[36m(ClientAppActor pid=443951)[0m         
[36m(ClientAppActor pid=443951)[0m 
[36m(ClientAppActor pid=443951)[0m         
[36m(ClientAppActor pid=443951)[0m [Client 0] Training on NVIDIA GeForce RTX 3060[32m [repeated 9x across cluster][0m
[92mINFO [0m:      aggregate_fit: received 10 results and 0 failures
INFO:flwr:aggregate_fit: received 10 results and 0 failures
[CascadeRouter] Round 49: 10 clients, 24578 parameters/client
[92mINFO [0m:      configure_evaluate: strategy sampled 10 clients (out of 10)
INFO:flwr:configure_evaluate: strategy sampled 10 clients (out of 10)
[36m(ClientAppActor pid=443951)[0m 
[36m(ClientAppActor pid=443951)[0m         
[36m(ClientAppActor pid=443951)[0m [93mWARNING [0m:   DEPRECATED FEATURE: `client_fn` now expects a signature `def client_fn(context: Context)`.The provided `client_fn` has signature: {'cid': <Parameter "cid: str">}. You can import the `Context` like this: `from flwr.app import Context`[32m [repeated 3x across cluster][0m
[36m(ClientAppActor pid=443951)[0m             This is a deprecated feature. It will be removed[32m [repeated 3x across cluster][0m
[36m(ClientAppActor pid=443951)[0m             entirely in future versions of Flower.[32m [repeated 3x across cluster][0m
[36m(ClientAppActor pid=443955)[0m 
[36m(ClientAppActor pid=443955)[0m         
[36m(ClientAppActor pid=443951)[0m 
[36m(ClientAppActor pid=443951)[0m         
[36m(ClientAppActor pid=443955)[0m 
[36m(ClientAppActor pid=443955)[0m         
[36m(ClientAppActor pid=443951)[0m 
[36m(ClientAppActor pid=443951)[0m         
[36m(ClientAppActor pid=443955)[0m 
[36m(ClientAppActor pid=443955)[0m         
[36m(ClientAppActor pid=443955)[0m 
[36m(ClientAppActor pid=443955)[0m         
[36m(ClientAppActor pid=443951)[0m 
[36m(ClientAppActor pid=443951)[0m         
[36m(ClientAppActor pid=443955)[0m 
[36m(ClientAppActor pid=443955)[0m         
[36m(ClientAppActor pid=443951)[0m 
[36m(ClientAppActor pid=443951)[0m         
[92mINFO [0m:      aggregate_evaluate: received 10 results and 0 failures
INFO:flwr:aggregate_evaluate: received 10 results and 0 failures
[92mINFO [0m:      
INFO:flwr:
[92mINFO [0m:      [ROUND 50]
INFO:flwr:[ROUND 50]
[92mINFO [0m:      configure_fit: strategy sampled 10 clients (out of 10)
INFO:flwr:configure_fit: strategy sampled 10 clients (out of 10)
[36m(ClientAppActor pid=443951)[0m 
[36m(ClientAppActor pid=443951)[0m         
[36m(ClientAppActor pid=443951)[0m [Client 9] Training on NVIDIA GeForce RTX 3060
[36m(ClientAppActor pid=443955)[0m [Client 1] Training on NVIDIA GeForce RTX 3060
[36m(ClientAppActor pid=443955)[0m 
[36m(ClientAppActor pid=443955)[0m         
[36m(ClientAppActor pid=443951)[0m 
[36m(ClientAppActor pid=443951)[0m         
[36m(ClientAppActor pid=443955)[0m 
[36m(ClientAppActor pid=443955)[0m         
[36m(ClientAppActor pid=443951)[0m 
[36m(ClientAppActor pid=443951)[0m         
[36m(ClientAppActor pid=443955)[0m 
[36m(ClientAppActor pid=443955)[0m         
[36m(ClientAppActor pid=443955)[0m 
[36m(ClientAppActor pid=443955)[0m         
[36m(ClientAppActor pid=443955)[0m 
[36m(ClientAppActor pid=443955)[0m         
[36m(ClientAppActor pid=443955)[0m 
[36m(ClientAppActor pid=443955)[0m         
[36m(ClientAppActor pid=443955)[0m [93mWARNING [0m:   DEPRECATED FEATURE: `client_fn` now expects a signature `def client_fn(context: Context)`.The provided `client_fn` has signature: {'cid': <Parameter "cid: str">}. You can import the `Context` like this: `from flwr.app import Context`[32m [repeated 18x across cluster][0m
[36m(ClientAppActor pid=443955)[0m             This is a deprecated feature. It will be removed[32m [repeated 18x across cluster][0m
[36m(ClientAppActor pid=443955)[0m             entirely in future versions of Flower.[32m [repeated 18x across cluster][0m
[36m(ClientAppActor pid=443955)[0m [Client 4] Training on NVIDIA GeForce RTX 3060[32m [repeated 8x across cluster][0m
[36m(ClientAppActor pid=443955)[0m 
[36m(ClientAppActor pid=443955)[0m         
[92mINFO [0m:      aggregate_fit: received 10 results and 0 failures
INFO:flwr:aggregate_fit: received 10 results and 0 failures
[CascadeRouter] Round 50: 10 clients, 24578 parameters/client
[92mINFO [0m:      configure_evaluate: strategy sampled 10 clients (out of 10)
INFO:flwr:configure_evaluate: strategy sampled 10 clients (out of 10)
[36m(ClientAppActor pid=443951)[0m 
[36m(ClientAppActor pid=443951)[0m         
[36m(ClientAppActor pid=443951)[0m [93mWARNING [0m:   DEPRECATED FEATURE: `client_fn` now expects a signature `def client_fn(context: Context)`.The provided `client_fn` has signature: {'cid': <Parameter "cid: str">}. You can import the `Context` like this: `from flwr.app import Context`[32m [repeated 2x across cluster][0m
[36m(ClientAppActor pid=443951)[0m             This is a deprecated feature. It will be removed[32m [repeated 2x across cluster][0m
[36m(ClientAppActor pid=443951)[0m             entirely in future versions of Flower.[32m [repeated 2x across cluster][0m
[36m(ClientAppActor pid=443955)[0m 
[36m(ClientAppActor pid=443955)[0m         
[36m(ClientAppActor pid=443951)[0m 
[36m(ClientAppActor pid=443951)[0m         
[36m(ClientAppActor pid=443955)[0m 
[36m(ClientAppActor pid=443955)[0m         
[36m(ClientAppActor pid=443951)[0m 
[36m(ClientAppActor pid=443951)[0m         
[36m(ClientAppActor pid=443955)[0m 
[36m(ClientAppActor pid=443955)[0m         
[36m(ClientAppActor pid=443951)[0m 
[36m(ClientAppActor pid=443951)[0m         
[36m(ClientAppActor pid=443955)[0m 
[36m(ClientAppActor pid=443955)[0m         
[36m(ClientAppActor pid=443951)[0m 
[36m(ClientAppActor pid=443951)[0m         
[36m(ClientAppActor pid=443955)[0m 
[36m(ClientAppActor pid=443955)[0m         
[92mINFO [0m:      aggregate_evaluate: received 10 results and 0 failures
INFO:flwr:aggregate_evaluate: received 10 results and 0 failures
[92mINFO [0m:      
INFO:flwr:
[92mINFO [0m:      [SUMMARY]
INFO:flwr:[SUMMARY]
[92mINFO [0m:      Run finished 50 round(s) in 720.76s
INFO:flwr:Run finished 50 round(s) in 720.76s
[92mINFO [0m:      	History (loss, distributed):
INFO:flwr:	History (loss, distributed):
[92mINFO [0m:      		round 1: 0.23994846778710682
INFO:flwr:		round 1: 0.23994846778710682
[92mINFO [0m:      		round 2: 0.1405075618505478
INFO:flwr:		round 2: 0.1405075618505478
[92mINFO [0m:      		round 3: 0.1407419517993927
INFO:flwr:		round 3: 0.1407419517993927
[92mINFO [0m:      		round 4: 0.13455204412142435
INFO:flwr:		round 4: 0.13455204412142435
[92mINFO [0m:      		round 5: 0.13546141157944996
INFO:flwr:		round 5: 0.13546141157944996
[92mINFO [0m:      		round 6: 0.13717206048170724
INFO:flwr:		round 6: 0.13717206048170724
[92mINFO [0m:      		round 7: 0.14013179524739583
INFO:flwr:		round 7: 0.14013179524739583
[92mINFO [0m:      		round 8: 0.14952714284261068
INFO:flwr:		round 8: 0.14952714284261068
[92mINFO [0m:      		round 9: 0.15026722202301027
INFO:flwr:		round 9: 0.15026722202301027
[92mINFO [0m:      		round 10: 0.1477510969956716
INFO:flwr:		round 10: 0.1477510969956716
[92mINFO [0m:      		round 11: 0.15516612361272175
INFO:flwr:		round 11: 0.15516612361272175
[92mINFO [0m:      		round 12: 0.15527481355667114
INFO:flwr:		round 12: 0.15527481355667114
[92mINFO [0m:      		round 13: 0.16277747298876444
INFO:flwr:		round 13: 0.16277747298876444
[92mINFO [0m:      		round 14: 0.16275879990259806
INFO:flwr:		round 14: 0.16275879990259806
[92mINFO [0m:      		round 15: 0.15876255205472312
INFO:flwr:		round 15: 0.15876255205472312
[92mINFO [0m:      		round 16: 0.15606738004684448
INFO:flwr:		round 16: 0.15606738004684448
[92mINFO [0m:      		round 17: 0.15746513663927714
INFO:flwr:		round 17: 0.15746513663927714
[92mINFO [0m:      		round 18: 0.16576665105819702
INFO:flwr:		round 18: 0.16576665105819702
[92mINFO [0m:      		round 19: 0.15784365542729695
INFO:flwr:		round 19: 0.15784365542729695
[92mINFO [0m:      		round 20: 0.1629062473932902
INFO:flwr:		round 20: 0.1629062473932902
[92mINFO [0m:      		round 21: 0.16510201257069906
INFO:flwr:		round 21: 0.16510201257069906
[92mINFO [0m:      		round 22: 0.16716207962036134
INFO:flwr:		round 22: 0.16716207962036134
[92mINFO [0m:      		round 23: 0.17571492575009665
INFO:flwr:		round 23: 0.17571492575009665
[92mINFO [0m:      		round 24: 0.17209289325078328
INFO:flwr:		round 24: 0.17209289325078328
[92mINFO [0m:      		round 25: 0.18526449998219807
INFO:flwr:		round 25: 0.18526449998219807
[92mINFO [0m:      		round 26: 0.1858881914615631
INFO:flwr:		round 26: 0.1858881914615631
[92mINFO [0m:      		round 27: 0.17762645998001098
INFO:flwr:		round 27: 0.17762645998001098
[92mINFO [0m:      		round 28: 0.17237226610183715
INFO:flwr:		round 28: 0.17237226610183715
[92mINFO [0m:      		round 29: 0.1707358585357666
INFO:flwr:		round 29: 0.1707358585357666
[92mINFO [0m:      		round 30: 0.19401347484588624
INFO:flwr:		round 30: 0.19401347484588624
[92mINFO [0m:      		round 31: 0.18678632632891337
INFO:flwr:		round 31: 0.18678632632891337
[92mINFO [0m:      		round 32: 0.19067992575963338
INFO:flwr:		round 32: 0.19067992575963338
[92mINFO [0m:      		round 33: 0.18592294200261433
INFO:flwr:		round 33: 0.18592294200261433
[92mINFO [0m:      		round 34: 0.17977393905321756
INFO:flwr:		round 34: 0.17977393905321756
[92mINFO [0m:      		round 35: 0.19162978491783142
INFO:flwr:		round 35: 0.19162978491783142
[92mINFO [0m:      		round 36: 0.19361909348169962
INFO:flwr:		round 36: 0.19361909348169962
[92mINFO [0m:      		round 37: 0.19584687264760337
INFO:flwr:		round 37: 0.19584687264760337
[92mINFO [0m:      		round 38: 0.19280297738711039
INFO:flwr:		round 38: 0.19280297738711039
[92mINFO [0m:      		round 39: 0.18768175660769146
INFO:flwr:		round 39: 0.18768175660769146
[92mINFO [0m:      		round 40: 0.20748728109995523
INFO:flwr:		round 40: 0.20748728109995523
[92mINFO [0m:      		round 41: 0.19334157789548237
INFO:flwr:		round 41: 0.19334157789548237
[92mINFO [0m:      		round 42: 0.18223837858835856
INFO:flwr:		round 42: 0.18223837858835856
[92mINFO [0m:      		round 43: 0.1974326813062032
INFO:flwr:		round 43: 0.1974326813062032
[92mINFO [0m:      		round 44: 0.2034639633178711
INFO:flwr:		round 44: 0.2034639633178711
[92mINFO [0m:      		round 45: 0.1992656929175059
INFO:flwr:		round 45: 0.1992656929175059
[92mINFO [0m:      		round 46: 0.18785573544502257
INFO:flwr:		round 46: 0.18785573544502257
[92mINFO [0m:      		round 47: 0.19505207414627077
INFO:flwr:		round 47: 0.19505207414627077
[92mINFO [0m:      		round 48: 0.19615542300542196
INFO:flwr:		round 48: 0.19615542300542196
[92mINFO [0m:      		round 49: 0.20532628424962363
INFO:flwr:		round 49: 0.20532628424962363
[92mINFO [0m:      		round 50: 0.21688679971694946
INFO:flwr:		round 50: 0.21688679971694946
[92mINFO [0m:      	History (metrics, distributed, fit):
INFO:flwr:	History (metrics, distributed, fit):
[92mINFO [0m:      	{'layer1_reject_rate_at_threshold': [(1, 0.0),
INFO:flwr:	{'layer1_reject_rate_at_threshold': [(1, 0.0),
[92mINFO [0m:      	                                     (2, 0.0),
INFO:flwr:	                                     (2, 0.0),
[92mINFO [0m:      	                                     (3, 0.0),
INFO:flwr:	                                     (3, 0.0),
[92mINFO [0m:      	                                     (4, 0.0),
INFO:flwr:	                                     (4, 0.0),
[92mINFO [0m:      	                                     (5, 0.0),
INFO:flwr:	                                     (5, 0.0),
[92mINFO [0m:      	                                     (6, 0.0),
INFO:flwr:	                                     (6, 0.0),
[92mINFO [0m:      	                                     (7, 0.0),
INFO:flwr:	                                     (7, 0.0),
[92mINFO [0m:      	                                     (8, 0.0),
INFO:flwr:	                                     (8, 0.0),
[92mINFO [0m:      	                                     (9, 0.0),
INFO:flwr:	                                     (9, 0.0),
[92mINFO [0m:      	                                     (10, 0.0),
INFO:flwr:	                                     (10, 0.0),
[92mINFO [0m:      	                                     (11, 0.0),
INFO:flwr:	                                     (11, 0.0),
[92mINFO [0m:      	                                     (12, 0.0),
INFO:flwr:	                                     (12, 0.0),
[92mINFO [0m:      	                                     (13, 0.0),
INFO:flwr:	                                     (13, 0.0),
[92mINFO [0m:      	                                     (14, 0.0),
INFO:flwr:	                                     (14, 0.0),
[92mINFO [0m:      	                                     (15, 0.0),
INFO:flwr:	                                     (15, 0.0),
[92mINFO [0m:      	                                     (16, 0.0),
INFO:flwr:	                                     (16, 0.0),
[92mINFO [0m:      	                                     (17, 0.0),
INFO:flwr:	                                     (17, 0.0),
[92mINFO [0m:      	                                     (18, 0.0),
INFO:flwr:	                                     (18, 0.0),
[92mINFO [0m:      	                                     (19, 0.0),
INFO:flwr:	                                     (19, 0.0),
[92mINFO [0m:      	                                     (20, 0.0),
INFO:flwr:	                                     (20, 0.0),
[92mINFO [0m:      	                                     (21, 0.0),
INFO:flwr:	                                     (21, 0.0),
[92mINFO [0m:      	                                     (22, 0.0),
INFO:flwr:	                                     (22, 0.0),
[92mINFO [0m:      	                                     (23, 0.0),
INFO:flwr:	                                     (23, 0.0),
[92mINFO [0m:      	                                     (24, 0.0),
INFO:flwr:	                                     (24, 0.0),
[92mINFO [0m:      	                                     (25, 0.0),
INFO:flwr:	                                     (25, 0.0),
[92mINFO [0m:      	                                     (26, 0.0),
INFO:flwr:	                                     (26, 0.0),
[92mINFO [0m:      	                                     (27, 0.0),
INFO:flwr:	                                     (27, 0.0),
[92mINFO [0m:      	                                     (28, 0.0),
INFO:flwr:	                                     (28, 0.0),
[92mINFO [0m:      	                                     (29, 0.0),
INFO:flwr:	                                     (29, 0.0),
[92mINFO [0m:      	                                     (30, 0.0),
INFO:flwr:	                                     (30, 0.0),
[92mINFO [0m:      	                                     (31, 0.0),
INFO:flwr:	                                     (31, 0.0),
[92mINFO [0m:      	                                     (32, 0.0),
INFO:flwr:	                                     (32, 0.0),
[92mINFO [0m:      	                                     (33, 0.0),
INFO:flwr:	                                     (33, 0.0),
[92mINFO [0m:      	                                     (34, 0.0),
INFO:flwr:	                                     (34, 0.0),
[92mINFO [0m:      	                                     (35, 0.0),
INFO:flwr:	                                     (35, 0.0),
[92mINFO [0m:      	                                     (36, 0.0),
INFO:flwr:	                                     (36, 0.0),
[92mINFO [0m:      	                                     (37, 0.0),
INFO:flwr:	                                     (37, 0.0),
[92mINFO [0m:      	                                     (38, 0.0),
INFO:flwr:	                                     (38, 0.0),
[92mINFO [0m:      	                                     (39, 0.0),
INFO:flwr:	                                     (39, 0.0),
[92mINFO [0m:      	                                     (40, 0.0),
INFO:flwr:	                                     (40, 0.0),
[92mINFO [0m:      	                                     (41, 0.0),
INFO:flwr:	                                     (41, 0.0),
[92mINFO [0m:      	                                     (42, 0.0),
INFO:flwr:	                                     (42, 0.0),
[92mINFO [0m:      	                                     (43, 0.0),
INFO:flwr:	                                     (43, 0.0),
[92mINFO [0m:      	                                     (44, 0.0),
INFO:flwr:	                                     (44, 0.0),
[92mINFO [0m:      	                                     (45, 0.0),
INFO:flwr:	                                     (45, 0.0),
[92mINFO [0m:      	                                     (46, 0.0),
INFO:flwr:	                                     (46, 0.0),
[92mINFO [0m:      	                                     (47, 0.0),
INFO:flwr:	                                     (47, 0.0),
[92mINFO [0m:      	                                     (48, 0.0),
INFO:flwr:	                                     (48, 0.0),
[92mINFO [0m:      	                                     (49, 0.0),
INFO:flwr:	                                     (49, 0.0),
[92mINFO [0m:      	                                     (50, 0.0)],
INFO:flwr:	                                     (50, 0.0)],
[92mINFO [0m:      	 'layer1_reject_rate_raw': [(1, 0.0),
INFO:flwr:	 'layer1_reject_rate_raw': [(1, 0.0),
[92mINFO [0m:      	                            (2, 0.0),
INFO:flwr:	                            (2, 0.0),
[92mINFO [0m:      	                            (3, 0.0),
INFO:flwr:	                            (3, 0.0),
[92mINFO [0m:      	                            (4, 0.0),
INFO:flwr:	                            (4, 0.0),
[92mINFO [0m:      	                            (5, 0.0),
INFO:flwr:	                            (5, 0.0),
[92mINFO [0m:      	                            (6, 0.0),
INFO:flwr:	                            (6, 0.0),
[92mINFO [0m:      	                            (7, 0.0),
INFO:flwr:	                            (7, 0.0),
[92mINFO [0m:      	                            (8, 0.0),
INFO:flwr:	                            (8, 0.0),
[92mINFO [0m:      	                            (9, 0.0),
INFO:flwr:	                            (9, 0.0),
[92mINFO [0m:      	                            (10, 0.0),
INFO:flwr:	                            (10, 0.0),
[92mINFO [0m:      	                            (11, 0.0),
INFO:flwr:	                            (11, 0.0),
[92mINFO [0m:      	                            (12, 0.0),
INFO:flwr:	                            (12, 0.0),
[92mINFO [0m:      	                            (13, 0.0),
INFO:flwr:	                            (13, 0.0),
[92mINFO [0m:      	                            (14, 0.0),
INFO:flwr:	                            (14, 0.0),
[92mINFO [0m:      	                            (15, 0.0),
INFO:flwr:	                            (15, 0.0),
[92mINFO [0m:      	                            (16, 0.0),
INFO:flwr:	                            (16, 0.0),
[92mINFO [0m:      	                            (17, 0.0),
INFO:flwr:	                            (17, 0.0),
[92mINFO [0m:      	                            (18, 0.0),
INFO:flwr:	                            (18, 0.0),
[92mINFO [0m:      	                            (19, 0.0),
INFO:flwr:	                            (19, 0.0),
[92mINFO [0m:      	                            (20, 0.0),
INFO:flwr:	                            (20, 0.0),
[92mINFO [0m:      	                            (21, 0.0),
INFO:flwr:	                            (21, 0.0),
[92mINFO [0m:      	                            (22, 0.0),
INFO:flwr:	                            (22, 0.0),
[92mINFO [0m:      	                            (23, 0.0),
INFO:flwr:	                            (23, 0.0),
[92mINFO [0m:      	                            (24, 0.0),
INFO:flwr:	                            (24, 0.0),
[92mINFO [0m:      	                            (25, 0.0),
INFO:flwr:	                            (25, 0.0),
[92mINFO [0m:      	                            (26, 0.0),
INFO:flwr:	                            (26, 0.0),
[92mINFO [0m:      	                            (27, 0.0),
INFO:flwr:	                            (27, 0.0),
[92mINFO [0m:      	                            (28, 0.0),
INFO:flwr:	                            (28, 0.0),
[92mINFO [0m:      	                            (29, 0.0),
INFO:flwr:	                            (29, 0.0),
[92mINFO [0m:      	                            (30, 0.0),
INFO:flwr:	                            (30, 0.0),
[92mINFO [0m:      	                            (31, 0.0),
INFO:flwr:	                            (31, 0.0),
[92mINFO [0m:      	                            (32, 0.0),
INFO:flwr:	                            (32, 0.0),
[92mINFO [0m:      	                            (33, 0.0),
INFO:flwr:	                            (33, 0.0),
[92mINFO [0m:      	                            (34, 0.0),
INFO:flwr:	                            (34, 0.0),
[92mINFO [0m:      	                            (35, 0.0),
INFO:flwr:	                            (35, 0.0),
[92mINFO [0m:      	                            (36, 0.0),
INFO:flwr:	                            (36, 0.0),
[92mINFO [0m:      	                            (37, 0.0),
INFO:flwr:	                            (37, 0.0),
[92mINFO [0m:      	                            (38, 0.0),
INFO:flwr:	                            (38, 0.0),
[92mINFO [0m:      	                            (39, 0.0),
INFO:flwr:	                            (39, 0.0),
[92mINFO [0m:      	                            (40, 0.0),
INFO:flwr:	                            (40, 0.0),
[92mINFO [0m:      	                            (41, 0.0),
INFO:flwr:	                            (41, 0.0),
[92mINFO [0m:      	                            (42, 0.0),
INFO:flwr:	                            (42, 0.0),
[92mINFO [0m:      	                            (43, 0.0),
INFO:flwr:	                            (43, 0.0),
[92mINFO [0m:      	                            (44, 0.0),
INFO:flwr:	                            (44, 0.0),
[92mINFO [0m:      	                            (45, 0.0),
INFO:flwr:	                            (45, 0.0),
[92mINFO [0m:      	                            (46, 0.0),
INFO:flwr:	                            (46, 0.0),
[92mINFO [0m:      	                            (47, 0.0),
INFO:flwr:	                            (47, 0.0),
[92mINFO [0m:      	                            (48, 0.0),
INFO:flwr:	                            (48, 0.0),
[92mINFO [0m:      	                            (49, 0.0),
INFO:flwr:	                            (49, 0.0),
[92mINFO [0m:      	                            (50, 0.0)],
INFO:flwr:	                            (50, 0.0)],
[92mINFO [0m:      	 'layer1_threshold': [(1, 0.5),
INFO:flwr:	 'layer1_threshold': [(1, 0.5),
[92mINFO [0m:      	                      (2, 0.5),
INFO:flwr:	                      (2, 0.5),
[92mINFO [0m:      	                      (3, 0.5),
INFO:flwr:	                      (3, 0.5),
[92mINFO [0m:      	                      (4, 0.5),
INFO:flwr:	                      (4, 0.5),
[92mINFO [0m:      	                      (5, 0.5),
INFO:flwr:	                      (5, 0.5),
[92mINFO [0m:      	                      (6, 0.5),
INFO:flwr:	                      (6, 0.5),
[92mINFO [0m:      	                      (7, 0.5),
INFO:flwr:	                      (7, 0.5),
[92mINFO [0m:      	                      (8, 0.5),
INFO:flwr:	                      (8, 0.5),
[92mINFO [0m:      	                      (9, 0.5),
INFO:flwr:	                      (9, 0.5),
[92mINFO [0m:      	                      (10, 0.5),
INFO:flwr:	                      (10, 0.5),
[92mINFO [0m:      	                      (11, 0.5),
INFO:flwr:	                      (11, 0.5),
[92mINFO [0m:      	                      (12, 0.5),
INFO:flwr:	                      (12, 0.5),
[92mINFO [0m:      	                      (13, 0.5),
INFO:flwr:	                      (13, 0.5),
[92mINFO [0m:      	                      (14, 0.5),
INFO:flwr:	                      (14, 0.5),
[92mINFO [0m:      	                      (15, 0.5),
INFO:flwr:	                      (15, 0.5),
[92mINFO [0m:      	                      (16, 0.5),
INFO:flwr:	                      (16, 0.5),
[92mINFO [0m:      	                      (17, 0.5),
INFO:flwr:	                      (17, 0.5),
[92mINFO [0m:      	                      (18, 0.5),
INFO:flwr:	                      (18, 0.5),
[92mINFO [0m:      	                      (19, 0.5),
INFO:flwr:	                      (19, 0.5),
[92mINFO [0m:      	                      (20, 0.5),
INFO:flwr:	                      (20, 0.5),
[92mINFO [0m:      	                      (21, 0.5),
INFO:flwr:	                      (21, 0.5),
[92mINFO [0m:      	                      (22, 0.5),
INFO:flwr:	                      (22, 0.5),
[92mINFO [0m:      	                      (23, 0.5),
INFO:flwr:	                      (23, 0.5),
[92mINFO [0m:      	                      (24, 0.5),
INFO:flwr:	                      (24, 0.5),
[92mINFO [0m:      	                      (25, 0.5),
INFO:flwr:	                      (25, 0.5),
[92mINFO [0m:      	                      (26, 0.5),
INFO:flwr:	                      (26, 0.5),
[92mINFO [0m:      	                      (27, 0.5),
INFO:flwr:	                      (27, 0.5),
[92mINFO [0m:      	                      (28, 0.5),
INFO:flwr:	                      (28, 0.5),
[92mINFO [0m:      	                      (29, 0.5),
INFO:flwr:	                      (29, 0.5),
[92mINFO [0m:      	                      (30, 0.5),
INFO:flwr:	                      (30, 0.5),
[92mINFO [0m:      	                      (31, 0.5),
INFO:flwr:	                      (31, 0.5),
[92mINFO [0m:      	                      (32, 0.5),
INFO:flwr:	                      (32, 0.5),
[92mINFO [0m:      	                      (33, 0.5),
INFO:flwr:	                      (33, 0.5),
[92mINFO [0m:      	                      (34, 0.5),
INFO:flwr:	                      (34, 0.5),
[92mINFO [0m:      	                      (35, 0.5),
INFO:flwr:	                      (35, 0.5),
[92mINFO [0m:      	                      (36, 0.5),
INFO:flwr:	                      (36, 0.5),
[92mINFO [0m:      	                      (37, 0.5),
INFO:flwr:	                      (37, 0.5),
[92mINFO [0m:      	                      (38, 0.5),
INFO:flwr:	                      (38, 0.5),
[92mINFO [0m:      	                      (39, 0.5),
INFO:flwr:	                      (39, 0.5),
[92mINFO [0m:      	                      (40, 0.5),
INFO:flwr:	                      (40, 0.5),
[92mINFO [0m:      	                      (41, 0.5),
INFO:flwr:	                      (41, 0.5),
[92mINFO [0m:      	                      (42, 0.5),
INFO:flwr:	                      (42, 0.5),
[92mINFO [0m:      	                      (43, 0.5),
INFO:flwr:	                      (43, 0.5),
[92mINFO [0m:      	                      (44, 0.5),
INFO:flwr:	                      (44, 0.5),
[92mINFO [0m:      	                      (45, 0.5),
INFO:flwr:	                      (45, 0.5),
[92mINFO [0m:      	                      (46, 0.5),
INFO:flwr:	                      (46, 0.5),
[92mINFO [0m:      	                      (47, 0.5),
INFO:flwr:	                      (47, 0.5),
[92mINFO [0m:      	                      (48, 0.5),
INFO:flwr:	                      (48, 0.5),
[92mINFO [0m:      	                      (49, 0.5),
INFO:flwr:	                      (49, 0.5),
[92mINFO [0m:      	                      (50, 0.5)],
INFO:flwr:	                      (50, 0.5)],
[92mINFO [0m:      	 'layer2_reject_rate_at_threshold': [(1, 0.30000001192092896),
INFO:flwr:	 'layer2_reject_rate_at_threshold': [(1, 0.30000001192092896),
[92mINFO [0m:      	                                     (2, 0.4000000059604645),
INFO:flwr:	                                     (2, 0.4000000059604645),
[92mINFO [0m:      	                                     (3, 0.4000000059604645),
INFO:flwr:	                                     (3, 0.4000000059604645),
[92mINFO [0m:      	                                     (4, 0.4000000059604645),
INFO:flwr:	                                     (4, 0.4000000059604645),
[92mINFO [0m:      	                                     (5, 0.4000000059604645),
INFO:flwr:	                                     (5, 0.4000000059604645),
[92mINFO [0m:      	                                     (6, 0.4000000059604645),
INFO:flwr:	                                     (6, 0.4000000059604645),
[92mINFO [0m:      	                                     (7, 0.4000000059604645),
INFO:flwr:	                                     (7, 0.4000000059604645),
[92mINFO [0m:      	                                     (8, 0.4000000059604645),
INFO:flwr:	                                     (8, 0.4000000059604645),
[92mINFO [0m:      	                                     (9, 0.4000000059604645),
INFO:flwr:	                                     (9, 0.4000000059604645),
[92mINFO [0m:      	                                     (10, 0.4000000059604645),
INFO:flwr:	                                     (10, 0.4000000059604645),
[92mINFO [0m:      	                                     (11, 0.4000000059604645),
INFO:flwr:	                                     (11, 0.4000000059604645),
[92mINFO [0m:      	                                     (12, 0.4000000059604645),
INFO:flwr:	                                     (12, 0.4000000059604645),
[92mINFO [0m:      	                                     (13, 0.4000000059604645),
INFO:flwr:	                                     (13, 0.4000000059604645),
[92mINFO [0m:      	                                     (14, 0.4000000059604645),
INFO:flwr:	                                     (14, 0.4000000059604645),
[92mINFO [0m:      	                                     (15, 0.4000000059604645),
INFO:flwr:	                                     (15, 0.4000000059604645),
[92mINFO [0m:      	                                     (16, 0.4000000059604645),
INFO:flwr:	                                     (16, 0.4000000059604645),
[92mINFO [0m:      	                                     (17, 0.4000000059604645),
INFO:flwr:	                                     (17, 0.4000000059604645),
[92mINFO [0m:      	                                     (18, 0.30000001192092896),
INFO:flwr:	                                     (18, 0.30000001192092896),
[92mINFO [0m:      	                                     (19, 0.4000000059604645),
INFO:flwr:	                                     (19, 0.4000000059604645),
[92mINFO [0m:      	                                     (20, 0.4000000059604645),
INFO:flwr:	                                     (20, 0.4000000059604645),
[92mINFO [0m:      	                                     (21, 0.4000000059604645),
INFO:flwr:	                                     (21, 0.4000000059604645),
[92mINFO [0m:      	                                     (22, 0.4000000059604645),
INFO:flwr:	                                     (22, 0.4000000059604645),
[92mINFO [0m:      	                                     (23, 0.4000000059604645),
INFO:flwr:	                                     (23, 0.4000000059604645),
[92mINFO [0m:      	                                     (24, 0.4000000059604645),
INFO:flwr:	                                     (24, 0.4000000059604645),
[92mINFO [0m:      	                                     (25, 0.4000000059604645),
INFO:flwr:	                                     (25, 0.4000000059604645),
[92mINFO [0m:      	                                     (26, 0.4000000059604645),
INFO:flwr:	                                     (26, 0.4000000059604645),
[92mINFO [0m:      	                                     (27, 0.4000000059604645),
INFO:flwr:	                                     (27, 0.4000000059604645),
[92mINFO [0m:      	                                     (28, 0.4000000059604645),
INFO:flwr:	                                     (28, 0.4000000059604645),
[92mINFO [0m:      	                                     (29, 0.4000000059604645),
INFO:flwr:	                                     (29, 0.4000000059604645),
[92mINFO [0m:      	                                     (30, 0.4000000059604645),
INFO:flwr:	                                     (30, 0.4000000059604645),
[92mINFO [0m:      	                                     (31, 0.4000000059604645),
INFO:flwr:	                                     (31, 0.4000000059604645),
[92mINFO [0m:      	                                     (32, 0.4000000059604645),
INFO:flwr:	                                     (32, 0.4000000059604645),
[92mINFO [0m:      	                                     (33, 0.4000000059604645),
INFO:flwr:	                                     (33, 0.4000000059604645),
[92mINFO [0m:      	                                     (34, 0.4000000059604645),
INFO:flwr:	                                     (34, 0.4000000059604645),
[92mINFO [0m:      	                                     (35, 0.4000000059604645),
INFO:flwr:	                                     (35, 0.4000000059604645),
[92mINFO [0m:      	                                     (36, 0.4000000059604645),
INFO:flwr:	                                     (36, 0.4000000059604645),
[92mINFO [0m:      	                                     (37, 0.4000000059604645),
INFO:flwr:	                                     (37, 0.4000000059604645),
[92mINFO [0m:      	                                     (38, 0.4000000059604645),
INFO:flwr:	                                     (38, 0.4000000059604645),
[92mINFO [0m:      	                                     (39, 0.4000000059604645),
INFO:flwr:	                                     (39, 0.4000000059604645),
[92mINFO [0m:      	                                     (40, 0.4000000059604645),
INFO:flwr:	                                     (40, 0.4000000059604645),
[92mINFO [0m:      	                                     (41, 0.4000000059604645),
INFO:flwr:	                                     (41, 0.4000000059604645),
[92mINFO [0m:      	                                     (42, 0.4000000059604645),
INFO:flwr:	                                     (42, 0.4000000059604645),
[92mINFO [0m:      	                                     (43, 0.4000000059604645),
INFO:flwr:	                                     (43, 0.4000000059604645),
[92mINFO [0m:      	                                     (44, 0.4000000059604645),
INFO:flwr:	                                     (44, 0.4000000059604645),
[92mINFO [0m:      	                                     (45, 0.30000001192092896),
INFO:flwr:	                                     (45, 0.30000001192092896),
[92mINFO [0m:      	                                     (46, 0.30000001192092896),
INFO:flwr:	                                     (46, 0.30000001192092896),
[92mINFO [0m:      	                                     (47, 0.4000000059604645),
INFO:flwr:	                                     (47, 0.4000000059604645),
[92mINFO [0m:      	                                     (48, 0.4000000059604645),
INFO:flwr:	                                     (48, 0.4000000059604645),
[92mINFO [0m:      	                                     (49, 0.4000000059604645),
INFO:flwr:	                                     (49, 0.4000000059604645),
[92mINFO [0m:      	                                     (50, 0.4000000059604645)],
INFO:flwr:	                                     (50, 0.4000000059604645)],
[92mINFO [0m:      	 'layer2_reject_rate_raw': [(1, 0.30000001192092896),
INFO:flwr:	 'layer2_reject_rate_raw': [(1, 0.30000001192092896),
[92mINFO [0m:      	                            (2, 0.4000000059604645),
INFO:flwr:	                            (2, 0.4000000059604645),
[92mINFO [0m:      	                            (3, 0.4000000059604645),
INFO:flwr:	                            (3, 0.4000000059604645),
[92mINFO [0m:      	                            (4, 0.4000000059604645),
INFO:flwr:	                            (4, 0.4000000059604645),
[92mINFO [0m:      	                            (5, 0.4000000059604645),
INFO:flwr:	                            (5, 0.4000000059604645),
[92mINFO [0m:      	                            (6, 0.4000000059604645),
INFO:flwr:	                            (6, 0.4000000059604645),
[92mINFO [0m:      	                            (7, 0.4000000059604645),
INFO:flwr:	                            (7, 0.4000000059604645),
[92mINFO [0m:      	                            (8, 0.4000000059604645),
INFO:flwr:	                            (8, 0.4000000059604645),
[92mINFO [0m:      	                            (9, 0.4000000059604645),
INFO:flwr:	                            (9, 0.4000000059604645),
[92mINFO [0m:      	                            (10, 0.30000001192092896),
INFO:flwr:	                            (10, 0.30000001192092896),
[92mINFO [0m:      	                            (11, 0.30000001192092896),
INFO:flwr:	                            (11, 0.30000001192092896),
[92mINFO [0m:      	                            (12, 0.4000000059604645),
INFO:flwr:	                            (12, 0.4000000059604645),
[92mINFO [0m:      	                            (13, 0.4000000059604645),
INFO:flwr:	                            (13, 0.4000000059604645),
[92mINFO [0m:      	                            (14, 0.30000001192092896),
INFO:flwr:	                            (14, 0.30000001192092896),
[92mINFO [0m:      	                            (15, 0.4000000059604645),
INFO:flwr:	                            (15, 0.4000000059604645),
[92mINFO [0m:      	                            (16, 0.4000000059604645),
INFO:flwr:	                            (16, 0.4000000059604645),
[92mINFO [0m:      	                            (17, 0.30000001192092896),
INFO:flwr:	                            (17, 0.30000001192092896),
[92mINFO [0m:      	                            (18, 0.30000001192092896),
INFO:flwr:	                            (18, 0.30000001192092896),
[92mINFO [0m:      	                            (19, 0.30000001192092896),
INFO:flwr:	                            (19, 0.30000001192092896),
[92mINFO [0m:      	                            (20, 0.4000000059604645),
INFO:flwr:	                            (20, 0.4000000059604645),
[92mINFO [0m:      	                            (21, 0.30000001192092896),
INFO:flwr:	                            (21, 0.30000001192092896),
[92mINFO [0m:      	                            (22, 0.30000001192092896),
INFO:flwr:	                            (22, 0.30000001192092896),
[92mINFO [0m:      	                            (23, 0.30000001192092896),
INFO:flwr:	                            (23, 0.30000001192092896),
[92mINFO [0m:      	                            (24, 0.30000001192092896),
INFO:flwr:	                            (24, 0.30000001192092896),
[92mINFO [0m:      	                            (25, 0.30000001192092896),
INFO:flwr:	                            (25, 0.30000001192092896),
[92mINFO [0m:      	                            (26, 0.4000000059604645),
INFO:flwr:	                            (26, 0.4000000059604645),
[92mINFO [0m:      	                            (27, 0.30000001192092896),
INFO:flwr:	                            (27, 0.30000001192092896),
[92mINFO [0m:      	                            (28, 0.4000000059604645),
INFO:flwr:	                            (28, 0.4000000059604645),
[92mINFO [0m:      	                            (29, 0.4000000059604645),
INFO:flwr:	                            (29, 0.4000000059604645),
[92mINFO [0m:      	                            (30, 0.4000000059604645),
INFO:flwr:	                            (30, 0.4000000059604645),
[92mINFO [0m:      	                            (31, 0.4000000059604645),
INFO:flwr:	                            (31, 0.4000000059604645),
[92mINFO [0m:      	                            (32, 0.4000000059604645),
INFO:flwr:	                            (32, 0.4000000059604645),
[92mINFO [0m:      	                            (33, 0.4000000059604645),
INFO:flwr:	                            (33, 0.4000000059604645),
[92mINFO [0m:      	                            (34, 0.4000000059604645),
INFO:flwr:	                            (34, 0.4000000059604645),
[92mINFO [0m:      	                            (35, 0.4000000059604645),
INFO:flwr:	                            (35, 0.4000000059604645),
[92mINFO [0m:      	                            (36, 0.4000000059604645),
INFO:flwr:	                            (36, 0.4000000059604645),
[92mINFO [0m:      	                            (37, 0.4000000059604645),
INFO:flwr:	                            (37, 0.4000000059604645),
[92mINFO [0m:      	                            (38, 0.4000000059604645),
INFO:flwr:	                            (38, 0.4000000059604645),
[92mINFO [0m:      	                            (39, 0.4000000059604645),
INFO:flwr:	                            (39, 0.4000000059604645),
[92mINFO [0m:      	                            (40, 0.4000000059604645),
INFO:flwr:	                            (40, 0.4000000059604645),
[92mINFO [0m:      	                            (41, 0.4000000059604645),
INFO:flwr:	                            (41, 0.4000000059604645),
[92mINFO [0m:      	                            (42, 0.4000000059604645),
INFO:flwr:	                            (42, 0.4000000059604645),
[92mINFO [0m:      	                            (43, 0.4000000059604645),
INFO:flwr:	                            (43, 0.4000000059604645),
[92mINFO [0m:      	                            (44, 0.30000001192092896),
INFO:flwr:	                            (44, 0.30000001192092896),
[92mINFO [0m:      	                            (45, 0.20000000298023224),
INFO:flwr:	                            (45, 0.20000000298023224),
[92mINFO [0m:      	                            (46, 0.30000001192092896),
INFO:flwr:	                            (46, 0.30000001192092896),
[92mINFO [0m:      	                            (47, 0.4000000059604645),
INFO:flwr:	                            (47, 0.4000000059604645),
[92mINFO [0m:      	                            (48, 0.4000000059604645),
INFO:flwr:	                            (48, 0.4000000059604645),
[92mINFO [0m:      	                            (49, 0.4000000059604645),
INFO:flwr:	                            (49, 0.4000000059604645),
[92mINFO [0m:      	                            (50, 0.30000001192092896)],
INFO:flwr:	                            (50, 0.30000001192092896)],
[92mINFO [0m:      	 'layer2_threshold': [(1, 0.5),
INFO:flwr:	 'layer2_threshold': [(1, 0.5),
[92mINFO [0m:      	                      (2, 0.5),
INFO:flwr:	                      (2, 0.5),
[92mINFO [0m:      	                      (3, 0.55),
INFO:flwr:	                      (3, 0.55),
[92mINFO [0m:      	                      (4, 0.6000000000000001),
INFO:flwr:	                      (4, 0.6000000000000001),
[92mINFO [0m:      	                      (5, 0.6500000000000001),
INFO:flwr:	                      (5, 0.6500000000000001),
[92mINFO [0m:      	                      (6, 0.7000000000000002),
INFO:flwr:	                      (6, 0.7000000000000002),
[92mINFO [0m:      	                      (7, 0.7500000000000002),
INFO:flwr:	                      (7, 0.7500000000000002),
[92mINFO [0m:      	                      (8, 0.8),
INFO:flwr:	                      (8, 0.8),
[92mINFO [0m:      	                      (9, 0.8),
INFO:flwr:	                      (9, 0.8),
[92mINFO [0m:      	                      (10, 0.8),
INFO:flwr:	                      (10, 0.8),
[92mINFO [0m:      	                      (11, 0.8),
INFO:flwr:	                      (11, 0.8),
[92mINFO [0m:      	                      (12, 0.8),
INFO:flwr:	                      (12, 0.8),
[92mINFO [0m:      	                      (13, 0.8),
INFO:flwr:	                      (13, 0.8),
[92mINFO [0m:      	                      (14, 0.8),
INFO:flwr:	                      (14, 0.8),
[92mINFO [0m:      	                      (15, 0.8),
INFO:flwr:	                      (15, 0.8),
[92mINFO [0m:      	                      (16, 0.8),
INFO:flwr:	                      (16, 0.8),
[92mINFO [0m:      	                      (17, 0.8),
INFO:flwr:	                      (17, 0.8),
[92mINFO [0m:      	                      (18, 0.8),
INFO:flwr:	                      (18, 0.8),
[92mINFO [0m:      	                      (19, 0.8),
INFO:flwr:	                      (19, 0.8),
[92mINFO [0m:      	                      (20, 0.8),
INFO:flwr:	                      (20, 0.8),
[92mINFO [0m:      	                      (21, 0.8),
INFO:flwr:	                      (21, 0.8),
[92mINFO [0m:      	                      (22, 0.8),
INFO:flwr:	                      (22, 0.8),
[92mINFO [0m:      	                      (23, 0.8),
INFO:flwr:	                      (23, 0.8),
[92mINFO [0m:      	                      (24, 0.8),
INFO:flwr:	                      (24, 0.8),
[92mINFO [0m:      	                      (25, 0.8),
INFO:flwr:	                      (25, 0.8),
[92mINFO [0m:      	                      (26, 0.8),
INFO:flwr:	                      (26, 0.8),
[92mINFO [0m:      	                      (27, 0.8),
INFO:flwr:	                      (27, 0.8),
[92mINFO [0m:      	                      (28, 0.8),
INFO:flwr:	                      (28, 0.8),
[92mINFO [0m:      	                      (29, 0.8),
INFO:flwr:	                      (29, 0.8),
[92mINFO [0m:      	                      (30, 0.8),
INFO:flwr:	                      (30, 0.8),
[92mINFO [0m:      	                      (31, 0.8),
INFO:flwr:	                      (31, 0.8),
[92mINFO [0m:      	                      (32, 0.8),
INFO:flwr:	                      (32, 0.8),
[92mINFO [0m:      	                      (33, 0.8),
INFO:flwr:	                      (33, 0.8),
[92mINFO [0m:      	                      (34, 0.8),
INFO:flwr:	                      (34, 0.8),
[92mINFO [0m:      	                      (35, 0.8),
INFO:flwr:	                      (35, 0.8),
[92mINFO [0m:      	                      (36, 0.8),
INFO:flwr:	                      (36, 0.8),
[92mINFO [0m:      	                      (37, 0.8),
INFO:flwr:	                      (37, 0.8),
[92mINFO [0m:      	                      (38, 0.8),
INFO:flwr:	                      (38, 0.8),
[92mINFO [0m:      	                      (39, 0.8),
INFO:flwr:	                      (39, 0.8),
[92mINFO [0m:      	                      (40, 0.8),
INFO:flwr:	                      (40, 0.8),
[92mINFO [0m:      	                      (41, 0.8),
INFO:flwr:	                      (41, 0.8),
[92mINFO [0m:      	                      (42, 0.8),
INFO:flwr:	                      (42, 0.8),
[92mINFO [0m:      	                      (43, 0.8),
INFO:flwr:	                      (43, 0.8),
[92mINFO [0m:      	                      (44, 0.8),
INFO:flwr:	                      (44, 0.8),
[92mINFO [0m:      	                      (45, 0.8),
INFO:flwr:	                      (45, 0.8),
[92mINFO [0m:      	                      (46, 0.8),
INFO:flwr:	                      (46, 0.8),
[92mINFO [0m:      	                      (47, 0.8),
INFO:flwr:	                      (47, 0.8),
[92mINFO [0m:      	                      (48, 0.8),
INFO:flwr:	                      (48, 0.8),
[92mINFO [0m:      	                      (49, 0.8),
INFO:flwr:	                      (49, 0.8),
[92mINFO [0m:      	                      (50, 0.8)],
INFO:flwr:	                      (50, 0.8)],
[92mINFO [0m:      	 'layer3_reject_rate_at_threshold': [(1, 0.0),
INFO:flwr:	 'layer3_reject_rate_at_threshold': [(1, 0.0),
[92mINFO [0m:      	                                     (2, 0.0),
INFO:flwr:	                                     (2, 0.0),
[92mINFO [0m:      	                                     (3, 0.0),
INFO:flwr:	                                     (3, 0.0),
[92mINFO [0m:      	                                     (4, 0.0),
INFO:flwr:	                                     (4, 0.0),
[92mINFO [0m:      	                                     (5, 0.0),
INFO:flwr:	                                     (5, 0.0),
[92mINFO [0m:      	                                     (6, 0.0),
INFO:flwr:	                                     (6, 0.0),
[92mINFO [0m:      	                                     (7, 0.0),
INFO:flwr:	                                     (7, 0.0),
[92mINFO [0m:      	                                     (8, 0.0),
INFO:flwr:	                                     (8, 0.0),
[92mINFO [0m:      	                                     (9, 0.0),
INFO:flwr:	                                     (9, 0.0),
[92mINFO [0m:      	                                     (10, 0.0),
INFO:flwr:	                                     (10, 0.0),
[92mINFO [0m:      	                                     (11, 0.0),
INFO:flwr:	                                     (11, 0.0),
[92mINFO [0m:      	                                     (12, 0.0),
INFO:flwr:	                                     (12, 0.0),
[92mINFO [0m:      	                                     (13, 0.0),
INFO:flwr:	                                     (13, 0.0),
[92mINFO [0m:      	                                     (14, 0.0),
INFO:flwr:	                                     (14, 0.0),
[92mINFO [0m:      	                                     (15, 0.0),
INFO:flwr:	                                     (15, 0.0),
[92mINFO [0m:      	                                     (16, 0.0),
INFO:flwr:	                                     (16, 0.0),
[92mINFO [0m:      	                                     (17, 0.0),
INFO:flwr:	                                     (17, 0.0),
[92mINFO [0m:      	                                     (18, 0.0),
INFO:flwr:	                                     (18, 0.0),
[92mINFO [0m:      	                                     (19, 0.0),
INFO:flwr:	                                     (19, 0.0),
[92mINFO [0m:      	                                     (20, 0.0),
INFO:flwr:	                                     (20, 0.0),
[92mINFO [0m:      	                                     (21, 0.0),
INFO:flwr:	                                     (21, 0.0),
[92mINFO [0m:      	                                     (22, 0.0),
INFO:flwr:	                                     (22, 0.0),
[92mINFO [0m:      	                                     (23, 0.0),
INFO:flwr:	                                     (23, 0.0),
[92mINFO [0m:      	                                     (24, 0.0),
INFO:flwr:	                                     (24, 0.0),
[92mINFO [0m:      	                                     (25, 0.0),
INFO:flwr:	                                     (25, 0.0),
[92mINFO [0m:      	                                     (26, 0.0),
INFO:flwr:	                                     (26, 0.0),
[92mINFO [0m:      	                                     (27, 0.0),
INFO:flwr:	                                     (27, 0.0),
[92mINFO [0m:      	                                     (28, 0.0),
INFO:flwr:	                                     (28, 0.0),
[92mINFO [0m:      	                                     (29, 0.0),
INFO:flwr:	                                     (29, 0.0),
[92mINFO [0m:      	                                     (30, 0.0),
INFO:flwr:	                                     (30, 0.0),
[92mINFO [0m:      	                                     (31, 0.0),
INFO:flwr:	                                     (31, 0.0),
[92mINFO [0m:      	                                     (32, 0.0),
INFO:flwr:	                                     (32, 0.0),
[92mINFO [0m:      	                                     (33, 0.0),
INFO:flwr:	                                     (33, 0.0),
[92mINFO [0m:      	                                     (34, 0.0),
INFO:flwr:	                                     (34, 0.0),
[92mINFO [0m:      	                                     (35, 0.0),
INFO:flwr:	                                     (35, 0.0),
[92mINFO [0m:      	                                     (36, 0.0),
INFO:flwr:	                                     (36, 0.0),
[92mINFO [0m:      	                                     (37, 0.0),
INFO:flwr:	                                     (37, 0.0),
[92mINFO [0m:      	                                     (38, 0.0),
INFO:flwr:	                                     (38, 0.0),
[92mINFO [0m:      	                                     (39, 0.0),
INFO:flwr:	                                     (39, 0.0),
[92mINFO [0m:      	                                     (40, 0.0),
INFO:flwr:	                                     (40, 0.0),
[92mINFO [0m:      	                                     (41, 0.0),
INFO:flwr:	                                     (41, 0.0),
[92mINFO [0m:      	                                     (42, 0.0),
INFO:flwr:	                                     (42, 0.0),
[92mINFO [0m:      	                                     (43, 0.0),
INFO:flwr:	                                     (43, 0.0),
[92mINFO [0m:      	                                     (44, 0.0),
INFO:flwr:	                                     (44, 0.0),
[92mINFO [0m:      	                                     (45, 0.0),
INFO:flwr:	                                     (45, 0.0),
[92mINFO [0m:      	                                     (46, 0.0),
INFO:flwr:	                                     (46, 0.0),
[92mINFO [0m:      	                                     (47, 0.0),
INFO:flwr:	                                     (47, 0.0),
[92mINFO [0m:      	                                     (48, 0.0),
INFO:flwr:	                                     (48, 0.0),
[92mINFO [0m:      	                                     (49, 0.0),
INFO:flwr:	                                     (49, 0.0),
[92mINFO [0m:      	                                     (50, 0.0)],
INFO:flwr:	                                     (50, 0.0)],
[92mINFO [0m:      	 'layer3_reject_rate_raw': [(1, 0.0),
INFO:flwr:	 'layer3_reject_rate_raw': [(1, 0.0),
[92mINFO [0m:      	                            (2, 0.0),
INFO:flwr:	                            (2, 0.0),
[92mINFO [0m:      	                            (3, 0.0),
INFO:flwr:	                            (3, 0.0),
[92mINFO [0m:      	                            (4, 0.0),
INFO:flwr:	                            (4, 0.0),
[92mINFO [0m:      	                            (5, 0.0),
INFO:flwr:	                            (5, 0.0),
[92mINFO [0m:      	                            (6, 0.0),
INFO:flwr:	                            (6, 0.0),
[92mINFO [0m:      	                            (7, 0.0),
INFO:flwr:	                            (7, 0.0),
[92mINFO [0m:      	                            (8, 0.0),
INFO:flwr:	                            (8, 0.0),
[92mINFO [0m:      	                            (9, 0.0),
INFO:flwr:	                            (9, 0.0),
[92mINFO [0m:      	                            (10, 0.0),
INFO:flwr:	                            (10, 0.0),
[92mINFO [0m:      	                            (11, 0.0),
INFO:flwr:	                            (11, 0.0),
[92mINFO [0m:      	                            (12, 0.0),
INFO:flwr:	                            (12, 0.0),
[92mINFO [0m:      	                            (13, 0.0),
INFO:flwr:	                            (13, 0.0),
[92mINFO [0m:      	                            (14, 0.0),
INFO:flwr:	                            (14, 0.0),
[92mINFO [0m:      	                            (15, 0.0),
INFO:flwr:	                            (15, 0.0),
[92mINFO [0m:      	                            (16, 0.0),
INFO:flwr:	                            (16, 0.0),
[92mINFO [0m:      	                            (17, 0.0),
INFO:flwr:	                            (17, 0.0),
[92mINFO [0m:      	                            (18, 0.0),
INFO:flwr:	                            (18, 0.0),
[92mINFO [0m:      	                            (19, 0.0),
INFO:flwr:	                            (19, 0.0),
[92mINFO [0m:      	                            (20, 0.0),
INFO:flwr:	                            (20, 0.0),
[92mINFO [0m:      	                            (21, 0.0),
INFO:flwr:	                            (21, 0.0),
[92mINFO [0m:      	                            (22, 0.0),
INFO:flwr:	                            (22, 0.0),
[92mINFO [0m:      	                            (23, 0.0),
INFO:flwr:	                            (23, 0.0),
[92mINFO [0m:      	                            (24, 0.0),
INFO:flwr:	                            (24, 0.0),
[92mINFO [0m:      	                            (25, 0.0),
INFO:flwr:	                            (25, 0.0),
[92mINFO [0m:      	                            (26, 0.0),
INFO:flwr:	                            (26, 0.0),
[92mINFO [0m:      	                            (27, 0.0),
INFO:flwr:	                            (27, 0.0),
[92mINFO [0m:      	                            (28, 0.0),
INFO:flwr:	                            (28, 0.0),
[92mINFO [0m:      	                            (29, 0.0),
INFO:flwr:	                            (29, 0.0),
[92mINFO [0m:      	                            (30, 0.0),
INFO:flwr:	                            (30, 0.0),
[92mINFO [0m:      	                            (31, 0.0),
INFO:flwr:	                            (31, 0.0),
[92mINFO [0m:      	                            (32, 0.0),
INFO:flwr:	                            (32, 0.0),
[92mINFO [0m:      	                            (33, 0.0),
INFO:flwr:	                            (33, 0.0),
[92mINFO [0m:      	                            (34, 0.0),
INFO:flwr:	                            (34, 0.0),
[92mINFO [0m:      	                            (35, 0.0),
INFO:flwr:	                            (35, 0.0),
[92mINFO [0m:      	                            (36, 0.0),
INFO:flwr:	                            (36, 0.0),
[92mINFO [0m:      	                            (37, 0.0),
INFO:flwr:	                            (37, 0.0),
[92mINFO [0m:      	                            (38, 0.0),
INFO:flwr:	                            (38, 0.0),
[92mINFO [0m:      	                            (39, 0.0),
INFO:flwr:	                            (39, 0.0),
[92mINFO [0m:      	                            (40, 0.0),
INFO:flwr:	                            (40, 0.0),
[92mINFO [0m:      	                            (41, 0.0),
INFO:flwr:	                            (41, 0.0),
[92mINFO [0m:      	                            (42, 0.0),
INFO:flwr:	                            (42, 0.0),
[92mINFO [0m:      	                            (43, 0.0),
INFO:flwr:	                            (43, 0.0),
[92mINFO [0m:      	                            (44, 0.0),
INFO:flwr:	                            (44, 0.0),
[92mINFO [0m:      	                            (45, 0.0),
INFO:flwr:	                            (45, 0.0),
[92mINFO [0m:      	                            (46, 0.0),
INFO:flwr:	                            (46, 0.0),
[92mINFO [0m:      	                            (47, 0.0),
INFO:flwr:	                            (47, 0.0),
[92mINFO [0m:      	                            (48, 0.0),
INFO:flwr:	                            (48, 0.0),
[92mINFO [0m:      	                            (49, 0.0),
INFO:flwr:	                            (49, 0.0),
[92mINFO [0m:      	                            (50, 0.0)],
INFO:flwr:	                            (50, 0.0)],
[92mINFO [0m:      	 'layer3_threshold': [(1, 0.5),
INFO:flwr:	 'layer3_threshold': [(1, 0.5),
[92mINFO [0m:      	                      (2, 0.5),
INFO:flwr:	                      (2, 0.5),
[92mINFO [0m:      	                      (3, 0.5),
INFO:flwr:	                      (3, 0.5),
[92mINFO [0m:      	                      (4, 0.5),
INFO:flwr:	                      (4, 0.5),
[92mINFO [0m:      	                      (5, 0.5),
INFO:flwr:	                      (5, 0.5),
[92mINFO [0m:      	                      (6, 0.5),
INFO:flwr:	                      (6, 0.5),
[92mINFO [0m:      	                      (7, 0.5),
INFO:flwr:	                      (7, 0.5),
[92mINFO [0m:      	                      (8, 0.5),
INFO:flwr:	                      (8, 0.5),
[92mINFO [0m:      	                      (9, 0.5),
INFO:flwr:	                      (9, 0.5),
[92mINFO [0m:      	                      (10, 0.5),
INFO:flwr:	                      (10, 0.5),
[92mINFO [0m:      	                      (11, 0.5),
INFO:flwr:	                      (11, 0.5),
[92mINFO [0m:      	                      (12, 0.5),
INFO:flwr:	                      (12, 0.5),
[92mINFO [0m:      	                      (13, 0.5),
INFO:flwr:	                      (13, 0.5),
[92mINFO [0m:      	                      (14, 0.5),
INFO:flwr:	                      (14, 0.5),
[92mINFO [0m:      	                      (15, 0.5),
INFO:flwr:	                      (15, 0.5),
[92mINFO [0m:      	                      (16, 0.5),
INFO:flwr:	                      (16, 0.5),
[92mINFO [0m:      	                      (17, 0.5),
INFO:flwr:	                      (17, 0.5),
[92mINFO [0m:      	                      (18, 0.5),
INFO:flwr:	                      (18, 0.5),
[92mINFO [0m:      	                      (19, 0.5),
INFO:flwr:	                      (19, 0.5),
[92mINFO [0m:      	                      (20, 0.5),
INFO:flwr:	                      (20, 0.5),
[92mINFO [0m:      	                      (21, 0.5),
INFO:flwr:	                      (21, 0.5),
[92mINFO [0m:      	                      (22, 0.5),
INFO:flwr:	                      (22, 0.5),
[92mINFO [0m:      	                      (23, 0.5),
INFO:flwr:	                      (23, 0.5),
[92mINFO [0m:      	                      (24, 0.5),
INFO:flwr:	                      (24, 0.5),
[92mINFO [0m:      	                      (25, 0.5),
INFO:flwr:	                      (25, 0.5),
[92mINFO [0m:      	                      (26, 0.5),
INFO:flwr:	                      (26, 0.5),
[92mINFO [0m:      	                      (27, 0.5),
INFO:flwr:	                      (27, 0.5),
[92mINFO [0m:      	                      (28, 0.5),
INFO:flwr:	                      (28, 0.5),
[92mINFO [0m:      	                      (29, 0.5),
INFO:flwr:	                      (29, 0.5),
[92mINFO [0m:      	                      (30, 0.5),
INFO:flwr:	                      (30, 0.5),
[92mINFO [0m:      	                      (31, 0.5),
INFO:flwr:	                      (31, 0.5),
[92mINFO [0m:      	                      (32, 0.5),
INFO:flwr:	                      (32, 0.5),
[92mINFO [0m:      	                      (33, 0.5),
INFO:flwr:	                      (33, 0.5),
[92mINFO [0m:      	                      (34, 0.5),
INFO:flwr:	                      (34, 0.5),
[92mINFO [0m:      	                      (35, 0.5),
INFO:flwr:	                      (35, 0.5),
[92mINFO [0m:      	                      (36, 0.5),
INFO:flwr:	                      (36, 0.5),
[92mINFO [0m:      	                      (37, 0.5),
INFO:flwr:	                      (37, 0.5),
[92mINFO [0m:      	                      (38, 0.5),
INFO:flwr:	                      (38, 0.5),
[92mINFO [0m:      	                      (39, 0.5),
INFO:flwr:	                      (39, 0.5),
[92mINFO [0m:      	                      (40, 0.5),
INFO:flwr:	                      (40, 0.5),
[92mINFO [0m:      	                      (41, 0.5),
INFO:flwr:	                      (41, 0.5),
[92mINFO [0m:      	                      (42, 0.5),
INFO:flwr:	                      (42, 0.5),
[92mINFO [0m:      	                      (43, 0.5),
INFO:flwr:	                      (43, 0.5),
[92mINFO [0m:      	                      (44, 0.5),
INFO:flwr:	                      (44, 0.5),
[92mINFO [0m:      	                      (45, 0.5),
INFO:flwr:	                      (45, 0.5),
[92mINFO [0m:      	                      (46, 0.5),
INFO:flwr:	                      (46, 0.5),
[92mINFO [0m:      	                      (47, 0.5),
INFO:flwr:	                      (47, 0.5),
[92mINFO [0m:      	                      (48, 0.5),
INFO:flwr:	                      (48, 0.5),
[92mINFO [0m:      	                      (49, 0.5),
INFO:flwr:	                      (49, 0.5),
[92mINFO [0m:      	                      (50, 0.5)],
INFO:flwr:	                      (50, 0.5)],
[92mINFO [0m:      	 'mean_reputation': [(1, 0.9597576856613159),
INFO:flwr:	 'mean_reputation': [(1, 0.9597576856613159),
[92mINFO [0m:      	                     (2, 0.9168394207954407),
INFO:flwr:	                     (2, 0.9168394207954407),
[92mINFO [0m:      	                     (3, 0.8785226941108704),
INFO:flwr:	                     (3, 0.8785226941108704),
[92mINFO [0m:      	                     (4, 0.8442987203598022),
INFO:flwr:	                     (4, 0.8442987203598022),
[92mINFO [0m:      	                     (5, 0.8136551976203918),
INFO:flwr:	                     (5, 0.8136551976203918),
[92mINFO [0m:      	                     (6, 0.7863317131996155),
INFO:flwr:	                     (6, 0.7863317131996155),
[92mINFO [0m:      	                     (7, 0.7618365287780762),
INFO:flwr:	                     (7, 0.7618365287780762),
[92mINFO [0m:      	                     (8, 0.7399299144744873),
INFO:flwr:	                     (8, 0.7399299144744873),
[92mINFO [0m:      	                     (9, 0.7203960418701172),
INFO:flwr:	                     (9, 0.7203960418701172),
[92mINFO [0m:      	                     (10, 0.7028960585594177),
INFO:flwr:	                     (10, 0.7028960585594177),
[92mINFO [0m:      	                     (11, 0.6872424483299255),
INFO:flwr:	                     (11, 0.6872424483299255),
[92mINFO [0m:      	                     (12, 0.6732286214828491),
INFO:flwr:	                     (12, 0.6732286214828491),
[92mINFO [0m:      	                     (13, 0.6606117486953735),
INFO:flwr:	                     (13, 0.6606117486953735),
[92mINFO [0m:      	                     (14, 0.6493743062019348),
INFO:flwr:	                     (14, 0.6493743062019348),
[92mINFO [0m:      	                     (15, 0.6386884450912476),
INFO:flwr:	                     (15, 0.6386884450912476),
[92mINFO [0m:      	                     (16, 0.6297528147697449),
INFO:flwr:	                     (16, 0.6297528147697449),
[92mINFO [0m:      	                     (17, 0.621737003326416),
INFO:flwr:	                     (17, 0.621737003326416),
[92mINFO [0m:      	                     (18, 0.6266902089118958),
INFO:flwr:	                     (18, 0.6266902089118958),
[92mINFO [0m:      	                     (19, 0.6190217137336731),
INFO:flwr:	                     (19, 0.6190217137336731),
[92mINFO [0m:      	                     (20, 0.61213618516922),
INFO:flwr:	                     (20, 0.61213618516922),
[92mINFO [0m:      	                     (21, 0.6059529185295105),
INFO:flwr:	                     (21, 0.6059529185295105),
[92mINFO [0m:      	                     (22, 0.6003994941711426),
INFO:flwr:	                     (22, 0.6003994941711426),
[92mINFO [0m:      	                     (23, 0.5954113006591797),
INFO:flwr:	                     (23, 0.5954113006591797),
[92mINFO [0m:      	                     (24, 0.5909303426742554),
INFO:flwr:	                     (24, 0.5909303426742554),
[92mINFO [0m:      	                     (25, 0.5869046449661255),
INFO:flwr:	                     (25, 0.5869046449661255),
[92mINFO [0m:      	                     (26, 0.5832874774932861),
INFO:flwr:	                     (26, 0.5832874774932861),
[92mINFO [0m:      	                     (27, 0.5800372362136841),
INFO:flwr:	                     (27, 0.5800372362136841),
[92mINFO [0m:      	                     (28, 0.5771163702011108),
INFO:flwr:	                     (28, 0.5771163702011108),
[92mINFO [0m:      	                     (29, 0.5744913220405579),
INFO:flwr:	                     (29, 0.5744913220405579),
[92mINFO [0m:      	                     (30, 0.5721319317817688),
INFO:flwr:	                     (30, 0.5721319317817688),
[92mINFO [0m:      	                     (31, 0.5699471831321716),
INFO:flwr:	                     (31, 0.5699471831321716),
[92mINFO [0m:      	                     (32, 0.5680504441261292),
INFO:flwr:	                     (32, 0.5680504441261292),
[92mINFO [0m:      	                     (33, 0.5663447380065918),
INFO:flwr:	                     (33, 0.5663447380065918),
[92mINFO [0m:      	                     (34, 0.5648108720779419),
INFO:flwr:	                     (34, 0.5648108720779419),
[92mINFO [0m:      	                     (35, 0.563431441783905),
INFO:flwr:	                     (35, 0.563431441783905),
[92mINFO [0m:      	                     (36, 0.5621908903121948),
INFO:flwr:	                     (36, 0.5621908903121948),
[92mINFO [0m:      	                     (37, 0.5610750913619995),
INFO:flwr:	                     (37, 0.5610750913619995),
[92mINFO [0m:      	                     (38, 0.560071587562561),
INFO:flwr:	                     (38, 0.560071587562561),
[92mINFO [0m:      	                     (39, 0.5591689348220825),
INFO:flwr:	                     (39, 0.5591689348220825),
[92mINFO [0m:      	                     (40, 0.5583570599555969),
INFO:flwr:	                     (40, 0.5583570599555969),
[92mINFO [0m:      	                     (41, 0.5576267242431641),
INFO:flwr:	                     (41, 0.5576267242431641),
[92mINFO [0m:      	                     (42, 0.5569697618484497),
INFO:flwr:	                     (42, 0.5569697618484497),
[92mINFO [0m:      	                     (43, 0.5563787817955017),
INFO:flwr:	                     (43, 0.5563787817955017),
[92mINFO [0m:      	                     (44, 0.5558472275733948),
INFO:flwr:	                     (44, 0.5558472275733948),
[92mINFO [0m:      	                     (45, 0.5655645728111267),
INFO:flwr:	                     (45, 0.5655645728111267),
[92mINFO [0m:      	                     (46, 0.5738610029220581),
INFO:flwr:	                     (46, 0.5738610029220581),
[92mINFO [0m:      	                     (47, 0.5715939402580261),
INFO:flwr:	                     (47, 0.5715939402580261),
[92mINFO [0m:      	                     (48, 0.5694790482521057),
INFO:flwr:	                     (48, 0.5694790482521057),
[92mINFO [0m:      	                     (49, 0.5676506757736206),
INFO:flwr:	                     (49, 0.5676506757736206),
[92mINFO [0m:      	                     (50, 0.5660034418106079)],
INFO:flwr:	                     (50, 0.5660034418106079)],
[92mINFO [0m:      	 'min_reputation': [(1, 0.8999999761581421),
INFO:flwr:	 'min_reputation': [(1, 0.8999999761581421),
[92mINFO [0m:      	                    (2, 0.8100000023841858),
INFO:flwr:	                    (2, 0.8100000023841858),
[92mINFO [0m:      	                    (3, 0.7289999723434448),
INFO:flwr:	                    (3, 0.7289999723434448),
[92mINFO [0m:      	                    (4, 0.6560999751091003),
INFO:flwr:	                    (4, 0.6560999751091003),
[92mINFO [0m:      	                    (5, 0.5904899835586548),
INFO:flwr:	                    (5, 0.5904899835586548),
[92mINFO [0m:      	                    (6, 0.5314409732818604),
INFO:flwr:	                    (6, 0.5314409732818604),
[92mINFO [0m:      	                    (7, 0.4782969057559967),
INFO:flwr:	                    (7, 0.4782969057559967),
[92mINFO [0m:      	                    (8, 0.4304672181606293),
INFO:flwr:	                    (8, 0.4304672181606293),
[92mINFO [0m:      	                    (9, 0.3874204754829407),
INFO:flwr:	                    (9, 0.3874204754829407),
[92mINFO [0m:      	                    (10, 0.34867843985557556),
INFO:flwr:	                    (10, 0.34867843985557556),
[92mINFO [0m:      	                    (11, 0.3138105869293213),
INFO:flwr:	                    (11, 0.3138105869293213),
[92mINFO [0m:      	                    (12, 0.2824295461177826),
INFO:flwr:	                    (12, 0.2824295461177826),
[92mINFO [0m:      	                    (13, 0.25418657064437866),
INFO:flwr:	                    (13, 0.25418657064437866),
[92mINFO [0m:      	                    (14, 0.22876793146133423),
INFO:flwr:	                    (14, 0.22876793146133423),
[92mINFO [0m:      	                    (15, 0.20589113235473633),
INFO:flwr:	                    (15, 0.20589113235473633),
[92mINFO [0m:      	                    (16, 0.1853020191192627),
INFO:flwr:	                    (16, 0.1853020191192627),
[92mINFO [0m:      	                    (17, 0.1667718142271042),
INFO:flwr:	                    (17, 0.1667718142271042),
[92mINFO [0m:      	                    (18, 0.1500946283340454),
INFO:flwr:	                    (18, 0.1500946283340454),
[92mINFO [0m:      	                    (19, 0.13508516550064087),
INFO:flwr:	                    (19, 0.13508516550064087),
[92mINFO [0m:      	                    (20, 0.12157665193080902),
INFO:flwr:	                    (20, 0.12157665193080902),
[92mINFO [0m:      	                    (21, 0.10941898822784424),
INFO:flwr:	                    (21, 0.10941898822784424),
[92mINFO [0m:      	                    (22, 0.0984770879149437),
INFO:flwr:	                    (22, 0.0984770879149437),
[92mINFO [0m:      	                    (23, 0.08862937986850739),
INFO:flwr:	                    (23, 0.08862937986850739),
[92mINFO [0m:      	                    (24, 0.07976644486188889),
INFO:flwr:	                    (24, 0.07976644486188889),
[92mINFO [0m:      	                    (25, 0.07178980112075806),
INFO:flwr:	                    (25, 0.07178980112075806),
[92mINFO [0m:      	                    (26, 0.06461081653833389),
INFO:flwr:	                    (26, 0.06461081653833389),
[92mINFO [0m:      	                    (27, 0.05814973637461662),
INFO:flwr:	                    (27, 0.05814973637461662),
[92mINFO [0m:      	                    (28, 0.05233476310968399),
INFO:flwr:	                    (28, 0.05233476310968399),
[92mINFO [0m:      	                    (29, 0.04710128530859947),
INFO:flwr:	                    (29, 0.04710128530859947),
[92mINFO [0m:      	                    (30, 0.042391158640384674),
INFO:flwr:	                    (30, 0.042391158640384674),
[92mINFO [0m:      	                    (31, 0.03815204277634621),
INFO:flwr:	                    (31, 0.03815204277634621),
[92mINFO [0m:      	                    (32, 0.034336838871240616),
INFO:flwr:	                    (32, 0.034336838871240616),
[92mINFO [0m:      	                    (33, 0.030903154984116554),
INFO:flwr:	                    (33, 0.030903154984116554),
[92mINFO [0m:      	                    (34, 0.027812838554382324),
INFO:flwr:	                    (34, 0.027812838554382324),
[92mINFO [0m:      	                    (35, 0.02503155544400215),
INFO:flwr:	                    (35, 0.02503155544400215),
[92mINFO [0m:      	                    (36, 0.022528398782014847),
INFO:flwr:	                    (36, 0.022528398782014847),
[92mINFO [0m:      	                    (37, 0.020275559276342392),
INFO:flwr:	                    (37, 0.020275559276342392),
[92mINFO [0m:      	                    (38, 0.018248002976179123),
INFO:flwr:	                    (38, 0.018248002976179123),
[92mINFO [0m:      	                    (39, 0.01642320305109024),
INFO:flwr:	                    (39, 0.01642320305109024),
[92mINFO [0m:      	                    (40, 0.014780882745981216),
INFO:flwr:	                    (40, 0.014780882745981216),
[92mINFO [0m:      	                    (41, 0.01330279465764761),
INFO:flwr:	                    (41, 0.01330279465764761),
[92mINFO [0m:      	                    (42, 0.011972514912486076),
INFO:flwr:	                    (42, 0.011972514912486076),
[92mINFO [0m:      	                    (43, 0.010775263421237469),
INFO:flwr:	                    (43, 0.010775263421237469),
[92mINFO [0m:      	                    (44, 0.00969773717224598),
INFO:flwr:	                    (44, 0.00969773717224598),
[92mINFO [0m:      	                    (45, 0.008727964013814926),
INFO:flwr:	                    (45, 0.008727964013814926),
[92mINFO [0m:      	                    (46, 0.007855167612433434),
INFO:flwr:	                    (46, 0.007855167612433434),
[92mINFO [0m:      	                    (47, 0.007069650571793318),
INFO:flwr:	                    (47, 0.007069650571793318),
[92mINFO [0m:      	                    (48, 0.006362685468047857),
INFO:flwr:	                    (48, 0.006362685468047857),
[92mINFO [0m:      	                    (49, 0.005726417060941458),
INFO:flwr:	                    (49, 0.005726417060941458),
[92mINFO [0m:      	                    (50, 0.005153775215148926)],
INFO:flwr:	                    (50, 0.005153775215148926)],
[92mINFO [0m:      	 'server_round': [(1, 1),
INFO:flwr:	 'server_round': [(1, 1),
[92mINFO [0m:      	                  (2, 2),
INFO:flwr:	                  (2, 2),
[92mINFO [0m:      	                  (3, 3),
INFO:flwr:	                  (3, 3),
[92mINFO [0m:      	                  (4, 4),
INFO:flwr:	                  (4, 4),
[92mINFO [0m:      	                  (5, 5),
INFO:flwr:	                  (5, 5),
[92mINFO [0m:      	                  (6, 6),
INFO:flwr:	                  (6, 6),
[92mINFO [0m:      	                  (7, 7),
INFO:flwr:	                  (7, 7),
[92mINFO [0m:      	                  (8, 8),
INFO:flwr:	                  (8, 8),
[92mINFO [0m:      	                  (9, 9),
INFO:flwr:	                  (9, 9),
[92mINFO [0m:      	                  (10, 10),
INFO:flwr:	                  (10, 10),
[92mINFO [0m:      	                  (11, 11),
INFO:flwr:	                  (11, 11),
[92mINFO [0m:      	                  (12, 12),
INFO:flwr:	                  (12, 12),
[92mINFO [0m:      	                  (13, 13),
INFO:flwr:	                  (13, 13),
[92mINFO [0m:      	                  (14, 14),
INFO:flwr:	                  (14, 14),
[92mINFO [0m:      	                  (15, 15),
INFO:flwr:	                  (15, 15),
[92mINFO [0m:      	                  (16, 16),
INFO:flwr:	                  (16, 16),
[92mINFO [0m:      	                  (17, 17),
INFO:flwr:	                  (17, 17),
[92mINFO [0m:      	                  (18, 18),
INFO:flwr:	                  (18, 18),
[92mINFO [0m:      	                  (19, 19),
INFO:flwr:	                  (19, 19),
[92mINFO [0m:      	                  (20, 20),
INFO:flwr:	                  (20, 20),
[92mINFO [0m:      	                  (21, 21),
INFO:flwr:	                  (21, 21),
[92mINFO [0m:      	                  (22, 22),
INFO:flwr:	                  (22, 22),
[92mINFO [0m:      	                  (23, 23),
INFO:flwr:	                  (23, 23),
[92mINFO [0m:      	                  (24, 24),
INFO:flwr:	                  (24, 24),
[92mINFO [0m:      	                  (25, 25),
INFO:flwr:	                  (25, 25),
[92mINFO [0m:      	                  (26, 26),
INFO:flwr:	                  (26, 26),
[92mINFO [0m:      	                  (27, 27),
INFO:flwr:	                  (27, 27),
[92mINFO [0m:      	                  (28, 28),
INFO:flwr:	                  (28, 28),
[92mINFO [0m:      	                  (29, 29),
INFO:flwr:	                  (29, 29),
[92mINFO [0m:      	                  (30, 30),
INFO:flwr:	                  (30, 30),
[92mINFO [0m:      	                  (31, 31),
INFO:flwr:	                  (31, 31),
[92mINFO [0m:      	                  (32, 32),
INFO:flwr:	                  (32, 32),
[92mINFO [0m:      	                  (33, 33),
INFO:flwr:	                  (33, 33),
[92mINFO [0m:      	                  (34, 34),
INFO:flwr:	                  (34, 34),
[92mINFO [0m:      	                  (35, 35),
INFO:flwr:	                  (35, 35),
[92mINFO [0m:      	                  (36, 36),
INFO:flwr:	                  (36, 36),
[92mINFO [0m:      	                  (37, 37),
INFO:flwr:	                  (37, 37),
[92mINFO [0m:      	                  (38, 38),
INFO:flwr:	                  (38, 38),
[92mINFO [0m:      	                  (39, 39),
INFO:flwr:	                  (39, 39),
[92mINFO [0m:      	                  (40, 40),
INFO:flwr:	                  (40, 40),
[92mINFO [0m:      	                  (41, 41),
INFO:flwr:	                  (41, 41),
[92mINFO [0m:      	                  (42, 42),
INFO:flwr:	                  (42, 42),
[92mINFO [0m:      	                  (43, 43),
INFO:flwr:	                  (43, 43),
[92mINFO [0m:      	                  (44, 44),
INFO:flwr:	                  (44, 44),
[92mINFO [0m:      	                  (45, 45),
INFO:flwr:	                  (45, 45),
[92mINFO [0m:      	                  (46, 46),
INFO:flwr:	                  (46, 46),
[92mINFO [0m:      	                  (47, 47),
INFO:flwr:	                  (47, 47),
[92mINFO [0m:      	                  (48, 48),
INFO:flwr:	                  (48, 48),
[92mINFO [0m:      	                  (49, 49),
INFO:flwr:	                  (49, 49),
[92mINFO [0m:      	                  (50, 50)]}
INFO:flwr:	                  (50, 50)]}
[92mINFO [0m:      	History (metrics, distributed, evaluate):
INFO:flwr:	History (metrics, distributed, evaluate):
[92mINFO [0m:      	{'accuracy': [(1, 0.9576),
INFO:flwr:	{'accuracy': [(1, 0.9576),
[92mINFO [0m:      	              (2, 0.9641),
INFO:flwr:	              (2, 0.9641),
[92mINFO [0m:      	              (3, 0.9638666666666666),
INFO:flwr:	              (3, 0.9638666666666666),
[92mINFO [0m:      	              (4, 0.9652333333333334),
INFO:flwr:	              (4, 0.9652333333333334),
[92mINFO [0m:      	              (5, 0.9632666666666667),
INFO:flwr:	              (5, 0.9632666666666667),
[92mINFO [0m:      	              (6, 0.9651333333333333),
INFO:flwr:	              (6, 0.9651333333333333),
[92mINFO [0m:      	              (7, 0.9657),
INFO:flwr:	              (7, 0.9657),
[92mINFO [0m:      	              (8, 0.9644333333333334),
INFO:flwr:	              (8, 0.9644333333333334),
[92mINFO [0m:      	              (9, 0.9664333333333334),
INFO:flwr:	              (9, 0.9664333333333334),
[92mINFO [0m:      	              (10, 0.9667666666666667),
INFO:flwr:	              (10, 0.9667666666666667),
[92mINFO [0m:      	              (11, 0.9669),
INFO:flwr:	              (11, 0.9669),
[92mINFO [0m:      	              (12, 0.9664333333333334),
INFO:flwr:	              (12, 0.9664333333333334),
[92mINFO [0m:      	              (13, 0.9665333333333334),
INFO:flwr:	              (13, 0.9665333333333334),
[92mINFO [0m:      	              (14, 0.9669666666666666),
INFO:flwr:	              (14, 0.9669666666666666),
[92mINFO [0m:      	              (15, 0.9676),
INFO:flwr:	              (15, 0.9676),
[92mINFO [0m:      	              (16, 0.9672333333333333),
INFO:flwr:	              (16, 0.9672333333333333),
[92mINFO [0m:      	              (17, 0.9677666666666667),
INFO:flwr:	              (17, 0.9677666666666667),
[92mINFO [0m:      	              (18, 0.9691),
INFO:flwr:	              (18, 0.9691),
[92mINFO [0m:      	              (19, 0.9692666666666667),
INFO:flwr:	              (19, 0.9692666666666667),
[92mINFO [0m:      	              (20, 0.969),
INFO:flwr:	              (20, 0.969),
[92mINFO [0m:      	              (21, 0.9694666666666667),
INFO:flwr:	              (21, 0.9694666666666667),
[92mINFO [0m:      	              (22, 0.9687666666666667),
INFO:flwr:	              (22, 0.9687666666666667),
[92mINFO [0m:      	              (23, 0.9692333333333333),
INFO:flwr:	              (23, 0.9692333333333333),
[92mINFO [0m:      	              (24, 0.969),
INFO:flwr:	              (24, 0.969),
[92mINFO [0m:      	              (25, 0.9689333333333333),
INFO:flwr:	              (25, 0.9689333333333333),
[92mINFO [0m:      	              (26, 0.9686333333333333),
INFO:flwr:	              (26, 0.9686333333333333),
[92mINFO [0m:      	              (27, 0.9701),
INFO:flwr:	              (27, 0.9701),
[92mINFO [0m:      	              (28, 0.9699),
INFO:flwr:	              (28, 0.9699),
[92mINFO [0m:      	              (29, 0.9704),
INFO:flwr:	              (29, 0.9704),
[92mINFO [0m:      	              (30, 0.9707666666666667),
INFO:flwr:	              (30, 0.9707666666666667),
[92mINFO [0m:      	              (31, 0.9698),
INFO:flwr:	              (31, 0.9698),
[92mINFO [0m:      	              (32, 0.9707),
INFO:flwr:	              (32, 0.9707),
[92mINFO [0m:      	              (33, 0.9705333333333334),
INFO:flwr:	              (33, 0.9705333333333334),
[92mINFO [0m:      	              (34, 0.9709666666666666),
INFO:flwr:	              (34, 0.9709666666666666),
[92mINFO [0m:      	              (35, 0.9696666666666667),
INFO:flwr:	              (35, 0.9696666666666667),
[92mINFO [0m:      	              (36, 0.9701333333333333),
INFO:flwr:	              (36, 0.9701333333333333),
[92mINFO [0m:      	              (37, 0.971),
INFO:flwr:	              (37, 0.971),
[92mINFO [0m:      	              (38, 0.9710333333333333),
INFO:flwr:	              (38, 0.9710333333333333),
[92mINFO [0m:      	              (39, 0.9709333333333333),
INFO:flwr:	              (39, 0.9709333333333333),
[92mINFO [0m:      	              (40, 0.9705666666666667),
INFO:flwr:	              (40, 0.9705666666666667),
[92mINFO [0m:      	              (41, 0.9706),
INFO:flwr:	              (41, 0.9706),
[92mINFO [0m:      	              (42, 0.9707333333333333),
INFO:flwr:	              (42, 0.9707333333333333),
[92mINFO [0m:      	              (43, 0.971),
INFO:flwr:	              (43, 0.971),
[92mINFO [0m:      	              (44, 0.9707),
INFO:flwr:	              (44, 0.9707),
[92mINFO [0m:      	              (45, 0.9704333333333334),
INFO:flwr:	              (45, 0.9704333333333334),
[92mINFO [0m:      	              (46, 0.9711333333333333),
INFO:flwr:	              (46, 0.9711333333333333),
[92mINFO [0m:      	              (47, 0.9718),
INFO:flwr:	              (47, 0.9718),
[92mINFO [0m:      	              (48, 0.9711),
INFO:flwr:	              (48, 0.9711),
[92mINFO [0m:      	              (49, 0.9714666666666667),
INFO:flwr:	              (49, 0.9714666666666667),
[92mINFO [0m:      	              (50, 0.9710333333333333)],
INFO:flwr:	              (50, 0.9710333333333333)],
[92mINFO [0m:      	 'auc': [(1, 0.8577473733878579),
INFO:flwr:	 'auc': [(1, 0.8577473733878579),
[92mINFO [0m:      	         (2, 0.8675937401698648),
INFO:flwr:	         (2, 0.8675937401698648),
[92mINFO [0m:      	         (3, 0.8565600503302926),
INFO:flwr:	         (3, 0.8565600503302926),
[92mINFO [0m:      	         (4, 0.8637124724756212),
INFO:flwr:	         (4, 0.8637124724756212),
[92mINFO [0m:      	         (5, 0.8723933941491034),
INFO:flwr:	         (5, 0.8723933941491034),
[92mINFO [0m:      	         (6, 0.8690055520603963),
INFO:flwr:	         (6, 0.8690055520603963),
[92mINFO [0m:      	         (7, 0.8617855614973262),
INFO:flwr:	         (7, 0.8617855614973262),
[92mINFO [0m:      	         (8, 0.855598018244731),
INFO:flwr:	         (8, 0.855598018244731),
[92mINFO [0m:      	         (9, 0.8529491192198805),
INFO:flwr:	         (9, 0.8529491192198805),
[92mINFO [0m:      	         (10, 0.8634215633847121),
INFO:flwr:	         (10, 0.8634215633847121),
[92mINFO [0m:      	         (11, 0.8490221296005034),
INFO:flwr:	         (11, 0.8490221296005034),
[92mINFO [0m:      	         (12, 0.8536738911607424),
INFO:flwr:	         (12, 0.8536738911607424),
[92mINFO [0m:      	         (13, 0.8427778546712802),
INFO:flwr:	         (13, 0.8427778546712802),
[92mINFO [0m:      	         (14, 0.8495710443535702),
INFO:flwr:	         (14, 0.8495710443535702),
[92mINFO [0m:      	         (15, 0.8561879993708715),
INFO:flwr:	         (15, 0.8561879993708715),
[92mINFO [0m:      	         (16, 0.8564861748977667),
INFO:flwr:	         (16, 0.8564861748977667),
[92mINFO [0m:      	         (17, 0.8552604749921359),
INFO:flwr:	         (17, 0.8552604749921359),
[92mINFO [0m:      	         (18, 0.8572807643913181),
INFO:flwr:	         (18, 0.8572807643913181),
[92mINFO [0m:      	         (19, 0.8636509436929851),
INFO:flwr:	         (19, 0.8636509436929851),
[92mINFO [0m:      	         (20, 0.8524175684177414),
INFO:flwr:	         (20, 0.8524175684177414),
[92mINFO [0m:      	         (21, 0.8536839572192514),
INFO:flwr:	         (21, 0.8536839572192514),
[92mINFO [0m:      	         (22, 0.8491666876376218),
INFO:flwr:	         (22, 0.8491666876376218),
[92mINFO [0m:      	         (23, 0.8463047027367098),
INFO:flwr:	         (23, 0.8463047027367098),
[92mINFO [0m:      	         (24, 0.8424951242529098),
INFO:flwr:	         (24, 0.8424951242529098),
[92mINFO [0m:      	         (25, 0.8409412551116704),
INFO:flwr:	         (25, 0.8409412551116704),
[92mINFO [0m:      	         (26, 0.8361046555520606),
INFO:flwr:	         (26, 0.8361046555520606),
[92mINFO [0m:      	         (27, 0.8513313463353256),
INFO:flwr:	         (27, 0.8513313463353256),
[92mINFO [0m:      	         (28, 0.8477044825416796),
INFO:flwr:	         (28, 0.8477044825416796),
[92mINFO [0m:      	         (29, 0.8536970116388801),
INFO:flwr:	         (29, 0.8536970116388801),
[92mINFO [0m:      	         (30, 0.839069235608682),
INFO:flwr:	         (30, 0.839069235608682),
[92mINFO [0m:      	         (31, 0.8376923560868198),
INFO:flwr:	         (31, 0.8376923560868198),
[92mINFO [0m:      	         (32, 0.834058760616546),
INFO:flwr:	         (32, 0.834058760616546),
[92mINFO [0m:      	         (33, 0.8385029883611199),
INFO:flwr:	         (33, 0.8385029883611199),
[92mINFO [0m:      	         (34, 0.8446718622208242),
INFO:flwr:	         (34, 0.8446718622208242),
[92mINFO [0m:      	         (35, 0.8396107109153822),
INFO:flwr:	         (35, 0.8396107109153822),
[92mINFO [0m:      	         (36, 0.8390956747404845),
INFO:flwr:	         (36, 0.8390956747404845),
[92mINFO [0m:      	         (37, 0.8380404057879836),
INFO:flwr:	         (37, 0.8380404057879836),
[92mINFO [0m:      	         (38, 0.8435371815036176),
INFO:flwr:	         (38, 0.8435371815036176),
[92mINFO [0m:      	         (39, 0.8417541994337843),
INFO:flwr:	         (39, 0.8417541994337843),
[92mINFO [0m:      	         (40, 0.8273757785467128),
INFO:flwr:	         (40, 0.8273757785467128),
[92mINFO [0m:      	         (41, 0.8402815350739227),
INFO:flwr:	         (41, 0.8402815350739227),
[92mINFO [0m:      	         (42, 0.8507108996539793),
INFO:flwr:	         (42, 0.8507108996539793),
[92mINFO [0m:      	         (43, 0.8302204624095627),
INFO:flwr:	         (43, 0.8302204624095627),
[92mINFO [0m:      	         (44, 0.8341366782006923),
INFO:flwr:	         (44, 0.8341366782006923),
[92mINFO [0m:      	         (45, 0.8360571720666877),
INFO:flwr:	         (45, 0.8360571720666877),
[92mINFO [0m:      	         (46, 0.8500515413652092),
INFO:flwr:	         (46, 0.8500515413652092),
[92mINFO [0m:      	         (47, 0.8472727744573765),
INFO:flwr:	         (47, 0.8472727744573765),
[92mINFO [0m:      	         (48, 0.8464826203208554),
INFO:flwr:	         (48, 0.8464826203208554),
[92mINFO [0m:      	         (49, 0.8372352941176471),
INFO:flwr:	         (49, 0.8372352941176471),
[92mINFO [0m:      	         (50, 0.8314246932997799)],
INFO:flwr:	         (50, 0.8314246932997799)],
[92mINFO [0m:      	 'f1': [(1, 0.4596431605777401),
INFO:flwr:	 'f1': [(1, 0.4596431605777401),
[92mINFO [0m:      	        (2, 0.49883666821777567),
INFO:flwr:	        (2, 0.49883666821777567),
[92mINFO [0m:      	        (3, 0.4967502321262767),
INFO:flwr:	        (3, 0.4967502321262767),
[92mINFO [0m:      	        (4, 0.5105584232754575),
INFO:flwr:	        (4, 0.5105584232754575),
[92mINFO [0m:      	        (5, 0.5089126559714795),
INFO:flwr:	        (5, 0.5089126559714795),
[92mINFO [0m:      	        (6, 0.5206232813932172),
INFO:flwr:	        (6, 0.5206232813932172),
[92mINFO [0m:      	        (7, 0.5134751773049645),
INFO:flwr:	        (7, 0.5134751773049645),
[92mINFO [0m:      	        (8, 0.5098759761139182),
INFO:flwr:	        (8, 0.5098759761139182),
[92mINFO [0m:      	        (9, 0.5085407515861395),
INFO:flwr:	        (9, 0.5085407515861395),
[92mINFO [0m:      	        (10, 0.5204425204425205),
INFO:flwr:	        (10, 0.5204425204425205),
[92mINFO [0m:      	        (11, 0.5096296296296297),
INFO:flwr:	        (11, 0.5096296296296297),
[92mINFO [0m:      	        (12, 0.5151661049590756),
INFO:flwr:	        (12, 0.5151661049590756),
[92mINFO [0m:      	        (13, 0.5024777006937562),
INFO:flwr:	        (13, 0.5024777006937562),
[92mINFO [0m:      	        (14, 0.5017596782302665),
INFO:flwr:	        (14, 0.5017596782302665),
[92mINFO [0m:      	        (15, 0.514),
INFO:flwr:	        (15, 0.514),
[92mINFO [0m:      	        (16, 0.5169533169533169),
INFO:flwr:	        (16, 0.5169533169533169),
[92mINFO [0m:      	        (17, 0.5200992555831266),
INFO:flwr:	        (17, 0.5200992555831266),
[92mINFO [0m:      	        (18, 0.5194401244167963),
INFO:flwr:	        (18, 0.5194401244167963),
[92mINFO [0m:      	        (19, 0.5385385385385386),
INFO:flwr:	        (19, 0.5385385385385386),
[92mINFO [0m:      	        (20, 0.5307769929364279),
INFO:flwr:	        (20, 0.5307769929364279),
[92mINFO [0m:      	        (21, 0.5278350515463918),
INFO:flwr:	        (21, 0.5278350515463918),
[92mINFO [0m:      	        (22, 0.5231552162849873),
INFO:flwr:	        (22, 0.5231552162849873),
[92mINFO [0m:      	        (23, 0.5159937073938122),
INFO:flwr:	        (23, 0.5159937073938122),
[92mINFO [0m:      	        (24, 0.5151199165797706),
INFO:flwr:	        (24, 0.5151199165797706),
[92mINFO [0m:      	        (25, 0.49892473118279573),
INFO:flwr:	        (25, 0.49892473118279573),
[92mINFO [0m:      	        (26, 0.503953610964681),
INFO:flwr:	        (26, 0.503953610964681),
[92mINFO [0m:      	        (27, 0.525145579671784),
INFO:flwr:	        (27, 0.525145579671784),
[92mINFO [0m:      	        (28, 0.5168539325842697),
INFO:flwr:	        (28, 0.5168539325842697),
[92mINFO [0m:      	        (29, 0.5261472785485592),
INFO:flwr:	        (29, 0.5261472785485592),
[92mINFO [0m:      	        (30, 0.5114206128133705),
INFO:flwr:	        (30, 0.5114206128133705),
[92mINFO [0m:      	        (31, 0.5102702702702703),
INFO:flwr:	        (31, 0.5102702702702703),
[92mINFO [0m:      	        (32, 0.509760178471835),
INFO:flwr:	        (32, 0.509760178471835),
[92mINFO [0m:      	        (33, 0.5121412803532008),
INFO:flwr:	        (33, 0.5121412803532008),
[92mINFO [0m:      	        (34, 0.5216913783635365),
INFO:flwr:	        (34, 0.5216913783635365),
[92mINFO [0m:      	        (35, 0.5027322404371585),
INFO:flwr:	        (35, 0.5027322404371585),
[92mINFO [0m:      	        (36, 0.5109170305676856),
INFO:flwr:	        (36, 0.5109170305676856),
[92mINFO [0m:      	        (37, 0.5155902004454342),
INFO:flwr:	        (37, 0.5155902004454342),
[92mINFO [0m:      	        (38, 0.5142537730575741),
INFO:flwr:	        (38, 0.5142537730575741),
[92mINFO [0m:      	        (39, 0.516629711751663),
INFO:flwr:	        (39, 0.516629711751663),
[92mINFO [0m:      	        (40, 0.5014116318464145),
INFO:flwr:	        (40, 0.5014116318464145),
[92mINFO [0m:      	        (41, 0.5089086859688196),
INFO:flwr:	        (41, 0.5089086859688196),
[92mINFO [0m:      	        (42, 0.5181119648737651),
INFO:flwr:	        (42, 0.5181119648737651),
[92mINFO [0m:      	        (43, 0.5034246575342466),
INFO:flwr:	        (43, 0.5034246575342466),
[92mINFO [0m:      	        (44, 0.5008517887563884),
INFO:flwr:	        (44, 0.5008517887563884),
[92mINFO [0m:      	        (45, 0.5025238362310712),
INFO:flwr:	        (45, 0.5025238362310712),
[92mINFO [0m:      	        (46, 0.528322440087146),
INFO:flwr:	        (46, 0.528322440087146),
[92mINFO [0m:      	        (47, 0.5214932126696833),
INFO:flwr:	        (47, 0.5214932126696833),
[92mINFO [0m:      	        (48, 0.5223140495867769),
INFO:flwr:	        (48, 0.5223140495867769),
[92mINFO [0m:      	        (49, 0.5147392290249433),
INFO:flwr:	        (49, 0.5147392290249433),
[92mINFO [0m:      	        (50, 0.496231884057971)],
INFO:flwr:	        (50, 0.496231884057971)],
[92mINFO [0m:      	 'precision': [(1, 0.43141945773524715),
INFO:flwr:	 'precision': [(1, 0.43141945773524715),
[92mINFO [0m:      	               (2, 0.5109628217349858),
INFO:flwr:	               (2, 0.5109628217349858),
[92mINFO [0m:      	               (3, 0.5075901328273245),
INFO:flwr:	               (3, 0.5075901328273245),
[92mINFO [0m:      	               (4, 0.5276430649854511),
INFO:flwr:	               (4, 0.5276430649854511),
[92mINFO [0m:      	               (5, 0.49912587412587417),
INFO:flwr:	               (5, 0.49912587412587417),
[92mINFO [0m:      	               (6, 0.5249537892791127),
INFO:flwr:	               (6, 0.5249537892791127),
[92mINFO [0m:      	               (7, 0.5349753694581281),
INFO:flwr:	               (7, 0.5349753694581281),
[92mINFO [0m:      	               (8, 0.5153203342618384),
INFO:flwr:	               (8, 0.5153203342618384),
[92mINFO [0m:      	               (9, 0.5489989462592203),
INFO:flwr:	               (9, 0.5489989462592203),
[92mINFO [0m:      	               (10, 0.5526046986721144),
INFO:flwr:	               (10, 0.5526046986721144),
[92mINFO [0m:      	               (11, 0.5578378378378378),
INFO:flwr:	               (11, 0.5578378378378378),
[92mINFO [0m:      	               (12, 0.5475946775844421),
INFO:flwr:	               (12, 0.5475946775844421),
[92mINFO [0m:      	               (13, 0.5522875816993464),
INFO:flwr:	               (13, 0.5522875816993464),
[92mINFO [0m:      	               (14, 0.5613048368953881),
INFO:flwr:	               (14, 0.5613048368953881),
[92mINFO [0m:      	               (15, 0.571111111111111),
INFO:flwr:	               (15, 0.571111111111111),
[92mINFO [0m:      	               (16, 0.5625668449197861),
INFO:flwr:	               (16, 0.5625668449197861),
[92mINFO [0m:      	               (17, 0.5726775956284152),
INFO:flwr:	               (17, 0.5726775956284152),
[92mINFO [0m:      	               (18, 0.6043425814234017),
INFO:flwr:	               (18, 0.6043425814234017),
[92mINFO [0m:      	               (19, 0.5991091314031181),
INFO:flwr:	               (19, 0.5991091314031181),
[92mINFO [0m:      	               (20, 0.5963718820861678),
INFO:flwr:	               (20, 0.5963718820861678),
[92mINFO [0m:      	               (21, 0.6095238095238096),
INFO:flwr:	               (21, 0.6095238095238096),
[92mINFO [0m:      	               (22, 0.5942196531791908),
INFO:flwr:	               (22, 0.5942196531791908),
[92mINFO [0m:      	               (23, 0.6096654275092936),
INFO:flwr:	               (23, 0.6096654275092936),
[92mINFO [0m:      	               (24, 0.6039119804400978),
INFO:flwr:	               (24, 0.6039119804400978),
[92mINFO [0m:      	               (25, 0.6105263157894737),
INFO:flwr:	               (25, 0.6105263157894737),
[92mINFO [0m:      	               (26, 0.5997490589711418),
INFO:flwr:	               (26, 0.5997490589711418),
[92mINFO [0m:      	               (27, 0.6286438529784537),
INFO:flwr:	               (27, 0.6286438529784537),
[92mINFO [0m:      	               (28, 0.6280884265279584),
INFO:flwr:	               (28, 0.6280884265279584),
[92mINFO [0m:      	               (29, 0.6369509043927648),
INFO:flwr:	               (29, 0.6369509043927648),
[92mINFO [0m:      	               (30, 0.660431654676259),
INFO:flwr:	               (30, 0.660431654676259),
[92mINFO [0m:      	               (31, 0.6293333333333333),
INFO:flwr:	               (31, 0.6293333333333333),
[92mINFO [0m:      	               (32, 0.6594516594516594),
INFO:flwr:	               (32, 0.6594516594516594),
[92mINFO [0m:      	               (33, 0.6516853932584269),
INFO:flwr:	               (33, 0.6516853932584269),
[92mINFO [0m:      	               (34, 0.6588072122052705),
INFO:flwr:	               (34, 0.6588072122052705),
[92mINFO [0m:      	               (35, 0.6301369863013698),
INFO:flwr:	               (35, 0.6301369863013698),
[92mINFO [0m:      	               (36, 0.639344262295082),
INFO:flwr:	               (36, 0.639344262295082),
[92mINFO [0m:      	               (37, 0.6652298850574713),
INFO:flwr:	               (37, 0.6652298850574713),
[92mINFO [0m:      	               (38, 0.6676342525399129),
INFO:flwr:	               (38, 0.6676342525399129),
[92mINFO [0m:      	               (39, 0.6619318181818182),
INFO:flwr:	               (39, 0.6619318181818182),
[92mINFO [0m:      	               (40, 0.6616989567809239),
INFO:flwr:	               (40, 0.6616989567809239),
[92mINFO [0m:      	               (41, 0.6566091954022989),
INFO:flwr:	               (41, 0.6566091954022989),
[92mINFO [0m:      	               (42, 0.6537396121883656),
INFO:flwr:	               (42, 0.6537396121883656),
[92mINFO [0m:      	               (43, 0.6763803680981596),
INFO:flwr:	               (43, 0.6763803680981596),
[92mINFO [0m:      	               (44, 0.6671709531013615),
INFO:flwr:	               (44, 0.6671709531013615),
[92mINFO [0m:      	               (45, 0.6559297218155198),
INFO:flwr:	               (45, 0.6559297218155198),
[92mINFO [0m:      	               (46, 0.6589673913043478),
INFO:flwr:	               (46, 0.6589673913043478),
[92mINFO [0m:      	               (47, 0.6901197604790418),
INFO:flwr:	               (47, 0.6901197604790418),
[92mINFO [0m:      	               (48, 0.6629370629370629),
INFO:flwr:	               (48, 0.6629370629370629),
[92mINFO [0m:      	               (49, 0.6837349397590361),
INFO:flwr:	               (49, 0.6837349397590361),
[92mINFO [0m:      	               (50, 0.6848)],
INFO:flwr:	               (50, 0.6848)],
[92mINFO [0m:      	 'recall': [(1, 0.49181818181818177),
INFO:flwr:	 'recall': [(1, 0.49181818181818177),
[92mINFO [0m:      	            (2, 0.48727272727272725),
INFO:flwr:	            (2, 0.48727272727272725),
[92mINFO [0m:      	            (3, 0.4863636363636364),
INFO:flwr:	            (3, 0.4863636363636364),
[92mINFO [0m:      	            (4, 0.4945454545454546),
INFO:flwr:	            (4, 0.4945454545454546),
[92mINFO [0m:      	            (5, 0.519090909090909),
INFO:flwr:	            (5, 0.519090909090909),
[92mINFO [0m:      	            (6, 0.5163636363636364),
INFO:flwr:	            (6, 0.5163636363636364),
[92mINFO [0m:      	            (7, 0.49363636363636365),
INFO:flwr:	            (7, 0.49363636363636365),
[92mINFO [0m:      	            (8, 0.5045454545454545),
INFO:flwr:	            (8, 0.5045454545454545),
[92mINFO [0m:      	            (9, 0.47363636363636363),
INFO:flwr:	            (9, 0.47363636363636363),
[92mINFO [0m:      	            (10, 0.49181818181818177),
INFO:flwr:	            (10, 0.49181818181818177),
[92mINFO [0m:      	            (11, 0.4690909090909091),
INFO:flwr:	            (11, 0.4690909090909091),
[92mINFO [0m:      	            (12, 0.4863636363636364),
INFO:flwr:	            (12, 0.4863636363636364),
[92mINFO [0m:      	            (13, 0.460909090909091),
INFO:flwr:	            (13, 0.460909090909091),
[92mINFO [0m:      	            (14, 0.4536363636363636),
INFO:flwr:	            (14, 0.4536363636363636),
[92mINFO [0m:      	            (15, 0.46727272727272723),
INFO:flwr:	            (15, 0.46727272727272723),
[92mINFO [0m:      	            (16, 0.4781818181818182),
INFO:flwr:	            (16, 0.4781818181818182),
[92mINFO [0m:      	            (17, 0.4763636363636364),
INFO:flwr:	            (17, 0.4763636363636364),
[92mINFO [0m:      	            (18, 0.4554545454545455),
INFO:flwr:	            (18, 0.4554545454545455),
[92mINFO [0m:      	            (19, 0.489090909090909),
INFO:flwr:	            (19, 0.489090909090909),
[92mINFO [0m:      	            (20, 0.4781818181818182),
INFO:flwr:	            (20, 0.4781818181818182),
[92mINFO [0m:      	            (21, 0.4654545454545455),
INFO:flwr:	            (21, 0.4654545454545455),
[92mINFO [0m:      	            (22, 0.46727272727272723),
INFO:flwr:	            (22, 0.46727272727272723),
[92mINFO [0m:      	            (23, 0.44727272727272727),
INFO:flwr:	            (23, 0.44727272727272727),
[92mINFO [0m:      	            (24, 0.44909090909090904),
INFO:flwr:	            (24, 0.44909090909090904),
[92mINFO [0m:      	            (25, 0.4218181818181818),
INFO:flwr:	            (25, 0.4218181818181818),
[92mINFO [0m:      	            (26, 0.4345454545454546),
INFO:flwr:	            (26, 0.4345454545454546),
[92mINFO [0m:      	            (27, 0.450909090909091),
INFO:flwr:	            (27, 0.450909090909091),
[92mINFO [0m:      	            (28, 0.43909090909090903),
INFO:flwr:	            (28, 0.43909090909090903),
[92mINFO [0m:      	            (29, 0.44818181818181824),
INFO:flwr:	            (29, 0.44818181818181824),
[92mINFO [0m:      	            (30, 0.41727272727272724),
INFO:flwr:	            (30, 0.41727272727272724),
[92mINFO [0m:      	            (31, 0.4290909090909091),
INFO:flwr:	            (31, 0.4290909090909091),
[92mINFO [0m:      	            (32, 0.41545454545454547),
INFO:flwr:	            (32, 0.41545454545454547),
[92mINFO [0m:      	            (33, 0.4218181818181818),
INFO:flwr:	            (33, 0.4218181818181818),
[92mINFO [0m:      	            (34, 0.4318181818181818),
INFO:flwr:	            (34, 0.4318181818181818),
[92mINFO [0m:      	            (35, 0.41818181818181815),
INFO:flwr:	            (35, 0.41818181818181815),
[92mINFO [0m:      	            (36, 0.4254545454545455),
INFO:flwr:	            (36, 0.4254545454545455),
[92mINFO [0m:      	            (37, 0.4209090909090909),
INFO:flwr:	            (37, 0.4209090909090909),
[92mINFO [0m:      	            (38, 0.41818181818181815),
INFO:flwr:	            (38, 0.41818181818181815),
[92mINFO [0m:      	            (39, 0.4236363636363637),
INFO:flwr:	            (39, 0.4236363636363637),
[92mINFO [0m:      	            (40, 0.4036363636363636),
INFO:flwr:	            (40, 0.4036363636363636),
[92mINFO [0m:      	            (41, 0.41545454545454547),
INFO:flwr:	            (41, 0.41545454545454547),
[92mINFO [0m:      	            (42, 0.4290909090909091),
INFO:flwr:	            (42, 0.4290909090909091),
[92mINFO [0m:      	            (43, 0.4009090909090909),
INFO:flwr:	            (43, 0.4009090909090909),
[92mINFO [0m:      	            (44, 0.4009090909090909),
INFO:flwr:	            (44, 0.4009090909090909),
[92mINFO [0m:      	            (45, 0.40727272727272723),
INFO:flwr:	            (45, 0.40727272727272723),
[92mINFO [0m:      	            (46, 0.440909090909091),
INFO:flwr:	            (46, 0.440909090909091),
[92mINFO [0m:      	            (47, 0.41909090909090907),
INFO:flwr:	            (47, 0.41909090909090907),
[92mINFO [0m:      	            (48, 0.4309090909090909),
INFO:flwr:	            (48, 0.4309090909090909),
[92mINFO [0m:      	            (49, 0.4127272727272727),
INFO:flwr:	            (49, 0.4127272727272727),
[92mINFO [0m:      	            (50, 0.38909090909090904)]}
INFO:flwr:	            (50, 0.38909090909090904)]}
[92mINFO [0m:      
INFO:flwr:

Training complete in 728.1s (14.6s/round)

[Ray cleanup] Shutting down Ray...
[36m(ClientAppActor pid=443955)[0m [93mWARNING [0m:   DEPRECATED FEATURE: `client_fn` now expects a signature `def client_fn(context: Context)`.The provided `client_fn` has signature: {'cid': <Parameter "cid: str">}. You can import the `Context` like this: `from flwr.app import Context`[32m [repeated 9x across cluster][0m
[36m(ClientAppActor pid=443955)[0m             This is a deprecated feature. It will be removed[32m [repeated 9x across cluster][0m
[36m(ClientAppActor pid=443955)[0m             entirely in future versions of Flower.[32m [repeated 9x across cluster][0m
[Ray cleanup] Ray shutdown complete.
Metrics saved to: ./results/seed_55/Ablation_NoL3_SignFlip20pct.json
Model checkpoint saved to: ./results/seed_55/models/Ablation_NoL3_SignFlip20pct.pt
