
==============================================================================
EXPERIMENT: Ablation_NoL3_ModelReplace20pct
SEED:       54
STARTED:    2026-09-16T09:04:36+00:00
TIMEOUT:    180.0 min
COMMAND:
/app/.venv/bin/python train.py --num-clients 10 --num-rounds 50 --nrows 150000 --batch-size 512 --epochs-per-round 10 --results-dir ./results/seed_54 --save-model ./results/seed_54/models/Ablation_NoL3_ModelReplace20pct.pt --seed 54 --run-label Ablation_NoL3_ModelReplace20pct --disable-layer3 --num-adversaries 2 --attack-type model_replace
==============================================================================
Device: cuda
  GPU: NVIDIA GeForce RTX 3060
  VRAM: 12.9 GB

Loading data from: ./data/raw
/app/.venv/lib/python3.14/site-packages/numpy/lib/_function_base_impl.py:3036: RuntimeWarning: invalid value encountered in divide
  c /= stddev[:, None]
/app/.venv/lib/python3.14/site-packages/numpy/lib/_function_base_impl.py:3037: RuntimeWarning: invalid value encountered in divide
  c /= stddev[None, :]
/app/data/loader.py:132: PerformanceWarning: DataFrame is highly fragmented.  This is usually the result of calling `frame.insert` many times, which has poor performance.  Consider joining all columns at once using pd.concat(axis=1) instead. To get a de-fragmented frame, use `newframe = frame.copy()`
  X_df["uid_fraud_mean"] = y_series.groupby(by=uid_series).transform("mean").values
/app/data/loader.py:133: PerformanceWarning: DataFrame is highly fragmented.  This is usually the result of calling `frame.insert` many times, which has poor performance.  Consider joining all columns at once using pd.concat(axis=1) instead. To get a de-fragmented frame, use `newframe = frame.copy()`
  X_df["uid_count"]      = uid_series.groupby(by=uid_series).transform("count").astype(np.float32).values
/app/data/loader.py:134: PerformanceWarning: DataFrame is highly fragmented.  This is usually the result of calling `frame.insert` many times, which has poor performance.  Consider joining all columns at once using pd.concat(axis=1) instead. To get a de-fragmented frame, use `newframe = frame.copy()`
  X_df["uid_amt_mean"]   = amt_series.groupby(by=uid_series).transform("mean").astype(np.float32).values
/app/data/loader.py:135: PerformanceWarning: DataFrame is highly fragmented.  This is usually the result of calling `frame.insert` many times, which has poor performance.  Consider joining all columns at once using pd.concat(axis=1) instead. To get a de-fragmented frame, use `newframe = frame.copy()`
  X_df["uid_amt_std"]    = amt_series.groupby(by=uid_series).transform("std").fillna(0).astype(np.float32).values
/app/data/loader.py:142: PerformanceWarning: DataFrame is highly fragmented.  This is usually the result of calling `frame.insert` many times, which has poor performance.  Consider joining all columns at once using pd.concat(axis=1) instead. To get a de-fragmented frame, use `newframe = frame.copy()`
  X_df["log_TransactionAmt"] = np.log1p(
/app/data/loader.py:147: PerformanceWarning: DataFrame is highly fragmented.  This is usually the result of calling `frame.insert` many times, which has poor performance.  Consider joining all columns at once using pd.concat(axis=1) instead. To get a de-fragmented frame, use `newframe = frame.copy()`
  X_df["amt_uid_ratio"] = (
  Train samples: 120000
  Test samples:  30000
  Input dim: 122
Strategy: CascadeRouter

Starting FL simulation:
  Clients:      10
  Rounds:       50
  Adversaries:  2
  Attack:       model_replace
[93mWARNING [0m:   DEPRECATED FEATURE: flwr.simulation.start_simulation() is deprecated.
	Instead, use the `flwr run` CLI command to start a local simulation in your Flower app, as shown for example below:

		$ flwr new  # Create a new Flower app from a template

		$ flwr run  # Run the Flower app in Simulation Mode

	Using `start_simulation()` is deprecated.

            This is a deprecated feature. It will be removed
            entirely in future versions of Flower.
        
[92mINFO [0m:      Starting Flower simulation, config: num_rounds=50, no round_timeout
2026-09-16 09:04:54,809	INFO worker.py:2024 -- Started a local Ray instance.
[92mINFO [0m:      Flower VCE: Ray initialized with resources: {'memory': 4786257101.0, 'CPU': 20.0, 'node:172.18.0.2': 1.0, 'object_store_memory': 2051253043.0, 'node:__internal_head__': 1.0, 'GPU': 1.0, 'accelerator_type:GeForce-RTX-3060': 1.0}
[92mINFO [0m:      Optimize your simulation with Flower VCE: https://flower.ai/docs/framework/how-to-run-simulations.html
[92mINFO [0m:      Flower VCE: Resources for each Virtual Client: {'num_cpus': 10, 'num_gpus': 0.5}
[92mINFO [0m:      Flower VCE: Creating VirtualClientEngineActorPool with 2 actors
[92mINFO [0m:      [INIT]
[92mINFO [0m:      Requesting initial parameters from one random client
[36m(ClientAppActor pid=390917)[0m [93mWARNING [0m:   DEPRECATED FEATURE: `client_fn` now expects a signature `def client_fn(context: Context)`.The provided `client_fn` has signature: {'cid': <Parameter "cid: str">}. You can import the `Context` like this: `from flwr.app import Context`
[36m(ClientAppActor pid=390917)[0m 
[36m(ClientAppActor pid=390917)[0m             This is a deprecated feature. It will be removed
[36m(ClientAppActor pid=390917)[0m             entirely in future versions of Flower.
[36m(ClientAppActor pid=390917)[0m         
[92mINFO [0m:      Received initial parameters from one random client
[92mINFO [0m:      Starting evaluation of initial global parameters
[92mINFO [0m:      Evaluation returned no results (`None`)
[92mINFO [0m:      
[92mINFO [0m:      [ROUND 1]
[92mINFO [0m:      configure_fit: strategy sampled 10 clients (out of 10)
[36m(ClientAppActor pid=390917)[0m [Client 8] Training on NVIDIA GeForce RTX 3060
[36m(ClientAppActor pid=390917)[0m [93mWARNING [0m:   DEPRECATED FEATURE: `client_fn` now expects a signature `def client_fn(context: Context)`.The provided `client_fn` has signature: {'cid': <Parameter "cid: str">}. You can import the `Context` like this: `from flwr.app import Context`
[36m(ClientAppActor pid=390917)[0m 
[36m(ClientAppActor pid=390917)[0m             This is a deprecated feature. It will be removed
[36m(ClientAppActor pid=390917)[0m             entirely in future versions of Flower.
[36m(ClientAppActor pid=390917)[0m         
[36m(ClientAppActor pid=390918)[0m 
[36m(ClientAppActor pid=390918)[0m         
[36m(ClientAppActor pid=390918)[0m 
[36m(ClientAppActor pid=390918)[0m         
[36m(ClientAppActor pid=390917)[0m [Client 5] Training on NVIDIA GeForce RTX 3060[32m [repeated 3x across cluster] (Ray deduplicates logs by default. Set RAY_DEDUP_LOGS=0 to disable log deduplication, or see https://docs.ray.io/en/master/ray-observability/user-guides/configure-logging.html#log-deduplication for more options.)[0m
[36m(ClientAppActor pid=390917)[0m 
[36m(ClientAppActor pid=390917)[0m         
[36m(ClientAppActor pid=390917)[0m [93mWARNING [0m:   DEPRECATED FEATURE: `client_fn` now expects a signature `def client_fn(context: Context)`.The provided `client_fn` has signature: {'cid': <Parameter "cid: str">}. You can import the `Context` like this: `from flwr.app import Context`[32m [repeated 3x across cluster][0m
[36m(ClientAppActor pid=390917)[0m             This is a deprecated feature. It will be removed[32m [repeated 3x across cluster][0m
[36m(ClientAppActor pid=390917)[0m             entirely in future versions of Flower.[32m [repeated 3x across cluster][0m
[36m(ClientAppActor pid=390918)[0m 
[36m(ClientAppActor pid=390918)[0m         
[36m(ClientAppActor pid=390917)[0m 
[36m(ClientAppActor pid=390917)[0m         
[36m(ClientAppActor pid=390917)[0m 
[36m(ClientAppActor pid=390917)[0m         
[36m(ClientAppActor pid=390917)[0m 
[36m(ClientAppActor pid=390917)[0m         
[36m(ClientAppActor pid=390918)[0m 
[36m(ClientAppActor pid=390918)[0m         
[36m(ClientAppActor pid=390918)[0m 
[36m(ClientAppActor pid=390918)[0m         
[92mINFO [0m:      aggregate_fit: received 10 results and 0 failures
[CascadeRouter] Round 1: 10 clients, 24578 parameters/client
[92mINFO [0m:      configure_evaluate: strategy sampled 10 clients (out of 10)
INFO:flwr:configure_evaluate: strategy sampled 10 clients (out of 10)
[36m(ClientAppActor pid=390917)[0m 
[36m(ClientAppActor pid=390917)[0m         
[36m(ClientAppActor pid=390917)[0m [93mWARNING [0m:   DEPRECATED FEATURE: `client_fn` now expects a signature `def client_fn(context: Context)`.The provided `client_fn` has signature: {'cid': <Parameter "cid: str">}. You can import the `Context` like this: `from flwr.app import Context`[32m [repeated 7x across cluster][0m
[36m(ClientAppActor pid=390917)[0m             This is a deprecated feature. It will be removed[32m [repeated 7x across cluster][0m
[36m(ClientAppActor pid=390917)[0m             entirely in future versions of Flower.[32m [repeated 7x across cluster][0m
[36m(ClientAppActor pid=390918)[0m 
[36m(ClientAppActor pid=390918)[0m         
[36m(ClientAppActor pid=390917)[0m 
[36m(ClientAppActor pid=390917)[0m         
[36m(ClientAppActor pid=390918)[0m 
[36m(ClientAppActor pid=390918)[0m         
[36m(ClientAppActor pid=390918)[0m 
[36m(ClientAppActor pid=390918)[0m         
[36m(ClientAppActor pid=390917)[0m 
[36m(ClientAppActor pid=390917)[0m         
[36m(ClientAppActor pid=390918)[0m 
[36m(ClientAppActor pid=390918)[0m         
[36m(ClientAppActor pid=390917)[0m 
[36m(ClientAppActor pid=390917)[0m         
[36m(ClientAppActor pid=390918)[0m 
[36m(ClientAppActor pid=390918)[0m         
[36m(ClientAppActor pid=390917)[0m 
[36m(ClientAppActor pid=390917)[0m         
[92mINFO [0m:      aggregate_evaluate: received 10 results and 0 failures
INFO:flwr:aggregate_evaluate: received 10 results and 0 failures
[92mINFO [0m:      
INFO:flwr:
[92mINFO [0m:      [ROUND 2]
INFO:flwr:[ROUND 2]
[92mINFO [0m:      configure_fit: strategy sampled 10 clients (out of 10)
INFO:flwr:configure_fit: strategy sampled 10 clients (out of 10)
[36m(ClientAppActor pid=390918)[0m [Client 0] Training on NVIDIA GeForce RTX 3060[32m [repeated 7x across cluster][0m
[36m(ClientAppActor pid=390918)[0m 
[36m(ClientAppActor pid=390918)[0m         
[36m(ClientAppActor pid=390917)[0m 
[36m(ClientAppActor pid=390917)[0m         
[36m(ClientAppActor pid=390918)[0m 
[36m(ClientAppActor pid=390918)[0m         
[36m(ClientAppActor pid=390918)[0m 
[36m(ClientAppActor pid=390918)[0m         
[36m(ClientAppActor pid=390917)[0m 
[36m(ClientAppActor pid=390917)[0m         
[36m(ClientAppActor pid=390918)[0m 
[36m(ClientAppActor pid=390918)[0m         
[36m(ClientAppActor pid=390918)[0m 
[36m(ClientAppActor pid=390918)[0m         
[36m(ClientAppActor pid=390918)[0m [93mWARNING [0m:   DEPRECATED FEATURE: `client_fn` now expects a signature `def client_fn(context: Context)`.The provided `client_fn` has signature: {'cid': <Parameter "cid: str">}. You can import the `Context` like this: `from flwr.app import Context`[32m [repeated 16x across cluster][0m
[36m(ClientAppActor pid=390918)[0m             This is a deprecated feature. It will be removed[32m [repeated 16x across cluster][0m
[36m(ClientAppActor pid=390918)[0m             entirely in future versions of Flower.[32m [repeated 16x across cluster][0m
[36m(ClientAppActor pid=390917)[0m [Client 3] Training on NVIDIA GeForce RTX 3060[32m [repeated 7x across cluster][0m
[36m(ClientAppActor pid=390917)[0m 
[36m(ClientAppActor pid=390917)[0m         
[36m(ClientAppActor pid=390917)[0m 
[36m(ClientAppActor pid=390917)[0m         
[36m(ClientAppActor pid=390917)[0m 
[36m(ClientAppActor pid=390917)[0m         
[92mINFO [0m:      aggregate_fit: received 10 results and 0 failures
INFO:flwr:aggregate_fit: received 10 results and 0 failures
[CascadeRouter] Round 2: 10 clients, 24578 parameters/client
[92mINFO [0m:      configure_evaluate: strategy sampled 10 clients (out of 10)
INFO:flwr:configure_evaluate: strategy sampled 10 clients (out of 10)
[36m(ClientAppActor pid=390918)[0m 
[36m(ClientAppActor pid=390918)[0m         
[36m(ClientAppActor pid=390918)[0m [93mWARNING [0m:   DEPRECATED FEATURE: `client_fn` now expects a signature `def client_fn(context: Context)`.The provided `client_fn` has signature: {'cid': <Parameter "cid: str">}. You can import the `Context` like this: `from flwr.app import Context`[32m [repeated 4x across cluster][0m
[36m(ClientAppActor pid=390918)[0m             This is a deprecated feature. It will be removed[32m [repeated 4x across cluster][0m
[36m(ClientAppActor pid=390918)[0m             entirely in future versions of Flower.[32m [repeated 4x across cluster][0m
[36m(ClientAppActor pid=390917)[0m 
[36m(ClientAppActor pid=390917)[0m         
[36m(ClientAppActor pid=390918)[0m 
[36m(ClientAppActor pid=390918)[0m         
[36m(ClientAppActor pid=390917)[0m 
[36m(ClientAppActor pid=390917)[0m         
[36m(ClientAppActor pid=390918)[0m 
[36m(ClientAppActor pid=390918)[0m         
[36m(ClientAppActor pid=390917)[0m 
[36m(ClientAppActor pid=390917)[0m         
[36m(ClientAppActor pid=390918)[0m 
[36m(ClientAppActor pid=390918)[0m         
[36m(ClientAppActor pid=390917)[0m 
[36m(ClientAppActor pid=390917)[0m         
[36m(ClientAppActor pid=390918)[0m 
[36m(ClientAppActor pid=390918)[0m         
[36m(ClientAppActor pid=390917)[0m 
[36m(ClientAppActor pid=390917)[0m         
[92mINFO [0m:      aggregate_evaluate: received 10 results and 0 failures
INFO:flwr:aggregate_evaluate: received 10 results and 0 failures
[92mINFO [0m:      
INFO:flwr:
[92mINFO [0m:      [ROUND 3]
INFO:flwr:[ROUND 3]
[92mINFO [0m:      configure_fit: strategy sampled 10 clients (out of 10)
INFO:flwr:configure_fit: strategy sampled 10 clients (out of 10)
[36m(ClientAppActor pid=390917)[0m [Client 4] Training on NVIDIA GeForce RTX 3060[32m [repeated 3x across cluster][0m
[36m(ClientAppActor pid=390917)[0m 
[36m(ClientAppActor pid=390917)[0m         
[36m(ClientAppActor pid=390918)[0m 
[36m(ClientAppActor pid=390918)[0m         
[36m(ClientAppActor pid=390917)[0m 
[36m(ClientAppActor pid=390917)[0m         
[36m(ClientAppActor pid=390917)[0m [Client 0] Training on NVIDIA GeForce RTX 3060[32m [repeated 3x across cluster][0m
[36m(ClientAppActor pid=390917)[0m 
[36m(ClientAppActor pid=390917)[0m         
[36m(ClientAppActor pid=390917)[0m [93mWARNING [0m:   DEPRECATED FEATURE: `client_fn` now expects a signature `def client_fn(context: Context)`.The provided `client_fn` has signature: {'cid': <Parameter "cid: str">}. You can import the `Context` like this: `from flwr.app import Context`[32m [repeated 13x across cluster][0m
[36m(ClientAppActor pid=390917)[0m             This is a deprecated feature. It will be removed[32m [repeated 13x across cluster][0m
[36m(ClientAppActor pid=390917)[0m             entirely in future versions of Flower.[32m [repeated 13x across cluster][0m
[36m(ClientAppActor pid=390917)[0m 
[36m(ClientAppActor pid=390917)[0m         
[36m(ClientAppActor pid=390917)[0m 
[36m(ClientAppActor pid=390917)[0m         
[36m(ClientAppActor pid=390917)[0m 
[36m(ClientAppActor pid=390917)[0m         
[36m(ClientAppActor pid=390918)[0m 
[36m(ClientAppActor pid=390918)[0m         
[36m(ClientAppActor pid=390917)[0m 
[36m(ClientAppActor pid=390917)[0m         
[36m(ClientAppActor pid=390917)[0m [Client 2] Training on NVIDIA GeForce RTX 3060[32m [repeated 6x across cluster][0m
[36m(ClientAppActor pid=390917)[0m 
[36m(ClientAppActor pid=390917)[0m         
[36m(ClientAppActor pid=390917)[0m [93mWARNING [0m:   DEPRECATED FEATURE: `client_fn` now expects a signature `def client_fn(context: Context)`.The provided `client_fn` has signature: {'cid': <Parameter "cid: str">}. You can import the `Context` like this: `from flwr.app import Context`[32m [repeated 6x across cluster][0m
[36m(ClientAppActor pid=390917)[0m             This is a deprecated feature. It will be removed[32m [repeated 6x across cluster][0m
[36m(ClientAppActor pid=390917)[0m             entirely in future versions of Flower.[32m [repeated 6x across cluster][0m
[92mINFO [0m:      aggregate_fit: received 10 results and 0 failures
INFO:flwr:aggregate_fit: received 10 results and 0 failures
[CascadeRouter] Round 3: 10 clients, 24578 parameters/client
[92mINFO [0m:      configure_evaluate: strategy sampled 10 clients (out of 10)
INFO:flwr:configure_evaluate: strategy sampled 10 clients (out of 10)
[36m(ClientAppActor pid=390917)[0m 
[36m(ClientAppActor pid=390917)[0m         
[36m(ClientAppActor pid=390918)[0m 
[36m(ClientAppActor pid=390918)[0m         
[36m(ClientAppActor pid=390917)[0m 
[36m(ClientAppActor pid=390917)[0m         
[36m(ClientAppActor pid=390918)[0m 
[36m(ClientAppActor pid=390918)[0m         
[36m(ClientAppActor pid=390917)[0m 
[36m(ClientAppActor pid=390917)[0m         
[36m(ClientAppActor pid=390918)[0m 
[36m(ClientAppActor pid=390918)[0m         
[36m(ClientAppActor pid=390918)[0m 
[36m(ClientAppActor pid=390918)[0m         
[36m(ClientAppActor pid=390917)[0m 
[36m(ClientAppActor pid=390917)[0m         
[36m(ClientAppActor pid=390917)[0m 
[36m(ClientAppActor pid=390917)[0m         
[36m(ClientAppActor pid=390918)[0m 
[36m(ClientAppActor pid=390918)[0m         
[92mINFO [0m:      aggregate_evaluate: received 10 results and 0 failures
INFO:flwr:aggregate_evaluate: received 10 results and 0 failures
[92mINFO [0m:      
INFO:flwr:
[92mINFO [0m:      [ROUND 4]
INFO:flwr:[ROUND 4]
[92mINFO [0m:      configure_fit: strategy sampled 10 clients (out of 10)
INFO:flwr:configure_fit: strategy sampled 10 clients (out of 10)
[36m(ClientAppActor pid=390918)[0m 
[36m(ClientAppActor pid=390918)[0m         
[36m(ClientAppActor pid=390917)[0m 
[36m(ClientAppActor pid=390917)[0m         
[36m(ClientAppActor pid=390917)[0m 
[36m(ClientAppActor pid=390917)[0m         
[36m(ClientAppActor pid=390917)[0m 
[36m(ClientAppActor pid=390917)[0m         
[36m(ClientAppActor pid=390918)[0m 
[36m(ClientAppActor pid=390918)[0m         
[36m(ClientAppActor pid=390918)[0m 
[36m(ClientAppActor pid=390918)[0m         
[36m(ClientAppActor pid=390918)[0m [Client 3] Training on NVIDIA GeForce RTX 3060[32m [repeated 7x across cluster][0m
[36m(ClientAppActor pid=390918)[0m 
[36m(ClientAppActor pid=390918)[0m         
[36m(ClientAppActor pid=390918)[0m [93mWARNING [0m:   DEPRECATED FEATURE: `client_fn` now expects a signature `def client_fn(context: Context)`.The provided `client_fn` has signature: {'cid': <Parameter "cid: str">}. You can import the `Context` like this: `from flwr.app import Context`[32m [repeated 17x across cluster][0m
[36m(ClientAppActor pid=390918)[0m             This is a deprecated feature. It will be removed[32m [repeated 17x across cluster][0m
[36m(ClientAppActor pid=390918)[0m             entirely in future versions of Flower.[32m [repeated 17x across cluster][0m
[36m(ClientAppActor pid=390918)[0m 
[36m(ClientAppActor pid=390918)[0m         
[36m(ClientAppActor pid=390918)[0m 
[36m(ClientAppActor pid=390918)[0m         
[36m(ClientAppActor pid=390917)[0m [Client 2] Training on NVIDIA GeForce RTX 3060[32m [repeated 3x across cluster][0m
[36m(ClientAppActor pid=390917)[0m 
[36m(ClientAppActor pid=390917)[0m         
[36m(ClientAppActor pid=390917)[0m [93mWARNING [0m:   DEPRECATED FEATURE: `client_fn` now expects a signature `def client_fn(context: Context)`.The provided `client_fn` has signature: {'cid': <Parameter "cid: str">}. You can import the `Context` like this: `from flwr.app import Context`[32m [repeated 3x across cluster][0m
[36m(ClientAppActor pid=390917)[0m             This is a deprecated feature. It will be removed[32m [repeated 3x across cluster][0m
[36m(ClientAppActor pid=390917)[0m             entirely in future versions of Flower.[32m [repeated 3x across cluster][0m
[92mINFO [0m:      aggregate_fit: received 10 results and 0 failures
INFO:flwr:aggregate_fit: received 10 results and 0 failures
[CascadeRouter] Round 4: 10 clients, 24578 parameters/client
[92mINFO [0m:      configure_evaluate: strategy sampled 10 clients (out of 10)
INFO:flwr:configure_evaluate: strategy sampled 10 clients (out of 10)
[36m(ClientAppActor pid=390917)[0m 
[36m(ClientAppActor pid=390917)[0m         
[36m(ClientAppActor pid=390918)[0m 
[36m(ClientAppActor pid=390918)[0m         
[36m(ClientAppActor pid=390918)[0m 
[36m(ClientAppActor pid=390918)[0m         
[36m(ClientAppActor pid=390917)[0m 
[36m(ClientAppActor pid=390917)[0m         
[36m(ClientAppActor pid=390917)[0m 
[36m(ClientAppActor pid=390917)[0m         
[36m(ClientAppActor pid=390918)[0m 
[36m(ClientAppActor pid=390918)[0m         
[36m(ClientAppActor pid=390917)[0m 
[36m(ClientAppActor pid=390917)[0m         
[36m(ClientAppActor pid=390918)[0m 
[36m(ClientAppActor pid=390918)[0m         
[36m(ClientAppActor pid=390918)[0m 
[36m(ClientAppActor pid=390918)[0m         
[36m(ClientAppActor pid=390917)[0m 
[36m(ClientAppActor pid=390917)[0m         
[92mINFO [0m:      aggregate_evaluate: received 10 results and 0 failures
INFO:flwr:aggregate_evaluate: received 10 results and 0 failures
[92mINFO [0m:      
INFO:flwr:
[92mINFO [0m:      [ROUND 5]
INFO:flwr:[ROUND 5]
[92mINFO [0m:      configure_fit: strategy sampled 10 clients (out of 10)
INFO:flwr:configure_fit: strategy sampled 10 clients (out of 10)
[36m(ClientAppActor pid=390918)[0m 
[36m(ClientAppActor pid=390918)[0m         
[36m(ClientAppActor pid=390917)[0m 
[36m(ClientAppActor pid=390917)[0m         
[36m(ClientAppActor pid=390918)[0m 
[36m(ClientAppActor pid=390918)[0m         
[36m(ClientAppActor pid=390918)[0m 
[36m(ClientAppActor pid=390918)[0m         
[36m(ClientAppActor pid=390918)[0m [Client 2] Training on NVIDIA GeForce RTX 3060[32m [repeated 5x across cluster][0m
[36m(ClientAppActor pid=390918)[0m 
[36m(ClientAppActor pid=390918)[0m         
[36m(ClientAppActor pid=390918)[0m [93mWARNING [0m:   DEPRECATED FEATURE: `client_fn` now expects a signature `def client_fn(context: Context)`.The provided `client_fn` has signature: {'cid': <Parameter "cid: str">}. You can import the `Context` like this: `from flwr.app import Context`[32m [repeated 15x across cluster][0m
[36m(ClientAppActor pid=390918)[0m             This is a deprecated feature. It will be removed[32m [repeated 15x across cluster][0m
[36m(ClientAppActor pid=390918)[0m             entirely in future versions of Flower.[32m [repeated 15x across cluster][0m
[36m(ClientAppActor pid=390918)[0m 
[36m(ClientAppActor pid=390918)[0m         
[36m(ClientAppActor pid=390918)[0m 
[36m(ClientAppActor pid=390918)[0m         
[36m(ClientAppActor pid=390918)[0m 
[36m(ClientAppActor pid=390918)[0m         
[36m(ClientAppActor pid=390917)[0m [Client 1] Training on NVIDIA GeForce RTX 3060[32m [repeated 4x across cluster][0m
[36m(ClientAppActor pid=390917)[0m 
[36m(ClientAppActor pid=390917)[0m         
[36m(ClientAppActor pid=390917)[0m [93mWARNING [0m:   DEPRECATED FEATURE: `client_fn` now expects a signature `def client_fn(context: Context)`.The provided `client_fn` has signature: {'cid': <Parameter "cid: str">}. You can import the `Context` like this: `from flwr.app import Context`[32m [repeated 4x across cluster][0m
[36m(ClientAppActor pid=390917)[0m             This is a deprecated feature. It will be removed[32m [repeated 4x across cluster][0m
[36m(ClientAppActor pid=390917)[0m             entirely in future versions of Flower.[32m [repeated 4x across cluster][0m
[36m(ClientAppActor pid=390917)[0m 
[36m(ClientAppActor pid=390917)[0m         
[92mINFO [0m:      aggregate_fit: received 10 results and 0 failures
INFO:flwr:aggregate_fit: received 10 results and 0 failures
[CascadeRouter] Round 5: 10 clients, 24578 parameters/client
[92mINFO [0m:      configure_evaluate: strategy sampled 10 clients (out of 10)
INFO:flwr:configure_evaluate: strategy sampled 10 clients (out of 10)
[36m(ClientAppActor pid=390917)[0m 
[36m(ClientAppActor pid=390917)[0m         
[36m(ClientAppActor pid=390918)[0m 
[36m(ClientAppActor pid=390918)[0m         
[36m(ClientAppActor pid=390917)[0m 
[36m(ClientAppActor pid=390917)[0m         
[36m(ClientAppActor pid=390918)[0m 
[36m(ClientAppActor pid=390918)[0m         
[36m(ClientAppActor pid=390918)[0m 
[36m(ClientAppActor pid=390918)[0m         
[36m(ClientAppActor pid=390917)[0m 
[36m(ClientAppActor pid=390917)[0m         
[36m(ClientAppActor pid=390917)[0m 
[36m(ClientAppActor pid=390917)[0m         
[36m(ClientAppActor pid=390918)[0m 
[36m(ClientAppActor pid=390918)[0m         
[36m(ClientAppActor pid=390917)[0m 
[36m(ClientAppActor pid=390917)[0m         
[36m(ClientAppActor pid=390918)[0m 
[36m(ClientAppActor pid=390918)[0m         
[92mINFO [0m:      aggregate_evaluate: received 10 results and 0 failures
INFO:flwr:aggregate_evaluate: received 10 results and 0 failures
[92mINFO [0m:      
INFO:flwr:
[92mINFO [0m:      [ROUND 6]
INFO:flwr:[ROUND 6]
[92mINFO [0m:      configure_fit: strategy sampled 10 clients (out of 10)
INFO:flwr:configure_fit: strategy sampled 10 clients (out of 10)
[36m(ClientAppActor pid=390918)[0m 
[36m(ClientAppActor pid=390918)[0m         
[36m(ClientAppActor pid=390917)[0m 
[36m(ClientAppActor pid=390917)[0m         
[36m(ClientAppActor pid=390917)[0m 
[36m(ClientAppActor pid=390917)[0m         
[36m(ClientAppActor pid=390917)[0m 
[36m(ClientAppActor pid=390917)[0m         
[36m(ClientAppActor pid=390917)[0m [93mWARNING [0m:   DEPRECATED FEATURE: `client_fn` now expects a signature `def client_fn(context: Context)`.The provided `client_fn` has signature: {'cid': <Parameter "cid: str">}. You can import the `Context` like this: `from flwr.app import Context`[32m [repeated 15x across cluster][0m
[36m(ClientAppActor pid=390917)[0m             This is a deprecated feature. It will be removed[32m [repeated 15x across cluster][0m
[36m(ClientAppActor pid=390917)[0m             entirely in future versions of Flower.[32m [repeated 15x across cluster][0m
[36m(ClientAppActor pid=390918)[0m [Client 3] Training on NVIDIA GeForce RTX 3060[32m [repeated 5x across cluster][0m
[36m(ClientAppActor pid=390918)[0m 
[36m(ClientAppActor pid=390918)[0m         
[36m(ClientAppActor pid=390918)[0m 
[36m(ClientAppActor pid=390918)[0m         
[36m(ClientAppActor pid=390917)[0m 
[36m(ClientAppActor pid=390917)[0m         
[36m(ClientAppActor pid=390917)[0m 
[36m(ClientAppActor pid=390917)[0m         
[36m(ClientAppActor pid=390917)[0m 
[36m(ClientAppActor pid=390917)[0m         
[36m(ClientAppActor pid=390918)[0m 
[36m(ClientAppActor pid=390918)[0m         
[92mINFO [0m:      aggregate_fit: received 10 results and 0 failures
INFO:flwr:aggregate_fit: received 10 results and 0 failures
[CascadeRouter] Round 6: 10 clients, 24578 parameters/client
[92mINFO [0m:      configure_evaluate: strategy sampled 10 clients (out of 10)
INFO:flwr:configure_evaluate: strategy sampled 10 clients (out of 10)
[36m(ClientAppActor pid=390918)[0m 
[36m(ClientAppActor pid=390918)[0m         
[36m(ClientAppActor pid=390918)[0m [93mWARNING [0m:   DEPRECATED FEATURE: `client_fn` now expects a signature `def client_fn(context: Context)`.The provided `client_fn` has signature: {'cid': <Parameter "cid: str">}. You can import the `Context` like this: `from flwr.app import Context`[32m [repeated 7x across cluster][0m
[36m(ClientAppActor pid=390918)[0m             This is a deprecated feature. It will be removed[32m [repeated 7x across cluster][0m
[36m(ClientAppActor pid=390918)[0m             entirely in future versions of Flower.[32m [repeated 7x across cluster][0m
[36m(ClientAppActor pid=390917)[0m 
[36m(ClientAppActor pid=390917)[0m         
[36m(ClientAppActor pid=390917)[0m 
[36m(ClientAppActor pid=390917)[0m         
[36m(ClientAppActor pid=390918)[0m 
[36m(ClientAppActor pid=390918)[0m         
[36m(ClientAppActor pid=390918)[0m 
[36m(ClientAppActor pid=390918)[0m         
[36m(ClientAppActor pid=390917)[0m 
[36m(ClientAppActor pid=390917)[0m         
[36m(ClientAppActor pid=390917)[0m 
[36m(ClientAppActor pid=390917)[0m         
[36m(ClientAppActor pid=390918)[0m 
[36m(ClientAppActor pid=390918)[0m         
[36m(ClientAppActor pid=390917)[0m 
[36m(ClientAppActor pid=390917)[0m         
[36m(ClientAppActor pid=390918)[0m 
[36m(ClientAppActor pid=390918)[0m         
[92mINFO [0m:      aggregate_evaluate: received 10 results and 0 failures
INFO:flwr:aggregate_evaluate: received 10 results and 0 failures
[92mINFO [0m:      
INFO:flwr:
[92mINFO [0m:      [ROUND 7]
INFO:flwr:[ROUND 7]
[92mINFO [0m:      configure_fit: strategy sampled 10 clients (out of 10)
INFO:flwr:configure_fit: strategy sampled 10 clients (out of 10)
[36m(ClientAppActor pid=390918)[0m [Client 9] Training on NVIDIA GeForce RTX 3060[32m [repeated 7x across cluster][0m
[36m(ClientAppActor pid=390918)[0m 
[36m(ClientAppActor pid=390918)[0m         
[36m(ClientAppActor pid=390917)[0m 
[36m(ClientAppActor pid=390917)[0m         
[36m(ClientAppActor pid=390917)[0m 
[36m(ClientAppActor pid=390917)[0m         
[36m(ClientAppActor pid=390917)[0m 
[36m(ClientAppActor pid=390917)[0m         
[36m(ClientAppActor pid=390917)[0m [93mWARNING [0m:   DEPRECATED FEATURE: `client_fn` now expects a signature `def client_fn(context: Context)`.The provided `client_fn` has signature: {'cid': <Parameter "cid: str">}. You can import the `Context` like this: `from flwr.app import Context`[32m [repeated 13x across cluster][0m
[36m(ClientAppActor pid=390917)[0m             This is a deprecated feature. It will be removed[32m [repeated 13x across cluster][0m
[36m(ClientAppActor pid=390917)[0m             entirely in future versions of Flower.[32m [repeated 13x across cluster][0m
[36m(ClientAppActor pid=390917)[0m 
[36m(ClientAppActor pid=390917)[0m         
[36m(ClientAppActor pid=390917)[0m [Client 7] Training on NVIDIA GeForce RTX 3060[32m [repeated 5x across cluster][0m
[36m(ClientAppActor pid=390917)[0m 
[36m(ClientAppActor pid=390917)[0m         
[36m(ClientAppActor pid=390917)[0m 
[36m(ClientAppActor pid=390917)[0m         
[36m(ClientAppActor pid=390917)[0m [93mWARNING [0m:   DEPRECATED FEATURE: `client_fn` now expects a signature `def client_fn(context: Context)`.The provided `client_fn` has signature: {'cid': <Parameter "cid: str">}. You can import the `Context` like this: `from flwr.app import Context`[32m [repeated 3x across cluster][0m
[36m(ClientAppActor pid=390917)[0m             This is a deprecated feature. It will be removed[32m [repeated 3x across cluster][0m
[36m(ClientAppActor pid=390917)[0m             entirely in future versions of Flower.[32m [repeated 3x across cluster][0m
[36m(ClientAppActor pid=390918)[0m 
[36m(ClientAppActor pid=390918)[0m         
[36m(ClientAppActor pid=390917)[0m 
[36m(ClientAppActor pid=390917)[0m         
[36m(ClientAppActor pid=390918)[0m 
[36m(ClientAppActor pid=390918)[0m         
[92mINFO [0m:      aggregate_fit: received 10 results and 0 failures
INFO:flwr:aggregate_fit: received 10 results and 0 failures
[CascadeRouter] Round 7: 10 clients, 24578 parameters/client
[92mINFO [0m:      configure_evaluate: strategy sampled 10 clients (out of 10)
INFO:flwr:configure_evaluate: strategy sampled 10 clients (out of 10)
[36m(ClientAppActor pid=390917)[0m 
[36m(ClientAppActor pid=390917)[0m         
[36m(ClientAppActor pid=390918)[0m 
[36m(ClientAppActor pid=390918)[0m         
[36m(ClientAppActor pid=390917)[0m 
[36m(ClientAppActor pid=390917)[0m         
[36m(ClientAppActor pid=390918)[0m 
[36m(ClientAppActor pid=390918)[0m         
[36m(ClientAppActor pid=390918)[0m 
[36m(ClientAppActor pid=390918)[0m         
[36m(ClientAppActor pid=390917)[0m 
[36m(ClientAppActor pid=390917)[0m         
[36m(ClientAppActor pid=390918)[0m 
[36m(ClientAppActor pid=390918)[0m         
[36m(ClientAppActor pid=390917)[0m 
[36m(ClientAppActor pid=390917)[0m         
[36m(ClientAppActor pid=390917)[0m 
[36m(ClientAppActor pid=390917)[0m         
[36m(ClientAppActor pid=390918)[0m 
[36m(ClientAppActor pid=390918)[0m         
[92mINFO [0m:      aggregate_evaluate: received 10 results and 0 failures
INFO:flwr:aggregate_evaluate: received 10 results and 0 failures
[92mINFO [0m:      
INFO:flwr:
[92mINFO [0m:      [ROUND 8]
INFO:flwr:[ROUND 8]
[92mINFO [0m:      configure_fit: strategy sampled 10 clients (out of 10)
INFO:flwr:configure_fit: strategy sampled 10 clients (out of 10)
[36m(ClientAppActor pid=390918)[0m [Client 3] Training on NVIDIA GeForce RTX 3060[32m [repeated 5x across cluster][0m
[36m(ClientAppActor pid=390918)[0m 
[36m(ClientAppActor pid=390918)[0m         
[36m(ClientAppActor pid=390917)[0m 
[36m(ClientAppActor pid=390917)[0m         
[36m(ClientAppActor pid=390918)[0m 
[36m(ClientAppActor pid=390918)[0m         
[36m(ClientAppActor pid=390917)[0m 
[36m(ClientAppActor pid=390917)[0m         
[36m(ClientAppActor pid=390917)[0m [93mWARNING [0m:   DEPRECATED FEATURE: `client_fn` now expects a signature `def client_fn(context: Context)`.The provided `client_fn` has signature: {'cid': <Parameter "cid: str">}. You can import the `Context` like this: `from flwr.app import Context`[32m [repeated 17x across cluster][0m
[36m(ClientAppActor pid=390917)[0m             This is a deprecated feature. It will be removed[32m [repeated 17x across cluster][0m
[36m(ClientAppActor pid=390917)[0m             entirely in future versions of Flower.[32m [repeated 17x across cluster][0m
[36m(ClientAppActor pid=390918)[0m 
[36m(ClientAppActor pid=390918)[0m         
[36m(ClientAppActor pid=390917)[0m 
[36m(ClientAppActor pid=390917)[0m         
[36m(ClientAppActor pid=390917)[0m 
[36m(ClientAppActor pid=390917)[0m         
[36m(ClientAppActor pid=390918)[0m [Client 2] Training on NVIDIA GeForce RTX 3060[32m [repeated 7x across cluster][0m
[36m(ClientAppActor pid=390918)[0m 
[36m(ClientAppActor pid=390918)[0m         
[36m(ClientAppActor pid=390918)[0m 
[36m(ClientAppActor pid=390918)[0m         
[36m(ClientAppActor pid=390918)[0m 
[36m(ClientAppActor pid=390918)[0m         
[92mINFO [0m:      aggregate_fit: received 10 results and 0 failures
INFO:flwr:aggregate_fit: received 10 results and 0 failures
[CascadeRouter] Round 8: 10 clients, 24578 parameters/client
[92mINFO [0m:      configure_evaluate: strategy sampled 10 clients (out of 10)
INFO:flwr:configure_evaluate: strategy sampled 10 clients (out of 10)
[36m(ClientAppActor pid=390917)[0m 
[36m(ClientAppActor pid=390917)[0m         
[36m(ClientAppActor pid=390917)[0m [93mWARNING [0m:   DEPRECATED FEATURE: `client_fn` now expects a signature `def client_fn(context: Context)`.The provided `client_fn` has signature: {'cid': <Parameter "cid: str">}. You can import the `Context` like this: `from flwr.app import Context`[32m [repeated 7x across cluster][0m
[36m(ClientAppActor pid=390917)[0m             This is a deprecated feature. It will be removed[32m [repeated 7x across cluster][0m
[36m(ClientAppActor pid=390917)[0m             entirely in future versions of Flower.[32m [repeated 7x across cluster][0m
[36m(ClientAppActor pid=390918)[0m 
[36m(ClientAppActor pid=390918)[0m         
[36m(ClientAppActor pid=390917)[0m 
[36m(ClientAppActor pid=390917)[0m         
[36m(ClientAppActor pid=390918)[0m 
[36m(ClientAppActor pid=390918)[0m         
[36m(ClientAppActor pid=390918)[0m 
[36m(ClientAppActor pid=390918)[0m         
[36m(ClientAppActor pid=390917)[0m 
[36m(ClientAppActor pid=390917)[0m         
[36m(ClientAppActor pid=390917)[0m 
[36m(ClientAppActor pid=390917)[0m         
[36m(ClientAppActor pid=390918)[0m 
[36m(ClientAppActor pid=390918)[0m         
[36m(ClientAppActor pid=390918)[0m 
[36m(ClientAppActor pid=390918)[0m         
[36m(ClientAppActor pid=390917)[0m 
[36m(ClientAppActor pid=390917)[0m         
[92mINFO [0m:      aggregate_evaluate: received 10 results and 0 failures
INFO:flwr:aggregate_evaluate: received 10 results and 0 failures
[92mINFO [0m:      
INFO:flwr:
[92mINFO [0m:      [ROUND 9]
INFO:flwr:[ROUND 9]
[92mINFO [0m:      configure_fit: strategy sampled 10 clients (out of 10)
INFO:flwr:configure_fit: strategy sampled 10 clients (out of 10)
[36m(ClientAppActor pid=390918)[0m [Client 0] Training on NVIDIA GeForce RTX 3060[32m [repeated 3x across cluster][0m
[36m(ClientAppActor pid=390918)[0m 
[36m(ClientAppActor pid=390918)[0m         
[36m(ClientAppActor pid=390917)[0m 
[36m(ClientAppActor pid=390917)[0m         
[36m(ClientAppActor pid=390917)[0m 
[36m(ClientAppActor pid=390917)[0m         
[36m(ClientAppActor pid=390918)[0m 
[36m(ClientAppActor pid=390918)[0m         
[36m(ClientAppActor pid=390917)[0m 
[36m(ClientAppActor pid=390917)[0m         
[36m(ClientAppActor pid=390918)[0m 
[36m(ClientAppActor pid=390918)[0m         
[36m(ClientAppActor pid=390918)[0m 
[36m(ClientAppActor pid=390918)[0m         
[36m(ClientAppActor pid=390918)[0m [93mWARNING [0m:   DEPRECATED FEATURE: `client_fn` now expects a signature `def client_fn(context: Context)`.The provided `client_fn` has signature: {'cid': <Parameter "cid: str">}. You can import the `Context` like this: `from flwr.app import Context`[32m [repeated 16x across cluster][0m
[36m(ClientAppActor pid=390918)[0m             This is a deprecated feature. It will be removed[32m [repeated 16x across cluster][0m
[36m(ClientAppActor pid=390918)[0m             entirely in future versions of Flower.[32m [repeated 16x across cluster][0m
[36m(ClientAppActor pid=390918)[0m 
[36m(ClientAppActor pid=390918)[0m         
[36m(ClientAppActor pid=390918)[0m 
[36m(ClientAppActor pid=390918)[0m         
[36m(ClientAppActor pid=390918)[0m [Client 8] Training on NVIDIA GeForce RTX 3060[32m [repeated 9x across cluster][0m
[36m(ClientAppActor pid=390918)[0m 
[36m(ClientAppActor pid=390918)[0m         
[92mINFO [0m:      aggregate_fit: received 10 results and 0 failures
INFO:flwr:aggregate_fit: received 10 results and 0 failures
[CascadeRouter] Round 9: 10 clients, 24578 parameters/client
[92mINFO [0m:      configure_evaluate: strategy sampled 10 clients (out of 10)
INFO:flwr:configure_evaluate: strategy sampled 10 clients (out of 10)
[36m(ClientAppActor pid=390918)[0m 
[36m(ClientAppActor pid=390918)[0m         
[36m(ClientAppActor pid=390918)[0m [93mWARNING [0m:   DEPRECATED FEATURE: `client_fn` now expects a signature `def client_fn(context: Context)`.The provided `client_fn` has signature: {'cid': <Parameter "cid: str">}. You can import the `Context` like this: `from flwr.app import Context`[32m [repeated 4x across cluster][0m
[36m(ClientAppActor pid=390918)[0m             This is a deprecated feature. It will be removed[32m [repeated 4x across cluster][0m
[36m(ClientAppActor pid=390918)[0m             entirely in future versions of Flower.[32m [repeated 4x across cluster][0m
[36m(ClientAppActor pid=390917)[0m 
[36m(ClientAppActor pid=390917)[0m         
[36m(ClientAppActor pid=390917)[0m 
[36m(ClientAppActor pid=390917)[0m         
[36m(ClientAppActor pid=390918)[0m 
[36m(ClientAppActor pid=390918)[0m         
[36m(ClientAppActor pid=390917)[0m 
[36m(ClientAppActor pid=390917)[0m         
[36m(ClientAppActor pid=390918)[0m 
[36m(ClientAppActor pid=390918)[0m         
[36m(ClientAppActor pid=390917)[0m 
[36m(ClientAppActor pid=390917)[0m         
[36m(ClientAppActor pid=390918)[0m 
[36m(ClientAppActor pid=390918)[0m         
[36m(ClientAppActor pid=390917)[0m 
[36m(ClientAppActor pid=390917)[0m         
[36m(ClientAppActor pid=390918)[0m 
[36m(ClientAppActor pid=390918)[0m         
[92mINFO [0m:      aggregate_evaluate: received 10 results and 0 failures
INFO:flwr:aggregate_evaluate: received 10 results and 0 failures
[92mINFO [0m:      
INFO:flwr:
[92mINFO [0m:      [ROUND 10]
INFO:flwr:[ROUND 10]
[92mINFO [0m:      configure_fit: strategy sampled 10 clients (out of 10)
INFO:flwr:configure_fit: strategy sampled 10 clients (out of 10)
[36m(ClientAppActor pid=390918)[0m [Client 7] Training on NVIDIA GeForce RTX 3060
[36m(ClientAppActor pid=390918)[0m 
[36m(ClientAppActor pid=390918)[0m         
[36m(ClientAppActor pid=390917)[0m [Client 9] Training on NVIDIA GeForce RTX 3060
[36m(ClientAppActor pid=390917)[0m 
[36m(ClientAppActor pid=390917)[0m         
[36m(ClientAppActor pid=390918)[0m 
[36m(ClientAppActor pid=390918)[0m         
[36m(ClientAppActor pid=390918)[0m 
[36m(ClientAppActor pid=390918)[0m         
[36m(ClientAppActor pid=390918)[0m [Client 1] Training on NVIDIA GeForce RTX 3060[32m [repeated 3x across cluster][0m
[36m(ClientAppActor pid=390918)[0m 
[36m(ClientAppActor pid=390918)[0m         
[36m(ClientAppActor pid=390918)[0m [93mWARNING [0m:   DEPRECATED FEATURE: `client_fn` now expects a signature `def client_fn(context: Context)`.The provided `client_fn` has signature: {'cid': <Parameter "cid: str">}. You can import the `Context` like this: `from flwr.app import Context`[32m [repeated 14x across cluster][0m
[36m(ClientAppActor pid=390918)[0m             This is a deprecated feature. It will be removed[32m [repeated 14x across cluster][0m
[36m(ClientAppActor pid=390918)[0m             entirely in future versions of Flower.[32m [repeated 14x across cluster][0m
[36m(ClientAppActor pid=390918)[0m 
[36m(ClientAppActor pid=390918)[0m         
[36m(ClientAppActor pid=390918)[0m 
[36m(ClientAppActor pid=390918)[0m         
[36m(ClientAppActor pid=390917)[0m 
[36m(ClientAppActor pid=390917)[0m         
[36m(ClientAppActor pid=390918)[0m 
[36m(ClientAppActor pid=390918)[0m         
[36m(ClientAppActor pid=390917)[0m 
[36m(ClientAppActor pid=390917)[0m         
[92mINFO [0m:      aggregate_fit: received 10 results and 0 failures
INFO:flwr:aggregate_fit: received 10 results and 0 failures
[CascadeRouter] Round 10: 10 clients, 24578 parameters/client
[92mINFO [0m:      configure_evaluate: strategy sampled 10 clients (out of 10)
INFO:flwr:configure_evaluate: strategy sampled 10 clients (out of 10)
[36m(ClientAppActor pid=390917)[0m 
[36m(ClientAppActor pid=390917)[0m         
[36m(ClientAppActor pid=390917)[0m [93mWARNING [0m:   DEPRECATED FEATURE: `client_fn` now expects a signature `def client_fn(context: Context)`.The provided `client_fn` has signature: {'cid': <Parameter "cid: str">}. You can import the `Context` like this: `from flwr.app import Context`[32m [repeated 6x across cluster][0m
[36m(ClientAppActor pid=390917)[0m             This is a deprecated feature. It will be removed[32m [repeated 6x across cluster][0m
[36m(ClientAppActor pid=390917)[0m             entirely in future versions of Flower.[32m [repeated 6x across cluster][0m
[36m(ClientAppActor pid=390918)[0m 
[36m(ClientAppActor pid=390918)[0m         
[36m(ClientAppActor pid=390917)[0m 
[36m(ClientAppActor pid=390917)[0m         
[36m(ClientAppActor pid=390918)[0m 
[36m(ClientAppActor pid=390918)[0m         
[36m(ClientAppActor pid=390917)[0m 
[36m(ClientAppActor pid=390917)[0m         
[36m(ClientAppActor pid=390918)[0m 
[36m(ClientAppActor pid=390918)[0m         
[36m(ClientAppActor pid=390918)[0m 
[36m(ClientAppActor pid=390918)[0m         
[36m(ClientAppActor pid=390917)[0m 
[36m(ClientAppActor pid=390917)[0m         
[36m(ClientAppActor pid=390917)[0m 
[36m(ClientAppActor pid=390917)[0m         
[36m(ClientAppActor pid=390918)[0m 
[36m(ClientAppActor pid=390918)[0m         
[92mINFO [0m:      aggregate_evaluate: received 10 results and 0 failures
INFO:flwr:aggregate_evaluate: received 10 results and 0 failures
[92mINFO [0m:      
INFO:flwr:
[92mINFO [0m:      [ROUND 11]
INFO:flwr:[ROUND 11]
[92mINFO [0m:      configure_fit: strategy sampled 10 clients (out of 10)
INFO:flwr:configure_fit: strategy sampled 10 clients (out of 10)
[36m(ClientAppActor pid=390918)[0m [Client 2] Training on NVIDIA GeForce RTX 3060[32m [repeated 6x across cluster][0m
[36m(ClientAppActor pid=390918)[0m 
[36m(ClientAppActor pid=390918)[0m         
[36m(ClientAppActor pid=390917)[0m 
[36m(ClientAppActor pid=390917)[0m         
[36m(ClientAppActor pid=390918)[0m 
[36m(ClientAppActor pid=390918)[0m         
[36m(ClientAppActor pid=390917)[0m 
[36m(ClientAppActor pid=390917)[0m         
[36m(ClientAppActor pid=390918)[0m 
[36m(ClientAppActor pid=390918)[0m         
[36m(ClientAppActor pid=390917)[0m 
[36m(ClientAppActor pid=390917)[0m         
[36m(ClientAppActor pid=390918)[0m 
[36m(ClientAppActor pid=390918)[0m         
[36m(ClientAppActor pid=390918)[0m [93mWARNING [0m:   DEPRECATED FEATURE: `client_fn` now expects a signature `def client_fn(context: Context)`.The provided `client_fn` has signature: {'cid': <Parameter "cid: str">}. You can import the `Context` like this: `from flwr.app import Context`[32m [repeated 16x across cluster][0m
[36m(ClientAppActor pid=390918)[0m             This is a deprecated feature. It will be removed[32m [repeated 16x across cluster][0m
[36m(ClientAppActor pid=390918)[0m             entirely in future versions of Flower.[32m [repeated 16x across cluster][0m
[36m(ClientAppActor pid=390918)[0m 
[36m(ClientAppActor pid=390918)[0m         
[36m(ClientAppActor pid=390917)[0m 
[36m(ClientAppActor pid=390917)[0m         
[36m(ClientAppActor pid=390918)[0m 
[36m(ClientAppActor pid=390918)[0m         
[36m(ClientAppActor pid=390918)[0m [Client 6] Training on NVIDIA GeForce RTX 3060[32m [repeated 9x across cluster][0m
[92mINFO [0m:      aggregate_fit: received 10 results and 0 failures
INFO:flwr:aggregate_fit: received 10 results and 0 failures
[CascadeRouter] Round 11: 10 clients, 24578 parameters/client
[92mINFO [0m:      configure_evaluate: strategy sampled 10 clients (out of 10)
INFO:flwr:configure_evaluate: strategy sampled 10 clients (out of 10)
[36m(ClientAppActor pid=390918)[0m 
[36m(ClientAppActor pid=390918)[0m         
[36m(ClientAppActor pid=390918)[0m [93mWARNING [0m:   DEPRECATED FEATURE: `client_fn` now expects a signature `def client_fn(context: Context)`.The provided `client_fn` has signature: {'cid': <Parameter "cid: str">}. You can import the `Context` like this: `from flwr.app import Context`[32m [repeated 4x across cluster][0m
[36m(ClientAppActor pid=390918)[0m             This is a deprecated feature. It will be removed[32m [repeated 4x across cluster][0m
[36m(ClientAppActor pid=390918)[0m             entirely in future versions of Flower.[32m [repeated 4x across cluster][0m
[36m(ClientAppActor pid=390917)[0m 
[36m(ClientAppActor pid=390917)[0m         
[36m(ClientAppActor pid=390917)[0m 
[36m(ClientAppActor pid=390917)[0m         
[36m(ClientAppActor pid=390918)[0m 
[36m(ClientAppActor pid=390918)[0m         
[36m(ClientAppActor pid=390918)[0m 
[36m(ClientAppActor pid=390918)[0m         
[36m(ClientAppActor pid=390917)[0m 
[36m(ClientAppActor pid=390917)[0m         
[36m(ClientAppActor pid=390917)[0m 
[36m(ClientAppActor pid=390917)[0m         
[36m(ClientAppActor pid=390918)[0m 
[36m(ClientAppActor pid=390918)[0m         
[36m(ClientAppActor pid=390917)[0m 
[36m(ClientAppActor pid=390917)[0m         
[36m(ClientAppActor pid=390918)[0m 
[36m(ClientAppActor pid=390918)[0m         
[92mINFO [0m:      aggregate_evaluate: received 10 results and 0 failures
INFO:flwr:aggregate_evaluate: received 10 results and 0 failures
[92mINFO [0m:      
INFO:flwr:
[92mINFO [0m:      [ROUND 12]
INFO:flwr:[ROUND 12]
[92mINFO [0m:      configure_fit: strategy sampled 10 clients (out of 10)
INFO:flwr:configure_fit: strategy sampled 10 clients (out of 10)
[36m(ClientAppActor pid=390918)[0m [Client 5] Training on NVIDIA GeForce RTX 3060
[36m(ClientAppActor pid=390918)[0m 
[36m(ClientAppActor pid=390918)[0m         
[36m(ClientAppActor pid=390917)[0m [Client 6] Training on NVIDIA GeForce RTX 3060
[36m(ClientAppActor pid=390917)[0m 
[36m(ClientAppActor pid=390917)[0m         
[36m(ClientAppActor pid=390917)[0m [Client 0] Training on NVIDIA GeForce RTX 3060
[36m(ClientAppActor pid=390917)[0m 
[36m(ClientAppActor pid=390917)[0m         
[36m(ClientAppActor pid=390918)[0m 
[36m(ClientAppActor pid=390918)[0m         
[36m(ClientAppActor pid=390917)[0m 
[36m(ClientAppActor pid=390917)[0m         
[36m(ClientAppActor pid=390918)[0m 
[36m(ClientAppActor pid=390918)[0m         
[36m(ClientAppActor pid=390918)[0m 
[36m(ClientAppActor pid=390918)[0m         
[36m(ClientAppActor pid=390918)[0m 
[36m(ClientAppActor pid=390918)[0m         
[36m(ClientAppActor pid=390918)[0m [Client 4] Training on NVIDIA GeForce RTX 3060[32m [repeated 6x across cluster][0m
[36m(ClientAppActor pid=390918)[0m 
[36m(ClientAppActor pid=390918)[0m         
[36m(ClientAppActor pid=390918)[0m [93mWARNING [0m:   DEPRECATED FEATURE: `client_fn` now expects a signature `def client_fn(context: Context)`.The provided `client_fn` has signature: {'cid': <Parameter "cid: str">}. You can import the `Context` like this: `from flwr.app import Context`[32m [repeated 18x across cluster][0m
[36m(ClientAppActor pid=390918)[0m             This is a deprecated feature. It will be removed[32m [repeated 18x across cluster][0m
[36m(ClientAppActor pid=390918)[0m             entirely in future versions of Flower.[32m [repeated 18x across cluster][0m
[36m(ClientAppActor pid=390918)[0m 
[36m(ClientAppActor pid=390918)[0m         
[92mINFO [0m:      aggregate_fit: received 10 results and 0 failures
INFO:flwr:aggregate_fit: received 10 results and 0 failures
[CascadeRouter] Round 12: 10 clients, 24578 parameters/client
[92mINFO [0m:      configure_evaluate: strategy sampled 10 clients (out of 10)
INFO:flwr:configure_evaluate: strategy sampled 10 clients (out of 10)
[36m(ClientAppActor pid=390918)[0m 
[36m(ClientAppActor pid=390918)[0m         
[36m(ClientAppActor pid=390918)[0m [93mWARNING [0m:   DEPRECATED FEATURE: `client_fn` now expects a signature `def client_fn(context: Context)`.The provided `client_fn` has signature: {'cid': <Parameter "cid: str">}. You can import the `Context` like this: `from flwr.app import Context`[32m [repeated 2x across cluster][0m
[36m(ClientAppActor pid=390918)[0m             This is a deprecated feature. It will be removed[32m [repeated 2x across cluster][0m
[36m(ClientAppActor pid=390918)[0m             entirely in future versions of Flower.[32m [repeated 2x across cluster][0m
[36m(ClientAppActor pid=390917)[0m 
[36m(ClientAppActor pid=390917)[0m         
[36m(ClientAppActor pid=390918)[0m 
[36m(ClientAppActor pid=390918)[0m         
[36m(ClientAppActor pid=390917)[0m 
[36m(ClientAppActor pid=390917)[0m         
[36m(ClientAppActor pid=390918)[0m 
[36m(ClientAppActor pid=390918)[0m         
[36m(ClientAppActor pid=390917)[0m 
[36m(ClientAppActor pid=390917)[0m         
[36m(ClientAppActor pid=390918)[0m 
[36m(ClientAppActor pid=390918)[0m         
[36m(ClientAppActor pid=390917)[0m 
[36m(ClientAppActor pid=390917)[0m         
[36m(ClientAppActor pid=390918)[0m 
[36m(ClientAppActor pid=390918)[0m         
[36m(ClientAppActor pid=390917)[0m 
[36m(ClientAppActor pid=390917)[0m         
[92mINFO [0m:      aggregate_evaluate: received 10 results and 0 failures
INFO:flwr:aggregate_evaluate: received 10 results and 0 failures
[92mINFO [0m:      
INFO:flwr:
[92mINFO [0m:      [ROUND 13]
INFO:flwr:[ROUND 13]
[92mINFO [0m:      configure_fit: strategy sampled 10 clients (out of 10)
INFO:flwr:configure_fit: strategy sampled 10 clients (out of 10)
[36m(ClientAppActor pid=390918)[0m [Client 0] Training on NVIDIA GeForce RTX 3060[32m [repeated 2x across cluster][0m
[36m(ClientAppActor pid=390918)[0m 
[36m(ClientAppActor pid=390918)[0m         
[36m(ClientAppActor pid=390917)[0m 
[36m(ClientAppActor pid=390917)[0m         
[36m(ClientAppActor pid=390917)[0m 
[36m(ClientAppActor pid=390917)[0m         
[36m(ClientAppActor pid=390918)[0m 
[36m(ClientAppActor pid=390918)[0m         
[36m(ClientAppActor pid=390917)[0m 
[36m(ClientAppActor pid=390917)[0m         
[36m(ClientAppActor pid=390917)[0m 
[36m(ClientAppActor pid=390917)[0m         
[36m(ClientAppActor pid=390917)[0m [93mWARNING [0m:   DEPRECATED FEATURE: `client_fn` now expects a signature `def client_fn(context: Context)`.The provided `client_fn` has signature: {'cid': <Parameter "cid: str">}. You can import the `Context` like this: `from flwr.app import Context`[32m [repeated 15x across cluster][0m
[36m(ClientAppActor pid=390917)[0m             This is a deprecated feature. It will be removed[32m [repeated 15x across cluster][0m
[36m(ClientAppActor pid=390917)[0m             entirely in future versions of Flower.[32m [repeated 15x across cluster][0m
[36m(ClientAppActor pid=390917)[0m 
[36m(ClientAppActor pid=390917)[0m         
[36m(ClientAppActor pid=390917)[0m 
[36m(ClientAppActor pid=390917)[0m         
[36m(ClientAppActor pid=390917)[0m [Client 7] Training on NVIDIA GeForce RTX 3060[32m [repeated 8x across cluster][0m
[36m(ClientAppActor pid=390917)[0m 
[36m(ClientAppActor pid=390917)[0m         
[36m(ClientAppActor pid=390917)[0m 
[36m(ClientAppActor pid=390917)[0m         
[36m(ClientAppActor pid=390917)[0m [93mWARNING [0m:   DEPRECATED FEATURE: `client_fn` now expects a signature `def client_fn(context: Context)`.The provided `client_fn` has signature: {'cid': <Parameter "cid: str">}. You can import the `Context` like this: `from flwr.app import Context`[32m [repeated 4x across cluster][0m
[36m(ClientAppActor pid=390917)[0m             This is a deprecated feature. It will be removed[32m [repeated 4x across cluster][0m
[36m(ClientAppActor pid=390917)[0m             entirely in future versions of Flower.[32m [repeated 4x across cluster][0m
[92mINFO [0m:      aggregate_fit: received 10 results and 0 failures
INFO:flwr:aggregate_fit: received 10 results and 0 failures
[CascadeRouter] Round 13: 10 clients, 24578 parameters/client
[92mINFO [0m:      configure_evaluate: strategy sampled 10 clients (out of 10)
INFO:flwr:configure_evaluate: strategy sampled 10 clients (out of 10)
[36m(ClientAppActor pid=390918)[0m 
[36m(ClientAppActor pid=390918)[0m         
[36m(ClientAppActor pid=390917)[0m 
[36m(ClientAppActor pid=390917)[0m         
[36m(ClientAppActor pid=390918)[0m 
[36m(ClientAppActor pid=390918)[0m         
[36m(ClientAppActor pid=390917)[0m 
[36m(ClientAppActor pid=390917)[0m         
[36m(ClientAppActor pid=390918)[0m 
[36m(ClientAppActor pid=390918)[0m         
[36m(ClientAppActor pid=390917)[0m 
[36m(ClientAppActor pid=390917)[0m         
[36m(ClientAppActor pid=390917)[0m 
[36m(ClientAppActor pid=390917)[0m         
[36m(ClientAppActor pid=390918)[0m 
[36m(ClientAppActor pid=390918)[0m         
[36m(ClientAppActor pid=390917)[0m 
[36m(ClientAppActor pid=390917)[0m         
[36m(ClientAppActor pid=390918)[0m 
[36m(ClientAppActor pid=390918)[0m         
[92mINFO [0m:      aggregate_evaluate: received 10 results and 0 failures
INFO:flwr:aggregate_evaluate: received 10 results and 0 failures
[92mINFO [0m:      
INFO:flwr:
[92mINFO [0m:      [ROUND 14]
INFO:flwr:[ROUND 14]
[92mINFO [0m:      configure_fit: strategy sampled 10 clients (out of 10)
INFO:flwr:configure_fit: strategy sampled 10 clients (out of 10)
[36m(ClientAppActor pid=390918)[0m [Client 6] Training on NVIDIA GeForce RTX 3060[32m [repeated 2x across cluster][0m
[36m(ClientAppActor pid=390918)[0m 
[36m(ClientAppActor pid=390918)[0m         
[36m(ClientAppActor pid=390917)[0m 
[36m(ClientAppActor pid=390917)[0m         
[36m(ClientAppActor pid=390918)[0m 
[36m(ClientAppActor pid=390918)[0m         
[36m(ClientAppActor pid=390918)[0m 
[36m(ClientAppActor pid=390918)[0m         
[36m(ClientAppActor pid=390918)[0m 
[36m(ClientAppActor pid=390918)[0m         
[36m(ClientAppActor pid=390918)[0m [93mWARNING [0m:   DEPRECATED FEATURE: `client_fn` now expects a signature `def client_fn(context: Context)`.The provided `client_fn` has signature: {'cid': <Parameter "cid: str">}. You can import the `Context` like this: `from flwr.app import Context`[32m [repeated 15x across cluster][0m
[36m(ClientAppActor pid=390918)[0m             This is a deprecated feature. It will be removed[32m [repeated 15x across cluster][0m
[36m(ClientAppActor pid=390918)[0m             entirely in future versions of Flower.[32m [repeated 15x across cluster][0m
[36m(ClientAppActor pid=390917)[0m 
[36m(ClientAppActor pid=390917)[0m         
[36m(ClientAppActor pid=390917)[0m [Client 1] Training on NVIDIA GeForce RTX 3060[32m [repeated 6x across cluster][0m
[36m(ClientAppActor pid=390917)[0m 
[36m(ClientAppActor pid=390917)[0m         
[36m(ClientAppActor pid=390917)[0m 
[36m(ClientAppActor pid=390917)[0m         
[36m(ClientAppActor pid=390917)[0m 
[36m(ClientAppActor pid=390917)[0m         
[36m(ClientAppActor pid=390917)[0m [93mWARNING [0m:   DEPRECATED FEATURE: `client_fn` now expects a signature `def client_fn(context: Context)`.The provided `client_fn` has signature: {'cid': <Parameter "cid: str">}. You can import the `Context` like this: `from flwr.app import Context`[32m [repeated 4x across cluster][0m
[36m(ClientAppActor pid=390917)[0m             This is a deprecated feature. It will be removed[32m [repeated 4x across cluster][0m
[36m(ClientAppActor pid=390917)[0m             entirely in future versions of Flower.[32m [repeated 4x across cluster][0m
[36m(ClientAppActor pid=390917)[0m 
[36m(ClientAppActor pid=390917)[0m         
[92mINFO [0m:      aggregate_fit: received 10 results and 0 failures
INFO:flwr:aggregate_fit: received 10 results and 0 failures
[CascadeRouter] Round 14: 10 clients, 24578 parameters/client
[92mINFO [0m:      configure_evaluate: strategy sampled 10 clients (out of 10)
INFO:flwr:configure_evaluate: strategy sampled 10 clients (out of 10)
[36m(ClientAppActor pid=390918)[0m 
[36m(ClientAppActor pid=390918)[0m         
[36m(ClientAppActor pid=390917)[0m 
[36m(ClientAppActor pid=390917)[0m         
[36m(ClientAppActor pid=390918)[0m 
[36m(ClientAppActor pid=390918)[0m         
[36m(ClientAppActor pid=390917)[0m 
[36m(ClientAppActor pid=390917)[0m         
[36m(ClientAppActor pid=390918)[0m 
[36m(ClientAppActor pid=390918)[0m         
[36m(ClientAppActor pid=390917)[0m 
[36m(ClientAppActor pid=390917)[0m         
[36m(ClientAppActor pid=390918)[0m 
[36m(ClientAppActor pid=390918)[0m         
[36m(ClientAppActor pid=390917)[0m 
[36m(ClientAppActor pid=390917)[0m         
[36m(ClientAppActor pid=390918)[0m 
[36m(ClientAppActor pid=390918)[0m         
[36m(ClientAppActor pid=390917)[0m 
[36m(ClientAppActor pid=390917)[0m         
[92mINFO [0m:      aggregate_evaluate: received 10 results and 0 failures
INFO:flwr:aggregate_evaluate: received 10 results and 0 failures
[92mINFO [0m:      
INFO:flwr:
[92mINFO [0m:      [ROUND 15]
INFO:flwr:[ROUND 15]
[92mINFO [0m:      configure_fit: strategy sampled 10 clients (out of 10)
INFO:flwr:configure_fit: strategy sampled 10 clients (out of 10)
[36m(ClientAppActor pid=390917)[0m [Client 8] Training on NVIDIA GeForce RTX 3060[32m [repeated 4x across cluster][0m
[36m(ClientAppActor pid=390917)[0m 
[36m(ClientAppActor pid=390917)[0m         
[36m(ClientAppActor pid=390918)[0m 
[36m(ClientAppActor pid=390918)[0m         
[36m(ClientAppActor pid=390918)[0m 
[36m(ClientAppActor pid=390918)[0m         
[36m(ClientAppActor pid=390918)[0m [93mWARNING [0m:   DEPRECATED FEATURE: `client_fn` now expects a signature `def client_fn(context: Context)`.The provided `client_fn` has signature: {'cid': <Parameter "cid: str">}. You can import the `Context` like this: `from flwr.app import Context`[32m [repeated 14x across cluster][0m
[36m(ClientAppActor pid=390918)[0m             This is a deprecated feature. It will be removed[32m [repeated 14x across cluster][0m
[36m(ClientAppActor pid=390918)[0m             entirely in future versions of Flower.[32m [repeated 14x across cluster][0m
[36m(ClientAppActor pid=390917)[0m 
[36m(ClientAppActor pid=390917)[0m         
[36m(ClientAppActor pid=390917)[0m 
[36m(ClientAppActor pid=390917)[0m         
[36m(ClientAppActor pid=390917)[0m [Client 0] Training on NVIDIA GeForce RTX 3060[32m [repeated 5x across cluster][0m
[36m(ClientAppActor pid=390917)[0m 
[36m(ClientAppActor pid=390917)[0m         
[36m(ClientAppActor pid=390917)[0m 
[36m(ClientAppActor pid=390917)[0m         
[36m(ClientAppActor pid=390917)[0m 
[36m(ClientAppActor pid=390917)[0m         
[36m(ClientAppActor pid=390917)[0m 
[36m(ClientAppActor pid=390917)[0m         
[36m(ClientAppActor pid=390917)[0m 
[36m(ClientAppActor pid=390917)[0m         
[36m(ClientAppActor pid=390917)[0m [93mWARNING [0m:   DEPRECATED FEATURE: `client_fn` now expects a signature `def client_fn(context: Context)`.The provided `client_fn` has signature: {'cid': <Parameter "cid: str">}. You can import the `Context` like this: `from flwr.app import Context`[32m [repeated 7x across cluster][0m
[36m(ClientAppActor pid=390917)[0m             This is a deprecated feature. It will be removed[32m [repeated 7x across cluster][0m
[36m(ClientAppActor pid=390917)[0m             entirely in future versions of Flower.[32m [repeated 7x across cluster][0m
[92mINFO [0m:      aggregate_fit: received 10 results and 0 failures
INFO:flwr:aggregate_fit: received 10 results and 0 failures
[CascadeRouter] Round 15: 10 clients, 24578 parameters/client
[92mINFO [0m:      configure_evaluate: strategy sampled 10 clients (out of 10)
INFO:flwr:configure_evaluate: strategy sampled 10 clients (out of 10)
[36m(ClientAppActor pid=390918)[0m 
[36m(ClientAppActor pid=390918)[0m         
[36m(ClientAppActor pid=390917)[0m 
[36m(ClientAppActor pid=390917)[0m         
[36m(ClientAppActor pid=390918)[0m 
[36m(ClientAppActor pid=390918)[0m         
[36m(ClientAppActor pid=390917)[0m 
[36m(ClientAppActor pid=390917)[0m         
[36m(ClientAppActor pid=390918)[0m 
[36m(ClientAppActor pid=390918)[0m         
[36m(ClientAppActor pid=390917)[0m 
[36m(ClientAppActor pid=390917)[0m         
[36m(ClientAppActor pid=390918)[0m 
[36m(ClientAppActor pid=390918)[0m         
[36m(ClientAppActor pid=390917)[0m 
[36m(ClientAppActor pid=390917)[0m         
[36m(ClientAppActor pid=390918)[0m 
[36m(ClientAppActor pid=390918)[0m         
[36m(ClientAppActor pid=390917)[0m 
[36m(ClientAppActor pid=390917)[0m         
[92mINFO [0m:      aggregate_evaluate: received 10 results and 0 failures
INFO:flwr:aggregate_evaluate: received 10 results and 0 failures
[92mINFO [0m:      
INFO:flwr:
[92mINFO [0m:      [ROUND 16]
INFO:flwr:[ROUND 16]
[92mINFO [0m:      configure_fit: strategy sampled 10 clients (out of 10)
INFO:flwr:configure_fit: strategy sampled 10 clients (out of 10)
[36m(ClientAppActor pid=390917)[0m [Client 9] Training on NVIDIA GeForce RTX 3060[32m [repeated 5x across cluster][0m
[36m(ClientAppActor pid=390917)[0m 
[36m(ClientAppActor pid=390917)[0m         
[36m(ClientAppActor pid=390918)[0m 
[36m(ClientAppActor pid=390918)[0m         
[36m(ClientAppActor pid=390918)[0m 
[36m(ClientAppActor pid=390918)[0m         
[36m(ClientAppActor pid=390918)[0m 
[36m(ClientAppActor pid=390918)[0m         
[36m(ClientAppActor pid=390918)[0m 
[36m(ClientAppActor pid=390918)[0m         
[36m(ClientAppActor pid=390918)[0m 
[36m(ClientAppActor pid=390918)[0m         
[36m(ClientAppActor pid=390918)[0m [93mWARNING [0m:   DEPRECATED FEATURE: `client_fn` now expects a signature `def client_fn(context: Context)`.The provided `client_fn` has signature: {'cid': <Parameter "cid: str">}. You can import the `Context` like this: `from flwr.app import Context`[32m [repeated 16x across cluster][0m
[36m(ClientAppActor pid=390918)[0m             This is a deprecated feature. It will be removed[32m [repeated 16x across cluster][0m
[36m(ClientAppActor pid=390918)[0m             entirely in future versions of Flower.[32m [repeated 16x across cluster][0m
[36m(ClientAppActor pid=390918)[0m [Client 4] Training on NVIDIA GeForce RTX 3060[32m [repeated 6x across cluster][0m
[36m(ClientAppActor pid=390918)[0m 
[36m(ClientAppActor pid=390918)[0m         
[36m(ClientAppActor pid=390918)[0m 
[36m(ClientAppActor pid=390918)[0m         
[36m(ClientAppActor pid=390918)[0m [93mWARNING [0m:   DEPRECATED FEATURE: `client_fn` now expects a signature `def client_fn(context: Context)`.The provided `client_fn` has signature: {'cid': <Parameter "cid: str">}. You can import the `Context` like this: `from flwr.app import Context`[32m [repeated 2x across cluster][0m
[36m(ClientAppActor pid=390918)[0m             This is a deprecated feature. It will be removed[32m [repeated 2x across cluster][0m
[36m(ClientAppActor pid=390918)[0m             entirely in future versions of Flower.[32m [repeated 2x across cluster][0m
[36m(ClientAppActor pid=390917)[0m 
[36m(ClientAppActor pid=390917)[0m         
[36m(ClientAppActor pid=390918)[0m 
[36m(ClientAppActor pid=390918)[0m         
[92mINFO [0m:      aggregate_fit: received 10 results and 0 failures
INFO:flwr:aggregate_fit: received 10 results and 0 failures
[CascadeRouter] Round 16: 10 clients, 24578 parameters/client
[92mINFO [0m:      configure_evaluate: strategy sampled 10 clients (out of 10)
INFO:flwr:configure_evaluate: strategy sampled 10 clients (out of 10)
[36m(ClientAppActor pid=390918)[0m 
[36m(ClientAppActor pid=390918)[0m         
[36m(ClientAppActor pid=390917)[0m 
[36m(ClientAppActor pid=390917)[0m         
[36m(ClientAppActor pid=390918)[0m 
[36m(ClientAppActor pid=390918)[0m         
[36m(ClientAppActor pid=390917)[0m 
[36m(ClientAppActor pid=390917)[0m         
[36m(ClientAppActor pid=390918)[0m 
[36m(ClientAppActor pid=390918)[0m         
[36m(ClientAppActor pid=390917)[0m 
[36m(ClientAppActor pid=390917)[0m         
[36m(ClientAppActor pid=390918)[0m 
[36m(ClientAppActor pid=390918)[0m         
[36m(ClientAppActor pid=390917)[0m 
[36m(ClientAppActor pid=390917)[0m         
[36m(ClientAppActor pid=390918)[0m 
[36m(ClientAppActor pid=390918)[0m         
[36m(ClientAppActor pid=390917)[0m 
[36m(ClientAppActor pid=390917)[0m         
[92mINFO [0m:      aggregate_evaluate: received 10 results and 0 failures
INFO:flwr:aggregate_evaluate: received 10 results and 0 failures
[92mINFO [0m:      
INFO:flwr:
[92mINFO [0m:      [ROUND 17]
INFO:flwr:[ROUND 17]
[92mINFO [0m:      configure_fit: strategy sampled 10 clients (out of 10)
INFO:flwr:configure_fit: strategy sampled 10 clients (out of 10)
[36m(ClientAppActor pid=390918)[0m [Client 9] Training on NVIDIA GeForce RTX 3060[32m [repeated 4x across cluster][0m
[36m(ClientAppActor pid=390918)[0m 
[36m(ClientAppActor pid=390918)[0m         
[36m(ClientAppActor pid=390917)[0m 
[36m(ClientAppActor pid=390917)[0m         
[36m(ClientAppActor pid=390917)[0m 
[36m(ClientAppActor pid=390917)[0m         
[36m(ClientAppActor pid=390917)[0m 
[36m(ClientAppActor pid=390917)[0m         
[36m(ClientAppActor pid=390917)[0m [93mWARNING [0m:   DEPRECATED FEATURE: `client_fn` now expects a signature `def client_fn(context: Context)`.The provided `client_fn` has signature: {'cid': <Parameter "cid: str">}. You can import the `Context` like this: `from flwr.app import Context`[32m [repeated 16x across cluster][0m
[36m(ClientAppActor pid=390917)[0m             This is a deprecated feature. It will be removed[32m [repeated 16x across cluster][0m
[36m(ClientAppActor pid=390917)[0m             entirely in future versions of Flower.[32m [repeated 16x across cluster][0m
[36m(ClientAppActor pid=390917)[0m 
[36m(ClientAppActor pid=390917)[0m         
[36m(ClientAppActor pid=390917)[0m [Client 0] Training on NVIDIA GeForce RTX 3060[32m [repeated 5x across cluster][0m
[36m(ClientAppActor pid=390917)[0m 
[36m(ClientAppActor pid=390917)[0m         
[36m(ClientAppActor pid=390917)[0m 
[36m(ClientAppActor pid=390917)[0m         
[36m(ClientAppActor pid=390917)[0m 
[36m(ClientAppActor pid=390917)[0m         
[36m(ClientAppActor pid=390917)[0m [93mWARNING [0m:   DEPRECATED FEATURE: `client_fn` now expects a signature `def client_fn(context: Context)`.The provided `client_fn` has signature: {'cid': <Parameter "cid: str">}. You can import the `Context` like this: `from flwr.app import Context`[32m [repeated 4x across cluster][0m
[36m(ClientAppActor pid=390917)[0m             This is a deprecated feature. It will be removed[32m [repeated 4x across cluster][0m
[36m(ClientAppActor pid=390917)[0m             entirely in future versions of Flower.[32m [repeated 4x across cluster][0m
[36m(ClientAppActor pid=390918)[0m 
[36m(ClientAppActor pid=390918)[0m         
[36m(ClientAppActor pid=390918)[0m 
[36m(ClientAppActor pid=390918)[0m         
[92mINFO [0m:      aggregate_fit: received 10 results and 0 failures
INFO:flwr:aggregate_fit: received 10 results and 0 failures
[CascadeRouter] Round 17: 10 clients, 24578 parameters/client
[92mINFO [0m:      configure_evaluate: strategy sampled 10 clients (out of 10)
INFO:flwr:configure_evaluate: strategy sampled 10 clients (out of 10)
[36m(ClientAppActor pid=390918)[0m 
[36m(ClientAppActor pid=390918)[0m         
[36m(ClientAppActor pid=390917)[0m 
[36m(ClientAppActor pid=390917)[0m         
[36m(ClientAppActor pid=390918)[0m 
[36m(ClientAppActor pid=390918)[0m         
[36m(ClientAppActor pid=390917)[0m 
[36m(ClientAppActor pid=390917)[0m         
[36m(ClientAppActor pid=390917)[0m 
[36m(ClientAppActor pid=390917)[0m         
[36m(ClientAppActor pid=390918)[0m 
[36m(ClientAppActor pid=390918)[0m         
[36m(ClientAppActor pid=390917)[0m 
[36m(ClientAppActor pid=390917)[0m         
[36m(ClientAppActor pid=390918)[0m 
[36m(ClientAppActor pid=390918)[0m         
[36m(ClientAppActor pid=390918)[0m 
[36m(ClientAppActor pid=390918)[0m         
[36m(ClientAppActor pid=390917)[0m 
[36m(ClientAppActor pid=390917)[0m         
[92mINFO [0m:      aggregate_evaluate: received 10 results and 0 failures
INFO:flwr:aggregate_evaluate: received 10 results and 0 failures
[92mINFO [0m:      
INFO:flwr:
[92mINFO [0m:      [ROUND 18]
INFO:flwr:[ROUND 18]
[92mINFO [0m:      configure_fit: strategy sampled 10 clients (out of 10)
INFO:flwr:configure_fit: strategy sampled 10 clients (out of 10)
[36m(ClientAppActor pid=390918)[0m [Client 6] Training on NVIDIA GeForce RTX 3060[32m [repeated 5x across cluster][0m
[36m(ClientAppActor pid=390918)[0m 
[36m(ClientAppActor pid=390918)[0m         
[36m(ClientAppActor pid=390917)[0m 
[36m(ClientAppActor pid=390917)[0m         
[36m(ClientAppActor pid=390918)[0m 
[36m(ClientAppActor pid=390918)[0m         
[36m(ClientAppActor pid=390917)[0m 
[36m(ClientAppActor pid=390917)[0m         
[36m(ClientAppActor pid=390917)[0m 
[36m(ClientAppActor pid=390917)[0m         
[36m(ClientAppActor pid=390917)[0m 
[36m(ClientAppActor pid=390917)[0m         
[36m(ClientAppActor pid=390917)[0m [93mWARNING [0m:   DEPRECATED FEATURE: `client_fn` now expects a signature `def client_fn(context: Context)`.The provided `client_fn` has signature: {'cid': <Parameter "cid: str">}. You can import the `Context` like this: `from flwr.app import Context`[32m [repeated 18x across cluster][0m
[36m(ClientAppActor pid=390917)[0m             This is a deprecated feature. It will be removed[32m [repeated 18x across cluster][0m
[36m(ClientAppActor pid=390917)[0m             entirely in future versions of Flower.[32m [repeated 18x across cluster][0m
[36m(ClientAppActor pid=390917)[0m [Client 4] Training on NVIDIA GeForce RTX 3060[32m [repeated 6x across cluster][0m
[36m(ClientAppActor pid=390917)[0m 
[36m(ClientAppActor pid=390917)[0m         
[36m(ClientAppActor pid=390917)[0m 
[36m(ClientAppActor pid=390917)[0m         
[36m(ClientAppActor pid=390918)[0m 
[36m(ClientAppActor pid=390918)[0m         
[36m(ClientAppActor pid=390918)[0m [93mWARNING [0m:   DEPRECATED FEATURE: `client_fn` now expects a signature `def client_fn(context: Context)`.The provided `client_fn` has signature: {'cid': <Parameter "cid: str">}. You can import the `Context` like this: `from flwr.app import Context`[32m [repeated 3x across cluster][0m
[36m(ClientAppActor pid=390918)[0m             This is a deprecated feature. It will be removed[32m [repeated 3x across cluster][0m
[36m(ClientAppActor pid=390918)[0m             entirely in future versions of Flower.[32m [repeated 3x across cluster][0m
[36m(ClientAppActor pid=390918)[0m [Client 3] Training on NVIDIA GeForce RTX 3060[32m [repeated 3x across cluster][0m
[36m(ClientAppActor pid=390918)[0m 
[36m(ClientAppActor pid=390918)[0m         
[92mINFO [0m:      aggregate_fit: received 10 results and 0 failures
INFO:flwr:aggregate_fit: received 10 results and 0 failures
[CascadeRouter] Round 18: 10 clients, 24578 parameters/client
[92mINFO [0m:      configure_evaluate: strategy sampled 10 clients (out of 10)
INFO:flwr:configure_evaluate: strategy sampled 10 clients (out of 10)
[36m(ClientAppActor pid=390918)[0m 
[36m(ClientAppActor pid=390918)[0m         
[36m(ClientAppActor pid=390917)[0m 
[36m(ClientAppActor pid=390917)[0m         
[36m(ClientAppActor pid=390918)[0m 
[36m(ClientAppActor pid=390918)[0m         
[36m(ClientAppActor pid=390917)[0m 
[36m(ClientAppActor pid=390917)[0m         
[36m(ClientAppActor pid=390918)[0m 
[36m(ClientAppActor pid=390918)[0m         
[36m(ClientAppActor pid=390917)[0m 
[36m(ClientAppActor pid=390917)[0m         
[36m(ClientAppActor pid=390918)[0m 
[36m(ClientAppActor pid=390918)[0m         
[36m(ClientAppActor pid=390917)[0m 
[36m(ClientAppActor pid=390917)[0m         
[36m(ClientAppActor pid=390918)[0m 
[36m(ClientAppActor pid=390918)[0m         
[36m(ClientAppActor pid=390917)[0m 
[36m(ClientAppActor pid=390917)[0m         
[92mINFO [0m:      aggregate_evaluate: received 10 results and 0 failures
INFO:flwr:aggregate_evaluate: received 10 results and 0 failures
[92mINFO [0m:      
INFO:flwr:
[92mINFO [0m:      [ROUND 19]
INFO:flwr:[ROUND 19]
[92mINFO [0m:      configure_fit: strategy sampled 10 clients (out of 10)
INFO:flwr:configure_fit: strategy sampled 10 clients (out of 10)
[36m(ClientAppActor pid=390917)[0m 
[36m(ClientAppActor pid=390917)[0m         
[36m(ClientAppActor pid=390918)[0m 
[36m(ClientAppActor pid=390918)[0m         
[36m(ClientAppActor pid=390917)[0m 
[36m(ClientAppActor pid=390917)[0m         
[36m(ClientAppActor pid=390917)[0m 
[36m(ClientAppActor pid=390917)[0m         
[36m(ClientAppActor pid=390917)[0m 
[36m(ClientAppActor pid=390917)[0m         
[36m(ClientAppActor pid=390918)[0m 
[36m(ClientAppActor pid=390918)[0m         
[36m(ClientAppActor pid=390918)[0m 
[36m(ClientAppActor pid=390918)[0m         
[36m(ClientAppActor pid=390917)[0m [Client 9] Training on NVIDIA GeForce RTX 3060[32m [repeated 8x across cluster][0m
[36m(ClientAppActor pid=390917)[0m 
[36m(ClientAppActor pid=390917)[0m         
[36m(ClientAppActor pid=390917)[0m [93mWARNING [0m:   DEPRECATED FEATURE: `client_fn` now expects a signature `def client_fn(context: Context)`.The provided `client_fn` has signature: {'cid': <Parameter "cid: str">}. You can import the `Context` like this: `from flwr.app import Context`[32m [repeated 19x across cluster][0m
[36m(ClientAppActor pid=390917)[0m             This is a deprecated feature. It will be removed[32m [repeated 19x across cluster][0m
[36m(ClientAppActor pid=390917)[0m             entirely in future versions of Flower.[32m [repeated 19x across cluster][0m
[36m(ClientAppActor pid=390918)[0m 
[36m(ClientAppActor pid=390918)[0m         
[36m(ClientAppActor pid=390918)[0m 
[36m(ClientAppActor pid=390918)[0m         
[92mINFO [0m:      aggregate_fit: received 10 results and 0 failures
INFO:flwr:aggregate_fit: received 10 results and 0 failures
[CascadeRouter] Round 19: 10 clients, 24578 parameters/client
[92mINFO [0m:      configure_evaluate: strategy sampled 10 clients (out of 10)
INFO:flwr:configure_evaluate: strategy sampled 10 clients (out of 10)
[36m(ClientAppActor pid=390917)[0m 
[36m(ClientAppActor pid=390917)[0m         
[36m(ClientAppActor pid=390917)[0m [93mWARNING [0m:   DEPRECATED FEATURE: `client_fn` now expects a signature `def client_fn(context: Context)`.The provided `client_fn` has signature: {'cid': <Parameter "cid: str">}. You can import the `Context` like this: `from flwr.app import Context`[32m [repeated 3x across cluster][0m
[36m(ClientAppActor pid=390917)[0m             This is a deprecated feature. It will be removed[32m [repeated 3x across cluster][0m
[36m(ClientAppActor pid=390917)[0m             entirely in future versions of Flower.[32m [repeated 3x across cluster][0m
[36m(ClientAppActor pid=390918)[0m 
[36m(ClientAppActor pid=390918)[0m         
[36m(ClientAppActor pid=390917)[0m 
[36m(ClientAppActor pid=390917)[0m         
[36m(ClientAppActor pid=390918)[0m 
[36m(ClientAppActor pid=390918)[0m         
[36m(ClientAppActor pid=390918)[0m 
[36m(ClientAppActor pid=390918)[0m         
[36m(ClientAppActor pid=390917)[0m 
[36m(ClientAppActor pid=390917)[0m         
[36m(ClientAppActor pid=390918)[0m 
[36m(ClientAppActor pid=390918)[0m         
[36m(ClientAppActor pid=390917)[0m 
[36m(ClientAppActor pid=390917)[0m         
[36m(ClientAppActor pid=390918)[0m 
[36m(ClientAppActor pid=390918)[0m         
[36m(ClientAppActor pid=390917)[0m 
[36m(ClientAppActor pid=390917)[0m         
[92mINFO [0m:      aggregate_evaluate: received 10 results and 0 failures
INFO:flwr:aggregate_evaluate: received 10 results and 0 failures
[92mINFO [0m:      
INFO:flwr:
[92mINFO [0m:      [ROUND 20]
INFO:flwr:[ROUND 20]
[92mINFO [0m:      configure_fit: strategy sampled 10 clients (out of 10)
INFO:flwr:configure_fit: strategy sampled 10 clients (out of 10)
[36m(ClientAppActor pid=390918)[0m [Client 4] Training on NVIDIA GeForce RTX 3060[32m [repeated 3x across cluster][0m
[36m(ClientAppActor pid=390918)[0m 
[36m(ClientAppActor pid=390918)[0m         
[36m(ClientAppActor pid=390917)[0m 
[36m(ClientAppActor pid=390917)[0m         
[36m(ClientAppActor pid=390918)[0m 
[36m(ClientAppActor pid=390918)[0m         
[36m(ClientAppActor pid=390917)[0m 
[36m(ClientAppActor pid=390917)[0m         
[36m(ClientAppActor pid=390918)[0m 
[36m(ClientAppActor pid=390918)[0m         
[36m(ClientAppActor pid=390918)[0m [93mWARNING [0m:   DEPRECATED FEATURE: `client_fn` now expects a signature `def client_fn(context: Context)`.The provided `client_fn` has signature: {'cid': <Parameter "cid: str">}. You can import the `Context` like this: `from flwr.app import Context`[32m [repeated 14x across cluster][0m
[36m(ClientAppActor pid=390918)[0m             This is a deprecated feature. It will be removed[32m [repeated 14x across cluster][0m
[36m(ClientAppActor pid=390918)[0m             entirely in future versions of Flower.[32m [repeated 14x across cluster][0m
[36m(ClientAppActor pid=390918)[0m 
[36m(ClientAppActor pid=390918)[0m         
[36m(ClientAppActor pid=390918)[0m [Client 2] Training on NVIDIA GeForce RTX 3060[32m [repeated 6x across cluster][0m
[36m(ClientAppActor pid=390918)[0m 
[36m(ClientAppActor pid=390918)[0m         
[36m(ClientAppActor pid=390918)[0m 
[36m(ClientAppActor pid=390918)[0m         
[36m(ClientAppActor pid=390918)[0m 
[36m(ClientAppActor pid=390918)[0m         
[36m(ClientAppActor pid=390918)[0m [93mWARNING [0m:   DEPRECATED FEATURE: `client_fn` now expects a signature `def client_fn(context: Context)`.The provided `client_fn` has signature: {'cid': <Parameter "cid: str">}. You can import the `Context` like this: `from flwr.app import Context`[32m [repeated 4x across cluster][0m
[36m(ClientAppActor pid=390918)[0m             This is a deprecated feature. It will be removed[32m [repeated 4x across cluster][0m
[36m(ClientAppActor pid=390918)[0m             entirely in future versions of Flower.[32m [repeated 4x across cluster][0m
[36m(ClientAppActor pid=390918)[0m 
[36m(ClientAppActor pid=390918)[0m         
[92mINFO [0m:      aggregate_fit: received 10 results and 0 failures
INFO:flwr:aggregate_fit: received 10 results and 0 failures
[CascadeRouter] Round 20: 10 clients, 24578 parameters/client
[92mINFO [0m:      configure_evaluate: strategy sampled 10 clients (out of 10)
INFO:flwr:configure_evaluate: strategy sampled 10 clients (out of 10)
[36m(ClientAppActor pid=390918)[0m 
[36m(ClientAppActor pid=390918)[0m         
[36m(ClientAppActor pid=390917)[0m 
[36m(ClientAppActor pid=390917)[0m         
[36m(ClientAppActor pid=390917)[0m 
[36m(ClientAppActor pid=390917)[0m         
[36m(ClientAppActor pid=390918)[0m 
[36m(ClientAppActor pid=390918)[0m         
[36m(ClientAppActor pid=390917)[0m 
[36m(ClientAppActor pid=390917)[0m         
[36m(ClientAppActor pid=390918)[0m 
[36m(ClientAppActor pid=390918)[0m         
[36m(ClientAppActor pid=390917)[0m 
[36m(ClientAppActor pid=390917)[0m         
[36m(ClientAppActor pid=390918)[0m 
[36m(ClientAppActor pid=390918)[0m         
[36m(ClientAppActor pid=390917)[0m 
[36m(ClientAppActor pid=390917)[0m         
[36m(ClientAppActor pid=390918)[0m 
[36m(ClientAppActor pid=390918)[0m         
[92mINFO [0m:      aggregate_evaluate: received 10 results and 0 failures
INFO:flwr:aggregate_evaluate: received 10 results and 0 failures
[92mINFO [0m:      
INFO:flwr:
[92mINFO [0m:      [ROUND 21]
INFO:flwr:[ROUND 21]
[92mINFO [0m:      configure_fit: strategy sampled 10 clients (out of 10)
INFO:flwr:configure_fit: strategy sampled 10 clients (out of 10)
[36m(ClientAppActor pid=390918)[0m [Client 5] Training on NVIDIA GeForce RTX 3060[32m [repeated 4x across cluster][0m
[36m(ClientAppActor pid=390918)[0m 
[36m(ClientAppActor pid=390918)[0m         
[36m(ClientAppActor pid=390917)[0m 
[36m(ClientAppActor pid=390917)[0m         
[36m(ClientAppActor pid=390917)[0m 
[36m(ClientAppActor pid=390917)[0m         
[36m(ClientAppActor pid=390917)[0m 
[36m(ClientAppActor pid=390917)[0m         
[36m(ClientAppActor pid=390918)[0m 
[36m(ClientAppActor pid=390918)[0m         
[36m(ClientAppActor pid=390918)[0m [93mWARNING [0m:   DEPRECATED FEATURE: `client_fn` now expects a signature `def client_fn(context: Context)`.The provided `client_fn` has signature: {'cid': <Parameter "cid: str">}. You can import the `Context` like this: `from flwr.app import Context`[32m [repeated 16x across cluster][0m
[36m(ClientAppActor pid=390918)[0m             This is a deprecated feature. It will be removed[32m [repeated 16x across cluster][0m
[36m(ClientAppActor pid=390918)[0m             entirely in future versions of Flower.[32m [repeated 16x across cluster][0m
[36m(ClientAppActor pid=390917)[0m 
[36m(ClientAppActor pid=390917)[0m         
[36m(ClientAppActor pid=390918)[0m 
[36m(ClientAppActor pid=390918)[0m         
[36m(ClientAppActor pid=390917)[0m 
[36m(ClientAppActor pid=390917)[0m         
[36m(ClientAppActor pid=390917)[0m 
[36m(ClientAppActor pid=390917)[0m         
[36m(ClientAppActor pid=390917)[0m [93mWARNING [0m:   DEPRECATED FEATURE: `client_fn` now expects a signature `def client_fn(context: Context)`.The provided `client_fn` has signature: {'cid': <Parameter "cid: str">}. You can import the `Context` like this: `from flwr.app import Context`[32m [repeated 4x across cluster][0m
[36m(ClientAppActor pid=390917)[0m             This is a deprecated feature. It will be removed[32m [repeated 4x across cluster][0m
[36m(ClientAppActor pid=390917)[0m             entirely in future versions of Flower.[32m [repeated 4x across cluster][0m
[36m(ClientAppActor pid=390917)[0m [Client 3] Training on NVIDIA GeForce RTX 3060[32m [repeated 8x across cluster][0m
[36m(ClientAppActor pid=390917)[0m 
[36m(ClientAppActor pid=390917)[0m         
[92mINFO [0m:      aggregate_fit: received 10 results and 0 failures
INFO:flwr:aggregate_fit: received 10 results and 0 failures
[CascadeRouter] Round 21: 10 clients, 24578 parameters/client
[92mINFO [0m:      configure_evaluate: strategy sampled 10 clients (out of 10)
INFO:flwr:configure_evaluate: strategy sampled 10 clients (out of 10)
[36m(ClientAppActor pid=390918)[0m 
[36m(ClientAppActor pid=390918)[0m         
[36m(ClientAppActor pid=390917)[0m 
[36m(ClientAppActor pid=390917)[0m         
[36m(ClientAppActor pid=390918)[0m 
[36m(ClientAppActor pid=390918)[0m         
[36m(ClientAppActor pid=390917)[0m 
[36m(ClientAppActor pid=390917)[0m         
[36m(ClientAppActor pid=390918)[0m 
[36m(ClientAppActor pid=390918)[0m         
[36m(ClientAppActor pid=390917)[0m 
[36m(ClientAppActor pid=390917)[0m         
[36m(ClientAppActor pid=390918)[0m 
[36m(ClientAppActor pid=390918)[0m         
[36m(ClientAppActor pid=390917)[0m 
[36m(ClientAppActor pid=390917)[0m         
[36m(ClientAppActor pid=390918)[0m 
[36m(ClientAppActor pid=390918)[0m         
[36m(ClientAppActor pid=390917)[0m 
[36m(ClientAppActor pid=390917)[0m         
[92mINFO [0m:      aggregate_evaluate: received 10 results and 0 failures
INFO:flwr:aggregate_evaluate: received 10 results and 0 failures
[92mINFO [0m:      
INFO:flwr:
[92mINFO [0m:      [ROUND 22]
INFO:flwr:[ROUND 22]
[92mINFO [0m:      configure_fit: strategy sampled 10 clients (out of 10)
INFO:flwr:configure_fit: strategy sampled 10 clients (out of 10)
[36m(ClientAppActor pid=390917)[0m 
[36m(ClientAppActor pid=390917)[0m         
[36m(ClientAppActor pid=390918)[0m 
[36m(ClientAppActor pid=390918)[0m         
[36m(ClientAppActor pid=390918)[0m [Client 6] Training on NVIDIA GeForce RTX 3060[32m [repeated 4x across cluster][0m
[36m(ClientAppActor pid=390918)[0m 
[36m(ClientAppActor pid=390918)[0m         
[36m(ClientAppActor pid=390918)[0m [93mWARNING [0m:   DEPRECATED FEATURE: `client_fn` now expects a signature `def client_fn(context: Context)`.The provided `client_fn` has signature: {'cid': <Parameter "cid: str">}. You can import the `Context` like this: `from flwr.app import Context`[32m [repeated 14x across cluster][0m
[36m(ClientAppActor pid=390918)[0m             This is a deprecated feature. It will be removed[32m [repeated 14x across cluster][0m
[36m(ClientAppActor pid=390918)[0m             entirely in future versions of Flower.[32m [repeated 14x across cluster][0m
[36m(ClientAppActor pid=390918)[0m 
[36m(ClientAppActor pid=390918)[0m         
[36m(ClientAppActor pid=390918)[0m 
[36m(ClientAppActor pid=390918)[0m         
[36m(ClientAppActor pid=390918)[0m 
[36m(ClientAppActor pid=390918)[0m         
[36m(ClientAppActor pid=390917)[0m 
[36m(ClientAppActor pid=390917)[0m         
[36m(ClientAppActor pid=390918)[0m 
[36m(ClientAppActor pid=390918)[0m         
[36m(ClientAppActor pid=390917)[0m 
[36m(ClientAppActor pid=390917)[0m         
[36m(ClientAppActor pid=390918)[0m 
[36m(ClientAppActor pid=390918)[0m         
[92mINFO [0m:      aggregate_fit: received 10 results and 0 failures
INFO:flwr:aggregate_fit: received 10 results and 0 failures
[CascadeRouter] Round 22: 10 clients, 24578 parameters/client
[92mINFO [0m:      configure_evaluate: strategy sampled 10 clients (out of 10)
INFO:flwr:configure_evaluate: strategy sampled 10 clients (out of 10)
[36m(ClientAppActor pid=390917)[0m 
[36m(ClientAppActor pid=390917)[0m         
[36m(ClientAppActor pid=390917)[0m [93mWARNING [0m:   DEPRECATED FEATURE: `client_fn` now expects a signature `def client_fn(context: Context)`.The provided `client_fn` has signature: {'cid': <Parameter "cid: str">}. You can import the `Context` like this: `from flwr.app import Context`[32m [repeated 8x across cluster][0m
[36m(ClientAppActor pid=390917)[0m             This is a deprecated feature. It will be removed[32m [repeated 8x across cluster][0m
[36m(ClientAppActor pid=390917)[0m             entirely in future versions of Flower.[32m [repeated 8x across cluster][0m
[36m(ClientAppActor pid=390918)[0m 
[36m(ClientAppActor pid=390918)[0m         
[36m(ClientAppActor pid=390918)[0m 
[36m(ClientAppActor pid=390918)[0m         
[36m(ClientAppActor pid=390917)[0m 
[36m(ClientAppActor pid=390917)[0m         
[36m(ClientAppActor pid=390918)[0m 
[36m(ClientAppActor pid=390918)[0m         
[36m(ClientAppActor pid=390917)[0m 
[36m(ClientAppActor pid=390917)[0m         
[36m(ClientAppActor pid=390918)[0m 
[36m(ClientAppActor pid=390918)[0m         
[36m(ClientAppActor pid=390917)[0m 
[36m(ClientAppActor pid=390917)[0m         
[36m(ClientAppActor pid=390917)[0m 
[36m(ClientAppActor pid=390917)[0m         
[36m(ClientAppActor pid=390918)[0m 
[36m(ClientAppActor pid=390918)[0m         
[92mINFO [0m:      aggregate_evaluate: received 10 results and 0 failures
INFO:flwr:aggregate_evaluate: received 10 results and 0 failures
[92mINFO [0m:      
INFO:flwr:
[92mINFO [0m:      [ROUND 23]
INFO:flwr:[ROUND 23]
[92mINFO [0m:      configure_fit: strategy sampled 10 clients (out of 10)
INFO:flwr:configure_fit: strategy sampled 10 clients (out of 10)
[36m(ClientAppActor pid=390918)[0m [Client 8] Training on NVIDIA GeForce RTX 3060[32m [repeated 8x across cluster][0m
[36m(ClientAppActor pid=390918)[0m 
[36m(ClientAppActor pid=390918)[0m         
[36m(ClientAppActor pid=390917)[0m 
[36m(ClientAppActor pid=390917)[0m         
[36m(ClientAppActor pid=390917)[0m 
[36m(ClientAppActor pid=390917)[0m         
[36m(ClientAppActor pid=390918)[0m 
[36m(ClientAppActor pid=390918)[0m         
[36m(ClientAppActor pid=390917)[0m 
[36m(ClientAppActor pid=390917)[0m         
[36m(ClientAppActor pid=390917)[0m 
[36m(ClientAppActor pid=390917)[0m         
[36m(ClientAppActor pid=390917)[0m [93mWARNING [0m:   DEPRECATED FEATURE: `client_fn` now expects a signature `def client_fn(context: Context)`.The provided `client_fn` has signature: {'cid': <Parameter "cid: str">}. You can import the `Context` like this: `from flwr.app import Context`[32m [repeated 15x across cluster][0m
[36m(ClientAppActor pid=390917)[0m             This is a deprecated feature. It will be removed[32m [repeated 15x across cluster][0m
[36m(ClientAppActor pid=390917)[0m             entirely in future versions of Flower.[32m [repeated 15x across cluster][0m
[36m(ClientAppActor pid=390917)[0m 
[36m(ClientAppActor pid=390917)[0m         
[36m(ClientAppActor pid=390918)[0m [Client 1] Training on NVIDIA GeForce RTX 3060[32m [repeated 7x across cluster][0m
[36m(ClientAppActor pid=390918)[0m 
[36m(ClientAppActor pid=390918)[0m         
[36m(ClientAppActor pid=390918)[0m 
[36m(ClientAppActor pid=390918)[0m         
[36m(ClientAppActor pid=390918)[0m 
[36m(ClientAppActor pid=390918)[0m         
[92mINFO [0m:      aggregate_fit: received 10 results and 0 failures
INFO:flwr:aggregate_fit: received 10 results and 0 failures
[CascadeRouter] Round 23: 10 clients, 24578 parameters/client
[92mINFO [0m:      configure_evaluate: strategy sampled 10 clients (out of 10)
INFO:flwr:configure_evaluate: strategy sampled 10 clients (out of 10)
[36m(ClientAppActor pid=390918)[0m 
[36m(ClientAppActor pid=390918)[0m         
[36m(ClientAppActor pid=390918)[0m [93mWARNING [0m:   DEPRECATED FEATURE: `client_fn` now expects a signature `def client_fn(context: Context)`.The provided `client_fn` has signature: {'cid': <Parameter "cid: str">}. You can import the `Context` like this: `from flwr.app import Context`[32m [repeated 5x across cluster][0m
[36m(ClientAppActor pid=390918)[0m             This is a deprecated feature. It will be removed[32m [repeated 5x across cluster][0m
[36m(ClientAppActor pid=390918)[0m             entirely in future versions of Flower.[32m [repeated 5x across cluster][0m
[36m(ClientAppActor pid=390917)[0m 
[36m(ClientAppActor pid=390917)[0m         
[36m(ClientAppActor pid=390917)[0m 
[36m(ClientAppActor pid=390917)[0m         
[36m(ClientAppActor pid=390918)[0m 
[36m(ClientAppActor pid=390918)[0m         
[36m(ClientAppActor pid=390917)[0m 
[36m(ClientAppActor pid=390917)[0m         
[36m(ClientAppActor pid=390918)[0m 
[36m(ClientAppActor pid=390918)[0m         
[36m(ClientAppActor pid=390917)[0m 
[36m(ClientAppActor pid=390917)[0m         
[36m(ClientAppActor pid=390918)[0m 
[36m(ClientAppActor pid=390918)[0m         
[36m(ClientAppActor pid=390918)[0m 
[36m(ClientAppActor pid=390918)[0m         
[36m(ClientAppActor pid=390917)[0m 
[36m(ClientAppActor pid=390917)[0m         
[92mINFO [0m:      aggregate_evaluate: received 10 results and 0 failures
INFO:flwr:aggregate_evaluate: received 10 results and 0 failures
[92mINFO [0m:      
INFO:flwr:
[92mINFO [0m:      [ROUND 24]
INFO:flwr:[ROUND 24]
[92mINFO [0m:      configure_fit: strategy sampled 10 clients (out of 10)
INFO:flwr:configure_fit: strategy sampled 10 clients (out of 10)
[36m(ClientAppActor pid=390918)[0m [Client 2] Training on NVIDIA GeForce RTX 3060[32m [repeated 3x across cluster][0m
[36m(ClientAppActor pid=390918)[0m 
[36m(ClientAppActor pid=390918)[0m         
[36m(ClientAppActor pid=390917)[0m 
[36m(ClientAppActor pid=390917)[0m         
[36m(ClientAppActor pid=390918)[0m 
[36m(ClientAppActor pid=390918)[0m         
[36m(ClientAppActor pid=390917)[0m 
[36m(ClientAppActor pid=390917)[0m         
[36m(ClientAppActor pid=390918)[0m 
[36m(ClientAppActor pid=390918)[0m         
[36m(ClientAppActor pid=390918)[0m 
[36m(ClientAppActor pid=390918)[0m         
[36m(ClientAppActor pid=390918)[0m [93mWARNING [0m:   DEPRECATED FEATURE: `client_fn` now expects a signature `def client_fn(context: Context)`.The provided `client_fn` has signature: {'cid': <Parameter "cid: str">}. You can import the `Context` like this: `from flwr.app import Context`[32m [repeated 15x across cluster][0m
[36m(ClientAppActor pid=390918)[0m             This is a deprecated feature. It will be removed[32m [repeated 15x across cluster][0m
[36m(ClientAppActor pid=390918)[0m             entirely in future versions of Flower.[32m [repeated 15x across cluster][0m
[36m(ClientAppActor pid=390918)[0m 
[36m(ClientAppActor pid=390918)[0m         
[36m(ClientAppActor pid=390918)[0m [Client 6] Training on NVIDIA GeForce RTX 3060[32m [repeated 7x across cluster][0m
[36m(ClientAppActor pid=390918)[0m 
[36m(ClientAppActor pid=390918)[0m         
[36m(ClientAppActor pid=390918)[0m 
[36m(ClientAppActor pid=390918)[0m         
[36m(ClientAppActor pid=390917)[0m 
[36m(ClientAppActor pid=390917)[0m         
[36m(ClientAppActor pid=390917)[0m [93mWARNING [0m:   DEPRECATED FEATURE: `client_fn` now expects a signature `def client_fn(context: Context)`.The provided `client_fn` has signature: {'cid': <Parameter "cid: str">}. You can import the `Context` like this: `from flwr.app import Context`[32m [repeated 4x across cluster][0m
[36m(ClientAppActor pid=390917)[0m             This is a deprecated feature. It will be removed[32m [repeated 4x across cluster][0m
[36m(ClientAppActor pid=390917)[0m             entirely in future versions of Flower.[32m [repeated 4x across cluster][0m
[92mINFO [0m:      aggregate_fit: received 10 results and 0 failures
INFO:flwr:aggregate_fit: received 10 results and 0 failures
[CascadeRouter] Round 24: 10 clients, 24578 parameters/client
[92mINFO [0m:      configure_evaluate: strategy sampled 10 clients (out of 10)
INFO:flwr:configure_evaluate: strategy sampled 10 clients (out of 10)
[36m(ClientAppActor pid=390918)[0m 
[36m(ClientAppActor pid=390918)[0m         
[36m(ClientAppActor pid=390917)[0m 
[36m(ClientAppActor pid=390917)[0m         
[36m(ClientAppActor pid=390918)[0m 
[36m(ClientAppActor pid=390918)[0m         
[36m(ClientAppActor pid=390917)[0m 
[36m(ClientAppActor pid=390917)[0m         
[36m(ClientAppActor pid=390918)[0m 
[36m(ClientAppActor pid=390918)[0m         
[36m(ClientAppActor pid=390917)[0m 
[36m(ClientAppActor pid=390917)[0m         
[36m(ClientAppActor pid=390918)[0m 
[36m(ClientAppActor pid=390918)[0m         
[36m(ClientAppActor pid=390917)[0m 
[36m(ClientAppActor pid=390917)[0m         
[36m(ClientAppActor pid=390918)[0m 
[36m(ClientAppActor pid=390918)[0m         
[36m(ClientAppActor pid=390917)[0m 
[36m(ClientAppActor pid=390917)[0m         
[92mINFO [0m:      aggregate_evaluate: received 10 results and 0 failures
INFO:flwr:aggregate_evaluate: received 10 results and 0 failures
[92mINFO [0m:      
INFO:flwr:
[92mINFO [0m:      [ROUND 25]
INFO:flwr:[ROUND 25]
[92mINFO [0m:      configure_fit: strategy sampled 10 clients (out of 10)
INFO:flwr:configure_fit: strategy sampled 10 clients (out of 10)
[36m(ClientAppActor pid=390918)[0m 
[36m(ClientAppActor pid=390918)[0m         
[36m(ClientAppActor pid=390917)[0m 
[36m(ClientAppActor pid=390917)[0m         
[36m(ClientAppActor pid=390917)[0m 
[36m(ClientAppActor pid=390917)[0m         
[36m(ClientAppActor pid=390918)[0m [Client 0] Training on NVIDIA GeForce RTX 3060[32m [repeated 6x across cluster][0m
[36m(ClientAppActor pid=390918)[0m 
[36m(ClientAppActor pid=390918)[0m         
[36m(ClientAppActor pid=390918)[0m 
[36m(ClientAppActor pid=390918)[0m         
[36m(ClientAppActor pid=390917)[0m 
[36m(ClientAppActor pid=390917)[0m         
[36m(ClientAppActor pid=390917)[0m 
[36m(ClientAppActor pid=390917)[0m         
[36m(ClientAppActor pid=390917)[0m [93mWARNING [0m:   DEPRECATED FEATURE: `client_fn` now expects a signature `def client_fn(context: Context)`.The provided `client_fn` has signature: {'cid': <Parameter "cid: str">}. You can import the `Context` like this: `from flwr.app import Context`[32m [repeated 17x across cluster][0m
[36m(ClientAppActor pid=390917)[0m             This is a deprecated feature. It will be removed[32m [repeated 17x across cluster][0m
[36m(ClientAppActor pid=390917)[0m             entirely in future versions of Flower.[32m [repeated 17x across cluster][0m
[36m(ClientAppActor pid=390917)[0m 
[36m(ClientAppActor pid=390917)[0m         
[36m(ClientAppActor pid=390917)[0m [Client 4] Training on NVIDIA GeForce RTX 3060[32m [repeated 5x across cluster][0m
[36m(ClientAppActor pid=390917)[0m 
[36m(ClientAppActor pid=390917)[0m         
[36m(ClientAppActor pid=390917)[0m 
[36m(ClientAppActor pid=390917)[0m         
[36m(ClientAppActor pid=390917)[0m [93mWARNING [0m:   DEPRECATED FEATURE: `client_fn` now expects a signature `def client_fn(context: Context)`.The provided `client_fn` has signature: {'cid': <Parameter "cid: str">}. You can import the `Context` like this: `from flwr.app import Context`[32m [repeated 3x across cluster][0m
[36m(ClientAppActor pid=390917)[0m             This is a deprecated feature. It will be removed[32m [repeated 3x across cluster][0m
[36m(ClientAppActor pid=390917)[0m             entirely in future versions of Flower.[32m [repeated 3x across cluster][0m
[92mINFO [0m:      aggregate_fit: received 10 results and 0 failures
INFO:flwr:aggregate_fit: received 10 results and 0 failures
[CascadeRouter] Round 25: 10 clients, 24578 parameters/client
[92mINFO [0m:      configure_evaluate: strategy sampled 10 clients (out of 10)
INFO:flwr:configure_evaluate: strategy sampled 10 clients (out of 10)
[36m(ClientAppActor pid=390918)[0m 
[36m(ClientAppActor pid=390918)[0m         
[36m(ClientAppActor pid=390917)[0m 
[36m(ClientAppActor pid=390917)[0m         
[36m(ClientAppActor pid=390917)[0m 
[36m(ClientAppActor pid=390917)[0m         
[36m(ClientAppActor pid=390918)[0m 
[36m(ClientAppActor pid=390918)[0m         
[36m(ClientAppActor pid=390917)[0m 
[36m(ClientAppActor pid=390917)[0m         
[36m(ClientAppActor pid=390918)[0m 
[36m(ClientAppActor pid=390918)[0m         
[36m(ClientAppActor pid=390918)[0m 
[36m(ClientAppActor pid=390918)[0m         
[36m(ClientAppActor pid=390917)[0m 
[36m(ClientAppActor pid=390917)[0m         
[36m(ClientAppActor pid=390918)[0m 
[36m(ClientAppActor pid=390918)[0m         
[36m(ClientAppActor pid=390917)[0m 
[36m(ClientAppActor pid=390917)[0m         
[92mINFO [0m:      aggregate_evaluate: received 10 results and 0 failures
INFO:flwr:aggregate_evaluate: received 10 results and 0 failures
[92mINFO [0m:      
INFO:flwr:
[92mINFO [0m:      [ROUND 26]
INFO:flwr:[ROUND 26]
[92mINFO [0m:      configure_fit: strategy sampled 10 clients (out of 10)
INFO:flwr:configure_fit: strategy sampled 10 clients (out of 10)
[36m(ClientAppActor pid=390918)[0m 
[36m(ClientAppActor pid=390918)[0m         
[36m(ClientAppActor pid=390917)[0m 
[36m(ClientAppActor pid=390917)[0m         
[36m(ClientAppActor pid=390918)[0m 
[36m(ClientAppActor pid=390918)[0m         
[36m(ClientAppActor pid=390918)[0m [Client 3] Training on NVIDIA GeForce RTX 3060[32m [repeated 5x across cluster][0m
[36m(ClientAppActor pid=390918)[0m 
[36m(ClientAppActor pid=390918)[0m         
[36m(ClientAppActor pid=390918)[0m 
[36m(ClientAppActor pid=390918)[0m         
[36m(ClientAppActor pid=390918)[0m 
[36m(ClientAppActor pid=390918)[0m         
[36m(ClientAppActor pid=390918)[0m [93mWARNING [0m:   DEPRECATED FEATURE: `client_fn` now expects a signature `def client_fn(context: Context)`.The provided `client_fn` has signature: {'cid': <Parameter "cid: str">}. You can import the `Context` like this: `from flwr.app import Context`[32m [repeated 16x across cluster][0m
[36m(ClientAppActor pid=390918)[0m             This is a deprecated feature. It will be removed[32m [repeated 16x across cluster][0m
[36m(ClientAppActor pid=390918)[0m             entirely in future versions of Flower.[32m [repeated 16x across cluster][0m
[36m(ClientAppActor pid=390918)[0m 
[36m(ClientAppActor pid=390918)[0m         
[36m(ClientAppActor pid=390918)[0m 
[36m(ClientAppActor pid=390918)[0m         
[36m(ClientAppActor pid=390917)[0m [Client 5] Training on NVIDIA GeForce RTX 3060[32m [repeated 5x across cluster][0m
[36m(ClientAppActor pid=390917)[0m 
[36m(ClientAppActor pid=390917)[0m         
[36m(ClientAppActor pid=390918)[0m 
[36m(ClientAppActor pid=390918)[0m         
[36m(ClientAppActor pid=390918)[0m [93mWARNING [0m:   DEPRECATED FEATURE: `client_fn` now expects a signature `def client_fn(context: Context)`.The provided `client_fn` has signature: {'cid': <Parameter "cid: str">}. You can import the `Context` like this: `from flwr.app import Context`[32m [repeated 4x across cluster][0m
[36m(ClientAppActor pid=390918)[0m             This is a deprecated feature. It will be removed[32m [repeated 4x across cluster][0m
[36m(ClientAppActor pid=390918)[0m             entirely in future versions of Flower.[32m [repeated 4x across cluster][0m
[92mINFO [0m:      aggregate_fit: received 10 results and 0 failures
INFO:flwr:aggregate_fit: received 10 results and 0 failures
[CascadeRouter] Round 26: 10 clients, 24578 parameters/client
[92mINFO [0m:      configure_evaluate: strategy sampled 10 clients (out of 10)
INFO:flwr:configure_evaluate: strategy sampled 10 clients (out of 10)
[36m(ClientAppActor pid=390918)[0m 
[36m(ClientAppActor pid=390918)[0m         
[36m(ClientAppActor pid=390917)[0m 
[36m(ClientAppActor pid=390917)[0m         
[36m(ClientAppActor pid=390918)[0m 
[36m(ClientAppActor pid=390918)[0m         
[36m(ClientAppActor pid=390917)[0m 
[36m(ClientAppActor pid=390917)[0m         
[36m(ClientAppActor pid=390918)[0m 
[36m(ClientAppActor pid=390918)[0m         
[36m(ClientAppActor pid=390917)[0m 
[36m(ClientAppActor pid=390917)[0m         
[36m(ClientAppActor pid=390918)[0m 
[36m(ClientAppActor pid=390918)[0m         
[36m(ClientAppActor pid=390917)[0m 
[36m(ClientAppActor pid=390917)[0m         
[36m(ClientAppActor pid=390918)[0m 
[36m(ClientAppActor pid=390918)[0m         
[36m(ClientAppActor pid=390917)[0m 
[36m(ClientAppActor pid=390917)[0m         
[92mINFO [0m:      aggregate_evaluate: received 10 results and 0 failures
INFO:flwr:aggregate_evaluate: received 10 results and 0 failures
[92mINFO [0m:      
INFO:flwr:
[92mINFO [0m:      [ROUND 27]
INFO:flwr:[ROUND 27]
[92mINFO [0m:      configure_fit: strategy sampled 10 clients (out of 10)
INFO:flwr:configure_fit: strategy sampled 10 clients (out of 10)
[36m(ClientAppActor pid=390918)[0m 
[36m(ClientAppActor pid=390918)[0m         
[36m(ClientAppActor pid=390917)[0m 
[36m(ClientAppActor pid=390917)[0m         
[36m(ClientAppActor pid=390917)[0m 
[36m(ClientAppActor pid=390917)[0m         
[36m(ClientAppActor pid=390917)[0m [Client 0] Training on NVIDIA GeForce RTX 3060[32m [repeated 5x across cluster][0m
[36m(ClientAppActor pid=390917)[0m 
[36m(ClientAppActor pid=390917)[0m         
[36m(ClientAppActor pid=390917)[0m 
[36m(ClientAppActor pid=390917)[0m         
[36m(ClientAppActor pid=390917)[0m [93mWARNING [0m:   DEPRECATED FEATURE: `client_fn` now expects a signature `def client_fn(context: Context)`.The provided `client_fn` has signature: {'cid': <Parameter "cid: str">}. You can import the `Context` like this: `from flwr.app import Context`[32m [repeated 15x across cluster][0m
[36m(ClientAppActor pid=390917)[0m             This is a deprecated feature. It will be removed[32m [repeated 15x across cluster][0m
[36m(ClientAppActor pid=390917)[0m             entirely in future versions of Flower.[32m [repeated 15x across cluster][0m
[36m(ClientAppActor pid=390917)[0m 
[36m(ClientAppActor pid=390917)[0m         
[36m(ClientAppActor pid=390917)[0m 
[36m(ClientAppActor pid=390917)[0m         
[36m(ClientAppActor pid=390917)[0m 
[36m(ClientAppActor pid=390917)[0m         
[36m(ClientAppActor pid=390917)[0m [Client 5] Training on NVIDIA GeForce RTX 3060[32m [repeated 5x across cluster][0m
[36m(ClientAppActor pid=390917)[0m 
[36m(ClientAppActor pid=390917)[0m         
[36m(ClientAppActor pid=390918)[0m 
[36m(ClientAppActor pid=390918)[0m         
[92mINFO [0m:      aggregate_fit: received 10 results and 0 failures
INFO:flwr:aggregate_fit: received 10 results and 0 failures
[CascadeRouter] Round 27: 10 clients, 24578 parameters/client
[92mINFO [0m:      configure_evaluate: strategy sampled 10 clients (out of 10)
INFO:flwr:configure_evaluate: strategy sampled 10 clients (out of 10)
[36m(ClientAppActor pid=390918)[0m 
[36m(ClientAppActor pid=390918)[0m         
[36m(ClientAppActor pid=390918)[0m [93mWARNING [0m:   DEPRECATED FEATURE: `client_fn` now expects a signature `def client_fn(context: Context)`.The provided `client_fn` has signature: {'cid': <Parameter "cid: str">}. You can import the `Context` like this: `from flwr.app import Context`[32m [repeated 6x across cluster][0m
[36m(ClientAppActor pid=390918)[0m             This is a deprecated feature. It will be removed[32m [repeated 6x across cluster][0m
[36m(ClientAppActor pid=390918)[0m             entirely in future versions of Flower.[32m [repeated 6x across cluster][0m
[36m(ClientAppActor pid=390917)[0m 
[36m(ClientAppActor pid=390917)[0m         
[36m(ClientAppActor pid=390918)[0m 
[36m(ClientAppActor pid=390918)[0m         
[36m(ClientAppActor pid=390917)[0m 
[36m(ClientAppActor pid=390917)[0m         
[36m(ClientAppActor pid=390918)[0m 
[36m(ClientAppActor pid=390918)[0m         
[36m(ClientAppActor pid=390917)[0m 
[36m(ClientAppActor pid=390917)[0m         
[36m(ClientAppActor pid=390918)[0m 
[36m(ClientAppActor pid=390918)[0m         
[36m(ClientAppActor pid=390917)[0m 
[36m(ClientAppActor pid=390917)[0m         
[36m(ClientAppActor pid=390918)[0m 
[36m(ClientAppActor pid=390918)[0m         
[36m(ClientAppActor pid=390917)[0m 
[36m(ClientAppActor pid=390917)[0m         
[92mINFO [0m:      aggregate_evaluate: received 10 results and 0 failures
INFO:flwr:aggregate_evaluate: received 10 results and 0 failures
[92mINFO [0m:      
INFO:flwr:
[92mINFO [0m:      [ROUND 28]
INFO:flwr:[ROUND 28]
[92mINFO [0m:      configure_fit: strategy sampled 10 clients (out of 10)
INFO:flwr:configure_fit: strategy sampled 10 clients (out of 10)
[36m(ClientAppActor pid=390918)[0m 
[36m(ClientAppActor pid=390918)[0m         
[36m(ClientAppActor pid=390917)[0m 
[36m(ClientAppActor pid=390917)[0m         
[36m(ClientAppActor pid=390917)[0m 
[36m(ClientAppActor pid=390917)[0m         
[36m(ClientAppActor pid=390917)[0m 
[36m(ClientAppActor pid=390917)[0m         
[36m(ClientAppActor pid=390917)[0m [Client 8] Training on NVIDIA GeForce RTX 3060[32m [repeated 6x across cluster][0m
[36m(ClientAppActor pid=390917)[0m 
[36m(ClientAppActor pid=390917)[0m         
[36m(ClientAppActor pid=390918)[0m 
[36m(ClientAppActor pid=390918)[0m         
[36m(ClientAppActor pid=390918)[0m 
[36m(ClientAppActor pid=390918)[0m         
[36m(ClientAppActor pid=390918)[0m 
[36m(ClientAppActor pid=390918)[0m         
[36m(ClientAppActor pid=390917)[0m 
[36m(ClientAppActor pid=390917)[0m         
[36m(ClientAppActor pid=390917)[0m [93mWARNING [0m:   DEPRECATED FEATURE: `client_fn` now expects a signature `def client_fn(context: Context)`.The provided `client_fn` has signature: {'cid': <Parameter "cid: str">}. You can import the `Context` like this: `from flwr.app import Context`[32m [repeated 18x across cluster][0m
[36m(ClientAppActor pid=390917)[0m             This is a deprecated feature. It will be removed[32m [repeated 18x across cluster][0m
[36m(ClientAppActor pid=390917)[0m             entirely in future versions of Flower.[32m [repeated 18x across cluster][0m
[36m(ClientAppActor pid=390918)[0m 
[36m(ClientAppActor pid=390918)[0m         
[92mINFO [0m:      aggregate_fit: received 10 results and 0 failures
INFO:flwr:aggregate_fit: received 10 results and 0 failures
[CascadeRouter] Round 28: 10 clients, 24578 parameters/client
[92mINFO [0m:      configure_evaluate: strategy sampled 10 clients (out of 10)
INFO:flwr:configure_evaluate: strategy sampled 10 clients (out of 10)
[36m(ClientAppActor pid=390918)[0m 
[36m(ClientAppActor pid=390918)[0m         
[36m(ClientAppActor pid=390918)[0m [93mWARNING [0m:   DEPRECATED FEATURE: `client_fn` now expects a signature `def client_fn(context: Context)`.The provided `client_fn` has signature: {'cid': <Parameter "cid: str">}. You can import the `Context` like this: `from flwr.app import Context`[32m [repeated 2x across cluster][0m
[36m(ClientAppActor pid=390918)[0m             This is a deprecated feature. It will be removed[32m [repeated 2x across cluster][0m
[36m(ClientAppActor pid=390918)[0m             entirely in future versions of Flower.[32m [repeated 2x across cluster][0m
[36m(ClientAppActor pid=390917)[0m 
[36m(ClientAppActor pid=390917)[0m         
[36m(ClientAppActor pid=390918)[0m 
[36m(ClientAppActor pid=390918)[0m         
[36m(ClientAppActor pid=390917)[0m 
[36m(ClientAppActor pid=390917)[0m         
[36m(ClientAppActor pid=390918)[0m 
[36m(ClientAppActor pid=390918)[0m         
[36m(ClientAppActor pid=390917)[0m 
[36m(ClientAppActor pid=390917)[0m         
[36m(ClientAppActor pid=390918)[0m 
[36m(ClientAppActor pid=390918)[0m         
[36m(ClientAppActor pid=390917)[0m 
[36m(ClientAppActor pid=390917)[0m         
[36m(ClientAppActor pid=390918)[0m 
[36m(ClientAppActor pid=390918)[0m         
[36m(ClientAppActor pid=390917)[0m 
[36m(ClientAppActor pid=390917)[0m         
[92mINFO [0m:      aggregate_evaluate: received 10 results and 0 failures
INFO:flwr:aggregate_evaluate: received 10 results and 0 failures
[92mINFO [0m:      
INFO:flwr:
[92mINFO [0m:      [ROUND 29]
INFO:flwr:[ROUND 29]
[92mINFO [0m:      configure_fit: strategy sampled 10 clients (out of 10)
INFO:flwr:configure_fit: strategy sampled 10 clients (out of 10)
[36m(ClientAppActor pid=390917)[0m [Client 7] Training on NVIDIA GeForce RTX 3060[32m [repeated 6x across cluster][0m
[36m(ClientAppActor pid=390917)[0m 
[36m(ClientAppActor pid=390917)[0m         
[36m(ClientAppActor pid=390918)[0m 
[36m(ClientAppActor pid=390918)[0m         
[36m(ClientAppActor pid=390918)[0m 
[36m(ClientAppActor pid=390918)[0m         
[36m(ClientAppActor pid=390918)[0m 
[36m(ClientAppActor pid=390918)[0m         
[36m(ClientAppActor pid=390918)[0m 
[36m(ClientAppActor pid=390918)[0m         
[36m(ClientAppActor pid=390917)[0m 
[36m(ClientAppActor pid=390917)[0m         
[36m(ClientAppActor pid=390918)[0m 
[36m(ClientAppActor pid=390918)[0m         
[36m(ClientAppActor pid=390918)[0m [93mWARNING [0m:   DEPRECATED FEATURE: `client_fn` now expects a signature `def client_fn(context: Context)`.The provided `client_fn` has signature: {'cid': <Parameter "cid: str">}. You can import the `Context` like this: `from flwr.app import Context`[32m [repeated 16x across cluster][0m
[36m(ClientAppActor pid=390918)[0m             This is a deprecated feature. It will be removed[32m [repeated 16x across cluster][0m
[36m(ClientAppActor pid=390918)[0m             entirely in future versions of Flower.[32m [repeated 16x across cluster][0m
[36m(ClientAppActor pid=390918)[0m 
[36m(ClientAppActor pid=390918)[0m         
[36m(ClientAppActor pid=390917)[0m [Client 2] Training on NVIDIA GeForce RTX 3060[32m [repeated 8x across cluster][0m
[36m(ClientAppActor pid=390917)[0m 
[36m(ClientAppActor pid=390917)[0m         
[36m(ClientAppActor pid=390917)[0m 
[36m(ClientAppActor pid=390917)[0m         
[92mINFO [0m:      aggregate_fit: received 10 results and 0 failures
INFO:flwr:aggregate_fit: received 10 results and 0 failures
[CascadeRouter] Round 29: 10 clients, 24578 parameters/client
[92mINFO [0m:      configure_evaluate: strategy sampled 10 clients (out of 10)
INFO:flwr:configure_evaluate: strategy sampled 10 clients (out of 10)
[36m(ClientAppActor pid=390918)[0m 
[36m(ClientAppActor pid=390918)[0m         
[36m(ClientAppActor pid=390918)[0m [93mWARNING [0m:   DEPRECATED FEATURE: `client_fn` now expects a signature `def client_fn(context: Context)`.The provided `client_fn` has signature: {'cid': <Parameter "cid: str">}. You can import the `Context` like this: `from flwr.app import Context`[32m [repeated 4x across cluster][0m
[36m(ClientAppActor pid=390918)[0m             This is a deprecated feature. It will be removed[32m [repeated 4x across cluster][0m
[36m(ClientAppActor pid=390918)[0m             entirely in future versions of Flower.[32m [repeated 4x across cluster][0m
[36m(ClientAppActor pid=390917)[0m 
[36m(ClientAppActor pid=390917)[0m         
[36m(ClientAppActor pid=390917)[0m 
[36m(ClientAppActor pid=390917)[0m         
[36m(ClientAppActor pid=390918)[0m 
[36m(ClientAppActor pid=390918)[0m         
[36m(ClientAppActor pid=390918)[0m 
[36m(ClientAppActor pid=390918)[0m         
[36m(ClientAppActor pid=390917)[0m 
[36m(ClientAppActor pid=390917)[0m         
[36m(ClientAppActor pid=390918)[0m 
[36m(ClientAppActor pid=390918)[0m         
[36m(ClientAppActor pid=390917)[0m 
[36m(ClientAppActor pid=390917)[0m         
[36m(ClientAppActor pid=390918)[0m 
[36m(ClientAppActor pid=390918)[0m         
[36m(ClientAppActor pid=390917)[0m 
[36m(ClientAppActor pid=390917)[0m         
[92mINFO [0m:      aggregate_evaluate: received 10 results and 0 failures
INFO:flwr:aggregate_evaluate: received 10 results and 0 failures
[92mINFO [0m:      
INFO:flwr:
[92mINFO [0m:      [ROUND 30]
INFO:flwr:[ROUND 30]
[92mINFO [0m:      configure_fit: strategy sampled 10 clients (out of 10)
INFO:flwr:configure_fit: strategy sampled 10 clients (out of 10)
[36m(ClientAppActor pid=390918)[0m [Client 9] Training on NVIDIA GeForce RTX 3060[32m [repeated 2x across cluster][0m
[36m(ClientAppActor pid=390918)[0m 
[36m(ClientAppActor pid=390918)[0m         
[36m(ClientAppActor pid=390917)[0m 
[36m(ClientAppActor pid=390917)[0m         
[36m(ClientAppActor pid=390917)[0m 
[36m(ClientAppActor pid=390917)[0m         
[36m(ClientAppActor pid=390917)[0m 
[36m(ClientAppActor pid=390917)[0m         
[36m(ClientAppActor pid=390917)[0m [93mWARNING [0m:   DEPRECATED FEATURE: `client_fn` now expects a signature `def client_fn(context: Context)`.The provided `client_fn` has signature: {'cid': <Parameter "cid: str">}. You can import the `Context` like this: `from flwr.app import Context`[32m [repeated 13x across cluster][0m
[36m(ClientAppActor pid=390917)[0m             This is a deprecated feature. It will be removed[32m [repeated 13x across cluster][0m
[36m(ClientAppActor pid=390917)[0m             entirely in future versions of Flower.[32m [repeated 13x across cluster][0m
[36m(ClientAppActor pid=390917)[0m [Client 6] Training on NVIDIA GeForce RTX 3060[32m [repeated 4x across cluster][0m
[36m(ClientAppActor pid=390917)[0m 
[36m(ClientAppActor pid=390917)[0m         
[36m(ClientAppActor pid=390917)[0m 
[36m(ClientAppActor pid=390917)[0m         
[36m(ClientAppActor pid=390917)[0m 
[36m(ClientAppActor pid=390917)[0m         
[36m(ClientAppActor pid=390917)[0m 
[36m(ClientAppActor pid=390917)[0m         
[36m(ClientAppActor pid=390918)[0m 
[36m(ClientAppActor pid=390918)[0m         
[36m(ClientAppActor pid=390918)[0m 
[36m(ClientAppActor pid=390918)[0m         
[92mINFO [0m:      aggregate_fit: received 10 results and 0 failures
INFO:flwr:aggregate_fit: received 10 results and 0 failures
[CascadeRouter] Round 30: 10 clients, 24578 parameters/client
[92mINFO [0m:      configure_evaluate: strategy sampled 10 clients (out of 10)
INFO:flwr:configure_evaluate: strategy sampled 10 clients (out of 10)
[36m(ClientAppActor pid=390918)[0m 
[36m(ClientAppActor pid=390918)[0m         
[36m(ClientAppActor pid=390918)[0m [93mWARNING [0m:   DEPRECATED FEATURE: `client_fn` now expects a signature `def client_fn(context: Context)`.The provided `client_fn` has signature: {'cid': <Parameter "cid: str">}. You can import the `Context` like this: `from flwr.app import Context`[32m [repeated 7x across cluster][0m
[36m(ClientAppActor pid=390918)[0m             This is a deprecated feature. It will be removed[32m [repeated 7x across cluster][0m
[36m(ClientAppActor pid=390918)[0m             entirely in future versions of Flower.[32m [repeated 7x across cluster][0m
[36m(ClientAppActor pid=390917)[0m 
[36m(ClientAppActor pid=390917)[0m         
[36m(ClientAppActor pid=390918)[0m 
[36m(ClientAppActor pid=390918)[0m         
[36m(ClientAppActor pid=390917)[0m 
[36m(ClientAppActor pid=390917)[0m         
[36m(ClientAppActor pid=390918)[0m 
[36m(ClientAppActor pid=390918)[0m         
[36m(ClientAppActor pid=390917)[0m 
[36m(ClientAppActor pid=390917)[0m         
[36m(ClientAppActor pid=390918)[0m 
[36m(ClientAppActor pid=390918)[0m         
[36m(ClientAppActor pid=390917)[0m 
[36m(ClientAppActor pid=390917)[0m         
[36m(ClientAppActor pid=390918)[0m 
[36m(ClientAppActor pid=390918)[0m         
[36m(ClientAppActor pid=390917)[0m 
[36m(ClientAppActor pid=390917)[0m         
[92mINFO [0m:      aggregate_evaluate: received 10 results and 0 failures
INFO:flwr:aggregate_evaluate: received 10 results and 0 failures
[92mINFO [0m:      
INFO:flwr:
[92mINFO [0m:      [ROUND 31]
INFO:flwr:[ROUND 31]
[92mINFO [0m:      configure_fit: strategy sampled 10 clients (out of 10)
INFO:flwr:configure_fit: strategy sampled 10 clients (out of 10)
[36m(ClientAppActor pid=390917)[0m [Client 3] Training on NVIDIA GeForce RTX 3060[32m [repeated 6x across cluster][0m
[36m(ClientAppActor pid=390917)[0m 
[36m(ClientAppActor pid=390917)[0m         
[36m(ClientAppActor pid=390918)[0m 
[36m(ClientAppActor pid=390918)[0m         
[36m(ClientAppActor pid=390917)[0m 
[36m(ClientAppActor pid=390917)[0m         
[36m(ClientAppActor pid=390918)[0m 
[36m(ClientAppActor pid=390918)[0m         
[36m(ClientAppActor pid=390918)[0m 
[36m(ClientAppActor pid=390918)[0m         
[36m(ClientAppActor pid=390917)[0m 
[36m(ClientAppActor pid=390917)[0m         
[36m(ClientAppActor pid=390917)[0m 
[36m(ClientAppActor pid=390917)[0m         
[36m(ClientAppActor pid=390918)[0m 
[36m(ClientAppActor pid=390918)[0m         
[36m(ClientAppActor pid=390918)[0m 
[36m(ClientAppActor pid=390918)[0m         
[36m(ClientAppActor pid=390918)[0m [93mWARNING [0m:   DEPRECATED FEATURE: `client_fn` now expects a signature `def client_fn(context: Context)`.The provided `client_fn` has signature: {'cid': <Parameter "cid: str">}. You can import the `Context` like this: `from flwr.app import Context`[32m [repeated 18x across cluster][0m
[36m(ClientAppActor pid=390918)[0m             This is a deprecated feature. It will be removed[32m [repeated 18x across cluster][0m
[36m(ClientAppActor pid=390918)[0m             entirely in future versions of Flower.[32m [repeated 18x across cluster][0m
[36m(ClientAppActor pid=390918)[0m [Client 8] Training on NVIDIA GeForce RTX 3060[32m [repeated 9x across cluster][0m
[36m(ClientAppActor pid=390918)[0m 
[36m(ClientAppActor pid=390918)[0m         
[92mINFO [0m:      aggregate_fit: received 10 results and 0 failures
INFO:flwr:aggregate_fit: received 10 results and 0 failures
[CascadeRouter] Round 31: 10 clients, 24578 parameters/client
[92mINFO [0m:      configure_evaluate: strategy sampled 10 clients (out of 10)
INFO:flwr:configure_evaluate: strategy sampled 10 clients (out of 10)
[36m(ClientAppActor pid=390917)[0m 
[36m(ClientAppActor pid=390917)[0m         
[36m(ClientAppActor pid=390917)[0m [93mWARNING [0m:   DEPRECATED FEATURE: `client_fn` now expects a signature `def client_fn(context: Context)`.The provided `client_fn` has signature: {'cid': <Parameter "cid: str">}. You can import the `Context` like this: `from flwr.app import Context`[32m [repeated 2x across cluster][0m
[36m(ClientAppActor pid=390917)[0m             This is a deprecated feature. It will be removed[32m [repeated 2x across cluster][0m
[36m(ClientAppActor pid=390917)[0m             entirely in future versions of Flower.[32m [repeated 2x across cluster][0m
[36m(ClientAppActor pid=390918)[0m 
[36m(ClientAppActor pid=390918)[0m         
[36m(ClientAppActor pid=390918)[0m 
[36m(ClientAppActor pid=390918)[0m         
[36m(ClientAppActor pid=390917)[0m 
[36m(ClientAppActor pid=390917)[0m         
[36m(ClientAppActor pid=390917)[0m 
[36m(ClientAppActor pid=390917)[0m         
[36m(ClientAppActor pid=390918)[0m 
[36m(ClientAppActor pid=390918)[0m         
[36m(ClientAppActor pid=390917)[0m 
[36m(ClientAppActor pid=390917)[0m         
[36m(ClientAppActor pid=390918)[0m 
[36m(ClientAppActor pid=390918)[0m         
[36m(ClientAppActor pid=390917)[0m 
[36m(ClientAppActor pid=390917)[0m         
[36m(ClientAppActor pid=390918)[0m 
[36m(ClientAppActor pid=390918)[0m         
[92mINFO [0m:      aggregate_evaluate: received 10 results and 0 failures
INFO:flwr:aggregate_evaluate: received 10 results and 0 failures
[92mINFO [0m:      
INFO:flwr:
[92mINFO [0m:      [ROUND 32]
INFO:flwr:[ROUND 32]
[92mINFO [0m:      configure_fit: strategy sampled 10 clients (out of 10)
INFO:flwr:configure_fit: strategy sampled 10 clients (out of 10)
[36m(ClientAppActor pid=390918)[0m [Client 2] Training on NVIDIA GeForce RTX 3060
[36m(ClientAppActor pid=390918)[0m 
[36m(ClientAppActor pid=390918)[0m         
[36m(ClientAppActor pid=390917)[0m [Client 4] Training on NVIDIA GeForce RTX 3060
[36m(ClientAppActor pid=390917)[0m 
[36m(ClientAppActor pid=390917)[0m         
[36m(ClientAppActor pid=390918)[0m 
[36m(ClientAppActor pid=390918)[0m         
[36m(ClientAppActor pid=390918)[0m 
[36m(ClientAppActor pid=390918)[0m         
[36m(ClientAppActor pid=390917)[0m 
[36m(ClientAppActor pid=390917)[0m         
[36m(ClientAppActor pid=390917)[0m 
[36m(ClientAppActor pid=390917)[0m         
[36m(ClientAppActor pid=390917)[0m [93mWARNING [0m:   DEPRECATED FEATURE: `client_fn` now expects a signature `def client_fn(context: Context)`.The provided `client_fn` has signature: {'cid': <Parameter "cid: str">}. You can import the `Context` like this: `from flwr.app import Context`[32m [repeated 15x across cluster][0m
[36m(ClientAppActor pid=390917)[0m             This is a deprecated feature. It will be removed[32m [repeated 15x across cluster][0m
[36m(ClientAppActor pid=390917)[0m             entirely in future versions of Flower.[32m [repeated 15x across cluster][0m
[36m(ClientAppActor pid=390918)[0m 
[36m(ClientAppActor pid=390918)[0m         
[36m(ClientAppActor pid=390918)[0m [Client 6] Training on NVIDIA GeForce RTX 3060[32m [repeated 6x across cluster][0m
[36m(ClientAppActor pid=390918)[0m 
[36m(ClientAppActor pid=390918)[0m         
[36m(ClientAppActor pid=390918)[0m 
[36m(ClientAppActor pid=390918)[0m         
[36m(ClientAppActor pid=390918)[0m 
[36m(ClientAppActor pid=390918)[0m         
[92mINFO [0m:      aggregate_fit: received 10 results and 0 failures
INFO:flwr:aggregate_fit: received 10 results and 0 failures
[CascadeRouter] Round 32: 10 clients, 24578 parameters/client
[92mINFO [0m:      configure_evaluate: strategy sampled 10 clients (out of 10)
INFO:flwr:configure_evaluate: strategy sampled 10 clients (out of 10)
[36m(ClientAppActor pid=390918)[0m 
[36m(ClientAppActor pid=390918)[0m         
[36m(ClientAppActor pid=390918)[0m [93mWARNING [0m:   DEPRECATED FEATURE: `client_fn` now expects a signature `def client_fn(context: Context)`.The provided `client_fn` has signature: {'cid': <Parameter "cid: str">}. You can import the `Context` like this: `from flwr.app import Context`[32m [repeated 5x across cluster][0m
[36m(ClientAppActor pid=390918)[0m             This is a deprecated feature. It will be removed[32m [repeated 5x across cluster][0m
[36m(ClientAppActor pid=390918)[0m             entirely in future versions of Flower.[32m [repeated 5x across cluster][0m
[36m(ClientAppActor pid=390917)[0m 
[36m(ClientAppActor pid=390917)[0m         
[36m(ClientAppActor pid=390917)[0m 
[36m(ClientAppActor pid=390917)[0m         
[36m(ClientAppActor pid=390918)[0m 
[36m(ClientAppActor pid=390918)[0m         
[36m(ClientAppActor pid=390918)[0m 
[36m(ClientAppActor pid=390918)[0m         
[36m(ClientAppActor pid=390917)[0m 
[36m(ClientAppActor pid=390917)[0m         
[36m(ClientAppActor pid=390918)[0m 
[36m(ClientAppActor pid=390918)[0m         
[36m(ClientAppActor pid=390917)[0m 
[36m(ClientAppActor pid=390917)[0m         
[36m(ClientAppActor pid=390917)[0m 
[36m(ClientAppActor pid=390917)[0m         
[36m(ClientAppActor pid=390918)[0m 
[36m(ClientAppActor pid=390918)[0m         
[92mINFO [0m:      aggregate_evaluate: received 10 results and 0 failures
INFO:flwr:aggregate_evaluate: received 10 results and 0 failures
[92mINFO [0m:      
INFO:flwr:
[92mINFO [0m:      [ROUND 33]
INFO:flwr:[ROUND 33]
[92mINFO [0m:      configure_fit: strategy sampled 10 clients (out of 10)
INFO:flwr:configure_fit: strategy sampled 10 clients (out of 10)
[36m(ClientAppActor pid=390918)[0m [Client 5] Training on NVIDIA GeForce RTX 3060[32m [repeated 3x across cluster][0m
[36m(ClientAppActor pid=390918)[0m 
[36m(ClientAppActor pid=390918)[0m         
[36m(ClientAppActor pid=390917)[0m 
[36m(ClientAppActor pid=390917)[0m         
[36m(ClientAppActor pid=390918)[0m 
[36m(ClientAppActor pid=390918)[0m         
[36m(ClientAppActor pid=390918)[0m 
[36m(ClientAppActor pid=390918)[0m         
[36m(ClientAppActor pid=390918)[0m [93mWARNING [0m:   DEPRECATED FEATURE: `client_fn` now expects a signature `def client_fn(context: Context)`.The provided `client_fn` has signature: {'cid': <Parameter "cid: str">}. You can import the `Context` like this: `from flwr.app import Context`[32m [repeated 13x across cluster][0m
[36m(ClientAppActor pid=390918)[0m             This is a deprecated feature. It will be removed[32m [repeated 13x across cluster][0m
[36m(ClientAppActor pid=390918)[0m             entirely in future versions of Flower.[32m [repeated 13x across cluster][0m
[36m(ClientAppActor pid=390918)[0m 
[36m(ClientAppActor pid=390918)[0m         
[36m(ClientAppActor pid=390918)[0m [Client 6] Training on NVIDIA GeForce RTX 3060[32m [repeated 5x across cluster][0m
[36m(ClientAppActor pid=390918)[0m 
[36m(ClientAppActor pid=390918)[0m         
[36m(ClientAppActor pid=390918)[0m 
[36m(ClientAppActor pid=390918)[0m         
[36m(ClientAppActor pid=390918)[0m 
[36m(ClientAppActor pid=390918)[0m         
[36m(ClientAppActor pid=390917)[0m 
[36m(ClientAppActor pid=390917)[0m         
[36m(ClientAppActor pid=390917)[0m 
[36m(ClientAppActor pid=390917)[0m         
[36m(ClientAppActor pid=390917)[0m [93mWARNING [0m:   DEPRECATED FEATURE: `client_fn` now expects a signature `def client_fn(context: Context)`.The provided `client_fn` has signature: {'cid': <Parameter "cid: str">}. You can import the `Context` like this: `from flwr.app import Context`[32m [repeated 6x across cluster][0m
[36m(ClientAppActor pid=390917)[0m             This is a deprecated feature. It will be removed[32m [repeated 6x across cluster][0m
[36m(ClientAppActor pid=390917)[0m             entirely in future versions of Flower.[32m [repeated 6x across cluster][0m
[92mINFO [0m:      aggregate_fit: received 10 results and 0 failures
INFO:flwr:aggregate_fit: received 10 results and 0 failures
[CascadeRouter] Round 33: 10 clients, 24578 parameters/client
[92mINFO [0m:      configure_evaluate: strategy sampled 10 clients (out of 10)
INFO:flwr:configure_evaluate: strategy sampled 10 clients (out of 10)
[36m(ClientAppActor pid=390918)[0m 
[36m(ClientAppActor pid=390918)[0m         
[36m(ClientAppActor pid=390917)[0m 
[36m(ClientAppActor pid=390917)[0m         
[36m(ClientAppActor pid=390918)[0m 
[36m(ClientAppActor pid=390918)[0m         
[36m(ClientAppActor pid=390917)[0m 
[36m(ClientAppActor pid=390917)[0m         
[36m(ClientAppActor pid=390918)[0m 
[36m(ClientAppActor pid=390918)[0m         
[36m(ClientAppActor pid=390917)[0m 
[36m(ClientAppActor pid=390917)[0m         
[36m(ClientAppActor pid=390918)[0m 
[36m(ClientAppActor pid=390918)[0m         
[36m(ClientAppActor pid=390917)[0m 
[36m(ClientAppActor pid=390917)[0m         
[36m(ClientAppActor pid=390918)[0m 
[36m(ClientAppActor pid=390918)[0m         
[36m(ClientAppActor pid=390917)[0m 
[36m(ClientAppActor pid=390917)[0m         
[92mINFO [0m:      aggregate_evaluate: received 10 results and 0 failures
INFO:flwr:aggregate_evaluate: received 10 results and 0 failures
[92mINFO [0m:      
INFO:flwr:
[92mINFO [0m:      [ROUND 34]
INFO:flwr:[ROUND 34]
[92mINFO [0m:      configure_fit: strategy sampled 10 clients (out of 10)
INFO:flwr:configure_fit: strategy sampled 10 clients (out of 10)
[36m(ClientAppActor pid=390918)[0m 
[36m(ClientAppActor pid=390918)[0m         
[36m(ClientAppActor pid=390917)[0m 
[36m(ClientAppActor pid=390917)[0m         
[36m(ClientAppActor pid=390918)[0m [Client 8] Training on NVIDIA GeForce RTX 3060[32m [repeated 7x across cluster][0m
[36m(ClientAppActor pid=390918)[0m 
[36m(ClientAppActor pid=390918)[0m         
[36m(ClientAppActor pid=390918)[0m 
[36m(ClientAppActor pid=390918)[0m         
[36m(ClientAppActor pid=390918)[0m [93mWARNING [0m:   DEPRECATED FEATURE: `client_fn` now expects a signature `def client_fn(context: Context)`.The provided `client_fn` has signature: {'cid': <Parameter "cid: str">}. You can import the `Context` like this: `from flwr.app import Context`[32m [repeated 14x across cluster][0m
[36m(ClientAppActor pid=390918)[0m             This is a deprecated feature. It will be removed[32m [repeated 14x across cluster][0m
[36m(ClientAppActor pid=390918)[0m             entirely in future versions of Flower.[32m [repeated 14x across cluster][0m
[36m(ClientAppActor pid=390918)[0m 
[36m(ClientAppActor pid=390918)[0m         
[36m(ClientAppActor pid=390918)[0m 
[36m(ClientAppActor pid=390918)[0m         
[36m(ClientAppActor pid=390918)[0m [Client 2] Training on NVIDIA GeForce RTX 3060[32m [repeated 4x across cluster][0m
[36m(ClientAppActor pid=390918)[0m 
[36m(ClientAppActor pid=390918)[0m         
[36m(ClientAppActor pid=390918)[0m 
[36m(ClientAppActor pid=390918)[0m         
[36m(ClientAppActor pid=390917)[0m 
[36m(ClientAppActor pid=390917)[0m         
[36m(ClientAppActor pid=390917)[0m [93mWARNING [0m:   DEPRECATED FEATURE: `client_fn` now expects a signature `def client_fn(context: Context)`.The provided `client_fn` has signature: {'cid': <Parameter "cid: str">}. You can import the `Context` like this: `from flwr.app import Context`[32m [repeated 5x across cluster][0m
[36m(ClientAppActor pid=390917)[0m             This is a deprecated feature. It will be removed[32m [repeated 5x across cluster][0m
[36m(ClientAppActor pid=390917)[0m             entirely in future versions of Flower.[32m [repeated 5x across cluster][0m
[36m(ClientAppActor pid=390918)[0m 
[36m(ClientAppActor pid=390918)[0m         
[92mINFO [0m:      aggregate_fit: received 10 results and 0 failures
INFO:flwr:aggregate_fit: received 10 results and 0 failures
[CascadeRouter] Round 34: 10 clients, 24578 parameters/client
[92mINFO [0m:      configure_evaluate: strategy sampled 10 clients (out of 10)
INFO:flwr:configure_evaluate: strategy sampled 10 clients (out of 10)
[36m(ClientAppActor pid=390918)[0m 
[36m(ClientAppActor pid=390918)[0m         
[36m(ClientAppActor pid=390917)[0m 
[36m(ClientAppActor pid=390917)[0m         
[36m(ClientAppActor pid=390918)[0m 
[36m(ClientAppActor pid=390918)[0m         
[36m(ClientAppActor pid=390917)[0m 
[36m(ClientAppActor pid=390917)[0m         
[36m(ClientAppActor pid=390918)[0m 
[36m(ClientAppActor pid=390918)[0m         
[36m(ClientAppActor pid=390917)[0m 
[36m(ClientAppActor pid=390917)[0m         
[36m(ClientAppActor pid=390918)[0m 
[36m(ClientAppActor pid=390918)[0m         
[36m(ClientAppActor pid=390917)[0m 
[36m(ClientAppActor pid=390917)[0m         
[36m(ClientAppActor pid=390918)[0m 
[36m(ClientAppActor pid=390918)[0m         
[36m(ClientAppActor pid=390917)[0m 
[36m(ClientAppActor pid=390917)[0m         
[92mINFO [0m:      aggregate_evaluate: received 10 results and 0 failures
INFO:flwr:aggregate_evaluate: received 10 results and 0 failures
[92mINFO [0m:      
INFO:flwr:
[92mINFO [0m:      [ROUND 35]
INFO:flwr:[ROUND 35]
[92mINFO [0m:      configure_fit: strategy sampled 10 clients (out of 10)
INFO:flwr:configure_fit: strategy sampled 10 clients (out of 10)
[36m(ClientAppActor pid=390918)[0m [Client 7] Training on NVIDIA GeForce RTX 3060[32m [repeated 4x across cluster][0m
[36m(ClientAppActor pid=390918)[0m 
[36m(ClientAppActor pid=390918)[0m         
[36m(ClientAppActor pid=390917)[0m 
[36m(ClientAppActor pid=390917)[0m         
[36m(ClientAppActor pid=390917)[0m 
[36m(ClientAppActor pid=390917)[0m         
[36m(ClientAppActor pid=390917)[0m 
[36m(ClientAppActor pid=390917)[0m         
[36m(ClientAppActor pid=390917)[0m 
[36m(ClientAppActor pid=390917)[0m         
[36m(ClientAppActor pid=390917)[0m 
[36m(ClientAppActor pid=390917)[0m         
[36m(ClientAppActor pid=390917)[0m [93mWARNING [0m:   DEPRECATED FEATURE: `client_fn` now expects a signature `def client_fn(context: Context)`.The provided `client_fn` has signature: {'cid': <Parameter "cid: str">}. You can import the `Context` like this: `from flwr.app import Context`[32m [repeated 17x across cluster][0m
[36m(ClientAppActor pid=390917)[0m             This is a deprecated feature. It will be removed[32m [repeated 17x across cluster][0m
[36m(ClientAppActor pid=390917)[0m             entirely in future versions of Flower.[32m [repeated 17x across cluster][0m
[36m(ClientAppActor pid=390918)[0m 
[36m(ClientAppActor pid=390918)[0m         
[36m(ClientAppActor pid=390918)[0m 
[36m(ClientAppActor pid=390918)[0m         
[36m(ClientAppActor pid=390917)[0m 
[36m(ClientAppActor pid=390917)[0m         
[36m(ClientAppActor pid=390917)[0m [Client 8] Training on NVIDIA GeForce RTX 3060[32m [repeated 9x across cluster][0m
[36m(ClientAppActor pid=390917)[0m 
[36m(ClientAppActor pid=390917)[0m         
[92mINFO [0m:      aggregate_fit: received 10 results and 0 failures
INFO:flwr:aggregate_fit: received 10 results and 0 failures
[CascadeRouter] Round 35: 10 clients, 24578 parameters/client
[92mINFO [0m:      configure_evaluate: strategy sampled 10 clients (out of 10)
INFO:flwr:configure_evaluate: strategy sampled 10 clients (out of 10)
[36m(ClientAppActor pid=390918)[0m 
[36m(ClientAppActor pid=390918)[0m         
[36m(ClientAppActor pid=390918)[0m [93mWARNING [0m:   DEPRECATED FEATURE: `client_fn` now expects a signature `def client_fn(context: Context)`.The provided `client_fn` has signature: {'cid': <Parameter "cid: str">}. You can import the `Context` like this: `from flwr.app import Context`[32m [repeated 5x across cluster][0m
[36m(ClientAppActor pid=390918)[0m             This is a deprecated feature. It will be removed[32m [repeated 5x across cluster][0m
[36m(ClientAppActor pid=390918)[0m             entirely in future versions of Flower.[32m [repeated 5x across cluster][0m
[36m(ClientAppActor pid=390917)[0m 
[36m(ClientAppActor pid=390917)[0m         
[36m(ClientAppActor pid=390918)[0m 
[36m(ClientAppActor pid=390918)[0m         
[36m(ClientAppActor pid=390917)[0m 
[36m(ClientAppActor pid=390917)[0m         
[36m(ClientAppActor pid=390918)[0m 
[36m(ClientAppActor pid=390918)[0m         
[36m(ClientAppActor pid=390917)[0m 
[36m(ClientAppActor pid=390917)[0m         
[36m(ClientAppActor pid=390918)[0m 
[36m(ClientAppActor pid=390918)[0m         
[36m(ClientAppActor pid=390917)[0m 
[36m(ClientAppActor pid=390917)[0m         
[36m(ClientAppActor pid=390918)[0m 
[36m(ClientAppActor pid=390918)[0m         
[36m(ClientAppActor pid=390917)[0m 
[36m(ClientAppActor pid=390917)[0m         
[92mINFO [0m:      aggregate_evaluate: received 10 results and 0 failures
INFO:flwr:aggregate_evaluate: received 10 results and 0 failures
[92mINFO [0m:      
INFO:flwr:
[92mINFO [0m:      [ROUND 36]
INFO:flwr:[ROUND 36]
[92mINFO [0m:      configure_fit: strategy sampled 10 clients (out of 10)
INFO:flwr:configure_fit: strategy sampled 10 clients (out of 10)
[36m(ClientAppActor pid=390918)[0m [Client 6] Training on NVIDIA GeForce RTX 3060
[36m(ClientAppActor pid=390917)[0m [Client 1] Training on NVIDIA GeForce RTX 3060
[36m(ClientAppActor pid=390918)[0m 
[36m(ClientAppActor pid=390918)[0m         
[36m(ClientAppActor pid=390917)[0m 
[36m(ClientAppActor pid=390917)[0m         
[36m(ClientAppActor pid=390917)[0m [Client 5] Training on NVIDIA GeForce RTX 3060
[36m(ClientAppActor pid=390917)[0m 
[36m(ClientAppActor pid=390917)[0m         
[36m(ClientAppActor pid=390918)[0m 
[36m(ClientAppActor pid=390918)[0m         
[36m(ClientAppActor pid=390918)[0m 
[36m(ClientAppActor pid=390918)[0m         
[36m(ClientAppActor pid=390917)[0m 
[36m(ClientAppActor pid=390917)[0m         
[36m(ClientAppActor pid=390918)[0m 
[36m(ClientAppActor pid=390918)[0m         
[36m(ClientAppActor pid=390918)[0m [93mWARNING [0m:   DEPRECATED FEATURE: `client_fn` now expects a signature `def client_fn(context: Context)`.The provided `client_fn` has signature: {'cid': <Parameter "cid: str">}. You can import the `Context` like this: `from flwr.app import Context`[32m [repeated 16x across cluster][0m
[36m(ClientAppActor pid=390918)[0m             This is a deprecated feature. It will be removed[32m [repeated 16x across cluster][0m
[36m(ClientAppActor pid=390918)[0m             entirely in future versions of Flower.[32m [repeated 16x across cluster][0m
[36m(ClientAppActor pid=390917)[0m 
[36m(ClientAppActor pid=390917)[0m         
[36m(ClientAppActor pid=390917)[0m [Client 9] Training on NVIDIA GeForce RTX 3060[32m [repeated 6x across cluster][0m
[36m(ClientAppActor pid=390917)[0m 
[36m(ClientAppActor pid=390917)[0m         
[36m(ClientAppActor pid=390918)[0m 
[36m(ClientAppActor pid=390918)[0m         
[92mINFO [0m:      aggregate_fit: received 10 results and 0 failures
INFO:flwr:aggregate_fit: received 10 results and 0 failures
[CascadeRouter] Round 36: 10 clients, 24578 parameters/client
[92mINFO [0m:      configure_evaluate: strategy sampled 10 clients (out of 10)
INFO:flwr:configure_evaluate: strategy sampled 10 clients (out of 10)
[36m(ClientAppActor pid=390917)[0m 
[36m(ClientAppActor pid=390917)[0m         
[36m(ClientAppActor pid=390917)[0m [93mWARNING [0m:   DEPRECATED FEATURE: `client_fn` now expects a signature `def client_fn(context: Context)`.The provided `client_fn` has signature: {'cid': <Parameter "cid: str">}. You can import the `Context` like this: `from flwr.app import Context`[32m [repeated 4x across cluster][0m
[36m(ClientAppActor pid=390917)[0m             This is a deprecated feature. It will be removed[32m [repeated 4x across cluster][0m
[36m(ClientAppActor pid=390917)[0m             entirely in future versions of Flower.[32m [repeated 4x across cluster][0m
[36m(ClientAppActor pid=390918)[0m 
[36m(ClientAppActor pid=390918)[0m         
[36m(ClientAppActor pid=390918)[0m 
[36m(ClientAppActor pid=390918)[0m         
[36m(ClientAppActor pid=390917)[0m 
[36m(ClientAppActor pid=390917)[0m         
[36m(ClientAppActor pid=390917)[0m 
[36m(ClientAppActor pid=390917)[0m         
[36m(ClientAppActor pid=390918)[0m 
[36m(ClientAppActor pid=390918)[0m         
[36m(ClientAppActor pid=390917)[0m 
[36m(ClientAppActor pid=390917)[0m         
[36m(ClientAppActor pid=390918)[0m 
[36m(ClientAppActor pid=390918)[0m         
[36m(ClientAppActor pid=390917)[0m 
[36m(ClientAppActor pid=390917)[0m         
[36m(ClientAppActor pid=390918)[0m 
[36m(ClientAppActor pid=390918)[0m         
[92mINFO [0m:      aggregate_evaluate: received 10 results and 0 failures
INFO:flwr:aggregate_evaluate: received 10 results and 0 failures
[92mINFO [0m:      
INFO:flwr:
[92mINFO [0m:      [ROUND 37]
INFO:flwr:[ROUND 37]
[92mINFO [0m:      configure_fit: strategy sampled 10 clients (out of 10)
INFO:flwr:configure_fit: strategy sampled 10 clients (out of 10)
[36m(ClientAppActor pid=390918)[0m [Client 5] Training on NVIDIA GeForce RTX 3060[32m [repeated 2x across cluster][0m
[36m(ClientAppActor pid=390918)[0m 
[36m(ClientAppActor pid=390918)[0m         
[36m(ClientAppActor pid=390917)[0m 
[36m(ClientAppActor pid=390917)[0m         
[36m(ClientAppActor pid=390917)[0m 
[36m(ClientAppActor pid=390917)[0m         
[36m(ClientAppActor pid=390917)[0m 
[36m(ClientAppActor pid=390917)[0m         
[36m(ClientAppActor pid=390918)[0m 
[36m(ClientAppActor pid=390918)[0m         
[36m(ClientAppActor pid=390917)[0m 
[36m(ClientAppActor pid=390917)[0m         
[36m(ClientAppActor pid=390917)[0m [Client 2] Training on NVIDIA GeForce RTX 3060[32m [repeated 6x across cluster][0m
[36m(ClientAppActor pid=390917)[0m 
[36m(ClientAppActor pid=390917)[0m         
[36m(ClientAppActor pid=390917)[0m [93mWARNING [0m:   DEPRECATED FEATURE: `client_fn` now expects a signature `def client_fn(context: Context)`.The provided `client_fn` has signature: {'cid': <Parameter "cid: str">}. You can import the `Context` like this: `from flwr.app import Context`[32m [repeated 16x across cluster][0m
[36m(ClientAppActor pid=390917)[0m             This is a deprecated feature. It will be removed[32m [repeated 16x across cluster][0m
[36m(ClientAppActor pid=390917)[0m             entirely in future versions of Flower.[32m [repeated 16x across cluster][0m
[36m(ClientAppActor pid=390917)[0m 
[36m(ClientAppActor pid=390917)[0m         
[36m(ClientAppActor pid=390917)[0m 
[36m(ClientAppActor pid=390917)[0m         
[36m(ClientAppActor pid=390917)[0m 
[36m(ClientAppActor pid=390917)[0m         
[92mINFO [0m:      aggregate_fit: received 10 results and 0 failures
INFO:flwr:aggregate_fit: received 10 results and 0 failures
[CascadeRouter] Round 37: 10 clients, 24578 parameters/client
[92mINFO [0m:      configure_evaluate: strategy sampled 10 clients (out of 10)
INFO:flwr:configure_evaluate: strategy sampled 10 clients (out of 10)
[36m(ClientAppActor pid=390917)[0m 
[36m(ClientAppActor pid=390917)[0m         
[36m(ClientAppActor pid=390917)[0m [93mWARNING [0m:   DEPRECATED FEATURE: `client_fn` now expects a signature `def client_fn(context: Context)`.The provided `client_fn` has signature: {'cid': <Parameter "cid: str">}. You can import the `Context` like this: `from flwr.app import Context`[32m [repeated 4x across cluster][0m
[36m(ClientAppActor pid=390917)[0m             This is a deprecated feature. It will be removed[32m [repeated 4x across cluster][0m
[36m(ClientAppActor pid=390917)[0m             entirely in future versions of Flower.[32m [repeated 4x across cluster][0m
[36m(ClientAppActor pid=390918)[0m 
[36m(ClientAppActor pid=390918)[0m         
[36m(ClientAppActor pid=390917)[0m 
[36m(ClientAppActor pid=390917)[0m         
[36m(ClientAppActor pid=390918)[0m 
[36m(ClientAppActor pid=390918)[0m         
[36m(ClientAppActor pid=390918)[0m 
[36m(ClientAppActor pid=390918)[0m         
[36m(ClientAppActor pid=390917)[0m 
[36m(ClientAppActor pid=390917)[0m         
[36m(ClientAppActor pid=390917)[0m 
[36m(ClientAppActor pid=390917)[0m         
[36m(ClientAppActor pid=390918)[0m 
[36m(ClientAppActor pid=390918)[0m         
[36m(ClientAppActor pid=390917)[0m 
[36m(ClientAppActor pid=390917)[0m         
[36m(ClientAppActor pid=390918)[0m 
[36m(ClientAppActor pid=390918)[0m         
[92mINFO [0m:      aggregate_evaluate: received 10 results and 0 failures
INFO:flwr:aggregate_evaluate: received 10 results and 0 failures
[92mINFO [0m:      
INFO:flwr:
[92mINFO [0m:      [ROUND 38]
INFO:flwr:[ROUND 38]
[92mINFO [0m:      configure_fit: strategy sampled 10 clients (out of 10)
INFO:flwr:configure_fit: strategy sampled 10 clients (out of 10)
[36m(ClientAppActor pid=390918)[0m [Client 0] Training on NVIDIA GeForce RTX 3060[32m [repeated 4x across cluster][0m
[36m(ClientAppActor pid=390918)[0m 
[36m(ClientAppActor pid=390918)[0m         
[36m(ClientAppActor pid=390917)[0m 
[36m(ClientAppActor pid=390917)[0m         
[36m(ClientAppActor pid=390918)[0m 
[36m(ClientAppActor pid=390918)[0m         
[36m(ClientAppActor pid=390918)[0m 
[36m(ClientAppActor pid=390918)[0m         
[36m(ClientAppActor pid=390917)[0m 
[36m(ClientAppActor pid=390917)[0m         
[36m(ClientAppActor pid=390918)[0m 
[36m(ClientAppActor pid=390918)[0m         
[36m(ClientAppActor pid=390917)[0m 
[36m(ClientAppActor pid=390917)[0m         
[36m(ClientAppActor pid=390918)[0m 
[36m(ClientAppActor pid=390918)[0m         
[36m(ClientAppActor pid=390918)[0m 
[36m(ClientAppActor pid=390918)[0m         
[36m(ClientAppActor pid=390918)[0m [93mWARNING [0m:   DEPRECATED FEATURE: `client_fn` now expects a signature `def client_fn(context: Context)`.The provided `client_fn` has signature: {'cid': <Parameter "cid: str">}. You can import the `Context` like this: `from flwr.app import Context`[32m [repeated 18x across cluster][0m
[36m(ClientAppActor pid=390918)[0m             This is a deprecated feature. It will be removed[32m [repeated 18x across cluster][0m
[36m(ClientAppActor pid=390918)[0m             entirely in future versions of Flower.[32m [repeated 18x across cluster][0m
[36m(ClientAppActor pid=390917)[0m [Client 9] Training on NVIDIA GeForce RTX 3060[32m [repeated 9x across cluster][0m
[36m(ClientAppActor pid=390917)[0m 
[36m(ClientAppActor pid=390917)[0m         
[92mINFO [0m:      aggregate_fit: received 10 results and 0 failures
INFO:flwr:aggregate_fit: received 10 results and 0 failures
[CascadeRouter] Round 38: 10 clients, 24578 parameters/client
[92mINFO [0m:      configure_evaluate: strategy sampled 10 clients (out of 10)
INFO:flwr:configure_evaluate: strategy sampled 10 clients (out of 10)
[36m(ClientAppActor pid=390918)[0m 
[36m(ClientAppActor pid=390918)[0m         
[36m(ClientAppActor pid=390918)[0m [93mWARNING [0m:   DEPRECATED FEATURE: `client_fn` now expects a signature `def client_fn(context: Context)`.The provided `client_fn` has signature: {'cid': <Parameter "cid: str">}. You can import the `Context` like this: `from flwr.app import Context`[32m [repeated 2x across cluster][0m
[36m(ClientAppActor pid=390918)[0m             This is a deprecated feature. It will be removed[32m [repeated 2x across cluster][0m
[36m(ClientAppActor pid=390918)[0m             entirely in future versions of Flower.[32m [repeated 2x across cluster][0m
[36m(ClientAppActor pid=390917)[0m 
[36m(ClientAppActor pid=390917)[0m         
[36m(ClientAppActor pid=390918)[0m 
[36m(ClientAppActor pid=390918)[0m         
[36m(ClientAppActor pid=390917)[0m 
[36m(ClientAppActor pid=390917)[0m         
[36m(ClientAppActor pid=390918)[0m 
[36m(ClientAppActor pid=390918)[0m         
[36m(ClientAppActor pid=390917)[0m 
[36m(ClientAppActor pid=390917)[0m         
[36m(ClientAppActor pid=390917)[0m 
[36m(ClientAppActor pid=390917)[0m         
[36m(ClientAppActor pid=390918)[0m 
[36m(ClientAppActor pid=390918)[0m         
[36m(ClientAppActor pid=390918)[0m 
[36m(ClientAppActor pid=390918)[0m         
[36m(ClientAppActor pid=390917)[0m 
[36m(ClientAppActor pid=390917)[0m         
[92mINFO [0m:      aggregate_evaluate: received 10 results and 0 failures
INFO:flwr:aggregate_evaluate: received 10 results and 0 failures
[92mINFO [0m:      
INFO:flwr:
[92mINFO [0m:      [ROUND 39]
INFO:flwr:[ROUND 39]
[92mINFO [0m:      configure_fit: strategy sampled 10 clients (out of 10)
INFO:flwr:configure_fit: strategy sampled 10 clients (out of 10)
[36m(ClientAppActor pid=390918)[0m [Client 6] Training on NVIDIA GeForce RTX 3060
[36m(ClientAppActor pid=390917)[0m [Client 9] Training on NVIDIA GeForce RTX 3060
[36m(ClientAppActor pid=390918)[0m 
[36m(ClientAppActor pid=390918)[0m         
[36m(ClientAppActor pid=390917)[0m 
[36m(ClientAppActor pid=390917)[0m         
[36m(ClientAppActor pid=390918)[0m 
[36m(ClientAppActor pid=390918)[0m         
[36m(ClientAppActor pid=390918)[0m 
[36m(ClientAppActor pid=390918)[0m         
[36m(ClientAppActor pid=390918)[0m 
[36m(ClientAppActor pid=390918)[0m         
[36m(ClientAppActor pid=390918)[0m 
[36m(ClientAppActor pid=390918)[0m         
[36m(ClientAppActor pid=390918)[0m [93mWARNING [0m:   DEPRECATED FEATURE: `client_fn` now expects a signature `def client_fn(context: Context)`.The provided `client_fn` has signature: {'cid': <Parameter "cid: str">}. You can import the `Context` like this: `from flwr.app import Context`[32m [repeated 15x across cluster][0m
[36m(ClientAppActor pid=390918)[0m             This is a deprecated feature. It will be removed[32m [repeated 15x across cluster][0m
[36m(ClientAppActor pid=390918)[0m             entirely in future versions of Flower.[32m [repeated 15x across cluster][0m
[36m(ClientAppActor pid=390918)[0m [Client 5] Training on NVIDIA GeForce RTX 3060[32m [repeated 5x across cluster][0m
[36m(ClientAppActor pid=390918)[0m 
[36m(ClientAppActor pid=390918)[0m         
[36m(ClientAppActor pid=390918)[0m 
[36m(ClientAppActor pid=390918)[0m         
[36m(ClientAppActor pid=390917)[0m 
[36m(ClientAppActor pid=390917)[0m         
[36m(ClientAppActor pid=390917)[0m [93mWARNING [0m:   DEPRECATED FEATURE: `client_fn` now expects a signature `def client_fn(context: Context)`.The provided `client_fn` has signature: {'cid': <Parameter "cid: str">}. You can import the `Context` like this: `from flwr.app import Context`[32m [repeated 3x across cluster][0m
[36m(ClientAppActor pid=390917)[0m             This is a deprecated feature. It will be removed[32m [repeated 3x across cluster][0m
[36m(ClientAppActor pid=390917)[0m             entirely in future versions of Flower.[32m [repeated 3x across cluster][0m
[36m(ClientAppActor pid=390918)[0m 
[36m(ClientAppActor pid=390918)[0m         
[92mINFO [0m:      aggregate_fit: received 10 results and 0 failures
INFO:flwr:aggregate_fit: received 10 results and 0 failures
[CascadeRouter] Round 39: 10 clients, 24578 parameters/client
[92mINFO [0m:      configure_evaluate: strategy sampled 10 clients (out of 10)
INFO:flwr:configure_evaluate: strategy sampled 10 clients (out of 10)
[36m(ClientAppActor pid=390917)[0m 
[36m(ClientAppActor pid=390917)[0m         
[36m(ClientAppActor pid=390918)[0m 
[36m(ClientAppActor pid=390918)[0m         
[36m(ClientAppActor pid=390917)[0m 
[36m(ClientAppActor pid=390917)[0m         
[36m(ClientAppActor pid=390918)[0m 
[36m(ClientAppActor pid=390918)[0m         
[36m(ClientAppActor pid=390918)[0m 
[36m(ClientAppActor pid=390918)[0m         
[36m(ClientAppActor pid=390917)[0m 
[36m(ClientAppActor pid=390917)[0m         
[36m(ClientAppActor pid=390917)[0m 
[36m(ClientAppActor pid=390917)[0m         
[36m(ClientAppActor pid=390918)[0m 
[36m(ClientAppActor pid=390918)[0m         
[36m(ClientAppActor pid=390918)[0m 
[36m(ClientAppActor pid=390918)[0m         
[36m(ClientAppActor pid=390917)[0m 
[36m(ClientAppActor pid=390917)[0m         
[92mINFO [0m:      aggregate_evaluate: received 10 results and 0 failures
INFO:flwr:aggregate_evaluate: received 10 results and 0 failures
[92mINFO [0m:      
INFO:flwr:
[92mINFO [0m:      [ROUND 40]
INFO:flwr:[ROUND 40]
[92mINFO [0m:      configure_fit: strategy sampled 10 clients (out of 10)
INFO:flwr:configure_fit: strategy sampled 10 clients (out of 10)
[36m(ClientAppActor pid=390918)[0m [Client 6] Training on NVIDIA GeForce RTX 3060[32m [repeated 4x across cluster][0m
[36m(ClientAppActor pid=390918)[0m 
[36m(ClientAppActor pid=390918)[0m         
[36m(ClientAppActor pid=390917)[0m 
[36m(ClientAppActor pid=390917)[0m         
[36m(ClientAppActor pid=390918)[0m 
[36m(ClientAppActor pid=390918)[0m         
[36m(ClientAppActor pid=390918)[0m 
[36m(ClientAppActor pid=390918)[0m         
[36m(ClientAppActor pid=390918)[0m 
[36m(ClientAppActor pid=390918)[0m         
[36m(ClientAppActor pid=390918)[0m [93mWARNING [0m:   DEPRECATED FEATURE: `client_fn` now expects a signature `def client_fn(context: Context)`.The provided `client_fn` has signature: {'cid': <Parameter "cid: str">}. You can import the `Context` like this: `from flwr.app import Context`[32m [repeated 16x across cluster][0m
[36m(ClientAppActor pid=390918)[0m             This is a deprecated feature. It will be removed[32m [repeated 16x across cluster][0m
[36m(ClientAppActor pid=390918)[0m             entirely in future versions of Flower.[32m [repeated 16x across cluster][0m
[36m(ClientAppActor pid=390917)[0m 
[36m(ClientAppActor pid=390917)[0m         
[36m(ClientAppActor pid=390917)[0m [Client 1] Training on NVIDIA GeForce RTX 3060[32m [repeated 6x across cluster][0m
[36m(ClientAppActor pid=390917)[0m 
[36m(ClientAppActor pid=390917)[0m         
[36m(ClientAppActor pid=390917)[0m 
[36m(ClientAppActor pid=390917)[0m         
[36m(ClientAppActor pid=390917)[0m 
[36m(ClientAppActor pid=390917)[0m         
[36m(ClientAppActor pid=390917)[0m [93mWARNING [0m:   DEPRECATED FEATURE: `client_fn` now expects a signature `def client_fn(context: Context)`.The provided `client_fn` has signature: {'cid': <Parameter "cid: str">}. You can import the `Context` like this: `from flwr.app import Context`[32m [repeated 4x across cluster][0m
[36m(ClientAppActor pid=390917)[0m             This is a deprecated feature. It will be removed[32m [repeated 4x across cluster][0m
[36m(ClientAppActor pid=390917)[0m             entirely in future versions of Flower.[32m [repeated 4x across cluster][0m
[36m(ClientAppActor pid=390917)[0m [Client 2] Training on NVIDIA GeForce RTX 3060[32m [repeated 3x across cluster][0m
[36m(ClientAppActor pid=390917)[0m 
[36m(ClientAppActor pid=390917)[0m         
[92mINFO [0m:      aggregate_fit: received 10 results and 0 failures
INFO:flwr:aggregate_fit: received 10 results and 0 failures
[CascadeRouter] Round 40: 10 clients, 24578 parameters/client
[92mINFO [0m:      configure_evaluate: strategy sampled 10 clients (out of 10)
INFO:flwr:configure_evaluate: strategy sampled 10 clients (out of 10)
[36m(ClientAppActor pid=390918)[0m 
[36m(ClientAppActor pid=390918)[0m         
[36m(ClientAppActor pid=390917)[0m 
[36m(ClientAppActor pid=390917)[0m         
[36m(ClientAppActor pid=390918)[0m 
[36m(ClientAppActor pid=390918)[0m         
[36m(ClientAppActor pid=390917)[0m 
[36m(ClientAppActor pid=390917)[0m         
[36m(ClientAppActor pid=390918)[0m 
[36m(ClientAppActor pid=390918)[0m         
[36m(ClientAppActor pid=390917)[0m 
[36m(ClientAppActor pid=390917)[0m         
[36m(ClientAppActor pid=390918)[0m 
[36m(ClientAppActor pid=390918)[0m         
[36m(ClientAppActor pid=390917)[0m 
[36m(ClientAppActor pid=390917)[0m         
[36m(ClientAppActor pid=390918)[0m 
[36m(ClientAppActor pid=390918)[0m         
[36m(ClientAppActor pid=390917)[0m 
[36m(ClientAppActor pid=390917)[0m         
[92mINFO [0m:      aggregate_evaluate: received 10 results and 0 failures
INFO:flwr:aggregate_evaluate: received 10 results and 0 failures
[92mINFO [0m:      
INFO:flwr:
[92mINFO [0m:      [ROUND 41]
INFO:flwr:[ROUND 41]
[92mINFO [0m:      configure_fit: strategy sampled 10 clients (out of 10)
INFO:flwr:configure_fit: strategy sampled 10 clients (out of 10)
[36m(ClientAppActor pid=390917)[0m 
[36m(ClientAppActor pid=390917)[0m         
[36m(ClientAppActor pid=390918)[0m 
[36m(ClientAppActor pid=390918)[0m         
[36m(ClientAppActor pid=390918)[0m 
[36m(ClientAppActor pid=390918)[0m         
[36m(ClientAppActor pid=390917)[0m 
[36m(ClientAppActor pid=390917)[0m         
[36m(ClientAppActor pid=390917)[0m [93mWARNING [0m:   DEPRECATED FEATURE: `client_fn` now expects a signature `def client_fn(context: Context)`.The provided `client_fn` has signature: {'cid': <Parameter "cid: str">}. You can import the `Context` like this: `from flwr.app import Context`[32m [repeated 15x across cluster][0m
[36m(ClientAppActor pid=390917)[0m             This is a deprecated feature. It will be removed[32m [repeated 15x across cluster][0m
[36m(ClientAppActor pid=390917)[0m             entirely in future versions of Flower.[32m [repeated 15x across cluster][0m
[36m(ClientAppActor pid=390917)[0m 
[36m(ClientAppActor pid=390917)[0m         
[36m(ClientAppActor pid=390918)[0m [Client 8] Training on NVIDIA GeForce RTX 3060[32m [repeated 6x across cluster][0m
[36m(ClientAppActor pid=390918)[0m 
[36m(ClientAppActor pid=390918)[0m         
[36m(ClientAppActor pid=390918)[0m 
[36m(ClientAppActor pid=390918)[0m         
[36m(ClientAppActor pid=390918)[0m 
[36m(ClientAppActor pid=390918)[0m         
[36m(ClientAppActor pid=390918)[0m 
[36m(ClientAppActor pid=390918)[0m         
[36m(ClientAppActor pid=390918)[0m [93mWARNING [0m:   DEPRECATED FEATURE: `client_fn` now expects a signature `def client_fn(context: Context)`.The provided `client_fn` has signature: {'cid': <Parameter "cid: str">}. You can import the `Context` like this: `from flwr.app import Context`[32m [repeated 5x across cluster][0m
[36m(ClientAppActor pid=390918)[0m             This is a deprecated feature. It will be removed[32m [repeated 5x across cluster][0m
[36m(ClientAppActor pid=390918)[0m             entirely in future versions of Flower.[32m [repeated 5x across cluster][0m
[36m(ClientAppActor pid=390918)[0m [Client 1] Training on NVIDIA GeForce RTX 3060[32m [repeated 4x across cluster][0m
[36m(ClientAppActor pid=390918)[0m 
[36m(ClientAppActor pid=390918)[0m         
[92mINFO [0m:      aggregate_fit: received 10 results and 0 failures
INFO:flwr:aggregate_fit: received 10 results and 0 failures
[CascadeRouter] Round 41: 10 clients, 24578 parameters/client
[92mINFO [0m:      configure_evaluate: strategy sampled 10 clients (out of 10)
INFO:flwr:configure_evaluate: strategy sampled 10 clients (out of 10)
[36m(ClientAppActor pid=390917)[0m 
[36m(ClientAppActor pid=390917)[0m         
[36m(ClientAppActor pid=390918)[0m 
[36m(ClientAppActor pid=390918)[0m         
[36m(ClientAppActor pid=390918)[0m 
[36m(ClientAppActor pid=390918)[0m         
[36m(ClientAppActor pid=390917)[0m 
[36m(ClientAppActor pid=390917)[0m         
[36m(ClientAppActor pid=390917)[0m 
[36m(ClientAppActor pid=390917)[0m         
[36m(ClientAppActor pid=390917)[0m [93mWARNING [0m:   DEPRECATED FEATURE: `client_fn` now expects a signature `def client_fn(context: Context)`.The provided `client_fn` has signature: {'cid': <Parameter "cid: str">}. You can import the `Context` like this: `from flwr.app import Context`[32m [repeated 6x across cluster][0m
[36m(ClientAppActor pid=390917)[0m             This is a deprecated feature. It will be removed[32m [repeated 6x across cluster][0m
[36m(ClientAppActor pid=390917)[0m             entirely in future versions of Flower.[32m [repeated 6x across cluster][0m
[36m(ClientAppActor pid=390918)[0m 
[36m(ClientAppActor pid=390918)[0m         
[36m(ClientAppActor pid=390917)[0m 
[36m(ClientAppActor pid=390917)[0m         
[36m(ClientAppActor pid=390918)[0m 
[36m(ClientAppActor pid=390918)[0m         
[36m(ClientAppActor pid=390917)[0m 
[36m(ClientAppActor pid=390917)[0m         
[36m(ClientAppActor pid=390918)[0m 
[36m(ClientAppActor pid=390918)[0m         
[92mINFO [0m:      aggregate_evaluate: received 10 results and 0 failures
INFO:flwr:aggregate_evaluate: received 10 results and 0 failures
[92mINFO [0m:      
INFO:flwr:
[92mINFO [0m:      [ROUND 42]
INFO:flwr:[ROUND 42]
[92mINFO [0m:      configure_fit: strategy sampled 10 clients (out of 10)
INFO:flwr:configure_fit: strategy sampled 10 clients (out of 10)
[36m(ClientAppActor pid=390918)[0m 
[36m(ClientAppActor pid=390918)[0m         
[36m(ClientAppActor pid=390917)[0m 
[36m(ClientAppActor pid=390917)[0m         
[36m(ClientAppActor pid=390917)[0m 
[36m(ClientAppActor pid=390917)[0m         
[36m(ClientAppActor pid=390918)[0m 
[36m(ClientAppActor pid=390918)[0m         
[36m(ClientAppActor pid=390917)[0m 
[36m(ClientAppActor pid=390917)[0m         
[36m(ClientAppActor pid=390918)[0m [Client 5] Training on NVIDIA GeForce RTX 3060[32m [repeated 6x across cluster][0m
[36m(ClientAppActor pid=390918)[0m 
[36m(ClientAppActor pid=390918)[0m         
[36m(ClientAppActor pid=390917)[0m 
[36m(ClientAppActor pid=390917)[0m         
[36m(ClientAppActor pid=390918)[0m 
[36m(ClientAppActor pid=390918)[0m         
[36m(ClientAppActor pid=390918)[0m [93mWARNING [0m:   DEPRECATED FEATURE: `client_fn` now expects a signature `def client_fn(context: Context)`.The provided `client_fn` has signature: {'cid': <Parameter "cid: str">}. You can import the `Context` like this: `from flwr.app import Context`[32m [repeated 13x across cluster][0m
[36m(ClientAppActor pid=390918)[0m             This is a deprecated feature. It will be removed[32m [repeated 13x across cluster][0m
[36m(ClientAppActor pid=390918)[0m             entirely in future versions of Flower.[32m [repeated 13x across cluster][0m
[36m(ClientAppActor pid=390917)[0m 
[36m(ClientAppActor pid=390917)[0m         
[36m(ClientAppActor pid=390917)[0m 
[36m(ClientAppActor pid=390917)[0m         
[92mINFO [0m:      aggregate_fit: received 10 results and 0 failures
INFO:flwr:aggregate_fit: received 10 results and 0 failures
[CascadeRouter] Round 42: 10 clients, 24578 parameters/client
[92mINFO [0m:      configure_evaluate: strategy sampled 10 clients (out of 10)
INFO:flwr:configure_evaluate: strategy sampled 10 clients (out of 10)
[36m(ClientAppActor pid=390918)[0m 
[36m(ClientAppActor pid=390918)[0m         
[36m(ClientAppActor pid=390918)[0m [93mWARNING [0m:   DEPRECATED FEATURE: `client_fn` now expects a signature `def client_fn(context: Context)`.The provided `client_fn` has signature: {'cid': <Parameter "cid: str">}. You can import the `Context` like this: `from flwr.app import Context`[32m [repeated 3x across cluster][0m
[36m(ClientAppActor pid=390918)[0m             This is a deprecated feature. It will be removed[32m [repeated 3x across cluster][0m
[36m(ClientAppActor pid=390918)[0m             entirely in future versions of Flower.[32m [repeated 3x across cluster][0m
[36m(ClientAppActor pid=390917)[0m 
[36m(ClientAppActor pid=390917)[0m         
[36m(ClientAppActor pid=390918)[0m 
[36m(ClientAppActor pid=390918)[0m         
[36m(ClientAppActor pid=390917)[0m 
[36m(ClientAppActor pid=390917)[0m         
[36m(ClientAppActor pid=390918)[0m 
[36m(ClientAppActor pid=390918)[0m         
[36m(ClientAppActor pid=390917)[0m 
[36m(ClientAppActor pid=390917)[0m         
[36m(ClientAppActor pid=390918)[0m 
[36m(ClientAppActor pid=390918)[0m         
[36m(ClientAppActor pid=390917)[0m 
[36m(ClientAppActor pid=390917)[0m         
[36m(ClientAppActor pid=390918)[0m 
[36m(ClientAppActor pid=390918)[0m         
[36m(ClientAppActor pid=390917)[0m 
[36m(ClientAppActor pid=390917)[0m         
[92mINFO [0m:      aggregate_evaluate: received 10 results and 0 failures
INFO:flwr:aggregate_evaluate: received 10 results and 0 failures
[92mINFO [0m:      
INFO:flwr:
[92mINFO [0m:      [ROUND 43]
INFO:flwr:[ROUND 43]
[92mINFO [0m:      configure_fit: strategy sampled 10 clients (out of 10)
INFO:flwr:configure_fit: strategy sampled 10 clients (out of 10)
[36m(ClientAppActor pid=390918)[0m [Client 6] Training on NVIDIA GeForce RTX 3060[32m [repeated 5x across cluster][0m
[36m(ClientAppActor pid=390918)[0m 
[36m(ClientAppActor pid=390918)[0m         
[36m(ClientAppActor pid=390917)[0m 
[36m(ClientAppActor pid=390917)[0m         
[36m(ClientAppActor pid=390917)[0m 
[36m(ClientAppActor pid=390917)[0m         
[36m(ClientAppActor pid=390918)[0m 
[36m(ClientAppActor pid=390918)[0m         
[36m(ClientAppActor pid=390918)[0m 
[36m(ClientAppActor pid=390918)[0m         
[36m(ClientAppActor pid=390917)[0m 
[36m(ClientAppActor pid=390917)[0m         
[36m(ClientAppActor pid=390917)[0m [93mWARNING [0m:   DEPRECATED FEATURE: `client_fn` now expects a signature `def client_fn(context: Context)`.The provided `client_fn` has signature: {'cid': <Parameter "cid: str">}. You can import the `Context` like this: `from flwr.app import Context`[32m [repeated 15x across cluster][0m
[36m(ClientAppActor pid=390917)[0m             This is a deprecated feature. It will be removed[32m [repeated 15x across cluster][0m
[36m(ClientAppActor pid=390917)[0m             entirely in future versions of Flower.[32m [repeated 15x across cluster][0m
[36m(ClientAppActor pid=390918)[0m 
[36m(ClientAppActor pid=390918)[0m         
[36m(ClientAppActor pid=390918)[0m [Client 1] Training on NVIDIA GeForce RTX 3060[32m [repeated 7x across cluster][0m
[36m(ClientAppActor pid=390918)[0m 
[36m(ClientAppActor pid=390918)[0m         
[36m(ClientAppActor pid=390918)[0m 
[36m(ClientAppActor pid=390918)[0m         
[36m(ClientAppActor pid=390918)[0m 
[36m(ClientAppActor pid=390918)[0m         
[92mINFO [0m:      aggregate_fit: received 10 results and 0 failures
INFO:flwr:aggregate_fit: received 10 results and 0 failures
[CascadeRouter] Round 43: 10 clients, 24578 parameters/client
[92mINFO [0m:      configure_evaluate: strategy sampled 10 clients (out of 10)
INFO:flwr:configure_evaluate: strategy sampled 10 clients (out of 10)
[36m(ClientAppActor pid=390917)[0m 
[36m(ClientAppActor pid=390917)[0m         
[36m(ClientAppActor pid=390917)[0m [93mWARNING [0m:   DEPRECATED FEATURE: `client_fn` now expects a signature `def client_fn(context: Context)`.The provided `client_fn` has signature: {'cid': <Parameter "cid: str">}. You can import the `Context` like this: `from flwr.app import Context`[32m [repeated 5x across cluster][0m
[36m(ClientAppActor pid=390917)[0m             This is a deprecated feature. It will be removed[32m [repeated 5x across cluster][0m
[36m(ClientAppActor pid=390917)[0m             entirely in future versions of Flower.[32m [repeated 5x across cluster][0m
[36m(ClientAppActor pid=390918)[0m 
[36m(ClientAppActor pid=390918)[0m         
[36m(ClientAppActor pid=390917)[0m 
[36m(ClientAppActor pid=390917)[0m         
[36m(ClientAppActor pid=390918)[0m 
[36m(ClientAppActor pid=390918)[0m         
[36m(ClientAppActor pid=390918)[0m 
[36m(ClientAppActor pid=390918)[0m         
[36m(ClientAppActor pid=390917)[0m 
[36m(ClientAppActor pid=390917)[0m         
[36m(ClientAppActor pid=390917)[0m 
[36m(ClientAppActor pid=390917)[0m         
[36m(ClientAppActor pid=390918)[0m 
[36m(ClientAppActor pid=390918)[0m         
[36m(ClientAppActor pid=390917)[0m 
[36m(ClientAppActor pid=390917)[0m         
[36m(ClientAppActor pid=390918)[0m 
[36m(ClientAppActor pid=390918)[0m         
[92mINFO [0m:      aggregate_evaluate: received 10 results and 0 failures
INFO:flwr:aggregate_evaluate: received 10 results and 0 failures
[92mINFO [0m:      
INFO:flwr:
[92mINFO [0m:      [ROUND 44]
INFO:flwr:[ROUND 44]
[92mINFO [0m:      configure_fit: strategy sampled 10 clients (out of 10)
INFO:flwr:configure_fit: strategy sampled 10 clients (out of 10)
[36m(ClientAppActor pid=390918)[0m [Client 9] Training on NVIDIA GeForce RTX 3060[32m [repeated 3x across cluster][0m
[36m(ClientAppActor pid=390918)[0m 
[36m(ClientAppActor pid=390918)[0m         
[36m(ClientAppActor pid=390917)[0m 
[36m(ClientAppActor pid=390917)[0m         
[36m(ClientAppActor pid=390917)[0m 
[36m(ClientAppActor pid=390917)[0m         
[36m(ClientAppActor pid=390917)[0m 
[36m(ClientAppActor pid=390917)[0m         
[36m(ClientAppActor pid=390917)[0m [93mWARNING [0m:   DEPRECATED FEATURE: `client_fn` now expects a signature `def client_fn(context: Context)`.The provided `client_fn` has signature: {'cid': <Parameter "cid: str">}. You can import the `Context` like this: `from flwr.app import Context`[32m [repeated 13x across cluster][0m
[36m(ClientAppActor pid=390917)[0m             This is a deprecated feature. It will be removed[32m [repeated 13x across cluster][0m
[36m(ClientAppActor pid=390917)[0m             entirely in future versions of Flower.[32m [repeated 13x across cluster][0m
[36m(ClientAppActor pid=390917)[0m [Client 3] Training on NVIDIA GeForce RTX 3060[32m [repeated 3x across cluster][0m
[36m(ClientAppActor pid=390917)[0m 
[36m(ClientAppActor pid=390917)[0m         
[36m(ClientAppActor pid=390917)[0m 
[36m(ClientAppActor pid=390917)[0m         
[36m(ClientAppActor pid=390918)[0m 
[36m(ClientAppActor pid=390918)[0m         
[36m(ClientAppActor pid=390917)[0m 
[36m(ClientAppActor pid=390917)[0m         
[36m(ClientAppActor pid=390917)[0m 
[36m(ClientAppActor pid=390917)[0m         
[36m(ClientAppActor pid=390918)[0m 
[36m(ClientAppActor pid=390918)[0m         
[92mINFO [0m:      aggregate_fit: received 10 results and 0 failures
INFO:flwr:aggregate_fit: received 10 results and 0 failures
[CascadeRouter] Round 44: 10 clients, 24578 parameters/client
[92mINFO [0m:      configure_evaluate: strategy sampled 10 clients (out of 10)
INFO:flwr:configure_evaluate: strategy sampled 10 clients (out of 10)
[36m(ClientAppActor pid=390918)[0m 
[36m(ClientAppActor pid=390918)[0m         
[36m(ClientAppActor pid=390918)[0m [93mWARNING [0m:   DEPRECATED FEATURE: `client_fn` now expects a signature `def client_fn(context: Context)`.The provided `client_fn` has signature: {'cid': <Parameter "cid: str">}. You can import the `Context` like this: `from flwr.app import Context`[32m [repeated 7x across cluster][0m
[36m(ClientAppActor pid=390918)[0m             This is a deprecated feature. It will be removed[32m [repeated 7x across cluster][0m
[36m(ClientAppActor pid=390918)[0m             entirely in future versions of Flower.[32m [repeated 7x across cluster][0m
[36m(ClientAppActor pid=390917)[0m 
[36m(ClientAppActor pid=390917)[0m         
[36m(ClientAppActor pid=390918)[0m 
[36m(ClientAppActor pid=390918)[0m         
[36m(ClientAppActor pid=390917)[0m 
[36m(ClientAppActor pid=390917)[0m         
[36m(ClientAppActor pid=390918)[0m 
[36m(ClientAppActor pid=390918)[0m         
[36m(ClientAppActor pid=390917)[0m 
[36m(ClientAppActor pid=390917)[0m         
[36m(ClientAppActor pid=390918)[0m 
[36m(ClientAppActor pid=390918)[0m         
[36m(ClientAppActor pid=390918)[0m 
[36m(ClientAppActor pid=390918)[0m         
[36m(ClientAppActor pid=390917)[0m 
[36m(ClientAppActor pid=390917)[0m         
[36m(ClientAppActor pid=390917)[0m 
[36m(ClientAppActor pid=390917)[0m         
[92mINFO [0m:      aggregate_evaluate: received 10 results and 0 failures
INFO:flwr:aggregate_evaluate: received 10 results and 0 failures
[92mINFO [0m:      
INFO:flwr:
[92mINFO [0m:      [ROUND 45]
INFO:flwr:[ROUND 45]
[92mINFO [0m:      configure_fit: strategy sampled 10 clients (out of 10)
INFO:flwr:configure_fit: strategy sampled 10 clients (out of 10)
[36m(ClientAppActor pid=390917)[0m [Client 9] Training on NVIDIA GeForce RTX 3060[32m [repeated 7x across cluster][0m
[36m(ClientAppActor pid=390917)[0m 
[36m(ClientAppActor pid=390917)[0m         
[36m(ClientAppActor pid=390918)[0m 
[36m(ClientAppActor pid=390918)[0m         
[36m(ClientAppActor pid=390918)[0m 
[36m(ClientAppActor pid=390918)[0m         
[36m(ClientAppActor pid=390918)[0m [Client 2] Training on NVIDIA GeForce RTX 3060[32m [repeated 3x across cluster][0m
[36m(ClientAppActor pid=390918)[0m 
[36m(ClientAppActor pid=390918)[0m         
[36m(ClientAppActor pid=390918)[0m [93mWARNING [0m:   DEPRECATED FEATURE: `client_fn` now expects a signature `def client_fn(context: Context)`.The provided `client_fn` has signature: {'cid': <Parameter "cid: str">}. You can import the `Context` like this: `from flwr.app import Context`[32m [repeated 13x across cluster][0m
[36m(ClientAppActor pid=390918)[0m             This is a deprecated feature. It will be removed[32m [repeated 13x across cluster][0m
[36m(ClientAppActor pid=390918)[0m             entirely in future versions of Flower.[32m [repeated 13x across cluster][0m
[36m(ClientAppActor pid=390918)[0m 
[36m(ClientAppActor pid=390918)[0m         
[36m(ClientAppActor pid=390918)[0m 
[36m(ClientAppActor pid=390918)[0m         
[36m(ClientAppActor pid=390918)[0m 
[36m(ClientAppActor pid=390918)[0m         
[36m(ClientAppActor pid=390918)[0m 
[36m(ClientAppActor pid=390918)[0m         
[36m(ClientAppActor pid=390917)[0m 
[36m(ClientAppActor pid=390917)[0m         
[36m(ClientAppActor pid=390918)[0m 
[36m(ClientAppActor pid=390918)[0m         
[92mINFO [0m:      aggregate_fit: received 10 results and 0 failures
INFO:flwr:aggregate_fit: received 10 results and 0 failures
[CascadeRouter] Round 45: 10 clients, 24578 parameters/client
[92mINFO [0m:      configure_evaluate: strategy sampled 10 clients (out of 10)
INFO:flwr:configure_evaluate: strategy sampled 10 clients (out of 10)
[36m(ClientAppActor pid=390918)[0m 
[36m(ClientAppActor pid=390918)[0m         
[36m(ClientAppActor pid=390918)[0m [93mWARNING [0m:   DEPRECATED FEATURE: `client_fn` now expects a signature `def client_fn(context: Context)`.The provided `client_fn` has signature: {'cid': <Parameter "cid: str">}. You can import the `Context` like this: `from flwr.app import Context`[32m [repeated 7x across cluster][0m
[36m(ClientAppActor pid=390918)[0m             This is a deprecated feature. It will be removed[32m [repeated 7x across cluster][0m
[36m(ClientAppActor pid=390918)[0m             entirely in future versions of Flower.[32m [repeated 7x across cluster][0m
[36m(ClientAppActor pid=390917)[0m 
[36m(ClientAppActor pid=390917)[0m         
[36m(ClientAppActor pid=390918)[0m 
[36m(ClientAppActor pid=390918)[0m         
[36m(ClientAppActor pid=390917)[0m 
[36m(ClientAppActor pid=390917)[0m         
[36m(ClientAppActor pid=390918)[0m 
[36m(ClientAppActor pid=390918)[0m         
[36m(ClientAppActor pid=390917)[0m 
[36m(ClientAppActor pid=390917)[0m         
[36m(ClientAppActor pid=390918)[0m 
[36m(ClientAppActor pid=390918)[0m         
[36m(ClientAppActor pid=390917)[0m 
[36m(ClientAppActor pid=390917)[0m         
[36m(ClientAppActor pid=390918)[0m 
[36m(ClientAppActor pid=390918)[0m         
[36m(ClientAppActor pid=390917)[0m 
[36m(ClientAppActor pid=390917)[0m         
[92mINFO [0m:      aggregate_evaluate: received 10 results and 0 failures
INFO:flwr:aggregate_evaluate: received 10 results and 0 failures
[92mINFO [0m:      
INFO:flwr:
[92mINFO [0m:      [ROUND 46]
INFO:flwr:[ROUND 46]
[92mINFO [0m:      configure_fit: strategy sampled 10 clients (out of 10)
INFO:flwr:configure_fit: strategy sampled 10 clients (out of 10)
[36m(ClientAppActor pid=390918)[0m [Client 2] Training on NVIDIA GeForce RTX 3060[32m [repeated 7x across cluster][0m
[36m(ClientAppActor pid=390918)[0m 
[36m(ClientAppActor pid=390918)[0m         
[36m(ClientAppActor pid=390917)[0m 
[36m(ClientAppActor pid=390917)[0m         
[36m(ClientAppActor pid=390918)[0m 
[36m(ClientAppActor pid=390918)[0m         
[36m(ClientAppActor pid=390917)[0m 
[36m(ClientAppActor pid=390917)[0m         
[36m(ClientAppActor pid=390917)[0m 
[36m(ClientAppActor pid=390917)[0m         
[36m(ClientAppActor pid=390917)[0m 
[36m(ClientAppActor pid=390917)[0m         
[36m(ClientAppActor pid=390917)[0m [93mWARNING [0m:   DEPRECATED FEATURE: `client_fn` now expects a signature `def client_fn(context: Context)`.The provided `client_fn` has signature: {'cid': <Parameter "cid: str">}. You can import the `Context` like this: `from flwr.app import Context`[32m [repeated 15x across cluster][0m
[36m(ClientAppActor pid=390917)[0m             This is a deprecated feature. It will be removed[32m [repeated 15x across cluster][0m
[36m(ClientAppActor pid=390917)[0m             entirely in future versions of Flower.[32m [repeated 15x across cluster][0m
[36m(ClientAppActor pid=390917)[0m [Client 1] Training on NVIDIA GeForce RTX 3060[32m [repeated 6x across cluster][0m
[36m(ClientAppActor pid=390917)[0m 
[36m(ClientAppActor pid=390917)[0m         
[36m(ClientAppActor pid=390917)[0m 
[36m(ClientAppActor pid=390917)[0m         
[36m(ClientAppActor pid=390917)[0m 
[36m(ClientAppActor pid=390917)[0m         
[36m(ClientAppActor pid=390918)[0m 
[36m(ClientAppActor pid=390918)[0m         
[36m(ClientAppActor pid=390918)[0m [93mWARNING [0m:   DEPRECATED FEATURE: `client_fn` now expects a signature `def client_fn(context: Context)`.The provided `client_fn` has signature: {'cid': <Parameter "cid: str">}. You can import the `Context` like this: `from flwr.app import Context`[32m [repeated 4x across cluster][0m
[36m(ClientAppActor pid=390918)[0m             This is a deprecated feature. It will be removed[32m [repeated 4x across cluster][0m
[36m(ClientAppActor pid=390918)[0m             entirely in future versions of Flower.[32m [repeated 4x across cluster][0m
[92mINFO [0m:      aggregate_fit: received 10 results and 0 failures
INFO:flwr:aggregate_fit: received 10 results and 0 failures
[CascadeRouter] Round 46: 10 clients, 24578 parameters/client
[92mINFO [0m:      configure_evaluate: strategy sampled 10 clients (out of 10)
INFO:flwr:configure_evaluate: strategy sampled 10 clients (out of 10)
[36m(ClientAppActor pid=390918)[0m 
[36m(ClientAppActor pid=390918)[0m         
[36m(ClientAppActor pid=390917)[0m 
[36m(ClientAppActor pid=390917)[0m         
[36m(ClientAppActor pid=390918)[0m 
[36m(ClientAppActor pid=390918)[0m         
[36m(ClientAppActor pid=390917)[0m 
[36m(ClientAppActor pid=390917)[0m         
[36m(ClientAppActor pid=390918)[0m 
[36m(ClientAppActor pid=390918)[0m         
[36m(ClientAppActor pid=390917)[0m 
[36m(ClientAppActor pid=390917)[0m         
[36m(ClientAppActor pid=390918)[0m 
[36m(ClientAppActor pid=390918)[0m         
[36m(ClientAppActor pid=390917)[0m 
[36m(ClientAppActor pid=390917)[0m         
[36m(ClientAppActor pid=390918)[0m 
[36m(ClientAppActor pid=390918)[0m         
[36m(ClientAppActor pid=390917)[0m 
[36m(ClientAppActor pid=390917)[0m         
[92mINFO [0m:      aggregate_evaluate: received 10 results and 0 failures
INFO:flwr:aggregate_evaluate: received 10 results and 0 failures
[92mINFO [0m:      
INFO:flwr:
[92mINFO [0m:      [ROUND 47]
INFO:flwr:[ROUND 47]
[92mINFO [0m:      configure_fit: strategy sampled 10 clients (out of 10)
INFO:flwr:configure_fit: strategy sampled 10 clients (out of 10)
[36m(ClientAppActor pid=390918)[0m [Client 1] Training on NVIDIA GeForce RTX 3060[32m [repeated 4x across cluster][0m
[36m(ClientAppActor pid=390918)[0m 
[36m(ClientAppActor pid=390918)[0m         
[36m(ClientAppActor pid=390917)[0m 
[36m(ClientAppActor pid=390917)[0m         
[36m(ClientAppActor pid=390918)[0m 
[36m(ClientAppActor pid=390918)[0m         
[36m(ClientAppActor pid=390918)[0m 
[36m(ClientAppActor pid=390918)[0m         
[36m(ClientAppActor pid=390918)[0m 
[36m(ClientAppActor pid=390918)[0m         
[36m(ClientAppActor pid=390918)[0m [93mWARNING [0m:   DEPRECATED FEATURE: `client_fn` now expects a signature `def client_fn(context: Context)`.The provided `client_fn` has signature: {'cid': <Parameter "cid: str">}. You can import the `Context` like this: `from flwr.app import Context`[32m [repeated 15x across cluster][0m
[36m(ClientAppActor pid=390918)[0m             This is a deprecated feature. It will be removed[32m [repeated 15x across cluster][0m
[36m(ClientAppActor pid=390918)[0m             entirely in future versions of Flower.[32m [repeated 15x across cluster][0m
[36m(ClientAppActor pid=390918)[0m 
[36m(ClientAppActor pid=390918)[0m         
[36m(ClientAppActor pid=390918)[0m 
[36m(ClientAppActor pid=390918)[0m         
[36m(ClientAppActor pid=390918)[0m [Client 4] Training on NVIDIA GeForce RTX 3060[32m [repeated 7x across cluster][0m
[36m(ClientAppActor pid=390918)[0m 
[36m(ClientAppActor pid=390918)[0m         
[36m(ClientAppActor pid=390918)[0m 
[36m(ClientAppActor pid=390918)[0m         
[36m(ClientAppActor pid=390918)[0m [93mWARNING [0m:   DEPRECATED FEATURE: `client_fn` now expects a signature `def client_fn(context: Context)`.The provided `client_fn` has signature: {'cid': <Parameter "cid: str">}. You can import the `Context` like this: `from flwr.app import Context`[32m [repeated 4x across cluster][0m
[36m(ClientAppActor pid=390918)[0m             This is a deprecated feature. It will be removed[32m [repeated 4x across cluster][0m
[36m(ClientAppActor pid=390918)[0m             entirely in future versions of Flower.[32m [repeated 4x across cluster][0m
[36m(ClientAppActor pid=390917)[0m 
[36m(ClientAppActor pid=390917)[0m         
[92mINFO [0m:      aggregate_fit: received 10 results and 0 failures
INFO:flwr:aggregate_fit: received 10 results and 0 failures
[CascadeRouter] Round 47: 10 clients, 24578 parameters/client
[92mINFO [0m:      configure_evaluate: strategy sampled 10 clients (out of 10)
INFO:flwr:configure_evaluate: strategy sampled 10 clients (out of 10)
[36m(ClientAppActor pid=390918)[0m 
[36m(ClientAppActor pid=390918)[0m         
[36m(ClientAppActor pid=390917)[0m 
[36m(ClientAppActor pid=390917)[0m         
[36m(ClientAppActor pid=390918)[0m 
[36m(ClientAppActor pid=390918)[0m         
[36m(ClientAppActor pid=390917)[0m 
[36m(ClientAppActor pid=390917)[0m         
[36m(ClientAppActor pid=390918)[0m 
[36m(ClientAppActor pid=390918)[0m         
[36m(ClientAppActor pid=390917)[0m 
[36m(ClientAppActor pid=390917)[0m         
[36m(ClientAppActor pid=390918)[0m 
[36m(ClientAppActor pid=390918)[0m         
[36m(ClientAppActor pid=390917)[0m 
[36m(ClientAppActor pid=390917)[0m         
[36m(ClientAppActor pid=390918)[0m 
[36m(ClientAppActor pid=390918)[0m         
[36m(ClientAppActor pid=390917)[0m 
[36m(ClientAppActor pid=390917)[0m         
[92mINFO [0m:      aggregate_evaluate: received 10 results and 0 failures
INFO:flwr:aggregate_evaluate: received 10 results and 0 failures
[92mINFO [0m:      
INFO:flwr:
[92mINFO [0m:      [ROUND 48]
INFO:flwr:[ROUND 48]
[92mINFO [0m:      configure_fit: strategy sampled 10 clients (out of 10)
INFO:flwr:configure_fit: strategy sampled 10 clients (out of 10)
[36m(ClientAppActor pid=390917)[0m [Client 7] Training on NVIDIA GeForce RTX 3060[32m [repeated 3x across cluster][0m
[36m(ClientAppActor pid=390917)[0m 
[36m(ClientAppActor pid=390917)[0m         
[36m(ClientAppActor pid=390918)[0m 
[36m(ClientAppActor pid=390918)[0m         
[36m(ClientAppActor pid=390917)[0m 
[36m(ClientAppActor pid=390917)[0m         
[36m(ClientAppActor pid=390917)[0m [93mWARNING [0m:   DEPRECATED FEATURE: `client_fn` now expects a signature `def client_fn(context: Context)`.The provided `client_fn` has signature: {'cid': <Parameter "cid: str">}. You can import the `Context` like this: `from flwr.app import Context`[32m [repeated 14x across cluster][0m
[36m(ClientAppActor pid=390917)[0m             This is a deprecated feature. It will be removed[32m [repeated 14x across cluster][0m
[36m(ClientAppActor pid=390917)[0m             entirely in future versions of Flower.[32m [repeated 14x across cluster][0m
[36m(ClientAppActor pid=390917)[0m 
[36m(ClientAppActor pid=390917)[0m         
[36m(ClientAppActor pid=390917)[0m 
[36m(ClientAppActor pid=390917)[0m         
[36m(ClientAppActor pid=390917)[0m [Client 2] Training on NVIDIA GeForce RTX 3060[32m [repeated 5x across cluster][0m
[36m(ClientAppActor pid=390917)[0m 
[36m(ClientAppActor pid=390917)[0m         
[36m(ClientAppActor pid=390917)[0m 
[36m(ClientAppActor pid=390917)[0m         
[36m(ClientAppActor pid=390917)[0m 
[36m(ClientAppActor pid=390917)[0m         
[36m(ClientAppActor pid=390917)[0m [93mWARNING [0m:   DEPRECATED FEATURE: `client_fn` now expects a signature `def client_fn(context: Context)`.The provided `client_fn` has signature: {'cid': <Parameter "cid: str">}. You can import the `Context` like this: `from flwr.app import Context`[32m [repeated 5x across cluster][0m
[36m(ClientAppActor pid=390917)[0m             This is a deprecated feature. It will be removed[32m [repeated 5x across cluster][0m
[36m(ClientAppActor pid=390917)[0m             entirely in future versions of Flower.[32m [repeated 5x across cluster][0m
[36m(ClientAppActor pid=390917)[0m 
[36m(ClientAppActor pid=390917)[0m         
[36m(ClientAppActor pid=390918)[0m 
[36m(ClientAppActor pid=390918)[0m         
[92mINFO [0m:      aggregate_fit: received 10 results and 0 failures
INFO:flwr:aggregate_fit: received 10 results and 0 failures
[CascadeRouter] Round 48: 10 clients, 24578 parameters/client
[92mINFO [0m:      configure_evaluate: strategy sampled 10 clients (out of 10)
INFO:flwr:configure_evaluate: strategy sampled 10 clients (out of 10)
[36m(ClientAppActor pid=390918)[0m 
[36m(ClientAppActor pid=390918)[0m         
[36m(ClientAppActor pid=390917)[0m 
[36m(ClientAppActor pid=390917)[0m         
[36m(ClientAppActor pid=390918)[0m 
[36m(ClientAppActor pid=390918)[0m         
[36m(ClientAppActor pid=390917)[0m 
[36m(ClientAppActor pid=390917)[0m         
[36m(ClientAppActor pid=390917)[0m 
[36m(ClientAppActor pid=390917)[0m         
[36m(ClientAppActor pid=390918)[0m 
[36m(ClientAppActor pid=390918)[0m         
[36m(ClientAppActor pid=390917)[0m 
[36m(ClientAppActor pid=390917)[0m         
[36m(ClientAppActor pid=390918)[0m 
[36m(ClientAppActor pid=390918)[0m         
[36m(ClientAppActor pid=390917)[0m 
[36m(ClientAppActor pid=390917)[0m         
[36m(ClientAppActor pid=390918)[0m 
[36m(ClientAppActor pid=390918)[0m         
[92mINFO [0m:      aggregate_evaluate: received 10 results and 0 failures
INFO:flwr:aggregate_evaluate: received 10 results and 0 failures
[92mINFO [0m:      
INFO:flwr:
[92mINFO [0m:      [ROUND 49]
INFO:flwr:[ROUND 49]
[92mINFO [0m:      configure_fit: strategy sampled 10 clients (out of 10)
INFO:flwr:configure_fit: strategy sampled 10 clients (out of 10)
[36m(ClientAppActor pid=390918)[0m [Client 3] Training on NVIDIA GeForce RTX 3060[32m [repeated 5x across cluster][0m
[36m(ClientAppActor pid=390918)[0m 
[36m(ClientAppActor pid=390918)[0m         
[36m(ClientAppActor pid=390917)[0m 
[36m(ClientAppActor pid=390917)[0m         
[36m(ClientAppActor pid=390918)[0m 
[36m(ClientAppActor pid=390918)[0m         
[36m(ClientAppActor pid=390918)[0m 
[36m(ClientAppActor pid=390918)[0m         
[36m(ClientAppActor pid=390918)[0m 
[36m(ClientAppActor pid=390918)[0m         
[36m(ClientAppActor pid=390918)[0m [93mWARNING [0m:   DEPRECATED FEATURE: `client_fn` now expects a signature `def client_fn(context: Context)`.The provided `client_fn` has signature: {'cid': <Parameter "cid: str">}. You can import the `Context` like this: `from flwr.app import Context`[32m [repeated 17x across cluster][0m
[36m(ClientAppActor pid=390918)[0m             This is a deprecated feature. It will be removed[32m [repeated 17x across cluster][0m
[36m(ClientAppActor pid=390918)[0m             entirely in future versions of Flower.[32m [repeated 17x across cluster][0m
[36m(ClientAppActor pid=390918)[0m 
[36m(ClientAppActor pid=390918)[0m         
[36m(ClientAppActor pid=390917)[0m 
[36m(ClientAppActor pid=390917)[0m         
[36m(ClientAppActor pid=390918)[0m 
[36m(ClientAppActor pid=390918)[0m         
[36m(ClientAppActor pid=390917)[0m 
[36m(ClientAppActor pid=390917)[0m         
[36m(ClientAppActor pid=390917)[0m [Client 7] Training on NVIDIA GeForce RTX 3060[32m [repeated 9x across cluster][0m
[36m(ClientAppActor pid=390917)[0m 
[36m(ClientAppActor pid=390917)[0m         
[36m(ClientAppActor pid=390917)[0m [93mWARNING [0m:   DEPRECATED FEATURE: `client_fn` now expects a signature `def client_fn(context: Context)`.The provided `client_fn` has signature: {'cid': <Parameter "cid: str">}. You can import the `Context` like this: `from flwr.app import Context`[32m [repeated 5x across cluster][0m
[36m(ClientAppActor pid=390917)[0m             This is a deprecated feature. It will be removed[32m [repeated 5x across cluster][0m
[36m(ClientAppActor pid=390917)[0m             entirely in future versions of Flower.[32m [repeated 5x across cluster][0m
[92mINFO [0m:      aggregate_fit: received 10 results and 0 failures
INFO:flwr:aggregate_fit: received 10 results and 0 failures
[CascadeRouter] Round 49: 10 clients, 24578 parameters/client
[92mINFO [0m:      configure_evaluate: strategy sampled 10 clients (out of 10)
INFO:flwr:configure_evaluate: strategy sampled 10 clients (out of 10)
[36m(ClientAppActor pid=390918)[0m 
[36m(ClientAppActor pid=390918)[0m         
[36m(ClientAppActor pid=390917)[0m 
[36m(ClientAppActor pid=390917)[0m         
[36m(ClientAppActor pid=390918)[0m 
[36m(ClientAppActor pid=390918)[0m         
[36m(ClientAppActor pid=390917)[0m 
[36m(ClientAppActor pid=390917)[0m         
[36m(ClientAppActor pid=390918)[0m 
[36m(ClientAppActor pid=390918)[0m         
[36m(ClientAppActor pid=390917)[0m 
[36m(ClientAppActor pid=390917)[0m         
[36m(ClientAppActor pid=390918)[0m 
[36m(ClientAppActor pid=390918)[0m         
[36m(ClientAppActor pid=390917)[0m 
[36m(ClientAppActor pid=390917)[0m         
[36m(ClientAppActor pid=390918)[0m 
[36m(ClientAppActor pid=390918)[0m         
[36m(ClientAppActor pid=390917)[0m 
[36m(ClientAppActor pid=390917)[0m         
[92mINFO [0m:      aggregate_evaluate: received 10 results and 0 failures
INFO:flwr:aggregate_evaluate: received 10 results and 0 failures
[92mINFO [0m:      
INFO:flwr:
[92mINFO [0m:      [ROUND 50]
INFO:flwr:[ROUND 50]
[92mINFO [0m:      configure_fit: strategy sampled 10 clients (out of 10)
INFO:flwr:configure_fit: strategy sampled 10 clients (out of 10)
[36m(ClientAppActor pid=390918)[0m [Client 3] Training on NVIDIA GeForce RTX 3060
[36m(ClientAppActor pid=390917)[0m [Client 7] Training on NVIDIA GeForce RTX 3060
[36m(ClientAppActor pid=390918)[0m 
[36m(ClientAppActor pid=390918)[0m         
[36m(ClientAppActor pid=390918)[0m [93mWARNING [0m:   DEPRECATED FEATURE: `client_fn` now expects a signature `def client_fn(context: Context)`.The provided `client_fn` has signature: {'cid': <Parameter "cid: str">}. You can import the `Context` like this: `from flwr.app import Context`[32m [repeated 11x across cluster][0m
[36m(ClientAppActor pid=390918)[0m             This is a deprecated feature. It will be removed[32m [repeated 11x across cluster][0m
[36m(ClientAppActor pid=390918)[0m             entirely in future versions of Flower.[32m [repeated 11x across cluster][0m
[36m(ClientAppActor pid=390917)[0m 
[36m(ClientAppActor pid=390917)[0m         
[36m(ClientAppActor pid=390918)[0m 
[36m(ClientAppActor pid=390918)[0m         
[36m(ClientAppActor pid=390917)[0m 
[36m(ClientAppActor pid=390917)[0m         
[36m(ClientAppActor pid=390917)[0m 
[36m(ClientAppActor pid=390917)[0m         
[36m(ClientAppActor pid=390917)[0m [Client 1] Training on NVIDIA GeForce RTX 3060[32m [repeated 4x across cluster][0m
[36m(ClientAppActor pid=390917)[0m 
[36m(ClientAppActor pid=390917)[0m         
[36m(ClientAppActor pid=390917)[0m [93mWARNING [0m:   DEPRECATED FEATURE: `client_fn` now expects a signature `def client_fn(context: Context)`.The provided `client_fn` has signature: {'cid': <Parameter "cid: str">}. You can import the `Context` like this: `from flwr.app import Context`[32m [repeated 5x across cluster][0m
[36m(ClientAppActor pid=390917)[0m             This is a deprecated feature. It will be removed[32m [repeated 5x across cluster][0m
[36m(ClientAppActor pid=390917)[0m             entirely in future versions of Flower.[32m [repeated 5x across cluster][0m
[36m(ClientAppActor pid=390917)[0m 
[36m(ClientAppActor pid=390917)[0m         
[36m(ClientAppActor pid=390917)[0m 
[36m(ClientAppActor pid=390917)[0m         
[36m(ClientAppActor pid=390918)[0m 
[36m(ClientAppActor pid=390918)[0m         
[36m(ClientAppActor pid=390917)[0m 
[36m(ClientAppActor pid=390917)[0m         
[92mINFO [0m:      aggregate_fit: received 10 results and 0 failures
INFO:flwr:aggregate_fit: received 10 results and 0 failures
[CascadeRouter] Round 50: 10 clients, 24578 parameters/client
[92mINFO [0m:      configure_evaluate: strategy sampled 10 clients (out of 10)
INFO:flwr:configure_evaluate: strategy sampled 10 clients (out of 10)
[36m(ClientAppActor pid=390918)[0m 
[36m(ClientAppActor pid=390918)[0m         
[36m(ClientAppActor pid=390917)[0m 
[36m(ClientAppActor pid=390917)[0m         
[36m(ClientAppActor pid=390918)[0m 
[36m(ClientAppActor pid=390918)[0m         
[36m(ClientAppActor pid=390918)[0m [93mWARNING [0m:   DEPRECATED FEATURE: `client_fn` now expects a signature `def client_fn(context: Context)`.The provided `client_fn` has signature: {'cid': <Parameter "cid: str">}. You can import the `Context` like this: `from flwr.app import Context`[32m [repeated 7x across cluster][0m
[36m(ClientAppActor pid=390918)[0m             This is a deprecated feature. It will be removed[32m [repeated 7x across cluster][0m
[36m(ClientAppActor pid=390918)[0m             entirely in future versions of Flower.[32m [repeated 7x across cluster][0m
[36m(ClientAppActor pid=390917)[0m 
[36m(ClientAppActor pid=390917)[0m         
[36m(ClientAppActor pid=390918)[0m 
[36m(ClientAppActor pid=390918)[0m         
[36m(ClientAppActor pid=390917)[0m 
[36m(ClientAppActor pid=390917)[0m         
[36m(ClientAppActor pid=390918)[0m 
[36m(ClientAppActor pid=390918)[0m         
[36m(ClientAppActor pid=390917)[0m 
[36m(ClientAppActor pid=390917)[0m         
[36m(ClientAppActor pid=390918)[0m 
[36m(ClientAppActor pid=390918)[0m         
[36m(ClientAppActor pid=390917)[0m 
[36m(ClientAppActor pid=390917)[0m         
[92mINFO [0m:      aggregate_evaluate: received 10 results and 0 failures
INFO:flwr:aggregate_evaluate: received 10 results and 0 failures
[92mINFO [0m:      
INFO:flwr:
[92mINFO [0m:      [SUMMARY]
INFO:flwr:[SUMMARY]
[92mINFO [0m:      Run finished 50 round(s) in 635.00s
INFO:flwr:Run finished 50 round(s) in 635.00s
[92mINFO [0m:      	History (loss, distributed):
INFO:flwr:	History (loss, distributed):
[92mINFO [0m:      		round 1: 0.1763099029223124
INFO:flwr:		round 1: 0.1763099029223124
[92mINFO [0m:      		round 2: 0.1279031689564387
INFO:flwr:		round 2: 0.1279031689564387
[92mINFO [0m:      		round 3: 0.14136407477855684
INFO:flwr:		round 3: 0.14136407477855684
[92mINFO [0m:      		round 4: 0.11583211278120677
INFO:flwr:		round 4: 0.11583211278120677
[92mINFO [0m:      		round 5: 0.12585360522270203
INFO:flwr:		round 5: 0.12585360522270203
[92mINFO [0m:      		round 6: 0.1132015839656194
INFO:flwr:		round 6: 0.1132015839656194
[92mINFO [0m:      		round 7: 0.11176113291581471
INFO:flwr:		round 7: 0.11176113291581471
[92mINFO [0m:      		round 8: 0.11189760347207388
INFO:flwr:		round 8: 0.11189760347207388
[92mINFO [0m:      		round 9: 0.11823304053942363
INFO:flwr:		round 9: 0.11823304053942363
[92mINFO [0m:      		round 10: 0.11221251223087311
INFO:flwr:		round 10: 0.11221251223087311
[92mINFO [0m:      		round 11: 0.112283322707812
INFO:flwr:		round 11: 0.112283322707812
[92mINFO [0m:      		round 12: 0.11587588249842326
INFO:flwr:		round 12: 0.11587588249842326
[92mINFO [0m:      		round 13: 0.11586798725128174
INFO:flwr:		round 13: 0.11586798725128174
[92mINFO [0m:      		round 14: 0.11350755404631296
INFO:flwr:		round 14: 0.11350755404631296
[92mINFO [0m:      		round 15: 0.11945622671445211
INFO:flwr:		round 15: 0.11945622671445211
[92mINFO [0m:      		round 16: 0.11889246071179708
INFO:flwr:		round 16: 0.11889246071179708
[92mINFO [0m:      		round 17: 0.11419408067862193
INFO:flwr:		round 17: 0.11419408067862193
[92mINFO [0m:      		round 18: 0.12068146843115489
INFO:flwr:		round 18: 0.12068146843115489
[92mINFO [0m:      		round 19: 0.12088951605161032
INFO:flwr:		round 19: 0.12088951605161032
[92mINFO [0m:      		round 20: 0.12058977061112722
INFO:flwr:		round 20: 0.12058977061112722
[92mINFO [0m:      		round 21: 0.1148147308588028
INFO:flwr:		round 21: 0.1148147308588028
[92mINFO [0m:      		round 22: 0.12117504158814749
INFO:flwr:		round 22: 0.12117504158814749
[92mINFO [0m:      		round 23: 0.1188915146668752
INFO:flwr:		round 23: 0.1188915146668752
[92mINFO [0m:      		round 24: 0.12149071663220723
INFO:flwr:		round 24: 0.12149071663220723
[92mINFO [0m:      		round 25: 0.127623083559672
INFO:flwr:		round 25: 0.127623083559672
[92mINFO [0m:      		round 26: 0.12061882195472717
INFO:flwr:		round 26: 0.12061882195472717
[92mINFO [0m:      		round 27: 0.11690771781603496
INFO:flwr:		round 27: 0.11690771781603496
[92mINFO [0m:      		round 28: 0.12029321031570435
INFO:flwr:		round 28: 0.12029321031570435
[92mINFO [0m:      		round 29: 0.11702966081301372
INFO:flwr:		round 29: 0.11702966081301372
[92mINFO [0m:      		round 30: 0.12029610211054484
INFO:flwr:		round 30: 0.12029610211054484
[92mINFO [0m:      		round 31: 0.11635549855232238
INFO:flwr:		round 31: 0.11635549855232238
[92mINFO [0m:      		round 32: 0.11693780015309652
INFO:flwr:		round 32: 0.11693780015309652
[92mINFO [0m:      		round 33: 0.12518123025894165
INFO:flwr:		round 33: 0.12518123025894165
[92mINFO [0m:      		round 34: 0.12603991904258727
INFO:flwr:		round 34: 0.12603991904258727
[92mINFO [0m:      		round 35: 0.12688412302335103
INFO:flwr:		round 35: 0.12688412302335103
[92mINFO [0m:      		round 36: 0.12335743800799052
INFO:flwr:		round 36: 0.12335743800799052
[92mINFO [0m:      		round 37: 0.12268250827789307
INFO:flwr:		round 37: 0.12268250827789307
[92mINFO [0m:      		round 38: 0.1259258553187052
INFO:flwr:		round 38: 0.1259258553187052
[92mINFO [0m:      		round 39: 0.12700466318130493
INFO:flwr:		round 39: 0.12700466318130493
[92mINFO [0m:      		round 40: 0.12317382464408874
INFO:flwr:		round 40: 0.12317382464408874
[92mINFO [0m:      		round 41: 0.12464703140258789
INFO:flwr:		round 41: 0.12464703140258789
[92mINFO [0m:      		round 42: 0.12555743554433188
INFO:flwr:		round 42: 0.12555743554433188
[92mINFO [0m:      		round 43: 0.12577715803782144
INFO:flwr:		round 43: 0.12577715803782144
[92mINFO [0m:      		round 44: 0.1260393276532491
INFO:flwr:		round 44: 0.1260393276532491
[92mINFO [0m:      		round 45: 0.12967012612024942
INFO:flwr:		round 45: 0.12967012612024942
[92mINFO [0m:      		round 46: 0.13475061597824098
INFO:flwr:		round 46: 0.13475061597824098
[92mINFO [0m:      		round 47: 0.1367718518892924
INFO:flwr:		round 47: 0.1367718518892924
[92mINFO [0m:      		round 48: 0.13012995265324914
INFO:flwr:		round 48: 0.13012995265324914
[92mINFO [0m:      		round 49: 0.13291334821383158
INFO:flwr:		round 49: 0.13291334821383158
[92mINFO [0m:      		round 50: 0.13366029464403792
INFO:flwr:		round 50: 0.13366029464403792
[92mINFO [0m:      	History (metrics, distributed, fit):
INFO:flwr:	History (metrics, distributed, fit):
[92mINFO [0m:      	{'layer1_reject_rate_at_threshold': [(1, 0.0),
INFO:flwr:	{'layer1_reject_rate_at_threshold': [(1, 0.0),
[92mINFO [0m:      	                                     (2, 0.0),
INFO:flwr:	                                     (2, 0.0),
[92mINFO [0m:      	                                     (3, 0.0),
INFO:flwr:	                                     (3, 0.0),
[92mINFO [0m:      	                                     (4, 0.0),
INFO:flwr:	                                     (4, 0.0),
[92mINFO [0m:      	                                     (5, 0.0),
INFO:flwr:	                                     (5, 0.0),
[92mINFO [0m:      	                                     (6, 0.0),
INFO:flwr:	                                     (6, 0.0),
[92mINFO [0m:      	                                     (7, 0.0),
INFO:flwr:	                                     (7, 0.0),
[92mINFO [0m:      	                                     (8, 0.0),
INFO:flwr:	                                     (8, 0.0),
[92mINFO [0m:      	                                     (9, 0.0),
INFO:flwr:	                                     (9, 0.0),
[92mINFO [0m:      	                                     (10, 0.0),
INFO:flwr:	                                     (10, 0.0),
[92mINFO [0m:      	                                     (11, 0.0),
INFO:flwr:	                                     (11, 0.0),
[92mINFO [0m:      	                                     (12, 0.0),
INFO:flwr:	                                     (12, 0.0),
[92mINFO [0m:      	                                     (13, 0.0),
INFO:flwr:	                                     (13, 0.0),
[92mINFO [0m:      	                                     (14, 0.0),
INFO:flwr:	                                     (14, 0.0),
[92mINFO [0m:      	                                     (15, 0.0),
INFO:flwr:	                                     (15, 0.0),
[92mINFO [0m:      	                                     (16, 0.0),
INFO:flwr:	                                     (16, 0.0),
[92mINFO [0m:      	                                     (17, 0.0),
INFO:flwr:	                                     (17, 0.0),
[92mINFO [0m:      	                                     (18, 0.0),
INFO:flwr:	                                     (18, 0.0),
[92mINFO [0m:      	                                     (19, 0.0),
INFO:flwr:	                                     (19, 0.0),
[92mINFO [0m:      	                                     (20, 0.0),
INFO:flwr:	                                     (20, 0.0),
[92mINFO [0m:      	                                     (21, 0.0),
INFO:flwr:	                                     (21, 0.0),
[92mINFO [0m:      	                                     (22, 0.0),
INFO:flwr:	                                     (22, 0.0),
[92mINFO [0m:      	                                     (23, 0.0),
INFO:flwr:	                                     (23, 0.0),
[92mINFO [0m:      	                                     (24, 0.0),
INFO:flwr:	                                     (24, 0.0),
[92mINFO [0m:      	                                     (25, 0.0),
INFO:flwr:	                                     (25, 0.0),
[92mINFO [0m:      	                                     (26, 0.0),
INFO:flwr:	                                     (26, 0.0),
[92mINFO [0m:      	                                     (27, 0.0),
INFO:flwr:	                                     (27, 0.0),
[92mINFO [0m:      	                                     (28, 0.0),
INFO:flwr:	                                     (28, 0.0),
[92mINFO [0m:      	                                     (29, 0.0),
INFO:flwr:	                                     (29, 0.0),
[92mINFO [0m:      	                                     (30, 0.0),
INFO:flwr:	                                     (30, 0.0),
[92mINFO [0m:      	                                     (31, 0.0),
INFO:flwr:	                                     (31, 0.0),
[92mINFO [0m:      	                                     (32, 0.0),
INFO:flwr:	                                     (32, 0.0),
[92mINFO [0m:      	                                     (33, 0.0),
INFO:flwr:	                                     (33, 0.0),
[92mINFO [0m:      	                                     (34, 0.0),
INFO:flwr:	                                     (34, 0.0),
[92mINFO [0m:      	                                     (35, 0.0),
INFO:flwr:	                                     (35, 0.0),
[92mINFO [0m:      	                                     (36, 0.0),
INFO:flwr:	                                     (36, 0.0),
[92mINFO [0m:      	                                     (37, 0.0),
INFO:flwr:	                                     (37, 0.0),
[92mINFO [0m:      	                                     (38, 0.0),
INFO:flwr:	                                     (38, 0.0),
[92mINFO [0m:      	                                     (39, 0.0),
INFO:flwr:	                                     (39, 0.0),
[92mINFO [0m:      	                                     (40, 0.0),
INFO:flwr:	                                     (40, 0.0),
[92mINFO [0m:      	                                     (41, 0.0),
INFO:flwr:	                                     (41, 0.0),
[92mINFO [0m:      	                                     (42, 0.0),
INFO:flwr:	                                     (42, 0.0),
[92mINFO [0m:      	                                     (43, 0.0),
INFO:flwr:	                                     (43, 0.0),
[92mINFO [0m:      	                                     (44, 0.0),
INFO:flwr:	                                     (44, 0.0),
[92mINFO [0m:      	                                     (45, 0.0),
INFO:flwr:	                                     (45, 0.0),
[92mINFO [0m:      	                                     (46, 0.0),
INFO:flwr:	                                     (46, 0.0),
[92mINFO [0m:      	                                     (47, 0.0),
INFO:flwr:	                                     (47, 0.0),
[92mINFO [0m:      	                                     (48, 0.0),
INFO:flwr:	                                     (48, 0.0),
[92mINFO [0m:      	                                     (49, 0.0),
INFO:flwr:	                                     (49, 0.0),
[92mINFO [0m:      	                                     (50, 0.0)],
INFO:flwr:	                                     (50, 0.0)],
[92mINFO [0m:      	 'layer1_reject_rate_raw': [(1, 0.0),
INFO:flwr:	 'layer1_reject_rate_raw': [(1, 0.0),
[92mINFO [0m:      	                            (2, 0.0),
INFO:flwr:	                            (2, 0.0),
[92mINFO [0m:      	                            (3, 0.0),
INFO:flwr:	                            (3, 0.0),
[92mINFO [0m:      	                            (4, 0.0),
INFO:flwr:	                            (4, 0.0),
[92mINFO [0m:      	                            (5, 0.0),
INFO:flwr:	                            (5, 0.0),
[92mINFO [0m:      	                            (6, 0.0),
INFO:flwr:	                            (6, 0.0),
[92mINFO [0m:      	                            (7, 0.0),
INFO:flwr:	                            (7, 0.0),
[92mINFO [0m:      	                            (8, 0.0),
INFO:flwr:	                            (8, 0.0),
[92mINFO [0m:      	                            (9, 0.0),
INFO:flwr:	                            (9, 0.0),
[92mINFO [0m:      	                            (10, 0.0),
INFO:flwr:	                            (10, 0.0),
[92mINFO [0m:      	                            (11, 0.0),
INFO:flwr:	                            (11, 0.0),
[92mINFO [0m:      	                            (12, 0.0),
INFO:flwr:	                            (12, 0.0),
[92mINFO [0m:      	                            (13, 0.0),
INFO:flwr:	                            (13, 0.0),
[92mINFO [0m:      	                            (14, 0.0),
INFO:flwr:	                            (14, 0.0),
[92mINFO [0m:      	                            (15, 0.0),
INFO:flwr:	                            (15, 0.0),
[92mINFO [0m:      	                            (16, 0.0),
INFO:flwr:	                            (16, 0.0),
[92mINFO [0m:      	                            (17, 0.0),
INFO:flwr:	                            (17, 0.0),
[92mINFO [0m:      	                            (18, 0.0),
INFO:flwr:	                            (18, 0.0),
[92mINFO [0m:      	                            (19, 0.0),
INFO:flwr:	                            (19, 0.0),
[92mINFO [0m:      	                            (20, 0.0),
INFO:flwr:	                            (20, 0.0),
[92mINFO [0m:      	                            (21, 0.0),
INFO:flwr:	                            (21, 0.0),
[92mINFO [0m:      	                            (22, 0.0),
INFO:flwr:	                            (22, 0.0),
[92mINFO [0m:      	                            (23, 0.0),
INFO:flwr:	                            (23, 0.0),
[92mINFO [0m:      	                            (24, 0.0),
INFO:flwr:	                            (24, 0.0),
[92mINFO [0m:      	                            (25, 0.0),
INFO:flwr:	                            (25, 0.0),
[92mINFO [0m:      	                            (26, 0.0),
INFO:flwr:	                            (26, 0.0),
[92mINFO [0m:      	                            (27, 0.0),
INFO:flwr:	                            (27, 0.0),
[92mINFO [0m:      	                            (28, 0.0),
INFO:flwr:	                            (28, 0.0),
[92mINFO [0m:      	                            (29, 0.0),
INFO:flwr:	                            (29, 0.0),
[92mINFO [0m:      	                            (30, 0.0),
INFO:flwr:	                            (30, 0.0),
[92mINFO [0m:      	                            (31, 0.0),
INFO:flwr:	                            (31, 0.0),
[92mINFO [0m:      	                            (32, 0.0),
INFO:flwr:	                            (32, 0.0),
[92mINFO [0m:      	                            (33, 0.0),
INFO:flwr:	                            (33, 0.0),
[92mINFO [0m:      	                            (34, 0.0),
INFO:flwr:	                            (34, 0.0),
[92mINFO [0m:      	                            (35, 0.0),
INFO:flwr:	                            (35, 0.0),
[92mINFO [0m:      	                            (36, 0.0),
INFO:flwr:	                            (36, 0.0),
[92mINFO [0m:      	                            (37, 0.0),
INFO:flwr:	                            (37, 0.0),
[92mINFO [0m:      	                            (38, 0.0),
INFO:flwr:	                            (38, 0.0),
[92mINFO [0m:      	                            (39, 0.0),
INFO:flwr:	                            (39, 0.0),
[92mINFO [0m:      	                            (40, 0.0),
INFO:flwr:	                            (40, 0.0),
[92mINFO [0m:      	                            (41, 0.0),
INFO:flwr:	                            (41, 0.0),
[92mINFO [0m:      	                            (42, 0.0),
INFO:flwr:	                            (42, 0.0),
[92mINFO [0m:      	                            (43, 0.0),
INFO:flwr:	                            (43, 0.0),
[92mINFO [0m:      	                            (44, 0.0),
INFO:flwr:	                            (44, 0.0),
[92mINFO [0m:      	                            (45, 0.0),
INFO:flwr:	                            (45, 0.0),
[92mINFO [0m:      	                            (46, 0.0),
INFO:flwr:	                            (46, 0.0),
[92mINFO [0m:      	                            (47, 0.0),
INFO:flwr:	                            (47, 0.0),
[92mINFO [0m:      	                            (48, 0.0),
INFO:flwr:	                            (48, 0.0),
[92mINFO [0m:      	                            (49, 0.0),
INFO:flwr:	                            (49, 0.0),
[92mINFO [0m:      	                            (50, 0.0)],
INFO:flwr:	                            (50, 0.0)],
[92mINFO [0m:      	 'layer1_threshold': [(1, 0.5),
INFO:flwr:	 'layer1_threshold': [(1, 0.5),
[92mINFO [0m:      	                      (2, 0.5),
INFO:flwr:	                      (2, 0.5),
[92mINFO [0m:      	                      (3, 0.5),
INFO:flwr:	                      (3, 0.5),
[92mINFO [0m:      	                      (4, 0.5),
INFO:flwr:	                      (4, 0.5),
[92mINFO [0m:      	                      (5, 0.5),
INFO:flwr:	                      (5, 0.5),
[92mINFO [0m:      	                      (6, 0.5),
INFO:flwr:	                      (6, 0.5),
[92mINFO [0m:      	                      (7, 0.5),
INFO:flwr:	                      (7, 0.5),
[92mINFO [0m:      	                      (8, 0.5),
INFO:flwr:	                      (8, 0.5),
[92mINFO [0m:      	                      (9, 0.5),
INFO:flwr:	                      (9, 0.5),
[92mINFO [0m:      	                      (10, 0.5),
INFO:flwr:	                      (10, 0.5),
[92mINFO [0m:      	                      (11, 0.5),
INFO:flwr:	                      (11, 0.5),
[92mINFO [0m:      	                      (12, 0.5),
INFO:flwr:	                      (12, 0.5),
[92mINFO [0m:      	                      (13, 0.5),
INFO:flwr:	                      (13, 0.5),
[92mINFO [0m:      	                      (14, 0.5),
INFO:flwr:	                      (14, 0.5),
[92mINFO [0m:      	                      (15, 0.5),
INFO:flwr:	                      (15, 0.5),
[92mINFO [0m:      	                      (16, 0.5),
INFO:flwr:	                      (16, 0.5),
[92mINFO [0m:      	                      (17, 0.5),
INFO:flwr:	                      (17, 0.5),
[92mINFO [0m:      	                      (18, 0.5),
INFO:flwr:	                      (18, 0.5),
[92mINFO [0m:      	                      (19, 0.5),
INFO:flwr:	                      (19, 0.5),
[92mINFO [0m:      	                      (20, 0.5),
INFO:flwr:	                      (20, 0.5),
[92mINFO [0m:      	                      (21, 0.5),
INFO:flwr:	                      (21, 0.5),
[92mINFO [0m:      	                      (22, 0.5),
INFO:flwr:	                      (22, 0.5),
[92mINFO [0m:      	                      (23, 0.5),
INFO:flwr:	                      (23, 0.5),
[92mINFO [0m:      	                      (24, 0.5),
INFO:flwr:	                      (24, 0.5),
[92mINFO [0m:      	                      (25, 0.5),
INFO:flwr:	                      (25, 0.5),
[92mINFO [0m:      	                      (26, 0.5),
INFO:flwr:	                      (26, 0.5),
[92mINFO [0m:      	                      (27, 0.5),
INFO:flwr:	                      (27, 0.5),
[92mINFO [0m:      	                      (28, 0.5),
INFO:flwr:	                      (28, 0.5),
[92mINFO [0m:      	                      (29, 0.5),
INFO:flwr:	                      (29, 0.5),
[92mINFO [0m:      	                      (30, 0.5),
INFO:flwr:	                      (30, 0.5),
[92mINFO [0m:      	                      (31, 0.5),
INFO:flwr:	                      (31, 0.5),
[92mINFO [0m:      	                      (32, 0.5),
INFO:flwr:	                      (32, 0.5),
[92mINFO [0m:      	                      (33, 0.5),
INFO:flwr:	                      (33, 0.5),
[92mINFO [0m:      	                      (34, 0.5),
INFO:flwr:	                      (34, 0.5),
[92mINFO [0m:      	                      (35, 0.5),
INFO:flwr:	                      (35, 0.5),
[92mINFO [0m:      	                      (36, 0.5),
INFO:flwr:	                      (36, 0.5),
[92mINFO [0m:      	                      (37, 0.5),
INFO:flwr:	                      (37, 0.5),
[92mINFO [0m:      	                      (38, 0.5),
INFO:flwr:	                      (38, 0.5),
[92mINFO [0m:      	                      (39, 0.5),
INFO:flwr:	                      (39, 0.5),
[92mINFO [0m:      	                      (40, 0.5),
INFO:flwr:	                      (40, 0.5),
[92mINFO [0m:      	                      (41, 0.5),
INFO:flwr:	                      (41, 0.5),
[92mINFO [0m:      	                      (42, 0.5),
INFO:flwr:	                      (42, 0.5),
[92mINFO [0m:      	                      (43, 0.5),
INFO:flwr:	                      (43, 0.5),
[92mINFO [0m:      	                      (44, 0.5),
INFO:flwr:	                      (44, 0.5),
[92mINFO [0m:      	                      (45, 0.5),
INFO:flwr:	                      (45, 0.5),
[92mINFO [0m:      	                      (46, 0.5),
INFO:flwr:	                      (46, 0.5),
[92mINFO [0m:      	                      (47, 0.5),
INFO:flwr:	                      (47, 0.5),
[92mINFO [0m:      	                      (48, 0.5),
INFO:flwr:	                      (48, 0.5),
[92mINFO [0m:      	                      (49, 0.5),
INFO:flwr:	                      (49, 0.5),
[92mINFO [0m:      	                      (50, 0.5)],
INFO:flwr:	                      (50, 0.5)],
[92mINFO [0m:      	 'layer2_reject_rate_at_threshold': [(1, 0.20000000298023224),
INFO:flwr:	 'layer2_reject_rate_at_threshold': [(1, 0.20000000298023224),
[92mINFO [0m:      	                                     (2, 0.20000000298023224),
INFO:flwr:	                                     (2, 0.20000000298023224),
[92mINFO [0m:      	                                     (3, 0.20000000298023224),
INFO:flwr:	                                     (3, 0.20000000298023224),
[92mINFO [0m:      	                                     (4, 0.20000000298023224),
INFO:flwr:	                                     (4, 0.20000000298023224),
[92mINFO [0m:      	                                     (5, 0.20000000298023224),
INFO:flwr:	                                     (5, 0.20000000298023224),
[92mINFO [0m:      	                                     (6, 0.20000000298023224),
INFO:flwr:	                                     (6, 0.20000000298023224),
[92mINFO [0m:      	                                     (7, 0.20000000298023224),
INFO:flwr:	                                     (7, 0.20000000298023224),
[92mINFO [0m:      	                                     (8, 0.20000000298023224),
INFO:flwr:	                                     (8, 0.20000000298023224),
[92mINFO [0m:      	                                     (9, 0.20000000298023224),
INFO:flwr:	                                     (9, 0.20000000298023224),
[92mINFO [0m:      	                                     (10, 0.20000000298023224),
INFO:flwr:	                                     (10, 0.20000000298023224),
[92mINFO [0m:      	                                     (11, 0.20000000298023224),
INFO:flwr:	                                     (11, 0.20000000298023224),
[92mINFO [0m:      	                                     (12, 0.20000000298023224),
INFO:flwr:	                                     (12, 0.20000000298023224),
[92mINFO [0m:      	                                     (13, 0.20000000298023224),
INFO:flwr:	                                     (13, 0.20000000298023224),
[92mINFO [0m:      	                                     (14, 0.20000000298023224),
INFO:flwr:	                                     (14, 0.20000000298023224),
[92mINFO [0m:      	                                     (15, 0.20000000298023224),
INFO:flwr:	                                     (15, 0.20000000298023224),
[92mINFO [0m:      	                                     (16, 0.20000000298023224),
INFO:flwr:	                                     (16, 0.20000000298023224),
[92mINFO [0m:      	                                     (17, 0.4000000059604645),
INFO:flwr:	                                     (17, 0.4000000059604645),
[92mINFO [0m:      	                                     (18, 0.4000000059604645),
INFO:flwr:	                                     (18, 0.4000000059604645),
[92mINFO [0m:      	                                     (19, 0.4000000059604645),
INFO:flwr:	                                     (19, 0.4000000059604645),
[92mINFO [0m:      	                                     (20, 0.4000000059604645),
INFO:flwr:	                                     (20, 0.4000000059604645),
[92mINFO [0m:      	                                     (21, 0.4000000059604645),
INFO:flwr:	                                     (21, 0.4000000059604645),
[92mINFO [0m:      	                                     (22, 0.4000000059604645),
INFO:flwr:	                                     (22, 0.4000000059604645),
[92mINFO [0m:      	                                     (23, 0.4000000059604645),
INFO:flwr:	                                     (23, 0.4000000059604645),
[92mINFO [0m:      	                                     (24, 0.4000000059604645),
INFO:flwr:	                                     (24, 0.4000000059604645),
[92mINFO [0m:      	                                     (25, 0.4000000059604645),
INFO:flwr:	                                     (25, 0.4000000059604645),
[92mINFO [0m:      	                                     (26, 0.4000000059604645),
INFO:flwr:	                                     (26, 0.4000000059604645),
[92mINFO [0m:      	                                     (27, 0.4000000059604645),
INFO:flwr:	                                     (27, 0.4000000059604645),
[92mINFO [0m:      	                                     (28, 0.30000001192092896),
INFO:flwr:	                                     (28, 0.30000001192092896),
[92mINFO [0m:      	                                     (29, 0.4000000059604645),
INFO:flwr:	                                     (29, 0.4000000059604645),
[92mINFO [0m:      	                                     (30, 0.4000000059604645),
INFO:flwr:	                                     (30, 0.4000000059604645),
[92mINFO [0m:      	                                     (31, 0.4000000059604645),
INFO:flwr:	                                     (31, 0.4000000059604645),
[92mINFO [0m:      	                                     (32, 0.30000001192092896),
INFO:flwr:	                                     (32, 0.30000001192092896),
[92mINFO [0m:      	                                     (33, 0.4000000059604645),
INFO:flwr:	                                     (33, 0.4000000059604645),
[92mINFO [0m:      	                                     (34, 0.4000000059604645),
INFO:flwr:	                                     (34, 0.4000000059604645),
[92mINFO [0m:      	                                     (35, 0.4000000059604645),
INFO:flwr:	                                     (35, 0.4000000059604645),
[92mINFO [0m:      	                                     (36, 0.30000001192092896),
INFO:flwr:	                                     (36, 0.30000001192092896),
[92mINFO [0m:      	                                     (37, 0.4000000059604645),
INFO:flwr:	                                     (37, 0.4000000059604645),
[92mINFO [0m:      	                                     (38, 0.4000000059604645),
INFO:flwr:	                                     (38, 0.4000000059604645),
[92mINFO [0m:      	                                     (39, 0.4000000059604645),
INFO:flwr:	                                     (39, 0.4000000059604645),
[92mINFO [0m:      	                                     (40, 0.30000001192092896),
INFO:flwr:	                                     (40, 0.30000001192092896),
[92mINFO [0m:      	                                     (41, 0.4000000059604645),
INFO:flwr:	                                     (41, 0.4000000059604645),
[92mINFO [0m:      	                                     (42, 0.4000000059604645),
INFO:flwr:	                                     (42, 0.4000000059604645),
[92mINFO [0m:      	                                     (43, 0.30000001192092896),
INFO:flwr:	                                     (43, 0.30000001192092896),
[92mINFO [0m:      	                                     (44, 0.30000001192092896),
INFO:flwr:	                                     (44, 0.30000001192092896),
[92mINFO [0m:      	                                     (45, 0.4000000059604645),
INFO:flwr:	                                     (45, 0.4000000059604645),
[92mINFO [0m:      	                                     (46, 0.30000001192092896),
INFO:flwr:	                                     (46, 0.30000001192092896),
[92mINFO [0m:      	                                     (47, 0.4000000059604645),
INFO:flwr:	                                     (47, 0.4000000059604645),
[92mINFO [0m:      	                                     (48, 0.4000000059604645),
INFO:flwr:	                                     (48, 0.4000000059604645),
[92mINFO [0m:      	                                     (49, 0.4000000059604645),
INFO:flwr:	                                     (49, 0.4000000059604645),
[92mINFO [0m:      	                                     (50, 0.4000000059604645)],
INFO:flwr:	                                     (50, 0.4000000059604645)],
[92mINFO [0m:      	 'layer2_reject_rate_raw': [(1, 0.20000000298023224),
INFO:flwr:	 'layer2_reject_rate_raw': [(1, 0.20000000298023224),
[92mINFO [0m:      	                            (2, 0.20000000298023224),
INFO:flwr:	                            (2, 0.20000000298023224),
[92mINFO [0m:      	                            (3, 0.20000000298023224),
INFO:flwr:	                            (3, 0.20000000298023224),
[92mINFO [0m:      	                            (4, 0.20000000298023224),
INFO:flwr:	                            (4, 0.20000000298023224),
[92mINFO [0m:      	                            (5, 0.20000000298023224),
INFO:flwr:	                            (5, 0.20000000298023224),
[92mINFO [0m:      	                            (6, 0.20000000298023224),
INFO:flwr:	                            (6, 0.20000000298023224),
[92mINFO [0m:      	                            (7, 0.20000000298023224),
INFO:flwr:	                            (7, 0.20000000298023224),
[92mINFO [0m:      	                            (8, 0.20000000298023224),
INFO:flwr:	                            (8, 0.20000000298023224),
[92mINFO [0m:      	                            (9, 0.20000000298023224),
INFO:flwr:	                            (9, 0.20000000298023224),
[92mINFO [0m:      	                            (10, 0.20000000298023224),
INFO:flwr:	                            (10, 0.20000000298023224),
[92mINFO [0m:      	                            (11, 0.20000000298023224),
INFO:flwr:	                            (11, 0.20000000298023224),
[92mINFO [0m:      	                            (12, 0.20000000298023224),
INFO:flwr:	                            (12, 0.20000000298023224),
[92mINFO [0m:      	                            (13, 0.20000000298023224),
INFO:flwr:	                            (13, 0.20000000298023224),
[92mINFO [0m:      	                            (14, 0.20000000298023224),
INFO:flwr:	                            (14, 0.20000000298023224),
[92mINFO [0m:      	                            (15, 0.20000000298023224),
INFO:flwr:	                            (15, 0.20000000298023224),
[92mINFO [0m:      	                            (16, 0.20000000298023224),
INFO:flwr:	                            (16, 0.20000000298023224),
[92mINFO [0m:      	                            (17, 0.4000000059604645),
INFO:flwr:	                            (17, 0.4000000059604645),
[92mINFO [0m:      	                            (18, 0.4000000059604645),
INFO:flwr:	                            (18, 0.4000000059604645),
[92mINFO [0m:      	                            (19, 0.30000001192092896),
INFO:flwr:	                            (19, 0.30000001192092896),
[92mINFO [0m:      	                            (20, 0.30000001192092896),
INFO:flwr:	                            (20, 0.30000001192092896),
[92mINFO [0m:      	                            (21, 0.4000000059604645),
INFO:flwr:	                            (21, 0.4000000059604645),
[92mINFO [0m:      	                            (22, 0.30000001192092896),
INFO:flwr:	                            (22, 0.30000001192092896),
[92mINFO [0m:      	                            (23, 0.30000001192092896),
INFO:flwr:	                            (23, 0.30000001192092896),
[92mINFO [0m:      	                            (24, 0.30000001192092896),
INFO:flwr:	                            (24, 0.30000001192092896),
[92mINFO [0m:      	                            (25, 0.30000001192092896),
INFO:flwr:	                            (25, 0.30000001192092896),
[92mINFO [0m:      	                            (26, 0.30000001192092896),
INFO:flwr:	                            (26, 0.30000001192092896),
[92mINFO [0m:      	                            (27, 0.30000001192092896),
INFO:flwr:	                            (27, 0.30000001192092896),
[92mINFO [0m:      	                            (28, 0.30000001192092896),
INFO:flwr:	                            (28, 0.30000001192092896),
[92mINFO [0m:      	                            (29, 0.30000001192092896),
INFO:flwr:	                            (29, 0.30000001192092896),
[92mINFO [0m:      	                            (30, 0.30000001192092896),
INFO:flwr:	                            (30, 0.30000001192092896),
[92mINFO [0m:      	                            (31, 0.30000001192092896),
INFO:flwr:	                            (31, 0.30000001192092896),
[92mINFO [0m:      	                            (32, 0.30000001192092896),
INFO:flwr:	                            (32, 0.30000001192092896),
[92mINFO [0m:      	                            (33, 0.4000000059604645),
INFO:flwr:	                            (33, 0.4000000059604645),
[92mINFO [0m:      	                            (34, 0.30000001192092896),
INFO:flwr:	                            (34, 0.30000001192092896),
[92mINFO [0m:      	                            (35, 0.30000001192092896),
INFO:flwr:	                            (35, 0.30000001192092896),
[92mINFO [0m:      	                            (36, 0.30000001192092896),
INFO:flwr:	                            (36, 0.30000001192092896),
[92mINFO [0m:      	                            (37, 0.30000001192092896),
INFO:flwr:	                            (37, 0.30000001192092896),
[92mINFO [0m:      	                            (38, 0.30000001192092896),
INFO:flwr:	                            (38, 0.30000001192092896),
[92mINFO [0m:      	                            (39, 0.30000001192092896),
INFO:flwr:	                            (39, 0.30000001192092896),
[92mINFO [0m:      	                            (40, 0.30000001192092896),
INFO:flwr:	                            (40, 0.30000001192092896),
[92mINFO [0m:      	                            (41, 0.4000000059604645),
INFO:flwr:	                            (41, 0.4000000059604645),
[92mINFO [0m:      	                            (42, 0.30000001192092896),
INFO:flwr:	                            (42, 0.30000001192092896),
[92mINFO [0m:      	                            (43, 0.30000001192092896),
INFO:flwr:	                            (43, 0.30000001192092896),
[92mINFO [0m:      	                            (44, 0.30000001192092896),
INFO:flwr:	                            (44, 0.30000001192092896),
[92mINFO [0m:      	                            (45, 0.30000001192092896),
INFO:flwr:	                            (45, 0.30000001192092896),
[92mINFO [0m:      	                            (46, 0.10000000149011612),
INFO:flwr:	                            (46, 0.10000000149011612),
[92mINFO [0m:      	                            (47, 0.30000001192092896),
INFO:flwr:	                            (47, 0.30000001192092896),
[92mINFO [0m:      	                            (48, 0.30000001192092896),
INFO:flwr:	                            (48, 0.30000001192092896),
[92mINFO [0m:      	                            (49, 0.30000001192092896),
INFO:flwr:	                            (49, 0.30000001192092896),
[92mINFO [0m:      	                            (50, 0.30000001192092896)],
INFO:flwr:	                            (50, 0.30000001192092896)],
[92mINFO [0m:      	 'layer2_threshold': [(1, 0.5),
INFO:flwr:	 'layer2_threshold': [(1, 0.5),
[92mINFO [0m:      	                      (2, 0.5),
INFO:flwr:	                      (2, 0.5),
[92mINFO [0m:      	                      (3, 0.5),
INFO:flwr:	                      (3, 0.5),
[92mINFO [0m:      	                      (4, 0.5),
INFO:flwr:	                      (4, 0.5),
[92mINFO [0m:      	                      (5, 0.5),
INFO:flwr:	                      (5, 0.5),
[92mINFO [0m:      	                      (6, 0.5),
INFO:flwr:	                      (6, 0.5),
[92mINFO [0m:      	                      (7, 0.55),
INFO:flwr:	                      (7, 0.55),
[92mINFO [0m:      	                      (8, 0.6000000000000001),
INFO:flwr:	                      (8, 0.6000000000000001),
[92mINFO [0m:      	                      (9, 0.6500000000000001),
INFO:flwr:	                      (9, 0.6500000000000001),
[92mINFO [0m:      	                      (10, 0.7000000000000002),
INFO:flwr:	                      (10, 0.7000000000000002),
[92mINFO [0m:      	                      (11, 0.7500000000000002),
INFO:flwr:	                      (11, 0.7500000000000002),
[92mINFO [0m:      	                      (12, 0.8),
INFO:flwr:	                      (12, 0.8),
[92mINFO [0m:      	                      (13, 0.8),
INFO:flwr:	                      (13, 0.8),
[92mINFO [0m:      	                      (14, 0.8),
INFO:flwr:	                      (14, 0.8),
[92mINFO [0m:      	                      (15, 0.8),
INFO:flwr:	                      (15, 0.8),
[92mINFO [0m:      	                      (16, 0.8),
INFO:flwr:	                      (16, 0.8),
[92mINFO [0m:      	                      (17, 0.8),
INFO:flwr:	                      (17, 0.8),
[92mINFO [0m:      	                      (18, 0.8),
INFO:flwr:	                      (18, 0.8),
[92mINFO [0m:      	                      (19, 0.8),
INFO:flwr:	                      (19, 0.8),
[92mINFO [0m:      	                      (20, 0.8),
INFO:flwr:	                      (20, 0.8),
[92mINFO [0m:      	                      (21, 0.8),
INFO:flwr:	                      (21, 0.8),
[92mINFO [0m:      	                      (22, 0.8),
INFO:flwr:	                      (22, 0.8),
[92mINFO [0m:      	                      (23, 0.8),
INFO:flwr:	                      (23, 0.8),
[92mINFO [0m:      	                      (24, 0.8),
INFO:flwr:	                      (24, 0.8),
[92mINFO [0m:      	                      (25, 0.8),
INFO:flwr:	                      (25, 0.8),
[92mINFO [0m:      	                      (26, 0.8),
INFO:flwr:	                      (26, 0.8),
[92mINFO [0m:      	                      (27, 0.8),
INFO:flwr:	                      (27, 0.8),
[92mINFO [0m:      	                      (28, 0.8),
INFO:flwr:	                      (28, 0.8),
[92mINFO [0m:      	                      (29, 0.8),
INFO:flwr:	                      (29, 0.8),
[92mINFO [0m:      	                      (30, 0.8),
INFO:flwr:	                      (30, 0.8),
[92mINFO [0m:      	                      (31, 0.8),
INFO:flwr:	                      (31, 0.8),
[92mINFO [0m:      	                      (32, 0.8),
INFO:flwr:	                      (32, 0.8),
[92mINFO [0m:      	                      (33, 0.8),
INFO:flwr:	                      (33, 0.8),
[92mINFO [0m:      	                      (34, 0.8),
INFO:flwr:	                      (34, 0.8),
[92mINFO [0m:      	                      (35, 0.8),
INFO:flwr:	                      (35, 0.8),
[92mINFO [0m:      	                      (36, 0.8),
INFO:flwr:	                      (36, 0.8),
[92mINFO [0m:      	                      (37, 0.8),
INFO:flwr:	                      (37, 0.8),
[92mINFO [0m:      	                      (38, 0.8),
INFO:flwr:	                      (38, 0.8),
[92mINFO [0m:      	                      (39, 0.8),
INFO:flwr:	                      (39, 0.8),
[92mINFO [0m:      	                      (40, 0.8),
INFO:flwr:	                      (40, 0.8),
[92mINFO [0m:      	                      (41, 0.8),
INFO:flwr:	                      (41, 0.8),
[92mINFO [0m:      	                      (42, 0.8),
INFO:flwr:	                      (42, 0.8),
[92mINFO [0m:      	                      (43, 0.8),
INFO:flwr:	                      (43, 0.8),
[92mINFO [0m:      	                      (44, 0.8),
INFO:flwr:	                      (44, 0.8),
[92mINFO [0m:      	                      (45, 0.8),
INFO:flwr:	                      (45, 0.8),
[92mINFO [0m:      	                      (46, 0.8),
INFO:flwr:	                      (46, 0.8),
[92mINFO [0m:      	                      (47, 0.8),
INFO:flwr:	                      (47, 0.8),
[92mINFO [0m:      	                      (48, 0.8),
INFO:flwr:	                      (48, 0.8),
[92mINFO [0m:      	                      (49, 0.8),
INFO:flwr:	                      (49, 0.8),
[92mINFO [0m:      	                      (50, 0.8)],
INFO:flwr:	                      (50, 0.8)],
[92mINFO [0m:      	 'layer3_reject_rate_at_threshold': [(1, 0.0),
INFO:flwr:	 'layer3_reject_rate_at_threshold': [(1, 0.0),
[92mINFO [0m:      	                                     (2, 0.0),
INFO:flwr:	                                     (2, 0.0),
[92mINFO [0m:      	                                     (3, 0.0),
INFO:flwr:	                                     (3, 0.0),
[92mINFO [0m:      	                                     (4, 0.0),
INFO:flwr:	                                     (4, 0.0),
[92mINFO [0m:      	                                     (5, 0.0),
INFO:flwr:	                                     (5, 0.0),
[92mINFO [0m:      	                                     (6, 0.0),
INFO:flwr:	                                     (6, 0.0),
[92mINFO [0m:      	                                     (7, 0.0),
INFO:flwr:	                                     (7, 0.0),
[92mINFO [0m:      	                                     (8, 0.0),
INFO:flwr:	                                     (8, 0.0),
[92mINFO [0m:      	                                     (9, 0.0),
INFO:flwr:	                                     (9, 0.0),
[92mINFO [0m:      	                                     (10, 0.0),
INFO:flwr:	                                     (10, 0.0),
[92mINFO [0m:      	                                     (11, 0.0),
INFO:flwr:	                                     (11, 0.0),
[92mINFO [0m:      	                                     (12, 0.0),
INFO:flwr:	                                     (12, 0.0),
[92mINFO [0m:      	                                     (13, 0.0),
INFO:flwr:	                                     (13, 0.0),
[92mINFO [0m:      	                                     (14, 0.0),
INFO:flwr:	                                     (14, 0.0),
[92mINFO [0m:      	                                     (15, 0.0),
INFO:flwr:	                                     (15, 0.0),
[92mINFO [0m:      	                                     (16, 0.0),
INFO:flwr:	                                     (16, 0.0),
[92mINFO [0m:      	                                     (17, 0.0),
INFO:flwr:	                                     (17, 0.0),
[92mINFO [0m:      	                                     (18, 0.0),
INFO:flwr:	                                     (18, 0.0),
[92mINFO [0m:      	                                     (19, 0.0),
INFO:flwr:	                                     (19, 0.0),
[92mINFO [0m:      	                                     (20, 0.0),
INFO:flwr:	                                     (20, 0.0),
[92mINFO [0m:      	                                     (21, 0.0),
INFO:flwr:	                                     (21, 0.0),
[92mINFO [0m:      	                                     (22, 0.0),
INFO:flwr:	                                     (22, 0.0),
[92mINFO [0m:      	                                     (23, 0.0),
INFO:flwr:	                                     (23, 0.0),
[92mINFO [0m:      	                                     (24, 0.0),
INFO:flwr:	                                     (24, 0.0),
[92mINFO [0m:      	                                     (25, 0.0),
INFO:flwr:	                                     (25, 0.0),
[92mINFO [0m:      	                                     (26, 0.0),
INFO:flwr:	                                     (26, 0.0),
[92mINFO [0m:      	                                     (27, 0.0),
INFO:flwr:	                                     (27, 0.0),
[92mINFO [0m:      	                                     (28, 0.0),
INFO:flwr:	                                     (28, 0.0),
[92mINFO [0m:      	                                     (29, 0.0),
INFO:flwr:	                                     (29, 0.0),
[92mINFO [0m:      	                                     (30, 0.0),
INFO:flwr:	                                     (30, 0.0),
[92mINFO [0m:      	                                     (31, 0.0),
INFO:flwr:	                                     (31, 0.0),
[92mINFO [0m:      	                                     (32, 0.0),
INFO:flwr:	                                     (32, 0.0),
[92mINFO [0m:      	                                     (33, 0.0),
INFO:flwr:	                                     (33, 0.0),
[92mINFO [0m:      	                                     (34, 0.0),
INFO:flwr:	                                     (34, 0.0),
[92mINFO [0m:      	                                     (35, 0.0),
INFO:flwr:	                                     (35, 0.0),
[92mINFO [0m:      	                                     (36, 0.0),
INFO:flwr:	                                     (36, 0.0),
[92mINFO [0m:      	                                     (37, 0.0),
INFO:flwr:	                                     (37, 0.0),
[92mINFO [0m:      	                                     (38, 0.0),
INFO:flwr:	                                     (38, 0.0),
[92mINFO [0m:      	                                     (39, 0.0),
INFO:flwr:	                                     (39, 0.0),
[92mINFO [0m:      	                                     (40, 0.0),
INFO:flwr:	                                     (40, 0.0),
[92mINFO [0m:      	                                     (41, 0.0),
INFO:flwr:	                                     (41, 0.0),
[92mINFO [0m:      	                                     (42, 0.0),
INFO:flwr:	                                     (42, 0.0),
[92mINFO [0m:      	                                     (43, 0.0),
INFO:flwr:	                                     (43, 0.0),
[92mINFO [0m:      	                                     (44, 0.0),
INFO:flwr:	                                     (44, 0.0),
[92mINFO [0m:      	                                     (45, 0.0),
INFO:flwr:	                                     (45, 0.0),
[92mINFO [0m:      	                                     (46, 0.0),
INFO:flwr:	                                     (46, 0.0),
[92mINFO [0m:      	                                     (47, 0.0),
INFO:flwr:	                                     (47, 0.0),
[92mINFO [0m:      	                                     (48, 0.0),
INFO:flwr:	                                     (48, 0.0),
[92mINFO [0m:      	                                     (49, 0.0),
INFO:flwr:	                                     (49, 0.0),
[92mINFO [0m:      	                                     (50, 0.0)],
INFO:flwr:	                                     (50, 0.0)],
[92mINFO [0m:      	 'layer3_reject_rate_raw': [(1, 0.0),
INFO:flwr:	 'layer3_reject_rate_raw': [(1, 0.0),
[92mINFO [0m:      	                            (2, 0.0),
INFO:flwr:	                            (2, 0.0),
[92mINFO [0m:      	                            (3, 0.0),
INFO:flwr:	                            (3, 0.0),
[92mINFO [0m:      	                            (4, 0.0),
INFO:flwr:	                            (4, 0.0),
[92mINFO [0m:      	                            (5, 0.0),
INFO:flwr:	                            (5, 0.0),
[92mINFO [0m:      	                            (6, 0.0),
INFO:flwr:	                            (6, 0.0),
[92mINFO [0m:      	                            (7, 0.0),
INFO:flwr:	                            (7, 0.0),
[92mINFO [0m:      	                            (8, 0.0),
INFO:flwr:	                            (8, 0.0),
[92mINFO [0m:      	                            (9, 0.0),
INFO:flwr:	                            (9, 0.0),
[92mINFO [0m:      	                            (10, 0.0),
INFO:flwr:	                            (10, 0.0),
[92mINFO [0m:      	                            (11, 0.0),
INFO:flwr:	                            (11, 0.0),
[92mINFO [0m:      	                            (12, 0.0),
INFO:flwr:	                            (12, 0.0),
[92mINFO [0m:      	                            (13, 0.0),
INFO:flwr:	                            (13, 0.0),
[92mINFO [0m:      	                            (14, 0.0),
INFO:flwr:	                            (14, 0.0),
[92mINFO [0m:      	                            (15, 0.0),
INFO:flwr:	                            (15, 0.0),
[92mINFO [0m:      	                            (16, 0.0),
INFO:flwr:	                            (16, 0.0),
[92mINFO [0m:      	                            (17, 0.0),
INFO:flwr:	                            (17, 0.0),
[92mINFO [0m:      	                            (18, 0.0),
INFO:flwr:	                            (18, 0.0),
[92mINFO [0m:      	                            (19, 0.0),
INFO:flwr:	                            (19, 0.0),
[92mINFO [0m:      	                            (20, 0.0),
INFO:flwr:	                            (20, 0.0),
[92mINFO [0m:      	                            (21, 0.0),
INFO:flwr:	                            (21, 0.0),
[92mINFO [0m:      	                            (22, 0.0),
INFO:flwr:	                            (22, 0.0),
[92mINFO [0m:      	                            (23, 0.0),
INFO:flwr:	                            (23, 0.0),
[92mINFO [0m:      	                            (24, 0.0),
INFO:flwr:	                            (24, 0.0),
[92mINFO [0m:      	                            (25, 0.0),
INFO:flwr:	                            (25, 0.0),
[92mINFO [0m:      	                            (26, 0.0),
INFO:flwr:	                            (26, 0.0),
[92mINFO [0m:      	                            (27, 0.0),
INFO:flwr:	                            (27, 0.0),
[92mINFO [0m:      	                            (28, 0.0),
INFO:flwr:	                            (28, 0.0),
[92mINFO [0m:      	                            (29, 0.0),
INFO:flwr:	                            (29, 0.0),
[92mINFO [0m:      	                            (30, 0.0),
INFO:flwr:	                            (30, 0.0),
[92mINFO [0m:      	                            (31, 0.0),
INFO:flwr:	                            (31, 0.0),
[92mINFO [0m:      	                            (32, 0.0),
INFO:flwr:	                            (32, 0.0),
[92mINFO [0m:      	                            (33, 0.0),
INFO:flwr:	                            (33, 0.0),
[92mINFO [0m:      	                            (34, 0.0),
INFO:flwr:	                            (34, 0.0),
[92mINFO [0m:      	                            (35, 0.0),
INFO:flwr:	                            (35, 0.0),
[92mINFO [0m:      	                            (36, 0.0),
INFO:flwr:	                            (36, 0.0),
[92mINFO [0m:      	                            (37, 0.0),
INFO:flwr:	                            (37, 0.0),
[92mINFO [0m:      	                            (38, 0.0),
INFO:flwr:	                            (38, 0.0),
[92mINFO [0m:      	                            (39, 0.0),
INFO:flwr:	                            (39, 0.0),
[92mINFO [0m:      	                            (40, 0.0),
INFO:flwr:	                            (40, 0.0),
[92mINFO [0m:      	                            (41, 0.0),
INFO:flwr:	                            (41, 0.0),
[92mINFO [0m:      	                            (42, 0.0),
INFO:flwr:	                            (42, 0.0),
[92mINFO [0m:      	                            (43, 0.0),
INFO:flwr:	                            (43, 0.0),
[92mINFO [0m:      	                            (44, 0.0),
INFO:flwr:	                            (44, 0.0),
[92mINFO [0m:      	                            (45, 0.0),
INFO:flwr:	                            (45, 0.0),
[92mINFO [0m:      	                            (46, 0.0),
INFO:flwr:	                            (46, 0.0),
[92mINFO [0m:      	                            (47, 0.0),
INFO:flwr:	                            (47, 0.0),
[92mINFO [0m:      	                            (48, 0.0),
INFO:flwr:	                            (48, 0.0),
[92mINFO [0m:      	                            (49, 0.0),
INFO:flwr:	                            (49, 0.0),
[92mINFO [0m:      	                            (50, 0.0)],
INFO:flwr:	                            (50, 0.0)],
[92mINFO [0m:      	 'layer3_threshold': [(1, 0.5),
INFO:flwr:	 'layer3_threshold': [(1, 0.5),
[92mINFO [0m:      	                      (2, 0.5),
INFO:flwr:	                      (2, 0.5),
[92mINFO [0m:      	                      (3, 0.5),
INFO:flwr:	                      (3, 0.5),
[92mINFO [0m:      	                      (4, 0.5),
INFO:flwr:	                      (4, 0.5),
[92mINFO [0m:      	                      (5, 0.5),
INFO:flwr:	                      (5, 0.5),
[92mINFO [0m:      	                      (6, 0.5),
INFO:flwr:	                      (6, 0.5),
[92mINFO [0m:      	                      (7, 0.5),
INFO:flwr:	                      (7, 0.5),
[92mINFO [0m:      	                      (8, 0.5),
INFO:flwr:	                      (8, 0.5),
[92mINFO [0m:      	                      (9, 0.5),
INFO:flwr:	                      (9, 0.5),
[92mINFO [0m:      	                      (10, 0.5),
INFO:flwr:	                      (10, 0.5),
[92mINFO [0m:      	                      (11, 0.5),
INFO:flwr:	                      (11, 0.5),
[92mINFO [0m:      	                      (12, 0.5),
INFO:flwr:	                      (12, 0.5),
[92mINFO [0m:      	                      (13, 0.5),
INFO:flwr:	                      (13, 0.5),
[92mINFO [0m:      	                      (14, 0.5),
INFO:flwr:	                      (14, 0.5),
[92mINFO [0m:      	                      (15, 0.5),
INFO:flwr:	                      (15, 0.5),
[92mINFO [0m:      	                      (16, 0.5),
INFO:flwr:	                      (16, 0.5),
[92mINFO [0m:      	                      (17, 0.5),
INFO:flwr:	                      (17, 0.5),
[92mINFO [0m:      	                      (18, 0.5),
INFO:flwr:	                      (18, 0.5),
[92mINFO [0m:      	                      (19, 0.5),
INFO:flwr:	                      (19, 0.5),
[92mINFO [0m:      	                      (20, 0.5),
INFO:flwr:	                      (20, 0.5),
[92mINFO [0m:      	                      (21, 0.5),
INFO:flwr:	                      (21, 0.5),
[92mINFO [0m:      	                      (22, 0.5),
INFO:flwr:	                      (22, 0.5),
[92mINFO [0m:      	                      (23, 0.5),
INFO:flwr:	                      (23, 0.5),
[92mINFO [0m:      	                      (24, 0.5),
INFO:flwr:	                      (24, 0.5),
[92mINFO [0m:      	                      (25, 0.5),
INFO:flwr:	                      (25, 0.5),
[92mINFO [0m:      	                      (26, 0.5),
INFO:flwr:	                      (26, 0.5),
[92mINFO [0m:      	                      (27, 0.5),
INFO:flwr:	                      (27, 0.5),
[92mINFO [0m:      	                      (28, 0.5),
INFO:flwr:	                      (28, 0.5),
[92mINFO [0m:      	                      (29, 0.5),
INFO:flwr:	                      (29, 0.5),
[92mINFO [0m:      	                      (30, 0.5),
INFO:flwr:	                      (30, 0.5),
[92mINFO [0m:      	                      (31, 0.5),
INFO:flwr:	                      (31, 0.5),
[92mINFO [0m:      	                      (32, 0.5),
INFO:flwr:	                      (32, 0.5),
[92mINFO [0m:      	                      (33, 0.5),
INFO:flwr:	                      (33, 0.5),
[92mINFO [0m:      	                      (34, 0.5),
INFO:flwr:	                      (34, 0.5),
[92mINFO [0m:      	                      (35, 0.5),
INFO:flwr:	                      (35, 0.5),
[92mINFO [0m:      	                      (36, 0.5),
INFO:flwr:	                      (36, 0.5),
[92mINFO [0m:      	                      (37, 0.5),
INFO:flwr:	                      (37, 0.5),
[92mINFO [0m:      	                      (38, 0.5),
INFO:flwr:	                      (38, 0.5),
[92mINFO [0m:      	                      (39, 0.5),
INFO:flwr:	                      (39, 0.5),
[92mINFO [0m:      	                      (40, 0.5),
INFO:flwr:	                      (40, 0.5),
[92mINFO [0m:      	                      (41, 0.5),
INFO:flwr:	                      (41, 0.5),
[92mINFO [0m:      	                      (42, 0.5),
INFO:flwr:	                      (42, 0.5),
[92mINFO [0m:      	                      (43, 0.5),
INFO:flwr:	                      (43, 0.5),
[92mINFO [0m:      	                      (44, 0.5),
INFO:flwr:	                      (44, 0.5),
[92mINFO [0m:      	                      (45, 0.5),
INFO:flwr:	                      (45, 0.5),
[92mINFO [0m:      	                      (46, 0.5),
INFO:flwr:	                      (46, 0.5),
[92mINFO [0m:      	                      (47, 0.5),
INFO:flwr:	                      (47, 0.5),
[92mINFO [0m:      	                      (48, 0.5),
INFO:flwr:	                      (48, 0.5),
[92mINFO [0m:      	                      (49, 0.5),
INFO:flwr:	                      (49, 0.5),
[92mINFO [0m:      	                      (50, 0.5)],
INFO:flwr:	                      (50, 0.5)],
[92mINFO [0m:      	 'mean_reputation': [(1, 0.9667545557022095),
INFO:flwr:	 'mean_reputation': [(1, 0.9667545557022095),
[92mINFO [0m:      	                     (2, 0.9372868537902832),
INFO:flwr:	                     (2, 0.9372868537902832),
[92mINFO [0m:      	                     (3, 0.9114066958427429),
INFO:flwr:	                     (3, 0.9114066958427429),
[92mINFO [0m:      	                     (4, 0.8886760473251343),
INFO:flwr:	                     (4, 0.8886760473251343),
[92mINFO [0m:      	                     (5, 0.8684698939323425),
INFO:flwr:	                     (5, 0.8684698939323425),
[92mINFO [0m:      	                     (6, 0.850956916809082),
INFO:flwr:	                     (6, 0.850956916809082),
[92mINFO [0m:      	                     (7, 0.8354813456535339),
INFO:flwr:	                     (7, 0.8354813456535339),
[92mINFO [0m:      	                     (8, 0.8217958211898804),
INFO:flwr:	                     (8, 0.8217958211898804),
[92mINFO [0m:      	                     (9, 0.8096994161605835),
INFO:flwr:	                     (9, 0.8096994161605835),
[92mINFO [0m:      	                     (10, 0.7989944815635681),
INFO:flwr:	                     (10, 0.7989944815635681),
[92mINFO [0m:      	                     (11, 0.7895068526268005),
INFO:flwr:	                     (11, 0.7895068526268005),
[92mINFO [0m:      	                     (12, 0.7810985445976257),
INFO:flwr:	                     (12, 0.7810985445976257),
[92mINFO [0m:      	                     (13, 0.7736373543739319),
INFO:flwr:	                     (13, 0.7736373543739319),
[92mINFO [0m:      	                     (14, 0.7670138478279114),
INFO:flwr:	                     (14, 0.7670138478279114),
[92mINFO [0m:      	                     (15, 0.761130154132843),
INFO:flwr:	                     (15, 0.761130154132843),
[92mINFO [0m:      	                     (16, 0.7559022307395935),
INFO:flwr:	                     (16, 0.7559022307395935),
[92mINFO [0m:      	                     (17, 0.7351313829421997),
INFO:flwr:	                     (17, 0.7351313829421997),
[92mINFO [0m:      	                     (18, 0.7164653539657593),
INFO:flwr:	                     (18, 0.7164653539657593),
[92mINFO [0m:      	                     (19, 0.6996890306472778),
INFO:flwr:	                     (19, 0.6996890306472778),
[92mINFO [0m:      	                     (20, 0.6846098303794861),
INFO:flwr:	                     (20, 0.6846098303794861),
[92mINFO [0m:      	                     (21, 0.6710554957389832),
INFO:flwr:	                     (21, 0.6710554957389832),
[92mINFO [0m:      	                     (22, 0.6588703989982605),
INFO:flwr:	                     (22, 0.6588703989982605),
[92mINFO [0m:      	                     (23, 0.6479161977767944),
INFO:flwr:	                     (23, 0.6479161977767944),
[92mINFO [0m:      	                     (24, 0.6380676031112671),
INFO:flwr:	                     (24, 0.6380676031112671),
[92mINFO [0m:      	                     (25, 0.6292125582695007),
INFO:flwr:	                     (25, 0.6292125582695007),
[92mINFO [0m:      	                     (26, 0.6212506890296936),
INFO:flwr:	                     (26, 0.6212506890296936),
[92mINFO [0m:      	                     (27, 0.6140915751457214),
INFO:flwr:	                     (27, 0.6140915751457214),
[92mINFO [0m:      	                     (28, 0.6185519695281982),
INFO:flwr:	                     (28, 0.6185519695281982),
[92mINFO [0m:      	                     (29, 0.6116726398468018),
INFO:flwr:	                     (29, 0.6116726398468018),
[92mINFO [0m:      	                     (30, 0.6054848432540894),
INFO:flwr:	                     (30, 0.6054848432540894),
[92mINFO [0m:      	                     (31, 0.5999191403388977),
INFO:flwr:	                     (31, 0.5999191403388977),
[92mINFO [0m:      	                     (32, 0.6066033244132996),
INFO:flwr:	                     (32, 0.6066033244132996),
[92mINFO [0m:      	                     (33, 0.6009311079978943),
INFO:flwr:	                     (33, 0.6009311079978943),
[92mINFO [0m:      	                     (34, 0.5958282351493835),
INFO:flwr:	                     (34, 0.5958282351493835),
[92mINFO [0m:      	                     (35, 0.5912370681762695),
INFO:flwr:	                     (35, 0.5912370681762695),
[92mINFO [0m:      	                     (36, 0.5982078313827515),
INFO:flwr:	                     (36, 0.5982078313827515),
[92mINFO [0m:      	                     (37, 0.5933815836906433),
INFO:flwr:	                     (37, 0.5933815836906433),
[92mINFO [0m:      	                     (38, 0.5890271663665771),
INFO:flwr:	                     (38, 0.5890271663665771),
[92mINFO [0m:      	                     (39, 0.5851213932037354),
INFO:flwr:	                     (39, 0.5851213932037354),
[92mINFO [0m:      	                     (40, 0.5932953953742981),
INFO:flwr:	                     (40, 0.5932953953742981),
[92mINFO [0m:      	                     (41, 0.5889642834663391),
INFO:flwr:	                     (41, 0.5889642834663391),
[92mINFO [0m:      	                     (42, 0.5850666761398315),
INFO:flwr:	                     (42, 0.5850666761398315),
[92mINFO [0m:      	                     (43, 0.5925840139389038),
INFO:flwr:	                     (43, 0.5925840139389038),
[92mINFO [0m:      	                     (44, 0.5988046526908875),
INFO:flwr:	                     (44, 0.5988046526908875),
[92mINFO [0m:      	                     (45, 0.5939239859580994),
INFO:flwr:	                     (45, 0.5939239859580994),
[92mINFO [0m:      	                     (46, 0.6002458930015564),
INFO:flwr:	                     (46, 0.6002458930015564),
[92mINFO [0m:      	                     (47, 0.5952214598655701),
INFO:flwr:	                     (47, 0.5952214598655701),
[92mINFO [0m:      	                     (48, 0.5906997323036194),
INFO:flwr:	                     (48, 0.5906997323036194),
[92mINFO [0m:      	                     (49, 0.5866304039955139),
INFO:flwr:	                     (49, 0.5866304039955139),
[92mINFO [0m:      	                     (50, 0.5829683542251587)],
INFO:flwr:	                     (50, 0.5829683542251587)],
[92mINFO [0m:      	 'min_reputation': [(1, 0.8999999761581421),
INFO:flwr:	 'min_reputation': [(1, 0.8999999761581421),
[92mINFO [0m:      	                    (2, 0.8100000023841858),
INFO:flwr:	                    (2, 0.8100000023841858),
[92mINFO [0m:      	                    (3, 0.7289999723434448),
INFO:flwr:	                    (3, 0.7289999723434448),
[92mINFO [0m:      	                    (4, 0.6560999751091003),
INFO:flwr:	                    (4, 0.6560999751091003),
[92mINFO [0m:      	                    (5, 0.5904899835586548),
INFO:flwr:	                    (5, 0.5904899835586548),
[92mINFO [0m:      	                    (6, 0.5314409732818604),
INFO:flwr:	                    (6, 0.5314409732818604),
[92mINFO [0m:      	                    (7, 0.4782969057559967),
INFO:flwr:	                    (7, 0.4782969057559967),
[92mINFO [0m:      	                    (8, 0.4304672181606293),
INFO:flwr:	                    (8, 0.4304672181606293),
[92mINFO [0m:      	                    (9, 0.3874204754829407),
INFO:flwr:	                    (9, 0.3874204754829407),
[92mINFO [0m:      	                    (10, 0.34867843985557556),
INFO:flwr:	                    (10, 0.34867843985557556),
[92mINFO [0m:      	                    (11, 0.3138105869293213),
INFO:flwr:	                    (11, 0.3138105869293213),
[92mINFO [0m:      	                    (12, 0.2824295461177826),
INFO:flwr:	                    (12, 0.2824295461177826),
[92mINFO [0m:      	                    (13, 0.25418657064437866),
INFO:flwr:	                    (13, 0.25418657064437866),
[92mINFO [0m:      	                    (14, 0.22876793146133423),
INFO:flwr:	                    (14, 0.22876793146133423),
[92mINFO [0m:      	                    (15, 0.20589113235473633),
INFO:flwr:	                    (15, 0.20589113235473633),
[92mINFO [0m:      	                    (16, 0.1853020191192627),
INFO:flwr:	                    (16, 0.1853020191192627),
[92mINFO [0m:      	                    (17, 0.1667718142271042),
INFO:flwr:	                    (17, 0.1667718142271042),
[92mINFO [0m:      	                    (18, 0.1500946283340454),
INFO:flwr:	                    (18, 0.1500946283340454),
[92mINFO [0m:      	                    (19, 0.13508516550064087),
INFO:flwr:	                    (19, 0.13508516550064087),
[92mINFO [0m:      	                    (20, 0.12157665193080902),
INFO:flwr:	                    (20, 0.12157665193080902),
[92mINFO [0m:      	                    (21, 0.10941898822784424),
INFO:flwr:	                    (21, 0.10941898822784424),
[92mINFO [0m:      	                    (22, 0.0984770879149437),
INFO:flwr:	                    (22, 0.0984770879149437),
[92mINFO [0m:      	                    (23, 0.08862937986850739),
INFO:flwr:	                    (23, 0.08862937986850739),
[92mINFO [0m:      	                    (24, 0.07976644486188889),
INFO:flwr:	                    (24, 0.07976644486188889),
[92mINFO [0m:      	                    (25, 0.07178980112075806),
INFO:flwr:	                    (25, 0.07178980112075806),
[92mINFO [0m:      	                    (26, 0.06461081653833389),
INFO:flwr:	                    (26, 0.06461081653833389),
[92mINFO [0m:      	                    (27, 0.05814973637461662),
INFO:flwr:	                    (27, 0.05814973637461662),
[92mINFO [0m:      	                    (28, 0.05233476310968399),
INFO:flwr:	                    (28, 0.05233476310968399),
[92mINFO [0m:      	                    (29, 0.04710128530859947),
INFO:flwr:	                    (29, 0.04710128530859947),
[92mINFO [0m:      	                    (30, 0.042391158640384674),
INFO:flwr:	                    (30, 0.042391158640384674),
[92mINFO [0m:      	                    (31, 0.03815204277634621),
INFO:flwr:	                    (31, 0.03815204277634621),
[92mINFO [0m:      	                    (32, 0.034336838871240616),
INFO:flwr:	                    (32, 0.034336838871240616),
[92mINFO [0m:      	                    (33, 0.030903154984116554),
INFO:flwr:	                    (33, 0.030903154984116554),
[92mINFO [0m:      	                    (34, 0.027812838554382324),
INFO:flwr:	                    (34, 0.027812838554382324),
[92mINFO [0m:      	                    (35, 0.02503155544400215),
INFO:flwr:	                    (35, 0.02503155544400215),
[92mINFO [0m:      	                    (36, 0.022528398782014847),
INFO:flwr:	                    (36, 0.022528398782014847),
[92mINFO [0m:      	                    (37, 0.020275559276342392),
INFO:flwr:	                    (37, 0.020275559276342392),
[92mINFO [0m:      	                    (38, 0.018248002976179123),
INFO:flwr:	                    (38, 0.018248002976179123),
[92mINFO [0m:      	                    (39, 0.01642320305109024),
INFO:flwr:	                    (39, 0.01642320305109024),
[92mINFO [0m:      	                    (40, 0.014780882745981216),
INFO:flwr:	                    (40, 0.014780882745981216),
[92mINFO [0m:      	                    (41, 0.01330279465764761),
INFO:flwr:	                    (41, 0.01330279465764761),
[92mINFO [0m:      	                    (42, 0.011972514912486076),
INFO:flwr:	                    (42, 0.011972514912486076),
[92mINFO [0m:      	                    (43, 0.010775263421237469),
INFO:flwr:	                    (43, 0.010775263421237469),
[92mINFO [0m:      	                    (44, 0.00969773717224598),
INFO:flwr:	                    (44, 0.00969773717224598),
[92mINFO [0m:      	                    (45, 0.008727964013814926),
INFO:flwr:	                    (45, 0.008727964013814926),
[92mINFO [0m:      	                    (46, 0.007855167612433434),
INFO:flwr:	                    (46, 0.007855167612433434),
[92mINFO [0m:      	                    (47, 0.007069650571793318),
INFO:flwr:	                    (47, 0.007069650571793318),
[92mINFO [0m:      	                    (48, 0.006362685468047857),
INFO:flwr:	                    (48, 0.006362685468047857),
[92mINFO [0m:      	                    (49, 0.005726417060941458),
INFO:flwr:	                    (49, 0.005726417060941458),
[92mINFO [0m:      	                    (50, 0.005153775215148926)],
INFO:flwr:	                    (50, 0.005153775215148926)],
[92mINFO [0m:      	 'server_round': [(1, 1),
INFO:flwr:	 'server_round': [(1, 1),
[92mINFO [0m:      	                  (2, 2),
INFO:flwr:	                  (2, 2),
[92mINFO [0m:      	                  (3, 3),
INFO:flwr:	                  (3, 3),
[92mINFO [0m:      	                  (4, 4),
INFO:flwr:	                  (4, 4),
[92mINFO [0m:      	                  (5, 5),
INFO:flwr:	                  (5, 5),
[92mINFO [0m:      	                  (6, 6),
INFO:flwr:	                  (6, 6),
[92mINFO [0m:      	                  (7, 7),
INFO:flwr:	                  (7, 7),
[92mINFO [0m:      	                  (8, 8),
INFO:flwr:	                  (8, 8),
[92mINFO [0m:      	                  (9, 9),
INFO:flwr:	                  (9, 9),
[92mINFO [0m:      	                  (10, 10),
INFO:flwr:	                  (10, 10),
[92mINFO [0m:      	                  (11, 11),
INFO:flwr:	                  (11, 11),
[92mINFO [0m:      	                  (12, 12),
INFO:flwr:	                  (12, 12),
[92mINFO [0m:      	                  (13, 13),
INFO:flwr:	                  (13, 13),
[92mINFO [0m:      	                  (14, 14),
INFO:flwr:	                  (14, 14),
[92mINFO [0m:      	                  (15, 15),
INFO:flwr:	                  (15, 15),
[92mINFO [0m:      	                  (16, 16),
INFO:flwr:	                  (16, 16),
[92mINFO [0m:      	                  (17, 17),
INFO:flwr:	                  (17, 17),
[92mINFO [0m:      	                  (18, 18),
INFO:flwr:	                  (18, 18),
[92mINFO [0m:      	                  (19, 19),
INFO:flwr:	                  (19, 19),
[92mINFO [0m:      	                  (20, 20),
INFO:flwr:	                  (20, 20),
[92mINFO [0m:      	                  (21, 21),
INFO:flwr:	                  (21, 21),
[92mINFO [0m:      	                  (22, 22),
INFO:flwr:	                  (22, 22),
[92mINFO [0m:      	                  (23, 23),
INFO:flwr:	                  (23, 23),
[92mINFO [0m:      	                  (24, 24),
INFO:flwr:	                  (24, 24),
[92mINFO [0m:      	                  (25, 25),
INFO:flwr:	                  (25, 25),
[92mINFO [0m:      	                  (26, 26),
INFO:flwr:	                  (26, 26),
[92mINFO [0m:      	                  (27, 27),
INFO:flwr:	                  (27, 27),
[92mINFO [0m:      	                  (28, 28),
INFO:flwr:	                  (28, 28),
[92mINFO [0m:      	                  (29, 29),
INFO:flwr:	                  (29, 29),
[92mINFO [0m:      	                  (30, 30),
INFO:flwr:	                  (30, 30),
[92mINFO [0m:      	                  (31, 31),
INFO:flwr:	                  (31, 31),
[92mINFO [0m:      	                  (32, 32),
INFO:flwr:	                  (32, 32),
[92mINFO [0m:      	                  (33, 33),
INFO:flwr:	                  (33, 33),
[92mINFO [0m:      	                  (34, 34),
INFO:flwr:	                  (34, 34),
[92mINFO [0m:      	                  (35, 35),
INFO:flwr:	                  (35, 35),
[92mINFO [0m:      	                  (36, 36),
INFO:flwr:	                  (36, 36),
[92mINFO [0m:      	                  (37, 37),
INFO:flwr:	                  (37, 37),
[92mINFO [0m:      	                  (38, 38),
INFO:flwr:	                  (38, 38),
[92mINFO [0m:      	                  (39, 39),
INFO:flwr:	                  (39, 39),
[92mINFO [0m:      	                  (40, 40),
INFO:flwr:	                  (40, 40),
[92mINFO [0m:      	                  (41, 41),
INFO:flwr:	                  (41, 41),
[92mINFO [0m:      	                  (42, 42),
INFO:flwr:	                  (42, 42),
[92mINFO [0m:      	                  (43, 43),
INFO:flwr:	                  (43, 43),
[92mINFO [0m:      	                  (44, 44),
INFO:flwr:	                  (44, 44),
[92mINFO [0m:      	                  (45, 45),
INFO:flwr:	                  (45, 45),
[92mINFO [0m:      	                  (46, 46),
INFO:flwr:	                  (46, 46),
[92mINFO [0m:      	                  (47, 47),
INFO:flwr:	                  (47, 47),
[92mINFO [0m:      	                  (48, 48),
INFO:flwr:	                  (48, 48),
[92mINFO [0m:      	                  (49, 49),
INFO:flwr:	                  (49, 49),
[92mINFO [0m:      	                  (50, 50)]}
INFO:flwr:	                  (50, 50)]}
[92mINFO [0m:      	History (metrics, distributed, evaluate):
INFO:flwr:	History (metrics, distributed, evaluate):
[92mINFO [0m:      	{'accuracy': [(1, 0.9653),
INFO:flwr:	{'accuracy': [(1, 0.9653),
[92mINFO [0m:      	              (2, 0.9587666666666667),
INFO:flwr:	              (2, 0.9587666666666667),
[92mINFO [0m:      	              (3, 0.9441333333333334),
INFO:flwr:	              (3, 0.9441333333333334),
[92mINFO [0m:      	              (4, 0.9613666666666667),
INFO:flwr:	              (4, 0.9613666666666667),
[92mINFO [0m:      	              (5, 0.9535333333333333),
INFO:flwr:	              (5, 0.9535333333333333),
[92mINFO [0m:      	              (6, 0.9617666666666667),
INFO:flwr:	              (6, 0.9617666666666667),
[92mINFO [0m:      	              (7, 0.9634666666666667),
INFO:flwr:	              (7, 0.9634666666666667),
[92mINFO [0m:      	              (8, 0.9652333333333334),
INFO:flwr:	              (8, 0.9652333333333334),
[92mINFO [0m:      	              (9, 0.96),
INFO:flwr:	              (9, 0.96),
[92mINFO [0m:      	              (10, 0.9643333333333334),
INFO:flwr:	              (10, 0.9643333333333334),
[92mINFO [0m:      	              (11, 0.9639666666666666),
INFO:flwr:	              (11, 0.9639666666666666),
[92mINFO [0m:      	              (12, 0.9622666666666667),
INFO:flwr:	              (12, 0.9622666666666667),
[92mINFO [0m:      	              (13, 0.9617333333333333),
INFO:flwr:	              (13, 0.9617333333333333),
[92mINFO [0m:      	              (14, 0.9640333333333333),
INFO:flwr:	              (14, 0.9640333333333333),
[92mINFO [0m:      	              (15, 0.9603),
INFO:flwr:	              (15, 0.9603),
[92mINFO [0m:      	              (16, 0.9623),
INFO:flwr:	              (16, 0.9623),
[92mINFO [0m:      	              (17, 0.9644),
INFO:flwr:	              (17, 0.9644),
[92mINFO [0m:      	              (18, 0.9585666666666667),
INFO:flwr:	              (18, 0.9585666666666667),
[92mINFO [0m:      	              (19, 0.9617666666666667),
INFO:flwr:	              (19, 0.9617666666666667),
[92mINFO [0m:      	              (20, 0.9635666666666667),
INFO:flwr:	              (20, 0.9635666666666667),
[92mINFO [0m:      	              (21, 0.9656333333333333),
INFO:flwr:	              (21, 0.9656333333333333),
[92mINFO [0m:      	              (22, 0.9635333333333334),
INFO:flwr:	              (22, 0.9635333333333334),
[92mINFO [0m:      	              (23, 0.9679666666666666),
INFO:flwr:	              (23, 0.9679666666666666),
[92mINFO [0m:      	              (24, 0.9648333333333333),
INFO:flwr:	              (24, 0.9648333333333333),
[92mINFO [0m:      	              (25, 0.9658333333333333),
INFO:flwr:	              (25, 0.9658333333333333),
[92mINFO [0m:      	              (26, 0.9675666666666667),
INFO:flwr:	              (26, 0.9675666666666667),
[92mINFO [0m:      	              (27, 0.9677666666666667),
INFO:flwr:	              (27, 0.9677666666666667),
[92mINFO [0m:      	              (28, 0.9634666666666667),
INFO:flwr:	              (28, 0.9634666666666667),
[92mINFO [0m:      	              (29, 0.9691666666666666),
INFO:flwr:	              (29, 0.9691666666666666),
[92mINFO [0m:      	              (30, 0.9650333333333333),
INFO:flwr:	              (30, 0.9650333333333333),
[92mINFO [0m:      	              (31, 0.9683666666666667),
INFO:flwr:	              (31, 0.9683666666666667),
[92mINFO [0m:      	              (32, 0.9670333333333333),
INFO:flwr:	              (32, 0.9670333333333333),
[92mINFO [0m:      	              (33, 0.9689666666666666),
INFO:flwr:	              (33, 0.9689666666666666),
[92mINFO [0m:      	              (34, 0.9691333333333333),
INFO:flwr:	              (34, 0.9691333333333333),
[92mINFO [0m:      	              (35, 0.9681666666666666),
INFO:flwr:	              (35, 0.9681666666666666),
[92mINFO [0m:      	              (36, 0.9661666666666666),
INFO:flwr:	              (36, 0.9661666666666666),
[92mINFO [0m:      	              (37, 0.97),
INFO:flwr:	              (37, 0.97),
[92mINFO [0m:      	              (38, 0.9660333333333333),
INFO:flwr:	              (38, 0.9660333333333333),
[92mINFO [0m:      	              (39, 0.9695666666666667),
INFO:flwr:	              (39, 0.9695666666666667),
[92mINFO [0m:      	              (40, 0.9655666666666667),
INFO:flwr:	              (40, 0.9655666666666667),
[92mINFO [0m:      	              (41, 0.9705333333333334),
INFO:flwr:	              (41, 0.9705333333333334),
[92mINFO [0m:      	              (42, 0.9691333333333333),
INFO:flwr:	              (42, 0.9691333333333333),
[92mINFO [0m:      	              (43, 0.9662333333333334),
INFO:flwr:	              (43, 0.9662333333333334),
[92mINFO [0m:      	              (44, 0.9689),
INFO:flwr:	              (44, 0.9689),
[92mINFO [0m:      	              (45, 0.9697),
INFO:flwr:	              (45, 0.9697),
[92mINFO [0m:      	              (46, 0.9657),
INFO:flwr:	              (46, 0.9657),
[92mINFO [0m:      	              (47, 0.9704666666666667),
INFO:flwr:	              (47, 0.9704666666666667),
[92mINFO [0m:      	              (48, 0.9698333333333333),
INFO:flwr:	              (48, 0.9698333333333333),
[92mINFO [0m:      	              (49, 0.9688333333333333),
INFO:flwr:	              (49, 0.9688333333333333),
[92mINFO [0m:      	              (50, 0.9695)],
INFO:flwr:	              (50, 0.9695)],
[92mINFO [0m:      	 'auc': [(1, 0.9044373230575654),
INFO:flwr:	 'auc': [(1, 0.9044373230575654),
[92mINFO [0m:      	         (2, 0.9126959106637309),
INFO:flwr:	         (2, 0.9126959106637309),
[92mINFO [0m:      	         (3, 0.9087628499528153),
INFO:flwr:	         (3, 0.9087628499528153),
[92mINFO [0m:      	         (4, 0.9049927021075811),
INFO:flwr:	         (4, 0.9049927021075811),
[92mINFO [0m:      	         (5, 0.9079611827618749),
INFO:flwr:	         (5, 0.9079611827618749),
[92mINFO [0m:      	         (6, 0.9084359232463037),
INFO:flwr:	         (6, 0.9084359232463037),
[92mINFO [0m:      	         (7, 0.9084019031141867),
INFO:flwr:	         (7, 0.9084019031141867),
[92mINFO [0m:      	         (8, 0.9072627870399497),
INFO:flwr:	         (8, 0.9072627870399497),
[92mINFO [0m:      	         (9, 0.9069057407989933),
INFO:flwr:	         (9, 0.9069057407989933),
[92mINFO [0m:      	         (10, 0.9109144385026738),
INFO:flwr:	         (10, 0.9109144385026738),
[92mINFO [0m:      	         (11, 0.9133114973262032),
INFO:flwr:	         (11, 0.9133114973262032),
[92mINFO [0m:      	         (12, 0.9097810160427806),
INFO:flwr:	         (12, 0.9097810160427806),
[92mINFO [0m:      	         (13, 0.9117614658697705),
INFO:flwr:	         (13, 0.9117614658697705),
[92mINFO [0m:      	         (14, 0.910929002831079),
INFO:flwr:	         (14, 0.910929002831079),
[92mINFO [0m:      	         (15, 0.9108355457691095),
INFO:flwr:	         (15, 0.9108355457691095),
[92mINFO [0m:      	         (16, 0.9056625983013527),
INFO:flwr:	         (16, 0.9056625983013527),
[92mINFO [0m:      	         (17, 0.9064699905630702),
INFO:flwr:	         (17, 0.9064699905630702),
[92mINFO [0m:      	         (18, 0.909880056621579),
INFO:flwr:	         (18, 0.909880056621579),
[92mINFO [0m:      	         (19, 0.9066268952500786),
INFO:flwr:	         (19, 0.9066268952500786),
[92mINFO [0m:      	         (20, 0.8988959893048127),
INFO:flwr:	         (20, 0.8988959893048127),
[92mINFO [0m:      	         (21, 0.9083899811261403),
INFO:flwr:	         (21, 0.9083899811261403),
[92mINFO [0m:      	         (22, 0.9016242843661529),
INFO:flwr:	         (22, 0.9016242843661529),
[92mINFO [0m:      	         (23, 0.8965129915067631),
INFO:flwr:	         (23, 0.8965129915067631),
[92mINFO [0m:      	         (24, 0.9020775401069518),
INFO:flwr:	         (24, 0.9020775401069518),
[92mINFO [0m:      	         (25, 0.8885158540421517),
INFO:flwr:	         (25, 0.8885158540421517),
[92mINFO [0m:      	         (26, 0.898328593897452),
INFO:flwr:	         (26, 0.898328593897452),
[92mINFO [0m:      	         (27, 0.902410034602076),
INFO:flwr:	         (27, 0.902410034602076),
[92mINFO [0m:      	         (28, 0.9025302768166089),
INFO:flwr:	         (28, 0.9025302768166089),
[92mINFO [0m:      	         (29, 0.8926693771626297),
INFO:flwr:	         (29, 0.8926693771626297),
[92mINFO [0m:      	         (30, 0.8976193771626297),
INFO:flwr:	         (30, 0.8976193771626297),
[92mINFO [0m:      	         (31, 0.9007712645486001),
INFO:flwr:	         (31, 0.9007712645486001),
[92mINFO [0m:      	         (32, 0.9025738282478768),
INFO:flwr:	         (32, 0.9025738282478768),
[92mINFO [0m:      	         (33, 0.8859054105064487),
INFO:flwr:	         (33, 0.8859054105064487),
[92mINFO [0m:      	         (34, 0.8846353098458636),
INFO:flwr:	         (34, 0.8846353098458636),
[92mINFO [0m:      	         (35, 0.8839677886127711),
INFO:flwr:	         (35, 0.8839677886127711),
[92mINFO [0m:      	         (36, 0.895168637936458),
INFO:flwr:	         (36, 0.895168637936458),
[92mINFO [0m:      	         (37, 0.899660034602076),
INFO:flwr:	         (37, 0.899660034602076),
[92mINFO [0m:      	         (38, 0.8957878892733564),
INFO:flwr:	         (38, 0.8957878892733564),
[92mINFO [0m:      	         (39, 0.8871799779804969),
INFO:flwr:	         (39, 0.8871799779804969),
[92mINFO [0m:      	         (40, 0.8981712173639508),
INFO:flwr:	         (40, 0.8981712173639508),
[92mINFO [0m:      	         (41, 0.8897961937716263),
INFO:flwr:	         (41, 0.8897961937716263),
[92mINFO [0m:      	         (42, 0.887590909090909),
INFO:flwr:	         (42, 0.887590909090909),
[92mINFO [0m:      	         (43, 0.8937843032400126),
INFO:flwr:	         (43, 0.8937843032400126),
[92mINFO [0m:      	         (44, 0.8913416797735136),
INFO:flwr:	         (44, 0.8913416797735136),
[92mINFO [0m:      	         (45, 0.8835580685750234),
INFO:flwr:	         (45, 0.8835580685750234),
[92mINFO [0m:      	         (46, 0.8859446366782007),
INFO:flwr:	         (46, 0.8859446366782007),
[92mINFO [0m:      	         (47, 0.8716932211387229),
INFO:flwr:	         (47, 0.8716932211387229),
[92mINFO [0m:      	         (48, 0.8804897452028938),
INFO:flwr:	         (48, 0.8804897452028938),
[92mINFO [0m:      	         (49, 0.880337087134319),
INFO:flwr:	         (49, 0.880337087134319),
[92mINFO [0m:      	         (50, 0.8829132274300094)],
INFO:flwr:	         (50, 0.8829132274300094)],
[92mINFO [0m:      	 'f1': [(1, 0.5274625510667272),
INFO:flwr:	 'f1': [(1, 0.5274625510667272),
[92mINFO [0m:      	        (2, 0.5014107214832729),
INFO:flwr:	        (2, 0.5014107214832729),
[92mINFO [0m:      	        (3, 0.45192936559843033),
INFO:flwr:	        (3, 0.45192936559843033),
[92mINFO [0m:      	        (4, 0.5111767186840995),
INFO:flwr:	        (4, 0.5111767186840995),
[92mINFO [0m:      	        (5, 0.48522895125553916),
INFO:flwr:	        (5, 0.48522895125553916),
[92mINFO [0m:      	        (6, 0.5214851898206091),
INFO:flwr:	        (6, 0.5214851898206091),
[92mINFO [0m:      	        (7, 0.5234782608695652),
INFO:flwr:	        (7, 0.5234782608695652),
[92mINFO [0m:      	        (8, 0.5374722838137472),
INFO:flwr:	        (8, 0.5374722838137472),
[92mINFO [0m:      	        (9, 0.5117982099267697),
INFO:flwr:	        (9, 0.5117982099267697),
[92mINFO [0m:      	        (10, 0.5347826086956522),
INFO:flwr:	        (10, 0.5347826086956522),
[92mINFO [0m:      	        (11, 0.536648092584655),
INFO:flwr:	        (11, 0.536648092584655),
[92mINFO [0m:      	        (12, 0.5235690235690235),
INFO:flwr:	        (12, 0.5235690235690235),
[92mINFO [0m:      	        (13, 0.52679307502061),
INFO:flwr:	        (13, 0.52679307502061),
[92mINFO [0m:      	        (14, 0.5359139784946236),
INFO:flwr:	        (14, 0.5359139784946236),
[92mINFO [0m:      	        (15, 0.5176184690157959),
INFO:flwr:	        (15, 0.5176184690157959),
[92mINFO [0m:      	        (16, 0.5233881163084703),
INFO:flwr:	        (16, 0.5233881163084703),
[92mINFO [0m:      	        (17, 0.5336244541484716),
INFO:flwr:	        (17, 0.5336244541484716),
[92mINFO [0m:      	        (18, 0.5135029354207437),
INFO:flwr:	        (18, 0.5135029354207437),
[92mINFO [0m:      	        (19, 0.5258371227780074),
INFO:flwr:	        (19, 0.5258371227780074),
[92mINFO [0m:      	        (20, 0.5212439772229522),
INFO:flwr:	        (20, 0.5212439772229522),
[92mINFO [0m:      	        (21, 0.5472112428634167),
INFO:flwr:	        (21, 0.5472112428634167),
[92mINFO [0m:      	        (22, 0.5255854293148309),
INFO:flwr:	        (22, 0.5255854293148309),
[92mINFO [0m:      	        (23, 0.5507246376811594),
INFO:flwr:	        (23, 0.5507246376811594),
[92mINFO [0m:      	        (24, 0.5366710584101888),
INFO:flwr:	        (24, 0.5366710584101888),
[92mINFO [0m:      	        (25, 0.5317496573777981),
INFO:flwr:	        (25, 0.5317496573777981),
[92mINFO [0m:      	        (26, 0.5476522547652255),
INFO:flwr:	        (26, 0.5476522547652255),
[92mINFO [0m:      	        (27, 0.5491841491841492),
INFO:flwr:	        (27, 0.5491841491841492),
[92mINFO [0m:      	        (28, 0.5243055555555556),
INFO:flwr:	        (28, 0.5243055555555556),
[92mINFO [0m:      	        (29, 0.5454545454545454),
INFO:flwr:	        (29, 0.5454545454545454),
[92mINFO [0m:      	        (30, 0.5310683951721055),
INFO:flwr:	        (30, 0.5310683951721055),
[92mINFO [0m:      	        (31, 0.5550867323019222),
INFO:flwr:	        (31, 0.5550867323019222),
[92mINFO [0m:      	        (32, 0.536333802156587),
INFO:flwr:	        (32, 0.536333802156587),
[92mINFO [0m:      	        (33, 0.5290844714213455),
INFO:flwr:	        (33, 0.5290844714213455),
[92mINFO [0m:      	        (34, 0.5397614314115308),
INFO:flwr:	        (34, 0.5397614314115308),
[92mINFO [0m:      	        (35, 0.5334636052760137),
INFO:flwr:	        (35, 0.5334636052760137),
[92mINFO [0m:      	        (36, 0.5250350959288722),
INFO:flwr:	        (36, 0.5250350959288722),
[92mINFO [0m:      	        (37, 0.55),
INFO:flwr:	        (37, 0.55),
[92mINFO [0m:      	        (38, 0.5253842571029343),
INFO:flwr:	        (38, 0.5253842571029343),
[92mINFO [0m:      	        (39, 0.5358413828164718),
INFO:flwr:	        (39, 0.5358413828164718),
[92mINFO [0m:      	        (40, 0.5210941121928605),
INFO:flwr:	        (40, 0.5210941121928605),
[92mINFO [0m:      	        (41, 0.5433884297520661),
INFO:flwr:	        (41, 0.5433884297520661),
[92mINFO [0m:      	        (42, 0.5402184707050647),
INFO:flwr:	        (42, 0.5402184707050647),
[92mINFO [0m:      	        (43, 0.5210401891252955),
INFO:flwr:	        (43, 0.5210401891252955),
[92mINFO [0m:      	        (44, 0.5323308270676692),
INFO:flwr:	        (44, 0.5323308270676692),
[92mINFO [0m:      	        (45, 0.5392802838317283),
INFO:flwr:	        (45, 0.5392802838317283),
[92mINFO [0m:      	        (46, 0.5074198180947822),
INFO:flwr:	        (46, 0.5074198180947822),
[92mINFO [0m:      	        (47, 0.5277185501066098),
INFO:flwr:	        (47, 0.5277185501066098),
[92mINFO [0m:      	        (48, 0.5318158303155717),
INFO:flwr:	        (48, 0.5318158303155717),
[92mINFO [0m:      	        (49, 0.5251396648044692),
INFO:flwr:	        (49, 0.5251396648044692),
[92mINFO [0m:      	        (50, 0.5324476239141543)],
INFO:flwr:	        (50, 0.5324476239141543)],
[92mINFO [0m:      	 'precision': [(1, 0.5267452402538532),
INFO:flwr:	 'precision': [(1, 0.5267452402538532),
[92mINFO [0m:      	               (2, 0.45039826212889217),
INFO:flwr:	               (2, 0.45039826212889217),
[92mINFO [0m:      	               (3, 0.3529111338100102),
INFO:flwr:	               (3, 0.3529111338100102),
[92mINFO [0m:      	               (4, 0.4767899291896145),
INFO:flwr:	               (4, 0.4767899291896145),
[92mINFO [0m:      	               (5, 0.40858208955223874),
INFO:flwr:	               (5, 0.40858208955223874),
[92mINFO [0m:      	               (6, 0.481881264456438),
INFO:flwr:	               (6, 0.481881264456438),
[92mINFO [0m:      	               (7, 0.5016666666666668),
INFO:flwr:	               (7, 0.5016666666666668),
[92mINFO [0m:      	               (8, 0.5246753246753245),
INFO:flwr:	               (8, 0.5246753246753245),
[92mINFO [0m:      	               (9, 0.4631811487481591),
INFO:flwr:	               (9, 0.4631811487481591),
[92mINFO [0m:      	               (10, 0.5125),
INFO:flwr:	               (10, 0.5125),
[92mINFO [0m:      	               (11, 0.5077047850770479),
INFO:flwr:	               (11, 0.5077047850770479),
[92mINFO [0m:      	               (12, 0.4874608150470219),
INFO:flwr:	               (12, 0.4874608150470219),
[92mINFO [0m:      	               (13, 0.4819004524886878),
INFO:flwr:	               (13, 0.4819004524886878),
[92mINFO [0m:      	               (14, 0.5085714285714286),
INFO:flwr:	               (14, 0.5085714285714286),
[92mINFO [0m:      	               (15, 0.46676406135865595),
INFO:flwr:	               (15, 0.46676406135865595),
[92mINFO [0m:      	               (16, 0.48782403770620575),
INFO:flwr:	               (16, 0.48782403770620575),
[92mINFO [0m:      	               (17, 0.5134453781512605),
INFO:flwr:	               (17, 0.5134453781512605),
[92mINFO [0m:      	               (18, 0.45085910652920963),
INFO:flwr:	               (18, 0.45085910652920963),
[92mINFO [0m:      	               (19, 0.48218347232752085),
INFO:flwr:	               (19, 0.48218347232752085),
[92mINFO [0m:      	               (20, 0.5029585798816568),
INFO:flwr:	               (20, 0.5029585798816568),
[92mINFO [0m:      	               (21, 0.5293118096856415),
INFO:flwr:	               (21, 0.5293118096856415),
[92mINFO [0m:      	               (22, 0.5024875621890549),
INFO:flwr:	               (22, 0.5024875621890549),
[92mINFO [0m:      	               (23, 0.566891241578441),
INFO:flwr:	               (23, 0.566891241578441),
[92mINFO [0m:      	               (24, 0.5191163976210705),
INFO:flwr:	               (24, 0.5191163976210705),
[92mINFO [0m:      	               (25, 0.5344352617079888),
INFO:flwr:	               (25, 0.5344352617079888),
[92mINFO [0m:      	               (26, 0.560418648905804),
INFO:flwr:	               (26, 0.560418648905804),
[92mINFO [0m:      	               (27, 0.5636363636363636),
INFO:flwr:	               (27, 0.5636363636363636),
[92mINFO [0m:      	               (28, 0.5016611295681063),
INFO:flwr:	               (28, 0.5016611295681063),
[92mINFO [0m:      	               (29, 0.5935828877005348),
INFO:flwr:	               (29, 0.5935828877005348),
[92mINFO [0m:      	               (30, 0.5224274406332454),
INFO:flwr:	               (30, 0.5224274406332454),
[92mINFO [0m:      	               (31, 0.5730880929332043),
INFO:flwr:	               (31, 0.5730880929332043),
[92mINFO [0m:      	               (32, 0.5537270087124879),
INFO:flwr:	               (32, 0.5537270087124879),
[92mINFO [0m:      	               (33, 0.5963511972633978),
INFO:flwr:	               (33, 0.5963511972633978),
[92mINFO [0m:      	               (34, 0.5953947368421053),
INFO:flwr:	               (34, 0.5953947368421053),
[92mINFO [0m:      	               (35, 0.5765575501583949),
INFO:flwr:	               (35, 0.5765575501583949),
[92mINFO [0m:      	               (36, 0.5409836065573771),
INFO:flwr:	               (36, 0.5409836065573771),
[92mINFO [0m:      	               (37, 0.6111111111111113),
INFO:flwr:	               (37, 0.6111111111111113),
[92mINFO [0m:      	               (38, 0.5386819484240688),
INFO:flwr:	               (38, 0.5386819484240688),
[92mINFO [0m:      	               (39, 0.6078431372549018),
INFO:flwr:	               (39, 0.6078431372549018),
[92mINFO [0m:      	               (40, 0.5316934720908232),
INFO:flwr:	               (40, 0.5316934720908232),
[92mINFO [0m:      	               (41, 0.6291866028708134),
INFO:flwr:	               (41, 0.6291866028708134),
[92mINFO [0m:      	               (42, 0.5951859956236323),
INFO:flwr:	               (42, 0.5951859956236323),
[92mINFO [0m:      	               (43, 0.5428571428571428),
INFO:flwr:	               (43, 0.5428571428571428),
[92mINFO [0m:      	               (44, 0.593296089385475),
INFO:flwr:	               (44, 0.593296089385475),
[92mINFO [0m:      	               (45, 0.609392898052692),
INFO:flwr:	               (45, 0.609392898052692),
[92mINFO [0m:      	               (46, 0.5358948432760363),
INFO:flwr:	               (46, 0.5358948432760363),
[92mINFO [0m:      	               (47, 0.6378865979381443),
INFO:flwr:	               (47, 0.6378865979381443),
[92mINFO [0m:      	               (48, 0.617046818727491),
INFO:flwr:	               (48, 0.617046818727491),
[92mINFO [0m:      	               (49, 0.5949367088607594),
INFO:flwr:	               (49, 0.5949367088607594),
[92mINFO [0m:      	               (50, 0.6079346557759626)],
INFO:flwr:	               (50, 0.6079346557759626)],
[92mINFO [0m:      	 'recall': [(1, 0.5281818181818182),
INFO:flwr:	 'recall': [(1, 0.5281818181818182),
[92mINFO [0m:      	            (2, 0.5654545454545455),
INFO:flwr:	            (2, 0.5654545454545455),
[92mINFO [0m:      	            (3, 0.6281818181818182),
INFO:flwr:	            (3, 0.6281818181818182),
[92mINFO [0m:      	            (4, 0.550909090909091),
INFO:flwr:	            (4, 0.550909090909091),
[92mINFO [0m:      	            (5, 0.5972727272727274),
INFO:flwr:	            (5, 0.5972727272727274),
[92mINFO [0m:      	            (6, 0.5681818181818182),
INFO:flwr:	            (6, 0.5681818181818182),
[92mINFO [0m:      	            (7, 0.5472727272727272),
INFO:flwr:	            (7, 0.5472727272727272),
[92mINFO [0m:      	            (8, 0.550909090909091),
INFO:flwr:	            (8, 0.550909090909091),
[92mINFO [0m:      	            (9, 0.5718181818181818),
INFO:flwr:	            (9, 0.5718181818181818),
[92mINFO [0m:      	            (10, 0.559090909090909),
INFO:flwr:	            (10, 0.559090909090909),
[92mINFO [0m:      	            (11, 0.569090909090909),
INFO:flwr:	            (11, 0.569090909090909),
[92mINFO [0m:      	            (12, 0.5654545454545455),
INFO:flwr:	            (12, 0.5654545454545455),
[92mINFO [0m:      	            (13, 0.5809090909090909),
INFO:flwr:	            (13, 0.5809090909090909),
[92mINFO [0m:      	            (14, 0.5663636363636364),
INFO:flwr:	            (14, 0.5663636363636364),
[92mINFO [0m:      	            (15, 0.5809090909090909),
INFO:flwr:	            (15, 0.5809090909090909),
[92mINFO [0m:      	            (16, 0.5645454545454545),
INFO:flwr:	            (16, 0.5645454545454545),
[92mINFO [0m:      	            (17, 0.5554545454545455),
INFO:flwr:	            (17, 0.5554545454545455),
[92mINFO [0m:      	            (18, 0.5963636363636363),
INFO:flwr:	            (18, 0.5963636363636363),
[92mINFO [0m:      	            (19, 0.5781818181818181),
INFO:flwr:	            (19, 0.5781818181818181),
[92mINFO [0m:      	            (20, 0.5409090909090909),
INFO:flwr:	            (20, 0.5409090909090909),
[92mINFO [0m:      	            (21, 0.5663636363636364),
INFO:flwr:	            (21, 0.5663636363636364),
[92mINFO [0m:      	            (22, 0.550909090909091),
INFO:flwr:	            (22, 0.550909090909091),
[92mINFO [0m:      	            (23, 0.5354545454545454),
INFO:flwr:	            (23, 0.5354545454545454),
[92mINFO [0m:      	            (24, 0.5554545454545455),
INFO:flwr:	            (24, 0.5554545454545455),
[92mINFO [0m:      	            (25, 0.5290909090909091),
INFO:flwr:	            (25, 0.5290909090909091),
[92mINFO [0m:      	            (26, 0.5354545454545454),
INFO:flwr:	            (26, 0.5354545454545454),
[92mINFO [0m:      	            (27, 0.5354545454545454),
INFO:flwr:	            (27, 0.5354545454545454),
[92mINFO [0m:      	            (28, 0.5490909090909091),
INFO:flwr:	            (28, 0.5490909090909091),
[92mINFO [0m:      	            (29, 0.5045454545454545),
INFO:flwr:	            (29, 0.5045454545454545),
[92mINFO [0m:      	            (30, 0.5400000000000001),
INFO:flwr:	            (30, 0.5400000000000001),
[92mINFO [0m:      	            (31, 0.5381818181818182),
INFO:flwr:	            (31, 0.5381818181818182),
[92mINFO [0m:      	            (32, 0.52),
INFO:flwr:	            (32, 0.52),
[92mINFO [0m:      	            (33, 0.47545454545454546),
INFO:flwr:	            (33, 0.47545454545454546),
[92mINFO [0m:      	            (34, 0.49363636363636365),
INFO:flwr:	            (34, 0.49363636363636365),
[92mINFO [0m:      	            (35, 0.4963636363636364),
INFO:flwr:	            (35, 0.4963636363636364),
[92mINFO [0m:      	            (36, 0.51),
INFO:flwr:	            (36, 0.51),
[92mINFO [0m:      	            (37, 0.5),
INFO:flwr:	            (37, 0.5),
[92mINFO [0m:      	            (38, 0.5127272727272727),
INFO:flwr:	            (38, 0.5127272727272727),
[92mINFO [0m:      	            (39, 0.479090909090909),
INFO:flwr:	            (39, 0.479090909090909),
[92mINFO [0m:      	            (40, 0.5109090909090909),
INFO:flwr:	            (40, 0.5109090909090909),
[92mINFO [0m:      	            (41, 0.4781818181818182),
INFO:flwr:	            (41, 0.4781818181818182),
[92mINFO [0m:      	            (42, 0.4945454545454546),
INFO:flwr:	            (42, 0.4945454545454546),
[92mINFO [0m:      	            (43, 0.5009090909090909),
INFO:flwr:	            (43, 0.5009090909090909),
[92mINFO [0m:      	            (44, 0.4827272727272727),
INFO:flwr:	            (44, 0.4827272727272727),
[92mINFO [0m:      	            (45, 0.48363636363636364),
INFO:flwr:	            (45, 0.48363636363636364),
[92mINFO [0m:      	            (46, 0.48181818181818176),
INFO:flwr:	            (46, 0.48181818181818176),
[92mINFO [0m:      	            (47, 0.45),
INFO:flwr:	            (47, 0.45),
[92mINFO [0m:      	            (48, 0.46727272727272723),
INFO:flwr:	            (48, 0.46727272727272723),
[92mINFO [0m:      	            (49, 0.47),
INFO:flwr:	            (49, 0.47),
[92mINFO [0m:      	            (50, 0.47363636363636363)]}
INFO:flwr:	            (50, 0.47363636363636363)]}
[92mINFO [0m:      
INFO:flwr:

Training complete in 642.5s (12.9s/round)

[Ray cleanup] Shutting down Ray...
[36m(ClientAppActor pid=390917)[0m [Client 2] Training on NVIDIA GeForce RTX 3060[32m [repeated 4x across cluster][0m
[36m(ClientAppActor pid=390917)[0m [93mWARNING [0m:   DEPRECATED FEATURE: `client_fn` now expects a signature `def client_fn(context: Context)`.The provided `client_fn` has signature: {'cid': <Parameter "cid: str">}. You can import the `Context` like this: `from flwr.app import Context`[32m [repeated 7x across cluster][0m
[36m(ClientAppActor pid=390917)[0m             This is a deprecated feature. It will be removed[32m [repeated 7x across cluster][0m
[36m(ClientAppActor pid=390917)[0m             entirely in future versions of Flower.[32m [repeated 7x across cluster][0m
[Ray cleanup] Ray shutdown complete.
Metrics saved to: ./results/seed_54/Ablation_NoL3_ModelReplace20pct.json
Model checkpoint saved to: ./results/seed_54/models/Ablation_NoL3_ModelReplace20pct.pt
